instance_id,split,size,protocol,method,solver_method,seed,status,objective,primal_bound,dual_bound,gap,wall_time,presolve_time,solve_time,solve_time_after_presolve,nodes,lp_iterations,primal_dual_integral,first_solution_time,branch_decisions,rl_inference_total,rl_inference_mean,rl_inference_max,fallback_count,illegal_actions,legality_checks,n_vars,n_int_vars,n_constraints,active_branching_rule,node_selection_rule,threads,time_limit,node_limit,has_solution,solution_feasible,return_code,json_path,log_path,branch_log_path
real_08,validation,medium,controlled-bbmdp,default,default,0,time_limit,,,0.0096121,,30.373319335,1.433079,30.012748,28.579669,15,13249,3001.2743,,0,0,0,0,0,0,0,27094,2880,65069,relpscost,dfs,1,30,-1,False,False,0,results/final/raw/controlled-bbmdp/real_08/controlled-bbmdp__real_08__default__seed0.json,results/final/raw/controlled-bbmdp/real_08/controlled-bbmdp__real_08__default__seed0.log,
real_08,validation,medium,controlled-bbmdp,default,default,1,optimal,0.00961209999999999,0.00961209999999999,0.00961209999999999,0,18.232390175,1.655498,17.777664,16.122166,1,9350,1771.1681,17.69105,0,0,0,0,0,0,0,27094,2880,65069,relpscost,dfs,1,30,-1,True,True,0,results/final/raw/controlled-bbmdp/real_08/controlled-bbmdp__real_08__default__seed1.json,results/final/raw/controlled-bbmdp/real_08/controlled-bbmdp__real_08__default__seed1.log,
real_08,validation,medium,controlled-bbmdp,default,default,2,optimal,0.00961209999999999,0.00961209999999999,0.00961209999999999,0,20.787804608,1.639059,20.338275,18.699216,1,12476,2027.0378,20.249961,0,0,0,0,0,0,0,27094,2880,65069,relpscost,dfs,1,30,-1,True,True,0,results/final/raw/controlled-bbmdp/real_08/controlled-bbmdp__real_08__default__seed2.json,results/final/raw/controlled-bbmdp/real_08/controlled-bbmdp__real_08__default__seed2.log,
real_08,validation,medium,controlled-bbmdp,default,default,3,optimal,0.00961209999999999,0.00961209999999999,0.00961209999999999,0,20.797972419,1.780687,20.2813,18.500613,1,9441,2021.6627,20.195981,0,0,0,0,0,0,0,27094,2880,65069,relpscost,dfs,1,30,-1,True,True,0,results/final/raw/controlled-bbmdp/real_08/controlled-bbmdp__real_08__default__seed3.json,results/final/raw/controlled-bbmdp/real_08/controlled-bbmdp__real_08__default__seed3.log,
real_08,validation,medium,controlled-bbmdp,default,default,4,time_limit,,,0.0096121,,30.399260349,1.636998,30.009046,28.372048,9,11660,3000.9042,,0,0,0,0,0,0,0,27094,2880,65069,relpscost,dfs,1,30,-1,False,False,0,results/final/raw/controlled-bbmdp/real_08/controlled-bbmdp__real_08__default__seed4.json,results/final/raw/controlled-bbmdp/real_08/controlled-bbmdp__real_08__default__seed4.log,
real_08,validation,medium,controlled-bbmdp,relpscost,relpscost,0,time_limit,,,0.0096121,,30.362640305,1.440928,30.000661,28.559733,15,13249,3000.0656,,0,0,0,0,0,0,0,27094,2880,65069,relpscost,dfs,1,30,-1,False,False,0,results/final/raw/controlled-bbmdp/real_08/controlled-bbmdp__real_08__relpscost__seed0.json,results/final/raw/controlled-bbmdp/real_08/controlled-bbmdp__real_08__relpscost__seed0.log,
real_08,validation,medium,controlled-bbmdp,relpscost,relpscost,1,optimal,0.00961209999999999,0.00961209999999999,0.00961209999999999,0,18.268697342,1.642279,17.817242,16.174963,1,9350,1775.195,17.731558,0,0,0,0,0,0,0,27094,2880,65069,relpscost,dfs,1,30,-1,True,True,0,results/final/raw/controlled-bbmdp/real_08/controlled-bbmdp__real_08__relpscost__seed1.json,results/final/raw/controlled-bbmdp/real_08/controlled-bbmdp__real_08__relpscost__seed1.log,
real_08,validation,medium,controlled-bbmdp,relpscost,relpscost,2,optimal,0.00961209999999999,0.00961209999999999,0.00961209999999999,0,21.029386613,1.668097,20.442354,18.774257,1,12476,2037.5376,20.354093,0,0,0,0,0,0,0,27094,2880,65069,relpscost,dfs,1,30,-1,True,True,0,results/final/raw/controlled-bbmdp/real_08/controlled-bbmdp__real_08__relpscost__seed2.json,results/final/raw/controlled-bbmdp/real_08/controlled-bbmdp__real_08__relpscost__seed2.log,
real_08,validation,medium,controlled-bbmdp,relpscost,relpscost,3,optimal,0.00961209999999999,0.00961209999999999,0.00961209999999999,0,20.671550875,1.635172,20.21622,18.581048,1,9441,2015.1677,20.131448,0,0,0,0,0,0,0,27094,2880,65069,relpscost,dfs,1,30,-1,True,True,0,results/final/raw/controlled-bbmdp/real_08/controlled-bbmdp__real_08__relpscost__seed3.json,results/final/raw/controlled-bbmdp/real_08/controlled-bbmdp__real_08__relpscost__seed3.log,
real_08,validation,medium,controlled-bbmdp,relpscost,relpscost,4,time_limit,,,0.0096121,,30.591846416,1.717969,30.011643,28.293674,9,11660,3001.1638,,0,0,0,0,0,0,0,27094,2880,65069,relpscost,dfs,1,30,-1,False,False,0,results/final/raw/controlled-bbmdp/real_08/controlled-bbmdp__real_08__relpscost__seed4.json,results/final/raw/controlled-bbmdp/real_08/controlled-bbmdp__real_08__relpscost__seed4.log,
real_08,validation,medium,controlled-bbmdp,random,random,0,optimal,0.0096121,0.0096121,0.0096121,0,20.278422326,1.447897,19.868559,18.420662,86,13493,1986.3996,19.85958,0,0,0,0,0,0,0,27094,2880,65069,random,dfs,1,30,-1,True,True,0,results/final/raw/controlled-bbmdp/real_08/controlled-bbmdp__real_08__random__seed0.json,results/final/raw/controlled-bbmdp/real_08/controlled-bbmdp__real_08__random__seed0.log,
real_08,validation,medium,controlled-bbmdp,random,random,1,optimal,0.00961209999999999,0.00961209999999999,0.00961209999999999,0,18.173026023,1.634345,17.719553,16.085208,1,9350,1765.3834,17.63338,0,0,0,0,0,0,0,27094,2880,65069,random,dfs,1,30,-1,True,True,0,results/final/raw/controlled-bbmdp/real_08/controlled-bbmdp__real_08__random__seed1.json,results/final/raw/controlled-bbmdp/real_08/controlled-bbmdp__real_08__random__seed1.log,
real_08,validation,medium,controlled-bbmdp,random,random,2,optimal,0.00961209999999999,0.00961209999999999,0.00961209999999999,0,20.730522245,1.629995,20.27355,18.643555,1,12476,2020.489,20.183388,0,0,0,0,0,0,0,27094,2880,65069,random,dfs,1,30,-1,True,True,0,results/final/raw/controlled-bbmdp/real_08/controlled-bbmdp__real_08__random__seed2.json,results/final/raw/controlled-bbmdp/real_08/controlled-bbmdp__real_08__random__seed2.log,
real_08,validation,medium,controlled-bbmdp,random,random,3,optimal,0.00961209999999999,0.00961209999999999,0.00961209999999999,0,20.515857782,1.649416,20.062258,18.412842,1,9441,1999.8572,19.978292,0,0,0,0,0,0,0,27094,2880,65069,random,dfs,1,30,-1,True,True,0,results/final/raw/controlled-bbmdp/real_08/controlled-bbmdp__real_08__random__seed3.json,results/final/raw/controlled-bbmdp/real_08/controlled-bbmdp__real_08__random__seed3.log,
real_08,validation,medium,controlled-bbmdp,random,random,4,optimal,0.00961209999999999,0.00961209999999999,0.00961209999999999,0,23.242232405,1.628665,22.790664,21.161999,53,11770,2272.7772,22.706903,0,0,0,0,0,0,0,27094,2880,65069,random,dfs,1,30,-1,True,True,0,results/final/raw/controlled-bbmdp/real_08/controlled-bbmdp__real_08__random__seed4.json,results/final/raw/controlled-bbmdp/real_08/controlled-bbmdp__real_08__random__seed4.log,
real_08,validation,medium,controlled-bbmdp,mostinf,mostinf,0,optimal,0.0096121,0.0096121,0.0096121,0,19.918634276,1.430686,19.514569,18.083883,74,13271,1949.7996,19.481778,0,0,0,0,0,0,0,27094,2880,65069,mostinf,dfs,1,30,-1,True,True,0,results/final/raw/controlled-bbmdp/real_08/controlled-bbmdp__real_08__mostinf__seed0.json,results/final/raw/controlled-bbmdp/real_08/controlled-bbmdp__real_08__mostinf__seed0.log,
real_08,validation,medium,controlled-bbmdp,mostinf,mostinf,1,optimal,0.00961209999999999,0.00961209999999999,0.00961209999999999,0,18.167063542,1.632503,17.718729,16.086226,1,9350,1765.3591,17.633124,0,0,0,0,0,0,0,27094,2880,65069,mostinf,dfs,1,30,-1,True,True,0,results/final/raw/controlled-bbmdp/real_08/controlled-bbmdp__real_08__mostinf__seed1.json,results/final/raw/controlled-bbmdp/real_08/controlled-bbmdp__real_08__mostinf__seed1.log,
real_08,validation,medium,controlled-bbmdp,mostinf,mostinf,2,optimal,0.00961209999999999,0.00961209999999999,0.00961209999999999,0,20.683487944,1.639832,20.229473,18.589641,1,12476,2016.363,20.143325,0,0,0,0,0,0,0,27094,2880,65069,mostinf,dfs,1,30,-1,True,True,0,results/final/raw/controlled-bbmdp/real_08/controlled-bbmdp__real_08__mostinf__seed2.json,results/final/raw/controlled-bbmdp/real_08/controlled-bbmdp__real_08__mostinf__seed2.log,
real_08,validation,medium,controlled-bbmdp,mostinf,mostinf,3,optimal,0.00961209999999999,0.00961209999999999,0.00961209999999999,0,20.560367598,1.62894,20.103656,18.474716,1,9441,2003.9182,20.017679,0,0,0,0,0,0,0,27094,2880,65069,mostinf,dfs,1,30,-1,True,True,0,results/final/raw/controlled-bbmdp/real_08/controlled-bbmdp__real_08__mostinf__seed3.json,results/final/raw/controlled-bbmdp/real_08/controlled-bbmdp__real_08__mostinf__seed3.log,
real_08,validation,medium,controlled-bbmdp,mostinf,mostinf,4,optimal,0.0096121,0.0096121,0.0096121,0,23.936227216,1.655449,23.48775,21.832301,78,11883,2347.0285,23.451953,0,0,0,0,0,0,0,27094,2880,65069,mostinf,dfs,1,30,-1,True,True,0,results/final/raw/controlled-bbmdp/real_08/controlled-bbmdp__real_08__mostinf__seed4.json,results/final/raw/controlled-bbmdp/real_08/controlled-bbmdp__real_08__mostinf__seed4.log,
real_08,validation,medium,controlled-bbmdp,rl-mlp,rl-mlp,0,time_limit,,,0.0096121,,30.957647508,1.424638,30.044262,28.619624,102,13137,3004.4256,,101,0.042734845,0.000423117277227723,0.000547058,0,0,101,27094,2880,65069,rlmlp,dfs,1,30,-1,False,False,0,results/final/raw/controlled-bbmdp/real_08/controlled-bbmdp__real_08__rl-mlp__seed0.json,results/final/raw/controlled-bbmdp/real_08/controlled-bbmdp__real_08__rl-mlp__seed0.log,results/final/raw/controlled-bbmdp/real_08/controlled-bbmdp__real_08__rl-mlp__seed0.branches.csv
real_08,validation,medium,controlled-bbmdp,rl-mlp,rl-mlp,1,optimal,0.00961209999999999,0.00961209999999999,0.00961209999999999,0,18.709975208,1.727791,17.963419,16.235628,1,9350,1789.6315,17.87481,0,0,0,0,0,0,0,27094,2880,65069,rlmlp,dfs,1,30,-1,True,True,0,results/final/raw/controlled-bbmdp/real_08/controlled-bbmdp__real_08__rl-mlp__seed1.json,results/final/raw/controlled-bbmdp/real_08/controlled-bbmdp__real_08__rl-mlp__seed1.log,results/final/raw/controlled-bbmdp/real_08/controlled-bbmdp__real_08__rl-mlp__seed1.branches.csv
real_08,validation,medium,controlled-bbmdp,rl-mlp,rl-mlp,2,optimal,0.00961209999999999,0.00961209999999999,0.00961209999999999,0,21.529850823,1.75515,20.392138,18.636988,1,12476,2032.3849,20.303429,0,0,0,0,0,0,0,27094,2880,65069,rlmlp,dfs,1,30,-1,True,True,0,results/final/raw/controlled-bbmdp/real_08/controlled-bbmdp__real_08__rl-mlp__seed2.json,results/final/raw/controlled-bbmdp/real_08/controlled-bbmdp__real_08__rl-mlp__seed2.log,results/final/raw/controlled-bbmdp/real_08/controlled-bbmdp__real_08__rl-mlp__seed2.branches.csv
real_08,validation,medium,controlled-bbmdp,rl-mlp,rl-mlp,3,optimal,0.00961209999999999,0.00961209999999999,0.00961209999999999,0,20.927919965,1.627865,19.985202,18.357337,1,9441,1991.7795,19.896289,0,0,0,0,0,0,0,27094,2880,65069,rlmlp,dfs,1,30,-1,True,True,0,results/final/raw/controlled-bbmdp/real_08/controlled-bbmdp__real_08__rl-mlp__seed3.json,results/final/raw/controlled-bbmdp/real_08/controlled-bbmdp__real_08__rl-mlp__seed3.log,results/final/raw/controlled-bbmdp/real_08/controlled-bbmdp__real_08__rl-mlp__seed3.branches.csv
real_08,validation,medium,controlled-bbmdp,rl-mlp,rl-mlp,4,time_limit,,,0.0096121,,30.988780047,1.779116,30.047809,28.268693,102,11812,3004.7802,,101,0.041388615,0.000409788267326732,0.001580989,0,0,101,27094,2880,65069,rlmlp,dfs,1,30,-1,False,False,0,results/final/raw/controlled-bbmdp/real_08/controlled-bbmdp__real_08__rl-mlp__seed4.json,results/final/raw/controlled-bbmdp/real_08/controlled-bbmdp__real_08__rl-mlp__seed4.log,results/final/raw/controlled-bbmdp/real_08/controlled-bbmdp__real_08__rl-mlp__seed4.branches.csv
real_08,validation,medium,controlled-bbmdp,rl-gcnn,rl-gcnn,0,optimal,0.00961209999999999,0.00961209999999999,0.00961209999999999,0,27.063685553,1.454268,24.659676,23.205408,51,13280,2460.5836,24.575476,51,3.309744656,0.0648969540392157,1.444836145,0,0,51,27094,2880,65069,rlgcnn,dfs,1,30,-1,True,True,0,results/final/raw/controlled-bbmdp/real_08/controlled-bbmdp__real_08__rl-gcnn__seed0.json,results/final/raw/controlled-bbmdp/real_08/controlled-bbmdp__real_08__rl-gcnn__seed0.log,results/final/raw/controlled-bbmdp/real_08/controlled-bbmdp__real_08__rl-gcnn__seed0.branches.csv
real_08,validation,medium,controlled-bbmdp,rl-gcnn,rl-gcnn,1,optimal,0.00961209999999999,0.00961209999999999,0.00961209999999999,0,20.082381049,1.618293,17.743509,16.125216,1,9350,1766.7783,17.629318,0,0,0,0,0,0,0,27094,2880,65069,rlgcnn,dfs,1,30,-1,True,True,0,results/final/raw/controlled-bbmdp/real_08/controlled-bbmdp__real_08__rl-gcnn__seed1.json,results/final/raw/controlled-bbmdp/real_08/controlled-bbmdp__real_08__rl-gcnn__seed1.log,results/final/raw/controlled-bbmdp/real_08/controlled-bbmdp__real_08__rl-gcnn__seed1.branches.csv
real_08,validation,medium,controlled-bbmdp,rl-gcnn,rl-gcnn,2,optimal,0.00961209999999999,0.00961209999999999,0.00961209999999999,0,22.735965575,1.636042,20.365643,18.729601,1,12476,2028.3769,20.26174,0,0,0,0,0,0,0,27094,2880,65069,rlgcnn,dfs,1,30,-1,True,True,0,results/final/raw/controlled-bbmdp/real_08/controlled-bbmdp__real_08__rl-gcnn__seed2.json,results/final/raw/controlled-bbmdp/real_08/controlled-bbmdp__real_08__rl-gcnn__seed2.log,results/final/raw/controlled-bbmdp/real_08/controlled-bbmdp__real_08__rl-gcnn__seed2.branches.csv
real_08,validation,medium,controlled-bbmdp,rl-gcnn,rl-gcnn,3,optimal,0.00961209999999999,0.00961209999999999,0.00961209999999999,0,22.609052746,1.630414,20.070746,18.440332,1,9441,2000.6026,19.982928,0,0,0,0,0,0,0,27094,2880,65069,rlgcnn,dfs,1,30,-1,True,True,0,results/final/raw/controlled-bbmdp/real_08/controlled-bbmdp__real_08__rl-gcnn__seed3.json,results/final/raw/controlled-bbmdp/real_08/controlled-bbmdp__real_08__rl-gcnn__seed3.log,results/final/raw/controlled-bbmdp/real_08/controlled-bbmdp__real_08__rl-gcnn__seed3.branches.csv
real_08,validation,medium,controlled-bbmdp,rl-gcnn,rl-gcnn,4,time_limit,,,0.0096121,,32.387215284,1.650488,30.019658,28.36917,63,11771,3001.9633,,63,3.314788846,0.052615695968254,1.447323066,0,0,63,27094,2880,65069,rlgcnn,dfs,1,30,-1,False,False,0,results/final/raw/controlled-bbmdp/real_08/controlled-bbmdp__real_08__rl-gcnn__seed4.json,results/final/raw/controlled-bbmdp/real_08/controlled-bbmdp__real_08__rl-gcnn__seed4.log,results/final/raw/controlled-bbmdp/real_08/controlled-bbmdp__real_08__rl-gcnn__seed4.branches.csv
real_09,test,small,controlled-bbmdp,default,default,0,optimal,0.0022776,0.0022776,0.0022776,0,3.873426061,0.450216,3.726472,3.276256,7,3579,170.527312829521,0.730257,0,0,0,0,0,0,0,10746,2668,22075,relpscost,dfs,1,30,-1,True,True,0,results/final/raw/controlled-bbmdp/real_09/controlled-bbmdp__real_09__default__seed0.json,results/final/raw/controlled-bbmdp/real_09/controlled-bbmdp__real_09__default__seed0.log,
real_09,test,small,controlled-bbmdp,default,default,1,optimal,0.0022776,0.0022776,0.0022776,0,0.955551619,0.495111,0.802808,0.307697,1,1907,78.9000131704111,0.740088,0,0,0,0,0,0,0,10746,2668,22075,relpscost,dfs,1,30,-1,True,True,0,results/final/raw/controlled-bbmdp/real_09/controlled-bbmdp__real_09__default__seed1.json,results/final/raw/controlled-bbmdp/real_09/controlled-bbmdp__real_09__default__seed1.log,
real_09,test,small,controlled-bbmdp,default,default,2,optimal,0.0022776,0.0022776,0.0022776,0,1.516872786,0.489473,1.358059,0.868586,1,2025,94.1979131380886,0.714761,0,0,0,0,0,0,0,10746,2668,22075,relpscost,dfs,1,30,-1,True,True,0,results/final/raw/controlled-bbmdp/real_09/controlled-bbmdp__real_09__default__seed2.json,results/final/raw/controlled-bbmdp/real_09/controlled-bbmdp__real_09__default__seed2.log,
real_09,test,small,controlled-bbmdp,default,default,3,optimal,0.0022776,0.0022776,0.0022776,0,1.843608826,0.49457,1.685124,1.190554,1,2906,108.85354659736,0.779639,0,0,0,0,0,0,0,10746,2668,22075,relpscost,dfs,1,30,-1,True,True,0,results/final/raw/controlled-bbmdp/real_09/controlled-bbmdp__real_09__default__seed3.json,results/final/raw/controlled-bbmdp/real_09/controlled-bbmdp__real_09__default__seed3.log,
real_09,test,small,controlled-bbmdp,default,default,4,optimal,0.0022776,0.0022776,0.0022776,0,1.6563404,0.492096,1.497761,1.005665,1,2006,99.4059038307032,0.731093,0,0,0,0,0,0,0,10746,2668,22075,relpscost,dfs,1,30,-1,True,True,0,results/final/raw/controlled-bbmdp/real_09/controlled-bbmdp__real_09__default__seed4.json,results/final/raw/controlled-bbmdp/real_09/controlled-bbmdp__real_09__default__seed4.log,
real_09,test,small,controlled-bbmdp,relpscost,relpscost,0,optimal,0.0022776,0.0022776,0.0022776,0,3.885749112,0.458194,3.736282,3.278088,7,3579,171.586789902369,0.740787,0,0,0,0,0,0,0,10746,2668,22075,relpscost,dfs,1,30,-1,True,True,0,results/final/raw/controlled-bbmdp/real_09/controlled-bbmdp__real_09__relpscost__seed0.json,results/final/raw/controlled-bbmdp/real_09/controlled-bbmdp__real_09__relpscost__seed0.log,
real_09,test,small,controlled-bbmdp,relpscost,relpscost,1,optimal,0.0022776,0.0022776,0.0022776,0,0.953936879,0.492102,0.799844,0.307742,1,1907,78.5285687085088,0.733793,0,0,0,0,0,0,0,10746,2668,22075,relpscost,dfs,1,30,-1,True,True,0,results/final/raw/controlled-bbmdp/real_09/controlled-bbmdp__real_09__relpscost__seed1.json,results/final/raw/controlled-bbmdp/real_09/controlled-bbmdp__real_09__relpscost__seed1.log,
real_09,test,small,controlled-bbmdp,relpscost,relpscost,2,optimal,0.0022776,0.0022776,0.0022776,0,1.539358462,0.489704,1.37413,0.884426,1,2025,94.7679792523882,0.716698,0,0,0,0,0,0,0,10746,2668,22075,relpscost,dfs,1,30,-1,True,True,0,results/final/raw/controlled-bbmdp/real_09/controlled-bbmdp__real_09__relpscost__seed2.json,results/final/raw/controlled-bbmdp/real_09/controlled-bbmdp__real_09__relpscost__seed2.log,
real_09,test,small,controlled-bbmdp,relpscost,relpscost,3,optimal,0.0022776,0.0022776,0.0022776,0,1.865344328,0.497045,1.706276,1.209231,1,2906,109.989701317454,0.785491,0,0,0,0,0,0,0,10746,2668,22075,relpscost,dfs,1,30,-1,True,True,0,results/final/raw/controlled-bbmdp/real_09/controlled-bbmdp__real_09__relpscost__seed3.json,results/final/raw/controlled-bbmdp/real_09/controlled-bbmdp__real_09__relpscost__seed3.log,
real_09,test,small,controlled-bbmdp,relpscost,relpscost,4,optimal,0.0022776,0.0022776,0.0022776,0,1.684605866,0.500107,1.525113,1.025006,1,2006,101.400230297443,0.744214,0,0,0,0,0,0,0,10746,2668,22075,relpscost,dfs,1,30,-1,True,True,0,results/final/raw/controlled-bbmdp/real_09/controlled-bbmdp__real_09__relpscost__seed4.json,results/final/raw/controlled-bbmdp/real_09/controlled-bbmdp__real_09__relpscost__seed4.log,
real_09,test,small,controlled-bbmdp,random,random,0,optimal,0.0022776,0.0022776,0.0022776,0,2.279153599,0.461651,2.131692,1.670041,21,3579,121.426158157235,0.743356,0,0,0,0,0,0,0,10746,2668,22075,random,dfs,1,30,-1,True,True,0,results/final/raw/controlled-bbmdp/real_09/controlled-bbmdp__real_09__random__seed0.json,results/final/raw/controlled-bbmdp/real_09/controlled-bbmdp__real_09__random__seed0.log,
real_09,test,small,controlled-bbmdp,random,random,1,optimal,0.0022776,0.0022776,0.0022776,0,0.977157253,0.499839,0.821807,0.321968,1,1907,80.6977994815709,0.754,0,0,0,0,0,0,0,10746,2668,22075,random,dfs,1,30,-1,True,True,0,results/final/raw/controlled-bbmdp/real_09/controlled-bbmdp__real_09__random__seed1.json,results/final/raw/controlled-bbmdp/real_09/controlled-bbmdp__real_09__random__seed1.log,
real_09,test,small,controlled-bbmdp,random,random,2,optimal,0.0022776,0.0022776,0.0022776,0,1.552276055,0.501545,1.390892,0.889347,1,2025,96.75976188045,0.736246,0,0,0,0,0,0,0,10746,2668,22075,random,dfs,1,30,-1,True,True,0,results/final/raw/controlled-bbmdp/real_09/controlled-bbmdp__real_09__random__seed2.json,results/final/raw/controlled-bbmdp/real_09/controlled-bbmdp__real_09__random__seed2.log,
real_09,test,small,controlled-bbmdp,random,random,3,optimal,0.0022776,0.0022776,0.0022776,0,1.893140976,0.500839,1.732983,1.232144,1,2906,111.727224850742,0.794384,0,0,0,0,0,0,0,10746,2668,22075,random,dfs,1,30,-1,True,True,0,results/final/raw/controlled-bbmdp/real_09/controlled-bbmdp__real_09__random__seed3.json,results/final/raw/controlled-bbmdp/real_09/controlled-bbmdp__real_09__random__seed3.log,
real_09,test,small,controlled-bbmdp,random,random,4,optimal,0.0022776,0.0022776,0.0022776,0,1.809875604,0.51523,1.618233,1.103003,1,2006,107.521814739772,0.789301,0,0,0,0,0,0,0,10746,2668,22075,random,dfs,1,30,-1,True,True,0,results/final/raw/controlled-bbmdp/real_09/controlled-bbmdp__real_09__random__seed4.json,results/final/raw/controlled-bbmdp/real_09/controlled-bbmdp__real_09__random__seed4.log,
real_09,test,small,controlled-bbmdp,mostinf,mostinf,0,optimal,0.0022776,0.0022776,0.0022776,0,2.370377508,0.46765,2.223028,1.755378,25,3601,125.901643910982,0.763417,0,0,0,0,0,0,0,10746,2668,22075,mostinf,dfs,1,30,-1,True,True,0,results/final/raw/controlled-bbmdp/real_09/controlled-bbmdp__real_09__mostinf__seed0.json,results/final/raw/controlled-bbmdp/real_09/controlled-bbmdp__real_09__mostinf__seed0.log,
real_09,test,small,controlled-bbmdp,mostinf,mostinf,1,optimal,0.0022776,0.0022776,0.0022776,0,0.964987974,0.498025,0.811659,0.313634,1,1907,79.7291214092086,0.747218,0,0,0,0,0,0,0,10746,2668,22075,mostinf,dfs,1,30,-1,True,True,0,results/final/raw/controlled-bbmdp/real_09/controlled-bbmdp__real_09__mostinf__seed1.json,results/final/raw/controlled-bbmdp/real_09/controlled-bbmdp__real_09__mostinf__seed1.log,
real_09,test,small,controlled-bbmdp,mostinf,mostinf,2,optimal,0.0022776,0.0022776,0.0022776,0,1.550709478,0.496103,1.389275,0.893172,1,2025,96.1835594017882,0.728787,0,0,0,0,0,0,0,10746,2668,22075,mostinf,dfs,1,30,-1,True,True,0,results/final/raw/controlled-bbmdp/real_09/controlled-bbmdp__real_09__mostinf__seed2.json,results/final/raw/controlled-bbmdp/real_09/controlled-bbmdp__real_09__mostinf__seed2.log,
real_09,test,small,controlled-bbmdp,mostinf,mostinf,3,optimal,0.0022776,0.0022776,0.0022776,0,1.857761153,0.489283,1.69807,1.208787,1,2906,109.492014337019,0.781553,0,0,0,0,0,0,0,10746,2668,22075,mostinf,dfs,1,30,-1,True,True,0,results/final/raw/controlled-bbmdp/real_09/controlled-bbmdp__real_09__mostinf__seed3.json,results/final/raw/controlled-bbmdp/real_09/controlled-bbmdp__real_09__mostinf__seed3.log,
real_09,test,small,controlled-bbmdp,mostinf,mostinf,4,optimal,0.0022776,0.0022776,0.0022776,0,1.68296551,0.494628,1.524455,1.029827,1,2006,100.86987544111,0.7386,0,0,0,0,0,0,0,10746,2668,22075,mostinf,dfs,1,30,-1,True,True,0,results/final/raw/controlled-bbmdp/real_09/controlled-bbmdp__real_09__mostinf__seed4.json,results/final/raw/controlled-bbmdp/real_09/controlled-bbmdp__real_09__mostinf__seed4.log,
real_09,test,small,controlled-bbmdp,strong,strong,0,optimal,0.0022776,0.0022776,0.0022776,0,6.740867031,0.460716,6.594276,6.13356,11,3578,261.906699039514,0.745624,0,0,0,0,0,0,0,10746,2668,22075,fullstrong,dfs,1,30,-1,True,True,0,results/final/raw/controlled-bbmdp/real_09/controlled-bbmdp__real_09__strong__seed0.json,results/final/raw/controlled-bbmdp/real_09/controlled-bbmdp__real_09__strong__seed0.log,
real_09,test,small,controlled-bbmdp,strong,strong,1,optimal,0.0022776,0.0022776,0.0022776,0,0.969478236,0.500031,0.816953,0.316922,1,1907,80.2626393837575,0.75125,0,0,0,0,0,0,0,10746,2668,22075,fullstrong,dfs,1,30,-1,True,True,0,results/final/raw/controlled-bbmdp/real_09/controlled-bbmdp__real_09__strong__seed1.json,results/final/raw/controlled-bbmdp/real_09/controlled-bbmdp__real_09__strong__seed1.log,
real_09,test,small,controlled-bbmdp,strong,strong,2,optimal,0.0022776,0.0022776,0.0022776,0,1.5259212,0.498884,1.365513,0.866629,1,2025,95.5223669188956,0.728805,0,0,0,0,0,0,0,10746,2668,22075,fullstrong,dfs,1,30,-1,True,True,0,results/final/raw/controlled-bbmdp/real_09/controlled-bbmdp__real_09__strong__seed2.json,results/final/raw/controlled-bbmdp/real_09/controlled-bbmdp__real_09__strong__seed2.log,
real_09,test,small,controlled-bbmdp,strong,strong,3,optimal,0.0022776,0.0022776,0.0022776,0,1.877057837,0.495283,1.715887,1.220604,1,2906,110.634963108836,0.789167,0,0,0,0,0,0,0,10746,2668,22075,fullstrong,dfs,1,30,-1,True,True,0,results/final/raw/controlled-bbmdp/real_09/controlled-bbmdp__real_09__strong__seed3.json,results/final/raw/controlled-bbmdp/real_09/controlled-bbmdp__real_09__strong__seed3.log,
real_09,test,small,controlled-bbmdp,strong,strong,4,optimal,0.0022776,0.0022776,0.0022776,0,1.683284735,0.501213,1.524005,1.022792,1,2006,101.34758210657,0.74397,0,0,0,0,0,0,0,10746,2668,22075,fullstrong,dfs,1,30,-1,True,True,0,results/final/raw/controlled-bbmdp/real_09/controlled-bbmdp__real_09__strong__seed4.json,results/final/raw/controlled-bbmdp/real_09/controlled-bbmdp__real_09__strong__seed4.log,
real_09,test,small,controlled-bbmdp,rl-mlp,rl-mlp,0,optimal,0.0022776,0.0022776,0.0022776,0,2.643713311,0.461691,2.108463,1.646772,15,3565,120.969124252644,0.743474,15,0.004936456,0.000329097066666667,0.001373777,0,0,15,10746,2668,22075,rlmlp,dfs,1,30,-1,True,True,0,results/final/raw/controlled-bbmdp/real_09/controlled-bbmdp__real_09__rl-mlp__seed0.json,results/final/raw/controlled-bbmdp/real_09/controlled-bbmdp__real_09__rl-mlp__seed0.log,results/final/raw/controlled-bbmdp/real_09/controlled-bbmdp__real_09__rl-mlp__seed0.branches.csv
real_09,test,small,controlled-bbmdp,rl-mlp,rl-mlp,1,optimal,0.0022776,0.0022776,0.0022776,0,1.266696651,0.506531,0.841847,0.335316,1,1907,82.4992102837864,0.767444,0,0,0,0,0,0,0,10746,2668,22075,rlmlp,dfs,1,30,-1,True,True,0,results/final/raw/controlled-bbmdp/real_09/controlled-bbmdp__real_09__rl-mlp__seed1.json,results/final/raw/controlled-bbmdp/real_09/controlled-bbmdp__real_09__rl-mlp__seed1.log,results/final/raw/controlled-bbmdp/real_09/controlled-bbmdp__real_09__rl-mlp__seed1.branches.csv
real_09,test,small,controlled-bbmdp,rl-mlp,rl-mlp,2,optimal,0.0022776,0.0022776,0.0022776,0,2.152446799,0.50012,1.384176,0.884056,1,2025,96.5773816535892,0.730275,0,0,0,0,0,0,0,10746,2668,22075,rlmlp,dfs,1,30,-1,True,True,0,results/final/raw/controlled-bbmdp/real_09/controlled-bbmdp__real_09__rl-mlp__seed2.json,results/final/raw/controlled-bbmdp/real_09/controlled-bbmdp__real_09__rl-mlp__seed2.log,results/final/raw/controlled-bbmdp/real_09/controlled-bbmdp__real_09__rl-mlp__seed2.branches.csv
real_09,test,small,controlled-bbmdp,rl-mlp,rl-mlp,3,optimal,0.0022776,0.0022776,0.0022776,0,2.350865682,0.495716,1.706384,1.210668,1,2906,110.697258336907,0.795167,0,0,0,0,0,0,0,10746,2668,22075,rlmlp,dfs,1,30,-1,True,True,0,results/final/raw/controlled-bbmdp/real_09/controlled-bbmdp__real_09__rl-mlp__seed3.json,results/final/raw/controlled-bbmdp/real_09/controlled-bbmdp__real_09__rl-mlp__seed3.log,results/final/raw/controlled-bbmdp/real_09/controlled-bbmdp__real_09__rl-mlp__seed3.branches.csv
real_09,test,small,controlled-bbmdp,rl-mlp,rl-mlp,4,optimal,0.0022776,0.0022776,0.0022776,0,2.088080117,0.497832,1.517006,1.019174,1,2006,101.08848184302,0.742696,0,0,0,0,0,0,0,10746,2668,22075,rlmlp,dfs,1,30,-1,True,True,0,results/final/raw/controlled-bbmdp/real_09/controlled-bbmdp__real_09__rl-mlp__seed4.json,results/final/raw/controlled-bbmdp/real_09/controlled-bbmdp__real_09__rl-mlp__seed4.log,results/final/raw/controlled-bbmdp/real_09/controlled-bbmdp__real_09__rl-mlp__seed4.branches.csv
real_09,test,small,controlled-bbmdp,rl-gcnn,rl-gcnn,0,optimal,0.0022776,0.0022776,0.0022776,0,7.38370786,0.462494,5.356798,4.894304,25,3625,223.060961876301,0.745219,22,2.762882268,0.125585557636364,1.428235488,0,0,22,10746,2668,22075,rlgcnn,dfs,1,30,-1,True,True,0,results/final/raw/controlled-bbmdp/real_09/controlled-bbmdp__real_09__rl-gcnn__seed0.json,results/final/raw/controlled-bbmdp/real_09/controlled-bbmdp__real_09__rl-gcnn__seed0.log,results/final/raw/controlled-bbmdp/real_09/controlled-bbmdp__real_09__rl-gcnn__seed0.branches.csv
real_09,test,small,controlled-bbmdp,rl-gcnn,rl-gcnn,1,optimal,0.0022776,0.0022776,0.0022776,0,2.72074818,0.488557,0.800088,0.311531,1,1907,78.5919754437608,0.735027,0,0,0,0,0,0,0,10746,2668,22075,rlgcnn,dfs,1,30,-1,True,True,0,results/final/raw/controlled-bbmdp/real_09/controlled-bbmdp__real_09__rl-gcnn__seed1.json,results/final/raw/controlled-bbmdp/real_09/controlled-bbmdp__real_09__rl-gcnn__seed1.log,results/final/raw/controlled-bbmdp/real_09/controlled-bbmdp__real_09__rl-gcnn__seed1.branches.csv
real_09,test,small,controlled-bbmdp,rl-gcnn,rl-gcnn,2,optimal,0.0022776,0.0022776,0.0022776,0,3.327702423,0.503327,1.39387,0.890543,1,2025,96.9693013236569,0.735723,0,0,0,0,0,0,0,10746,2668,22075,rlgcnn,dfs,1,30,-1,True,True,0,results/final/raw/controlled-bbmdp/real_09/controlled-bbmdp__real_09__rl-gcnn__seed2.json,results/final/raw/controlled-bbmdp/real_09/controlled-bbmdp__real_09__rl-gcnn__seed2.log,results/final/raw/controlled-bbmdp/real_09/controlled-bbmdp__real_09__rl-gcnn__seed2.branches.csv
real_09,test,small,controlled-bbmdp,rl-gcnn,rl-gcnn,3,optimal,0.0022776,0.0022776,0.0022776,0,3.759093118,0.496489,1.69376,1.197271,1,2906,109.772346184292,0.78764,0,0,0,0,0,0,0,10746,2668,22075,rlgcnn,dfs,1,30,-1,True,True,0,results/final/raw/controlled-bbmdp/real_09/controlled-bbmdp__real_09__rl-gcnn__seed3.json,results/final/raw/controlled-bbmdp/real_09/controlled-bbmdp__real_09__rl-gcnn__seed3.log,results/final/raw/controlled-bbmdp/real_09/controlled-bbmdp__real_09__rl-gcnn__seed3.branches.csv
real_09,test,small,controlled-bbmdp,rl-gcnn,rl-gcnn,4,optimal,0.0022776,0.0022776,0.0022776,0,3.645265215,0.501905,1.554242,1.052337,1,2006,102.058880353019,0.742896,0,0,0,0,0,0,0,10746,2668,22075,rlgcnn,dfs,1,30,-1,True,True,0,results/final/raw/controlled-bbmdp/real_09/controlled-bbmdp__real_09__rl-gcnn__seed4.json,results/final/raw/controlled-bbmdp/real_09/controlled-bbmdp__real_09__rl-gcnn__seed4.log,results/final/raw/controlled-bbmdp/real_09/controlled-bbmdp__real_09__rl-gcnn__seed4.branches.csv
real_01,transfer,medium,controlled-bbmdp,default,default,0,time_limit,,,2.93411,,30.959528847,2.155701,30.014005,27.858304,2,17237,3001.4001,,0,0,0,0,0,0,0,52708,1700,135556,relpscost,dfs,1,30,-1,False,False,0,results/final/raw/controlled-bbmdp/real_01/controlled-bbmdp__real_01__default__seed0.json,results/final/raw/controlled-bbmdp/real_01/controlled-bbmdp__real_01__default__seed0.log,
real_01,transfer,medium,controlled-bbmdp,default,default,1,time_limit,,,2.93411,,30.741768825,2.604113,30.023465,27.419352,4,13140,3002.346,,0,0,0,0,0,0,0,52708,1700,135556,relpscost,dfs,1,30,-1,False,False,0,results/final/raw/controlled-bbmdp/real_01/controlled-bbmdp__real_01__default__seed1.json,results/final/raw/controlled-bbmdp/real_01/controlled-bbmdp__real_01__default__seed1.log,
real_01,transfer,medium,controlled-bbmdp,default,default,2,time_limit,3.00177411,3.00177411,2.93411,0.0230612042493292,30.853077355,2.580782,30.025658,27.444876,4,14106,608.439037054588,5.527736,0,0,0,0,0,0,0,52708,1700,135556,relpscost,dfs,1,30,-1,True,True,0,results/final/raw/controlled-bbmdp/real_01/controlled-bbmdp__real_01__default__seed2.json,results/final/raw/controlled-bbmdp/real_01/controlled-bbmdp__real_01__default__seed2.log,
real_01,transfer,medium,controlled-bbmdp,default,default,3,time_limit,2.99681668,2.99681668,2.93411,0.0213716186509707,30.850646321,2.624302,30.010779,27.386477,6,11479,1035.67650065425,9.932012,0,0,0,0,0,0,0,52708,1700,135556,relpscost,dfs,1,30,-1,True,True,0,results/final/raw/controlled-bbmdp/real_01/controlled-bbmdp__real_01__default__seed3.json,results/final/raw/controlled-bbmdp/real_01/controlled-bbmdp__real_01__default__seed3.log,
real_01,transfer,medium,controlled-bbmdp,default,default,4,time_limit,3.5438986,3.5438986,2.93411,0.207827450231927,30.86102764,2.753071,30.02565,27.272579,8,13085,1215.60357439753,8.437472,0,0,0,0,0,0,0,52708,1700,135556,relpscost,dfs,1,30,-1,True,True,0,results/final/raw/controlled-bbmdp/real_01/controlled-bbmdp__real_01__default__seed4.json,results/final/raw/controlled-bbmdp/real_01/controlled-bbmdp__real_01__default__seed4.log,
real_01,transfer,medium,controlled-bbmdp,relpscost,relpscost,0,time_limit,,,2.93411,,30.686007499,2.164604,30.010831,27.846227,2,17237,3001.0827,,0,0,0,0,0,0,0,52708,1700,135556,relpscost,dfs,1,30,-1,False,False,0,results/final/raw/controlled-bbmdp/real_01/controlled-bbmdp__real_01__relpscost__seed0.json,results/final/raw/controlled-bbmdp/real_01/controlled-bbmdp__real_01__relpscost__seed0.log,
real_01,transfer,medium,controlled-bbmdp,relpscost,relpscost,1,time_limit,,,2.93411,,30.827415371,2.73013,30.115419,27.385289,3,13134,3011.5416,,0,0,0,0,0,0,0,52708,1700,135556,relpscost,dfs,1,30,-1,False,False,0,results/final/raw/controlled-bbmdp/real_01/controlled-bbmdp__real_01__relpscost__seed1.json,results/final/raw/controlled-bbmdp/real_01/controlled-bbmdp__real_01__relpscost__seed1.log,
real_01,transfer,medium,controlled-bbmdp,relpscost,relpscost,2,time_limit,3.00177411,3.00177411,2.93411,0.0230612042493292,30.846491685,2.571802,30.02415,27.452348,4,14106,609.32639586228,5.537045,0,0,0,0,0,0,0,52708,1700,135556,relpscost,dfs,1,30,-1,True,True,0,results/final/raw/controlled-bbmdp/real_01/controlled-bbmdp__real_01__relpscost__seed2.json,results/final/raw/controlled-bbmdp/real_01/controlled-bbmdp__real_01__relpscost__seed2.log,
real_01,transfer,medium,controlled-bbmdp,relpscost,relpscost,3,time_limit,2.99681668,2.99681668,2.93411,0.0213716186509707,30.849298885,2.663276,30.020151,27.356875,6,11479,1042.6095615391,10.002594,0,0,0,0,0,0,0,52708,1700,135556,relpscost,dfs,1,30,-1,True,True,0,results/final/raw/controlled-bbmdp/real_01/controlled-bbmdp__real_01__relpscost__seed3.json,results/final/raw/controlled-bbmdp/real_01/controlled-bbmdp__real_01__relpscost__seed3.log,
real_01,transfer,medium,controlled-bbmdp,relpscost,relpscost,4,time_limit,3.5438986,3.5438986,2.93411,0.207827450231927,30.848455533,2.621046,30.018582,27.397536,8,13085,1192.15118970312,8.15562,0,0,0,0,0,0,0,52708,1700,135556,relpscost,dfs,1,30,-1,True,True,0,results/final/raw/controlled-bbmdp/real_01/controlled-bbmdp__real_01__relpscost__seed4.json,results/final/raw/controlled-bbmdp/real_01/controlled-bbmdp__real_01__relpscost__seed4.log,
real_01,transfer,medium,controlled-bbmdp,random,random,0,time_limit,,,2.93411,,30.920949764,2.142517,30.24345,28.100933,51,17999,3024.3445,,0,0,0,0,0,0,0,52708,1700,135556,random,dfs,1,30,-1,False,False,0,results/final/raw/controlled-bbmdp/real_01/controlled-bbmdp__real_01__random__seed0.json,results/final/raw/controlled-bbmdp/real_01/controlled-bbmdp__real_01__random__seed0.log,
real_01,transfer,medium,controlled-bbmdp,random,random,1,time_limit,,,2.93411,,30.901698084,2.556658,30.008768,27.45211,106,14430,3000.876,,0,0,0,0,0,0,0,52708,1700,135556,random,dfs,1,30,-1,False,False,0,results/final/raw/controlled-bbmdp/real_01/controlled-bbmdp__real_01__random__seed1.json,results/final/raw/controlled-bbmdp/real_01/controlled-bbmdp__real_01__random__seed1.log,
real_01,transfer,medium,controlled-bbmdp,random,random,2,optimal,2.93411,2.93411,2.93411,0,27.141080723,2.591382,26.309629,23.718247,201,16024,603.294272148264,5.562975,0,0,0,0,0,0,0,52708,1700,135556,random,dfs,1,30,-1,True,True,0,results/final/raw/controlled-bbmdp/real_01/controlled-bbmdp__real_01__random__seed2.json,results/final/raw/controlled-bbmdp/real_01/controlled-bbmdp__real_01__random__seed2.log,
real_01,transfer,medium,controlled-bbmdp,random,random,3,optimal,2.93411,2.93411,2.93411,0,30.130034673,2.60204,29.296875,26.694835,201,13917,1029.82917412989,9.888822,0,0,0,0,0,0,0,52708,1700,135556,random,dfs,1,30,-1,True,True,0,results/final/raw/controlled-bbmdp/real_01/controlled-bbmdp__real_01__random__seed3.json,results/final/raw/controlled-bbmdp/real_01/controlled-bbmdp__real_01__random__seed3.log,
real_01,transfer,medium,controlled-bbmdp,random,random,4,time_limit,3.45645552,3.45645552,2.93411,0.17802520014587,30.842649456,2.608998,30.008398,27.3994,238,14875,1174.3285984096,8.152401,0,0,0,0,0,0,0,52708,1700,135556,random,dfs,1,30,-1,True,True,0,results/final/raw/controlled-bbmdp/real_01/controlled-bbmdp__real_01__random__seed4.json,results/final/raw/controlled-bbmdp/real_01/controlled-bbmdp__real_01__random__seed4.log,
real_01,transfer,medium,controlled-bbmdp,mostinf,mostinf,0,time_limit,,,2.93411,,30.933925142,2.18822,30.047783,27.859563,52,18488,3004.7777,,0,0,0,0,0,0,0,52708,1700,135556,mostinf,dfs,1,30,-1,False,False,0,results/final/raw/controlled-bbmdp/real_01/controlled-bbmdp__real_01__mostinf__seed0.json,results/final/raw/controlled-bbmdp/real_01/controlled-bbmdp__real_01__mostinf__seed0.log,
real_01,transfer,medium,controlled-bbmdp,mostinf,mostinf,1,time_limit,,,2.93411,,30.722376777,2.599521,30.000083,27.400562,113,15402,3000.0077,,0,0,0,0,0,0,0,52708,1700,135556,mostinf,dfs,1,30,-1,False,False,0,results/final/raw/controlled-bbmdp/real_01/controlled-bbmdp__real_01__mostinf__seed1.json,results/final/raw/controlled-bbmdp/real_01/controlled-bbmdp__real_01__mostinf__seed1.log,
real_01,transfer,medium,controlled-bbmdp,mostinf,mostinf,2,optimal,2.93411,2.93411,2.93411,0,27.368373626,2.672096,26.449961,23.777865,201,16772,612.257196903845,5.651332,0,0,0,0,0,0,0,52708,1700,135556,mostinf,dfs,1,30,-1,True,True,0,results/final/raw/controlled-bbmdp/real_01/controlled-bbmdp__real_01__mostinf__seed2.json,results/final/raw/controlled-bbmdp/real_01/controlled-bbmdp__real_01__mostinf__seed2.log,
real_01,transfer,medium,controlled-bbmdp,mostinf,mostinf,3,time_limit,2.99681668,2.99681668,2.93411,0.0213716186509707,31.218502153,2.583971,30.171317,27.587346,201,14105,1046.18029822946,10.011573,0,0,0,0,0,0,0,52708,1700,135556,mostinf,dfs,1,30,-1,True,True,0,results/final/raw/controlled-bbmdp/real_01/controlled-bbmdp__real_01__mostinf__seed3.json,results/final/raw/controlled-bbmdp/real_01/controlled-bbmdp__real_01__mostinf__seed3.log,
real_01,transfer,medium,controlled-bbmdp,mostinf,mostinf,4,time_limit,3.45928552,3.45928552,2.93411,0.178989717495254,31.065766421,2.598474,30.006805,27.408331,210,15555,1173.19590638099,8.125835,0,0,0,0,0,0,0,52708,1700,135556,mostinf,dfs,1,30,-1,True,True,0,results/final/raw/controlled-bbmdp/real_01/controlled-bbmdp__real_01__mostinf__seed4.json,results/final/raw/controlled-bbmdp/real_01/controlled-bbmdp__real_01__mostinf__seed4.log,
real_01,transfer,medium,controlled-bbmdp,rl-mlp,rl-mlp,0,time_limit,,,2.93411,,31.42468932,2.168039,30.051063,27.883024,51,17675,3005.1056,,51,0.031390817,0.000615506215686275,0.00206053,0,0,51,52708,1700,135556,rlmlp,dfs,1,30,-1,False,False,0,results/final/raw/controlled-bbmdp/real_01/controlled-bbmdp__real_01__rl-mlp__seed0.json,results/final/raw/controlled-bbmdp/real_01/controlled-bbmdp__real_01__rl-mlp__seed0.log,results/final/raw/controlled-bbmdp/real_01/controlled-bbmdp__real_01__rl-mlp__seed0.branches.csv
real_01,transfer,medium,controlled-bbmdp,rl-mlp,rl-mlp,1,time_limit,,,2.93411,,30.956301681,2.60866,30.016849,27.408189,137,14477,3001.6841,,135,0.101321775,0.000750531666666667,0.00152726,0,0,135,52708,1700,135556,rlmlp,dfs,1,30,-1,False,False,0,results/final/raw/controlled-bbmdp/real_01/controlled-bbmdp__real_01__rl-mlp__seed1.json,results/final/raw/controlled-bbmdp/real_01/controlled-bbmdp__real_01__rl-mlp__seed1.log,results/final/raw/controlled-bbmdp/real_01/controlled-bbmdp__real_01__rl-mlp__seed1.branches.csv
real_01,transfer,medium,controlled-bbmdp,rl-mlp,rl-mlp,2,time_limit,3.00177411,3.00177411,2.93411,0.0230612042493292,32.080068499,2.676115,30.509199,27.833084,201,19288,623.38260794756,5.669283,198,0.1199908,0.000606014141414142,0.001773395,0,0,198,52708,1700,135556,rlmlp,dfs,1,30,-1,True,True,0,results/final/raw/controlled-bbmdp/real_01/controlled-bbmdp__real_01__rl-mlp__seed2.json,results/final/raw/controlled-bbmdp/real_01/controlled-bbmdp__real_01__rl-mlp__seed2.log,results/final/raw/controlled-bbmdp/real_01/controlled-bbmdp__real_01__rl-mlp__seed2.branches.csv
real_01,transfer,medium,controlled-bbmdp,rl-mlp,rl-mlp,3,time_limit,2.99681668,2.99681668,2.93411,0.0213716186509707,31.556102567,2.619767,30.196819,27.577052,201,14543,1031.59667993442,9.886481,198,0.126008334,0.000636405727272727,0.001820033,0,0,198,52708,1700,135556,rlmlp,dfs,1,30,-1,True,True,0,results/final/raw/controlled-bbmdp/real_01/controlled-bbmdp__real_01__rl-mlp__seed3.json,results/final/raw/controlled-bbmdp/real_01/controlled-bbmdp__real_01__rl-mlp__seed3.log,results/final/raw/controlled-bbmdp/real_01/controlled-bbmdp__real_01__rl-mlp__seed3.branches.csv
real_01,transfer,medium,controlled-bbmdp,rl-mlp,rl-mlp,4,time_limit,3.45645552,3.45645552,2.93411,0.17802520014587,31.342224349,2.615091,30.007408,27.392317,218,14721,1177.01281963926,8.172989,213,0.123809015,0.000581262981220657,0.001808634,0,0,213,52708,1700,135556,rlmlp,dfs,1,30,-1,True,True,0,results/final/raw/controlled-bbmdp/real_01/controlled-bbmdp__real_01__rl-mlp__seed4.json,results/final/raw/controlled-bbmdp/real_01/controlled-bbmdp__real_01__rl-mlp__seed4.log,results/final/raw/controlled-bbmdp/real_01/controlled-bbmdp__real_01__rl-mlp__seed4.branches.csv
real_01,transfer,medium,controlled-bbmdp,rl-gcnn,rl-gcnn,0,time_limit,,,2.93411,,33.22999317,2.129221,30.479191,28.34997,3,17213,3047.9186,,3,2.677239675,0.892413225,1.446741774,0,0,3,52708,1700,135556,rlgcnn,dfs,1,30,-1,False,False,0,results/final/raw/controlled-bbmdp/real_01/controlled-bbmdp__real_01__rl-gcnn__seed0.json,results/final/raw/controlled-bbmdp/real_01/controlled-bbmdp__real_01__rl-gcnn__seed0.log,results/final/raw/controlled-bbmdp/real_01/controlled-bbmdp__real_01__rl-gcnn__seed0.branches.csv
real_01,transfer,medium,controlled-bbmdp,rl-gcnn,rl-gcnn,1,time_limit,,,2.93411,,32.690241956,2.58287,30.053307,27.470437,39,13000,3005.3298,,37,3.105942673,0.0839443965675676,1.449921955,0,0,37,52708,1700,135556,rlgcnn,dfs,1,30,-1,False,False,0,results/final/raw/controlled-bbmdp/real_01/controlled-bbmdp__real_01__rl-gcnn__seed1.json,results/final/raw/controlled-bbmdp/real_01/controlled-bbmdp__real_01__rl-gcnn__seed1.log,results/final/raw/controlled-bbmdp/real_01/controlled-bbmdp__real_01__rl-gcnn__seed1.branches.csv
real_01,transfer,medium,controlled-bbmdp,rl-gcnn,rl-gcnn,2,time_limit,3.00177411,3.00177411,2.93411,0.0230612042493292,32.924724371,2.55784,30.205069,27.647229,101,16979,607.726214363576,5.51614,99,3.804197701,0.0384262394040404,1.434886189,0,0,99,52708,1700,135556,rlgcnn,dfs,1,30,-1,True,True,0,results/final/raw/controlled-bbmdp/real_01/controlled-bbmdp__real_01__rl-gcnn__seed2.json,results/final/raw/controlled-bbmdp/real_01/controlled-bbmdp__real_01__rl-gcnn__seed2.log,results/final/raw/controlled-bbmdp/real_01/controlled-bbmdp__real_01__rl-gcnn__seed2.branches.csv
real_01,transfer,medium,controlled-bbmdp,rl-gcnn,rl-gcnn,3,time_limit,2.99681668,2.99681668,2.93411,0.0213716186509707,32.914338355,2.581882,30.034411,27.452529,76,12110,1029.73290677644,9.863018,75,3.668847122,0.0489179616266667,1.440424527,0,0,75,52708,1700,135556,rlgcnn,dfs,1,30,-1,True,True,0,results/final/raw/controlled-bbmdp/real_01/controlled-bbmdp__real_01__rl-gcnn__seed3.json,results/final/raw/controlled-bbmdp/real_01/controlled-bbmdp__real_01__rl-gcnn__seed3.log,results/final/raw/controlled-bbmdp/real_01/controlled-bbmdp__real_01__rl-gcnn__seed3.branches.csv
real_01,transfer,medium,controlled-bbmdp,rl-gcnn,rl-gcnn,4,time_limit,3.5438986,3.5438986,2.93411,0.207827450231927,32.796199792,2.701027,30.04401,27.342983,88,13850,1205.59564363265,8.304857,88,3.994500535,0.0453920515340909,1.43653861,0,0,88,52708,1700,135556,rlgcnn,dfs,1,30,-1,True,True,0,results/final/raw/controlled-bbmdp/real_01/controlled-bbmdp__real_01__rl-gcnn__seed4.json,results/final/raw/controlled-bbmdp/real_01/controlled-bbmdp__real_01__rl-gcnn__seed4.log,results/final/raw/controlled-bbmdp/real_01/controlled-bbmdp__real_01__rl-gcnn__seed4.branches.csv
real_02,transfer,large,controlled-bbmdp,default,default,0,time_limit,,,3.13736,,31.71937744,6.049259,30.089639,24.04038,1,45039,3008.9634,,0,0,0,0,0,0,0,83878,1924,214744,relpscost,dfs,1,30,-1,False,False,0,results/final/raw/controlled-bbmdp/real_02/controlled-bbmdp__real_02__default__seed0.json,results/final/raw/controlled-bbmdp/real_02/controlled-bbmdp__real_02__default__seed0.log,
real_02,transfer,large,controlled-bbmdp,default,default,1,time_limit,,,3.13735999999999,,32.801717058,7.158934,31.205574,24.04664,1,45535,3120.557,,0,0,0,0,0,0,0,83878,1924,214744,relpscost,dfs,1,30,-1,False,False,0,results/final/raw/controlled-bbmdp/real_02/controlled-bbmdp__real_02__default__seed1.json,results/final/raw/controlled-bbmdp/real_02/controlled-bbmdp__real_02__default__seed1.log,
real_02,transfer,large,controlled-bbmdp,default,default,2,time_limit,,,3.13735999999999,,35.852311188,6.929489,34.405267,27.475778,1,33427,3440.5262,,0,0,0,0,0,0,0,83878,1924,214744,relpscost,dfs,1,30,-1,False,False,0,results/final/raw/controlled-bbmdp/real_02/controlled-bbmdp__real_02__default__seed2.json,results/final/raw/controlled-bbmdp/real_02/controlled-bbmdp__real_02__default__seed2.log,
real_02,transfer,large,controlled-bbmdp,default,default,3,time_limit,,,3.13735999999999,,35.903519674,7.329016,34.334674,27.005658,1,32279,3433.4668,,0,0,0,0,0,0,0,83878,1924,214744,relpscost,dfs,1,30,-1,False,False,0,results/final/raw/controlled-bbmdp/real_02/controlled-bbmdp__real_02__default__seed3.json,results/final/raw/controlled-bbmdp/real_02/controlled-bbmdp__real_02__default__seed3.log,
real_02,transfer,large,controlled-bbmdp,default,default,4,time_limit,,,3.13736,,31.469402024,6.903069,30.035609,23.13254,1,32379,3003.5605,,0,0,0,0,0,0,0,83878,1924,214744,relpscost,dfs,1,30,-1,False,False,0,results/final/raw/controlled-bbmdp/real_02/controlled-bbmdp__real_02__default__seed4.json,results/final/raw/controlled-bbmdp/real_02/controlled-bbmdp__real_02__default__seed4.log,
real_02,transfer,large,controlled-bbmdp,relpscost,relpscost,0,time_limit,,,3.13736,,31.307358745,5.941541,30.036911,24.09537,1,45039,3003.6907,,0,0,0,0,0,0,0,83878,1924,214744,relpscost,dfs,1,30,-1,False,False,0,results/final/raw/controlled-bbmdp/real_02/controlled-bbmdp__real_02__relpscost__seed0.json,results/final/raw/controlled-bbmdp/real_02/controlled-bbmdp__real_02__relpscost__seed0.log,
real_02,transfer,large,controlled-bbmdp,relpscost,relpscost,1,time_limit,,,3.13735999999999,,31.852288999,6.769796,30.416141,23.646345,1,45535,3041.6136,,0,0,0,0,0,0,0,83878,1924,214744,relpscost,dfs,1,30,-1,False,False,0,results/final/raw/controlled-bbmdp/real_02/controlled-bbmdp__real_02__relpscost__seed1.json,results/final/raw/controlled-bbmdp/real_02/controlled-bbmdp__real_02__relpscost__seed1.log,
real_02,transfer,large,controlled-bbmdp,relpscost,relpscost,2,time_limit,,,3.13735999999999,,36.296735454,7.016816,34.525701,27.508885,1,33427,3452.5696,,0,0,0,0,0,0,0,83878,1924,214744,relpscost,dfs,1,30,-1,False,False,0,results/final/raw/controlled-bbmdp/real_02/controlled-bbmdp__real_02__relpscost__seed2.json,results/final/raw/controlled-bbmdp/real_02/controlled-bbmdp__real_02__relpscost__seed2.log,
real_02,transfer,large,controlled-bbmdp,relpscost,relpscost,3,time_limit,,,3.13735999999999,,36.0867085,7.127551,34.637298,27.509747,1,32279,3463.7293,,0,0,0,0,0,0,0,83878,1924,214744,relpscost,dfs,1,30,-1,False,False,0,results/final/raw/controlled-bbmdp/real_02/controlled-bbmdp__real_02__relpscost__seed3.json,results/final/raw/controlled-bbmdp/real_02/controlled-bbmdp__real_02__relpscost__seed3.log,
real_02,transfer,large,controlled-bbmdp,relpscost,relpscost,4,time_limit,,,3.13736,,31.891411404,7.074373,30.03657,22.962197,1,32379,3003.6565,,0,0,0,0,0,0,0,83878,1924,214744,relpscost,dfs,1,30,-1,False,False,0,results/final/raw/controlled-bbmdp/real_02/controlled-bbmdp__real_02__relpscost__seed4.json,results/final/raw/controlled-bbmdp/real_02/controlled-bbmdp__real_02__relpscost__seed4.log,
real_02,transfer,large,controlled-bbmdp,random,random,0,time_limit,,,3.13736,,31.31718916,6.156407,30.036503,23.880096,1,45039,3003.6499,,0,0,0,0,0,0,0,83878,1924,214744,random,dfs,1,30,-1,False,False,0,results/final/raw/controlled-bbmdp/real_02/controlled-bbmdp__real_02__random__seed0.json,results/final/raw/controlled-bbmdp/real_02/controlled-bbmdp__real_02__random__seed0.log,
real_02,transfer,large,controlled-bbmdp,random,random,1,time_limit,,,3.13735999999999,,32.15906558,6.811014,30.72521,23.914196,1,45535,3072.5206,,0,0,0,0,0,0,0,83878,1924,214744,random,dfs,1,30,-1,False,False,0,results/final/raw/controlled-bbmdp/real_02/controlled-bbmdp__real_02__random__seed1.json,results/final/raw/controlled-bbmdp/real_02/controlled-bbmdp__real_02__random__seed1.log,
real_02,transfer,large,controlled-bbmdp,random,random,2,time_limit,,,3.13735999999999,,35.553525653,6.852342,34.113636,27.261294,1,33427,3411.3632,,0,0,0,0,0,0,0,83878,1924,214744,random,dfs,1,30,-1,False,False,0,results/final/raw/controlled-bbmdp/real_02/controlled-bbmdp__real_02__random__seed2.json,results/final/raw/controlled-bbmdp/real_02/controlled-bbmdp__real_02__random__seed2.log,
real_02,transfer,large,controlled-bbmdp,random,random,3,time_limit,,,3.13735999999999,,35.785150513,6.838966,34.336797,27.497831,1,32279,3433.6792,,0,0,0,0,0,0,0,83878,1924,214744,random,dfs,1,30,-1,False,False,0,results/final/raw/controlled-bbmdp/real_02/controlled-bbmdp__real_02__random__seed3.json,results/final/raw/controlled-bbmdp/real_02/controlled-bbmdp__real_02__random__seed3.log,
real_02,transfer,large,controlled-bbmdp,random,random,4,time_limit,,,3.13736,,31.513326715,6.907325,30.035775,23.12845,1,32379,3003.577,,0,0,0,0,0,0,0,83878,1924,214744,random,dfs,1,30,-1,False,False,0,results/final/raw/controlled-bbmdp/real_02/controlled-bbmdp__real_02__random__seed4.json,results/final/raw/controlled-bbmdp/real_02/controlled-bbmdp__real_02__random__seed4.log,
real_02,transfer,large,controlled-bbmdp,mostinf,mostinf,0,time_limit,,,3.13736,,31.312837661,5.987214,30.036608,24.049394,1,45039,3003.6603,,0,0,0,0,0,0,0,83878,1924,214744,mostinf,dfs,1,30,-1,False,False,0,results/final/raw/controlled-bbmdp/real_02/controlled-bbmdp__real_02__mostinf__seed0.json,results/final/raw/controlled-bbmdp/real_02/controlled-bbmdp__real_02__mostinf__seed0.log,
real_02,transfer,large,controlled-bbmdp,mostinf,mostinf,1,time_limit,,,3.13735999999999,,32.267173839,6.826951,30.819052,23.992101,1,45535,3081.9047,,0,0,0,0,0,0,0,83878,1924,214744,mostinf,dfs,1,30,-1,False,False,0,results/final/raw/controlled-bbmdp/real_02/controlled-bbmdp__real_02__mostinf__seed1.json,results/final/raw/controlled-bbmdp/real_02/controlled-bbmdp__real_02__mostinf__seed1.log,
real_02,transfer,large,controlled-bbmdp,mostinf,mostinf,2,time_limit,,,3.13735999999999,,35.889349537,6.885231,34.428598,27.543367,1,33427,3442.8594,,0,0,0,0,0,0,0,83878,1924,214744,mostinf,dfs,1,30,-1,False,False,0,results/final/raw/controlled-bbmdp/real_02/controlled-bbmdp__real_02__mostinf__seed2.json,results/final/raw/controlled-bbmdp/real_02/controlled-bbmdp__real_02__mostinf__seed2.log,
real_02,transfer,large,controlled-bbmdp,mostinf,mostinf,3,time_limit,,,3.13735999999999,,35.850579878,6.847915,34.407826,27.559911,1,32279,3440.7821,,0,0,0,0,0,0,0,83878,1924,214744,mostinf,dfs,1,30,-1,False,False,0,results/final/raw/controlled-bbmdp/real_02/controlled-bbmdp__real_02__mostinf__seed3.json,results/final/raw/controlled-bbmdp/real_02/controlled-bbmdp__real_02__mostinf__seed3.log,
real_02,transfer,large,controlled-bbmdp,mostinf,mostinf,4,time_limit,,,3.13736,,31.502870135,6.932892,30.035961,23.103069,1,32379,3003.5958,,0,0,0,0,0,0,0,83878,1924,214744,mostinf,dfs,1,30,-1,False,False,0,results/final/raw/controlled-bbmdp/real_02/controlled-bbmdp__real_02__mostinf__seed4.json,results/final/raw/controlled-bbmdp/real_02/controlled-bbmdp__real_02__mostinf__seed4.log,
real_02,transfer,large,controlled-bbmdp,rl-mlp,rl-mlp,0,time_limit,,,3.13736,,31.906409694,5.873528,30.035509,24.161981,1,45129,3003.5505,,0,0,0,0,0,0,0,83878,1924,214744,rlmlp,dfs,1,30,-1,False,False,0,results/final/raw/controlled-bbmdp/real_02/controlled-bbmdp__real_02__rl-mlp__seed0.json,results/final/raw/controlled-bbmdp/real_02/controlled-bbmdp__real_02__rl-mlp__seed0.log,results/final/raw/controlled-bbmdp/real_02/controlled-bbmdp__real_02__rl-mlp__seed0.branches.csv
real_02,transfer,large,controlled-bbmdp,rl-mlp,rl-mlp,1,time_limit,,,3.13735999999999,,33.630467461,7.295673,31.650112,24.354439,1,45535,3165.0108,,0,0,0,0,0,0,0,83878,1924,214744,rlmlp,dfs,1,30,-1,False,False,0,results/final/raw/controlled-bbmdp/real_02/controlled-bbmdp__real_02__rl-mlp__seed1.json,results/final/raw/controlled-bbmdp/real_02/controlled-bbmdp__real_02__rl-mlp__seed1.log,results/final/raw/controlled-bbmdp/real_02/controlled-bbmdp__real_02__rl-mlp__seed1.branches.csv
real_02,transfer,large,controlled-bbmdp,rl-mlp,rl-mlp,2,time_limit,,,3.13735999999999,,35.812189649,6.810905,33.847932,27.037027,1,33427,3384.7928,,0,0,0,0,0,0,0,83878,1924,214744,rlmlp,dfs,1,30,-1,False,False,0,results/final/raw/controlled-bbmdp/real_02/controlled-bbmdp__real_02__rl-mlp__seed2.json,results/final/raw/controlled-bbmdp/real_02/controlled-bbmdp__real_02__rl-mlp__seed2.log,results/final/raw/controlled-bbmdp/real_02/controlled-bbmdp__real_02__rl-mlp__seed2.branches.csv
real_02,transfer,large,controlled-bbmdp,rl-mlp,rl-mlp,3,time_limit,,,3.13735999999999,,36.933667239,7.140588,34.840049,27.699461,1,32279,3484.0045,,0,0,0,0,0,0,0,83878,1924,214744,rlmlp,dfs,1,30,-1,False,False,0,results/final/raw/controlled-bbmdp/real_02/controlled-bbmdp__real_02__rl-mlp__seed3.json,results/final/raw/controlled-bbmdp/real_02/controlled-bbmdp__real_02__rl-mlp__seed3.log,results/final/raw/controlled-bbmdp/real_02/controlled-bbmdp__real_02__rl-mlp__seed3.branches.csv
real_02,transfer,large,controlled-bbmdp,rl-mlp,rl-mlp,4,time_limit,,,3.13736,,31.853310406,6.829078,30.035852,23.206774,1,32379,3003.5848,,0,0,0,0,0,0,0,83878,1924,214744,rlmlp,dfs,1,30,-1,False,False,0,results/final/raw/controlled-bbmdp/real_02/controlled-bbmdp__real_02__rl-mlp__seed4.json,results/final/raw/controlled-bbmdp/real_02/controlled-bbmdp__real_02__rl-mlp__seed4.log,results/final/raw/controlled-bbmdp/real_02/controlled-bbmdp__real_02__rl-mlp__seed4.branches.csv
real_02,transfer,large,controlled-bbmdp,rl-gcnn,rl-gcnn,0,time_limit,,,3.13736,,33.260955195,5.866655,30.073397,24.206742,1,45079,3007.3392,,0,0,0,0,0,0,0,83878,1924,214744,rlgcnn,dfs,1,30,-1,False,False,0,results/final/raw/controlled-bbmdp/real_02/controlled-bbmdp__real_02__rl-gcnn__seed0.json,results/final/raw/controlled-bbmdp/real_02/controlled-bbmdp__real_02__rl-gcnn__seed0.log,results/final/raw/controlled-bbmdp/real_02/controlled-bbmdp__real_02__rl-gcnn__seed0.branches.csv
real_02,transfer,large,controlled-bbmdp,rl-gcnn,rl-gcnn,1,time_limit,,,3.13735999999999,,34.648612576,6.757021,31.281392,24.524371,1,45535,3128.1387,,0,0,0,0,0,0,0,83878,1924,214744,rlgcnn,dfs,1,30,-1,False,False,0,results/final/raw/controlled-bbmdp/real_02/controlled-bbmdp__real_02__rl-gcnn__seed1.json,results/final/raw/controlled-bbmdp/real_02/controlled-bbmdp__real_02__rl-gcnn__seed1.log,results/final/raw/controlled-bbmdp/real_02/controlled-bbmdp__real_02__rl-gcnn__seed1.branches.csv
real_02,transfer,large,controlled-bbmdp,rl-gcnn,rl-gcnn,2,time_limit,,,3.13735999999999,,38.463600357,7.423454,35.011721,27.588267,1,33427,3501.1715,,0,0,0,0,0,0,0,83878,1924,214744,rlgcnn,dfs,1,30,-1,False,False,0,results/final/raw/controlled-bbmdp/real_02/controlled-bbmdp__real_02__rl-gcnn__seed2.json,results/final/raw/controlled-bbmdp/real_02/controlled-bbmdp__real_02__rl-gcnn__seed2.log,results/final/raw/controlled-bbmdp/real_02/controlled-bbmdp__real_02__rl-gcnn__seed2.branches.csv
real_02,transfer,large,controlled-bbmdp,rl-gcnn,rl-gcnn,3,time_limit,,,3.13735999999999,,38.395203717,7.171341,34.841604,27.670263,1,32279,3484.1599,,0,0,0,0,0,0,0,83878,1924,214744,rlgcnn,dfs,1,30,-1,False,False,0,results/final/raw/controlled-bbmdp/real_02/controlled-bbmdp__real_02__rl-gcnn__seed3.json,results/final/raw/controlled-bbmdp/real_02/controlled-bbmdp__real_02__rl-gcnn__seed3.log,results/final/raw/controlled-bbmdp/real_02/controlled-bbmdp__real_02__rl-gcnn__seed3.branches.csv
real_02,transfer,large,controlled-bbmdp,rl-gcnn,rl-gcnn,4,time_limit,,,3.13736,,33.540311354,6.836813,30.059567,23.222754,1,32379,3005.9562,,0,0,0,0,0,0,0,83878,1924,214744,rlgcnn,dfs,1,30,-1,False,False,0,results/final/raw/controlled-bbmdp/real_02/controlled-bbmdp__real_02__rl-gcnn__seed4.json,results/final/raw/controlled-bbmdp/real_02/controlled-bbmdp__real_02__rl-gcnn__seed4.log,results/final/raw/controlled-bbmdp/real_02/controlled-bbmdp__real_02__rl-gcnn__seed4.branches.csv
real_03,transfer,medium,controlled-bbmdp,default,default,0,time_limit,,,0.32225,,30.636371742,10.045615,30.055898,20.010283,1,13802,3005.5895,,0,0,0,0,0,0,0,41390,3792,100803,relpscost,dfs,1,30,-1,False,False,0,results/final/raw/controlled-bbmdp/real_03/controlled-bbmdp__real_03__default__seed0.json,results/final/raw/controlled-bbmdp/real_03/controlled-bbmdp__real_03__default__seed0.log,
real_03,transfer,medium,controlled-bbmdp,default,default,1,time_limit,,,0.32225,,31.047207565,11.005652,30.419018,19.413366,1,10645,3041.9013,,0,0,0,0,0,0,0,41390,3792,100803,relpscost,dfs,1,30,-1,False,False,0,results/final/raw/controlled-bbmdp/real_03/controlled-bbmdp__real_03__default__seed1.json,results/final/raw/controlled-bbmdp/real_03/controlled-bbmdp__real_03__default__seed1.log,
real_03,transfer,medium,controlled-bbmdp,default,default,2,time_limit,,,0.32225,,30.61836142,10.581456,30.00155,19.420094,1,16055,3000.1547,,0,0,0,0,0,0,0,41390,3792,100803,relpscost,dfs,1,30,-1,False,False,0,results/final/raw/controlled-bbmdp/real_03/controlled-bbmdp__real_03__default__seed2.json,results/final/raw/controlled-bbmdp/real_03/controlled-bbmdp__real_03__default__seed2.log,
real_03,transfer,medium,controlled-bbmdp,default,default,3,time_limit,,,0.32225,,30.956431615,10.632505,30.263468,19.630963,1,14431,3026.3463,,0,0,0,0,0,0,0,41390,3792,100803,relpscost,dfs,1,30,-1,False,False,0,results/final/raw/controlled-bbmdp/real_03/controlled-bbmdp__real_03__default__seed3.json,results/final/raw/controlled-bbmdp/real_03/controlled-bbmdp__real_03__default__seed3.log,
real_03,transfer,medium,controlled-bbmdp,default,default,4,time_limit,,,0.32225,,30.73482649,10.613556,30.104872,19.491316,1,10789,3010.4869,,0,0,0,0,0,0,0,41390,3792,100803,relpscost,dfs,1,30,-1,False,False,0,results/final/raw/controlled-bbmdp/real_03/controlled-bbmdp__real_03__default__seed4.json,results/final/raw/controlled-bbmdp/real_03/controlled-bbmdp__real_03__default__seed4.log,
real_03,transfer,medium,controlled-bbmdp,relpscost,relpscost,0,time_limit,,,0.32225,,30.62345652,10.056652,30.057262,20.00061,1,13802,3005.7258,,0,0,0,0,0,0,0,41390,3792,100803,relpscost,dfs,1,30,-1,False,False,0,results/final/raw/controlled-bbmdp/real_03/controlled-bbmdp__real_03__relpscost__seed0.json,results/final/raw/controlled-bbmdp/real_03/controlled-bbmdp__real_03__relpscost__seed0.log,
real_03,transfer,medium,controlled-bbmdp,relpscost,relpscost,1,time_limit,,,0.32225,,30.635517924,10.636285,30.01263,19.376345,1,10645,3001.2626,,0,0,0,0,0,0,0,41390,3792,100803,relpscost,dfs,1,30,-1,False,False,0,results/final/raw/controlled-bbmdp/real_03/controlled-bbmdp__real_03__relpscost__seed1.json,results/final/raw/controlled-bbmdp/real_03/controlled-bbmdp__real_03__relpscost__seed1.log,
real_03,transfer,medium,controlled-bbmdp,relpscost,relpscost,2,time_limit,,,0.32225,,30.674604452,10.631971,30.069497,19.437526,1,16055,3006.9493,,0,0,0,0,0,0,0,41390,3792,100803,relpscost,dfs,1,30,-1,False,False,0,results/final/raw/controlled-bbmdp/real_03/controlled-bbmdp__real_03__relpscost__seed2.json,results/final/raw/controlled-bbmdp/real_03/controlled-bbmdp__real_03__relpscost__seed2.log,
real_03,transfer,medium,controlled-bbmdp,relpscost,relpscost,3,time_limit,,,0.32225,,30.703754684,10.545474,30.086683,19.541209,1,14431,3008.6679,,0,0,0,0,0,0,0,41390,3792,100803,relpscost,dfs,1,30,-1,False,False,0,results/final/raw/controlled-bbmdp/real_03/controlled-bbmdp__real_03__relpscost__seed3.json,results/final/raw/controlled-bbmdp/real_03/controlled-bbmdp__real_03__relpscost__seed3.log,
real_03,transfer,medium,controlled-bbmdp,relpscost,relpscost,4,time_limit,,,0.32225,,30.727106111,10.670971,30.120207,19.449236,1,10789,3012.0205,,0,0,0,0,0,0,0,41390,3792,100803,relpscost,dfs,1,30,-1,False,False,0,results/final/raw/controlled-bbmdp/real_03/controlled-bbmdp__real_03__relpscost__seed4.json,results/final/raw/controlled-bbmdp/real_03/controlled-bbmdp__real_03__relpscost__seed4.log,
real_03,transfer,medium,controlled-bbmdp,random,random,0,time_limit,,,0.32225,,30.607417194,9.951996,30.05832,20.106324,1,13802,3005.8316,,0,0,0,0,0,0,0,41390,3792,100803,random,dfs,1,30,-1,False,False,0,results/final/raw/controlled-bbmdp/real_03/controlled-bbmdp__real_03__random__seed0.json,results/final/raw/controlled-bbmdp/real_03/controlled-bbmdp__real_03__random__seed0.log,
real_03,transfer,medium,controlled-bbmdp,random,random,1,time_limit,,,0.32225,,30.873611976,10.794078,30.275821,19.481743,1,10645,3027.5815,,0,0,0,0,0,0,0,41390,3792,100803,random,dfs,1,30,-1,False,False,0,results/final/raw/controlled-bbmdp/real_03/controlled-bbmdp__real_03__random__seed1.json,results/final/raw/controlled-bbmdp/real_03/controlled-bbmdp__real_03__random__seed1.log,
real_03,transfer,medium,controlled-bbmdp,random,random,2,time_limit,,,0.32225,,30.621633165,10.57546,30.017536,19.442076,1,16055,3001.7532,,0,0,0,0,0,0,0,41390,3792,100803,random,dfs,1,30,-1,False,False,0,results/final/raw/controlled-bbmdp/real_03/controlled-bbmdp__real_03__random__seed2.json,results/final/raw/controlled-bbmdp/real_03/controlled-bbmdp__real_03__random__seed2.log,
real_03,transfer,medium,controlled-bbmdp,random,random,3,time_limit,,,0.32225,,30.976139782,10.756852,30.374213,19.617361,1,14431,3037.4209,,0,0,0,0,0,0,0,41390,3792,100803,random,dfs,1,30,-1,False,False,0,results/final/raw/controlled-bbmdp/real_03/controlled-bbmdp__real_03__random__seed3.json,results/final/raw/controlled-bbmdp/real_03/controlled-bbmdp__real_03__random__seed3.log,
real_03,transfer,medium,controlled-bbmdp,random,random,4,time_limit,,,0.32225,,30.668388778,10.500167,30.071246,19.571079,1,10789,3007.1243,,0,0,0,0,0,0,0,41390,3792,100803,random,dfs,1,30,-1,False,False,0,results/final/raw/controlled-bbmdp/real_03/controlled-bbmdp__real_03__random__seed4.json,results/final/raw/controlled-bbmdp/real_03/controlled-bbmdp__real_03__random__seed4.log,
real_03,transfer,medium,controlled-bbmdp,mostinf,mostinf,0,time_limit,,,0.32225,,30.671077191,9.883501,30.092154,20.208653,1,13802,3009.2151,,0,0,0,0,0,0,0,41390,3792,100803,mostinf,dfs,1,30,-1,False,False,0,results/final/raw/controlled-bbmdp/real_03/controlled-bbmdp__real_03__mostinf__seed0.json,results/final/raw/controlled-bbmdp/real_03/controlled-bbmdp__real_03__mostinf__seed0.log,
real_03,transfer,medium,controlled-bbmdp,mostinf,mostinf,1,time_limit,,,0.32225,,30.62472942,10.500795,30.01342,19.512625,1,10645,3001.3416,,0,0,0,0,0,0,0,41390,3792,100803,mostinf,dfs,1,30,-1,False,False,0,results/final/raw/controlled-bbmdp/real_03/controlled-bbmdp__real_03__mostinf__seed1.json,results/final/raw/controlled-bbmdp/real_03/controlled-bbmdp__real_03__mostinf__seed1.log,
real_03,transfer,medium,controlled-bbmdp,mostinf,mostinf,2,time_limit,,,0.32225,,30.590214583,10.593808,30.001257,19.407449,1,16055,3000.1253,,0,0,0,0,0,0,0,41390,3792,100803,mostinf,dfs,1,30,-1,False,False,0,results/final/raw/controlled-bbmdp/real_03/controlled-bbmdp__real_03__mostinf__seed2.json,results/final/raw/controlled-bbmdp/real_03/controlled-bbmdp__real_03__mostinf__seed2.log,
real_03,transfer,medium,controlled-bbmdp,mostinf,mostinf,3,time_limit,,,0.32225,,30.646799142,10.496272,30.046537,19.550265,1,14431,3004.6533,,0,0,0,0,0,0,0,41390,3792,100803,mostinf,dfs,1,30,-1,False,False,0,results/final/raw/controlled-bbmdp/real_03/controlled-bbmdp__real_03__mostinf__seed3.json,results/final/raw/controlled-bbmdp/real_03/controlled-bbmdp__real_03__mostinf__seed3.log,
real_03,transfer,medium,controlled-bbmdp,mostinf,mostinf,4,time_limit,,,0.32225,,30.939498364,10.913401,30.325759,19.412358,1,10789,3032.5756,,0,0,0,0,0,0,0,41390,3792,100803,mostinf,dfs,1,30,-1,False,False,0,results/final/raw/controlled-bbmdp/real_03/controlled-bbmdp__real_03__mostinf__seed4.json,results/final/raw/controlled-bbmdp/real_03/controlled-bbmdp__real_03__mostinf__seed4.log,
real_03,transfer,medium,controlled-bbmdp,rl-mlp,rl-mlp,0,time_limit,,,0.32225,,31.16363063,9.833589,30.090363,20.256774,1,13802,3009.036,,1,0.000524243,0.000524243,0.000524243,0,0,1,41390,3792,100803,rlmlp,dfs,1,30,-1,False,False,0,results/final/raw/controlled-bbmdp/real_03/controlled-bbmdp__real_03__rl-mlp__seed0.json,results/final/raw/controlled-bbmdp/real_03/controlled-bbmdp__real_03__rl-mlp__seed0.log,results/final/raw/controlled-bbmdp/real_03/controlled-bbmdp__real_03__rl-mlp__seed0.branches.csv
real_03,transfer,medium,controlled-bbmdp,rl-mlp,rl-mlp,1,time_limit,,,0.32225,,31.18992982,10.673062,30.13003,19.456968,1,10645,3013.0025,,0,0,0,0,0,0,0,41390,3792,100803,rlmlp,dfs,1,30,-1,False,False,0,results/final/raw/controlled-bbmdp/real_03/controlled-bbmdp__real_03__rl-mlp__seed1.json,results/final/raw/controlled-bbmdp/real_03/controlled-bbmdp__real_03__rl-mlp__seed1.log,results/final/raw/controlled-bbmdp/real_03/controlled-bbmdp__real_03__rl-mlp__seed1.branches.csv
real_03,transfer,medium,controlled-bbmdp,rl-mlp,rl-mlp,2,time_limit,,,0.32225,,30.853063535,10.502072,30.001597,19.499525,1,16055,3000.1594,,0,0,0,0,0,0,0,41390,3792,100803,rlmlp,dfs,1,30,-1,False,False,0,results/final/raw/controlled-bbmdp/real_03/controlled-bbmdp__real_03__rl-mlp__seed2.json,results/final/raw/controlled-bbmdp/real_03/controlled-bbmdp__real_03__rl-mlp__seed2.log,results/final/raw/controlled-bbmdp/real_03/controlled-bbmdp__real_03__rl-mlp__seed2.branches.csv
real_03,transfer,medium,controlled-bbmdp,rl-mlp,rl-mlp,3,time_limit,,,0.32225,,31.30676782,10.64643,30.199469,19.553039,1,14431,3019.9465,,0,0,0,0,0,0,0,41390,3792,100803,rlmlp,dfs,1,30,-1,False,False,0,results/final/raw/controlled-bbmdp/real_03/controlled-bbmdp__real_03__rl-mlp__seed3.json,results/final/raw/controlled-bbmdp/real_03/controlled-bbmdp__real_03__rl-mlp__seed3.log,results/final/raw/controlled-bbmdp/real_03/controlled-bbmdp__real_03__rl-mlp__seed3.branches.csv
real_03,transfer,medium,controlled-bbmdp,rl-mlp,rl-mlp,4,time_limit,,,0.32225,,31.044312491,10.516328,30.074664,19.558336,1,10789,3007.4661,,1,0.000529418,0.000529418,0.000529418,0,0,1,41390,3792,100803,rlmlp,dfs,1,30,-1,False,False,0,results/final/raw/controlled-bbmdp/real_03/controlled-bbmdp__real_03__rl-mlp__seed4.json,results/final/raw/controlled-bbmdp/real_03/controlled-bbmdp__real_03__rl-mlp__seed4.log,results/final/raw/controlled-bbmdp/real_03/controlled-bbmdp__real_03__rl-mlp__seed4.branches.csv
real_03,transfer,medium,controlled-bbmdp,rl-gcnn,rl-gcnn,0,time_limit,,,0.32225,,32.833679345,9.895389,30.353513,20.458124,1,13802,3035.3508,,1,0.204710666,0.204710666,0.204710666,0,0,1,41390,3792,100803,rlgcnn,dfs,1,30,-1,False,False,0,results/final/raw/controlled-bbmdp/real_03/controlled-bbmdp__real_03__rl-gcnn__seed0.json,results/final/raw/controlled-bbmdp/real_03/controlled-bbmdp__real_03__rl-gcnn__seed0.log,results/final/raw/controlled-bbmdp/real_03/controlled-bbmdp__real_03__rl-gcnn__seed0.branches.csv
real_03,transfer,medium,controlled-bbmdp,rl-gcnn,rl-gcnn,1,time_limit,,,0.32225,,32.5681306,10.617697,30.053896,19.436199,1,10645,3005.3892,,0,0,0,0,0,0,0,41390,3792,100803,rlgcnn,dfs,1,30,-1,False,False,0,results/final/raw/controlled-bbmdp/real_03/controlled-bbmdp__real_03__rl-gcnn__seed1.json,results/final/raw/controlled-bbmdp/real_03/controlled-bbmdp__real_03__rl-gcnn__seed1.log,results/final/raw/controlled-bbmdp/real_03/controlled-bbmdp__real_03__rl-gcnn__seed1.branches.csv
real_03,transfer,medium,controlled-bbmdp,rl-gcnn,rl-gcnn,2,time_limit,,,0.32225,,32.556120133,10.38822,30.008165,19.619945,1,16063,3000.8162,,0,0,0,0,0,0,0,41390,3792,100803,rlgcnn,dfs,1,30,-1,False,False,0,results/final/raw/controlled-bbmdp/real_03/controlled-bbmdp__real_03__rl-gcnn__seed2.json,results/final/raw/controlled-bbmdp/real_03/controlled-bbmdp__real_03__rl-gcnn__seed2.log,results/final/raw/controlled-bbmdp/real_03/controlled-bbmdp__real_03__rl-gcnn__seed2.branches.csv
real_03,transfer,medium,controlled-bbmdp,rl-gcnn,rl-gcnn,3,time_limit,,,0.32225,,32.582612161,10.544484,30.140509,19.596025,1,14431,3014.0504,,0,0,0,0,0,0,0,41390,3792,100803,rlgcnn,dfs,1,30,-1,False,False,0,results/final/raw/controlled-bbmdp/real_03/controlled-bbmdp__real_03__rl-gcnn__seed3.json,results/final/raw/controlled-bbmdp/real_03/controlled-bbmdp__real_03__rl-gcnn__seed3.log,results/final/raw/controlled-bbmdp/real_03/controlled-bbmdp__real_03__rl-gcnn__seed3.branches.csv
real_03,transfer,medium,controlled-bbmdp,rl-gcnn,rl-gcnn,4,time_limit,,,0.32225,,33.057043621,10.78503,30.506509,19.721479,1,10789,3050.6505,,1,0.099514002,0.099514002,0.099514002,0,0,1,41390,3792,100803,rlgcnn,dfs,1,30,-1,False,False,0,results/final/raw/controlled-bbmdp/real_03/controlled-bbmdp__real_03__rl-gcnn__seed4.json,results/final/raw/controlled-bbmdp/real_03/controlled-bbmdp__real_03__rl-gcnn__seed4.log,results/final/raw/controlled-bbmdp/real_03/controlled-bbmdp__real_03__rl-gcnn__seed4.branches.csv
real_04,transfer,large,controlled-bbmdp,default,default,0,time_limit,,,,,34.243412366,27.403683,30.001859,2.598176,0,0,0,,0,0,0,0,0,0,0,326502,5168,863691,relpscost,dfs,1,30,-1,False,False,0,results/final/raw/controlled-bbmdp/real_04/controlled-bbmdp__real_04__default__seed0.json,results/final/raw/controlled-bbmdp/real_04/controlled-bbmdp__real_04__default__seed0.log,
real_04,transfer,large,controlled-bbmdp,default,default,1,time_limit,,,,,34.8452436,27.348652,30.00943,2.660778,0,0,0,,0,0,0,0,0,0,0,326502,5168,863691,relpscost,dfs,1,30,-1,False,False,0,results/final/raw/controlled-bbmdp/real_04/controlled-bbmdp__real_04__default__seed1.json,results/final/raw/controlled-bbmdp/real_04/controlled-bbmdp__real_04__default__seed1.log,
real_04,transfer,large,controlled-bbmdp,default,default,2,time_limit,,,,,34.771336963,27.245743,30.001094,2.755351,0,0,0,,0,0,0,0,0,0,0,326502,5168,863691,relpscost,dfs,1,30,-1,False,False,0,results/final/raw/controlled-bbmdp/real_04/controlled-bbmdp__real_04__default__seed2.json,results/final/raw/controlled-bbmdp/real_04/controlled-bbmdp__real_04__default__seed2.log,
real_04,transfer,large,controlled-bbmdp,default,default,3,time_limit,,,,,34.885294767,27.362338,30.01013,2.647792,0,0,0,,0,0,0,0,0,0,0,326502,5168,863691,relpscost,dfs,1,30,-1,False,False,0,results/final/raw/controlled-bbmdp/real_04/controlled-bbmdp__real_04__default__seed3.json,results/final/raw/controlled-bbmdp/real_04/controlled-bbmdp__real_04__default__seed3.log,
real_04,transfer,large,controlled-bbmdp,default,default,4,time_limit,,,,,34.797116858,27.359977,30.004674,2.644697,0,0,0,,0,0,0,0,0,0,0,326502,5168,863691,relpscost,dfs,1,30,-1,False,False,0,results/final/raw/controlled-bbmdp/real_04/controlled-bbmdp__real_04__default__seed4.json,results/final/raw/controlled-bbmdp/real_04/controlled-bbmdp__real_04__default__seed4.log,
real_04,transfer,large,controlled-bbmdp,relpscost,relpscost,0,time_limit,,,,,34.298612187,27.402654,30.008458,2.605804,0,0,0,,0,0,0,0,0,0,0,326502,5168,863691,relpscost,dfs,1,30,-1,False,False,0,results/final/raw/controlled-bbmdp/real_04/controlled-bbmdp__real_04__relpscost__seed0.json,results/final/raw/controlled-bbmdp/real_04/controlled-bbmdp__real_04__relpscost__seed0.log,
real_04,transfer,large,controlled-bbmdp,relpscost,relpscost,1,time_limit,,,,,35.002554357,27.290882,30.002888,2.712006,0,0,0,,0,0,0,0,0,0,0,326502,5168,863691,relpscost,dfs,1,30,-1,False,False,0,results/final/raw/controlled-bbmdp/real_04/controlled-bbmdp__real_04__relpscost__seed1.json,results/final/raw/controlled-bbmdp/real_04/controlled-bbmdp__real_04__relpscost__seed1.log,
real_04,transfer,large,controlled-bbmdp,relpscost,relpscost,2,time_limit,,,,,34.899870071,27.35777,30.001409,2.643639,0,0,0,,0,0,0,0,0,0,0,326502,5168,863691,relpscost,dfs,1,30,-1,False,False,0,results/final/raw/controlled-bbmdp/real_04/controlled-bbmdp__real_04__relpscost__seed2.json,results/final/raw/controlled-bbmdp/real_04/controlled-bbmdp__real_04__relpscost__seed2.log,
real_04,transfer,large,controlled-bbmdp,relpscost,relpscost,3,time_limit,,,,,34.89644084,27.189073,30.003198,2.814125,0,0,0,,0,0,0,0,0,0,0,326502,5168,863691,relpscost,dfs,1,30,-1,False,False,0,results/final/raw/controlled-bbmdp/real_04/controlled-bbmdp__real_04__relpscost__seed3.json,results/final/raw/controlled-bbmdp/real_04/controlled-bbmdp__real_04__relpscost__seed3.log,
real_04,transfer,large,controlled-bbmdp,relpscost,relpscost,4,time_limit,,,,,34.879887729,27.338541,30.00779,2.669249,0,0,0,,0,0,0,0,0,0,0,326502,5168,863691,relpscost,dfs,1,30,-1,False,False,0,results/final/raw/controlled-bbmdp/real_04/controlled-bbmdp__real_04__relpscost__seed4.json,results/final/raw/controlled-bbmdp/real_04/controlled-bbmdp__real_04__relpscost__seed4.log,
real_04,transfer,large,controlled-bbmdp,random,random,0,time_limit,,,,,34.546913234,27.311628,30.002146,2.690518,0,0,0,,0,0,0,0,0,0,0,326502,5168,863691,random,dfs,1,30,-1,False,False,0,results/final/raw/controlled-bbmdp/real_04/controlled-bbmdp__real_04__random__seed0.json,results/final/raw/controlled-bbmdp/real_04/controlled-bbmdp__real_04__random__seed0.log,
real_04,transfer,large,controlled-bbmdp,random,random,1,time_limit,,,,,34.97576162,27.252251,30.010643,2.758392,0,0,0,,0,0,0,0,0,0,0,326502,5168,863691,random,dfs,1,30,-1,False,False,0,results/final/raw/controlled-bbmdp/real_04/controlled-bbmdp__real_04__random__seed1.json,results/final/raw/controlled-bbmdp/real_04/controlled-bbmdp__real_04__random__seed1.log,
real_04,transfer,large,controlled-bbmdp,random,random,2,time_limit,,,,,34.842035025,27.346024,30.008158,2.662134,0,0,0,,0,0,0,0,0,0,0,326502,5168,863691,random,dfs,1,30,-1,False,False,0,results/final/raw/controlled-bbmdp/real_04/controlled-bbmdp__real_04__random__seed2.json,results/final/raw/controlled-bbmdp/real_04/controlled-bbmdp__real_04__random__seed2.log,
real_04,transfer,large,controlled-bbmdp,random,random,3,time_limit,,,,,34.777730873,27.370314,30.003558,2.633244,0,0,0,,0,0,0,0,0,0,0,326502,5168,863691,random,dfs,1,30,-1,False,False,0,results/final/raw/controlled-bbmdp/real_04/controlled-bbmdp__real_04__random__seed3.json,results/final/raw/controlled-bbmdp/real_04/controlled-bbmdp__real_04__random__seed3.log,
real_04,transfer,large,controlled-bbmdp,random,random,4,time_limit,,,,,34.871779385,27.346599,30.005227,2.658628,0,0,0,,0,0,0,0,0,0,0,326502,5168,863691,random,dfs,1,30,-1,False,False,0,results/final/raw/controlled-bbmdp/real_04/controlled-bbmdp__real_04__random__seed4.json,results/final/raw/controlled-bbmdp/real_04/controlled-bbmdp__real_04__random__seed4.log,
real_04,transfer,large,controlled-bbmdp,mostinf,mostinf,0,time_limit,,,,,34.268522015,27.408317,30.024911,2.616594,0,0,0,,0,0,0,0,0,0,0,326502,5168,863691,mostinf,dfs,1,30,-1,False,False,0,results/final/raw/controlled-bbmdp/real_04/controlled-bbmdp__real_04__mostinf__seed0.json,results/final/raw/controlled-bbmdp/real_04/controlled-bbmdp__real_04__mostinf__seed0.log,
real_04,transfer,large,controlled-bbmdp,mostinf,mostinf,1,time_limit,,,,,35.77438377,27.374943,30.007119,2.632176,0,0,0,,0,0,0,0,0,0,0,326502,5168,863691,mostinf,dfs,1,30,-1,False,False,0,results/final/raw/controlled-bbmdp/real_04/controlled-bbmdp__real_04__mostinf__seed1.json,results/final/raw/controlled-bbmdp/real_04/controlled-bbmdp__real_04__mostinf__seed1.log,
real_04,transfer,large,controlled-bbmdp,mostinf,mostinf,2,time_limit,,,,,34.780610571,27.345996,30.00179,2.655794,0,0,0,,0,0,0,0,0,0,0,326502,5168,863691,mostinf,dfs,1,30,-1,False,False,0,results/final/raw/controlled-bbmdp/real_04/controlled-bbmdp__real_04__mostinf__seed2.json,results/final/raw/controlled-bbmdp/real_04/controlled-bbmdp__real_04__mostinf__seed2.log,
real_04,transfer,large,controlled-bbmdp,mostinf,mostinf,3,time_limit,,,,,35.041110615,27.358063,30.001889,2.643826,0,0,0,,0,0,0,0,0,0,0,326502,5168,863691,mostinf,dfs,1,30,-1,False,False,0,results/final/raw/controlled-bbmdp/real_04/controlled-bbmdp__real_04__mostinf__seed3.json,results/final/raw/controlled-bbmdp/real_04/controlled-bbmdp__real_04__mostinf__seed3.log,
real_04,transfer,large,controlled-bbmdp,mostinf,mostinf,4,time_limit,,,,,34.78069853,27.363776,30.002395,2.638619,0,0,0,,0,0,0,0,0,0,0,326502,5168,863691,mostinf,dfs,1,30,-1,False,False,0,results/final/raw/controlled-bbmdp/real_04/controlled-bbmdp__real_04__mostinf__seed4.json,results/final/raw/controlled-bbmdp/real_04/controlled-bbmdp__real_04__mostinf__seed4.log,
real_04,transfer,large,controlled-bbmdp,rl-mlp,rl-mlp,0,time_limit,,,,,34.936704384,27.205271,30.002279,2.797008,0,0,0,,0,0,0,0,0,0,0,326502,5168,863691,rlmlp,dfs,1,30,-1,False,False,0,results/final/raw/controlled-bbmdp/real_04/controlled-bbmdp__real_04__rl-mlp__seed0.json,results/final/raw/controlled-bbmdp/real_04/controlled-bbmdp__real_04__rl-mlp__seed0.log,results/final/raw/controlled-bbmdp/real_04/controlled-bbmdp__real_04__rl-mlp__seed0.branches.csv
real_04,transfer,large,controlled-bbmdp,rl-mlp,rl-mlp,1,time_limit,,,,,35.007966713,27.341275,30.004129,2.662854,0,0,0,,0,0,0,0,0,0,0,326502,5168,863691,rlmlp,dfs,1,30,-1,False,False,0,results/final/raw/controlled-bbmdp/real_04/controlled-bbmdp__real_04__rl-mlp__seed1.json,results/final/raw/controlled-bbmdp/real_04/controlled-bbmdp__real_04__rl-mlp__seed1.log,results/final/raw/controlled-bbmdp/real_04/controlled-bbmdp__real_04__rl-mlp__seed1.branches.csv
real_04,transfer,large,controlled-bbmdp,rl-mlp,rl-mlp,2,time_limit,,,,,35.228999769,27.161249,30.002393,2.841144,0,0,0,,0,0,0,0,0,0,0,326502,5168,863691,rlmlp,dfs,1,30,-1,False,False,0,results/final/raw/controlled-bbmdp/real_04/controlled-bbmdp__real_04__rl-mlp__seed2.json,results/final/raw/controlled-bbmdp/real_04/controlled-bbmdp__real_04__rl-mlp__seed2.log,results/final/raw/controlled-bbmdp/real_04/controlled-bbmdp__real_04__rl-mlp__seed2.branches.csv
real_04,transfer,large,controlled-bbmdp,rl-mlp,rl-mlp,3,time_limit,,,,,34.96762987,27.382401,30.006574,2.624173,0,0,0,,0,0,0,0,0,0,0,326502,5168,863691,rlmlp,dfs,1,30,-1,False,False,0,results/final/raw/controlled-bbmdp/real_04/controlled-bbmdp__real_04__rl-mlp__seed3.json,results/final/raw/controlled-bbmdp/real_04/controlled-bbmdp__real_04__rl-mlp__seed3.log,results/final/raw/controlled-bbmdp/real_04/controlled-bbmdp__real_04__rl-mlp__seed3.branches.csv
real_04,transfer,large,controlled-bbmdp,rl-mlp,rl-mlp,4,time_limit,,,,,35.225247823,27.140301,30.011206,2.870905,0,0,0,,0,0,0,0,0,0,0,326502,5168,863691,rlmlp,dfs,1,30,-1,False,False,0,results/final/raw/controlled-bbmdp/real_04/controlled-bbmdp__real_04__rl-mlp__seed4.json,results/final/raw/controlled-bbmdp/real_04/controlled-bbmdp__real_04__rl-mlp__seed4.log,results/final/raw/controlled-bbmdp/real_04/controlled-bbmdp__real_04__rl-mlp__seed4.branches.csv
real_04,transfer,large,controlled-bbmdp,rl-gcnn,rl-gcnn,0,time_limit,,,,,36.429438109,27.458441,30.005758,2.547317,0,0,0,,0,0,0,0,0,0,0,326502,5168,863691,rlgcnn,dfs,1,30,-1,False,False,0,results/final/raw/controlled-bbmdp/real_04/controlled-bbmdp__real_04__rl-gcnn__seed0.json,results/final/raw/controlled-bbmdp/real_04/controlled-bbmdp__real_04__rl-gcnn__seed0.log,results/final/raw/controlled-bbmdp/real_04/controlled-bbmdp__real_04__rl-gcnn__seed0.branches.csv
real_04,transfer,large,controlled-bbmdp,rl-gcnn,rl-gcnn,1,time_limit,,,,,37.287256554,26.72758,30.010194,3.282614,0,0,0,,0,0,0,0,0,0,0,326502,5168,863691,rlgcnn,dfs,1,30,-1,False,False,0,results/final/raw/controlled-bbmdp/real_04/controlled-bbmdp__real_04__rl-gcnn__seed1.json,results/final/raw/controlled-bbmdp/real_04/controlled-bbmdp__real_04__rl-gcnn__seed1.log,results/final/raw/controlled-bbmdp/real_04/controlled-bbmdp__real_04__rl-gcnn__seed1.branches.csv
real_04,transfer,large,controlled-bbmdp,rl-gcnn,rl-gcnn,2,time_limit,,,,,36.761078052,27.360814,30.004035,2.643221,0,0,0,,0,0,0,0,0,0,0,326502,5168,863691,rlgcnn,dfs,1,30,-1,False,False,0,results/final/raw/controlled-bbmdp/real_04/controlled-bbmdp__real_04__rl-gcnn__seed2.json,results/final/raw/controlled-bbmdp/real_04/controlled-bbmdp__real_04__rl-gcnn__seed2.log,results/final/raw/controlled-bbmdp/real_04/controlled-bbmdp__real_04__rl-gcnn__seed2.branches.csv
real_04,transfer,large,controlled-bbmdp,rl-gcnn,rl-gcnn,3,time_limit,,,,,39.0207892,27.354215,30.005245,2.65103,0,0,0,,0,0,0,0,0,0,0,326502,5168,863691,rlgcnn,dfs,1,30,-1,False,False,0,results/final/raw/controlled-bbmdp/real_04/controlled-bbmdp__real_04__rl-gcnn__seed3.json,results/final/raw/controlled-bbmdp/real_04/controlled-bbmdp__real_04__rl-gcnn__seed3.log,results/final/raw/controlled-bbmdp/real_04/controlled-bbmdp__real_04__rl-gcnn__seed3.branches.csv
real_04,transfer,large,controlled-bbmdp,rl-gcnn,rl-gcnn,4,time_limit,,,,,37.187020051,26.784401,30.008616,3.224215,0,0,0,,0,0,0,0,0,0,0,326502,5168,863691,rlgcnn,dfs,1,30,-1,False,False,0,results/final/raw/controlled-bbmdp/real_04/controlled-bbmdp__real_04__rl-gcnn__seed4.json,results/final/raw/controlled-bbmdp/real_04/controlled-bbmdp__real_04__rl-gcnn__seed4.log,results/final/raw/controlled-bbmdp/real_04/controlled-bbmdp__real_04__rl-gcnn__seed4.branches.csv
real_05,transfer,medium,controlled-bbmdp,default,default,0,time_limit,,,0.021170315671875,,30.633754333,2.167274,30.008406,27.841132,6,13131,3000.8401,,0,0,0,0,0,0,0,39408,3056,97427,relpscost,dfs,1,30,-1,False,False,0,results/final/raw/controlled-bbmdp/real_05/controlled-bbmdp__real_05__default__seed0.json,results/final/raw/controlled-bbmdp/real_05/controlled-bbmdp__real_05__default__seed0.log,
real_05,transfer,medium,controlled-bbmdp,default,default,1,time_limit,,,0.0211703,,30.745084578,2.761416,30.073564,27.312148,1,14813,3007.356,,0,0,0,0,0,0,0,39408,3056,97427,relpscost,dfs,1,30,-1,False,False,0,results/final/raw/controlled-bbmdp/real_05/controlled-bbmdp__real_05__default__seed1.json,results/final/raw/controlled-bbmdp/real_05/controlled-bbmdp__real_05__default__seed1.log,
real_05,transfer,medium,controlled-bbmdp,default,default,2,time_limit,,,0.0211703,,31.153913728,2.515834,30.36609,27.850256,1,15633,3036.6086,,0,0,0,0,0,0,0,39408,3056,97427,relpscost,dfs,1,30,-1,False,False,0,results/final/raw/controlled-bbmdp/real_05/controlled-bbmdp__real_05__default__seed2.json,results/final/raw/controlled-bbmdp/real_05/controlled-bbmdp__real_05__default__seed2.log,
real_05,transfer,medium,controlled-bbmdp,default,default,3,time_limit,,,0.0211703,,30.913317926,2.604458,30.330332,27.725874,1,13462,3033.0328,,0,0,0,0,0,0,0,39408,3056,97427,relpscost,dfs,1,30,-1,False,False,0,results/final/raw/controlled-bbmdp/real_05/controlled-bbmdp__real_05__default__seed3.json,results/final/raw/controlled-bbmdp/real_05/controlled-bbmdp__real_05__default__seed3.log,
real_05,transfer,medium,controlled-bbmdp,default,default,4,time_limit,,,0.0211703,,30.874304001,2.528374,30.089958,27.561584,1,14910,3008.9953,,0,0,0,0,0,0,0,39408,3056,97427,relpscost,dfs,1,30,-1,False,False,0,results/final/raw/controlled-bbmdp/real_05/controlled-bbmdp__real_05__default__seed4.json,results/final/raw/controlled-bbmdp/real_05/controlled-bbmdp__real_05__default__seed4.log,
real_05,transfer,medium,controlled-bbmdp,relpscost,relpscost,0,time_limit,,,0.021170315671875,,30.54780156,2.159309,30.019306,27.859997,6,13131,3001.9302,,0,0,0,0,0,0,0,39408,3056,97427,relpscost,dfs,1,30,-1,False,False,0,results/final/raw/controlled-bbmdp/real_05/controlled-bbmdp__real_05__relpscost__seed0.json,results/final/raw/controlled-bbmdp/real_05/controlled-bbmdp__real_05__relpscost__seed0.log,
real_05,transfer,medium,controlled-bbmdp,relpscost,relpscost,1,time_limit,,,0.0211703,,30.827364859,2.52418,30.005581,27.481401,1,14813,3000.5578,,0,0,0,0,0,0,0,39408,3056,97427,relpscost,dfs,1,30,-1,False,False,0,results/final/raw/controlled-bbmdp/real_05/controlled-bbmdp__real_05__relpscost__seed1.json,results/final/raw/controlled-bbmdp/real_05/controlled-bbmdp__real_05__relpscost__seed1.log,
real_05,transfer,medium,controlled-bbmdp,relpscost,relpscost,2,time_limit,,,0.0211703,,30.905187087,2.506712,30.282089,27.775377,1,15633,3028.2086,,0,0,0,0,0,0,0,39408,3056,97427,relpscost,dfs,1,30,-1,False,False,0,results/final/raw/controlled-bbmdp/real_05/controlled-bbmdp__real_05__relpscost__seed2.json,results/final/raw/controlled-bbmdp/real_05/controlled-bbmdp__real_05__relpscost__seed2.log,
real_05,transfer,medium,controlled-bbmdp,relpscost,relpscost,3,time_limit,,,0.0211703,,31.192171893,2.534199,30.341605,27.807406,1,13462,3034.1596,,0,0,0,0,0,0,0,39408,3056,97427,relpscost,dfs,1,30,-1,False,False,0,results/final/raw/controlled-bbmdp/real_05/controlled-bbmdp__real_05__relpscost__seed3.json,results/final/raw/controlled-bbmdp/real_05/controlled-bbmdp__real_05__relpscost__seed3.log,
real_05,transfer,medium,controlled-bbmdp,relpscost,relpscost,4,time_limit,,,0.0211703,,30.681633507,2.497935,30.063084,27.565149,1,14910,3006.308,,0,0,0,0,0,0,0,39408,3056,97427,relpscost,dfs,1,30,-1,False,False,0,results/final/raw/controlled-bbmdp/real_05/controlled-bbmdp__real_05__relpscost__seed4.json,results/final/raw/controlled-bbmdp/real_05/controlled-bbmdp__real_05__relpscost__seed4.log,
real_05,transfer,medium,controlled-bbmdp,random,random,0,optimal,0.0211703,0.0211703,0.0211703,0,27.931254583,2.165955,27.304292,25.138337,107,13681,2728.1032,27.263138,0,0,0,0,0,0,0,39408,3056,97427,random,dfs,1,30,-1,True,True,0,results/final/raw/controlled-bbmdp/real_05/controlled-bbmdp__real_05__random__seed0.json,results/final/raw/controlled-bbmdp/real_05/controlled-bbmdp__real_05__random__seed0.log,
real_05,transfer,medium,controlled-bbmdp,random,random,1,time_limit,,,0.0211703,,30.64378382,2.796338,30.056652,27.260314,1,14813,3005.6647,,0,0,0,0,0,0,0,39408,3056,97427,random,dfs,1,30,-1,False,False,0,results/final/raw/controlled-bbmdp/real_05/controlled-bbmdp__real_05__random__seed1.json,results/final/raw/controlled-bbmdp/real_05/controlled-bbmdp__real_05__random__seed1.log,
real_05,transfer,medium,controlled-bbmdp,random,random,2,time_limit,,,0.0211703,,30.787834869,2.535798,30.008196,27.472398,1,15633,3000.8192,,0,0,0,0,0,0,0,39408,3056,97427,random,dfs,1,30,-1,False,False,0,results/final/raw/controlled-bbmdp/real_05/controlled-bbmdp__real_05__random__seed2.json,results/final/raw/controlled-bbmdp/real_05/controlled-bbmdp__real_05__random__seed2.log,
real_05,transfer,medium,controlled-bbmdp,random,random,3,time_limit,,,0.0211703,,30.834430122,2.496101,30.247961,27.75186,1,13462,3024.7956,,0,0,0,0,0,0,0,39408,3056,97427,random,dfs,1,30,-1,False,False,0,results/final/raw/controlled-bbmdp/real_05/controlled-bbmdp__real_05__random__seed3.json,results/final/raw/controlled-bbmdp/real_05/controlled-bbmdp__real_05__random__seed3.log,
real_05,transfer,medium,controlled-bbmdp,random,random,4,time_limit,,,0.0211703,,30.627077244,2.518181,30.022423,27.504242,1,14910,3002.2419,,0,0,0,0,0,0,0,39408,3056,97427,random,dfs,1,30,-1,False,False,0,results/final/raw/controlled-bbmdp/real_05/controlled-bbmdp__real_05__random__seed4.json,results/final/raw/controlled-bbmdp/real_05/controlled-bbmdp__real_05__random__seed4.log,
real_05,transfer,medium,controlled-bbmdp,mostinf,mostinf,0,optimal,0.0211703,0.0211703,0.0211703,0,27.025402712,2.201524,26.422164,24.22064,92,13749,2641.3542,26.410587,0,0,0,0,0,0,0,39408,3056,97427,mostinf,dfs,1,30,-1,True,True,0,results/final/raw/controlled-bbmdp/real_05/controlled-bbmdp__real_05__mostinf__seed0.json,results/final/raw/controlled-bbmdp/real_05/controlled-bbmdp__real_05__mostinf__seed0.log,
real_05,transfer,medium,controlled-bbmdp,mostinf,mostinf,1,time_limit,,,0.0211703,,30.595562664,2.512645,30.013282,27.500637,1,14813,3001.3279,,0,0,0,0,0,0,0,39408,3056,97427,mostinf,dfs,1,30,-1,False,False,0,results/final/raw/controlled-bbmdp/real_05/controlled-bbmdp__real_05__mostinf__seed1.json,results/final/raw/controlled-bbmdp/real_05/controlled-bbmdp__real_05__mostinf__seed1.log,
real_05,transfer,medium,controlled-bbmdp,mostinf,mostinf,2,time_limit,,,0.0211703,,30.905064724,2.531557,30.31377,27.782213,1,15633,3031.3766,,0,0,0,0,0,0,0,39408,3056,97427,mostinf,dfs,1,30,-1,False,False,0,results/final/raw/controlled-bbmdp/real_05/controlled-bbmdp__real_05__mostinf__seed2.json,results/final/raw/controlled-bbmdp/real_05/controlled-bbmdp__real_05__mostinf__seed2.log,
real_05,transfer,medium,controlled-bbmdp,mostinf,mostinf,3,time_limit,,,0.0211703,,30.84548198,2.516639,30.261213,27.744574,1,13462,3026.1209,,0,0,0,0,0,0,0,39408,3056,97427,mostinf,dfs,1,30,-1,False,False,0,results/final/raw/controlled-bbmdp/real_05/controlled-bbmdp__real_05__mostinf__seed3.json,results/final/raw/controlled-bbmdp/real_05/controlled-bbmdp__real_05__mostinf__seed3.log,
real_05,transfer,medium,controlled-bbmdp,mostinf,mostinf,4,time_limit,,,0.0211703,,30.609298347,2.526551,30.005805,27.479254,1,14910,3000.5802,,0,0,0,0,0,0,0,39408,3056,97427,mostinf,dfs,1,30,-1,False,False,0,results/final/raw/controlled-bbmdp/real_05/controlled-bbmdp__real_05__mostinf__seed4.json,results/final/raw/controlled-bbmdp/real_05/controlled-bbmdp__real_05__mostinf__seed4.log,
real_05,transfer,medium,controlled-bbmdp,rl-mlp,rl-mlp,0,time_limit,,,0.021170315671875,,31.221893906,2.155811,30.024008,27.868197,133,13958,3002.4001,,129,0.059907007,0.000464395403100775,0.00063839,0,0,129,39408,3056,97427,rlmlp,dfs,1,30,-1,False,False,0,results/final/raw/controlled-bbmdp/real_05/controlled-bbmdp__real_05__rl-mlp__seed0.json,results/final/raw/controlled-bbmdp/real_05/controlled-bbmdp__real_05__rl-mlp__seed0.log,results/final/raw/controlled-bbmdp/real_05/controlled-bbmdp__real_05__rl-mlp__seed0.branches.csv
real_05,transfer,medium,controlled-bbmdp,rl-mlp,rl-mlp,1,time_limit,,,0.0211703,,30.933705682,2.729443,30.009594,27.280151,1,14813,3000.959,,0,0,0,0,0,0,0,39408,3056,97427,rlmlp,dfs,1,30,-1,False,False,0,results/final/raw/controlled-bbmdp/real_05/controlled-bbmdp__real_05__rl-mlp__seed1.json,results/final/raw/controlled-bbmdp/real_05/controlled-bbmdp__real_05__rl-mlp__seed1.log,results/final/raw/controlled-bbmdp/real_05/controlled-bbmdp__real_05__rl-mlp__seed1.branches.csv
real_05,transfer,medium,controlled-bbmdp,rl-mlp,rl-mlp,2,time_limit,,,0.0211703,,31.226465485,2.498497,30.327322,27.828825,1,15633,3032.7319,,1,0.000625995,0.000625995,0.000625995,0,0,1,39408,3056,97427,rlmlp,dfs,1,30,-1,False,False,0,results/final/raw/controlled-bbmdp/real_05/controlled-bbmdp__real_05__rl-mlp__seed2.json,results/final/raw/controlled-bbmdp/real_05/controlled-bbmdp__real_05__rl-mlp__seed2.log,results/final/raw/controlled-bbmdp/real_05/controlled-bbmdp__real_05__rl-mlp__seed2.branches.csv
real_05,transfer,medium,controlled-bbmdp,rl-mlp,rl-mlp,3,time_limit,,,0.0211703,,31.137727284,2.52366,30.317016,27.793356,1,13462,3031.7011,,0,0,0,0,0,0,0,39408,3056,97427,rlmlp,dfs,1,30,-1,False,False,0,results/final/raw/controlled-bbmdp/real_05/controlled-bbmdp__real_05__rl-mlp__seed3.json,results/final/raw/controlled-bbmdp/real_05/controlled-bbmdp__real_05__rl-mlp__seed3.log,results/final/raw/controlled-bbmdp/real_05/controlled-bbmdp__real_05__rl-mlp__seed3.branches.csv
real_05,transfer,medium,controlled-bbmdp,rl-mlp,rl-mlp,4,time_limit,,,0.0211703,,30.926001244,2.528667,30.000838,27.472171,1,14910,3000.0834,,0,0,0,0,0,0,0,39408,3056,97427,rlmlp,dfs,1,30,-1,False,False,0,results/final/raw/controlled-bbmdp/real_05/controlled-bbmdp__real_05__rl-mlp__seed4.json,results/final/raw/controlled-bbmdp/real_05/controlled-bbmdp__real_05__rl-mlp__seed4.log,results/final/raw/controlled-bbmdp/real_05/controlled-bbmdp__real_05__rl-mlp__seed4.branches.csv
real_05,transfer,medium,controlled-bbmdp,rl-gcnn,rl-gcnn,0,time_limit,,,0.021170315671875,,32.418844136,2.169068,30.009313,27.840245,45,13671,3000.9305,,43,3.352619319,0.0779678911395349,1.420126906,0,0,43,39408,3056,97427,rlgcnn,dfs,1,30,-1,False,False,0,results/final/raw/controlled-bbmdp/real_05/controlled-bbmdp__real_05__rl-gcnn__seed0.json,results/final/raw/controlled-bbmdp/real_05/controlled-bbmdp__real_05__rl-gcnn__seed0.log,results/final/raw/controlled-bbmdp/real_05/controlled-bbmdp__real_05__rl-gcnn__seed0.branches.csv
real_05,transfer,medium,controlled-bbmdp,rl-gcnn,rl-gcnn,1,time_limit,,,0.0211703,,32.474852805,2.48513,30.033421,27.548291,1,14830,3003.3418,,0,0,0,0,0,0,0,39408,3056,97427,rlgcnn,dfs,1,30,-1,False,False,0,results/final/raw/controlled-bbmdp/real_05/controlled-bbmdp__real_05__rl-gcnn__seed1.json,results/final/raw/controlled-bbmdp/real_05/controlled-bbmdp__real_05__rl-gcnn__seed1.log,results/final/raw/controlled-bbmdp/real_05/controlled-bbmdp__real_05__rl-gcnn__seed1.branches.csv
real_05,transfer,medium,controlled-bbmdp,rl-gcnn,rl-gcnn,2,time_limit,,,0.0211703,,32.865474473,2.477796,30.430886,27.95309,1,15633,3043.0883,,1,0.107948886,0.107948886,0.107948886,0,0,1,39408,3056,97427,rlgcnn,dfs,1,30,-1,False,False,0,results/final/raw/controlled-bbmdp/real_05/controlled-bbmdp__real_05__rl-gcnn__seed2.json,results/final/raw/controlled-bbmdp/real_05/controlled-bbmdp__real_05__rl-gcnn__seed2.log,results/final/raw/controlled-bbmdp/real_05/controlled-bbmdp__real_05__rl-gcnn__seed2.branches.csv
real_05,transfer,medium,controlled-bbmdp,rl-gcnn,rl-gcnn,3,time_limit,,,0.0211703,,32.537459154,2.471573,30.065666,27.594093,1,13462,3006.5661,,0,0,0,0,0,0,0,39408,3056,97427,rlgcnn,dfs,1,30,-1,False,False,0,results/final/raw/controlled-bbmdp/real_05/controlled-bbmdp__real_05__rl-gcnn__seed3.json,results/final/raw/controlled-bbmdp/real_05/controlled-bbmdp__real_05__rl-gcnn__seed3.log,results/final/raw/controlled-bbmdp/real_05/controlled-bbmdp__real_05__rl-gcnn__seed3.branches.csv
real_05,transfer,medium,controlled-bbmdp,rl-gcnn,rl-gcnn,4,time_limit,,,0.0211703,,32.481669056,2.55796,30.005661,27.447701,1,14910,3000.5655,,0,0,0,0,0,0,0,39408,3056,97427,rlgcnn,dfs,1,30,-1,False,False,0,results/final/raw/controlled-bbmdp/real_05/controlled-bbmdp__real_05__rl-gcnn__seed4.json,results/final/raw/controlled-bbmdp/real_05/controlled-bbmdp__real_05__rl-gcnn__seed4.log,results/final/raw/controlled-bbmdp/real_05/controlled-bbmdp__real_05__rl-gcnn__seed4.branches.csv
real_08,validation,medium,production-scip,default,default,0,optimal,0.0096121,0.0096121,0.0096121,0,28.802914123,1.450195,28.344374,26.894179,12,13136,2833.0905,28.319598,0,0,0,0,0,0,0,27094,2880,65069,relpscost,estimate,1,30,-1,True,True,0,results/final/raw/production-scip/real_08/production-scip__real_08__default__seed0.json,results/final/raw/production-scip/real_08/production-scip__real_08__default__seed0.log,
real_08,validation,medium,production-scip,default,default,1,optimal,0.00961209999999999,0.00961209999999999,0.00961209999999999,0,18.298632208,1.704445,17.840209,16.135764,1,9350,1777.1616,17.750053,0,0,0,0,0,0,0,27094,2880,65069,relpscost,estimate,1,30,-1,True,True,0,results/final/raw/production-scip/real_08/production-scip__real_08__default__seed1.json,results/final/raw/production-scip/real_08/production-scip__real_08__default__seed1.log,
real_08,validation,medium,production-scip,default,default,2,optimal,0.00961209999999999,0.00961209999999999,0.00961209999999999,0,20.708880306,1.617623,20.263128,18.645505,1,12476,2019.7204,20.176953,0,0,0,0,0,0,0,27094,2880,65069,relpscost,estimate,1,30,-1,True,True,0,results/final/raw/production-scip/real_08/production-scip__real_08__default__seed2.json,results/final/raw/production-scip/real_08/production-scip__real_08__default__seed2.log,
real_08,validation,medium,production-scip,default,default,3,optimal,0.00961209999999999,0.00961209999999999,0.00961209999999999,0,20.461117569,1.634332,20.005692,18.37136,1,9441,1993.8361,19.918224,0,0,0,0,0,0,0,27094,2880,65069,relpscost,estimate,1,30,-1,True,True,0,results/final/raw/production-scip/real_08/production-scip__real_08__default__seed3.json,results/final/raw/production-scip/real_08/production-scip__real_08__default__seed3.log,
real_08,validation,medium,production-scip,default,default,4,time_limit,,,0.0096121,,30.418511734,1.62319,30.017266,28.394076,8,11577,3001.7263,,0,0,0,0,0,0,0,27094,2880,65069,relpscost,estimate,1,30,-1,False,False,0,results/final/raw/production-scip/real_08/production-scip__real_08__default__seed4.json,results/final/raw/production-scip/real_08/production-scip__real_08__default__seed4.log,
real_08,validation,medium,production-scip,relpscost,relpscost,0,optimal,0.0096121,0.0096121,0.0096121,0,28.980077407,1.455193,28.553756,27.098563,12,13136,2854.0245,28.528528,0,0,0,0,0,0,0,27094,2880,65069,relpscost,estimate,1,30,-1,True,True,0,results/final/raw/production-scip/real_08/production-scip__real_08__relpscost__seed0.json,results/final/raw/production-scip/real_08/production-scip__real_08__relpscost__seed0.log,
real_08,validation,medium,production-scip,relpscost,relpscost,1,optimal,0.00961209999999999,0.00961209999999999,0.00961209999999999,0,18.363983859,1.692786,17.910141,16.217355,1,9350,1784.4436,17.824402,0,0,0,0,0,0,0,27094,2880,65069,relpscost,estimate,1,30,-1,True,True,0,results/final/raw/production-scip/real_08/production-scip__real_08__relpscost__seed1.json,results/final/raw/production-scip/real_08/production-scip__real_08__relpscost__seed1.log,
real_08,validation,medium,production-scip,relpscost,relpscost,2,optimal,0.00961209999999999,0.00961209999999999,0.00961209999999999,0,20.755057491,1.644461,20.298691,18.65423,1,12476,2023.1605,20.211257,0,0,0,0,0,0,0,27094,2880,65069,relpscost,estimate,1,30,-1,True,True,0,results/final/raw/production-scip/real_08/production-scip__real_08__relpscost__seed2.json,results/final/raw/production-scip/real_08/production-scip__real_08__relpscost__seed2.log,
real_08,validation,medium,production-scip,relpscost,relpscost,3,optimal,0.00961209999999999,0.00961209999999999,0.00961209999999999,0,20.563730671,1.621356,20.111566,18.49021,1,9441,2004.4367,20.023764,0,0,0,0,0,0,0,27094,2880,65069,relpscost,estimate,1,30,-1,True,True,0,results/final/raw/production-scip/real_08/production-scip__real_08__relpscost__seed3.json,results/final/raw/production-scip/real_08/production-scip__real_08__relpscost__seed3.log,
real_08,validation,medium,production-scip,relpscost,relpscost,4,time_limit,,,0.0096121,,30.401946071,1.687143,30.00744,28.320297,8,11577,3000.7435,,0,0,0,0,0,0,0,27094,2880,65069,relpscost,estimate,1,30,-1,False,False,0,results/final/raw/production-scip/real_08/production-scip__real_08__relpscost__seed4.json,results/final/raw/production-scip/real_08/production-scip__real_08__relpscost__seed4.log,
real_08,validation,medium,production-scip,random,random,0,time_limit,0.0108285823,0.0108285823,0.0096121,0.126557391204836,30.608075547,1.434339,30.181856,28.747517,23,23146,1976.22949568864,18.440861,0,0,0,0,0,0,0,27094,2880,65069,random,estimate,1,30,-1,True,True,0,results/final/raw/production-scip/real_08/production-scip__real_08__random__seed0.json,results/final/raw/production-scip/real_08/production-scip__real_08__random__seed0.log,
real_08,validation,medium,production-scip,random,random,1,optimal,0.00961209999999999,0.00961209999999999,0.00961209999999999,0,18.20919051,1.636954,17.682271,16.045317,1,9350,1758.6144,17.557063,0,0,0,0,0,0,0,27094,2880,65069,random,estimate,1,30,-1,True,True,0,results/final/raw/production-scip/real_08/production-scip__real_08__random__seed1.json,results/final/raw/production-scip/real_08/production-scip__real_08__random__seed1.log,
real_08,validation,medium,production-scip,random,random,2,optimal,0.00961209999999999,0.00961209999999999,0.00961209999999999,0,20.77173844,1.61987,20.323328,18.703458,1,12476,2025.6811,20.23626,0,0,0,0,0,0,0,27094,2880,65069,random,estimate,1,30,-1,True,True,0,results/final/raw/production-scip/real_08/production-scip__real_08__random__seed2.json,results/final/raw/production-scip/real_08/production-scip__real_08__random__seed2.log,
real_08,validation,medium,production-scip,random,random,3,optimal,0.00961209999999999,0.00961209999999999,0.00961209999999999,0,20.463220259,1.674255,20.01645,18.342195,1,9441,1994.9569,19.929146,0,0,0,0,0,0,0,27094,2880,65069,random,estimate,1,30,-1,True,True,0,results/final/raw/production-scip/real_08/production-scip__real_08__random__seed3.json,results/final/raw/production-scip/real_08/production-scip__real_08__random__seed3.log,
real_08,validation,medium,production-scip,random,random,4,time_limit,0.00971959239999999,0.00971959239999999,0.0096121,0.0111830297229529,30.496308284,1.623056,30.013303,28.390247,37,17875,2261.63696382543,21.943538,0,0,0,0,0,0,0,27094,2880,65069,random,estimate,1,30,-1,True,True,0,results/final/raw/production-scip/real_08/production-scip__real_08__random__seed4.json,results/final/raw/production-scip/real_08/production-scip__real_08__random__seed4.log,
real_08,validation,medium,production-scip,mostinf,mostinf,0,optimal,0.0096121,0.0096121,0.0096121,0,20.214552172,1.462757,19.802719,18.339962,81,13553,1979.6385,19.792,0,0,0,0,0,0,0,27094,2880,65069,mostinf,estimate,1,30,-1,True,True,0,results/final/raw/production-scip/real_08/production-scip__real_08__mostinf__seed0.json,results/final/raw/production-scip/real_08/production-scip__real_08__mostinf__seed0.log,
real_08,validation,medium,production-scip,mostinf,mostinf,1,optimal,0.00961209999999999,0.00961209999999999,0.00961209999999999,0,18.327616447,1.753137,17.847369,16.094232,1,9350,1777.9655,17.758404,0,0,0,0,0,0,0,27094,2880,65069,mostinf,estimate,1,30,-1,True,True,0,results/final/raw/production-scip/real_08/production-scip__real_08__mostinf__seed1.json,results/final/raw/production-scip/real_08/production-scip__real_08__mostinf__seed1.log,
real_08,validation,medium,production-scip,mostinf,mostinf,2,optimal,0.00961209999999999,0.00961209999999999,0.00961209999999999,0,20.699534684,1.62336,20.253118,18.629758,1,12476,2018.7531,20.167035,0,0,0,0,0,0,0,27094,2880,65069,mostinf,estimate,1,30,-1,True,True,0,results/final/raw/production-scip/real_08/production-scip__real_08__mostinf__seed2.json,results/final/raw/production-scip/real_08/production-scip__real_08__mostinf__seed2.log,
real_08,validation,medium,production-scip,mostinf,mostinf,3,optimal,0.00961209999999999,0.00961209999999999,0.00961209999999999,0,20.51666813,1.656761,20.059953,18.403192,1,9441,1999.364,19.969188,0,0,0,0,0,0,0,27094,2880,65069,mostinf,estimate,1,30,-1,True,True,0,results/final/raw/production-scip/real_08/production-scip__real_08__mostinf__seed3.json,results/final/raw/production-scip/real_08/production-scip__real_08__mostinf__seed3.log,
real_08,validation,medium,production-scip,mostinf,mostinf,4,optimal,0.0096121,0.0096121,0.0096121,0,22.378408285,1.632938,21.912634,20.279696,52,11785,2189.6537,21.878337,0,0,0,0,0,0,0,27094,2880,65069,mostinf,estimate,1,30,-1,True,True,0,results/final/raw/production-scip/real_08/production-scip__real_08__mostinf__seed4.json,results/final/raw/production-scip/real_08/production-scip__real_08__mostinf__seed4.log,
real_08,validation,medium,production-scip,rl-mlp,rl-mlp,0,optimal,0.0096121,0.0096121,0.0096121,0,18.665593019,1.430286,17.908396,16.47811,15,13370,1788.9808,17.886958,15,0.006644253,0.0004429502,0.000477802,0,0,15,27094,2880,65069,rlmlp,estimate,1,30,-1,True,True,0,results/final/raw/production-scip/real_08/production-scip__real_08__rl-mlp__seed0.json,results/final/raw/production-scip/real_08/production-scip__real_08__rl-mlp__seed0.log,results/final/raw/production-scip/real_08/production-scip__real_08__rl-mlp__seed0.branches.csv
real_08,validation,medium,production-scip,rl-mlp,rl-mlp,1,optimal,0.00961209999999999,0.00961209999999999,0.00961209999999999,0,18.344518539,1.618457,17.690506,16.072049,1,9350,1762.1337,17.595119,0,0,0,0,0,0,0,27094,2880,65069,rlmlp,estimate,1,30,-1,True,True,0,results/final/raw/production-scip/real_08/production-scip__real_08__rl-mlp__seed1.json,results/final/raw/production-scip/real_08/production-scip__real_08__rl-mlp__seed1.log,results/final/raw/production-scip/real_08/production-scip__real_08__rl-mlp__seed1.branches.csv
real_08,validation,medium,production-scip,rl-mlp,rl-mlp,2,optimal,0.00961209999999999,0.00961209999999999,0.00961209999999999,0,20.924099654,1.620524,20.135611,18.515087,1,12476,2007.0293,20.05007,0,0,0,0,0,0,0,27094,2880,65069,rlmlp,estimate,1,30,-1,True,True,0,results/final/raw/production-scip/real_08/production-scip__real_08__rl-mlp__seed2.json,results/final/raw/production-scip/real_08/production-scip__real_08__rl-mlp__seed2.log,results/final/raw/production-scip/real_08/production-scip__real_08__rl-mlp__seed2.branches.csv
real_08,validation,medium,production-scip,rl-mlp,rl-mlp,3,optimal,0.00961209999999999,0.00961209999999999,0.00961209999999999,0,20.859973734,1.64158,20.102,18.46042,1,9441,2003.834,20.017965,0,0,0,0,0,0,0,27094,2880,65069,rlmlp,estimate,1,30,-1,True,True,0,results/final/raw/production-scip/real_08/production-scip__real_08__rl-mlp__seed3.json,results/final/raw/production-scip/real_08/production-scip__real_08__rl-mlp__seed3.log,results/final/raw/production-scip/real_08/production-scip__real_08__rl-mlp__seed3.branches.csv
real_08,validation,medium,production-scip,rl-mlp,rl-mlp,4,time_limit,0.0108147961,0.0108147961,0.0096121,0.125123136463416,30.920368602,1.686073,30.078436,28.392363,23,16013,2327.44368395838,22.41999,23,0.010093177,0.000438833782608696,0.000515094,0,0,23,27094,2880,65069,rlmlp,estimate,1,30,-1,True,True,0,results/final/raw/production-scip/real_08/production-scip__real_08__rl-mlp__seed4.json,results/final/raw/production-scip/real_08/production-scip__real_08__rl-mlp__seed4.log,results/final/raw/production-scip/real_08/production-scip__real_08__rl-mlp__seed4.branches.csv
real_08,validation,medium,production-scip,rl-gcnn,rl-gcnn,0,optimal,0.0096121,0.0096121,0.0096121,0,28.478275188,1.438925,26.184822,24.745897,69,13338,2616.5818,26.151487,64,3.379004512,0.0527969455,1.430410333,0,0,64,27094,2880,65069,rlgcnn,estimate,1,30,-1,True,True,0,results/final/raw/production-scip/real_08/production-scip__real_08__rl-gcnn__seed0.json,results/final/raw/production-scip/real_08/production-scip__real_08__rl-gcnn__seed0.log,results/final/raw/production-scip/real_08/production-scip__real_08__rl-gcnn__seed0.branches.csv
real_08,validation,medium,production-scip,rl-gcnn,rl-gcnn,1,optimal,0.00961209999999999,0.00961209999999999,0.00961209999999999,0,19.752332826,1.601175,17.460733,15.859558,1,9350,1738.939,17.367853,0,0,0,0,0,0,0,27094,2880,65069,rlgcnn,estimate,1,30,-1,True,True,0,results/final/raw/production-scip/real_08/production-scip__real_08__rl-gcnn__seed1.json,results/final/raw/production-scip/real_08/production-scip__real_08__rl-gcnn__seed1.log,results/final/raw/production-scip/real_08/production-scip__real_08__rl-gcnn__seed1.branches.csv
real_08,validation,medium,production-scip,rl-gcnn,rl-gcnn,2,optimal,0.00961209999999999,0.00961209999999999,0.00961209999999999,0,22.441568066,1.605147,20.123201,18.518054,1,12476,2005.7689,20.019152,0,0,0,0,0,0,0,27094,2880,65069,rlgcnn,estimate,1,30,-1,True,True,0,results/final/raw/production-scip/real_08/production-scip__real_08__rl-gcnn__seed2.json,results/final/raw/production-scip/real_08/production-scip__real_08__rl-gcnn__seed2.log,results/final/raw/production-scip/real_08/production-scip__real_08__rl-gcnn__seed2.branches.csv
real_08,validation,medium,production-scip,rl-gcnn,rl-gcnn,3,optimal,0.00961209999999999,0.00961209999999999,0.00961209999999999,0,22.113437263,1.594355,19.825129,18.230774,1,9441,1976.2417,19.724086,0,0,0,0,0,0,0,27094,2880,65069,rlgcnn,estimate,1,30,-1,True,True,0,results/final/raw/production-scip/real_08/production-scip__real_08__rl-gcnn__seed3.json,results/final/raw/production-scip/real_08/production-scip__real_08__rl-gcnn__seed3.log,results/final/raw/production-scip/real_08/production-scip__real_08__rl-gcnn__seed3.branches.csv
real_08,validation,medium,production-scip,rl-gcnn,rl-gcnn,4,optimal,0.0096121,0.0096121,0.0096121,0,27.45249571,1.699243,25.133517,23.434274,14,11867,2511.4172,25.108372,14,2.810301721,0.200735837214286,1.434953735,0,0,14,27094,2880,65069,rlgcnn,estimate,1,30,-1,True,True,0,results/final/raw/production-scip/real_08/production-scip__real_08__rl-gcnn__seed4.json,results/final/raw/production-scip/real_08/production-scip__real_08__rl-gcnn__seed4.log,results/final/raw/production-scip/real_08/production-scip__real_08__rl-gcnn__seed4.branches.csv
real_09,test,small,production-scip,default,default,0,optimal,0.0022776,0.0022776,0.0022776,0,4.235339953,0.463326,4.027832,3.564506,9,3596,181.179055139867,0.746381,0,0,0,0,0,0,0,10746,2668,22075,relpscost,estimate,1,30,-1,True,True,0,results/final/raw/production-scip/real_09/production-scip__real_09__default__seed0.json,results/final/raw/production-scip/real_09/production-scip__real_09__default__seed0.log,
real_09,test,small,production-scip,default,default,1,optimal,0.0022776,0.0022776,0.0022776,0,0.973568445,0.499937,0.817773,0.317836,1,1907,80.3163459818467,0.751444,0,0,0,0,0,0,0,10746,2668,22075,relpscost,estimate,1,30,-1,True,True,0,results/final/raw/production-scip/real_09/production-scip__real_09__default__seed1.json,results/final/raw/production-scip/real_09/production-scip__real_09__default__seed1.log,
real_09,test,small,production-scip,default,default,2,optimal,0.0022776,0.0022776,0.0022776,0,1.516210995,0.491732,1.359631,0.867899,1,2025,94.4384956511054,0.717771,0,0,0,0,0,0,0,10746,2668,22075,relpscost,estimate,1,30,-1,True,True,0,results/final/raw/production-scip/real_09/production-scip__real_09__default__seed2.json,results/final/raw/production-scip/real_09/production-scip__real_09__default__seed2.log,
real_09,test,small,production-scip,default,default,3,optimal,0.0022776,0.0022776,0.0022776,0,1.895920716,0.49102,1.713492,1.222472,1,2906,109.663980617661,0.776664,0,0,0,0,0,0,0,10746,2668,22075,relpscost,estimate,1,30,-1,True,True,0,results/final/raw/production-scip/real_09/production-scip__real_09__default__seed3.json,results/final/raw/production-scip/real_09/production-scip__real_09__default__seed3.log,
real_09,test,small,production-scip,default,default,4,optimal,0.0022776,0.0022776,0.0022776,0,1.679033809,0.495503,1.51645,1.020947,1,2006,100.308273192806,0.735585,0,0,0,0,0,0,0,10746,2668,22075,relpscost,estimate,1,30,-1,True,True,0,results/final/raw/production-scip/real_09/production-scip__real_09__default__seed4.json,results/final/raw/production-scip/real_09/production-scip__real_09__default__seed4.log,
real_09,test,small,production-scip,relpscost,relpscost,0,optimal,0.0022776,0.0022776,0.0022776,0,4.139701432,0.462096,3.994459,3.532363,9,3596,180.084085181579,0.746051,0,0,0,0,0,0,0,10746,2668,22075,relpscost,estimate,1,30,-1,True,True,0,results/final/raw/production-scip/real_09/production-scip__real_09__relpscost__seed0.json,results/final/raw/production-scip/real_09/production-scip__real_09__relpscost__seed0.log,
real_09,test,small,production-scip,relpscost,relpscost,1,optimal,0.0022776,0.0022776,0.0022776,0,0.989315944,0.50802,0.829572,0.321552,1,1907,81.4973993261679,0.764151,0,0,0,0,0,0,0,10746,2668,22075,relpscost,estimate,1,30,-1,True,True,0,results/final/raw/production-scip/real_09/production-scip__real_09__relpscost__seed1.json,results/final/raw/production-scip/real_09/production-scip__real_09__relpscost__seed1.log,
real_09,test,small,production-scip,relpscost,relpscost,2,optimal,0.0022776,0.0022776,0.0022776,0,1.54048301,0.494978,1.378368,0.88339,1,2025,95.6185442828922,0.725258,0,0,0,0,0,0,0,10746,2668,22075,relpscost,estimate,1,30,-1,True,True,0,results/final/raw/production-scip/real_09/production-scip__real_09__relpscost__seed2.json,results/final/raw/production-scip/real_09/production-scip__real_09__relpscost__seed2.log,
real_09,test,small,production-scip,relpscost,relpscost,3,optimal,0.0022776,0.0022776,0.0022776,0,1.896112092,0.515029,1.737275,1.222246,1,2906,112.955417025865,0.810661,0,0,0,0,0,0,0,10746,2668,22075,relpscost,estimate,1,30,-1,True,True,0,results/final/raw/production-scip/real_09/production-scip__real_09__relpscost__seed3.json,results/final/raw/production-scip/real_09/production-scip__real_09__relpscost__seed3.log,
real_09,test,small,production-scip,relpscost,relpscost,4,optimal,0.0022776,0.0022776,0.0022776,0,1.686084031,0.50468,1.527892,1.023212,1,2006,101.293403291964,0.744733,0,0,0,0,0,0,0,10746,2668,22075,relpscost,estimate,1,30,-1,True,True,0,results/final/raw/production-scip/real_09/production-scip__real_09__relpscost__seed4.json,results/final/raw/production-scip/real_09/production-scip__real_09__relpscost__seed4.log,
real_09,test,small,production-scip,random,random,0,optimal,0.0022776,0.0022776,0.0022776,0,2.227983618,0.461498,2.079894,1.618396,4,3655,119.967836377876,0.746644,0,0,0,0,0,0,0,10746,2668,22075,random,estimate,1,30,-1,True,True,0,results/final/raw/production-scip/real_09/production-scip__real_09__random__seed0.json,results/final/raw/production-scip/real_09/production-scip__real_09__random__seed0.log,
real_09,test,small,production-scip,random,random,1,optimal,0.0022776,0.0022776,0.0022776,0,0.986861236,0.513648,0.833926,0.320278,1,1907,81.9046482590496,0.764837,0,0,0,0,0,0,0,10746,2668,22075,random,estimate,1,30,-1,True,True,0,results/final/raw/production-scip/real_09/production-scip__real_09__random__seed1.json,results/final/raw/production-scip/real_09/production-scip__real_09__random__seed1.log,
real_09,test,small,production-scip,random,random,2,optimal,0.0022776,0.0022776,0.0022776,0,1.556868146,0.493946,1.395607,0.901661,1,2025,96.4499278675957,0.727597,0,0,0,0,0,0,0,10746,2668,22075,random,estimate,1,30,-1,True,True,0,results/final/raw/production-scip/real_09/production-scip__real_09__random__seed2.json,results/final/raw/production-scip/real_09/production-scip__real_09__random__seed2.log,
real_09,test,small,production-scip,random,random,3,optimal,0.0022776,0.0022776,0.0022776,0,1.903600418,0.511365,1.745429,1.234064,1,2906,113.025073278209,0.809307,0,0,0,0,0,0,0,10746,2668,22075,random,estimate,1,30,-1,True,True,0,results/final/raw/production-scip/real_09/production-scip__real_09__random__seed3.json,results/final/raw/production-scip/real_09/production-scip__real_09__random__seed3.log,
real_09,test,small,production-scip,random,random,4,optimal,0.0022776,0.0022776,0.0022776,0,1.742995344,0.540237,1.582148,1.041911,1,2006,105.746392929285,0.78272,0,0,0,0,0,0,0,10746,2668,22075,random,estimate,1,30,-1,True,True,0,results/final/raw/production-scip/real_09/production-scip__real_09__random__seed4.json,results/final/raw/production-scip/real_09/production-scip__real_09__random__seed4.log,
real_09,test,small,production-scip,mostinf,mostinf,0,optimal,0.0022776,0.0022776,0.0022776,0,2.241017215,0.465882,2.091772,1.62589,12,3583,121.071999305756,0.754552,0,0,0,0,0,0,0,10746,2668,22075,mostinf,estimate,1,30,-1,True,True,0,results/final/raw/production-scip/real_09/production-scip__real_09__mostinf__seed0.json,results/final/raw/production-scip/real_09/production-scip__real_09__mostinf__seed0.log,
real_09,test,small,production-scip,mostinf,mostinf,1,optimal,0.0022776,0.0022776,0.0022776,0,0.959508652,0.501261,0.807906,0.306645,1,1907,79.4241090771932,0.745659,0,0,0,0,0,0,0,10746,2668,22075,mostinf,estimate,1,30,-1,True,True,0,results/final/raw/production-scip/real_09/production-scip__real_09__mostinf__seed1.json,results/final/raw/production-scip/real_09/production-scip__real_09__mostinf__seed1.log,
real_09,test,small,production-scip,mostinf,mostinf,2,optimal,0.0022776,0.0022776,0.0022776,0,1.594682907,0.496643,1.40623,0.909587,1,2025,96.4251287568006,0.725952,0,0,0,0,0,0,0,10746,2668,22075,mostinf,estimate,1,30,-1,True,True,0,results/final/raw/production-scip/real_09/production-scip__real_09__mostinf__seed2.json,results/final/raw/production-scip/real_09/production-scip__real_09__mostinf__seed2.log,
real_09,test,small,production-scip,mostinf,mostinf,3,optimal,0.0022776,0.0022776,0.0022776,0,1.882479709,0.503575,1.724459,1.220884,1,2906,111.892593542729,0.802172,0,0,0,0,0,0,0,10746,2668,22075,mostinf,estimate,1,30,-1,True,True,0,results/final/raw/production-scip/real_09/production-scip__real_09__mostinf__seed3.json,results/final/raw/production-scip/real_09/production-scip__real_09__mostinf__seed3.log,
real_09,test,small,production-scip,mostinf,mostinf,4,optimal,0.0022776,0.0022776,0.0022776,0,1.685917539,0.498782,1.525748,1.026966,1,2006,100.898376297496,0.739099,0,0,0,0,0,0,0,10746,2668,22075,mostinf,estimate,1,30,-1,True,True,0,results/final/raw/production-scip/real_09/production-scip__real_09__mostinf__seed4.json,results/final/raw/production-scip/real_09/production-scip__real_09__mostinf__seed4.log,
real_09,test,small,production-scip,strong,strong,0,optimal,0.0022776,0.0022776,0.0022776,0,10.893363227,0.462795,10.744761,10.281966,18,3622,392.977642594422,0.750133,0,0,0,0,0,0,0,10746,2668,22075,fullstrong,estimate,1,30,-1,True,True,0,results/final/raw/production-scip/real_09/production-scip__real_09__strong__seed0.json,results/final/raw/production-scip/real_09/production-scip__real_09__strong__seed0.log,
real_09,test,small,production-scip,strong,strong,1,optimal,0.0022776,0.0022776,0.0022776,0,0.999037439,0.51351,0.840014,0.326504,1,1907,82.4162562135423,0.770693,0,0,0,0,0,0,0,10746,2668,22075,fullstrong,estimate,1,30,-1,True,True,0,results/final/raw/production-scip/real_09/production-scip__real_09__strong__seed1.json,results/final/raw/production-scip/real_09/production-scip__real_09__strong__seed1.log,
real_09,test,small,production-scip,strong,strong,2,optimal,0.0022776,0.0022776,0.0022776,0,1.586659563,0.510953,1.424408,0.913455,1,2025,98.7450792612931,0.747878,0,0,0,0,0,0,0,10746,2668,22075,fullstrong,estimate,1,30,-1,True,True,0,results/final/raw/production-scip/real_09/production-scip__real_09__strong__seed2.json,results/final/raw/production-scip/real_09/production-scip__real_09__strong__seed2.log,
real_09,test,small,production-scip,strong,strong,3,optimal,0.0022776,0.0022776,0.0022776,0,1.968140534,0.508909,1.805752,1.296843,1,2906,114.838771251184,0.808325,0,0,0,0,0,0,0,10746,2668,22075,fullstrong,estimate,1,30,-1,True,True,0,results/final/raw/production-scip/real_09/production-scip__real_09__strong__seed3.json,results/final/raw/production-scip/real_09/production-scip__real_09__strong__seed3.log,
real_09,test,small,production-scip,strong,strong,4,optimal,0.0022776,0.0022776,0.0022776,0,1.713767815,0.511195,1.555861,1.044666,1,2006,103.971626114553,0.765828,0,0,0,0,0,0,0,10746,2668,22075,fullstrong,estimate,1,30,-1,True,True,0,results/final/raw/production-scip/real_09/production-scip__real_09__strong__seed4.json,results/final/raw/production-scip/real_09/production-scip__real_09__strong__seed4.log,
real_09,test,small,production-scip,rl-mlp,rl-mlp,0,optimal,0.0022776,0.0022776,0.0022776,0,2.710834209,0.455349,2.225044,1.769695,13,3579,131.052890368433,0.823137,12,0.002848015,0.000237334583333333,0.000338519,0,0,12,10746,2668,22075,rlmlp,estimate,1,30,-1,True,True,0,results/final/raw/production-scip/real_09/production-scip__real_09__rl-mlp__seed0.json,results/final/raw/production-scip/real_09/production-scip__real_09__rl-mlp__seed0.log,results/final/raw/production-scip/real_09/production-scip__real_09__rl-mlp__seed0.branches.csv
real_09,test,small,production-scip,rl-mlp,rl-mlp,1,optimal,0.0022776,0.0022776,0.0022776,0,1.281985355,0.514026,0.840752,0.326726,1,1907,82.4664012672099,0.769482,0,0,0,0,0,0,0,10746,2668,22075,rlmlp,estimate,1,30,-1,True,True,0,results/final/raw/production-scip/real_09/production-scip__real_09__rl-mlp__seed1.json,results/final/raw/production-scip/real_09/production-scip__real_09__rl-mlp__seed1.log,results/final/raw/production-scip/real_09/production-scip__real_09__rl-mlp__seed1.branches.csv
real_09,test,small,production-scip,rl-mlp,rl-mlp,2,optimal,0.0022776,0.0022776,0.0022776,0,1.91443553,0.496505,1.400762,0.904257,1,2025,97.0823579347589,0.732983,0,0,0,0,0,0,0,10746,2668,22075,rlmlp,estimate,1,30,-1,True,True,0,results/final/raw/production-scip/real_09/production-scip__real_09__rl-mlp__seed2.json,results/final/raw/production-scip/real_09/production-scip__real_09__rl-mlp__seed2.log,results/final/raw/production-scip/real_09/production-scip__real_09__rl-mlp__seed2.branches.csv
real_09,test,small,production-scip,rl-mlp,rl-mlp,3,optimal,0.0022776,0.0022776,0.0022776,0,2.290309871,0.511897,1.743706,1.231809,1,2906,113.180656490458,0.811016,0,0,0,0,0,0,0,10746,2668,22075,rlmlp,estimate,1,30,-1,True,True,0,results/final/raw/production-scip/real_09/production-scip__real_09__rl-mlp__seed3.json,results/final/raw/production-scip/real_09/production-scip__real_09__rl-mlp__seed3.log,results/final/raw/production-scip/real_09/production-scip__real_09__rl-mlp__seed3.branches.csv
real_09,test,small,production-scip,rl-mlp,rl-mlp,4,optimal,0.0022776,0.0022776,0.0022776,0,2.080563024,0.490742,1.523744,1.033002,1,2006,101.008142552891,0.73742,0,0,0,0,0,0,0,10746,2668,22075,rlmlp,estimate,1,30,-1,True,True,0,results/final/raw/production-scip/real_09/production-scip__real_09__rl-mlp__seed4.json,results/final/raw/production-scip/real_09/production-scip__real_09__rl-mlp__seed4.log,results/final/raw/production-scip/real_09/production-scip__real_09__rl-mlp__seed4.branches.csv
real_09,test,small,production-scip,rl-gcnn,rl-gcnn,0,optimal,0.0022776,0.0022776,0.0022776,0,6.855206845,0.454468,4.898759,4.444291,8,3625,207.575351756976,0.732542,8,2.667011908,0.3333764885,1.419555989,0,0,8,10746,2668,22075,rlgcnn,estimate,1,30,-1,True,True,0,results/final/raw/production-scip/real_09/production-scip__real_09__rl-gcnn__seed0.json,results/final/raw/production-scip/real_09/production-scip__real_09__rl-gcnn__seed0.log,results/final/raw/production-scip/real_09/production-scip__real_09__rl-gcnn__seed0.branches.csv
real_09,test,small,production-scip,rl-gcnn,rl-gcnn,1,optimal,0.0022776,0.0022776,0.0022776,0,2.742484073,0.489962,0.796244,0.306282,1,1907,78.2213076204587,0.733074,0,0,0,0,0,0,0,10746,2668,22075,rlgcnn,estimate,1,30,-1,True,True,0,results/final/raw/production-scip/real_09/production-scip__real_09__rl-gcnn__seed1.json,results/final/raw/production-scip/real_09/production-scip__real_09__rl-gcnn__seed1.log,results/final/raw/production-scip/real_09/production-scip__real_09__rl-gcnn__seed1.branches.csv
real_09,test,small,production-scip,rl-gcnn,rl-gcnn,2,optimal,0.0022776,0.0022776,0.0022776,0,3.510397271,0.490948,1.543611,1.052663,1,2025,112.635173037515,0.898386,0,0,0,0,0,0,0,10746,2668,22075,rlgcnn,estimate,1,30,-1,True,True,0,results/final/raw/production-scip/real_09/production-scip__real_09__rl-gcnn__seed2.json,results/final/raw/production-scip/real_09/production-scip__real_09__rl-gcnn__seed2.log,results/final/raw/production-scip/real_09/production-scip__real_09__rl-gcnn__seed2.branches.csv
real_09,test,small,production-scip,rl-gcnn,rl-gcnn,3,optimal,0.0022776,0.0022776,0.0022776,0,3.661888104,0.493887,1.692013,1.198126,1,2906,109.271154645987,0.781495,0,0,0,0,0,0,0,10746,2668,22075,rlgcnn,estimate,1,30,-1,True,True,0,results/final/raw/production-scip/real_09/production-scip__real_09__rl-gcnn__seed3.json,results/final/raw/production-scip/real_09/production-scip__real_09__rl-gcnn__seed3.log,results/final/raw/production-scip/real_09/production-scip__real_09__rl-gcnn__seed3.branches.csv
real_09,test,small,production-scip,rl-gcnn,rl-gcnn,4,optimal,0.0022776,0.0022776,0.0022776,0,3.525648508,0.513607,1.563472,1.049865,1,2006,103.572068016918,0.758765,0,0,0,0,0,0,0,10746,2668,22075,rlgcnn,estimate,1,30,-1,True,True,0,results/final/raw/production-scip/real_09/production-scip__real_09__rl-gcnn__seed4.json,results/final/raw/production-scip/real_09/production-scip__real_09__rl-gcnn__seed4.log,results/final/raw/production-scip/real_09/production-scip__real_09__rl-gcnn__seed4.branches.csv
real_01,transfer,medium,production-scip,default,default,0,time_limit,,,2.93411,,30.776006344,2.165504,30.013014,27.84751,2,17237,3001.301,,0,0,0,0,0,0,0,52708,1700,135556,relpscost,estimate,1,30,-1,False,False,0,results/final/raw/production-scip/real_01/production-scip__real_01__default__seed0.json,results/final/raw/production-scip/real_01/production-scip__real_01__default__seed0.log,
real_01,transfer,medium,production-scip,default,default,1,time_limit,,,2.93411,,30.736719671,2.582168,30.016441,27.434273,4,13286,3001.6437,,0,0,0,0,0,0,0,52708,1700,135556,relpscost,estimate,1,30,-1,False,False,0,results/final/raw/production-scip/real_01/production-scip__real_01__default__seed1.json,results/final/raw/production-scip/real_01/production-scip__real_01__default__seed1.log,
real_01,transfer,medium,production-scip,default,default,2,time_limit,3.00177411,3.00177411,2.93411,0.0230612042493292,30.883116687,2.651398,30.013947,27.362549,3,13991,616.688585555351,5.612331,0,0,0,0,0,0,0,52708,1700,135556,relpscost,estimate,1,30,-1,True,True,0,results/final/raw/production-scip/real_01/production-scip__real_01__default__seed2.json,results/final/raw/production-scip/real_01/production-scip__real_01__default__seed2.log,
real_01,transfer,medium,production-scip,default,default,3,time_limit,2.99681668,2.99681668,2.93411,0.0213716186509707,30.867173178,2.673887,30.018803,27.344916,6,11562,1041.36556473309,9.989658,0,0,0,0,0,0,0,52708,1700,135556,relpscost,estimate,1,30,-1,True,True,0,results/final/raw/production-scip/real_01/production-scip__real_01__default__seed3.json,results/final/raw/production-scip/real_01/production-scip__real_01__default__seed3.log,
real_01,transfer,medium,production-scip,default,default,4,time_limit,3.5438986,3.5438986,2.93411,0.207827450231927,30.868987893,2.813888,30.008569,27.194681,8,13085,1209.09674129673,8.362307,0,0,0,0,0,0,0,52708,1700,135556,relpscost,estimate,1,30,-1,True,True,0,results/final/raw/production-scip/real_01/production-scip__real_01__default__seed4.json,results/final/raw/production-scip/real_01/production-scip__real_01__default__seed4.log,
real_01,transfer,medium,production-scip,relpscost,relpscost,0,time_limit,,,2.93411,,30.703777764,2.141264,30.009651,27.868387,2,17237,3000.9647,,0,0,0,0,0,0,0,52708,1700,135556,relpscost,estimate,1,30,-1,False,False,0,results/final/raw/production-scip/real_01/production-scip__real_01__relpscost__seed0.json,results/final/raw/production-scip/real_01/production-scip__real_01__relpscost__seed0.log,
real_01,transfer,medium,production-scip,relpscost,relpscost,1,time_limit,,,2.93411,,30.745904582,2.684406,30.013362,27.328956,4,13286,3001.3358,,0,0,0,0,0,0,0,52708,1700,135556,relpscost,estimate,1,30,-1,False,False,0,results/final/raw/production-scip/real_01/production-scip__real_01__relpscost__seed1.json,results/final/raw/production-scip/real_01/production-scip__real_01__relpscost__seed1.log,
real_01,transfer,medium,production-scip,relpscost,relpscost,2,time_limit,3.00177411,3.00177411,2.93411,0.0230612042493292,30.855960995,2.571248,30.013463,27.442215,3,13991,605.994683649146,5.5029,0,0,0,0,0,0,0,52708,1700,135556,relpscost,estimate,1,30,-1,True,True,0,results/final/raw/production-scip/real_01/production-scip__real_01__relpscost__seed2.json,results/final/raw/production-scip/real_01/production-scip__real_01__relpscost__seed2.log,
real_01,transfer,medium,production-scip,relpscost,relpscost,3,time_limit,2.99681668,2.99681668,2.93411,0.0213716186509707,30.844989875,2.656676,30.008128,27.351452,6,11562,1039.9813337861,9.97586,0,0,0,0,0,0,0,52708,1700,135556,relpscost,estimate,1,30,-1,True,True,0,results/final/raw/production-scip/real_01/production-scip__real_01__relpscost__seed3.json,results/final/raw/production-scip/real_01/production-scip__real_01__relpscost__seed3.log,
real_01,transfer,medium,production-scip,relpscost,relpscost,4,time_limit,3.5438986,3.5438986,2.93411,0.207827450231927,30.859409909,2.597458,30.022573,27.425115,8,13085,1190.00029099766,8.12888,0,0,0,0,0,0,0,52708,1700,135556,relpscost,estimate,1,30,-1,True,True,0,results/final/raw/production-scip/real_01/production-scip__real_01__relpscost__seed4.json,results/final/raw/production-scip/real_01/production-scip__real_01__relpscost__seed4.log,
real_01,transfer,medium,production-scip,random,random,0,time_limit,,,2.93411,,30.849443834,2.218941,30.01344,27.794499,47,18527,3001.3433,,0,0,0,0,0,0,0,52708,1700,135556,random,estimate,1,30,-1,False,False,0,results/final/raw/production-scip/real_01/production-scip__real_01__random__seed0.json,results/final/raw/production-scip/real_01/production-scip__real_01__random__seed0.log,
real_01,transfer,medium,production-scip,random,random,1,time_limit,,,2.93411,,31.009658036,2.558639,30.287717,27.729078,98,15608,3028.7709,,0,0,0,0,0,0,0,52708,1700,135556,random,estimate,1,30,-1,False,False,0,results/final/raw/production-scip/real_01/production-scip__real_01__random__seed1.json,results/final/raw/production-scip/real_01/production-scip__real_01__random__seed1.log,
real_01,transfer,medium,production-scip,random,random,2,optimal,2.93411,2.93411,2.93411,0,25.125903068,2.688513,24.30429,21.615777,38,21991,608.478870396051,5.660256,0,0,0,0,0,0,0,52708,1700,135556,random,estimate,1,30,-1,True,True,0,results/final/raw/production-scip/real_01/production-scip__real_01__random__seed2.json,results/final/raw/production-scip/real_01/production-scip__real_01__random__seed2.log,
real_01,transfer,medium,production-scip,random,random,3,time_limit,2.99681668,2.99681668,2.93411,0.0213716186509707,30.880600344,2.679999,30.042412,27.362413,37,19048,1043.10895967847,10.007086,0,0,0,0,0,0,0,52708,1700,135556,random,estimate,1,30,-1,True,True,0,results/final/raw/production-scip/real_01/production-scip__real_01__random__seed3.json,results/final/raw/production-scip/real_01/production-scip__real_01__random__seed3.log,
real_01,transfer,medium,production-scip,random,random,4,optimal,2.93411,2.93411,2.93411,0,19.224504016,2.631503,18.395596,15.764093,26,14027,991.315503890026,8.149947,0,0,0,0,0,0,0,52708,1700,135556,random,estimate,1,30,-1,True,True,0,results/final/raw/production-scip/real_01/production-scip__real_01__random__seed4.json,results/final/raw/production-scip/real_01/production-scip__real_01__random__seed4.log,
real_01,transfer,medium,production-scip,mostinf,mostinf,0,time_limit,2.93418992,2.93418992,2.93411,2.72382426017164e-05,30.810526649,2.166492,30.003358,27.836866,25,19575,2968.43266897433,29.680769,0,0,0,0,0,0,0,52708,1700,135556,mostinf,estimate,1,30,-1,True,True,0,results/final/raw/production-scip/real_01/production-scip__real_01__mostinf__seed0.json,results/final/raw/production-scip/real_01/production-scip__real_01__mostinf__seed0.log,
real_01,transfer,medium,production-scip,mostinf,mostinf,1,time_limit,,,2.93411,,30.776338726,2.558597,30.060283,27.501686,100,17164,3006.0276,,0,0,0,0,0,0,0,52708,1700,135556,mostinf,estimate,1,30,-1,False,False,0,results/final/raw/production-scip/real_01/production-scip__real_01__mostinf__seed1.json,results/final/raw/production-scip/real_01/production-scip__real_01__mostinf__seed1.log,
real_01,transfer,medium,production-scip,mostinf,mostinf,2,optimal,2.93411,2.93411,2.93411,0,29.416715934,2.735228,28.530303,25.795075,201,18267,627.280080596566,5.757061,0,0,0,0,0,0,0,52708,1700,135556,mostinf,estimate,1,30,-1,True,True,0,results/final/raw/production-scip/real_01/production-scip__real_01__mostinf__seed2.json,results/final/raw/production-scip/real_01/production-scip__real_01__mostinf__seed2.log,
real_01,transfer,medium,production-scip,mostinf,mostinf,3,time_limit,2.94717692,2.94717692,2.93411,0.00445345266537382,30.883016104,2.646998,30.054873,27.407875,201,16613,1031.42271344598,9.95252,0,0,0,0,0,0,0,52708,1700,135556,mostinf,estimate,1,30,-1,True,True,0,results/final/raw/production-scip/real_01/production-scip__real_01__mostinf__seed3.json,results/final/raw/production-scip/real_01/production-scip__real_01__mostinf__seed3.log,
real_01,transfer,medium,production-scip,mostinf,mostinf,4,optimal,2.93411,2.93411,2.93411,0,22.799676575,2.773,21.971835,19.198835,81,15696,1076.34344783468,8.433676,0,0,0,0,0,0,0,52708,1700,135556,mostinf,estimate,1,30,-1,True,True,0,results/final/raw/production-scip/real_01/production-scip__real_01__mostinf__seed4.json,results/final/raw/production-scip/real_01/production-scip__real_01__mostinf__seed4.log,
real_01,transfer,medium,production-scip,rl-mlp,rl-mlp,0,time_limit,,,2.93411,,31.037282378,2.160689,30.021381,27.860692,48,18062,3002.1376,,47,0.027542698,0.00058601485106383,0.00066939,0,0,47,52708,1700,135556,rlmlp,estimate,1,30,-1,False,False,0,results/final/raw/production-scip/real_01/production-scip__real_01__rl-mlp__seed0.json,results/final/raw/production-scip/real_01/production-scip__real_01__rl-mlp__seed0.log,results/final/raw/production-scip/real_01/production-scip__real_01__rl-mlp__seed0.branches.csv
real_01,transfer,medium,production-scip,rl-mlp,rl-mlp,1,time_limit,2.93982416,2.93982416,2.93411,0.00194749344775747,31.245874864,2.64111,30.032084,27.390974,27,17138,2543.45366815934,25.420904,27,0.022702015,0.00084081537037037,0.001023625,0,0,27,52708,1700,135556,rlmlp,estimate,1,30,-1,True,True,0,results/final/raw/production-scip/real_01/production-scip__real_01__rl-mlp__seed1.json,results/final/raw/production-scip/real_01/production-scip__real_01__rl-mlp__seed1.log,results/final/raw/production-scip/real_01/production-scip__real_01__rl-mlp__seed1.branches.csv
real_01,transfer,medium,production-scip,rl-mlp,rl-mlp,2,time_limit,2.96968652,2.96968652,2.93411,0.012125148682224,31.531485689,2.622813,30.354765,27.731952,77,30671,610.479622294057,5.596938,77,0.045260018,0.000587792441558442,0.00083633,0,0,77,52708,1700,135556,rlmlp,estimate,1,30,-1,True,True,0,results/final/raw/production-scip/real_01/production-scip__real_01__rl-mlp__seed2.json,results/final/raw/production-scip/real_01/production-scip__real_01__rl-mlp__seed2.log,results/final/raw/production-scip/real_01/production-scip__real_01__rl-mlp__seed2.branches.csv
real_01,transfer,medium,production-scip,rl-mlp,rl-mlp,3,optimal,2.93411,2.93411,2.93411,0,26.78434445,3.117391,25.49412,22.376729,92,15216,1084.15953325253,10.524215,91,0.060533614,0.000665204549450549,0.000922141,0,0,91,52708,1700,135556,rlmlp,estimate,1,30,-1,True,True,0,results/final/raw/production-scip/real_01/production-scip__real_01__rl-mlp__seed3.json,results/final/raw/production-scip/real_01/production-scip__real_01__rl-mlp__seed3.log,results/final/raw/production-scip/real_01/production-scip__real_01__rl-mlp__seed3.branches.csv
real_01,transfer,medium,production-scip,rl-mlp,rl-mlp,4,time_limit,3.45645552,3.45645552,2.93411,0.17802520014587,31.276974395,2.725337,30.030602,27.305265,149,17244,1205.18808911795,8.434318,146,0.084014375,0.000575440924657534,0.000832568,0,0,146,52708,1700,135556,rlmlp,estimate,1,30,-1,True,True,0,results/final/raw/production-scip/real_01/production-scip__real_01__rl-mlp__seed4.json,results/final/raw/production-scip/real_01/production-scip__real_01__rl-mlp__seed4.log,results/final/raw/production-scip/real_01/production-scip__real_01__rl-mlp__seed4.branches.csv
real_01,transfer,medium,production-scip,rl-gcnn,rl-gcnn,0,time_limit,,,2.93411,,32.837795634,2.155282,30.250286,28.095004,3,17213,3025.0282,,3,2.655931624,0.885310541333333,1.419457695,0,0,3,52708,1700,135556,rlgcnn,estimate,1,30,-1,False,False,0,results/final/raw/production-scip/real_01/production-scip__real_01__rl-gcnn__seed0.json,results/final/raw/production-scip/real_01/production-scip__real_01__rl-gcnn__seed0.log,results/final/raw/production-scip/real_01/production-scip__real_01__rl-gcnn__seed0.branches.csv
real_01,transfer,medium,production-scip,rl-gcnn,rl-gcnn,1,time_limit,,,2.93411,,32.621116535,2.561173,30.027113,27.46594,35,13170,3002.7093,,33,3.045140635,0.0922769889393939,1.425468171,0,0,33,52708,1700,135556,rlgcnn,estimate,1,30,-1,False,False,0,results/final/raw/production-scip/real_01/production-scip__real_01__rl-gcnn__seed1.json,results/final/raw/production-scip/real_01/production-scip__real_01__rl-gcnn__seed1.log,results/final/raw/production-scip/real_01/production-scip__real_01__rl-gcnn__seed1.branches.csv
real_01,transfer,medium,production-scip,rl-gcnn,rl-gcnn,2,optimal,2.93411,2.93411,2.93411,0,30.742695595,2.522191,27.99935,25.477159,55,20810,591.522682105685,5.446393,51,3.279295088,0.0642999036862745,1.419192926,0,0,51,52708,1700,135556,rlgcnn,estimate,1,30,-1,True,True,0,results/final/raw/production-scip/real_01/production-scip__real_01__rl-gcnn__seed2.json,results/final/raw/production-scip/real_01/production-scip__real_01__rl-gcnn__seed2.log,results/final/raw/production-scip/real_01/production-scip__real_01__rl-gcnn__seed2.branches.csv
real_01,transfer,medium,production-scip,rl-gcnn,rl-gcnn,3,time_limit,2.93595815,2.93595815,2.93411,0.000629884360163669,32.731196021,2.530418,30.060675,27.530257,26,17515,1012.67684357506,9.808312,25,2.984852243,0.11939408972,1.422871382,0,0,25,52708,1700,135556,rlgcnn,estimate,1,30,-1,True,True,0,results/final/raw/production-scip/real_01/production-scip__real_01__rl-gcnn__seed3.json,results/final/raw/production-scip/real_01/production-scip__real_01__rl-gcnn__seed3.log,results/final/raw/production-scip/real_01/production-scip__real_01__rl-gcnn__seed3.branches.csv
real_01,transfer,medium,production-scip,rl-gcnn,rl-gcnn,4,optimal,2.93411,2.93411,2.93411,0,32.321332,2.672935,29.586812,26.913877,72,14161,1196.24320188864,8.291254,70,3.533549796,0.0504792828,1.438814512,0,0,70,52708,1700,135556,rlgcnn,estimate,1,30,-1,True,True,0,results/final/raw/production-scip/real_01/production-scip__real_01__rl-gcnn__seed4.json,results/final/raw/production-scip/real_01/production-scip__real_01__rl-gcnn__seed4.log,results/final/raw/production-scip/real_01/production-scip__real_01__rl-gcnn__seed4.branches.csv
real_02,transfer,large,production-scip,default,default,0,time_limit,,,3.13736,,31.337308571,6.214224,30.037094,23.82287,1,45039,3003.709,,0,0,0,0,0,0,0,83878,1924,214744,relpscost,estimate,1,30,-1,False,False,0,results/final/raw/production-scip/real_02/production-scip__real_02__default__seed0.json,results/final/raw/production-scip/real_02/production-scip__real_02__default__seed0.log,
real_02,transfer,large,production-scip,default,default,1,time_limit,,,3.13735999999999,,32.783352768,6.878382,31.370653,24.492271,1,45535,3137.0649,,0,0,0,0,0,0,0,83878,1924,214744,relpscost,estimate,1,30,-1,False,False,0,results/final/raw/production-scip/real_02/production-scip__real_02__default__seed1.json,results/final/raw/production-scip/real_02/production-scip__real_02__default__seed1.log,
real_02,transfer,large,production-scip,default,default,2,time_limit,,,3.13735999999999,,35.972126594,6.932154,34.545684,27.61353,1,33427,3454.5679,,0,0,0,0,0,0,0,83878,1924,214744,relpscost,estimate,1,30,-1,False,False,0,results/final/raw/production-scip/real_02/production-scip__real_02__default__seed2.json,results/final/raw/production-scip/real_02/production-scip__real_02__default__seed2.log,
real_02,transfer,large,production-scip,default,default,3,time_limit,,,3.13735999999999,,36.362290441,6.902661,34.708193,27.805532,1,32279,3470.8187,,0,0,0,0,0,0,0,83878,1924,214744,relpscost,estimate,1,30,-1,False,False,0,results/final/raw/production-scip/real_02/production-scip__real_02__default__seed3.json,results/final/raw/production-scip/real_02/production-scip__real_02__default__seed3.log,
real_02,transfer,large,production-scip,default,default,4,time_limit,,,3.13736,,31.451282419,7.023539,30.034435,23.010896,1,32379,3003.4431,,0,0,0,0,0,0,0,83878,1924,214744,relpscost,estimate,1,30,-1,False,False,0,results/final/raw/production-scip/real_02/production-scip__real_02__default__seed4.json,results/final/raw/production-scip/real_02/production-scip__real_02__default__seed4.log,
real_02,transfer,large,production-scip,relpscost,relpscost,0,time_limit,,,3.13736,,31.271412462,5.968877,30.036428,24.067551,1,45039,3003.6423,,0,0,0,0,0,0,0,83878,1924,214744,relpscost,estimate,1,30,-1,False,False,0,results/final/raw/production-scip/real_02/production-scip__real_02__relpscost__seed0.json,results/final/raw/production-scip/real_02/production-scip__real_02__relpscost__seed0.log,
real_02,transfer,large,production-scip,relpscost,relpscost,1,time_limit,,,3.13735999999999,,32.491148362,6.928309,31.049016,24.120707,1,45535,3104.9012,,0,0,0,0,0,0,0,83878,1924,214744,relpscost,estimate,1,30,-1,False,False,0,results/final/raw/production-scip/real_02/production-scip__real_02__relpscost__seed1.json,results/final/raw/production-scip/real_02/production-scip__real_02__relpscost__seed1.log,
real_02,transfer,large,production-scip,relpscost,relpscost,2,time_limit,,,3.13735999999999,,36.203747751,6.930304,34.746937,27.816633,1,33427,3474.6931,,0,0,0,0,0,0,0,83878,1924,214744,relpscost,estimate,1,30,-1,False,False,0,results/final/raw/production-scip/real_02/production-scip__real_02__relpscost__seed2.json,results/final/raw/production-scip/real_02/production-scip__real_02__relpscost__seed2.log,
real_02,transfer,large,production-scip,relpscost,relpscost,3,time_limit,,,3.13735999999999,,36.648683921,7.139363,35.192965,28.053602,1,32279,3519.296,,0,0,0,0,0,0,0,83878,1924,214744,relpscost,estimate,1,30,-1,False,False,0,results/final/raw/production-scip/real_02/production-scip__real_02__relpscost__seed3.json,results/final/raw/production-scip/real_02/production-scip__real_02__relpscost__seed3.log,
real_02,transfer,large,production-scip,relpscost,relpscost,4,time_limit,,,3.13736,,31.468465683,7.036248,30.034156,22.997908,1,32379,3003.4151,,0,0,0,0,0,0,0,83878,1924,214744,relpscost,estimate,1,30,-1,False,False,0,results/final/raw/production-scip/real_02/production-scip__real_02__relpscost__seed4.json,results/final/raw/production-scip/real_02/production-scip__real_02__relpscost__seed4.log,
real_02,transfer,large,production-scip,random,random,0,time_limit,,,3.13736,,31.292419092,6.008739,30.036724,24.027985,1,45039,3003.6719,,0,0,0,0,0,0,0,83878,1924,214744,random,estimate,1,30,-1,False,False,0,results/final/raw/production-scip/real_02/production-scip__real_02__random__seed0.json,results/final/raw/production-scip/real_02/production-scip__real_02__random__seed0.log,
real_02,transfer,large,production-scip,random,random,1,time_limit,,,3.13735999999999,,31.455390784,7.001589,30.027029,23.02544,1,45103,3002.7024,,0,0,0,0,0,0,0,83878,1924,214744,random,estimate,1,30,-1,False,False,0,results/final/raw/production-scip/real_02/production-scip__real_02__random__seed1.json,results/final/raw/production-scip/real_02/production-scip__real_02__random__seed1.log,
real_02,transfer,large,production-scip,random,random,2,time_limit,,,3.13735999999999,,35.967917547,6.927351,34.542257,27.614906,1,33427,3454.2252,,0,0,0,0,0,0,0,83878,1924,214744,random,estimate,1,30,-1,False,False,0,results/final/raw/production-scip/real_02/production-scip__real_02__random__seed2.json,results/final/raw/production-scip/real_02/production-scip__real_02__random__seed2.log,
real_02,transfer,large,production-scip,random,random,3,time_limit,,,3.13735999999999,,36.38437425,7.209357,34.960481,27.751124,1,32279,3496.0476,,0,0,0,0,0,0,0,83878,1924,214744,random,estimate,1,30,-1,False,False,0,results/final/raw/production-scip/real_02/production-scip__real_02__random__seed3.json,results/final/raw/production-scip/real_02/production-scip__real_02__random__seed3.log,
real_02,transfer,large,production-scip,random,random,4,time_limit,,,3.13736,,31.485002852,7.09697,30.035933,22.938963,1,32379,3003.5929,,0,0,0,0,0,0,0,83878,1924,214744,random,estimate,1,30,-1,False,False,0,results/final/raw/production-scip/real_02/production-scip__real_02__random__seed4.json,results/final/raw/production-scip/real_02/production-scip__real_02__random__seed4.log,
real_02,transfer,large,production-scip,mostinf,mostinf,0,time_limit,,,3.13736,,31.277082899,5.998752,30.036509,24.037757,1,45039,3003.6504,,0,0,0,0,0,0,0,83878,1924,214744,mostinf,estimate,1,30,-1,False,False,0,results/final/raw/production-scip/real_02/production-scip__real_02__mostinf__seed0.json,results/final/raw/production-scip/real_02/production-scip__real_02__mostinf__seed0.log,
real_02,transfer,large,production-scip,mostinf,mostinf,1,time_limit,,,3.13735999999999,,32.541694797,6.903488,31.067994,24.164506,1,45535,3106.7989,,0,0,0,0,0,0,0,83878,1924,214744,mostinf,estimate,1,30,-1,False,False,0,results/final/raw/production-scip/real_02/production-scip__real_02__mostinf__seed1.json,results/final/raw/production-scip/real_02/production-scip__real_02__mostinf__seed1.log,
real_02,transfer,large,production-scip,mostinf,mostinf,2,time_limit,,,3.13735999999999,,36.092723833,6.962533,34.672009,27.709476,1,33427,3467.2004,,0,0,0,0,0,0,0,83878,1924,214744,mostinf,estimate,1,30,-1,False,False,0,results/final/raw/production-scip/real_02/production-scip__real_02__mostinf__seed2.json,results/final/raw/production-scip/real_02/production-scip__real_02__mostinf__seed2.log,
real_02,transfer,large,production-scip,mostinf,mostinf,3,time_limit,,,3.13735999999999,,36.588469783,7.147204,35.127651,27.980447,1,32279,3512.7647,,0,0,0,0,0,0,0,83878,1924,214744,mostinf,estimate,1,30,-1,False,False,0,results/final/raw/production-scip/real_02/production-scip__real_02__mostinf__seed3.json,results/final/raw/production-scip/real_02/production-scip__real_02__mostinf__seed3.log,
real_02,transfer,large,production-scip,mostinf,mostinf,4,time_limit,,,3.13736,,31.465756029,6.982864,30.035876,23.053012,1,32379,3003.5872,,0,0,0,0,0,0,0,83878,1924,214744,mostinf,estimate,1,30,-1,False,False,0,results/final/raw/production-scip/real_02/production-scip__real_02__mostinf__seed4.json,results/final/raw/production-scip/real_02/production-scip__real_02__mostinf__seed4.log,
real_02,transfer,large,production-scip,rl-mlp,rl-mlp,0,time_limit,,,3.13736,,31.613612927,6.013688,30.03717,24.023482,1,45039,3003.7166,,0,0,0,0,0,0,0,83878,1924,214744,rlmlp,estimate,1,30,-1,False,False,0,results/final/raw/production-scip/real_02/production-scip__real_02__rl-mlp__seed0.json,results/final/raw/production-scip/real_02/production-scip__real_02__rl-mlp__seed0.log,results/final/raw/production-scip/real_02/production-scip__real_02__rl-mlp__seed0.branches.csv
real_02,transfer,large,production-scip,rl-mlp,rl-mlp,1,time_limit,,,3.13735999999999,,33.318152749,6.923943,31.571745,24.647802,1,45535,3157.174,,0,0,0,0,0,0,0,83878,1924,214744,rlmlp,estimate,1,30,-1,False,False,0,results/final/raw/production-scip/real_02/production-scip__real_02__rl-mlp__seed1.json,results/final/raw/production-scip/real_02/production-scip__real_02__rl-mlp__seed1.log,results/final/raw/production-scip/real_02/production-scip__real_02__rl-mlp__seed1.branches.csv
real_02,transfer,large,production-scip,rl-mlp,rl-mlp,2,time_limit,,,3.13735999999999,,36.587416001,7.072666,34.816011,27.743345,1,33427,3481.6006,,0,0,0,0,0,0,0,83878,1924,214744,rlmlp,estimate,1,30,-1,False,False,0,results/final/raw/production-scip/real_02/production-scip__real_02__rl-mlp__seed2.json,results/final/raw/production-scip/real_02/production-scip__real_02__rl-mlp__seed2.log,results/final/raw/production-scip/real_02/production-scip__real_02__rl-mlp__seed2.branches.csv
real_02,transfer,large,production-scip,rl-mlp,rl-mlp,3,time_limit,,,3.13735999999999,,36.138644643,6.833036,34.402603,27.569567,1,32279,3440.2598,,0,0,0,0,0,0,0,83878,1924,214744,rlmlp,estimate,1,30,-1,False,False,0,results/final/raw/production-scip/real_02/production-scip__real_02__rl-mlp__seed3.json,results/final/raw/production-scip/real_02/production-scip__real_02__rl-mlp__seed3.log,results/final/raw/production-scip/real_02/production-scip__real_02__rl-mlp__seed3.branches.csv
real_02,transfer,large,production-scip,rl-mlp,rl-mlp,4,time_limit,,,3.13736,,31.8257001,7.050812,30.035901,22.985089,1,32379,3003.5897,,0,0,0,0,0,0,0,83878,1924,214744,rlmlp,estimate,1,30,-1,False,False,0,results/final/raw/production-scip/real_02/production-scip__real_02__rl-mlp__seed4.json,results/final/raw/production-scip/real_02/production-scip__real_02__rl-mlp__seed4.log,results/final/raw/production-scip/real_02/production-scip__real_02__rl-mlp__seed4.branches.csv
real_02,transfer,large,production-scip,rl-gcnn,rl-gcnn,0,time_limit,,,3.13736,,33.300817158,5.832128,30.072773,24.240645,1,45163,3007.2768,,0,0,0,0,0,0,0,83878,1924,214744,rlgcnn,estimate,1,30,-1,False,False,0,results/final/raw/production-scip/real_02/production-scip__real_02__rl-gcnn__seed0.json,results/final/raw/production-scip/real_02/production-scip__real_02__rl-gcnn__seed0.log,results/final/raw/production-scip/real_02/production-scip__real_02__rl-gcnn__seed0.branches.csv
real_02,transfer,large,production-scip,rl-gcnn,rl-gcnn,1,time_limit,,,3.13735999999999,,33.653671332,6.682346,30.327878,23.645532,1,45535,3032.7873,,0,0,0,0,0,0,0,83878,1924,214744,rlgcnn,estimate,1,30,-1,False,False,0,results/final/raw/production-scip/real_02/production-scip__real_02__rl-gcnn__seed1.json,results/final/raw/production-scip/real_02/production-scip__real_02__rl-gcnn__seed1.log,results/final/raw/production-scip/real_02/production-scip__real_02__rl-gcnn__seed1.branches.csv
real_02,transfer,large,production-scip,rl-gcnn,rl-gcnn,2,time_limit,,,3.13735999999999,,37.021050641,6.716653,33.681369,26.964716,1,33427,3368.1364,,0,0,0,0,0,0,0,83878,1924,214744,rlgcnn,estimate,1,30,-1,False,False,0,results/final/raw/production-scip/real_02/production-scip__real_02__rl-gcnn__seed2.json,results/final/raw/production-scip/real_02/production-scip__real_02__rl-gcnn__seed2.log,results/final/raw/production-scip/real_02/production-scip__real_02__rl-gcnn__seed2.branches.csv
real_02,transfer,large,production-scip,rl-gcnn,rl-gcnn,3,time_limit,,,3.13735999999999,,37.188217287,6.698544,33.816318,27.117774,1,32279,3381.6313,,0,0,0,0,0,0,0,83878,1924,214744,rlgcnn,estimate,1,30,-1,False,False,0,results/final/raw/production-scip/real_02/production-scip__real_02__rl-gcnn__seed3.json,results/final/raw/production-scip/real_02/production-scip__real_02__rl-gcnn__seed3.log,results/final/raw/production-scip/real_02/production-scip__real_02__rl-gcnn__seed3.branches.csv
real_02,transfer,large,production-scip,rl-gcnn,rl-gcnn,4,time_limit,,,3.13736,,33.37397128,6.784577,30.059503,23.274926,1,32379,3005.9499,,0,0,0,0,0,0,0,83878,1924,214744,rlgcnn,estimate,1,30,-1,False,False,0,results/final/raw/production-scip/real_02/production-scip__real_02__rl-gcnn__seed4.json,results/final/raw/production-scip/real_02/production-scip__real_02__rl-gcnn__seed4.log,results/final/raw/production-scip/real_02/production-scip__real_02__rl-gcnn__seed4.branches.csv
real_03,transfer,medium,production-scip,default,default,0,time_limit,,,0.32225,,30.653201361,9.951244,30.080859,20.129615,1,13802,3008.0855,,0,0,0,0,0,0,0,41390,3792,100803,relpscost,estimate,1,30,-1,False,False,0,results/final/raw/production-scip/real_03/production-scip__real_03__default__seed0.json,results/final/raw/production-scip/real_03/production-scip__real_03__default__seed0.log,
real_03,transfer,medium,production-scip,default,default,1,time_limit,,,0.32225,,30.588243416,10.656868,30.007878,19.35101,1,10645,3000.7874,,0,0,0,0,0,0,0,41390,3792,100803,relpscost,estimate,1,30,-1,False,False,0,results/final/raw/production-scip/real_03/production-scip__real_03__default__seed1.json,results/final/raw/production-scip/real_03/production-scip__real_03__default__seed1.log,
real_03,transfer,medium,production-scip,default,default,2,time_limit,,,0.32225,,30.597771005,10.609451,30.001649,19.392198,1,16055,3000.1645,,0,0,0,0,0,0,0,41390,3792,100803,relpscost,estimate,1,30,-1,False,False,0,results/final/raw/production-scip/real_03/production-scip__real_03__default__seed2.json,results/final/raw/production-scip/real_03/production-scip__real_03__default__seed2.log,
real_03,transfer,medium,production-scip,default,default,3,time_limit,,,0.32225,,30.840539757,10.758731,30.216692,19.457961,1,14431,3021.6687,,0,0,0,0,0,0,0,41390,3792,100803,relpscost,estimate,1,30,-1,False,False,0,results/final/raw/production-scip/real_03/production-scip__real_03__default__seed3.json,results/final/raw/production-scip/real_03/production-scip__real_03__default__seed3.log,
real_03,transfer,medium,production-scip,default,default,4,time_limit,,,0.32225,,30.669788988,10.605798,30.075053,19.469255,1,10789,3007.505,,0,0,0,0,0,0,0,41390,3792,100803,relpscost,estimate,1,30,-1,False,False,0,results/final/raw/production-scip/real_03/production-scip__real_03__default__seed4.json,results/final/raw/production-scip/real_03/production-scip__real_03__default__seed4.log,
real_03,transfer,medium,production-scip,relpscost,relpscost,0,time_limit,,,0.32225,,30.628879526,9.995622,30.089917,20.094295,1,13802,3008.9913,,0,0,0,0,0,0,0,41390,3792,100803,relpscost,estimate,1,30,-1,False,False,0,results/final/raw/production-scip/real_03/production-scip__real_03__relpscost__seed0.json,results/final/raw/production-scip/real_03/production-scip__real_03__relpscost__seed0.log,
real_03,transfer,medium,production-scip,relpscost,relpscost,1,time_limit,,,0.32225,,31.247429068,10.611007,30.653408,20.042401,1,10655,3065.3404,,0,0,0,0,0,0,0,41390,3792,100803,relpscost,estimate,1,30,-1,False,False,0,results/final/raw/production-scip/real_03/production-scip__real_03__relpscost__seed1.json,results/final/raw/production-scip/real_03/production-scip__real_03__relpscost__seed1.log,
real_03,transfer,medium,production-scip,relpscost,relpscost,2,time_limit,,,0.32225,,30.622413154,10.554446,30.001605,19.447159,1,16055,3000.1601,,0,0,0,0,0,0,0,41390,3792,100803,relpscost,estimate,1,30,-1,False,False,0,results/final/raw/production-scip/real_03/production-scip__real_03__relpscost__seed2.json,results/final/raw/production-scip/real_03/production-scip__real_03__relpscost__seed2.log,
real_03,transfer,medium,production-scip,relpscost,relpscost,3,time_limit,,,0.32225,,31.170614648,10.452321,30.589089,20.136768,1,14459,3058.9085,,0,0,0,0,0,0,0,41390,3792,100803,relpscost,estimate,1,30,-1,False,False,0,results/final/raw/production-scip/real_03/production-scip__real_03__relpscost__seed3.json,results/final/raw/production-scip/real_03/production-scip__real_03__relpscost__seed3.log,
real_03,transfer,medium,production-scip,relpscost,relpscost,4,time_limit,,,0.32225,,30.782035725,10.771221,30.094511,19.32329,1,10789,3009.4507,,0,0,0,0,0,0,0,41390,3792,100803,relpscost,estimate,1,30,-1,False,False,0,results/final/raw/production-scip/real_03/production-scip__real_03__relpscost__seed4.json,results/final/raw/production-scip/real_03/production-scip__real_03__relpscost__seed4.log,
real_03,transfer,medium,production-scip,random,random,0,time_limit,,,0.32225,,30.639645408,9.837329,30.093446,20.256117,1,13802,3009.3443,,0,0,0,0,0,0,0,41390,3792,100803,random,estimate,1,30,-1,False,False,0,results/final/raw/production-scip/real_03/production-scip__real_03__random__seed0.json,results/final/raw/production-scip/real_03/production-scip__real_03__random__seed0.log,
real_03,transfer,medium,production-scip,random,random,1,time_limit,,,0.32225,,31.258745601,11.220256,30.586302,19.366046,1,10645,3058.6298,,0,0,0,0,0,0,0,41390,3792,100803,random,estimate,1,30,-1,False,False,0,results/final/raw/production-scip/real_03/production-scip__real_03__random__seed1.json,results/final/raw/production-scip/real_03/production-scip__real_03__random__seed1.log,
real_03,transfer,medium,production-scip,random,random,2,time_limit,,,0.32225,,30.697923572,10.434979,30.098842,19.663863,1,16095,3009.8839,,0,0,0,0,0,0,0,41390,3792,100803,random,estimate,1,30,-1,False,False,0,results/final/raw/production-scip/real_03/production-scip__real_03__random__seed2.json,results/final/raw/production-scip/real_03/production-scip__real_03__random__seed2.log,
real_03,transfer,medium,production-scip,random,random,3,time_limit,,,0.32225,,31.099328594,10.993055,30.476672,19.483617,1,14431,3047.6668,,0,0,0,0,0,0,0,41390,3792,100803,random,estimate,1,30,-1,False,False,0,results/final/raw/production-scip/real_03/production-scip__real_03__random__seed3.json,results/final/raw/production-scip/real_03/production-scip__real_03__random__seed3.log,
real_03,transfer,medium,production-scip,random,random,4,time_limit,,,0.32225,,30.70198907,10.638984,30.081584,19.4426,1,10789,3008.1581,,0,0,0,0,0,0,0,41390,3792,100803,random,estimate,1,30,-1,False,False,0,results/final/raw/production-scip/real_03/production-scip__real_03__random__seed4.json,results/final/raw/production-scip/real_03/production-scip__real_03__random__seed4.log,
real_03,transfer,medium,production-scip,mostinf,mostinf,0,time_limit,,,0.32225,,30.651479332,9.99438,30.088333,20.093953,1,13802,3008.833,,0,0,0,0,0,0,0,41390,3792,100803,mostinf,estimate,1,30,-1,False,False,0,results/final/raw/production-scip/real_03/production-scip__real_03__mostinf__seed0.json,results/final/raw/production-scip/real_03/production-scip__real_03__mostinf__seed0.log,
real_03,transfer,medium,production-scip,mostinf,mostinf,1,time_limit,,,0.32225,,31.13493776,10.521242,30.509824,19.988582,1,10655,3050.982,,0,0,0,0,0,0,0,41390,3792,100803,mostinf,estimate,1,30,-1,False,False,0,results/final/raw/production-scip/real_03/production-scip__real_03__mostinf__seed1.json,results/final/raw/production-scip/real_03/production-scip__real_03__mostinf__seed1.log,
real_03,transfer,medium,production-scip,mostinf,mostinf,2,time_limit,,,0.32225,,30.597162297,10.604467,30.006716,19.402249,1,16055,3000.6712,,0,0,0,0,0,0,0,41390,3792,100803,mostinf,estimate,1,30,-1,False,False,0,results/final/raw/production-scip/real_03/production-scip__real_03__mostinf__seed2.json,results/final/raw/production-scip/real_03/production-scip__real_03__mostinf__seed2.log,
real_03,transfer,medium,production-scip,mostinf,mostinf,3,time_limit,,,0.32225,,31.002066435,10.807503,30.312398,19.504895,1,14431,3031.2394,,0,0,0,0,0,0,0,41390,3792,100803,mostinf,estimate,1,30,-1,False,False,0,results/final/raw/production-scip/real_03/production-scip__real_03__mostinf__seed3.json,results/final/raw/production-scip/real_03/production-scip__real_03__mostinf__seed3.log,
real_03,transfer,medium,production-scip,mostinf,mostinf,4,time_limit,,,0.32225,,30.686662205,10.569542,30.068174,19.498632,1,10789,3006.8171,,0,0,0,0,0,0,0,41390,3792,100803,mostinf,estimate,1,30,-1,False,False,0,results/final/raw/production-scip/real_03/production-scip__real_03__mostinf__seed4.json,results/final/raw/production-scip/real_03/production-scip__real_03__mostinf__seed4.log,
real_03,transfer,medium,production-scip,rl-mlp,rl-mlp,0,time_limit,,,0.32225,,30.971110067,9.795186,30.093753,20.298567,1,13802,3009.375,,1,0.000498083,0.000498083,0.000498083,0,0,1,41390,3792,100803,rlmlp,estimate,1,30,-1,False,False,0,results/final/raw/production-scip/real_03/production-scip__real_03__rl-mlp__seed0.json,results/final/raw/production-scip/real_03/production-scip__real_03__rl-mlp__seed0.log,results/final/raw/production-scip/real_03/production-scip__real_03__rl-mlp__seed0.branches.csv
real_03,transfer,medium,production-scip,rl-mlp,rl-mlp,1,time_limit,,,0.32225,,31.202315775,10.817262,30.221906,19.404644,1,10645,3022.1899,,0,0,0,0,0,0,0,41390,3792,100803,rlmlp,estimate,1,30,-1,False,False,0,results/final/raw/production-scip/real_03/production-scip__real_03__rl-mlp__seed1.json,results/final/raw/production-scip/real_03/production-scip__real_03__rl-mlp__seed1.log,results/final/raw/production-scip/real_03/production-scip__real_03__rl-mlp__seed1.branches.csv
real_03,transfer,medium,production-scip,rl-mlp,rl-mlp,2,time_limit,,,0.32225,,31.010254185,10.430534,30.078765,19.648231,1,16095,3007.8762,,0,0,0,0,0,0,0,41390,3792,100803,rlmlp,estimate,1,30,-1,False,False,0,results/final/raw/production-scip/real_03/production-scip__real_03__rl-mlp__seed2.json,results/final/raw/production-scip/real_03/production-scip__real_03__rl-mlp__seed2.log,results/final/raw/production-scip/real_03/production-scip__real_03__rl-mlp__seed2.branches.csv
real_03,transfer,medium,production-scip,rl-mlp,rl-mlp,3,time_limit,,,0.32225,,31.111018893,10.748852,30.236906,19.488054,1,14431,3023.6902,,0,0,0,0,0,0,0,41390,3792,100803,rlmlp,estimate,1,30,-1,False,False,0,results/final/raw/production-scip/real_03/production-scip__real_03__rl-mlp__seed3.json,results/final/raw/production-scip/real_03/production-scip__real_03__rl-mlp__seed3.log,results/final/raw/production-scip/real_03/production-scip__real_03__rl-mlp__seed3.branches.csv
real_03,transfer,medium,production-scip,rl-mlp,rl-mlp,4,time_limit,,,0.32225,,30.837359781,10.475631,30.061815,19.586184,1,10789,3006.1812,,1,0.000489281,0.000489281,0.000489281,0,0,1,41390,3792,100803,rlmlp,estimate,1,30,-1,False,False,0,results/final/raw/production-scip/real_03/production-scip__real_03__rl-mlp__seed4.json,results/final/raw/production-scip/real_03/production-scip__real_03__rl-mlp__seed4.log,results/final/raw/production-scip/real_03/production-scip__real_03__rl-mlp__seed4.branches.csv
real_03,transfer,medium,production-scip,rl-gcnn,rl-gcnn,0,time_limit,,,0.32225,,32.611532946,9.877069,30.191707,20.314638,1,13802,3019.1704,,1,0.045758152,0.045758152,0.045758152,0,0,1,41390,3792,100803,rlgcnn,estimate,1,30,-1,False,False,0,results/final/raw/production-scip/real_03/production-scip__real_03__rl-gcnn__seed0.json,results/final/raw/production-scip/real_03/production-scip__real_03__rl-gcnn__seed0.log,results/final/raw/production-scip/real_03/production-scip__real_03__rl-gcnn__seed0.branches.csv
real_03,transfer,medium,production-scip,rl-gcnn,rl-gcnn,1,time_limit,,,0.32225,,32.870050432,10.484714,30.408153,19.923439,1,10655,3040.8149,,0,0,0,0,0,0,0,41390,3792,100803,rlgcnn,estimate,1,30,-1,False,False,0,results/final/raw/production-scip/real_03/production-scip__real_03__rl-gcnn__seed1.json,results/final/raw/production-scip/real_03/production-scip__real_03__rl-gcnn__seed1.log,results/final/raw/production-scip/real_03/production-scip__real_03__rl-gcnn__seed1.branches.csv
real_03,transfer,medium,production-scip,rl-gcnn,rl-gcnn,2,time_limit,,,0.32225,,32.440051517,10.507651,30.011312,19.503661,1,16095,3001.1308,,0,0,0,0,0,0,0,41390,3792,100803,rlgcnn,estimate,1,30,-1,False,False,0,results/final/raw/production-scip/real_03/production-scip__real_03__rl-gcnn__seed2.json,results/final/raw/production-scip/real_03/production-scip__real_03__rl-gcnn__seed2.log,results/final/raw/production-scip/real_03/production-scip__real_03__rl-gcnn__seed2.branches.csv
real_03,transfer,medium,production-scip,rl-gcnn,rl-gcnn,3,time_limit,,,0.32225,,33.088161196,10.574149,30.625847,20.051698,1,14459,3062.5842,,0,0,0,0,0,0,0,41390,3792,100803,rlgcnn,estimate,1,30,-1,False,False,0,results/final/raw/production-scip/real_03/production-scip__real_03__rl-gcnn__seed3.json,results/final/raw/production-scip/real_03/production-scip__real_03__rl-gcnn__seed3.log,results/final/raw/production-scip/real_03/production-scip__real_03__rl-gcnn__seed3.branches.csv
real_03,transfer,medium,production-scip,rl-gcnn,rl-gcnn,4,time_limit,,,0.32225,,32.507727552,10.866758,30.006422,19.139664,1,10789,3000.6418,,0,0,0,0,0,0,0,41390,3792,100803,rlgcnn,estimate,1,30,-1,False,False,0,results/final/raw/production-scip/real_03/production-scip__real_03__rl-gcnn__seed4.json,results/final/raw/production-scip/real_03/production-scip__real_03__rl-gcnn__seed4.log,results/final/raw/production-scip/real_03/production-scip__real_03__rl-gcnn__seed4.branches.csv
real_04,transfer,large,production-scip,default,default,0,time_limit,,,,,34.232097879,27.414115,30.006533,2.592418,0,0,0,,0,0,0,0,0,0,0,326502,5168,863691,relpscost,estimate,1,30,-1,False,False,0,results/final/raw/production-scip/real_04/production-scip__real_04__default__seed0.json,results/final/raw/production-scip/real_04/production-scip__real_04__default__seed0.log,
real_04,transfer,large,production-scip,default,default,1,time_limit,,,,,34.974873799,27.372466,30.010821,2.638355,0,0,0,,0,0,0,0,0,0,0,326502,5168,863691,relpscost,estimate,1,30,-1,False,False,0,results/final/raw/production-scip/real_04/production-scip__real_04__default__seed1.json,results/final/raw/production-scip/real_04/production-scip__real_04__default__seed1.log,
real_04,transfer,large,production-scip,default,default,2,time_limit,,,,,34.787068073,27.362366,30.006007,2.643641,0,0,0,,0,0,0,0,0,0,0,326502,5168,863691,relpscost,estimate,1,30,-1,False,False,0,results/final/raw/production-scip/real_04/production-scip__real_04__default__seed2.json,results/final/raw/production-scip/real_04/production-scip__real_04__default__seed2.log,
real_04,transfer,large,production-scip,default,default,3,time_limit,,,,,34.782647749,27.373711,30.007874,2.634163,0,0,0,,0,0,0,0,0,0,0,326502,5168,863691,relpscost,estimate,1,30,-1,False,False,0,results/final/raw/production-scip/real_04/production-scip__real_04__default__seed3.json,results/final/raw/production-scip/real_04/production-scip__real_04__default__seed3.log,
real_04,transfer,large,production-scip,default,default,4,time_limit,,,,,34.824020432,27.36015,30.008646,2.648496,0,0,0,,0,0,0,0,0,0,0,326502,5168,863691,relpscost,estimate,1,30,-1,False,False,0,results/final/raw/production-scip/real_04/production-scip__real_04__default__seed4.json,results/final/raw/production-scip/real_04/production-scip__real_04__default__seed4.log,
real_04,transfer,large,production-scip,relpscost,relpscost,0,time_limit,,,,,34.249920183,27.413869,30.00135,2.587481,0,0,0,,0,0,0,0,0,0,0,326502,5168,863691,relpscost,estimate,1,30,-1,False,False,0,results/final/raw/production-scip/real_04/production-scip__real_04__relpscost__seed0.json,results/final/raw/production-scip/real_04/production-scip__real_04__relpscost__seed0.log,
real_04,transfer,large,production-scip,relpscost,relpscost,1,time_limit,,,,,34.76534736,27.367012,30.00361,2.636598,0,0,0,,0,0,0,0,0,0,0,326502,5168,863691,relpscost,estimate,1,30,-1,False,False,0,results/final/raw/production-scip/real_04/production-scip__real_04__relpscost__seed1.json,results/final/raw/production-scip/real_04/production-scip__real_04__relpscost__seed1.log,
real_04,transfer,large,production-scip,relpscost,relpscost,2,time_limit,,,,,35.051829798,27.360449,30.00324,2.642791,0,0,0,,0,0,0,0,0,0,0,326502,5168,863691,relpscost,estimate,1,30,-1,False,False,0,results/final/raw/production-scip/real_04/production-scip__real_04__relpscost__seed2.json,results/final/raw/production-scip/real_04/production-scip__real_04__relpscost__seed2.log,
real_04,transfer,large,production-scip,relpscost,relpscost,3,time_limit,,,,,34.768590553,27.384883,30.007522,2.622639,0,0,0,,0,0,0,0,0,0,0,326502,5168,863691,relpscost,estimate,1,30,-1,False,False,0,results/final/raw/production-scip/real_04/production-scip__real_04__relpscost__seed3.json,results/final/raw/production-scip/real_04/production-scip__real_04__relpscost__seed3.log,
real_04,transfer,large,production-scip,relpscost,relpscost,4,time_limit,,,,,35.026148599,27.190128,30.008559,2.818431,0,0,0,,0,0,0,0,0,0,0,326502,5168,863691,relpscost,estimate,1,30,-1,False,False,0,results/final/raw/production-scip/real_04/production-scip__real_04__relpscost__seed4.json,results/final/raw/production-scip/real_04/production-scip__real_04__relpscost__seed4.log,
real_04,transfer,large,production-scip,random,random,0,time_limit,,,,,34.251087562,27.413524,30.003033,2.589509,0,0,0,,0,0,0,0,0,0,0,326502,5168,863691,random,estimate,1,30,-1,False,False,0,results/final/raw/production-scip/real_04/production-scip__real_04__random__seed0.json,results/final/raw/production-scip/real_04/production-scip__real_04__random__seed0.log,
real_04,transfer,large,production-scip,random,random,1,time_limit,,,,,34.803633948,27.374776,30.006206,2.63143,0,0,0,,0,0,0,0,0,0,0,326502,5168,863691,random,estimate,1,30,-1,False,False,0,results/final/raw/production-scip/real_04/production-scip__real_04__random__seed1.json,results/final/raw/production-scip/real_04/production-scip__real_04__random__seed1.log,
real_04,transfer,large,production-scip,random,random,2,time_limit,,,,,34.757280735,27.380606,30.006211,2.625605,0,0,0,,0,0,0,0,0,0,0,326502,5168,863691,random,estimate,1,30,-1,False,False,0,results/final/raw/production-scip/real_04/production-scip__real_04__random__seed2.json,results/final/raw/production-scip/real_04/production-scip__real_04__random__seed2.log,
real_04,transfer,large,production-scip,random,random,3,time_limit,,,,,34.809181568,27.367911,30.00308,2.635169,0,0,0,,0,0,0,0,0,0,0,326502,5168,863691,random,estimate,1,30,-1,False,False,0,results/final/raw/production-scip/real_04/production-scip__real_04__random__seed3.json,results/final/raw/production-scip/real_04/production-scip__real_04__random__seed3.log,
real_04,transfer,large,production-scip,random,random,4,time_limit,,,,,34.785912217,27.35645,30.00157,2.64512,0,0,0,,0,0,0,0,0,0,0,326502,5168,863691,random,estimate,1,30,-1,False,False,0,results/final/raw/production-scip/real_04/production-scip__real_04__random__seed4.json,results/final/raw/production-scip/real_04/production-scip__real_04__random__seed4.log,
real_04,transfer,large,production-scip,mostinf,mostinf,0,time_limit,,,,,34.213710051,27.403532,30.003083,2.599551,0,0,0,,0,0,0,0,0,0,0,326502,5168,863691,mostinf,estimate,1,30,-1,False,False,0,results/final/raw/production-scip/real_04/production-scip__real_04__mostinf__seed0.json,results/final/raw/production-scip/real_04/production-scip__real_04__mostinf__seed0.log,
real_04,transfer,large,production-scip,mostinf,mostinf,1,time_limit,,,,,34.763883591,27.388398,30.006352,2.617954,0,0,0,,0,0,0,0,0,0,0,326502,5168,863691,mostinf,estimate,1,30,-1,False,False,0,results/final/raw/production-scip/real_04/production-scip__real_04__mostinf__seed1.json,results/final/raw/production-scip/real_04/production-scip__real_04__mostinf__seed1.log,
real_04,transfer,large,production-scip,mostinf,mostinf,2,time_limit,,,,,34.809941707,27.360414,30.009529,2.649115,0,0,0,,0,0,0,0,0,0,0,326502,5168,863691,mostinf,estimate,1,30,-1,False,False,0,results/final/raw/production-scip/real_04/production-scip__real_04__mostinf__seed2.json,results/final/raw/production-scip/real_04/production-scip__real_04__mostinf__seed2.log,
real_04,transfer,large,production-scip,mostinf,mostinf,3,time_limit,,,,,34.808671972,27.363898,30.003808,2.63991,0,0,0,,0,0,0,0,0,0,0,326502,5168,863691,mostinf,estimate,1,30,-1,False,False,0,results/final/raw/production-scip/real_04/production-scip__real_04__mostinf__seed3.json,results/final/raw/production-scip/real_04/production-scip__real_04__mostinf__seed3.log,
real_04,transfer,large,production-scip,mostinf,mostinf,4,time_limit,,,,,34.832426817,27.329034,30.009964,2.68093,0,0,0,,0,0,0,0,0,0,0,326502,5168,863691,mostinf,estimate,1,30,-1,False,False,0,results/final/raw/production-scip/real_04/production-scip__real_04__mostinf__seed4.json,results/final/raw/production-scip/real_04/production-scip__real_04__mostinf__seed4.log,
real_04,transfer,large,production-scip,rl-mlp,rl-mlp,0,time_limit,,,,,34.528011468,27.421166,30.007083,2.585917,0,0,0,,0,0,0,0,0,0,0,326502,5168,863691,rlmlp,estimate,1,30,-1,False,False,0,results/final/raw/production-scip/real_04/production-scip__real_04__rl-mlp__seed0.json,results/final/raw/production-scip/real_04/production-scip__real_04__rl-mlp__seed0.log,results/final/raw/production-scip/real_04/production-scip__real_04__rl-mlp__seed0.branches.csv
real_04,transfer,large,production-scip,rl-mlp,rl-mlp,1,time_limit,,,,,35.142305636,27.384428,30.003363,2.618935,0,0,0,,0,0,0,0,0,0,0,326502,5168,863691,rlmlp,estimate,1,30,-1,False,False,0,results/final/raw/production-scip/real_04/production-scip__real_04__rl-mlp__seed1.json,results/final/raw/production-scip/real_04/production-scip__real_04__rl-mlp__seed1.log,results/final/raw/production-scip/real_04/production-scip__real_04__rl-mlp__seed1.branches.csv
real_04,transfer,large,production-scip,rl-mlp,rl-mlp,2,time_limit,,,,,35.214132488,27.192491,30.002322,2.809831,0,0,0,,0,0,0,0,0,0,0,326502,5168,863691,rlmlp,estimate,1,30,-1,False,False,0,results/final/raw/production-scip/real_04/production-scip__real_04__rl-mlp__seed2.json,results/final/raw/production-scip/real_04/production-scip__real_04__rl-mlp__seed2.log,results/final/raw/production-scip/real_04/production-scip__real_04__rl-mlp__seed2.branches.csv
real_04,transfer,large,production-scip,rl-mlp,rl-mlp,3,time_limit,,,,,35.026296157,27.354273,30.003969,2.649696,0,0,0,,0,0,0,0,0,0,0,326502,5168,863691,rlmlp,estimate,1,30,-1,False,False,0,results/final/raw/production-scip/real_04/production-scip__real_04__rl-mlp__seed3.json,results/final/raw/production-scip/real_04/production-scip__real_04__rl-mlp__seed3.log,results/final/raw/production-scip/real_04/production-scip__real_04__rl-mlp__seed3.branches.csv
real_04,transfer,large,production-scip,rl-mlp,rl-mlp,4,time_limit,,,,,35.045315242,27.377513,30.00803,2.630517,0,0,0,,0,0,0,0,0,0,0,326502,5168,863691,rlmlp,estimate,1,30,-1,False,False,0,results/final/raw/production-scip/real_04/production-scip__real_04__rl-mlp__seed4.json,results/final/raw/production-scip/real_04/production-scip__real_04__rl-mlp__seed4.log,results/final/raw/production-scip/real_04/production-scip__real_04__rl-mlp__seed4.branches.csv
real_04,transfer,large,production-scip,rl-gcnn,rl-gcnn,0,time_limit,,,,,36.297764747,27.452045,30.002089,2.550044,0,0,0,,0,0,0,0,0,0,0,326502,5168,863691,rlgcnn,estimate,1,30,-1,False,False,0,results/final/raw/production-scip/real_04/production-scip__real_04__rl-gcnn__seed0.json,results/final/raw/production-scip/real_04/production-scip__real_04__rl-gcnn__seed0.log,results/final/raw/production-scip/real_04/production-scip__real_04__rl-gcnn__seed0.branches.csv
real_04,transfer,large,production-scip,rl-gcnn,rl-gcnn,1,time_limit,,,,,36.733449008,27.429157,30.007805,2.578648,0,0,0,,0,0,0,0,0,0,0,326502,5168,863691,rlgcnn,estimate,1,30,-1,False,False,0,results/final/raw/production-scip/real_04/production-scip__real_04__rl-gcnn__seed1.json,results/final/raw/production-scip/real_04/production-scip__real_04__rl-gcnn__seed1.log,results/final/raw/production-scip/real_04/production-scip__real_04__rl-gcnn__seed1.branches.csv
real_04,transfer,large,production-scip,rl-gcnn,rl-gcnn,2,time_limit,,,,,36.742710251,27.424931,30.003182,2.578251,0,0,0,,0,0,0,0,0,0,0,326502,5168,863691,rlgcnn,estimate,1,30,-1,False,False,0,results/final/raw/production-scip/real_04/production-scip__real_04__rl-gcnn__seed2.json,results/final/raw/production-scip/real_04/production-scip__real_04__rl-gcnn__seed2.log,results/final/raw/production-scip/real_04/production-scip__real_04__rl-gcnn__seed2.branches.csv
real_04,transfer,large,production-scip,rl-gcnn,rl-gcnn,3,time_limit,,,,,36.794534465,27.408789,30.006264,2.597475,0,0,0,,0,0,0,0,0,0,0,326502,5168,863691,rlgcnn,estimate,1,30,-1,False,False,0,results/final/raw/production-scip/real_04/production-scip__real_04__rl-gcnn__seed3.json,results/final/raw/production-scip/real_04/production-scip__real_04__rl-gcnn__seed3.log,results/final/raw/production-scip/real_04/production-scip__real_04__rl-gcnn__seed3.branches.csv
real_04,transfer,large,production-scip,rl-gcnn,rl-gcnn,4,time_limit,,,,,36.827492288,27.40557,30.001297,2.595727,0,0,0,,0,0,0,0,0,0,0,326502,5168,863691,rlgcnn,estimate,1,30,-1,False,False,0,results/final/raw/production-scip/real_04/production-scip__real_04__rl-gcnn__seed4.json,results/final/raw/production-scip/real_04/production-scip__real_04__rl-gcnn__seed4.log,results/final/raw/production-scip/real_04/production-scip__real_04__rl-gcnn__seed4.branches.csv
real_05,transfer,medium,production-scip,default,default,0,time_limit,,,0.021170315671875,,30.568857583,2.199696,30.010547,27.810851,6,13131,3001.0543,,0,0,0,0,0,0,0,39408,3056,97427,relpscost,estimate,1,30,-1,False,False,0,results/final/raw/production-scip/real_05/production-scip__real_05__default__seed0.json,results/final/raw/production-scip/real_05/production-scip__real_05__default__seed0.log,
real_05,transfer,medium,production-scip,default,default,1,time_limit,,,0.0211703,,30.668785653,2.739708,30.003785,27.264077,1,14813,3000.3782,,0,0,0,0,0,0,0,39408,3056,97427,relpscost,estimate,1,30,-1,False,False,0,results/final/raw/production-scip/real_05/production-scip__real_05__default__seed1.json,results/final/raw/production-scip/real_05/production-scip__real_05__default__seed1.log,
real_05,transfer,medium,production-scip,default,default,2,time_limit,,,0.0211703,,30.88260943,2.512455,30.290728,27.778273,1,15633,3029.0725,,0,0,0,0,0,0,0,39408,3056,97427,relpscost,estimate,1,30,-1,False,False,0,results/final/raw/production-scip/real_05/production-scip__real_05__default__seed2.json,results/final/raw/production-scip/real_05/production-scip__real_05__default__seed2.log,
real_05,transfer,medium,production-scip,default,default,3,time_limit,,,0.0211703,,31.031862551,2.659857,30.442782,27.782925,1,13462,3044.2777,,0,0,0,0,0,0,0,39408,3056,97427,relpscost,estimate,1,30,-1,False,False,0,results/final/raw/production-scip/real_05/production-scip__real_05__default__seed3.json,results/final/raw/production-scip/real_05/production-scip__real_05__default__seed3.log,
real_05,transfer,medium,production-scip,default,default,4,time_limit,,,0.0211703,,30.621154255,2.526373,30.029021,27.502648,1,14910,3002.9016,,0,0,0,0,0,0,0,39408,3056,97427,relpscost,estimate,1,30,-1,False,False,0,results/final/raw/production-scip/real_05/production-scip__real_05__default__seed4.json,results/final/raw/production-scip/real_05/production-scip__real_05__default__seed4.log,
real_05,transfer,medium,production-scip,relpscost,relpscost,0,time_limit,,,0.021170315671875,,30.581054584,2.188462,30.025321,27.836859,6,13131,3002.5318,,0,0,0,0,0,0,0,39408,3056,97427,relpscost,estimate,1,30,-1,False,False,0,results/final/raw/production-scip/real_05/production-scip__real_05__relpscost__seed0.json,results/final/raw/production-scip/real_05/production-scip__real_05__relpscost__seed0.log,
real_05,transfer,medium,production-scip,relpscost,relpscost,1,time_limit,,,0.0211703,,30.626277314,2.526477,30.036603,27.510126,1,14813,3003.6599,,0,0,0,0,0,0,0,39408,3056,97427,relpscost,estimate,1,30,-1,False,False,0,results/final/raw/production-scip/real_05/production-scip__real_05__relpscost__seed1.json,results/final/raw/production-scip/real_05/production-scip__real_05__relpscost__seed1.log,
real_05,transfer,medium,production-scip,relpscost,relpscost,2,time_limit,,,0.0211703,,30.842998617,2.526562,30.253381,27.726819,1,15633,3025.3378,,0,0,0,0,0,0,0,39408,3056,97427,relpscost,estimate,1,30,-1,False,False,0,results/final/raw/production-scip/real_05/production-scip__real_05__relpscost__seed2.json,results/final/raw/production-scip/real_05/production-scip__real_05__relpscost__seed2.log,
real_05,transfer,medium,production-scip,relpscost,relpscost,3,time_limit,,,0.0211703,,30.961688423,2.555679,30.328811,27.773132,1,13462,3032.8805,,0,0,0,0,0,0,0,39408,3056,97427,relpscost,estimate,1,30,-1,False,False,0,results/final/raw/production-scip/real_05/production-scip__real_05__relpscost__seed3.json,results/final/raw/production-scip/real_05/production-scip__real_05__relpscost__seed3.log,
real_05,transfer,medium,production-scip,relpscost,relpscost,4,time_limit,,,0.0211703,,30.616807354,2.543011,30.000333,27.457322,1,14910,3000.0329,,0,0,0,0,0,0,0,39408,3056,97427,relpscost,estimate,1,30,-1,False,False,0,results/final/raw/production-scip/real_05/production-scip__real_05__relpscost__seed4.json,results/final/raw/production-scip/real_05/production-scip__real_05__relpscost__seed4.log,
real_05,transfer,medium,production-scip,random,random,0,optimal,0.0211703,0.0211703,0.0211703,0,27.645571581,2.161097,27.037959,24.876862,97,13733,2703.1721,27.02496,0,0,0,0,0,0,0,39408,3056,97427,random,estimate,1,30,-1,True,True,0,results/final/raw/production-scip/real_05/production-scip__real_05__random__seed0.json,results/final/raw/production-scip/real_05/production-scip__real_05__random__seed0.log,
real_05,transfer,medium,production-scip,random,random,1,time_limit,,,0.0211703,,30.637463158,2.733389,30.042484,27.309095,1,14813,3004.248,,0,0,0,0,0,0,0,39408,3056,97427,random,estimate,1,30,-1,False,False,0,results/final/raw/production-scip/real_05/production-scip__real_05__random__seed1.json,results/final/raw/production-scip/real_05/production-scip__real_05__random__seed1.log,
real_05,transfer,medium,production-scip,random,random,2,time_limit,,,0.0211703,,30.637221737,2.62064,30.007187,27.386547,1,15633,3000.7183,,0,0,0,0,0,0,0,39408,3056,97427,random,estimate,1,30,-1,False,False,0,results/final/raw/production-scip/real_05/production-scip__real_05__random__seed2.json,results/final/raw/production-scip/real_05/production-scip__real_05__random__seed2.log,
real_05,transfer,medium,production-scip,random,random,3,time_limit,,,0.0211703,,30.955635451,2.608379,30.36731,27.758931,1,13462,3036.7305,,0,0,0,0,0,0,0,39408,3056,97427,random,estimate,1,30,-1,False,False,0,results/final/raw/production-scip/real_05/production-scip__real_05__random__seed3.json,results/final/raw/production-scip/real_05/production-scip__real_05__random__seed3.log,
real_05,transfer,medium,production-scip,random,random,4,time_limit,,,0.0211703,,30.657256285,2.539674,30.030633,27.490959,1,14910,3003.0628,,0,0,0,0,0,0,0,39408,3056,97427,random,estimate,1,30,-1,False,False,0,results/final/raw/production-scip/real_05/production-scip__real_05__random__seed4.json,results/final/raw/production-scip/real_05/production-scip__real_05__random__seed4.log,
real_05,transfer,medium,production-scip,mostinf,mostinf,0,time_limit,0.0211704998,0.0211704998,0.021170315671875,8.69746714460355e-06,30.634044898,2.203547,30.016272,27.812725,136,14226,2718.64106125743,27.180091,0,0,0,0,0,0,0,39408,3056,97427,mostinf,estimate,1,30,-1,True,True,0,results/final/raw/production-scip/real_05/production-scip__real_05__mostinf__seed0.json,results/final/raw/production-scip/real_05/production-scip__real_05__mostinf__seed0.log,
real_05,transfer,medium,production-scip,mostinf,mostinf,1,time_limit,,,0.0211703,,30.664087621,2.768565,30.003831,27.235266,1,14813,3000.3827,,0,0,0,0,0,0,0,39408,3056,97427,mostinf,estimate,1,30,-1,False,False,0,results/final/raw/production-scip/real_05/production-scip__real_05__mostinf__seed1.json,results/final/raw/production-scip/real_05/production-scip__real_05__mostinf__seed1.log,
real_05,transfer,medium,production-scip,mostinf,mostinf,2,time_limit,,,0.0211703,,30.603569588,2.539884,30.002691,27.462807,1,15633,3000.2687,,0,0,0,0,0,0,0,39408,3056,97427,mostinf,estimate,1,30,-1,False,False,0,results/final/raw/production-scip/real_05/production-scip__real_05__mostinf__seed2.json,results/final/raw/production-scip/real_05/production-scip__real_05__mostinf__seed2.log,
real_05,transfer,medium,production-scip,mostinf,mostinf,3,time_limit,,,0.0211703,,30.971135876,2.600583,30.370302,27.769719,1,13462,3037.0297,,0,0,0,0,0,0,0,39408,3056,97427,mostinf,estimate,1,30,-1,False,False,0,results/final/raw/production-scip/real_05/production-scip__real_05__mostinf__seed3.json,results/final/raw/production-scip/real_05/production-scip__real_05__mostinf__seed3.log,
real_05,transfer,medium,production-scip,mostinf,mostinf,4,time_limit,,,0.0211703,,30.626114276,2.539784,30.001458,27.461674,1,14910,3000.1455,,0,0,0,0,0,0,0,39408,3056,97427,mostinf,estimate,1,30,-1,False,False,0,results/final/raw/production-scip/real_05/production-scip__real_05__mostinf__seed4.json,results/final/raw/production-scip/real_05/production-scip__real_05__mostinf__seed4.log,
real_05,transfer,medium,production-scip,rl-mlp,rl-mlp,0,time_limit,,,0.021170315671875,,31.157402101,2.178164,30.278503,28.100339,97,15554,3027.8497,,97,0.044912381,0.000463014237113402,0.000546906,0,0,97,39408,3056,97427,rlmlp,estimate,1,30,-1,False,False,0,results/final/raw/production-scip/real_05/production-scip__real_05__rl-mlp__seed0.json,results/final/raw/production-scip/real_05/production-scip__real_05__rl-mlp__seed0.log,results/final/raw/production-scip/real_05/production-scip__real_05__rl-mlp__seed0.branches.csv
real_05,transfer,medium,production-scip,rl-mlp,rl-mlp,1,time_limit,,,0.0211703,,30.987505026,2.671791,30.004257,27.332466,1,14813,3000.4253,,0,0,0,0,0,0,0,39408,3056,97427,rlmlp,estimate,1,30,-1,False,False,0,results/final/raw/production-scip/real_05/production-scip__real_05__rl-mlp__seed1.json,results/final/raw/production-scip/real_05/production-scip__real_05__rl-mlp__seed1.log,results/final/raw/production-scip/real_05/production-scip__real_05__rl-mlp__seed1.branches.csv
real_05,transfer,medium,production-scip,rl-mlp,rl-mlp,2,time_limit,,,0.0211703,,31.045872396,2.529106,30.228764,27.699658,1,15633,3022.8761,,1,0.000597353,0.000597353,0.000597353,0,0,1,39408,3056,97427,rlmlp,estimate,1,30,-1,False,False,0,results/final/raw/production-scip/real_05/production-scip__real_05__rl-mlp__seed2.json,results/final/raw/production-scip/real_05/production-scip__real_05__rl-mlp__seed2.log,results/final/raw/production-scip/real_05/production-scip__real_05__rl-mlp__seed2.branches.csv
real_05,transfer,medium,production-scip,rl-mlp,rl-mlp,3,time_limit,,,0.0211703,,31.211786131,2.626882,30.369792,27.74291,1,13462,3036.9788,,0,0,0,0,0,0,0,39408,3056,97427,rlmlp,estimate,1,30,-1,False,False,0,results/final/raw/production-scip/real_05/production-scip__real_05__rl-mlp__seed3.json,results/final/raw/production-scip/real_05/production-scip__real_05__rl-mlp__seed3.log,results/final/raw/production-scip/real_05/production-scip__real_05__rl-mlp__seed3.branches.csv
real_05,transfer,medium,production-scip,rl-mlp,rl-mlp,4,time_limit,,,0.0211703,,30.968434508,2.53311,30.000885,27.467775,1,14910,3000.0882,,0,0,0,0,0,0,0,39408,3056,97427,rlmlp,estimate,1,30,-1,False,False,0,results/final/raw/production-scip/real_05/production-scip__real_05__rl-mlp__seed4.json,results/final/raw/production-scip/real_05/production-scip__real_05__rl-mlp__seed4.log,results/final/raw/production-scip/real_05/production-scip__real_05__rl-mlp__seed4.branches.csv
real_05,transfer,medium,production-scip,rl-gcnn,rl-gcnn,0,optimal,0.0211703,0.0211703,0.0211703,0,29.955707541,2.176327,27.482104,25.305777,18,13898,2745.5873,27.448301,18,2.913846497,0.161880360944444,1.422963243,0,0,18,39408,3056,97427,rlgcnn,estimate,1,30,-1,True,True,0,results/final/raw/production-scip/real_05/production-scip__real_05__rl-gcnn__seed0.json,results/final/raw/production-scip/real_05/production-scip__real_05__rl-gcnn__seed0.log,results/final/raw/production-scip/real_05/production-scip__real_05__rl-gcnn__seed0.branches.csv
real_05,transfer,medium,production-scip,rl-gcnn,rl-gcnn,1,time_limit,,,0.0211703,,32.477917892,2.486664,30.016032,27.529368,1,14830,3001.6028,,0,0,0,0,0,0,0,39408,3056,97427,rlgcnn,estimate,1,30,-1,False,False,0,results/final/raw/production-scip/real_05/production-scip__real_05__rl-gcnn__seed1.json,results/final/raw/production-scip/real_05/production-scip__real_05__rl-gcnn__seed1.log,results/final/raw/production-scip/real_05/production-scip__real_05__rl-gcnn__seed1.branches.csv
real_05,transfer,medium,production-scip,rl-gcnn,rl-gcnn,2,time_limit,,,0.0211703,,32.916675245,2.474227,30.441418,27.967191,1,15633,3044.1416,,1,0.11675987,0.11675987,0.11675987,0,0,1,39408,3056,97427,rlgcnn,estimate,1,30,-1,False,False,0,results/final/raw/production-scip/real_05/production-scip__real_05__rl-gcnn__seed2.json,results/final/raw/production-scip/real_05/production-scip__real_05__rl-gcnn__seed2.log,results/final/raw/production-scip/real_05/production-scip__real_05__rl-gcnn__seed2.branches.csv
real_05,transfer,medium,production-scip,rl-gcnn,rl-gcnn,3,time_limit,,,0.0211703,,32.582460796,2.490844,30.133666,27.642822,1,13462,3013.366,,0,0,0,0,0,0,0,39408,3056,97427,rlgcnn,estimate,1,30,-1,False,False,0,results/final/raw/production-scip/real_05/production-scip__real_05__rl-gcnn__seed3.json,results/final/raw/production-scip/real_05/production-scip__real_05__rl-gcnn__seed3.log,results/final/raw/production-scip/real_05/production-scip__real_05__rl-gcnn__seed3.branches.csv
real_05,transfer,medium,production-scip,rl-gcnn,rl-gcnn,4,time_limit,,,0.0211703,,32.444458769,2.47772,30.003404,27.525684,1,14910,3000.3401,,0,0,0,0,0,0,0,39408,3056,97427,rlgcnn,estimate,1,30,-1,False,False,0,results/final/raw/production-scip/real_05/production-scip__real_05__rl-gcnn__seed4.json,results/final/raw/production-scip/real_05/production-scip__real_05__rl-gcnn__seed4.log,results/final/raw/production-scip/real_05/production-scip__real_05__rl-gcnn__seed4.branches.csv
