event_index,node_id,depth,candidate_count,selected_candidate_index,selected_variable_index,selected_variable_name,variable_family,lp_value,fractionality,selected_q,selected_bias,selected_biased,q_mean,q_std,q_min,q_max,q_top1_top2_margin,bias_mode,lambda_prim,primal_bound,dual_bound,gap,lp_iterations,nodes,graph_extract_time_seconds,inference_time_seconds,selection_time_seconds,selected_is_candidate,result,fallback_reason,source_file,method,instance_id,prim_score,extract_time_seconds
0,1,0,395,184,591,t_z_152_133_1,z,0.4015844251689799,0.4015844251689799,-27.9285831451416,1.0,-27.4285831451416,-30.414299803142303,3.677098656703258,-63.63559722900391,-27.674823760986328,0.0012683868408203,prim,0.5,1e+20,2.934110000000004,1e+20,17207,1,0.0181416559999999,0.687701434,0.713263995,True,branched,,results/c0_prim_decomposition/raw/production-scip/real_01/production-scip__real_01__full-prim__seed0.branches.csv,full-prim,real_01,1.0,0.0181416559999999
1,2,1,416,377,1409,t_z_515_230_2,z,0.2871077565116313,0.2871077565116313,-27.992355346679688,1.0,-27.492355346679688,-29.53757932094427,2.7882632814089643,-55.27033996582031,-27.599147796630856,0.0454597473144531,prim,0.5,1e+20,2.934110000000004,1e+20,17228,2,0.018297463,0.6778876099999999,0.703708212,True,branched,,results/c0_prim_decomposition/raw/production-scip/real_01/production-scip__real_01__full-prim__seed0.branches.csv,full-prim,real_01,1.0,0.018297463
2,4,2,418,402,1509,t_z_544_518_0,z,0.1908689293486342,0.1908689293486342,-27.970443725585938,1.0,-27.470443725585938,-29.488251663281016,2.78096541941706,-55.219276428222656,-27.56002616882324,0.0460109710693359,prim,0.5,1e+20,2.934110000000004,1e+20,17232,3,0.018573748,0.679206072,0.705305228,True,branched,,results/c0_prim_decomposition/raw/production-scip/real_01/production-scip__real_01__full-prim__seed0.branches.csv,full-prim,real_01,1.0,0.018573748
3,6,3,418,360,1332,t_z_285_495_0,z,0.1908689293486342,0.1908689293486342,-27.9857120513916,1.0,-27.4857120513916,-29.448420647799114,2.779264800411968,-55.17083740234375,-27.52273368835449,0.0451374053955078,prim,0.5,1e+20,2.934110000000004,1e+20,17233,4,0.01860894,0.6845469619999999,0.7106733499999999,True,branched,,results/c0_prim_decomposition/raw/production-scip/real_01/production-scip__real_01__full-prim__seed0.branches.csv,full-prim,real_01,1.0,0.01860894
4,9,4,417,281,1017,t_z_513_512_2,z,0.0782741373018126,0.0782741373018126,-27.989377975463867,1.0,-27.489377975463867,-29.418108709138647,2.7802826597978885,-55.12790298461913,-27.492618560791016,0.0441627502441406,prim,0.5,1e+20,2.934110000000004,1e+20,17237,5,0.018351689,0.6836947119999999,0.7096269389999998,True,branched,,results/c0_prim_decomposition/raw/production-scip/real_01/production-scip__real_01__full-prim__seed0.branches.csv,full-prim,real_01,1.0,0.018351689
5,10,5,409,370,1408,t_z_230_515_2,z,0.2962013299789174,0.2962013299789174,-27.97066879272461,1.0,-27.47066879272461,-29.397737423773208,2.7971953421420817,-55.08806228637695,-27.467479705810547,0.0432853698730468,prim,0.5,1e+20,2.934110000000004,1e+20,17239,6,0.0186920949999999,0.682421942,0.708632539,True,branched,,results/c0_prim_decomposition/raw/production-scip/real_01/production-scip__real_01__full-prim__seed0.branches.csv,full-prim,real_01,1.0,0.0186920949999999
6,13,6,408,374,1429,t_z_525_137_0,z,0.1932035349351004,0.1932035349351004,-27.96250915527344,1.0,-27.46250915527344,-29.37731306693133,2.7960200631297725,-55.05199813842773,-27.448492050170895,0.0419635772705078,prim,0.5,1e+20,2.934110000000004,1e+20,17241,7,0.0185245939999999,0.674483824,0.7004860929999999,True,branched,,results/c0_prim_decomposition/raw/production-scip/real_01/production-scip__real_01__full-prim__seed0.branches.csv,full-prim,real_01,1.0,0.0185245939999999
7,15,7,407,391,1508,t_z_518_544_0,z,0.1932035349351004,0.1932035349351004,-27.948152542114254,1.0,-27.448152542114254,-29.3608801323893,2.79572689301377,-55.017925262451165,-27.435871124267575,0.0411643981933593,prim,0.5,1e+20,2.934110000000004,1e+20,17242,8,0.0184489569999999,0.669199332,0.695138554,True,branched,,results/c0_prim_decomposition/raw/production-scip/real_01/production-scip__real_01__full-prim__seed0.branches.csv,full-prim,real_01,1.0,0.0184489569999999
8,17,8,406,233,829,t_z_496_1_0,z,0.1932035349351004,0.1932035349351004,-27.960792541503903,1.0,-27.460792541503903,-29.34893609972423,2.794918553459508,-54.98616027832031,-27.429561614990234,0.0403938293457031,prim,0.5,1e+20,2.934110000000004,1e+20,17243,9,0.018582313,0.6791293929999999,0.705156262,True,branched,,results/c0_prim_decomposition/raw/production-scip/real_01/production-scip__real_01__full-prim__seed0.branches.csv,full-prim,real_01,1.0,0.018582313
9,18,9,406,291,1137,t_z_413_94_2,z,0.0780131549699921,0.0780131549699921,-28.03092384338379,1.0,-27.53092384338379,-29.343684962230363,2.7909337276332966,-54.96372985839844,-27.430721282958984,0.0396270751953125,prim,0.5,1e+20,2.934110000000004,1e+20,17244,10,0.0181455329999999,0.67171199,0.697369452,True,branched,,results/c0_prim_decomposition/raw/production-scip/real_01/production-scip__real_01__full-prim__seed0.branches.csv,full-prim,real_01,1.0,0.0181455329999999
10,20,10,485,399,1247,t_z_505_152_1,z,0.3130251204263924,0.3130251204263924,-28.041711807250977,1.0,-27.541711807250977,-30.144206422628816,3.355906350426298,-56.4984130859375,-27.56874084472656,0.0204410552978515,prim,0.5,1e+20,2.934110000000004,1e+20,17350,11,0.018276705,0.673688288,0.699512299,True,branched,,results/c0_prim_decomposition/raw/production-scip/real_01/production-scip__real_01__full-prim__seed0.branches.csv,full-prim,real_01,1.0,0.018276705
11,22,11,515,298,828,t_z_1_496_0,z,0.1590305092101971,0.1590305092101971,-28.253400802612305,1.0,-27.753400802612305,-30.132991694478157,3.330336079190317,-57.9044075012207,-27.63057518005371,0.025787353515625,prim,0.5,1e+20,2.934110000000004,1e+20,17402,12,0.0181016599999999,0.67268974,0.698383219,True,branched,,results/c0_prim_decomposition/raw/production-scip/real_01/production-scip__real_01__full-prim__seed0.branches.csv,full-prim,real_01,1.0,0.0181016599999999
12,25,12,503,484,1513,t_z_544_518_2,z,0.4702386029348277,0.4702386029348277,-28.086530685424805,1.0,-27.586530685424805,-30.16682255481394,3.3561825970588672,-57.83607864379882,-27.691730499267575,0.0266342163085937,prim,0.5,1e+20,2.934110000000004,1e+20,17468,13,0.018110496,0.669253474,0.694882964,True,branched,,results/c0_prim_decomposition/raw/production-scip/real_01/production-scip__real_01__full-prim__seed0.branches.csv,full-prim,real_01,1.0,0.018110496
13,27,13,486,417,1329,t_z_495_230_2,z,0.1710664004535237,0.1710664004535237,-28.390899658203125,1.0,-27.890899658203125,-30.25102324152189,3.392952690987453,-57.83186721801758,-27.725526809692383,0.0248908996582031,prim,0.5,1e+20,2.934110000000004,1e+20,17498,14,0.018101998,0.667368666,0.69300042,True,branched,,results/c0_prim_decomposition/raw/production-scip/real_01/production-scip__real_01__full-prim__seed0.branches.csv,full-prim,real_01,1.0,0.018101998
0,1,0,733,569,1235,t_z_134_133_3,z,0.5,0.5,-25.37098503112793,1.0,-24.87098503112793,-26.6256690057856,1.107599689871252,-32.63037109375,-25.088409423828125,0.0063343048095703,prim,0.5,1e+20,2.9341100000000035,1e+20,12769,1,0.024742775,0.7186724009999998,0.751426299,True,branched,,results/c0_prim_decomposition/raw/production-scip/real_01/production-scip__real_01__full-prim__seed1.branches.csv,full-prim,real_01,1.0,0.024742775
1,2,1,733,249,533,t_z_133_132_0,z,0.4436289618987414,0.4436289618987414,-25.388315200805664,1.0,-24.888315200805664,-26.563111832164644,1.1855337238765062,-33.80643081665039,-25.049894332885746,0.0064868927001953,prim,0.5,1e+20,2.9341100000000035,1e+20,12770,2,0.023405688,0.684517139,0.71567448,True,branched,,results/c0_prim_decomposition/raw/production-scip/real_01/production-scip__real_01__full-prim__seed1.branches.csv,full-prim,real_01,1.0,0.023405688
2,5,2,732,566,1229,t_z_134_133_0,z,0.4436289618987414,0.4436289618987414,-25.3360538482666,1.0,-24.8360538482666,-26.529233961157455,1.1784647717202652,-33.76144027709961,-25.01874351501465,0.0064277648925781,prim,0.5,1e+20,2.9341100000000035,1e+20,12771,3,0.023761997,0.683426849,0.7151804809999999,True,branched,,results/c0_prim_decomposition/raw/production-scip/real_01/production-scip__real_01__full-prim__seed1.branches.csv,full-prim,real_01,1.0,0.023761997
3,7,3,729,383,865,t_z_501_500_2,z,0.1945804861717914,0.1945804861717914,-25.3658447265625,1.0,-24.8658447265625,-26.509292147287127,1.17170914406554,-33.72379302978516,-24.99736785888672,0.0068111419677734,prim,0.5,1e+20,2.9341100000000035,1e+20,12773,4,0.0236204549999999,0.6889521149999999,0.720377494,True,branched,,results/c0_prim_decomposition/raw/production-scip/real_01/production-scip__real_01__full-prim__seed1.branches.csv,full-prim,real_01,1.0,0.0236204549999999
4,9,4,726,378,857,t_z_500_499_2,z,0.1945804861717914,0.1945804861717914,-25.35983085632324,1.0,-24.85983085632324,-26.493641010000687,1.1632096187799874,-33.68863296508789,-24.98164939880371,0.0076351165771484,prim,0.5,1e+20,2.9341100000000035,1e+20,12775,5,0.023461806,0.6960214919999999,0.7274941849999998,True,branched,,results/c0_prim_decomposition/raw/production-scip/real_01/production-scip__real_01__full-prim__seed1.branches.csv,full-prim,real_01,1.0,0.023461806
5,10,5,730,255,541,t_z_135_134_0,z,0.4292582999384951,0.4292582999384951,-25.413406372070312,1.0,-24.913406372070312,-26.48717492508561,1.1501511225974668,-33.662899017333984,-24.98716354370117,0.0011482238769531,prim,0.5,1e+20,2.9341100000000035,1e+20,12784,6,0.0238716279999999,0.6823201399999999,0.7140298179999999,True,branched,,results/c0_prim_decomposition/raw/production-scip/real_01/production-scip__real_01__full-prim__seed1.branches.csv,full-prim,real_01,1.0,0.0238716279999999
6,13,6,729,538,1185,t_z_512_507_2,z,0.1818022407946628,0.1818022407946628,-25.441171646118164,1.0,-24.941171646118164,-26.48571381745515,1.1401721995506109,-33.637996673583984,-24.99176025390625,0.0023880004882812,prim,0.5,1e+20,2.9341100000000035,1e+20,12785,7,0.0238323629999999,0.674576905,0.7063322029999999,True,branched,,results/c0_prim_decomposition/raw/production-scip/real_01/production-scip__real_01__full-prim__seed1.branches.csv,full-prim,real_01,1.0,0.0238323629999999
7,15,7,734,571,1234,t_z_133_134_3,z,0.5,0.5,-25.468055725097656,1.0,-24.968055725097656,-26.49863698891788,1.1292690892758044,-33.62313461303711,-25.007232666015625,0.0202312469482421,prim,0.5,1e+20,2.9341100000000035,1e+20,12804,8,0.0234105029999999,0.678036653,0.7090868989999999,True,branched,,results/c0_prim_decomposition/raw/production-scip/real_01/production-scip__real_01__full-prim__seed1.branches.csv,full-prim,real_01,1.0,0.0234105029999999
8,17,8,733,719,1570,t_z_516_544_3,z,0.1293092698319241,0.1293092698319241,-25.580135345458984,1.0,-25.080135345458984,-26.503024664614728,1.1183758084827713,-33.59778594970703,-25.02169418334961,0.0218467712402343,prim,0.5,1e+20,2.9341100000000035,1e+20,12806,9,0.0232396669999999,0.676448849,0.707683087,True,branched,,results/c0_prim_decomposition/raw/production-scip/real_01/production-scip__real_01__full-prim__seed1.branches.csv,full-prim,real_01,1.0,0.0232396669999999
9,18,9,730,260,546,t_z_134_135_3,z,0.5,0.5,-25.66578865051269,1.0,-25.16578865051269,-26.514560030584462,1.1031644394771405,-33.5997200012207,-25.049854278564453,0.0200710296630859,prim,0.5,1e+20,2.9341100000000035,1e+20,12828,10,0.023757321,0.674268052,0.7059903819999999,True,branched,,results/c0_prim_decomposition/raw/production-scip/real_01/production-scip__real_01__full-prim__seed1.branches.csv,full-prim,real_01,1.0,0.023757321
10,21,10,745,375,831,t_z_496_1_1,z,0.2860392488169196,0.2860392488169196,-25.800687789916992,1.0,-25.300687789916992,-27.394623854976373,2.346871794027936,-44.23827362060546,-25.1837100982666,0.0241680145263671,prim,0.5,1e+20,2.9341100000000035,1e+20,12957,11,0.023389699,0.685648192,0.7170047619999999,True,branched,,results/c0_prim_decomposition/raw/production-scip/real_01/production-scip__real_01__full-prim__seed1.branches.csv,full-prim,real_01,1.0,0.023389699
11,23,11,749,306,636,t_z_132_152_0,z,0.0384148059014103,0.0384148059014103,-25.836902618408203,1.0,-25.336902618408203,-27.42222648182603,2.3392163608997043,-44.256439208984375,-25.21275329589844,0.0303249359130859,prim,0.5,1e+20,2.9341100000000035,1e+20,12973,12,0.023421744,0.6831826709999999,0.7142806929999999,True,branched,,results/c0_prim_decomposition/raw/production-scip/real_01/production-scip__real_01__full-prim__seed1.branches.csv,full-prim,real_01,1.0,0.023421744
0,1,0,395,328,1283,t_z_525_524_3,z,0.9989999999999998,0.9989999999999998,-27.674823760986328,0.0,-27.674823760986328,-30.414299803142303,3.677098656703258,-63.63559722900391,-27.674823760986328,0.0012683868408203,none,0.0,1e+20,2.934110000000004,1e+20,17207,1,0.018234084,0.684971738,0.7032102049999999,True,branched,,results/c0_prim_decomposition/raw/production-scip/real_01/production-scip__real_01__gcnn__seed0.branches.csv,gcnn,real_01,0.0,0.018234084
1,3,1,395,157,507,t_z_93_92_3,z,0.9979999999999996,0.9979999999999996,-27.63241958618164,0.0,-27.63241958618164,-29.57048670611804,2.846339068553815,-55.31155776977539,-27.63241958618164,0.0588741302490234,none,0.0,1e+20,2.934110000000004,1e+20,17209,2,0.018598831,0.6685188669999999,0.6871211999999999,True,branched,,results/c0_prim_decomposition/raw/production-scip/real_01/production-scip__real_01__gcnn__seed0.branches.csv,gcnn,real_01,0.0,0.018598831
2,5,2,394,379,1513,t_z_544_518_2,z,0.8618673843394135,0.8618673843394135,-27.651561737060547,0.0,-27.651561737060547,-29.53269201849923,2.8466000932825364,-55.25939178466797,-27.651561737060547,0.0128097534179687,none,0.0,1e+20,2.934110000000004,1e+20,17213,3,0.0181874729999999,0.6710274809999999,0.6892184319999999,True,branched,,results/c0_prim_decomposition/raw/production-scip/real_01/production-scip__real_01__gcnn__seed0.branches.csv,gcnn,real_01,0.0,0.0181874729999999
3,7,3,389,175,561,t_z_137_136_2,z,0.9111068324740174,0.9111068324740174,-27.63237953186035,0.0,-27.63237953186035,-29.5234461590686,2.8578328073652157,-55.22039413452149,-27.63237953186035,0.0225238800048828,none,0.0,1e+20,2.934110000000004,1e+20,17224,4,0.0188249189999999,0.6674734479999999,0.686302162,True,branched,,results/c0_prim_decomposition/raw/production-scip/real_01/production-scip__real_01__gcnn__seed0.branches.csv,gcnn,real_01,0.0,0.0188249189999999
4,9,4,380,288,1213,t_z_521_509_0,z,0.809423304519256,0.809423304519256,-27.61629676818848,0.0,-27.61629676818848,-29.503632891805548,2.8817406095332365,-55.181373596191406,-27.61629676818848,0.0325775146484375,none,0.0,1e+20,2.934110000000004,1e+20,17227,5,0.017813018,0.669539124,0.6873558079999998,True,branched,,results/c0_prim_decomposition/raw/production-scip/real_01/production-scip__real_01__gcnn__seed0.branches.csv,gcnn,real_01,0.0,0.017813018
5,11,5,380,188,642,t_z_132_152_3,z,0.8889632452482279,0.8889632452482279,-27.615896224975582,0.0,-27.615896224975582,-29.474611608605635,2.8799250275275323,-55.142704010009766,-27.615896224975582,0.0037174224853515,none,0.0,1e+20,2.934110000000004,1e+20,17230,6,0.017916443,0.66821721,0.686137281,True,branched,,results/c0_prim_decomposition/raw/production-scip/real_01/production-scip__real_01__gcnn__seed0.branches.csv,gcnn,real_01,0.0,0.017916443
6,13,6,379,321,1330,t_z_230_495_3,z,0.8871296104965773,0.8871296104965773,-27.596576690673828,0.0,-27.596576690673828,-29.465047282719677,2.8796092310831285,-55.10723114013672,-27.596576690673828,0.0055694580078125,none,0.0,1e+20,2.934110000000004,1e+20,17234,7,0.0181333509999999,0.66532489,0.6834620799999999,True,branched,,results/c0_prim_decomposition/raw/production-scip/real_01/production-scip__real_01__gcnn__seed0.branches.csv,gcnn,real_01,0.0,0.0181333509999999
7,15,7,378,325,1346,t_z_285_529_3,z,0.8871296104965773,0.8871296104965773,-27.58647346496582,0.0,-27.58647346496582,-29.449714660644528,2.878446626464503,-55.07314682006836,-27.58647346496582,0.0111255645751953,none,0.0,1e+20,2.934110000000004,1e+20,17235,8,0.018077214,0.66325957,0.681340307,True,branched,,results/c0_prim_decomposition/raw/production-scip/real_01/production-scip__real_01__gcnn__seed0.branches.csv,gcnn,real_01,0.0,0.018077214
8,17,8,377,314,1285,t_z_526_525_0,z,0.997,0.997,-27.582185745239254,0.0,-27.582185745239254,-29.4386724780662,2.876709228521382,-55.04087066650391,-27.582185745239254,0.0075149536132812,none,0.0,1e+20,2.934110000000004,1e+20,17236,9,0.017958918,0.672826857,0.690789547,True,branched,,results/c0_prim_decomposition/raw/production-scip/real_01/production-scip__real_01__gcnn__seed0.branches.csv,gcnn,real_01,0.0,0.017958918
9,19,9,376,179,592,t_z_133_152_2,z,0.8871275867721565,0.8871275867721565,-27.58875846862793,0.0,-27.58875846862793,-29.4373182793881,2.875291953378554,-55.01814651489258,-27.58875846862793,0.0035037994384765,none,0.0,1e+20,2.934110000000004,1e+20,17238,10,0.017705841,0.6623851419999999,0.6800946629999999,True,branched,,results/c0_prim_decomposition/raw/production-scip/real_01/production-scip__real_01__gcnn__seed0.branches.csv,gcnn,real_01,0.0,0.017705841
10,21,10,430,267,931,t_z_505_504_3,z,0.9224110065872448,0.9224110065872448,-27.60797500610352,0.0,-27.60797500610352,-30.714908333711847,4.110988374093239,-55.02121353149414,-27.60797500610352,0.0733165740966796,none,0.0,1e+20,2.934110000000004,1e+20,17292,11,0.017404457,0.6747638219999998,0.6921727779999999,True,branched,,results/c0_prim_decomposition/raw/production-scip/real_01/production-scip__real_01__gcnn__seed0.branches.csv,gcnn,real_01,0.0,0.017404457
11,23,11,430,370,1335,t_z_495_285_1,z,0.8350906395609928,0.8350906395609928,-27.698488235473636,0.0,-27.698488235473636,-30.72105429006177,4.103375648992661,-55.00574493408203,-27.698488235473636,9.72747802734375e-05,none,0.0,1e+20,2.934110000000004,1e+20,17295,12,0.0178197969999999,0.672903627,0.6907270199999999,True,branched,,results/c0_prim_decomposition/raw/production-scip/real_01/production-scip__real_01__gcnn__seed0.branches.csv,gcnn,real_01,0.0,0.0178197969999999
12,25,12,429,251,845,t_z_499_3_0,z,0.9682163431785152,0.9682163431785152,-27.707839965820312,0.0,-27.707839965820312,-30.729409677999,4.099933095330446,-54.99095153808594,-27.707839965820312,0.0056896209716796,none,0.0,1e+20,2.934110000000004,1e+20,17296,13,0.017960004,0.675948057,0.6939124789999999,True,branched,,results/c0_prim_decomposition/raw/production-scip/real_01/production-scip__real_01__gcnn__seed0.branches.csv,gcnn,real_01,0.0,0.017960004
13,26,13,460,275,835,t_z_496_1_3,z,0.9223364925328,0.9223364925328,-27.70409774780273,0.0,-27.70409774780273,-30.785206421561863,3.995854266226104,-54.998001098632805,-27.70409774780273,0.0703868865966796,none,0.0,1e+20,2.934110000000004,1e+20,17368,14,0.0178544339999999,0.6730264919999999,0.6908858709999999,True,branched,,results/c0_prim_decomposition/raw/production-scip/real_01/production-scip__real_01__gcnn__seed0.branches.csv,gcnn,real_01,0.0,0.0178544339999999
14,28,14,460,319,995,t_z_76_1_3,z,0.998,0.998,-27.715339660644528,0.0,-27.715339660644528,-30.79003037162449,3.990865259203781,-54.98820114135742,-27.715339660644528,0.0724239349365234,none,0.0,1e+20,2.934110000000004,1e+20,17375,15,0.018058951,0.6794514929999999,0.697514323,True,branched,,results/c0_prim_decomposition/raw/production-scip/real_01/production-scip__real_01__gcnn__seed0.branches.csv,gcnn,real_01,0.0,0.018058951
15,31,15,460,236,659,t_z_240_76_3,z,0.999,0.999,-27.719242095947266,0.0,-27.719242095947266,-30.79136611689692,3.985491342052117,-54.97648239135742,-27.719242095947266,0.0779743194580078,none,0.0,1e+20,2.934110000000004,1e+20,17376,16,0.017710861,0.6724456429999999,0.6901607469999999,True,branched,,results/c0_prim_decomposition/raw/production-scip/real_01/production-scip__real_01__gcnn__seed0.branches.csv,gcnn,real_01,0.0,0.017710861
16,33,16,459,212,553,t_z_136_135_2,z,0.8605144619211735,0.8605144619211735,-27.785907745361328,0.0,-27.785907745361328,-30.78708666550048,3.987617892782008,-54.96750259399414,-27.785907745361328,0.0211601257324218,none,0.0,1e+20,2.934110000000004,1e+20,17376,17,0.017919713,0.671929372,0.689853094,True,branched,,results/c0_prim_decomposition/raw/production-scip/real_01/production-scip__real_01__gcnn__seed0.branches.csv,gcnn,real_01,0.0,0.017919713
17,34,17,427,338,1231,t_z_134_133_1,z,0.8052173913043476,0.8052173913043476,-27.823387145996094,0.0,-27.823387145996094,-30.92739685022859,4.055141751424044,-54.98775100708008,-27.823387145996094,0.0541534423828125,none,0.0,1e+20,2.934110000000004,1e+20,17422,18,0.018119056,0.673459165,0.6915824889999999,True,branched,,results/c0_prim_decomposition/raw/production-scip/real_01/production-scip__real_01__gcnn__seed0.branches.csv,gcnn,real_01,0.0,0.018119056
18,37,18,427,255,834,t_z_1_496_3,z,0.9237000000000009,0.9237000000000009,-27.884548187255856,0.0,-27.884548187255856,-30.9398300563982,4.041903500351808,-54.97501754760742,-27.884548187255856,0.007181167602539,none,0.0,1e+20,2.934110000000004,1e+20,17427,19,0.017863764,0.671237417,0.689104983,True,branched,,results/c0_prim_decomposition/raw/production-scip/real_01/production-scip__real_01__gcnn__seed0.branches.csv,gcnn,real_01,0.0,0.017863764
19,39,19,413,200,627,t_z_189_188_3,z,0.999,0.999,-27.875175476074215,0.0,-27.875175476074215,-30.967988607669856,4.1315462632028925,-54.95581817626953,-27.875175476074215,0.0353298187255859,none,0.0,1e+20,2.934110000000004,1e+20,17435,20,0.017932129,0.673412643,0.691348311,True,branched,,results/c0_prim_decomposition/raw/production-scip/real_01/production-scip__real_01__gcnn__seed0.branches.csv,gcnn,real_01,0.0,0.017932129
20,41,20,449,375,1287,t_z_526_525_1,z,0.9965,0.9965,-27.80620765686035,0.0,-27.80620765686035,-31.219592610552475,4.242331684145992,-54.992488861083984,-27.80620765686035,0.1041011810302734,none,0.0,1e+20,2.934110000000004,1e+20,17486,21,0.017512264,0.674174326,0.69169111,True,branched,,results/c0_prim_decomposition/raw/production-scip/real_01/production-scip__real_01__gcnn__seed0.branches.csv,gcnn,real_01,0.0,0.017512264
21,43,21,443,187,501,t_z_93_92_0,z,0.999,0.999,-27.92348861694336,0.0,-27.92348861694336,-31.20953799262811,4.253119012650769,-54.98624420166016,-27.92348861694336,0.0402584075927734,none,0.0,1e+20,2.934110000000004,1e+20,17490,22,0.0180501209999999,0.675672951,0.6937276359999999,True,branched,,results/c0_prim_decomposition/raw/production-scip/real_01/production-scip__real_01__gcnn__seed0.branches.csv,gcnn,real_01,0.0,0.0180501209999999
22,45,22,437,165,427,t_z_3_2_3,z,0.920388888888888,0.920388888888888,-27.97665786743164,0.0,-27.97665786743164,-31.226874427882706,4.267761685670166,-54.977153778076165,-27.97665786743164,0.0190010070800781,none,0.0,1e+20,2.934110000000004,1e+20,17491,23,0.018301918,0.674116178,0.692422194,True,branched,,results/c0_prim_decomposition/raw/production-scip/real_01/production-scip__real_01__gcnn__seed0.branches.csv,gcnn,real_01,0.0,0.018301918
23,46,23,454,305,968,t_z_508_509_2,z,0.9986,0.9986,-28.046436309814453,0.0,-28.046436309814453,-31.218278742046607,4.227743683310717,-54.91085052490234,-28.046436309814453,0.005960464477539,none,0.0,1e+20,2.934110000000004,1e+20,17569,24,0.017729818,0.6719143229999999,0.689648023,True,branched,,results/c0_prim_decomposition/raw/production-scip/real_01/production-scip__real_01__gcnn__seed0.branches.csv,gcnn,real_01,0.0,0.017729818
24,49,24,463,315,969,t_z_509_508_2,z,0.8920000000000005,0.8920000000000005,-27.960262298583984,0.0,-27.960262298583984,-31.226224116578727,4.19757408088667,-54.904884338378906,-27.960262298583984,0.1038265228271484,none,0.0,1e+20,2.934110000000004,1e+20,17577,25,0.0179839159999999,0.675137599,0.693125722,True,branched,,results/c0_prim_decomposition/raw/production-scip/real_01/production-scip__real_01__gcnn__seed0.branches.csv,gcnn,real_01,0.0,0.0179839159999999
25,50,25,462,396,1303,t_z_527_189_1,z,0.9996,0.9996,-28.07103157043457,0.0,-28.07103157043457,-31.230753729353737,4.196274165807036,-54.889556884765625,-28.07103157043457,0.0273361206054687,none,0.0,1e+20,2.934110000000004,1e+20,17579,26,0.017971747,0.672373899,0.690349608,True,branched,,results/c0_prim_decomposition/raw/production-scip/real_01/production-scip__real_01__gcnn__seed0.branches.csv,gcnn,real_01,0.0,0.017971747
26,53,26,460,208,537,t_z_133_132_2,z,0.8336333333333334,0.8336333333333334,-28.1072998046875,0.0,-28.1072998046875,-31.24287944876629,4.198206917634974,-54.879581451416016,-28.1072998046875,0.0021591186523437,none,0.0,1e+20,2.934110000000004,1e+20,17582,27,0.0179948979999999,0.672975543,0.6909744159999999,True,branched,,results/c0_prim_decomposition/raw/production-scip/real_01/production-scip__real_01__gcnn__seed0.branches.csv,gcnn,real_01,0.0,0.0179948979999999
27,54,27,459,234,641,t_z_152_132_2,z,0.998,0.998,-27.94448471069336,0.0,-27.94448471069336,-31.24926662237296,4.198316800359236,-54.86988067626953,-27.94448471069336,0.1709575653076171,none,0.0,1e+20,2.934110000000004,1e+20,17584,28,0.0181156459999999,0.6729758879999999,0.6910954569999999,True,branched,,results/c0_prim_decomposition/raw/production-scip/real_01/production-scip__real_01__gcnn__seed0.branches.csv,gcnn,real_01,0.0,0.0181156459999999
28,57,28,458,225,595,t_z_152_133_3,z,0.6672666666666666,0.6672666666666666,-28.101993560791016,0.0,-28.101993560791016,-31.24336907749093,4.2009520768962485,-54.85724258422852,-28.101993560791016,0.0092506408691406,none,0.0,1e+20,2.934110000000004,1e+20,17584,29,0.017768981,0.673897489,0.6916705779999999,True,branched,,results/c0_prim_decomposition/raw/production-scip/real_01/production-scip__real_01__gcnn__seed0.branches.csv,gcnn,real_01,0.0,0.017768981
29,59,29,450,325,1083,t_z_516_515_3,z,0.998,0.998,-28.158191680908203,0.0,-28.158191680908203,-31.289705607096355,4.213312685767341,-54.80474472045898,-28.158191680908203,0.0384635925292968,none,0.0,1e+20,2.934110000000004,1e+20,17604,30,0.018080074,0.6750882919999999,0.693172289,True,branched,,results/c0_prim_decomposition/raw/production-scip/real_01/production-scip__real_01__gcnn__seed0.branches.csv,gcnn,real_01,0.0,0.018080074
30,61,30,449,409,1411,t_z_515_230_3,z,0.6748287619047617,0.6748287619047617,-28.199151992797848,0.0,-28.199151992797848,-31.31733482292872,4.212022562208511,-54.86733627319336,-28.199151992797848,0.0122299194335937,none,0.0,1e+20,2.934110000000004,1e+20,17619,31,0.0173221359999999,0.672906789,0.690233178,True,branched,,results/c0_prim_decomposition/raw/production-scip/real_01/production-scip__real_01__gcnn__seed0.branches.csv,gcnn,real_01,0.0,0.0173221359999999
31,62,31,459,330,1130,t_z_413_518_3,z,0.8005999999999996,0.8005999999999996,-28.22739791870117,0.0,-28.22739791870117,-31.070097817314995,3.9746510758283446,-54.428199768066406,-28.22739791870117,0.0551509857177734,none,0.0,1e+20,2.934110000000004,1e+20,17702,32,0.017969384,0.672659114,0.6906323789999999,True,branched,,results/c0_prim_decomposition/raw/production-scip/real_01/production-scip__real_01__gcnn__seed0.branches.csv,gcnn,real_01,0.0,0.017969384
32,65,32,469,402,1327,t_z_495_230_1,z,0.7987465608465609,0.7987465608465609,-28.281221389770508,0.0,-28.281221389770508,-31.09685949882719,3.946998163731388,-54.42294692993164,-28.281221389770508,0.0118179321289062,none,0.0,1e+20,2.934110000000004,1e+20,17714,33,0.017896972,0.6744636259999999,0.692364705,True,branched,,results/c0_prim_decomposition/raw/production-scip/real_01/production-scip__real_01__gcnn__seed0.branches.csv,gcnn,real_01,0.0,0.017896972
33,67,33,467,404,1339,t_z_495_285_3,z,0.5334000000000001,0.5334000000000001,-28.292051315307617,0.0,-28.292051315307617,-31.100032132493865,3.9596007881051225,-54.44644927978516,-28.292051315307617,0.0248889923095703,none,0.0,1e+20,2.934110000000004,1e+20,17716,34,0.0180214,0.6730071229999999,0.691032472,True,branched,,results/c0_prim_decomposition/raw/production-scip/real_01/production-scip__real_01__gcnn__seed0.branches.csv,gcnn,real_01,0.0,0.0180214
34,68,34,453,371,1250,t_z_152_505_3,z,0.9993333333333334,0.9993333333333334,-28.17298889160156,0.0,-28.17298889160156,-31.15144338039373,3.9689745800752134,-54.55312347412109,-28.17298889160156,0.1353950500488281,none,0.0,1e+20,2.934110000000004,1e+20,17745,35,0.017860303,0.677081021,0.694945479,True,branched,,results/c0_prim_decomposition/raw/production-scip/real_01/production-scip__real_01__gcnn__seed0.branches.csv,gcnn,real_01,0.0,0.017860303
35,71,35,451,309,976,t_z_509_510_2,z,0.9976666666666664,0.9976666666666664,-28.29831314086914,0.0,-28.29831314086914,-31.153197552835334,3.972661982780645,-54.54055404663086,-28.29831314086914,0.0346336364746093,none,0.0,1e+20,2.934110000000004,1e+20,17746,36,0.018545642,0.6739185909999998,0.6924689149999999,True,branched,,results/c0_prim_decomposition/raw/production-scip/real_01/production-scip__real_01__gcnn__seed0.branches.csv,gcnn,real_01,0.0,0.018545642
36,73,36,449,355,1216,t_z_509_521_2,z,0.996,0.996,-28.32302665710449,0.0,-28.32302665710449,-31.155052936953265,3.977263239899712,-54.52838897705078,-28.32302665710449,0.0085182189941406,none,0.0,1e+20,2.934110000000004,1e+20,17748,37,0.018183113,0.675547161,0.693734425,True,branched,,results/c0_prim_decomposition/raw/production-scip/real_01/production-scip__real_01__gcnn__seed0.branches.csv,gcnn,real_01,0.0,0.018183113
37,74,37,446,388,1353,t_z_529_521_2,z,0.999,0.999,-28.296295166015625,0.0,-28.296295166015625,-31.223959832982636,3.9280398187533585,-54.17950820922852,-28.296295166015625,0.0783023834228515,none,0.0,1e+20,2.934110000000004,1e+20,17826,38,0.018276119,0.674221676,0.6925018069999999,True,branched,,results/c0_prim_decomposition/raw/production-scip/real_01/production-scip__real_01__gcnn__seed0.branches.csv,gcnn,real_01,0.0,0.018276119
38,77,38,445,158,421,t_z_3_2_0,z,0.999,0.999,-28.35485076904297,0.0,-28.35485076904297,-31.211464536859747,3.931203945312328,-54.165016174316406,-28.35485076904297,0.0224342346191406,none,0.0,1e+20,2.934110000000004,1e+20,17826,39,0.018211431,0.675883423,0.694099031,True,branched,,results/c0_prim_decomposition/raw/production-scip/real_01/production-scip__real_01__gcnn__seed0.branches.csv,gcnn,real_01,0.0,0.018211431
39,79,39,436,370,1301,t_z_527_189_0,z,0.9965,0.9965,-28.37030792236328,0.0,-28.37030792236328,-31.229848131127312,3.9587996919895945,-54.15640640258789,-28.37030792236328,0.02978515625,none,0.0,1e+20,2.934110000000004,1e+20,17829,40,0.0179475969999999,0.672518147,0.690470195,True,branched,,results/c0_prim_decomposition/raw/production-scip/real_01/production-scip__real_01__gcnn__seed0.branches.csv,gcnn,real_01,0.0,0.0179475969999999
40,81,40,477,460,1511,t_z_544_518_1,z,0.999,0.999,-28.278188705444336,0.0,-28.278188705444336,-31.498335444452376,3.821243798969164,-53.642486572265625,-28.278188705444336,0.0111579895019531,none,0.0,1e+20,2.934110000000004,1e+20,17942,41,0.018506015,0.6808246789999999,0.699334408,True,branched,,results/c0_prim_decomposition/raw/production-scip/real_01/production-scip__real_01__gcnn__seed0.branches.csv,gcnn,real_01,0.0,0.018506015
41,82,41,476,403,1298,t_z_188_526_3,z,0.998,0.998,-28.28517341613769,0.0,-28.28517341613769,-31.43618596501711,3.8197252878317327,-53.62135314941406,-28.28517341613769,0.0203628540039062,none,0.0,1e+20,2.934110000000004,1e+20,17947,42,0.018253805,0.677040474,0.69529808,True,branched,,results/c0_prim_decomposition/raw/production-scip/real_01/production-scip__real_01__gcnn__seed0.branches.csv,gcnn,real_01,0.0,0.018253805
42,85,42,475,273,843,t_z_496_2_3,z,0.996,0.996,-28.28824806213379,0.0,-28.28824806213379,-31.42614430879292,3.8221211355166353,-53.60839080810546,-28.28824806213379,0.1130199432373046,none,0.0,1e+20,2.934110000000004,1e+20,17947,43,0.018044713,0.686023186,0.704072627,True,branched,,results/c0_prim_decomposition/raw/production-scip/real_01/production-scip__real_01__gcnn__seed0.branches.csv,gcnn,real_01,0.0,0.018044713
43,87,43,474,346,1118,t_z_508_518_1,z,0.999,0.999,-28.39326858520508,0.0,-28.39326858520508,-31.42683860521276,3.8216271882562154,-53.59936141967773,-28.39326858520508,0.0313396453857421,none,0.0,1e+20,2.934110000000004,1e+20,17948,44,0.018087849,0.676882694,0.694974453,True,branched,,results/c0_prim_decomposition/raw/production-scip/real_01/production-scip__real_01__gcnn__seed0.branches.csv,gcnn,real_01,0.0,0.018087849
44,89,44,473,205,539,t_z_133_132_3,z,0.997,0.997,-28.410564422607425,0.0,-28.410564422607425,-31.419595585312955,3.823970269569344,-53.588726043701165,-28.410564422607425,0.0122280120849609,none,0.0,1e+20,2.934110000000004,1e+20,17948,45,0.017946605,0.677817306,0.695767808,True,branched,,results/c0_prim_decomposition/raw/production-scip/real_01/production-scip__real_01__gcnn__seed0.branches.csv,gcnn,real_01,0.0,0.017946605
45,90,45,441,285,961,t_z_508_507_2,z,0.9986666666666668,0.9986666666666668,-28.196271896362305,0.0,-28.196271896362305,-31.269440890980416,3.7617560279304647,-53.30117034912109,-28.196271896362305,0.1369762420654296,none,0.0,1e+20,2.934110000000004,1e+20,17999,47,0.018204093,0.6761571029999999,0.69436542,True,branched,,results/c0_prim_decomposition/raw/production-scip/real_01/production-scip__real_01__gcnn__seed0.branches.csv,gcnn,real_01,0.0,0.018204093
46,92,46,439,329,1185,t_z_512_507_2,z,0.999,0.999,-28.237968444824215,0.0,-28.237968444824215,-31.30222282757249,3.7658795038496584,-53.34539794921875,-28.237968444824215,0.0658779144287109,none,0.0,1e+20,2.934110000000004,1e+20,18018,48,0.018138924,0.6775547739999999,0.695697777,True,branched,,results/c0_prim_decomposition/raw/production-scip/real_01/production-scip__real_01__gcnn__seed0.branches.csv,gcnn,real_01,0.0,0.018138924
47,95,47,437,184,535,t_z_133_132_1,z,0.7134285714285715,0.7134285714285715,-28.28582763671875,0.0,-28.28582763671875,-31.29570220318757,3.771769096475436,-53.33018493652344,-28.28582763671875,0.0517730712890625,none,0.0,1e+20,2.934110000000004,1e+20,18018,49,0.0182418599999999,0.666980989,0.685227553,True,branched,,results/c0_prim_decomposition/raw/production-scip/real_01/production-scip__real_01__gcnn__seed0.branches.csv,gcnn,real_01,0.0,0.0182418599999999
48,97,48,433,181,530,t_z_131_132_3,z,0.999,0.999,-28.316181182861328,0.0,-28.316181182861328,-31.25875165996596,3.737554021476836,-53.29416275024414,-28.316181182861328,0.1009845733642578,none,0.0,1e+20,2.934110000000004,1e+20,18030,50,0.017905693,0.67072975,0.688639059,True,branched,,results/c0_prim_decomposition/raw/production-scip/real_01/production-scip__real_01__gcnn__seed0.branches.csv,gcnn,real_01,0.0,0.017905693
49,99,49,432,254,865,t_z_501_500_2,z,0.6666666666666666,0.6666666666666666,-28.407695770263672,0.0,-28.407695770263672,-31.257089349958637,3.740688941212884,-53.28917694091797,-28.407695770263672,0.0274620056152343,none,0.0,1e+20,2.934110000000004,1e+20,18030,51,0.017601741,0.6626878029999999,0.680293554,True,branched,,results/c0_prim_decomposition/raw/production-scip/real_01/production-scip__real_01__gcnn__seed0.branches.csv,gcnn,real_01,0.0,0.017601741
50,101,50,439,184,531,t_z_132_131_3,z,0.6017942628919937,0.6017942628919937,-28.39101219177246,0.0,-28.39101219177246,-31.252634222252222,3.6934098284024546,-53.241249084472656,-28.39101219177246,0.0627899169921875,none,0.0,1e+20,2.934110000000004,1e+20,18050,52,0.0176410759999999,0.6778562689999998,0.695501339,True,branched,,results/c0_prim_decomposition/raw/production-scip/real_01/production-scip__real_01__gcnn__seed0.branches.csv,gcnn,real_01,0.0,0.0176410759999999
51,102,51,438,405,1429,t_z_525_137_0,z,0.5493205360168129,0.5493205360168129,-28.413461685180664,0.0,-28.413461685180664,-31.223168194566146,3.6970303236892352,-53.201675415039055,-28.413461685180664,0.0016956329345703,none,0.0,1e+20,2.934110000000004,1e+20,18068,54,0.018372836,0.6813393239999999,0.6997170449999999,True,branched,,results/c0_prim_decomposition/raw/production-scip/real_01/production-scip__real_01__gcnn__seed0.branches.csv,gcnn,real_01,0.0,0.018372836
52,105,52,437,328,1186,t_z_507_512_3,z,0.9974999999999998,0.9974999999999998,-28.412548065185547,0.0,-28.412548065185547,-31.22264866425189,3.6989390000576488,-53.1910400390625,-28.412548065185547,0.0073375701904296,none,0.0,1e+20,2.934110000000004,1e+20,18070,55,0.018604444,0.6820721619999999,0.700680921,True,branched,,results/c0_prim_decomposition/raw/production-scip/real_01/production-scip__real_01__gcnn__seed0.branches.csv,gcnn,real_01,0.0,0.018604444
53,107,53,440,297,1018,t_z_512_513_3,z,0.999,0.999,-28.025077819824215,0.0,-28.025077819824215,-31.21624592434276,3.690593057132423,-53.191688537597656,-28.025077819824215,0.4024524688720703,none,0.0,1e+20,2.934110000000004,1e+20,18077,56,0.0182432499999999,0.678265112,0.696512325,True,branched,,results/c0_prim_decomposition/raw/production-scip/real_01/production-scip__real_01__gcnn__seed0.branches.csv,gcnn,real_01,0.0,0.0182432499999999
54,108,54,441,315,1127,t_z_518_413_1,z,0.999,0.999,-28.10612297058105,0.0,-28.10612297058105,-31.14949861297261,3.611393304286604,-52.85348510742188,-28.10612297058105,0.0975112915039062,none,0.0,1e+20,2.934110000000004,1e+20,18097,57,0.0182288999999999,0.6805455,0.6987783029999999,True,branched,,results/c0_prim_decomposition/raw/production-scip/real_01/production-scip__real_01__gcnn__seed0.branches.csv,gcnn,real_01,0.0,0.0182288999999999
55,110,55,450,325,1135,t_z_413_94_1,z,0.998,0.998,-28.207910537719727,0.0,-28.207910537719727,-31.189869541592067,3.631812127910395,-52.946571350097656,-28.207910537719727,0.0138320922851562,none,0.0,1e+20,2.934110000000004,1e+20,18130,58,0.0184039699999999,0.6759645069999999,0.694372501,True,branched,,results/c0_prim_decomposition/raw/production-scip/real_01/production-scip__real_01__gcnn__seed0.branches.csv,gcnn,real_01,0.0,0.0184039699999999
56,113,56,450,325,1134,t_z_94_413_1,z,0.998,0.998,-28.060779571533203,0.0,-28.060779571533203,-31.189041697184244,3.63190316217408,-52.942737579345696,-28.060779571533203,0.1613578796386718,none,0.0,1e+20,2.934110000000004,1e+20,18131,59,0.018301619,0.6837157449999999,0.702021443,True,branched,,results/c0_prim_decomposition/raw/production-scip/real_01/production-scip__real_01__gcnn__seed0.branches.csv,gcnn,real_01,0.0,0.018301619
57,114,57,449,334,1170,t_z_127_513_3,z,0.999,0.999,-28.19222450256348,0.0,-28.19222450256348,-31.16636821262555,3.6332840464065086,-52.90330123901367,-28.19222450256348,0.0048656463623046,none,0.0,1e+20,2.934110000000004,1e+20,18132,61,0.0185862549999999,0.684374452,0.7029649909999999,True,branched,,results/c0_prim_decomposition/raw/production-scip/real_01/production-scip__real_01__gcnn__seed0.branches.csv,gcnn,real_01,0.0,0.0185862549999999
58,117,58,448,334,1171,t_z_513_127_3,z,0.998,0.998,-28.070531845092773,0.0,-28.070531845092773,-31.16548205273492,3.6345330631302626,-52.89230346679688,-28.070531845092773,0.1356372833251953,none,0.0,1e+20,2.934110000000004,1e+20,18133,62,0.018201015,0.684031896,0.702236901,True,branched,,results/c0_prim_decomposition/raw/production-scip/real_01/production-scip__real_01__gcnn__seed0.branches.csv,gcnn,real_01,0.0,0.018201015
59,118,59,447,338,1183,t_z_512_507_1,z,0.998,0.998,-28.208438873291016,0.0,-28.208438873291016,-31.17243226155872,3.6358491063204457,-52.88667678833008,-28.208438873291016,0.211221694946289,none,0.0,1e+20,2.934110000000004,1e+20,18134,63,0.018026191,0.680452445,0.6984832149999999,True,branched,,results/c0_prim_decomposition/raw/production-scip/real_01/production-scip__real_01__gcnn__seed0.branches.csv,gcnn,real_01,0.0,0.018026191
60,121,60,443,185,533,t_z_133_132_0,z,0.7504166666666667,0.7504166666666667,-28.422229766845703,0.0,-28.422229766845703,-31.16901741286164,3.6402397269895785,-52.87945938110352,-28.422229766845703,0.0053062438964843,none,0.0,1e+20,2.934110000000004,1e+20,18136,64,0.01760141,0.673687851,0.6912930659999998,True,branched,,results/c0_prim_decomposition/raw/production-scip/real_01/production-scip__real_01__gcnn__seed0.branches.csv,gcnn,real_01,0.0,0.01760141
61,123,61,437,368,1294,t_z_188_526_1,z,0.997,0.997,-28.42713737487793,0.0,-28.42713737487793,-31.20610569270852,3.655481802283732,-52.87588882446289,-28.42713737487793,0.0038642883300781,none,0.0,1e+20,2.934110000000004,1e+20,18139,65,0.018071572,0.6698416489999999,0.68791703,True,branched,,results/c0_prim_decomposition/raw/production-scip/real_01/production-scip__real_01__gcnn__seed0.branches.csv,gcnn,real_01,0.0,0.018071572
62,125,62,435,353,1234,t_z_133_134_3,z,0.996,0.996,-28.432769775390625,0.0,-28.432769775390625,-31.218479423961416,3.65911532821885,-52.86919784545898,-28.432769775390625,0.0188980102539062,none,0.0,1e+20,2.934110000000004,1e+20,18141,66,0.017840265,0.664181322,0.68202556,True,branched,,results/c0_prim_decomposition/raw/production-scip/real_01/production-scip__real_01__gcnn__seed0.branches.csv,gcnn,real_01,0.0,0.017840265
63,127,63,433,242,811,t_z_496_17_3,z,0.2512916666666683,0.2512916666666683,-28.4426383972168,0.0,-28.4426383972168,-31.222929873037007,3.6650069365676665,-52.86001968383789,-28.4426383972168,0.0018386840820312,none,0.0,1e+20,2.934110000000004,1e+20,18141,67,0.0177174179999999,0.6689523889999999,0.686673676,True,branched,,results/c0_prim_decomposition/raw/production-scip/real_01/production-scip__real_01__gcnn__seed0.branches.csv,gcnn,real_01,0.0,0.0177174179999999
64,63,31,434,198,535,t_z_133_132_1,z,0.997,0.997,-29.22589492797852,0.0,-29.22589492797852,-32.39321753066805,4.056930136228726,-55.080345153808594,-29.22589492797852,0.1551513671875,none,0.0,2.992145980000004,2.934110000000004,0.0197797560418661,19867,68,0.0180026959999999,0.664013331,0.6820198819999999,True,branched,,results/c0_prim_decomposition/raw/production-scip/real_01/production-scip__real_01__gcnn__seed0.branches.csv,gcnn,real_01,0.0,0.0180026959999999
65,131,32,433,341,1216,t_z_509_521_2,z,0.998,0.998,-29.366287231445312,0.0,-29.366287231445312,-32.38415252914605,4.058458143871038,-55.06435775756836,-29.366287231445312,0.027597427368164,none,0.0,2.992145980000004,2.934110000000004,0.0197797560418661,19869,69,0.017975864,0.6617915279999999,0.679771075,True,branched,,results/c0_prim_decomposition/raw/production-scip/real_01/production-scip__real_01__gcnn__seed0.branches.csv,gcnn,real_01,0.0,0.017975864
66,132,33,405,176,529,t_z_132_131_2,z,0.997,0.997,-29.183601379394528,0.0,-29.183601379394528,-32.44362988884066,3.956339766852396,-54.14034652709961,-29.183601379394528,0.2245979309082031,none,0.0,2.992145980000004,2.934110000000004,0.0197797560418661,19951,70,0.018010827,0.662690286,0.6807048049999999,True,branched,,results/c0_prim_decomposition/raw/production-scip/real_01/production-scip__real_01__gcnn__seed0.branches.csv,gcnn,real_01,0.0,0.018010827
67,135,34,403,237,843,t_z_496_2_3,z,0.996,0.996,-29.38839530944824,0.0,-29.38839530944824,-32.43625994414904,3.9620914938642775,-54.124114990234375,-29.38839530944824,0.011484146118164,none,0.0,2.992145980000004,2.934110000000004,0.0197797560418661,19951,71,0.017963117,0.661349505,0.6793166729999999,True,branched,,results/c0_prim_decomposition/raw/production-scip/real_01/production-scip__real_01__gcnn__seed0.branches.csv,gcnn,real_01,0.0,0.017963117
68,137,35,396,341,1353,t_z_529_521_2,z,0.999,0.999,-29.379665374755856,0.0,-29.379665374755856,-32.37526817032785,3.9430743370935426,-54.10333633422852,-29.379665374755856,0.0492305755615234,none,0.0,2.992145980000004,2.934110000000004,0.0197797560418661,19951,72,0.017919437,0.6602548409999999,0.678178095,True,branched,,results/c0_prim_decomposition/raw/production-scip/real_01/production-scip__real_01__gcnn__seed0.branches.csv,gcnn,real_01,0.0,0.017919437
69,139,36,395,268,959,t_z_508_507_1,z,0.9323888888888868,0.9323888888888868,-29.40889549255371,0.0,-29.40889549255371,-32.36351996313167,3.945392690369476,-54.08726501464844,-29.40889549255371,0.0315895080566406,none,0.0,2.992145980000004,2.934110000000004,0.0197797560418661,19951,73,0.018151119,0.6628474229999999,0.681002187,True,branched,,results/c0_prim_decomposition/raw/production-scip/real_01/production-scip__real_01__gcnn__seed0.branches.csv,gcnn,real_01,0.0,0.018151119
70,141,37,394,338,1339,t_z_495_285_3,z,0.5,0.5,-29.446563720703125,0.0,-29.446563720703125,-32.36937988106975,3.945194091888193,-54.07550048828125,-29.446563720703125,0.0433311462402343,none,0.0,2.992145980000004,2.934110000000004,0.0197797560418661,19955,74,0.0179249619999999,0.6635280909999999,0.681456504,True,branched,,results/c0_prim_decomposition/raw/production-scip/real_01/production-scip__real_01__gcnn__seed0.branches.csv,gcnn,real_01,0.0,0.0179249619999999
71,58,29,474,398,1279,t_z_525_524_1,z,0.9987999999999998,0.9987999999999998,-29.39798355102539,0.0,-29.39798355102539,-32.5774511707483,3.9880748289755754,-55.3771858215332,-29.39798355102539,0.1501426696777343,none,0.0,2.992145980000004,2.934110000000004,0.0197797560418661,20133,75,0.018309084,0.6644539499999998,0.6827682339999999,True,branched,,results/c0_prim_decomposition/raw/production-scip/real_01/production-scip__real_01__gcnn__seed0.branches.csv,gcnn,real_01,0.0,0.018309084
72,145,30,476,278,844,t_z_3_499_0,z,0.999,0.999,-29.42186546325684,0.0,-29.42186546325684,-32.585805664543344,3.975765514018652,-55.35208511352539,-29.42186546325684,0.1424198150634765,none,0.0,2.992145980000004,2.934110000000004,0.0197797560418661,20162,76,0.018169338,0.6631242739999998,0.681297271,True,branched,,results/c0_prim_decomposition/raw/production-scip/real_01/production-scip__real_01__gcnn__seed0.branches.csv,gcnn,real_01,0.0,0.018169338
73,147,31,474,221,562,t_z_136_137_3,z,0.996,0.996,-29.54564476013184,0.0,-29.54564476013184,-32.57763574093203,3.981155177284532,-55.337196350097656,-29.54564476013184,0.0735054016113281,none,0.0,2.992145980000004,2.934110000000004,0.0197797560418661,20162,77,0.017909232,0.663604979,0.681518123,True,branched,,results/c0_prim_decomposition/raw/production-scip/real_01/production-scip__real_01__gcnn__seed0.branches.csv,gcnn,real_01,0.0,0.017909232
74,149,32,471,212,538,t_z_132_133_3,z,0.9995,0.9995,-29.61197853088379,0.0,-29.61197853088379,-32.56793226659171,3.9826882096779057,-55.33553695678711,-29.61197853088379,0.0099143981933593,none,0.0,2.992145980000004,2.934110000000004,0.0197797560418661,20169,78,0.0179969139999999,0.66832199,0.68632313,True,branched,,results/c0_prim_decomposition/raw/production-scip/real_01/production-scip__real_01__gcnn__seed0.branches.csv,gcnn,real_01,0.0,0.0179969139999999
75,151,33,469,401,1294,t_z_188_526_1,z,0.997,0.997,-29.619712829589844,0.0,-29.619712829589844,-32.5732722902603,3.987137439196601,-55.33087158203125,-29.619712829589844,0.0407028198242187,none,0.0,2.992145980000004,2.934110000000004,0.0197797560418661,20170,79,0.018852461,0.667654598,0.68651103,True,branched,,results/c0_prim_decomposition/raw/production-scip/real_01/production-scip__real_01__gcnn__seed0.branches.csv,gcnn,real_01,0.0,0.018852461
76,153,34,467,337,1083,t_z_516_515_3,z,0.998,0.998,-29.65849494934082,0.0,-29.65849494934082,-32.57882283637559,3.989507382518239,-55.32402801513672,-29.65849494934082,0.0042362213134765,none,0.0,2.992145980000004,2.934110000000004,0.0197797560418661,20172,80,0.017838514,0.670507303,0.6883497539999999,True,branched,,results/c0_prim_decomposition/raw/production-scip/real_01/production-scip__real_01__gcnn__seed0.branches.csv,gcnn,real_01,0.0,0.017838514
77,155,35,466,427,1411,t_z_515_230_3,z,0.6627661654135338,0.6627661654135338,-29.577449798583984,0.0,-29.577449798583984,-32.578690627102176,3.9909499395253847,-55.320457458496094,-29.577449798583984,0.0837116241455078,none,0.0,2.992145980000004,2.934110000000004,0.0197797560418661,20174,81,0.018479944,0.677512255,0.695996691,True,branched,,results/c0_prim_decomposition/raw/production-scip/real_01/production-scip__real_01__gcnn__seed0.branches.csv,gcnn,real_01,0.0,0.018479944
78,55,27,455,223,595,t_z_152_133_3,z,0.7781777777777777,0.7781777777777777,-29.67435073852539,0.0,-29.67435073852539,-32.736889484950474,4.017454737168299,-55.43895721435546,-29.67435073852539,0.0406665802001953,none,0.0,2.992145980000004,2.934110000000004,0.0197797560418661,20408,83,0.0183920399999999,0.6775561669999999,0.6959521939999999,True,branched,,results/c0_prim_decomposition/raw/production-scip/real_01/production-scip__real_01__gcnn__seed0.branches.csv,gcnn,real_01,0.0,0.0183920399999999
79,159,28,444,199,535,t_z_133_132_1,z,0.7607907458143075,0.7607907458143075,-29.724761962890625,0.0,-29.724761962890625,-32.680495790533115,3.9861050781365903,-55.214351654052734,-29.724761962890625,0.0257453918457031,none,0.0,2.992145980000004,2.934110000000004,0.0197797560418661,20457,84,0.018297053,0.6820796949999999,0.7003806129999999,True,branched,,results/c0_prim_decomposition/raw/production-scip/real_01/production-scip__real_01__gcnn__seed0.branches.csv,gcnn,real_01,0.0,0.018297053
80,161,29,442,402,1411,t_z_515_230_3,z,0.8512675494672749,0.8512675494672749,-29.748786926269528,0.0,-29.748786926269528,-32.6861075189858,3.990560453502245,-55.21062469482422,-29.748786926269528,0.0108909606933593,none,0.0,2.992145980000004,2.934110000000004,0.0197797560418661,20459,85,0.018968413,0.6897081609999999,0.708680449,True,branched,,results/c0_prim_decomposition/raw/production-scip/real_01/production-scip__real_01__gcnn__seed0.branches.csv,gcnn,real_01,0.0,0.018968413
81,163,30,449,203,547,t_z_135_134_3,z,0.999,0.999,-29.76487922668457,0.0,-29.76487922668457,-32.653880716166675,3.952806787891381,-55.12166213989258,-29.76487922668457,0.0116138458251953,none,0.0,2.992145980000004,2.934110000000004,0.0197797560418661,20478,86,0.018599521,0.6942118379999999,0.7128153379999999,True,branched,,results/c0_prim_decomposition/raw/production-scip/real_01/production-scip__real_01__gcnn__seed0.branches.csv,gcnn,real_01,0.0,0.018599521
82,165,31,447,307,976,t_z_509_510_2,z,0.998,0.998,-29.76432037353516,0.0,-29.76432037353516,-32.651912591068005,3.9592407801103424,-55.11611557006836,-29.76432037353516,0.0542373657226562,none,0.0,2.992145980000004,2.934110000000004,0.0197797560418661,20478,87,0.018597326,0.697714263,0.716315682,True,branched,,results/c0_prim_decomposition/raw/production-scip/real_01/production-scip__real_01__gcnn__seed0.branches.csv,gcnn,real_01,0.0,0.018597326
83,167,32,437,195,530,t_z_131_132_3,z,0.999,0.999,-29.8114070892334,0.0,-29.8114070892334,-32.65731844694718,3.985550818257552,-55.11100006103516,-29.8114070892334,0.0109004974365234,none,0.0,2.992145980000004,2.934110000000004,0.0197797560418661,20479,88,0.018918375,0.687612097,0.706535019,True,branched,,results/c0_prim_decomposition/raw/production-scip/real_01/production-scip__real_01__gcnn__seed0.branches.csv,gcnn,real_01,0.0,0.018918375
84,168,33,442,384,1339,t_z_495_285_3,z,0.5,0.5,-29.827533721923828,0.0,-29.827533721923828,-32.63830566837777,3.9590078135241225,-55.048606872558594,-29.827533721923828,0.0062408447265625,none,0.0,2.992145980000004,2.934110000000004,0.0197797560418661,20489,89,0.0185949179999999,0.6936649299999998,0.7122640169999999,True,branched,,results/c0_prim_decomposition/raw/production-scip/real_01/production-scip__real_01__gcnn__seed0.branches.csv,gcnn,real_01,0.0,0.0185949179999999
85,52,26,462,232,622,t_z_188_189_1,z,0.9985,0.9985,-30.417144775390625,0.0,-30.417144775390625,-33.42487658876361,3.953470750041888,-55.98122024536133,-30.417144775390625,0.0429821014404296,none,0.0,2.992145980000004,2.934110000000004,0.0197797560418661,21419,90,0.019172135,0.686156168,0.705332398,True,branched,,results/c0_prim_decomposition/raw/production-scip/real_01/production-scip__real_01__gcnn__seed0.branches.csv,gcnn,real_01,0.0,0.019172135
86,173,27,461,232,623,t_z_189_188_1,z,0.998,0.998,-30.380809783935547,0.0,-30.380809783935547,-33.41904258314286,3.9550620518795903,-55.97194290161133,-30.380809783935547,0.0686511993408203,none,0.0,2.992145980000004,2.934110000000004,0.0197797560418661,21422,91,0.018941986,0.6887156389999999,0.70766127,True,branched,,results/c0_prim_decomposition/raw/production-scip/real_01/production-scip__real_01__gcnn__seed0.branches.csv,gcnn,real_01,0.0,0.018941986
87,174,28,460,361,1216,t_z_509_521_2,z,0.998,0.998,-30.403263092041016,0.0,-30.403263092041016,-33.37657206576804,3.952853048637969,-55.8985595703125,-30.403263092041016,0.0175437927246093,none,0.0,2.992145980000004,2.934110000000004,0.0197797560418661,21428,93,0.019166617,0.6921955189999999,0.711366769,True,branched,,results/c0_prim_decomposition/raw/production-scip/real_01/production-scip__real_01__gcnn__seed0.branches.csv,gcnn,real_01,0.0,0.019166617
88,176,29,464,404,1353,t_z_529_521_2,z,0.999,0.999,-30.407819747924805,0.0,-30.407819747924805,-33.38288218399574,3.893364362819911,-55.68650817871094,-30.407819747924805,0.0323963165283203,none,0.0,2.992145980000004,2.934110000000004,0.0197797560418661,21466,94,0.018890357,0.689217968,0.7081125529999999,True,branched,,results/c0_prim_decomposition/raw/production-scip/real_01/production-scip__real_01__gcnn__seed0.branches.csv,gcnn,real_01,0.0,0.018890357
89,179,30,471,324,976,t_z_509_510_2,z,0.998,0.998,-30.44911766052246,0.0,-30.44911766052246,-33.33782735852932,3.843272722066071,-55.50817108154297,-30.44911766052246,0.0021114349365234,none,0.0,2.992145980000004,2.934110000000004,0.0197797560418661,21484,95,0.019104639,0.68773749,0.70684636,True,branched,,results/c0_prim_decomposition/raw/production-scip/real_01/production-scip__real_01__gcnn__seed0.branches.csv,gcnn,real_01,0.0,0.019104639
90,181,31,461,387,1294,t_z_188_526_1,z,0.999,0.999,-30.44357681274414,0.0,-30.44357681274414,-33.34252861420141,3.86747309757192,-55.50299835205078,-30.44357681274414,0.0396957397460937,none,0.0,2.992145980000004,2.934110000000004,0.0197797560418661,21485,96,0.0185985289999999,0.6882689979999999,0.7068714219999999,True,branched,,results/c0_prim_decomposition/raw/production-scip/real_01/production-scip__real_01__gcnn__seed0.branches.csv,gcnn,real_01,0.0,0.0185985289999999
91,183,32,459,203,529,t_z_132_131_2,z,0.7942148148148149,0.7942148148148149,-30.47125625610352,0.0,-30.47125625610352,-33.34269733470509,3.8723933366764633,-55.49743270874024,-30.47125625610352,0.0201778411865234,none,0.0,2.992145980000004,2.934110000000004,0.0197797560418661,21485,97,0.018646361,0.690933132,0.709583975,True,branched,,results/c0_prim_decomposition/raw/production-scip/real_01/production-scip__real_01__gcnn__seed0.branches.csv,gcnn,real_01,0.0,0.018646361
92,48,24,464,311,961,t_z_508_507_2,z,0.9989999999999998,0.9989999999999998,-31.42606735229492,0.0,-31.42606735229492,-34.40045984037991,3.888645748597987,-56.68797302246094,-31.42606735229492,0.0497322082519531,none,0.0,2.992145980000004,2.934110000000004,0.0197797560418661,22860,98,0.01899394,0.6821946039999999,0.701192331,True,branched,,results/c0_prim_decomposition/raw/production-scip/real_01/production-scip__real_01__gcnn__seed0.branches.csv,gcnn,real_01,0.0,0.01899394
93,186,25,469,203,529,t_z_132_131_2,z,0.999,0.999,-31.37576675415039,0.0,-31.37576675415039,-34.3601181502027,3.8203664561442814,-56.59280014038086,-31.37576675415039,0.1096611022949218,none,0.0,2.992145980000004,2.934110000000004,0.0197797560418661,22895,99,0.018722275,0.687208696,0.7059350899999999,True,branched,,results/c0_prim_decomposition/raw/production-scip/real_01/production-scip__real_01__gcnn__seed0.branches.csv,gcnn,real_01,0.0,0.018722275
94,189,26,467,207,537,t_z_133_132_2,z,0.8336333333333334,0.8336333333333334,-31.463903427124023,0.0,-31.463903427124023,-34.34841856047734,3.8254792539066194,-56.57360076904297,-31.463903427124023,0.0380573272705078,none,0.0,2.992145980000004,2.934110000000004,0.0197797560418661,22895,100,0.0190563389999999,0.690574165,0.709634528,True,branched,,results/c0_prim_decomposition/raw/production-scip/real_01/production-scip__real_01__gcnn__seed0.branches.csv,gcnn,real_01,0.0,0.0190563389999999
95,191,27,462,222,595,t_z_152_133_3,z,0.7781777777777777,0.7781777777777777,-31.413749694824215,0.0,-31.413749694824215,-34.34660314584707,3.825698010183932,-56.48812103271485,-31.413749694824215,0.0731086730957031,none,0.0,2.992145980000004,2.934110000000004,0.0197797560418661,22897,101,0.01896816,0.690842418,0.7098142299999999,True,branched,,results/c0_prim_decomposition/raw/production-scip/real_01/production-scip__real_01__gcnn__seed0.branches.csv,gcnn,real_01,0.0,0.01896816
96,193,28,451,395,1353,t_z_529_521_2,z,0.8865014078110808,0.8865014078110808,-31.480234146118164,0.0,-31.480234146118164,-34.35961022979669,3.7980639059422656,-56.251567840576165,-31.480234146118164,0.056640625,none,0.0,2.992145980000004,2.934110000000004,0.0197797560418661,22933,102,0.019266175,0.68849344,0.7077637089999999,True,branched,,results/c0_prim_decomposition/raw/production-scip/real_01/production-scip__real_01__gcnn__seed0.branches.csv,gcnn,real_01,0.0,0.019266175
97,195,29,449,201,535,t_z_133_132_1,z,0.6364779307707013,0.6364779307707013,-31.54413604736328,0.0,-31.54413604736328,-34.36593305507057,3.802285832106604,-56.25501251220703,-31.54413604736328,0.0013313293457031,none,0.0,2.992145980000004,2.934110000000004,0.0197797560418661,22936,103,0.018662709,0.6855623979999999,0.704229447,True,branched,,results/c0_prim_decomposition/raw/production-scip/real_01/production-scip__real_01__gcnn__seed0.branches.csv,gcnn,real_01,0.0,0.018662709
98,197,30,460,367,1217,t_z_521_509_2,z,0.8221792174796746,0.8221792174796746,-31.56016540527344,0.0,-31.56016540527344,-34.310815263831095,3.7484482005113686,-56.13063049316406,-31.56016540527344,0.0004234313964843,none,0.0,2.992145980000004,2.934110000000004,0.0197797560418661,22952,104,0.0181862199999999,0.6822720199999999,0.700462052,True,branched,,results/c0_prim_decomposition/raw/production-scip/real_01/production-scip__real_01__gcnn__seed0.branches.csv,gcnn,real_01,0.0,0.0181862199999999
99,56,28,459,226,595,t_z_152_133_3,z,0.6672666666666665,0.6672666666666665,-35.61275100708008,0.0,-35.61275100708008,-38.60574265191238,3.8463248065389815,-60.21535873413086,-35.61275100708008,0.0454826354980468,none,0.0,2.9624816000000034,2.934110000000004,0.0096695761235943,28310,105,0.0190119319999999,0.693421503,0.7124369959999999,True,branched,,results/c0_prim_decomposition/raw/production-scip/real_01/production-scip__real_01__gcnn__seed0.branches.csv,gcnn,real_01,0.0,0.0190119319999999
100,200,29,491,450,1411,t_z_515_230_3,z,0.8026940979208586,0.8026940979208586,-35.640926361083984,0.0,-35.640926361083984,-38.62887292772592,3.767778604243204,-60.12032318115234,-35.640926361083984,0.048187255859375,none,0.0,2.9624816000000034,2.934110000000004,0.0096695761235943,28362,106,0.019783674,0.689847388,0.709634906,True,branched,,results/c0_prim_decomposition/raw/production-scip/real_01/production-scip__real_01__gcnn__seed0.branches.csv,gcnn,real_01,0.0,0.019783674
101,203,30,492,432,1339,t_z_495_285_3,z,0.5,0.5,-35.71091079711914,0.0,-35.71091079711914,-38.574921507176335,3.7417107169666144,-60.01375961303711,-35.71091079711914,0.0092964172363281,none,0.0,2.9624816000000034,2.934110000000004,0.0096695761235943,28405,107,0.018610122,0.679377164,0.697991216,True,branched,,results/c0_prim_decomposition/raw/production-scip/real_01/production-scip__real_01__gcnn__seed0.branches.csv,gcnn,real_01,0.0,0.018610122
102,205,31,491,220,538,t_z_132_133_3,z,0.999,0.999,-35.703025817871094,0.0,-35.703025817871094,-38.56267483899647,3.742082721572322,-59.992141723632805,-35.703025817871094,0.0340957641601562,none,0.0,2.9624816000000034,2.934110000000004,0.0096695761235943,28406,108,0.0187038199999999,0.6884069029999998,0.707114702,True,branched,,results/c0_prim_decomposition/raw/production-scip/real_01/production-scip__real_01__gcnn__seed0.branches.csv,gcnn,real_01,0.0,0.0187038199999999
103,207,32,490,227,562,t_z_136_137_3,z,0.7004184231069476,0.7004184231069476,-35.71731948852539,0.0,-35.71731948852539,-38.54844393048968,3.743645333287189,-59.971206665039055,-35.71731948852539,0.0109062194824218,none,0.0,2.9624816000000034,2.934110000000004,0.0096695761235943,28406,109,0.018668882,0.687212249,0.705885555,True,branched,,results/c0_prim_decomposition/raw/production-scip/real_01/production-scip__real_01__gcnn__seed0.branches.csv,gcnn,real_01,0.0,0.018668882
104,209,33,488,354,1083,t_z_516_515_3,z,0.998,0.998,-35.71539306640625,0.0,-35.71539306640625,-38.557067957080775,3.744556323706172,-59.95442581176758,-35.71539306640625,0.0110015869140625,none,0.0,2.9624816000000034,2.934110000000004,0.0096695761235943,28413,110,0.018551049,0.6802848599999999,0.698840442,True,branched,,results/c0_prim_decomposition/raw/production-scip/real_01/production-scip__real_01__gcnn__seed0.branches.csv,gcnn,real_01,0.0,0.018551049
105,211,34,487,299,859,t_z_500_499_3,z,0.6666666666666667,0.6666666666666667,-35.716827392578125,0.0,-35.716827392578125,-38.54934211433301,3.7454370052902295,-59.93658065795898,-35.716827392578125,0.0073394775390625,none,0.0,2.9624816000000034,2.934110000000004,0.0096695761235943,28419,111,0.0184767929999999,0.6783779429999999,0.6968589179999999,True,branched,,results/c0_prim_decomposition/raw/production-scip/real_01/production-scip__real_01__gcnn__seed0.branches.csv,gcnn,real_01,0.0,0.0184767929999999
106,60,30,428,191,535,t_z_133_132_1,z,0.997,0.997,-45.37102508544922,0.0,-45.37102508544922,-48.147409207352965,3.4465670458438327,-67.86578369140625,-45.37102508544922,0.0770797729492187,none,0.0,2.9624816000000034,2.934110000000004,0.0096695761235943,38488,112,0.018518757,0.689080813,0.7076031609999999,True,branched,,results/c0_prim_decomposition/raw/production-scip/real_01/production-scip__real_01__gcnn__seed0.branches.csv,gcnn,real_01,0.0,0.018518757
107,215,31,427,186,527,t_z_132_131_1,z,0.994,0.994,-45.41229248046875,0.0,-45.41229248046875,-48.13600250708694,3.4471819568087088,-67.84561920166016,-45.41229248046875,0.0197715759277343,none,0.0,2.9624816000000034,2.934110000000004,0.0096695761235943,38490,113,0.0189016379999999,0.698178595,0.71708477,True,branched,,results/c0_prim_decomposition/raw/production-scip/real_01/production-scip__real_01__gcnn__seed0.branches.csv,gcnn,real_01,0.0,0.0189016379999999
108,217,32,425,385,1411,t_z_515_230_3,z,0.9185696296296298,0.9185696296296298,-45.4227409362793,0.0,-45.4227409362793,-48.13475953046013,3.4508978745690446,-67.83209991455078,-45.4227409362793,0.0682640075683593,none,0.0,2.9624816000000034,2.934110000000004,0.0096695761235943,38492,114,0.0186668949999999,0.691391329,0.710062299,True,branched,,results/c0_prim_decomposition/raw/production-scip/real_01/production-scip__real_01__gcnn__seed0.branches.csv,gcnn,real_01,0.0,0.0186668949999999
109,219,33,424,280,956,t_z_507_508_0,z,0.998,0.998,-45.47842025756836,0.0,-45.47842025756836,-48.12814292367899,3.451775703854206,-67.81820678710938,-45.47842025756836,0.013946533203125,none,0.0,2.9624816000000034,2.934110000000004,0.0096695761235943,38493,115,0.018540661,0.694896191,0.71344131,True,branched,,results/c0_prim_decomposition/raw/production-scip/real_01/production-scip__real_01__gcnn__seed0.branches.csv,gcnn,real_01,0.0,0.018540661
110,220,34,427,349,1250,t_z_152_505_3,z,0.8829533333333331,0.8829533333333331,-45.48794174194336,0.0,-45.48794174194336,-48.10537004135811,3.440158946955159,-67.80493927001953,-45.48794174194336,0.0586395263671875,none,0.0,2.9624816000000034,2.934110000000004,0.0096695761235943,38501,116,0.0191053519999999,0.6881044499999999,0.7072134949999999,True,branched,,results/c0_prim_decomposition/raw/production-scip/real_01/production-scip__real_01__gcnn__seed0.branches.csv,gcnn,real_01,0.0,0.0191053519999999
111,222,35,455,398,1339,t_z_495_285_3,z,0.5,0.5,-45.5535545349121,0.0,-45.5535545349121,-48.06988872486156,3.35781302814332,-67.89659118652344,-45.5535545349121,0.0024375915527343,none,0.0,2.9624816000000034,2.934110000000004,0.0096695761235943,38556,117,0.018882932,0.6972063189999999,0.716093552,True,branched,,results/c0_prim_decomposition/raw/production-scip/real_01/production-scip__real_01__gcnn__seed0.branches.csv,gcnn,real_01,0.0,0.018882932
112,225,36,454,327,1082,t_z_515_516_3,z,0.9993333333333334,0.9993333333333334,-45.54505157470703,0.0,-45.54505157470703,-48.064186188618,3.3587778129402146,-67.88573455810547,-45.54505157470703,0.0143394470214843,none,0.0,2.9624816000000034,2.934110000000004,0.0096695761235943,38557,118,0.018506254,0.695650246,0.714160452,True,branched,,results/c0_prim_decomposition/raw/production-scip/real_01/production-scip__real_01__gcnn__seed0.branches.csv,gcnn,real_01,0.0,0.018506254
113,47,23,433,186,537,t_z_133_132_2,z,0.8238283307679155,0.8238283307679155,-45.682655334472656,0.0,-45.682655334472656,-48.38721292508942,3.507756317930657,-68.45938110351562,-45.682655334472656,0.0353775024414062,none,0.0,2.9624816000000034,2.934110000000004,0.0096695761235943,38685,119,0.018726697,0.689388195,0.708119188,True,branched,,results/c0_prim_decomposition/raw/production-scip/real_01/production-scip__real_01__gcnn__seed0.branches.csv,gcnn,real_01,0.0,0.018726697
114,229,24,427,199,595,t_z_152_133_3,z,0.7577592592592598,0.7577592592592598,-45.64674758911133,0.0,-45.64674758911133,-48.39235795353838,3.5131830152962262,-68.3827133178711,-45.64674758911133,0.0990982055664062,none,0.0,2.9624816000000034,2.934110000000004,0.0096695761235943,38689,120,0.019095754,0.685559687,0.7046592959999999,True,branched,,results/c0_prim_decomposition/raw/production-scip/real_01/production-scip__real_01__gcnn__seed0.branches.csv,gcnn,real_01,0.0,0.019095754
115,231,25,410,177,535,t_z_133_132_1,z,0.823592857142858,0.823592857142858,-45.63743209838867,0.0,-45.63743209838867,-48.33665218818479,3.5134370918852524,-68.23751831054688,-45.63743209838867,0.0920028686523437,none,0.0,2.9624816000000034,2.934110000000004,0.0096695761235943,38711,121,0.018695894,0.6913994669999999,0.7100993829999999,True,branched,,results/c0_prim_decomposition/raw/production-scip/real_01/production-scip__real_01__gcnn__seed0.branches.csv,gcnn,real_01,0.0,0.018695894
116,233,26,408,172,527,t_z_132_131_1,z,0.823592857142858,0.823592857142858,-45.6927490234375,0.0,-45.6927490234375,-48.338472478529994,3.5171841313696763,-68.22708892822266,-45.6927490234375,0.0559844970703125,none,0.0,2.9624816000000034,2.934110000000004,0.0096695761235943,38713,122,0.0185605429999999,0.689076282,0.707640738,True,branched,,results/c0_prim_decomposition/raw/production-scip/real_01/production-scip__real_01__gcnn__seed0.branches.csv,gcnn,real_01,0.0,0.0185605429999999
117,235,27,407,345,1339,t_z_495_285_3,z,0.5,0.5,-45.74235916137695,0.0,-45.74235916137695,-48.33564741429884,3.5185520028585637,-68.21745300292969,-45.74235916137695,0.01446533203125,none,0.0,2.9624816000000034,2.934110000000004,0.0096695761235943,38716,123,0.018679766,0.689709805,0.708393424,True,branched,,results/c0_prim_decomposition/raw/production-scip/real_01/production-scip__real_01__gcnn__seed0.branches.csv,gcnn,real_01,0.0,0.018679766
118,237,28,406,365,1411,t_z_515_230_3,z,0.7164940476190472,0.7164940476190472,-45.74869155883789,0.0,-45.74869155883789,-48.33077947494432,3.5197326420730333,-68.20624542236328,-45.74869155883789,0.0234603881835937,none,0.0,2.9624816000000034,2.934110000000004,0.0096695761235943,38717,124,0.018555529,0.6922714279999999,0.710830878,True,branched,,results/c0_prim_decomposition/raw/production-scip/real_01/production-scip__real_01__gcnn__seed0.branches.csv,gcnn,real_01,0.0,0.018555529
119,238,29,406,346,1342,t_z_285_529_1,z,0.25,0.25,-45.786815643310554,0.0,-45.786815643310554,-48.328195449753935,3.51423443034,-68.18317413330078,-45.786815643310554,0.0017967224121093,none,0.0,2.9624816000000034,2.934110000000004,0.0096695761235943,38738,125,0.018250526,0.6860993349999999,0.7043537159999999,True,branched,,results/c0_prim_decomposition/raw/production-scip/real_01/production-scip__real_01__gcnn__seed0.branches.csv,gcnn,real_01,0.0,0.018250526
120,40,20,431,187,537,t_z_133_132_2,z,0.8293186222222221,0.8293186222222221,-45.89937973022461,0.0,-45.89937973022461,-48.34971669987017,3.289518963319072,-68.53385925292969,-45.89937973022461,0.0312614440917968,none,0.0,2.9624816000000034,2.934110000000004,0.0096695761235943,38920,126,0.018957719,0.689856118,0.708817518,True,branched,,results/c0_prim_decomposition/raw/production-scip/real_01/production-scip__real_01__gcnn__seed0.branches.csv,gcnn,real_01,0.0,0.018957719
121,243,21,425,200,595,t_z_152_133_3,z,0.7638172816728167,0.7638172816728167,-45.85951232910156,0.0,-45.85951232910156,-48.348312126608455,3.291499233854273,-68.45304870605469,-45.85951232910156,0.090118408203125,none,0.0,2.9624816000000034,2.934110000000004,0.0096695761235943,38925,127,0.019362035,0.6876162129999999,0.7069821029999999,True,branched,,results/c0_prim_decomposition/raw/production-scip/real_01/production-scip__real_01__gcnn__seed0.branches.csv,gcnn,real_01,0.0,0.019362035
122,245,22,447,259,851,t_z_499_3_3,z,0.9986666666666664,0.9986666666666664,-45.94493103027344,0.0,-45.94493103027344,-48.322933342099454,3.1581918399922686,-68.28367614746094,-45.94493103027344,0.0524406433105468,none,0.0,2.9624816000000034,2.934110000000004,0.0096695761235943,38987,128,0.019037728,0.688586549,0.70762868,True,branched,,results/c0_prim_decomposition/raw/production-scip/real_01/production-scip__real_01__gcnn__seed0.branches.csv,gcnn,real_01,0.0,0.019037728
123,246,23,452,373,1287,t_z_526_525_1,z,0.9983333333333334,0.9983333333333334,-46.04507064819336,0.0,-46.04507064819336,-48.38891460621252,3.1443281614775054,-68.28121948242188,-46.04507064819336,0.0121726989746093,none,0.0,2.9624816000000034,2.934110000000004,0.0096695761235943,39054,129,0.018462953,0.6906205389999999,0.7090871979999999,True,branched,,results/c0_prim_decomposition/raw/production-scip/real_01/production-scip__real_01__gcnn__seed0.branches.csv,gcnn,real_01,0.0,0.018462953
124,249,24,453,190,501,t_z_93_92_0,z,0.9988333333333332,0.9988333333333332,-46.00415802001953,0.0,-46.00415802001953,-48.40338289711386,3.1549962716818998,-68.27823638916016,-46.00415802001953,0.052642822265625,none,0.0,2.9624816000000034,2.934110000000004,0.0096695761235943,39066,130,0.019052097,0.6815627389999999,0.700618872,True,branched,,results/c0_prim_decomposition/raw/production-scip/real_01/production-scip__real_01__gcnn__seed0.branches.csv,gcnn,real_01,0.0,0.019052097
125,251,25,452,307,969,t_z_509_508_2,z,0.999,0.999,-46.051307678222656,0.0,-46.051307678222656,-48.404737565369736,3.1552311745137613,-68.27106475830078,-46.051307678222656,0.0057754516601562,none,0.0,2.9624816000000034,2.934110000000004,0.0096695761235943,39071,131,0.0184730679999999,0.6733460289999998,0.691823191,True,branched,,results/c0_prim_decomposition/raw/production-scip/real_01/production-scip__real_01__gcnn__seed0.branches.csv,gcnn,real_01,0.0,0.0184730679999999
126,253,26,443,355,1250,t_z_152_505_3,z,0.8685162615740749,0.8685162615740749,-46.03960418701172,0.0,-46.03960418701172,-48.397478150998495,3.16845737186387,-68.3261489868164,-46.03960418701172,0.0094642639160156,none,0.0,2.9624816000000034,2.934110000000004,0.0096695761235943,39075,132,0.018698294,0.673157246,0.6918593429999998,True,branched,,results/c0_prim_decomposition/raw/production-scip/real_01/production-scip__real_01__gcnn__seed0.branches.csv,gcnn,real_01,0.0,0.018698294
0,1,0,733,598,1287,t_z_526_525_1,z,0.999,0.999,-25.088409423828125,0.0,-25.088409423828125,-26.6256690057856,1.107599689871252,-32.63037109375,-25.088409423828125,0.0063343048095703,none,0.0,1e+20,2.9341100000000035,1e+20,12769,1,0.020755325,0.6312885839999999,0.6520480079999998,True,branched,,results/c0_prim_decomposition/raw/production-scip/real_01/production-scip__real_01__gcnn__seed1.branches.csv,gcnn,real_01,0.0,0.020755325
1,3,1,732,593,1279,t_z_525_524_1,z,0.998,0.998,-25.004045486450195,0.0,-25.004045486450195,-26.566628875628197,1.1854332101610776,-33.809547424316406,-25.004045486450195,0.0545272827148437,none,0.0,1e+20,2.9341100000000035,1e+20,12775,2,0.022098168,0.602937287,0.625039584,True,branched,,results/c0_prim_decomposition/raw/production-scip/real_01/production-scip__real_01__gcnn__seed1.branches.csv,gcnn,real_01,0.0,0.022098168
2,5,2,731,528,1161,t_z_504_127_2,z,0.999,0.999,-25.02779960632324,0.0,-25.02779960632324,-26.53438029830661,1.1772427861154915,-33.76521301269531,-25.02779960632324,0.0102119445800781,none,0.0,1e+20,2.9341100000000035,1e+20,12777,3,0.0224805,0.618976158,0.64146115,True,branched,,results/c0_prim_decomposition/raw/production-scip/real_01/production-scip__real_01__gcnn__seed1.branches.csv,gcnn,real_01,0.0,0.0224805
3,7,3,730,277,591,t_z_152_133_1,z,0.9994523809523808,0.9994523809523808,-25.018966674804688,0.0,-25.018966674804688,-26.5110142407352,1.168224905075453,-33.72688293457031,-25.018966674804688,0.0052337646484375,none,0.0,1e+20,2.9341100000000035,1e+20,12779,4,0.0225851099999999,0.621487607,0.6440775859999999,True,branched,,results/c0_prim_decomposition/raw/production-scip/real_01/production-scip__real_01__gcnn__seed1.branches.csv,gcnn,real_01,0.0,0.0225851099999999
4,9,4,728,660,1431,t_z_525_137_1,z,0.999,0.999,-25.00701904296875,0.0,-25.00701904296875,-26.493724629119203,1.158899098447232,-33.6910285949707,-25.00701904296875,0.0047798156738281,none,0.0,1e+20,2.9341100000000035,1e+20,12780,5,0.022598633,0.5981238309999999,0.620726832,True,branched,,results/c0_prim_decomposition/raw/production-scip/real_01/production-scip__real_01__gcnn__seed1.branches.csv,gcnn,real_01,0.0,0.022598633
5,11,5,727,260,559,t_z_137_136_1,z,0.9986666666666664,0.9986666666666664,-24.951000213623047,0.0,-24.951000213623047,-26.483395391514083,1.148058220171275,-33.659393310546875,-24.951000213623047,0.0595550537109375,none,0.0,1e+20,2.9341100000000035,1e+20,12781,6,0.0222714939999999,0.613822065,0.636098445,True,branched,,results/c0_prim_decomposition/raw/production-scip/real_01/production-scip__real_01__gcnn__seed1.branches.csv,gcnn,real_01,0.0,0.0222714939999999
6,13,6,725,508,1118,t_z_508_518_1,z,0.9986666666666668,0.9986666666666668,-25.019643783569336,0.0,-25.019643783569336,-26.484497617524244,1.137286875635759,-33.63504409790039,-25.019643783569336,0.005197525024414,none,0.0,1e+20,2.9341100000000035,1e+20,12783,7,0.0223595959999999,0.577693506,0.600057421,True,branched,,results/c0_prim_decomposition/raw/production-scip/real_01/production-scip__real_01__gcnn__seed1.branches.csv,gcnn,real_01,0.0,0.0223595959999999
7,15,7,723,522,1159,t_z_504_127_1,z,0.9994285714285714,0.9994285714285714,-25.036306381225582,0.0,-25.036306381225582,-26.48759555420935,1.12670822911238,-33.610721588134766,-25.036306381225582,0.0008697509765625,none,0.0,1e+20,2.9341100000000035,1e+20,12784,8,0.022493121,0.5805599099999998,0.6030578979999999,True,branched,,results/c0_prim_decomposition/raw/production-scip/real_01/production-scip__real_01__gcnn__seed1.branches.csv,gcnn,real_01,0.0,0.022493121
8,17,8,722,531,1182,t_z_507_512_1,z,0.999,0.999,-25.054521560668945,0.0,-25.054521560668945,-26.49222382416025,1.1151443075810454,-33.58439254760742,-25.054521560668945,0.0154132843017578,none,0.0,1e+20,2.9341100000000035,1e+20,12785,9,0.021995388,0.6206401129999999,0.642639708,True,branched,,results/c0_prim_decomposition/raw/production-scip/real_01/production-scip__real_01__gcnn__seed1.branches.csv,gcnn,real_01,0.0,0.021995388
9,19,9,717,492,1089,t_z_517_516_2,z,0.999,0.999,-25.093435287475582,0.0,-25.093435287475582,-26.498316614531408,1.1058686640142248,-33.56364822387695,-25.093435287475582,0.0004119873046875,none,0.0,1e+20,2.9341100000000035,1e+20,12791,10,0.0223530299999999,0.6211902769999998,0.6435477889999999,True,branched,,results/c0_prim_decomposition/raw/production-scip/real_01/production-scip__real_01__gcnn__seed1.branches.csv,gcnn,real_01,0.0,0.0223530299999999
10,21,10,729,619,1327,t_z_495_230_1,z,0.9993888888888888,0.9993888888888888,-25.20007705688477,0.0,-25.20007705688477,-27.142806329190808,2.280398869114966,-46.64352035522461,-25.20007705688477,0.0200710296630859,none,0.0,1e+20,2.9341100000000035,1e+20,12907,11,0.0214081279999999,0.627960122,0.649373595,True,branched,,results/c0_prim_decomposition/raw/production-scip/real_01/production-scip__real_01__gcnn__seed1.branches.csv,gcnn,real_01,0.0,0.0214081279999999
11,23,11,728,441,967,t_z_509_508_1,z,0.9996666666666668,0.9996666666666668,-25.24178695678711,0.0,-25.24178695678711,-27.153980459485734,2.274498117804304,-46.624473571777344,-25.24178695678711,0.0159130096435546,none,0.0,1e+20,2.9341100000000035,1e+20,12911,12,0.0226745279999999,0.611923349,0.6346026019999998,True,branched,,results/c0_prim_decomposition/raw/production-scip/real_01/production-scip__real_01__gcnn__seed1.branches.csv,gcnn,real_01,0.0,0.0226745279999999
12,25,12,726,258,539,t_z_133_132_3,z,0.999,0.999,-25.279998779296875,0.0,-25.279998779296875,-27.162123582908272,2.2699677919176966,-46.60276794433594,-25.279998779296875,0.0013904571533203,none,0.0,1e+20,2.9341100000000035,1e+20,12915,13,0.0225634359999999,0.566157954,0.588725724,True,branched,,results/c0_prim_decomposition/raw/production-scip/real_01/production-scip__real_01__gcnn__seed1.branches.csv,gcnn,real_01,0.0,0.0225634359999999
13,27,13,725,263,551,t_z_136_135_1,z,0.996,0.996,-25.290281295776367,0.0,-25.290281295776367,-27.170114019985856,2.2647523208448552,-46.58295822143555,-25.290281295776367,0.033599853515625,none,0.0,1e+20,2.9341100000000035,1e+20,12917,14,0.022695541,0.616999614,0.6396996379999998,True,branched,,results/c0_prim_decomposition/raw/production-scip/real_01/production-scip__real_01__gcnn__seed1.branches.csv,gcnn,real_01,0.0,0.022695541
14,29,14,723,377,851,t_z_499_3_3,z,0.9993333333333334,0.9993333333333334,-25.34731101989746,0.0,-25.34731101989746,-27.180685423221824,2.2608207357993924,-46.56597518920898,-25.34731101989746,0.0048885345458984,none,0.0,1e+20,2.9341100000000035,1e+20,12919,15,0.022680294,0.54452889,0.5672136039999999,True,branched,,results/c0_prim_decomposition/raw/production-scip/real_01/production-scip__real_01__gcnn__seed1.branches.csv,gcnn,real_01,0.0,0.022680294
15,31,15,721,510,1127,t_z_518_413_1,z,0.997,0.997,-25.366649627685547,0.0,-25.366649627685547,-27.18653887353228,2.257180936815234,-46.54631042480469,-25.366649627685547,0.0080184936523437,none,0.0,1e+20,2.9341100000000035,1e+20,12920,16,0.022692901,0.6246799899999999,0.6473775459999999,True,branched,,results/c0_prim_decomposition/raw/production-scip/real_01/production-scip__real_01__gcnn__seed1.branches.csv,gcnn,real_01,0.0,0.022692901
16,33,16,713,562,1247,t_z_505_152_1,z,0.9993888888888888,0.9993888888888888,-25.390281677246094,0.0,-25.390281677246094,-27.16278387553896,2.1835078007796223,-46.526721954345696,-25.390281677246094,0.0060882568359375,none,0.0,1e+20,2.9341100000000035,1e+20,12922,17,0.022664567,0.601922154,0.624591279,True,branched,,results/c0_prim_decomposition/raw/production-scip/real_01/production-scip__real_01__gcnn__seed1.branches.csv,gcnn,real_01,0.0,0.022664567
17,34,17,719,292,638,t_z_132_152_1,z,0.999,0.999,-25.39755630493164,0.0,-25.39755630493164,-27.25500042879532,2.270856142631572,-46.57582473754882,-25.39755630493164,0.0012550354003906,none,0.0,1e+20,2.9341100000000035,1e+20,13003,18,0.0227665199999999,0.59562603,0.6183972269999999,True,branched,,results/c0_prim_decomposition/raw/production-scip/real_01/production-scip__real_01__gcnn__seed1.branches.csv,gcnn,real_01,0.0,0.0227665199999999
18,37,18,718,292,639,t_z_152_132_1,z,0.998,0.998,-25.280975341796875,0.0,-25.280975341796875,-27.258501934805956,2.2670286693279174,-46.5575065612793,-25.280975341796875,0.1612796783447265,none,0.0,1e+20,2.9341100000000035,1e+20,13004,19,0.0225781409999999,0.619808611,0.642391298,True,branched,,results/c0_prim_decomposition/raw/production-scip/real_01/production-scip__real_01__gcnn__seed1.branches.csv,gcnn,real_01,0.0,0.0225781409999999
19,38,19,717,250,526,t_z_131_132_1,z,0.9989999999999998,0.9989999999999998,-25.415098190307617,0.0,-25.415098190307617,-27.26112903610932,2.2637728911841557,-46.54049682617188,-25.415098190307617,0.01043701171875,none,0.0,1e+20,2.9341100000000035,1e+20,13006,20,0.0226326259999999,0.607952699,0.630589727,True,branched,,results/c0_prim_decomposition/raw/production-scip/real_01/production-scip__real_01__gcnn__seed1.branches.csv,gcnn,real_01,0.0,0.0226326259999999
20,41,20,714,250,527,t_z_132_131_1,z,0.998,0.998,-25.432661056518555,0.0,-25.432661056518555,-27.26734963051077,2.2614898609330765,-46.52318954467773,-25.432661056518555,0.0153732299804687,none,0.0,1e+20,2.9341100000000035,1e+20,13007,21,0.022500736,0.565463775,0.587968849,True,branched,,results/c0_prim_decomposition/raw/production-scip/real_01/production-scip__real_01__gcnn__seed1.branches.csv,gcnn,real_01,0.0,0.022500736
21,42,21,713,422,959,t_z_508_507_1,z,0.9985,0.9985,-25.39194869995117,0.0,-25.39194869995117,-27.224275209124592,2.260834925323685,-46.47715759277344,-25.39194869995117,0.0242919921875,none,0.0,1e+20,2.9341100000000035,1e+20,13020,23,0.021704944,0.5734826619999999,0.5951917709999999,True,branched,,results/c0_prim_decomposition/raw/production-scip/real_01/production-scip__real_01__gcnn__seed1.branches.csv,gcnn,real_01,0.0,0.021704944
22,45,22,711,637,1417,t_z_517_500_2,z,0.999,0.999,-25.420812606811523,0.0,-25.420812606811523,-27.222191634895765,2.2579043769422986,-46.461551666259766,-25.420812606811523,0.009561538696289,none,0.0,1e+20,2.9341100000000035,1e+20,13023,24,0.022217354,0.573446368,0.59566859,True,branched,,results/c0_prim_decomposition/raw/production-scip/real_01/production-scip__real_01__gcnn__seed1.branches.csv,gcnn,real_01,0.0,0.022217354
23,47,23,709,637,1419,t_z_517_500_3,z,0.99875,0.99875,-25.442995071411133,0.0,-25.442995071411133,-27.22826769657969,2.255928054287332,-46.45138549804688,-25.442995071411133,0.0010604858398437,none,0.0,1e+20,2.9341100000000035,1e+20,13024,25,0.022341375,0.567627038,0.589972983,True,branched,,results/c0_prim_decomposition/raw/production-scip/real_01/production-scip__real_01__gcnn__seed1.branches.csv,gcnn,real_01,0.0,0.022341375
24,48,24,711,573,1283,t_z_525_524_3,z,0.999,0.999,-25.46564483642578,0.0,-25.46564483642578,-27.2424287272908,2.2518643870660497,-46.45098876953125,-25.46564483642578,0.0341148376464843,none,0.0,1e+20,2.9341100000000035,1e+20,13030,26,0.022484007,0.619625278,0.642113947,True,branched,,results/c0_prim_decomposition/raw/production-scip/real_01/production-scip__real_01__gcnn__seed1.branches.csv,gcnn,real_01,0.0,0.022484007
25,50,25,711,605,1350,t_z_521_529_1,z,0.9985,0.9985,-25.511608123779297,0.0,-25.511608123779297,-27.248936311102117,2.249609495314371,-46.448486328125,-25.511608123779297,0.0068283081054687,none,0.0,1e+20,2.9341100000000035,1e+20,13033,27,0.0223748429999999,0.5806926839999998,0.603072346,True,branched,,results/c0_prim_decomposition/raw/production-scip/real_01/production-scip__real_01__gcnn__seed1.branches.csv,gcnn,real_01,0.0,0.0223748429999999
26,52,26,698,588,1343,t_z_529_285_1,z,0.998,0.998,-25.52301025390625,0.0,-25.52301025390625,-27.27255719575636,2.2915265643586817,-46.38176345825195,-25.52301025390625,0.0177440643310546,none,0.0,1e+20,2.9341100000000035,1e+20,13120,28,0.022309741,0.614760481,0.637074719,True,branched,,results/c0_prim_decomposition/raw/production-scip/real_01/production-scip__real_01__gcnn__seed1.branches.csv,gcnn,real_01,0.0,0.022309741
27,54,27,697,591,1354,t_z_521_529_3,z,0.998,0.998,-25.55744361877441,0.0,-25.55744361877441,-27.27862212510841,2.2904990067207547,-46.38009262084961,-25.55744361877441,0.035287857055664,none,0.0,1e+20,2.9341100000000035,1e+20,13123,29,0.022268011,0.601747109,0.62401958,True,branched,,results/c0_prim_decomposition/raw/production-scip/real_01/production-scip__real_01__gcnn__seed1.branches.csv,gcnn,real_01,0.0,0.022268011
28,57,28,698,571,1301,t_z_527_189_0,z,0.999,0.999,-25.599803924560547,0.0,-25.599803924560547,-27.282315019208585,2.2860989952721456,-46.3785514831543,-25.599803924560547,0.0009670257568359,none,0.0,1e+20,2.9341100000000035,1e+20,13126,30,0.0226167679999999,0.603507385,0.6261283429999999,True,branched,,results/c0_prim_decomposition/raw/production-scip/real_01/production-scip__real_01__gcnn__seed1.branches.csv,gcnn,real_01,0.0,0.0226167679999999
29,58,29,699,528,1218,t_z_509_521_3,z,0.892590131524685,0.892590131524685,-25.55977439880371,0.0,-25.55977439880371,-27.278973493453258,2.250050785829945,-45.94384002685546,-25.55977439880371,0.0004253387451171,none,0.0,1e+20,2.9341100000000035,1e+20,13135,31,0.0227997129999999,0.614429784,0.637233867,True,branched,,results/c0_prim_decomposition/raw/production-scip/real_01/production-scip__real_01__gcnn__seed1.branches.csv,gcnn,real_01,0.0,0.0227997129999999
30,61,30,702,530,1219,t_z_521_509_3,z,0.9959999999999998,0.9959999999999998,-25.507776260375977,0.0,-25.507776260375977,-27.289542787774675,2.2371410044669644,-45.93684768676758,-25.507776260375977,0.1501197814941406,none,0.0,1e+20,2.9341100000000035,1e+20,13154,32,0.0225884969999999,0.6232068299999999,0.645800099,True,branched,,results/c0_prim_decomposition/raw/production-scip/real_01/production-scip__real_01__gcnn__seed1.branches.csv,gcnn,real_01,0.0,0.0225884969999999
31,62,31,701,587,1335,t_z_495_285_1,z,0.999,0.999,-25.600336074829105,0.0,-25.600336074829105,-27.23944776374501,2.2364328152861037,-45.903026580810554,-25.600336074829105,0.0109710693359375,none,0.0,1e+20,2.9341100000000035,1e+20,13170,34,0.022254283,0.5769510789999999,0.5992100609999998,True,branched,,results/c0_prim_decomposition/raw/production-scip/real_01/production-scip__real_01__gcnn__seed1.branches.csv,gcnn,real_01,0.0,0.022254283
32,65,32,700,352,835,t_z_496_1_3,z,0.9985,0.9985,-25.59930419921875,0.0,-25.59930419921875,-27.230033953530448,2.237466782877372,-45.89126968383789,-25.59930419921875,0.0176811218261718,none,0.0,1e+20,2.9341100000000035,1e+20,13170,35,0.0212828439999999,0.566220265,0.5875072949999999,True,branched,,results/c0_prim_decomposition/raw/production-scip/real_01/production-scip__real_01__gcnn__seed1.branches.csv,gcnn,real_01,0.0,0.0212828439999999
33,67,33,697,244,543,t_z_135_134_1,z,0.995,0.995,-25.630022048950195,0.0,-25.630022048950195,-27.240538278303323,2.2384792692576414,-45.88886260986328,-25.630022048950195,0.0007991790771484,none,0.0,1e+20,2.9341100000000035,1e+20,13172,36,0.022330339,0.583679122,0.6060143279999999,True,branched,,results/c0_prim_decomposition/raw/production-scip/real_01/production-scip__real_01__gcnn__seed1.branches.csv,gcnn,real_01,0.0,0.022330339
34,69,34,689,607,1405,t_z_515_230_0,z,0.999,0.999,-25.64457321166992,0.0,-25.64457321166992,-27.23869503945848,2.2413161478483,-45.88617706298828,-25.64457321166992,0.0036582946777343,none,0.0,1e+20,2.9341100000000035,1e+20,13175,37,0.0223678609999999,0.623373334,0.645745247,True,branched,,results/c0_prim_decomposition/raw/production-scip/real_01/production-scip__real_01__gcnn__seed1.branches.csv,gcnn,real_01,0.0,0.0223678609999999
35,71,35,688,469,1101,t_z_497_94_0,z,0.927927298292703,0.927927298292703,-25.64069938659668,0.0,-25.64069938659668,-27.23363614914029,2.2428294966690308,-45.88304138183594,-25.64069938659668,0.0076045989990234,none,0.0,1e+20,2.9341100000000035,1e+20,13175,38,0.0218217679999999,0.605338237,0.627164237,True,branched,,results/c0_prim_decomposition/raw/production-scip/real_01/production-scip__real_01__gcnn__seed1.branches.csv,gcnn,real_01,0.0,0.0218217679999999
36,73,36,686,524,1229,t_z_134_133_0,z,0.8743148677370985,0.8743148677370985,-25.660858154296875,0.0,-25.660858154296875,-27.24076371429265,2.2427424263497695,-45.88106918334961,-25.660858154296875,0.024545669555664,none,0.0,1e+20,2.9341100000000035,1e+20,13176,39,0.022128759,0.545477309,0.56761053,True,branched,,results/c0_prim_decomposition/raw/production-scip/real_01/production-scip__real_01__gcnn__seed1.branches.csv,gcnn,real_01,0.0,0.022128759
37,75,37,680,236,533,t_z_133_132_0,z,0.8652609667535138,0.8652609667535138,-25.560400009155277,0.0,-25.560400009155277,-27.253044602450203,2.2469738851999734,-45.88716506958008,-25.560400009155277,0.1392440795898437,none,0.0,1e+20,2.9341100000000035,1e+20,13180,40,0.022315871,0.6206119089999999,0.642931864,True,branched,,results/c0_prim_decomposition/raw/production-scip/real_01/production-scip__real_01__gcnn__seed1.branches.csv,gcnn,real_01,0.0,0.022315871
38,77,38,678,234,531,t_z_132_131_3,z,0.998,0.998,-25.71241569519043,0.0,-25.71241569519043,-27.2625438555152,2.247765429573892,-45.88925552368164,-25.71241569519043,0.0096759796142578,none,0.0,1e+20,2.9341100000000035,1e+20,13182,41,0.0230037639999999,0.6129536949999999,0.635962097,True,branched,,results/c0_prim_decomposition/raw/production-scip/real_01/production-scip__real_01__gcnn__seed1.branches.csv,gcnn,real_01,0.0,0.0230037639999999
39,79,39,676,241,563,t_z_137_136_3,z,0.999,0.999,-25.735008239746094,0.0,-25.735008239746094,-27.27216428271412,2.2479757109573137,-45.8907585144043,-25.735008239746094,0.017669677734375,none,0.0,1e+20,2.9341100000000035,1e+20,13183,42,0.022674933,0.6108928989999999,0.6335723269999999,True,branched,,results/c0_prim_decomposition/raw/production-scip/real_01/production-scip__real_01__gcnn__seed1.branches.csv,gcnn,real_01,0.0,0.022674933
40,81,40,680,246,541,t_z_135_134_0,z,0.8881129909530858,0.8881129909530858,-25.782455444335938,0.0,-25.782455444335938,-27.586183531144087,2.4853748336497548,-45.8062629699707,-25.782455444335938,0.0125198364257812,none,0.0,1e+20,2.9341100000000035,1e+20,13245,43,0.021424235,0.624014244,0.6454425299999998,True,branched,,results/c0_prim_decomposition/raw/production-scip/real_01/production-scip__real_01__gcnn__seed1.branches.csv,gcnn,real_01,0.0,0.021424235
41,83,41,679,551,1300,t_z_189_527_0,z,0.999,0.999,-25.797983169555664,0.0,-25.797983169555664,-27.59298287786335,2.4844993976592287,-45.80807495117188,-25.797983169555664,0.0079021453857421,none,0.0,1e+20,2.9341100000000035,1e+20,13246,44,0.022594887,0.610006177,0.632605949,True,branched,,results/c0_prim_decomposition/raw/production-scip/real_01/production-scip__real_01__gcnn__seed1.branches.csv,gcnn,real_01,0.0,0.022594887
42,85,42,680,552,1303,t_z_527_189_1,z,0.9996666666666668,0.9996666666666668,-25.804218292236328,0.0,-25.804218292236328,-27.608303608613856,2.4843450696304394,-45.81719970703125,-25.804218292236328,0.0123252868652343,none,0.0,1e+20,2.9341100000000035,1e+20,13255,45,0.022202145,0.6289202219999999,0.651126608,True,branched,,results/c0_prim_decomposition/raw/production-scip/real_01/production-scip__real_01__gcnn__seed1.branches.csv,gcnn,real_01,0.0,0.022202145
43,87,43,680,641,1510,t_z_518_544_1,z,0.7809686772026669,0.7809686772026669,-25.82367706298828,0.0,-25.82367706298828,-27.612724710913263,2.4821290344189286,-45.81978988647461,-25.82367706298828,0.0362453460693359,none,0.0,1e+20,2.9341100000000035,1e+20,13257,46,0.0221981779999999,0.634304187,0.656507365,True,branched,,results/c0_prim_decomposition/raw/production-scip/real_01/production-scip__real_01__gcnn__seed1.branches.csv,gcnn,real_01,0.0,0.0221981779999999
44,89,44,679,468,1103,t_z_497_94_1,z,0.7809686772026667,0.7809686772026667,-25.87000274658203,0.0,-25.87000274658203,-27.618339903751423,2.481510202198352,-45.82295608520508,-25.87000274658203,0.0159950256347656,none,0.0,1e+20,2.9341100000000035,1e+20,13258,47,0.0222683299999999,0.6092315969999998,0.6315043019999999,True,branched,,results/c0_prim_decomposition/raw/production-scip/real_01/production-scip__real_01__gcnn__seed1.branches.csv,gcnn,real_01,0.0,0.0222683299999999
45,91,45,678,407,973,t_z_510_509_0,z,0.8928453668371981,0.8928453668371981,-25.89859962463379,0.0,-25.89859962463379,-27.63486503499799,2.4810402285446567,-45.83538055419922,-25.89859962463379,0.0209274291992187,none,0.0,1e+20,2.9341100000000035,1e+20,13259,48,0.022443384,0.582932302,0.605380682,True,branched,,results/c0_prim_decomposition/raw/production-scip/real_01/production-scip__real_01__gcnn__seed1.branches.csv,gcnn,real_01,0.0,0.022443384
46,93,46,679,245,525,t_z_132_131_0,z,0.8922081847956356,0.8922081847956356,-25.93149948120117,0.0,-25.93149948120117,-27.656111856272364,2.4798702093318687,-45.850563049316406,-25.93149948120117,0.0070934295654296,none,0.0,1e+20,2.9341100000000035,1e+20,13264,49,0.022327692,0.624303979,0.646636092,True,branched,,results/c0_prim_decomposition/raw/production-scip/real_01/production-scip__real_01__gcnn__seed1.branches.csv,gcnn,real_01,0.0,0.022327692
47,95,47,677,533,1276,t_z_524_525_0,z,0.999,0.999,-25.956239700317383,0.0,-25.956239700317383,-27.67068037148593,2.481117823192854,-45.860984802246094,-25.956239700317383,0.0295562744140625,none,0.0,1e+20,2.9341100000000035,1e+20,13265,50,0.0224145169999999,0.5562558389999999,0.5786752339999999,True,branched,,results/c0_prim_decomposition/raw/production-scip/real_01/production-scip__real_01__gcnn__seed1.branches.csv,gcnn,real_01,0.0,0.0224145169999999
48,97,48,680,538,1277,t_z_525_524_0,z,0.3339259259259258,0.3339259259259258,-25.961641311645508,0.0,-25.961641311645508,-27.67087851412156,2.469668111960232,-45.99773025512695,-25.961641311645508,0.034341812133789,none,0.0,1e+20,2.9341100000000035,1e+20,13276,51,0.022438743,0.617808051,0.640251074,True,branched,,results/c0_prim_decomposition/raw/production-scip/real_01/production-scip__real_01__gcnn__seed1.branches.csv,gcnn,real_01,0.0,0.022438743
49,98,49,679,236,501,t_z_93_92_0,z,0.999,0.999,-25.79616355895996,0.0,-25.79616355895996,-27.646358832695,2.472131622451362,-45.98533630371094,-25.79616355895996,0.1786079406738281,none,0.0,1e+20,2.9341100000000035,1e+20,13297,53,0.022464105,0.591835804,0.6143045889999998,True,branched,,results/c0_prim_decomposition/raw/production-scip/real_01/production-scip__real_01__gcnn__seed1.branches.csv,gcnn,real_01,0.0,0.022464105
50,100,50,679,655,1556,t_z_92_524_0,z,0.999,0.999,-25.684104919433597,0.0,-25.684104919433597,-27.65640489974324,2.471546356551523,-45.99121475219727,-25.684104919433597,0.0001049041748046,none,0.0,1e+20,2.9341100000000035,1e+20,13301,54,0.022703936,0.621963072,0.64467207,True,branched,,results/c0_prim_decomposition/raw/production-scip/real_01/production-scip__real_01__gcnn__seed1.branches.csv,gcnn,real_01,0.0,0.022703936
51,102,51,678,655,1557,t_z_524_92_0,z,0.999,0.999,-25.949920654296875,0.0,-25.949920654296875,-27.676677270624843,2.47115323737647,-46.00726318359375,-25.949920654296875,0.0348281860351562,none,0.0,1e+20,2.9341100000000035,1e+20,13302,55,0.0215434099999999,0.6236598009999998,0.6452082169999999,True,branched,,results/c0_prim_decomposition/raw/production-scip/real_01/production-scip__real_01__gcnn__seed1.branches.csv,gcnn,real_01,0.0,0.0215434099999999
52,105,52,677,302,703,t_z_305_304_1,z,0.999,0.999,-25.992189407348636,0.0,-25.992189407348636,-27.686647595471783,2.47261754409394,-46.01976013183594,-25.992189407348636,0.0324993133544921,none,0.0,1e+20,2.9341100000000035,1e+20,13302,56,0.022033824,0.617851778,0.6398904269999999,True,branched,,results/c0_prim_decomposition/raw/production-scip/real_01/production-scip__real_01__gcnn__seed1.branches.csv,gcnn,real_01,0.0,0.022033824
53,107,53,676,245,523,t_z_121_120_3,z,0.999,0.999,-26.03323554992676,0.0,-26.03323554992676,-27.701654231054544,2.4727800733407723,-46.03362274169922,-26.03323554992676,0.0,none,0.0,1e+20,2.9341100000000035,1e+20,13303,57,0.02292585,0.6007235349999999,0.623654431,True,branched,,results/c0_prim_decomposition/raw/production-scip/real_01/production-scip__real_01__gcnn__seed1.branches.csv,gcnn,real_01,0.0,0.02292585
54,109,54,675,306,719,t_z_361_360_1,z,0.999,0.999,-26.04130744934082,0.0,-26.04130744934082,-27.716050872802736,2.473246785839834,-46.04745101928711,-26.04130744934082,0.0288600921630859,none,0.0,1e+20,2.9341100000000035,1e+20,13304,58,0.022892003,0.62389185,0.646788679,True,branched,,results/c0_prim_decomposition/raw/production-scip/real_01/production-scip__real_01__gcnn__seed1.branches.csv,gcnn,real_01,0.0,0.022892003
55,111,55,674,538,1284,t_z_525_526_0,z,0.9989999999999996,0.9989999999999996,-26.07550811767578,0.0,-26.07550811767578,-27.730128458062687,2.4738708439604364,-46.061283111572266,-26.07550811767578,0.0250473022460937,none,0.0,1e+20,2.9341100000000035,1e+20,13305,59,0.0230463729999999,0.5505398529999999,0.573591052,True,branched,,results/c0_prim_decomposition/raw/production-scip/real_01/production-scip__real_01__gcnn__seed1.branches.csv,gcnn,real_01,0.0,0.0230463729999999
56,113,56,645,538,1330,t_z_230_495_3,z,0.998,0.998,-26.050350189208984,0.0,-26.050350189208984,-27.728565455591955,2.4860738907848514,-46.08022689819336,-26.050350189208984,0.0667972564697265,none,0.0,1e+20,2.9341100000000035,1e+20,13318,60,0.02291558,0.628920608,0.651840527,True,branched,,results/c0_prim_decomposition/raw/production-scip/real_01/production-scip__real_01__gcnn__seed1.branches.csv,gcnn,real_01,0.0,0.02291558
57,115,57,671,276,623,t_z_189_188_1,z,0.9989999999999998,0.9989999999999998,-26.126502990722656,0.0,-26.126502990722656,-27.76245193083489,2.480701639752428,-46.09487915039063,-26.126502990722656,0.0057888031005859,none,0.0,1e+20,2.9341100000000035,1e+20,13320,61,0.0229584819999999,0.615063958,0.638027222,True,branched,,results/c0_prim_decomposition/raw/production-scip/real_01/production-scip__real_01__gcnn__seed1.branches.csv,gcnn,real_01,0.0,0.0229584819999999
58,117,58,669,593,1412,t_z_500_517_0,z,0.997,0.997,-26.140832901000977,0.0,-26.140832901000977,-27.776874257131897,2.483426410952016,-46.11176681518555,-26.140832901000977,0.0051631927490234,none,0.0,1e+20,2.9341100000000035,1e+20,13327,62,0.022882386,0.549621203,0.572507976,True,branched,,results/c0_prim_decomposition/raw/production-scip/real_01/production-scip__real_01__gcnn__seed1.branches.csv,gcnn,real_01,0.0,0.022882386
59,119,59,664,590,1418,t_z_500_517_3,z,0.9992499999999997,0.9992499999999997,-26.152740478515625,0.0,-26.152740478515625,-27.787918277533656,2.4892393985152577,-46.126224517822266,-26.152740478515625,0.0087928771972656,none,0.0,1e+20,2.9341100000000035,1e+20,13330,63,0.022943195,0.6266616879999999,0.6496095259999999,True,branched,,results/c0_prim_decomposition/raw/production-scip/real_01/production-scip__real_01__gcnn__seed1.branches.csv,gcnn,real_01,0.0,0.022943195
60,121,60,659,642,1567,t_z_544_516_1,z,0.3318333333333332,0.3318333333333332,-26.175498962402344,0.0,-26.175498962402344,-27.79823353873037,2.493820411766103,-46.14171600341797,-26.175498962402344,0.0008869171142578,none,0.0,1e+20,2.9341100000000035,1e+20,13331,64,0.022966355,0.587092425,0.6100639359999999,True,branched,,results/c0_prim_decomposition/raw/production-scip/real_01/production-scip__real_01__gcnn__seed1.branches.csv,gcnn,real_01,0.0,0.022966355
61,123,61,658,337,813,t_z_497_101_0,z,0.1162581590515521,0.1162581590515521,-26.18386650085449,0.0,-26.18386650085449,-27.809513729756365,2.4951146889364257,-46.156936645507805,-26.18386650085449,0.0076904296875,none,0.0,1e+20,2.9341100000000035,1e+20,13332,65,0.0227131879999999,0.619537274,0.6422555159999999,True,branched,,results/c0_prim_decomposition/raw/production-scip/real_01/production-scip__real_01__gcnn__seed1.branches.csv,gcnn,real_01,0.0,0.0227131879999999
0,1,0,395,328,1283,t_z_525_524_3,z,0.9989999999999998,0.9989999999999998,-27.674823760986328,1.0,-27.174823760986328,-30.414299803142303,3.677098656703258,-63.63559722900391,-27.674823760986328,0.0012683868408203,root_z,0.5,1e+20,2.934110000000004,1e+20,17207,1,0.0198375039999999,0.6981540539999999,0.718312685,True,branched,,results/c0_prim_decomposition/raw/production-scip/real_01/production-scip__real_01__root-z-bias__seed0.branches.csv,root-z-bias,real_01,1.0,0.0198375039999999
1,3,1,395,157,507,t_z_93_92_3,z,0.9979999999999996,0.9979999999999996,-27.63241958618164,0.0,-27.63241958618164,-29.57048670611804,2.846339068553815,-55.31155776977539,-27.63241958618164,0.0588741302490234,root_z,0.5,1e+20,2.934110000000004,1e+20,17209,2,0.0188868399999999,0.6610278889999999,0.679919099,True,branched,,results/c0_prim_decomposition/raw/production-scip/real_01/production-scip__real_01__root-z-bias__seed0.branches.csv,root-z-bias,real_01,0.0,0.0188868399999999
2,5,2,394,379,1513,t_z_544_518_2,z,0.8618673843394135,0.8618673843394135,-27.651561737060547,0.0,-27.651561737060547,-29.53269201849923,2.8466000932825364,-55.25939178466797,-27.651561737060547,0.0128097534179687,root_z,0.5,1e+20,2.934110000000004,1e+20,17213,3,0.0185630349999999,0.653285039,0.67185318,True,branched,,results/c0_prim_decomposition/raw/production-scip/real_01/production-scip__real_01__root-z-bias__seed0.branches.csv,root-z-bias,real_01,0.0,0.0185630349999999
3,7,3,389,175,561,t_z_137_136_2,z,0.9111068324740174,0.9111068324740174,-27.63237953186035,0.0,-27.63237953186035,-29.5234461590686,2.8578328073652157,-55.22039413452149,-27.63237953186035,0.0225238800048828,root_z,0.5,1e+20,2.934110000000004,1e+20,17224,4,0.019274665,0.61423846,0.633517321,True,branched,,results/c0_prim_decomposition/raw/production-scip/real_01/production-scip__real_01__root-z-bias__seed0.branches.csv,root-z-bias,real_01,0.0,0.019274665
4,9,4,380,288,1213,t_z_521_509_0,z,0.809423304519256,0.809423304519256,-27.61629676818848,0.0,-27.61629676818848,-29.503632891805548,2.8817406095332365,-55.181373596191406,-27.61629676818848,0.0325775146484375,root_z,0.5,1e+20,2.934110000000004,1e+20,17227,5,0.01936241,0.653676947,0.6730438899999999,True,branched,,results/c0_prim_decomposition/raw/production-scip/real_01/production-scip__real_01__root-z-bias__seed0.branches.csv,root-z-bias,real_01,0.0,0.01936241
5,11,5,380,188,642,t_z_132_152_3,z,0.8889632452482279,0.8889632452482279,-27.615896224975582,0.0,-27.615896224975582,-29.474611608605635,2.8799250275275323,-55.142704010009766,-27.615896224975582,0.0037174224853515,root_z,0.5,1e+20,2.934110000000004,1e+20,17230,6,0.019238904,0.6221192939999999,0.6413627739999999,True,branched,,results/c0_prim_decomposition/raw/production-scip/real_01/production-scip__real_01__root-z-bias__seed0.branches.csv,root-z-bias,real_01,0.0,0.019238904
6,13,6,379,321,1330,t_z_230_495_3,z,0.8871296104965773,0.8871296104965773,-27.596576690673828,0.0,-27.596576690673828,-29.465047282719677,2.8796092310831285,-55.10723114013672,-27.596576690673828,0.0055694580078125,root_z,0.5,1e+20,2.934110000000004,1e+20,17234,7,0.018609454,0.656280615,0.674895086,True,branched,,results/c0_prim_decomposition/raw/production-scip/real_01/production-scip__real_01__root-z-bias__seed0.branches.csv,root-z-bias,real_01,0.0,0.018609454
7,15,7,378,325,1346,t_z_285_529_3,z,0.8871296104965773,0.8871296104965773,-27.58647346496582,0.0,-27.58647346496582,-29.449714660644528,2.878446626464503,-55.07314682006836,-27.58647346496582,0.0111255645751953,root_z,0.5,1e+20,2.934110000000004,1e+20,17235,8,0.0187589189999999,0.604956974,0.6237206189999999,True,branched,,results/c0_prim_decomposition/raw/production-scip/real_01/production-scip__real_01__root-z-bias__seed0.branches.csv,root-z-bias,real_01,0.0,0.0187589189999999
8,17,8,377,314,1285,t_z_526_525_0,z,0.997,0.997,-27.582185745239254,0.0,-27.582185745239254,-29.4386724780662,2.876709228521382,-55.04087066650391,-27.582185745239254,0.0075149536132812,root_z,0.5,1e+20,2.934110000000004,1e+20,17236,9,0.0189849979999999,0.6001448879999999,0.6191349139999999,True,branched,,results/c0_prim_decomposition/raw/production-scip/real_01/production-scip__real_01__root-z-bias__seed0.branches.csv,root-z-bias,real_01,0.0,0.0189849979999999
9,19,9,376,179,592,t_z_133_152_2,z,0.8871275867721565,0.8871275867721565,-27.58875846862793,0.0,-27.58875846862793,-29.4373182793881,2.875291953378554,-55.01814651489258,-27.58875846862793,0.0035037994384765,root_z,0.5,1e+20,2.934110000000004,1e+20,17238,10,0.019588206,0.590039336,0.609632028,True,branched,,results/c0_prim_decomposition/raw/production-scip/real_01/production-scip__real_01__root-z-bias__seed0.branches.csv,root-z-bias,real_01,0.0,0.019588206
10,21,10,430,267,931,t_z_505_504_3,z,0.9224110065872448,0.9224110065872448,-27.60797500610352,0.0,-27.60797500610352,-30.714908333711847,4.110988374093239,-55.02121353149414,-27.60797500610352,0.0733165740966796,root_z,0.5,1e+20,2.934110000000004,1e+20,17292,11,0.018368012,0.607695211,0.626068595,True,branched,,results/c0_prim_decomposition/raw/production-scip/real_01/production-scip__real_01__root-z-bias__seed0.branches.csv,root-z-bias,real_01,0.0,0.018368012
11,23,11,430,370,1335,t_z_495_285_1,z,0.8350906395609928,0.8350906395609928,-27.698488235473636,0.0,-27.698488235473636,-30.72105429006177,4.103375648992661,-55.00574493408203,-27.698488235473636,9.72747802734375e-05,root_z,0.5,1e+20,2.934110000000004,1e+20,17295,12,0.018785857,0.6068165949999998,0.62560714,True,branched,,results/c0_prim_decomposition/raw/production-scip/real_01/production-scip__real_01__root-z-bias__seed0.branches.csv,root-z-bias,real_01,0.0,0.018785857
12,25,12,429,251,845,t_z_499_3_0,z,0.9682163431785152,0.9682163431785152,-27.707839965820312,0.0,-27.707839965820312,-30.729409677999,4.099933095330446,-54.99095153808594,-27.707839965820312,0.0056896209716796,root_z,0.5,1e+20,2.934110000000004,1e+20,17296,13,0.018685566,0.6048502519999999,0.623540737,True,branched,,results/c0_prim_decomposition/raw/production-scip/real_01/production-scip__real_01__root-z-bias__seed0.branches.csv,root-z-bias,real_01,0.0,0.018685566
13,26,13,460,275,835,t_z_496_1_3,z,0.9223364925328,0.9223364925328,-27.70409774780273,0.0,-27.70409774780273,-30.785206421561863,3.995854266226104,-54.998001098632805,-27.70409774780273,0.0703868865966796,root_z,0.5,1e+20,2.934110000000004,1e+20,17368,14,0.019046041,0.602755906,0.621806716,True,branched,,results/c0_prim_decomposition/raw/production-scip/real_01/production-scip__real_01__root-z-bias__seed0.branches.csv,root-z-bias,real_01,0.0,0.019046041
14,28,14,460,319,995,t_z_76_1_3,z,0.998,0.998,-27.715339660644528,0.0,-27.715339660644528,-30.79003037162449,3.990865259203781,-54.98820114135742,-27.715339660644528,0.0724239349365234,root_z,0.5,1e+20,2.934110000000004,1e+20,17375,15,0.01972979,0.641969929,0.6617046589999999,True,branched,,results/c0_prim_decomposition/raw/production-scip/real_01/production-scip__real_01__root-z-bias__seed0.branches.csv,root-z-bias,real_01,0.0,0.01972979
15,31,15,460,236,659,t_z_240_76_3,z,0.999,0.999,-27.719242095947266,0.0,-27.719242095947266,-30.79136611689692,3.985491342052117,-54.97648239135742,-27.719242095947266,0.0779743194580078,root_z,0.5,1e+20,2.934110000000004,1e+20,17376,16,0.0187380509999999,0.6686092049999999,0.687352413,True,branched,,results/c0_prim_decomposition/raw/production-scip/real_01/production-scip__real_01__root-z-bias__seed0.branches.csv,root-z-bias,real_01,0.0,0.0187380509999999
16,33,16,459,212,553,t_z_136_135_2,z,0.8605144619211735,0.8605144619211735,-27.785907745361328,0.0,-27.785907745361328,-30.78708666550048,3.987617892782008,-54.96750259399414,-27.785907745361328,0.0211601257324218,root_z,0.5,1e+20,2.934110000000004,1e+20,17376,17,0.01855445,0.682360615,0.700920137,True,branched,,results/c0_prim_decomposition/raw/production-scip/real_01/production-scip__real_01__root-z-bias__seed0.branches.csv,root-z-bias,real_01,0.0,0.01855445
17,34,17,427,338,1231,t_z_134_133_1,z,0.8052173913043476,0.8052173913043476,-27.823387145996094,0.0,-27.823387145996094,-30.92739685022859,4.055141751424044,-54.98775100708008,-27.823387145996094,0.0541534423828125,root_z,0.5,1e+20,2.934110000000004,1e+20,17422,18,0.0185853999999999,0.690980989,0.7095709709999999,True,branched,,results/c0_prim_decomposition/raw/production-scip/real_01/production-scip__real_01__root-z-bias__seed0.branches.csv,root-z-bias,real_01,0.0,0.0185853999999999
18,37,18,427,255,834,t_z_1_496_3,z,0.9237000000000009,0.9237000000000009,-27.884548187255856,0.0,-27.884548187255856,-30.9398300563982,4.041903500351808,-54.97501754760742,-27.884548187255856,0.007181167602539,root_z,0.5,1e+20,2.934110000000004,1e+20,17427,19,0.018554918,0.597618363,0.616177947,True,branched,,results/c0_prim_decomposition/raw/production-scip/real_01/production-scip__real_01__root-z-bias__seed0.branches.csv,root-z-bias,real_01,0.0,0.018554918
19,39,19,413,200,627,t_z_189_188_3,z,0.999,0.999,-27.875175476074215,0.0,-27.875175476074215,-30.967988607669856,4.1315462632028925,-54.95581817626953,-27.875175476074215,0.0353298187255859,root_z,0.5,1e+20,2.934110000000004,1e+20,17435,20,0.018681704,0.674598318,0.693285064,True,branched,,results/c0_prim_decomposition/raw/production-scip/real_01/production-scip__real_01__root-z-bias__seed0.branches.csv,root-z-bias,real_01,0.0,0.018681704
20,41,20,449,375,1287,t_z_526_525_1,z,0.9965,0.9965,-27.80620765686035,0.0,-27.80620765686035,-31.219592610552475,4.242331684145992,-54.992488861083984,-27.80620765686035,0.1041011810302734,root_z,0.5,1e+20,2.934110000000004,1e+20,17486,21,0.018957805,0.614695211,0.63365764,True,branched,,results/c0_prim_decomposition/raw/production-scip/real_01/production-scip__real_01__root-z-bias__seed0.branches.csv,root-z-bias,real_01,0.0,0.018957805
21,43,21,443,187,501,t_z_93_92_0,z,0.999,0.999,-27.92348861694336,0.0,-27.92348861694336,-31.20953799262811,4.253119012650769,-54.98624420166016,-27.92348861694336,0.0402584075927734,root_z,0.5,1e+20,2.934110000000004,1e+20,17490,22,0.019482735,0.606296633,0.625784008,True,branched,,results/c0_prim_decomposition/raw/production-scip/real_01/production-scip__real_01__root-z-bias__seed0.branches.csv,root-z-bias,real_01,0.0,0.019482735
22,45,22,437,165,427,t_z_3_2_3,z,0.920388888888888,0.920388888888888,-27.97665786743164,0.0,-27.97665786743164,-31.226874427882706,4.267761685670166,-54.977153778076165,-27.97665786743164,0.0190010070800781,root_z,0.5,1e+20,2.934110000000004,1e+20,17491,23,0.019249794,0.6069154869999999,0.626170713,True,branched,,results/c0_prim_decomposition/raw/production-scip/real_01/production-scip__real_01__root-z-bias__seed0.branches.csv,root-z-bias,real_01,0.0,0.019249794
23,46,23,454,305,968,t_z_508_509_2,z,0.9986,0.9986,-28.046436309814453,0.0,-28.046436309814453,-31.218278742046607,4.227743683310717,-54.91085052490234,-28.046436309814453,0.005960464477539,root_z,0.5,1e+20,2.934110000000004,1e+20,17569,24,0.0194471979999999,0.6011313289999999,0.620583316,True,branched,,results/c0_prim_decomposition/raw/production-scip/real_01/production-scip__real_01__root-z-bias__seed0.branches.csv,root-z-bias,real_01,0.0,0.0194471979999999
24,49,24,463,315,969,t_z_509_508_2,z,0.8920000000000005,0.8920000000000005,-27.960262298583984,0.0,-27.960262298583984,-31.226224116578727,4.19757408088667,-54.904884338378906,-27.960262298583984,0.1038265228271484,root_z,0.5,1e+20,2.934110000000004,1e+20,17577,25,0.019027826,0.598743777,0.617776163,True,branched,,results/c0_prim_decomposition/raw/production-scip/real_01/production-scip__real_01__root-z-bias__seed0.branches.csv,root-z-bias,real_01,0.0,0.019027826
25,50,25,462,396,1303,t_z_527_189_1,z,0.9996,0.9996,-28.07103157043457,0.0,-28.07103157043457,-31.230753729353737,4.196274165807036,-54.889556884765625,-28.07103157043457,0.0273361206054687,root_z,0.5,1e+20,2.934110000000004,1e+20,17579,26,0.0187052579999999,0.626607252,0.645316921,True,branched,,results/c0_prim_decomposition/raw/production-scip/real_01/production-scip__real_01__root-z-bias__seed0.branches.csv,root-z-bias,real_01,0.0,0.0187052579999999
26,53,26,460,208,537,t_z_133_132_2,z,0.8336333333333334,0.8336333333333334,-28.1072998046875,0.0,-28.1072998046875,-31.24287944876629,4.198206917634974,-54.879581451416016,-28.1072998046875,0.0021591186523437,root_z,0.5,1e+20,2.934110000000004,1e+20,17582,27,0.018508507,0.6484708679999999,0.66698446,True,branched,,results/c0_prim_decomposition/raw/production-scip/real_01/production-scip__real_01__root-z-bias__seed0.branches.csv,root-z-bias,real_01,0.0,0.018508507
27,54,27,459,234,641,t_z_152_132_2,z,0.998,0.998,-27.94448471069336,0.0,-27.94448471069336,-31.24926662237296,4.198316800359236,-54.86988067626953,-27.94448471069336,0.1709575653076171,root_z,0.5,1e+20,2.934110000000004,1e+20,17584,28,0.0185239869999999,0.594471013,0.613000186,True,branched,,results/c0_prim_decomposition/raw/production-scip/real_01/production-scip__real_01__root-z-bias__seed0.branches.csv,root-z-bias,real_01,0.0,0.0185239869999999
28,57,28,458,225,595,t_z_152_133_3,z,0.6672666666666666,0.6672666666666666,-28.101993560791016,0.0,-28.101993560791016,-31.24336907749093,4.2009520768962485,-54.85724258422852,-28.101993560791016,0.0092506408691406,root_z,0.5,1e+20,2.934110000000004,1e+20,17584,29,0.0186483739999999,0.587097041,0.605750063,True,branched,,results/c0_prim_decomposition/raw/production-scip/real_01/production-scip__real_01__root-z-bias__seed0.branches.csv,root-z-bias,real_01,0.0,0.0186483739999999
29,59,29,450,325,1083,t_z_516_515_3,z,0.998,0.998,-28.158191680908203,0.0,-28.158191680908203,-31.289705607096355,4.213312685767341,-54.80474472045898,-28.158191680908203,0.0384635925292968,root_z,0.5,1e+20,2.934110000000004,1e+20,17604,30,0.018549685,0.5877380939999999,0.6062922929999999,True,branched,,results/c0_prim_decomposition/raw/production-scip/real_01/production-scip__real_01__root-z-bias__seed0.branches.csv,root-z-bias,real_01,0.0,0.018549685
30,61,30,449,409,1411,t_z_515_230_3,z,0.6748287619047617,0.6748287619047617,-28.199151992797848,0.0,-28.199151992797848,-31.31733482292872,4.212022562208511,-54.86733627319336,-28.199151992797848,0.0122299194335937,root_z,0.5,1e+20,2.934110000000004,1e+20,17619,31,0.0178320039999999,0.587741185,0.6055786199999998,True,branched,,results/c0_prim_decomposition/raw/production-scip/real_01/production-scip__real_01__root-z-bias__seed0.branches.csv,root-z-bias,real_01,0.0,0.0178320039999999
31,62,31,459,330,1130,t_z_413_518_3,z,0.8005999999999996,0.8005999999999996,-28.22739791870117,0.0,-28.22739791870117,-31.070097817314995,3.9746510758283446,-54.428199768066406,-28.22739791870117,0.0551509857177734,root_z,0.5,1e+20,2.934110000000004,1e+20,17702,32,0.018506278,0.585800272,0.6043113789999999,True,branched,,results/c0_prim_decomposition/raw/production-scip/real_01/production-scip__real_01__root-z-bias__seed0.branches.csv,root-z-bias,real_01,0.0,0.018506278
32,65,32,469,402,1327,t_z_495_230_1,z,0.7987465608465609,0.7987465608465609,-28.281221389770508,0.0,-28.281221389770508,-31.09685949882719,3.946998163731388,-54.42294692993164,-28.281221389770508,0.0118179321289062,root_z,0.5,1e+20,2.934110000000004,1e+20,17714,33,0.018466631,0.586231296,0.604702986,True,branched,,results/c0_prim_decomposition/raw/production-scip/real_01/production-scip__real_01__root-z-bias__seed0.branches.csv,root-z-bias,real_01,0.0,0.018466631
33,67,33,467,404,1339,t_z_495_285_3,z,0.5334000000000001,0.5334000000000001,-28.292051315307617,0.0,-28.292051315307617,-31.100032132493865,3.9596007881051225,-54.44644927978516,-28.292051315307617,0.0248889923095703,root_z,0.5,1e+20,2.934110000000004,1e+20,17716,34,0.018571936,0.587063246,0.605640021,True,branched,,results/c0_prim_decomposition/raw/production-scip/real_01/production-scip__real_01__root-z-bias__seed0.branches.csv,root-z-bias,real_01,0.0,0.018571936
34,68,34,453,371,1250,t_z_152_505_3,z,0.9993333333333334,0.9993333333333334,-28.17298889160156,0.0,-28.17298889160156,-31.15144338039373,3.9689745800752134,-54.55312347412109,-28.17298889160156,0.1353950500488281,root_z,0.5,1e+20,2.934110000000004,1e+20,17745,35,0.0185264509999999,0.58609286,0.604624459,True,branched,,results/c0_prim_decomposition/raw/production-scip/real_01/production-scip__real_01__root-z-bias__seed0.branches.csv,root-z-bias,real_01,0.0,0.0185264509999999
35,71,35,451,309,976,t_z_509_510_2,z,0.9976666666666664,0.9976666666666664,-28.29831314086914,0.0,-28.29831314086914,-31.153197552835334,3.972661982780645,-54.54055404663086,-28.29831314086914,0.0346336364746093,root_z,0.5,1e+20,2.934110000000004,1e+20,17746,36,0.0187805839999999,0.587714827,0.6065009639999999,True,branched,,results/c0_prim_decomposition/raw/production-scip/real_01/production-scip__real_01__root-z-bias__seed0.branches.csv,root-z-bias,real_01,0.0,0.0187805839999999
36,73,36,449,355,1216,t_z_509_521_2,z,0.996,0.996,-28.32302665710449,0.0,-28.32302665710449,-31.155052936953265,3.977263239899712,-54.52838897705078,-28.32302665710449,0.0085182189941406,root_z,0.5,1e+20,2.934110000000004,1e+20,17748,37,0.018415434,0.586979211,0.605399672,True,branched,,results/c0_prim_decomposition/raw/production-scip/real_01/production-scip__real_01__root-z-bias__seed0.branches.csv,root-z-bias,real_01,0.0,0.018415434
37,74,37,446,388,1353,t_z_529_521_2,z,0.999,0.999,-28.296295166015625,0.0,-28.296295166015625,-31.223959832982636,3.9280398187533585,-54.17950820922852,-28.296295166015625,0.0783023834228515,root_z,0.5,1e+20,2.934110000000004,1e+20,17826,38,0.0184961369999999,0.587124853,0.6056263539999999,True,branched,,results/c0_prim_decomposition/raw/production-scip/real_01/production-scip__real_01__root-z-bias__seed0.branches.csv,root-z-bias,real_01,0.0,0.0184961369999999
38,77,38,445,158,421,t_z_3_2_0,z,0.999,0.999,-28.35485076904297,0.0,-28.35485076904297,-31.211464536859747,3.931203945312328,-54.165016174316406,-28.35485076904297,0.0224342346191406,root_z,0.5,1e+20,2.934110000000004,1e+20,17826,39,0.018075257,0.597509654,0.615589416,True,branched,,results/c0_prim_decomposition/raw/production-scip/real_01/production-scip__real_01__root-z-bias__seed0.branches.csv,root-z-bias,real_01,0.0,0.018075257
39,79,39,436,370,1301,t_z_527_189_0,z,0.9965,0.9965,-28.37030792236328,0.0,-28.37030792236328,-31.229848131127312,3.9587996919895945,-54.15640640258789,-28.37030792236328,0.02978515625,root_z,0.5,1e+20,2.934110000000004,1e+20,17829,40,0.018749537,0.599742933,0.6184973919999999,True,branched,,results/c0_prim_decomposition/raw/production-scip/real_01/production-scip__real_01__root-z-bias__seed0.branches.csv,root-z-bias,real_01,0.0,0.018749537
40,81,40,477,460,1511,t_z_544_518_1,z,0.999,0.999,-28.278188705444336,0.0,-28.278188705444336,-31.498335444452376,3.821243798969164,-53.642486572265625,-28.278188705444336,0.0111579895019531,root_z,0.5,1e+20,2.934110000000004,1e+20,17942,41,0.0196571949999999,0.651652438,0.671315164,True,branched,,results/c0_prim_decomposition/raw/production-scip/real_01/production-scip__real_01__root-z-bias__seed0.branches.csv,root-z-bias,real_01,0.0,0.0196571949999999
41,82,41,476,403,1298,t_z_188_526_3,z,0.998,0.998,-28.28517341613769,0.0,-28.28517341613769,-31.43618596501711,3.8197252878317327,-53.62135314941406,-28.28517341613769,0.0203628540039062,root_z,0.5,1e+20,2.934110000000004,1e+20,17947,42,0.019252846,0.694721474,0.713979038,True,branched,,results/c0_prim_decomposition/raw/production-scip/real_01/production-scip__real_01__root-z-bias__seed0.branches.csv,root-z-bias,real_01,0.0,0.019252846
42,85,42,475,273,843,t_z_496_2_3,z,0.996,0.996,-28.28824806213379,0.0,-28.28824806213379,-31.42614430879292,3.8221211355166353,-53.60839080810546,-28.28824806213379,0.1130199432373046,root_z,0.5,1e+20,2.934110000000004,1e+20,17947,43,0.01943344,0.6978100029999998,0.717247779,True,branched,,results/c0_prim_decomposition/raw/production-scip/real_01/production-scip__real_01__root-z-bias__seed0.branches.csv,root-z-bias,real_01,0.0,0.01943344
43,87,43,474,346,1118,t_z_508_518_1,z,0.999,0.999,-28.39326858520508,0.0,-28.39326858520508,-31.42683860521276,3.8216271882562154,-53.59936141967773,-28.39326858520508,0.0313396453857421,root_z,0.5,1e+20,2.934110000000004,1e+20,17948,44,0.019503939,0.611650824,0.63115951,True,branched,,results/c0_prim_decomposition/raw/production-scip/real_01/production-scip__real_01__root-z-bias__seed0.branches.csv,root-z-bias,real_01,0.0,0.019503939
44,89,44,473,205,539,t_z_133_132_3,z,0.997,0.997,-28.410564422607425,0.0,-28.410564422607425,-31.419595585312955,3.823970269569344,-53.588726043701165,-28.410564422607425,0.0122280120849609,root_z,0.5,1e+20,2.934110000000004,1e+20,17948,45,0.0194073389999999,0.699105599,0.7185179379999999,True,branched,,results/c0_prim_decomposition/raw/production-scip/real_01/production-scip__real_01__root-z-bias__seed0.branches.csv,root-z-bias,real_01,0.0,0.0194073389999999
45,90,45,441,285,961,t_z_508_507_2,z,0.9986666666666668,0.9986666666666668,-28.196271896362305,0.0,-28.196271896362305,-31.269440890980416,3.7617560279304647,-53.30117034912109,-28.196271896362305,0.1369762420654296,root_z,0.5,1e+20,2.934110000000004,1e+20,17999,47,0.0190274149999999,0.6888492499999999,0.707881595,True,branched,,results/c0_prim_decomposition/raw/production-scip/real_01/production-scip__real_01__root-z-bias__seed0.branches.csv,root-z-bias,real_01,0.0,0.0190274149999999
46,92,46,439,329,1185,t_z_512_507_2,z,0.999,0.999,-28.237968444824215,0.0,-28.237968444824215,-31.30222282757249,3.7658795038496584,-53.34539794921875,-28.237968444824215,0.0658779144287109,root_z,0.5,1e+20,2.934110000000004,1e+20,18018,48,0.0187396519999999,0.605785847,0.624530801,True,branched,,results/c0_prim_decomposition/raw/production-scip/real_01/production-scip__real_01__root-z-bias__seed0.branches.csv,root-z-bias,real_01,0.0,0.0187396519999999
47,95,47,437,184,535,t_z_133_132_1,z,0.7134285714285715,0.7134285714285715,-28.28582763671875,0.0,-28.28582763671875,-31.29570220318757,3.771769096475436,-53.33018493652344,-28.28582763671875,0.0517730712890625,root_z,0.5,1e+20,2.934110000000004,1e+20,18018,49,0.018176332,0.5948261019999999,0.61300734,True,branched,,results/c0_prim_decomposition/raw/production-scip/real_01/production-scip__real_01__root-z-bias__seed0.branches.csv,root-z-bias,real_01,0.0,0.018176332
48,97,48,433,181,530,t_z_131_132_3,z,0.999,0.999,-28.316181182861328,0.0,-28.316181182861328,-31.25875165996596,3.737554021476836,-53.29416275024414,-28.316181182861328,0.1009845733642578,root_z,0.5,1e+20,2.934110000000004,1e+20,18030,50,0.0192604349999999,0.604560127,0.6238248819999999,True,branched,,results/c0_prim_decomposition/raw/production-scip/real_01/production-scip__real_01__root-z-bias__seed0.branches.csv,root-z-bias,real_01,0.0,0.0192604349999999
49,99,49,432,254,865,t_z_501_500_2,z,0.6666666666666666,0.6666666666666666,-28.407695770263672,0.0,-28.407695770263672,-31.257089349958637,3.740688941212884,-53.28917694091797,-28.407695770263672,0.0274620056152343,root_z,0.5,1e+20,2.934110000000004,1e+20,18030,51,0.018805374,0.5984416599999999,0.617251843,True,branched,,results/c0_prim_decomposition/raw/production-scip/real_01/production-scip__real_01__root-z-bias__seed0.branches.csv,root-z-bias,real_01,0.0,0.018805374
50,101,50,439,184,531,t_z_132_131_3,z,0.6017942628919937,0.6017942628919937,-28.39101219177246,0.0,-28.39101219177246,-31.252634222252222,3.6934098284024546,-53.241249084472656,-28.39101219177246,0.0627899169921875,root_z,0.5,1e+20,2.934110000000004,1e+20,18050,52,0.01914951,0.606887964,0.6260423,True,branched,,results/c0_prim_decomposition/raw/production-scip/real_01/production-scip__real_01__root-z-bias__seed0.branches.csv,root-z-bias,real_01,0.0,0.01914951
51,102,51,438,405,1429,t_z_525_137_0,z,0.5493205360168129,0.5493205360168129,-28.413461685180664,0.0,-28.413461685180664,-31.223168194566146,3.6970303236892352,-53.201675415039055,-28.413461685180664,0.0016956329345703,root_z,0.5,1e+20,2.934110000000004,1e+20,18068,54,0.020013545,0.6196492869999999,0.639668138,True,branched,,results/c0_prim_decomposition/raw/production-scip/real_01/production-scip__real_01__root-z-bias__seed0.branches.csv,root-z-bias,real_01,0.0,0.020013545
52,105,52,437,328,1186,t_z_507_512_3,z,0.9974999999999998,0.9974999999999998,-28.412548065185547,0.0,-28.412548065185547,-31.22264866425189,3.6989390000576488,-53.1910400390625,-28.412548065185547,0.0073375701904296,root_z,0.5,1e+20,2.934110000000004,1e+20,18070,55,0.019066525,0.6212629269999999,0.6403345759999999,True,branched,,results/c0_prim_decomposition/raw/production-scip/real_01/production-scip__real_01__root-z-bias__seed0.branches.csv,root-z-bias,real_01,0.0,0.019066525
53,107,53,440,297,1018,t_z_512_513_3,z,0.999,0.999,-28.025077819824215,0.0,-28.025077819824215,-31.21624592434276,3.690593057132423,-53.191688537597656,-28.025077819824215,0.4024524688720703,root_z,0.5,1e+20,2.934110000000004,1e+20,18077,56,0.0189649019999999,0.609061552,0.6280313549999998,True,branched,,results/c0_prim_decomposition/raw/production-scip/real_01/production-scip__real_01__root-z-bias__seed0.branches.csv,root-z-bias,real_01,0.0,0.0189649019999999
54,108,54,441,315,1127,t_z_518_413_1,z,0.999,0.999,-28.10612297058105,0.0,-28.10612297058105,-31.14949861297261,3.611393304286604,-52.85348510742188,-28.10612297058105,0.0975112915039062,root_z,0.5,1e+20,2.934110000000004,1e+20,18097,57,0.0190967439999999,0.620055436,0.639156512,True,branched,,results/c0_prim_decomposition/raw/production-scip/real_01/production-scip__real_01__root-z-bias__seed0.branches.csv,root-z-bias,real_01,0.0,0.0190967439999999
55,110,55,450,325,1135,t_z_413_94_1,z,0.998,0.998,-28.207910537719727,0.0,-28.207910537719727,-31.189869541592067,3.631812127910395,-52.946571350097656,-28.207910537719727,0.0138320922851562,root_z,0.5,1e+20,2.934110000000004,1e+20,18130,58,0.0191487179999999,0.6099343959999999,0.6290881179999999,True,branched,,results/c0_prim_decomposition/raw/production-scip/real_01/production-scip__real_01__root-z-bias__seed0.branches.csv,root-z-bias,real_01,0.0,0.0191487179999999
56,113,56,450,325,1134,t_z_94_413_1,z,0.998,0.998,-28.060779571533203,0.0,-28.060779571533203,-31.189041697184244,3.63190316217408,-52.942737579345696,-28.060779571533203,0.1613578796386718,root_z,0.5,1e+20,2.934110000000004,1e+20,18131,59,0.019128592,0.625746154,0.64487934,True,branched,,results/c0_prim_decomposition/raw/production-scip/real_01/production-scip__real_01__root-z-bias__seed0.branches.csv,root-z-bias,real_01,0.0,0.019128592
57,114,57,449,334,1170,t_z_127_513_3,z,0.999,0.999,-28.19222450256348,0.0,-28.19222450256348,-31.16636821262555,3.6332840464065086,-52.90330123901367,-28.19222450256348,0.0048656463623046,root_z,0.5,1e+20,2.934110000000004,1e+20,18132,61,0.0189440259999999,0.6207831649999999,0.639732033,True,branched,,results/c0_prim_decomposition/raw/production-scip/real_01/production-scip__real_01__root-z-bias__seed0.branches.csv,root-z-bias,real_01,0.0,0.0189440259999999
58,117,58,448,334,1171,t_z_513_127_3,z,0.998,0.998,-28.070531845092773,0.0,-28.070531845092773,-31.16548205273492,3.6345330631302626,-52.89230346679688,-28.070531845092773,0.1356372833251953,root_z,0.5,1e+20,2.934110000000004,1e+20,18133,62,0.0189919469999999,0.609356526,0.6283534659999999,True,branched,,results/c0_prim_decomposition/raw/production-scip/real_01/production-scip__real_01__root-z-bias__seed0.branches.csv,root-z-bias,real_01,0.0,0.0189919469999999
59,118,59,447,338,1183,t_z_512_507_1,z,0.998,0.998,-28.208438873291016,0.0,-28.208438873291016,-31.17243226155872,3.6358491063204457,-52.88667678833008,-28.208438873291016,0.211221694946289,root_z,0.5,1e+20,2.934110000000004,1e+20,18134,63,0.018810394,0.6185219889999999,0.6373371479999999,True,branched,,results/c0_prim_decomposition/raw/production-scip/real_01/production-scip__real_01__root-z-bias__seed0.branches.csv,root-z-bias,real_01,0.0,0.018810394
60,121,60,443,185,533,t_z_133_132_0,z,0.7504166666666667,0.7504166666666667,-28.422229766845703,0.0,-28.422229766845703,-31.16901741286164,3.6402397269895785,-52.87945938110352,-28.422229766845703,0.0053062438964843,root_z,0.5,1e+20,2.934110000000004,1e+20,18136,64,0.0191241979999999,0.612208097,0.6313374419999999,True,branched,,results/c0_prim_decomposition/raw/production-scip/real_01/production-scip__real_01__root-z-bias__seed0.branches.csv,root-z-bias,real_01,0.0,0.0191241979999999
61,123,61,437,368,1294,t_z_188_526_1,z,0.997,0.997,-28.42713737487793,0.0,-28.42713737487793,-31.20610569270852,3.655481802283732,-52.87588882446289,-28.42713737487793,0.0038642883300781,root_z,0.5,1e+20,2.934110000000004,1e+20,18139,65,0.019213066,0.623733575,0.6429511,True,branched,,results/c0_prim_decomposition/raw/production-scip/real_01/production-scip__real_01__root-z-bias__seed0.branches.csv,root-z-bias,real_01,0.0,0.019213066
62,125,62,435,353,1234,t_z_133_134_3,z,0.996,0.996,-28.432769775390625,0.0,-28.432769775390625,-31.218479423961416,3.65911532821885,-52.86919784545898,-28.432769775390625,0.0188980102539062,root_z,0.5,1e+20,2.934110000000004,1e+20,18141,66,0.01910241,0.659005366,0.6781133219999999,True,branched,,results/c0_prim_decomposition/raw/production-scip/real_01/production-scip__real_01__root-z-bias__seed0.branches.csv,root-z-bias,real_01,0.0,0.01910241
63,127,63,433,242,811,t_z_496_17_3,z,0.2512916666666683,0.2512916666666683,-28.4426383972168,0.0,-28.4426383972168,-31.222929873037007,3.6650069365676665,-52.86001968383789,-28.4426383972168,0.0018386840820312,root_z,0.5,1e+20,2.934110000000004,1e+20,18141,67,0.019017031,0.6104680399999999,0.629489904,True,branched,,results/c0_prim_decomposition/raw/production-scip/real_01/production-scip__real_01__root-z-bias__seed0.branches.csv,root-z-bias,real_01,0.0,0.019017031
64,63,31,434,198,535,t_z_133_132_1,z,0.997,0.997,-29.22589492797852,0.0,-29.22589492797852,-32.39321753066805,4.056930136228726,-55.080345153808594,-29.22589492797852,0.1551513671875,root_z,0.5,2.992145980000004,2.934110000000004,0.0197797560418661,19867,68,0.019591555,0.603061579,0.622658247,True,branched,,results/c0_prim_decomposition/raw/production-scip/real_01/production-scip__real_01__root-z-bias__seed0.branches.csv,root-z-bias,real_01,0.0,0.019591555
65,131,32,433,341,1216,t_z_509_521_2,z,0.998,0.998,-29.366287231445312,0.0,-29.366287231445312,-32.38415252914605,4.058458143871038,-55.06435775756836,-29.366287231445312,0.027597427368164,root_z,0.5,2.992145980000004,2.934110000000004,0.0197797560418661,19869,69,0.019406227,0.620660089,0.6400707009999999,True,branched,,results/c0_prim_decomposition/raw/production-scip/real_01/production-scip__real_01__root-z-bias__seed0.branches.csv,root-z-bias,real_01,0.0,0.019406227
66,132,33,405,176,529,t_z_132_131_2,z,0.997,0.997,-29.183601379394528,0.0,-29.183601379394528,-32.44362988884066,3.956339766852396,-54.14034652709961,-29.183601379394528,0.2245979309082031,root_z,0.5,2.992145980000004,2.934110000000004,0.0197797560418661,19951,70,0.019177197,0.658287912,0.677469979,True,branched,,results/c0_prim_decomposition/raw/production-scip/real_01/production-scip__real_01__root-z-bias__seed0.branches.csv,root-z-bias,real_01,0.0,0.019177197
67,135,34,403,237,843,t_z_496_2_3,z,0.996,0.996,-29.38839530944824,0.0,-29.38839530944824,-32.43625994414904,3.9620914938642775,-54.124114990234375,-29.38839530944824,0.011484146118164,root_z,0.5,2.992145980000004,2.934110000000004,0.0197797560418661,19951,71,0.019082274,0.656050914,0.675137909,True,branched,,results/c0_prim_decomposition/raw/production-scip/real_01/production-scip__real_01__root-z-bias__seed0.branches.csv,root-z-bias,real_01,0.0,0.019082274
68,137,35,396,341,1353,t_z_529_521_2,z,0.999,0.999,-29.379665374755856,0.0,-29.379665374755856,-32.37526817032785,3.9430743370935426,-54.10333633422852,-29.379665374755856,0.0492305755615234,root_z,0.5,2.992145980000004,2.934110000000004,0.0197797560418661,19951,72,0.019522442,0.6572919139999999,0.676818809,True,branched,,results/c0_prim_decomposition/raw/production-scip/real_01/production-scip__real_01__root-z-bias__seed0.branches.csv,root-z-bias,real_01,0.0,0.019522442
69,139,36,395,268,959,t_z_508_507_1,z,0.9323888888888868,0.9323888888888868,-29.40889549255371,0.0,-29.40889549255371,-32.36351996313167,3.945392690369476,-54.08726501464844,-29.40889549255371,0.0315895080566406,root_z,0.5,2.992145980000004,2.934110000000004,0.0197797560418661,19951,73,0.018932594,0.653824947,0.672762328,True,branched,,results/c0_prim_decomposition/raw/production-scip/real_01/production-scip__real_01__root-z-bias__seed0.branches.csv,root-z-bias,real_01,0.0,0.018932594
70,141,37,394,338,1339,t_z_495_285_3,z,0.5,0.5,-29.446563720703125,0.0,-29.446563720703125,-32.36937988106975,3.945194091888193,-54.07550048828125,-29.446563720703125,0.0433311462402343,root_z,0.5,2.992145980000004,2.934110000000004,0.0197797560418661,19955,74,0.0190645039999999,0.5914379109999999,0.610506808,True,branched,,results/c0_prim_decomposition/raw/production-scip/real_01/production-scip__real_01__root-z-bias__seed0.branches.csv,root-z-bias,real_01,0.0,0.0190645039999999
71,58,29,474,398,1279,t_z_525_524_1,z,0.9987999999999998,0.9987999999999998,-29.39798355102539,0.0,-29.39798355102539,-32.5774511707483,3.9880748289755754,-55.3771858215332,-29.39798355102539,0.1501426696777343,root_z,0.5,2.992145980000004,2.934110000000004,0.0197797560418661,20133,75,0.019134009,0.6053330989999999,0.624472168,True,branched,,results/c0_prim_decomposition/raw/production-scip/real_01/production-scip__real_01__root-z-bias__seed0.branches.csv,root-z-bias,real_01,0.0,0.019134009
72,145,30,476,278,844,t_z_3_499_0,z,0.999,0.999,-29.42186546325684,0.0,-29.42186546325684,-32.585805664543344,3.975765514018652,-55.35208511352539,-29.42186546325684,0.1424198150634765,root_z,0.5,2.992145980000004,2.934110000000004,0.0197797560418661,20162,76,0.018476412,0.588151021,0.6066323679999999,True,branched,,results/c0_prim_decomposition/raw/production-scip/real_01/production-scip__real_01__root-z-bias__seed0.branches.csv,root-z-bias,real_01,0.0,0.018476412
73,147,31,474,221,562,t_z_136_137_3,z,0.996,0.996,-29.54564476013184,0.0,-29.54564476013184,-32.57763574093203,3.981155177284532,-55.337196350097656,-29.54564476013184,0.0735054016113281,root_z,0.5,2.992145980000004,2.934110000000004,0.0197797560418661,20162,77,0.0185183569999999,0.5979300069999999,0.6164532969999998,True,branched,,results/c0_prim_decomposition/raw/production-scip/real_01/production-scip__real_01__root-z-bias__seed0.branches.csv,root-z-bias,real_01,0.0,0.0185183569999999
74,149,32,471,212,538,t_z_132_133_3,z,0.9995,0.9995,-29.61197853088379,0.0,-29.61197853088379,-32.56793226659171,3.9826882096779057,-55.33553695678711,-29.61197853088379,0.0099143981933593,root_z,0.5,2.992145980000004,2.934110000000004,0.0197797560418661,20169,78,0.018825283,0.5850858789999999,0.603915784,True,branched,,results/c0_prim_decomposition/raw/production-scip/real_01/production-scip__real_01__root-z-bias__seed0.branches.csv,root-z-bias,real_01,0.0,0.018825283
75,151,33,469,401,1294,t_z_188_526_1,z,0.997,0.997,-29.619712829589844,0.0,-29.619712829589844,-32.5732722902603,3.987137439196601,-55.33087158203125,-29.619712829589844,0.0407028198242187,root_z,0.5,2.992145980000004,2.934110000000004,0.0197797560418661,20170,79,0.0185233729999999,0.595761959,0.6142904759999999,True,branched,,results/c0_prim_decomposition/raw/production-scip/real_01/production-scip__real_01__root-z-bias__seed0.branches.csv,root-z-bias,real_01,0.0,0.0185233729999999
76,153,34,467,337,1083,t_z_516_515_3,z,0.998,0.998,-29.65849494934082,0.0,-29.65849494934082,-32.57882283637559,3.989507382518239,-55.32402801513672,-29.65849494934082,0.0042362213134765,root_z,0.5,2.992145980000004,2.934110000000004,0.0197797560418661,20172,80,0.018756439,0.628812476,0.64757374,True,branched,,results/c0_prim_decomposition/raw/production-scip/real_01/production-scip__real_01__root-z-bias__seed0.branches.csv,root-z-bias,real_01,0.0,0.018756439
77,155,35,466,427,1411,t_z_515_230_3,z,0.6627661654135338,0.6627661654135338,-29.577449798583984,0.0,-29.577449798583984,-32.578690627102176,3.9909499395253847,-55.320457458496094,-29.577449798583984,0.0837116241455078,root_z,0.5,2.992145980000004,2.934110000000004,0.0197797560418661,20174,81,0.018411874,0.588889901,0.6073066409999999,True,branched,,results/c0_prim_decomposition/raw/production-scip/real_01/production-scip__real_01__root-z-bias__seed0.branches.csv,root-z-bias,real_01,0.0,0.018411874
78,55,27,455,223,595,t_z_152_133_3,z,0.7781777777777777,0.7781777777777777,-29.67435073852539,0.0,-29.67435073852539,-32.736889484950474,4.017454737168299,-55.43895721435546,-29.67435073852539,0.0406665802001953,root_z,0.5,2.992145980000004,2.934110000000004,0.0197797560418661,20408,83,0.0182497699999999,0.57378665,0.592041103,True,branched,,results/c0_prim_decomposition/raw/production-scip/real_01/production-scip__real_01__root-z-bias__seed0.branches.csv,root-z-bias,real_01,0.0,0.0182497699999999
79,159,28,444,199,535,t_z_133_132_1,z,0.7607907458143075,0.7607907458143075,-29.724761962890625,0.0,-29.724761962890625,-32.680495790533115,3.9861050781365903,-55.214351654052734,-29.724761962890625,0.0257453918457031,root_z,0.5,2.992145980000004,2.934110000000004,0.0197797560418661,20457,84,0.0185289239999999,0.5830060369999999,0.601539267,True,branched,,results/c0_prim_decomposition/raw/production-scip/real_01/production-scip__real_01__root-z-bias__seed0.branches.csv,root-z-bias,real_01,0.0,0.0185289239999999
80,161,29,442,402,1411,t_z_515_230_3,z,0.8512675494672749,0.8512675494672749,-29.748786926269528,0.0,-29.748786926269528,-32.6861075189858,3.990560453502245,-55.21062469482422,-29.748786926269528,0.0108909606933593,root_z,0.5,2.992145980000004,2.934110000000004,0.0197797560418661,20459,85,0.0183123289999999,0.572116634,0.590433383,True,branched,,results/c0_prim_decomposition/raw/production-scip/real_01/production-scip__real_01__root-z-bias__seed0.branches.csv,root-z-bias,real_01,0.0,0.0183123289999999
81,163,30,449,203,547,t_z_135_134_3,z,0.999,0.999,-29.76487922668457,0.0,-29.76487922668457,-32.653880716166675,3.952806787891381,-55.12166213989258,-29.76487922668457,0.0116138458251953,root_z,0.5,2.992145980000004,2.934110000000004,0.0197797560418661,20478,86,0.018237052,0.585286085,0.603528237,True,branched,,results/c0_prim_decomposition/raw/production-scip/real_01/production-scip__real_01__root-z-bias__seed0.branches.csv,root-z-bias,real_01,0.0,0.018237052
82,165,31,447,307,976,t_z_509_510_2,z,0.998,0.998,-29.76432037353516,0.0,-29.76432037353516,-32.651912591068005,3.9592407801103424,-55.11611557006836,-29.76432037353516,0.0542373657226562,root_z,0.5,2.992145980000004,2.934110000000004,0.0197797560418661,20478,87,0.0176585039999999,0.617123971,0.63478698,True,branched,,results/c0_prim_decomposition/raw/production-scip/real_01/production-scip__real_01__root-z-bias__seed0.branches.csv,root-z-bias,real_01,0.0,0.0176585039999999
83,167,32,437,195,530,t_z_131_132_3,z,0.999,0.999,-29.8114070892334,0.0,-29.8114070892334,-32.65731844694718,3.985550818257552,-55.11100006103516,-29.8114070892334,0.0109004974365234,root_z,0.5,2.992145980000004,2.934110000000004,0.0197797560418661,20479,88,0.0184663779999999,0.570799378,0.589270316,True,branched,,results/c0_prim_decomposition/raw/production-scip/real_01/production-scip__real_01__root-z-bias__seed0.branches.csv,root-z-bias,real_01,0.0,0.0184663779999999
84,168,33,442,384,1339,t_z_495_285_3,z,0.5,0.5,-29.827533721923828,0.0,-29.827533721923828,-32.63830566837777,3.9590078135241225,-55.048606872558594,-29.827533721923828,0.0062408447265625,root_z,0.5,2.992145980000004,2.934110000000004,0.0197797560418661,20489,89,0.0186079099999999,0.58360829,0.602221171,True,branched,,results/c0_prim_decomposition/raw/production-scip/real_01/production-scip__real_01__root-z-bias__seed0.branches.csv,root-z-bias,real_01,0.0,0.0186079099999999
85,52,26,462,232,622,t_z_188_189_1,z,0.9985,0.9985,-30.417144775390625,0.0,-30.417144775390625,-33.42487658876361,3.953470750041888,-55.98122024536133,-30.417144775390625,0.0429821014404296,root_z,0.5,2.992145980000004,2.934110000000004,0.0197797560418661,21419,90,0.018199671,0.5710806809999999,0.589285377,True,branched,,results/c0_prim_decomposition/raw/production-scip/real_01/production-scip__real_01__root-z-bias__seed0.branches.csv,root-z-bias,real_01,0.0,0.018199671
86,173,27,461,232,623,t_z_189_188_1,z,0.998,0.998,-30.380809783935547,0.0,-30.380809783935547,-33.41904258314286,3.9550620518795903,-55.97194290161133,-30.380809783935547,0.0686511993408203,root_z,0.5,2.992145980000004,2.934110000000004,0.0197797560418661,21422,91,0.018513742,0.5862917199999998,0.6048104669999999,True,branched,,results/c0_prim_decomposition/raw/production-scip/real_01/production-scip__real_01__root-z-bias__seed0.branches.csv,root-z-bias,real_01,0.0,0.018513742
87,174,28,460,361,1216,t_z_509_521_2,z,0.998,0.998,-30.403263092041016,0.0,-30.403263092041016,-33.37657206576804,3.952853048637969,-55.8985595703125,-30.403263092041016,0.0175437927246093,root_z,0.5,2.992145980000004,2.934110000000004,0.0197797560418661,21428,93,0.018651342,0.627396448,0.646052774,True,branched,,results/c0_prim_decomposition/raw/production-scip/real_01/production-scip__real_01__root-z-bias__seed0.branches.csv,root-z-bias,real_01,0.0,0.018651342
88,176,29,464,404,1353,t_z_529_521_2,z,0.999,0.999,-30.407819747924805,0.0,-30.407819747924805,-33.38288218399574,3.893364362819911,-55.68650817871094,-30.407819747924805,0.0323963165283203,root_z,0.5,2.992145980000004,2.934110000000004,0.0197797560418661,21466,94,0.0181477129999999,0.5986855669999999,0.6168381109999999,True,branched,,results/c0_prim_decomposition/raw/production-scip/real_01/production-scip__real_01__root-z-bias__seed0.branches.csv,root-z-bias,real_01,0.0,0.0181477129999999
89,179,30,471,324,976,t_z_509_510_2,z,0.998,0.998,-30.44911766052246,0.0,-30.44911766052246,-33.33782735852932,3.843272722066071,-55.50817108154297,-30.44911766052246,0.0021114349365234,root_z,0.5,2.992145980000004,2.934110000000004,0.0197797560418661,21484,95,0.019278461,0.625480433,0.644763768,True,branched,,results/c0_prim_decomposition/raw/production-scip/real_01/production-scip__real_01__root-z-bias__seed0.branches.csv,root-z-bias,real_01,0.0,0.019278461
90,181,31,461,387,1294,t_z_188_526_1,z,0.999,0.999,-30.44357681274414,0.0,-30.44357681274414,-33.34252861420141,3.86747309757192,-55.50299835205078,-30.44357681274414,0.0396957397460937,root_z,0.5,2.992145980000004,2.934110000000004,0.0197797560418661,21485,96,0.0188493079999999,0.5953001079999999,0.614154017,True,branched,,results/c0_prim_decomposition/raw/production-scip/real_01/production-scip__real_01__root-z-bias__seed0.branches.csv,root-z-bias,real_01,0.0,0.0188493079999999
91,183,32,459,203,529,t_z_132_131_2,z,0.7942148148148149,0.7942148148148149,-30.47125625610352,0.0,-30.47125625610352,-33.34269733470509,3.8723933366764633,-55.49743270874024,-30.47125625610352,0.0201778411865234,root_z,0.5,2.992145980000004,2.934110000000004,0.0197797560418661,21485,97,0.018735096,0.632936491,0.651676574,True,branched,,results/c0_prim_decomposition/raw/production-scip/real_01/production-scip__real_01__root-z-bias__seed0.branches.csv,root-z-bias,real_01,0.0,0.018735096
92,48,24,464,311,961,t_z_508_507_2,z,0.9989999999999998,0.9989999999999998,-31.42606735229492,0.0,-31.42606735229492,-34.40045984037991,3.888645748597987,-56.68797302246094,-31.42606735229492,0.0497322082519531,root_z,0.5,2.992145980000004,2.934110000000004,0.0197797560418661,22860,98,0.0185393779999999,0.598514175,0.6170585659999999,True,branched,,results/c0_prim_decomposition/raw/production-scip/real_01/production-scip__real_01__root-z-bias__seed0.branches.csv,root-z-bias,real_01,0.0,0.0185393779999999
93,186,25,469,203,529,t_z_132_131_2,z,0.999,0.999,-31.37576675415039,0.0,-31.37576675415039,-34.3601181502027,3.8203664561442814,-56.59280014038086,-31.37576675415039,0.1096611022949218,root_z,0.5,2.992145980000004,2.934110000000004,0.0197797560418661,22895,99,0.019056982,0.5952268419999999,0.614288743,True,branched,,results/c0_prim_decomposition/raw/production-scip/real_01/production-scip__real_01__root-z-bias__seed0.branches.csv,root-z-bias,real_01,0.0,0.019056982
94,189,26,467,207,537,t_z_133_132_2,z,0.8336333333333334,0.8336333333333334,-31.463903427124023,0.0,-31.463903427124023,-34.34841856047734,3.8254792539066194,-56.57360076904297,-31.463903427124023,0.0380573272705078,root_z,0.5,2.992145980000004,2.934110000000004,0.0197797560418661,22895,100,0.019023667,0.612782935,0.6318114799999999,True,branched,,results/c0_prim_decomposition/raw/production-scip/real_01/production-scip__real_01__root-z-bias__seed0.branches.csv,root-z-bias,real_01,0.0,0.019023667
95,191,27,462,222,595,t_z_152_133_3,z,0.7781777777777777,0.7781777777777777,-31.413749694824215,0.0,-31.413749694824215,-34.34660314584707,3.825698010183932,-56.48812103271485,-31.413749694824215,0.0731086730957031,root_z,0.5,2.992145980000004,2.934110000000004,0.0197797560418661,22897,101,0.019077271,0.5929097319999999,0.611992062,True,branched,,results/c0_prim_decomposition/raw/production-scip/real_01/production-scip__real_01__root-z-bias__seed0.branches.csv,root-z-bias,real_01,0.0,0.019077271
96,193,28,451,395,1353,t_z_529_521_2,z,0.8865014078110808,0.8865014078110808,-31.480234146118164,0.0,-31.480234146118164,-34.35961022979669,3.7980639059422656,-56.251567840576165,-31.480234146118164,0.056640625,root_z,0.5,2.992145980000004,2.934110000000004,0.0197797560418661,22933,102,0.020170792,0.616613988,0.636789665,True,branched,,results/c0_prim_decomposition/raw/production-scip/real_01/production-scip__real_01__root-z-bias__seed0.branches.csv,root-z-bias,real_01,0.0,0.020170792
97,195,29,449,201,535,t_z_133_132_1,z,0.6364779307707013,0.6364779307707013,-31.54413604736328,0.0,-31.54413604736328,-34.36593305507057,3.802285832106604,-56.25501251220703,-31.54413604736328,0.0013313293457031,root_z,0.5,2.992145980000004,2.934110000000004,0.0197797560418661,22936,103,0.019108282,0.6537886029999999,0.672901441,True,branched,,results/c0_prim_decomposition/raw/production-scip/real_01/production-scip__real_01__root-z-bias__seed0.branches.csv,root-z-bias,real_01,0.0,0.019108282
98,197,30,460,367,1217,t_z_521_509_2,z,0.8221792174796746,0.8221792174796746,-31.56016540527344,0.0,-31.56016540527344,-34.310815263831095,3.7484482005113686,-56.13063049316406,-31.56016540527344,0.0004234313964843,root_z,0.5,2.992145980000004,2.934110000000004,0.0197797560418661,22952,104,0.0189016439999999,0.61694502,0.635851979,True,branched,,results/c0_prim_decomposition/raw/production-scip/real_01/production-scip__real_01__root-z-bias__seed0.branches.csv,root-z-bias,real_01,0.0,0.0189016439999999
99,56,28,459,226,595,t_z_152_133_3,z,0.6672666666666665,0.6672666666666665,-35.61275100708008,0.0,-35.61275100708008,-38.60574265191238,3.8463248065389815,-60.21535873413086,-35.61275100708008,0.0454826354980468,root_z,0.5,2.9624816000000034,2.934110000000004,0.0096695761235943,28310,105,0.018436797,0.5809704589999999,0.599412456,True,branched,,results/c0_prim_decomposition/raw/production-scip/real_01/production-scip__real_01__root-z-bias__seed0.branches.csv,root-z-bias,real_01,0.0,0.018436797
100,200,29,491,450,1411,t_z_515_230_3,z,0.8026940979208586,0.8026940979208586,-35.640926361083984,0.0,-35.640926361083984,-38.62887292772592,3.767778604243204,-60.12032318115234,-35.640926361083984,0.048187255859375,root_z,0.5,2.9624816000000034,2.934110000000004,0.0096695761235943,28362,106,0.018477298,0.591515274,0.6099968369999998,True,branched,,results/c0_prim_decomposition/raw/production-scip/real_01/production-scip__real_01__root-z-bias__seed0.branches.csv,root-z-bias,real_01,0.0,0.018477298
101,203,30,492,432,1339,t_z_495_285_3,z,0.5,0.5,-35.71091079711914,0.0,-35.71091079711914,-38.574921507176335,3.7417107169666144,-60.01375961303711,-35.71091079711914,0.0092964172363281,root_z,0.5,2.9624816000000034,2.934110000000004,0.0096695761235943,28405,107,0.0181844799999999,0.6103198159999998,0.628509089,True,branched,,results/c0_prim_decomposition/raw/production-scip/real_01/production-scip__real_01__root-z-bias__seed0.branches.csv,root-z-bias,real_01,0.0,0.0181844799999999
102,205,31,491,220,538,t_z_132_133_3,z,0.999,0.999,-35.703025817871094,0.0,-35.703025817871094,-38.56267483899647,3.742082721572322,-59.992141723632805,-35.703025817871094,0.0340957641601562,root_z,0.5,2.9624816000000034,2.934110000000004,0.0096695761235943,28406,108,0.0182806509999999,0.630447486,0.648733379,True,branched,,results/c0_prim_decomposition/raw/production-scip/real_01/production-scip__real_01__root-z-bias__seed0.branches.csv,root-z-bias,real_01,0.0,0.0182806509999999
103,207,32,490,227,562,t_z_136_137_3,z,0.7004184231069476,0.7004184231069476,-35.71731948852539,0.0,-35.71731948852539,-38.54844393048968,3.743645333287189,-59.971206665039055,-35.71731948852539,0.0109062194824218,root_z,0.5,2.9624816000000034,2.934110000000004,0.0096695761235943,28406,109,0.0177102599999999,0.624604153,0.6423194079999999,True,branched,,results/c0_prim_decomposition/raw/production-scip/real_01/production-scip__real_01__root-z-bias__seed0.branches.csv,root-z-bias,real_01,0.0,0.0177102599999999
104,209,33,488,354,1083,t_z_516_515_3,z,0.998,0.998,-35.71539306640625,0.0,-35.71539306640625,-38.557067957080775,3.744556323706172,-59.95442581176758,-35.71539306640625,0.0110015869140625,root_z,0.5,2.9624816000000034,2.934110000000004,0.0096695761235943,28413,110,0.0185500549999999,0.626771563,0.645326528,True,branched,,results/c0_prim_decomposition/raw/production-scip/real_01/production-scip__real_01__root-z-bias__seed0.branches.csv,root-z-bias,real_01,0.0,0.0185500549999999
105,211,34,487,299,859,t_z_500_499_3,z,0.6666666666666667,0.6666666666666667,-35.716827392578125,0.0,-35.716827392578125,-38.54934211433301,3.7454370052902295,-59.93658065795898,-35.716827392578125,0.0073394775390625,root_z,0.5,2.9624816000000034,2.934110000000004,0.0096695761235943,28419,111,0.0182167339999999,0.626489229,0.644710529,True,branched,,results/c0_prim_decomposition/raw/production-scip/real_01/production-scip__real_01__root-z-bias__seed0.branches.csv,root-z-bias,real_01,0.0,0.0182167339999999
106,60,30,428,191,535,t_z_133_132_1,z,0.997,0.997,-45.37102508544922,0.0,-45.37102508544922,-48.147409207352965,3.4465670458438327,-67.86578369140625,-45.37102508544922,0.0770797729492187,root_z,0.5,2.9624816000000034,2.934110000000004,0.0096695761235943,38488,112,0.0179468789999999,0.6109916109999999,0.628942797,True,branched,,results/c0_prim_decomposition/raw/production-scip/real_01/production-scip__real_01__root-z-bias__seed0.branches.csv,root-z-bias,real_01,0.0,0.0179468789999999
107,215,31,427,186,527,t_z_132_131_1,z,0.994,0.994,-45.41229248046875,0.0,-45.41229248046875,-48.13600250708694,3.4471819568087088,-67.84561920166016,-45.41229248046875,0.0197715759277343,root_z,0.5,2.9624816000000034,2.934110000000004,0.0096695761235943,38490,113,0.018116244,0.662846091,0.68096676,True,branched,,results/c0_prim_decomposition/raw/production-scip/real_01/production-scip__real_01__root-z-bias__seed0.branches.csv,root-z-bias,real_01,0.0,0.018116244
108,217,32,425,385,1411,t_z_515_230_3,z,0.9185696296296298,0.9185696296296298,-45.4227409362793,0.0,-45.4227409362793,-48.13475953046013,3.4508978745690446,-67.83209991455078,-45.4227409362793,0.0682640075683593,root_z,0.5,2.9624816000000034,2.934110000000004,0.0096695761235943,38492,114,0.01844994,0.5810488919999999,0.5995030679999999,True,branched,,results/c0_prim_decomposition/raw/production-scip/real_01/production-scip__real_01__root-z-bias__seed0.branches.csv,root-z-bias,real_01,0.0,0.01844994
109,219,33,424,280,956,t_z_507_508_0,z,0.998,0.998,-45.47842025756836,0.0,-45.47842025756836,-48.12814292367899,3.451775703854206,-67.81820678710938,-45.47842025756836,0.013946533203125,root_z,0.5,2.9624816000000034,2.934110000000004,0.0096695761235943,38493,115,0.018275491,0.5841506859999999,0.6024302879999999,True,branched,,results/c0_prim_decomposition/raw/production-scip/real_01/production-scip__real_01__root-z-bias__seed0.branches.csv,root-z-bias,real_01,0.0,0.018275491
110,220,34,427,349,1250,t_z_152_505_3,z,0.8829533333333331,0.8829533333333331,-45.48794174194336,0.0,-45.48794174194336,-48.10537004135811,3.440158946955159,-67.80493927001953,-45.48794174194336,0.0586395263671875,root_z,0.5,2.9624816000000034,2.934110000000004,0.0096695761235943,38501,116,0.0185262869999999,0.599528528,0.618059114,True,branched,,results/c0_prim_decomposition/raw/production-scip/real_01/production-scip__real_01__root-z-bias__seed0.branches.csv,root-z-bias,real_01,0.0,0.0185262869999999
111,222,35,455,398,1339,t_z_495_285_3,z,0.5,0.5,-45.5535545349121,0.0,-45.5535545349121,-48.06988872486156,3.35781302814332,-67.89659118652344,-45.5535545349121,0.0024375915527343,root_z,0.5,2.9624816000000034,2.934110000000004,0.0096695761235943,38556,117,0.01882429,0.589999499,0.6088285869999999,True,branched,,results/c0_prim_decomposition/raw/production-scip/real_01/production-scip__real_01__root-z-bias__seed0.branches.csv,root-z-bias,real_01,0.0,0.01882429
112,225,36,454,327,1082,t_z_515_516_3,z,0.9993333333333334,0.9993333333333334,-45.54505157470703,0.0,-45.54505157470703,-48.064186188618,3.3587778129402146,-67.88573455810547,-45.54505157470703,0.0143394470214843,root_z,0.5,2.9624816000000034,2.934110000000004,0.0096695761235943,38557,118,0.019027181,0.6640688089999999,0.683100337,True,branched,,results/c0_prim_decomposition/raw/production-scip/real_01/production-scip__real_01__root-z-bias__seed0.branches.csv,root-z-bias,real_01,0.0,0.019027181
113,47,23,433,186,537,t_z_133_132_2,z,0.8238283307679155,0.8238283307679155,-45.682655334472656,0.0,-45.682655334472656,-48.38721292508942,3.507756317930657,-68.45938110351562,-45.682655334472656,0.0353775024414062,root_z,0.5,2.9624816000000034,2.934110000000004,0.0096695761235943,38685,119,0.019173267,0.657670095,0.676847681,True,branched,,results/c0_prim_decomposition/raw/production-scip/real_01/production-scip__real_01__root-z-bias__seed0.branches.csv,root-z-bias,real_01,0.0,0.019173267
114,229,24,427,199,595,t_z_152_133_3,z,0.7577592592592598,0.7577592592592598,-45.64674758911133,0.0,-45.64674758911133,-48.39235795353838,3.5131830152962262,-68.3827133178711,-45.64674758911133,0.0990982055664062,root_z,0.5,2.9624816000000034,2.934110000000004,0.0096695761235943,38689,120,0.018968465,0.614452431,0.6334255279999998,True,branched,,results/c0_prim_decomposition/raw/production-scip/real_01/production-scip__real_01__root-z-bias__seed0.branches.csv,root-z-bias,real_01,0.0,0.018968465
115,231,25,410,177,535,t_z_133_132_1,z,0.823592857142858,0.823592857142858,-45.63743209838867,0.0,-45.63743209838867,-48.33665218818479,3.5134370918852524,-68.23751831054688,-45.63743209838867,0.0920028686523437,root_z,0.5,2.9624816000000034,2.934110000000004,0.0096695761235943,38711,121,0.018918819,0.592290422,0.611213592,True,branched,,results/c0_prim_decomposition/raw/production-scip/real_01/production-scip__real_01__root-z-bias__seed0.branches.csv,root-z-bias,real_01,0.0,0.018918819
116,233,26,408,172,527,t_z_132_131_1,z,0.823592857142858,0.823592857142858,-45.6927490234375,0.0,-45.6927490234375,-48.338472478529994,3.5171841313696763,-68.22708892822266,-45.6927490234375,0.0559844970703125,root_z,0.5,2.9624816000000034,2.934110000000004,0.0096695761235943,38713,122,0.019835574,0.614470135,0.6343101439999999,True,branched,,results/c0_prim_decomposition/raw/production-scip/real_01/production-scip__real_01__root-z-bias__seed0.branches.csv,root-z-bias,real_01,0.0,0.019835574
117,235,27,407,345,1339,t_z_495_285_3,z,0.5,0.5,-45.74235916137695,0.0,-45.74235916137695,-48.33564741429884,3.5185520028585637,-68.21745300292969,-45.74235916137695,0.01446533203125,root_z,0.5,2.9624816000000034,2.934110000000004,0.0096695761235943,38716,123,0.018728721,0.592349502,0.611082906,True,branched,,results/c0_prim_decomposition/raw/production-scip/real_01/production-scip__real_01__root-z-bias__seed0.branches.csv,root-z-bias,real_01,0.0,0.018728721
118,237,28,406,365,1411,t_z_515_230_3,z,0.7164940476190472,0.7164940476190472,-45.74869155883789,0.0,-45.74869155883789,-48.33077947494432,3.5197326420730333,-68.20624542236328,-45.74869155883789,0.0234603881835937,root_z,0.5,2.9624816000000034,2.934110000000004,0.0096695761235943,38717,124,0.0189314639999999,0.592713742,0.611649769,True,branched,,results/c0_prim_decomposition/raw/production-scip/real_01/production-scip__real_01__root-z-bias__seed0.branches.csv,root-z-bias,real_01,0.0,0.0189314639999999
119,238,29,406,346,1342,t_z_285_529_1,z,0.25,0.25,-45.786815643310554,0.0,-45.786815643310554,-48.328195449753935,3.51423443034,-68.18317413330078,-45.786815643310554,0.0017967224121093,root_z,0.5,2.9624816000000034,2.934110000000004,0.0096695761235943,38738,125,0.01955639,0.594079205,0.613640516,True,branched,,results/c0_prim_decomposition/raw/production-scip/real_01/production-scip__real_01__root-z-bias__seed0.branches.csv,root-z-bias,real_01,0.0,0.01955639
120,40,20,431,187,537,t_z_133_132_2,z,0.8293186222222221,0.8293186222222221,-45.89937973022461,0.0,-45.89937973022461,-48.34971669987017,3.289518963319072,-68.53385925292969,-45.89937973022461,0.0312614440917968,root_z,0.5,2.9624816000000034,2.934110000000004,0.0096695761235943,38920,126,0.019336585,0.6075297499999999,0.626871126,True,branched,,results/c0_prim_decomposition/raw/production-scip/real_01/production-scip__real_01__root-z-bias__seed0.branches.csv,root-z-bias,real_01,0.0,0.019336585
121,243,21,425,200,595,t_z_152_133_3,z,0.7638172816728167,0.7638172816728167,-45.85951232910156,0.0,-45.85951232910156,-48.348312126608455,3.291499233854273,-68.45304870605469,-45.85951232910156,0.090118408203125,root_z,0.5,2.9624816000000034,2.934110000000004,0.0096695761235943,38925,127,0.019597616,0.6457433,0.6653454309999999,True,branched,,results/c0_prim_decomposition/raw/production-scip/real_01/production-scip__real_01__root-z-bias__seed0.branches.csv,root-z-bias,real_01,0.0,0.019597616
122,245,22,447,259,851,t_z_499_3_3,z,0.9986666666666664,0.9986666666666664,-45.94493103027344,0.0,-45.94493103027344,-48.322933342099454,3.1581918399922686,-68.28367614746094,-45.94493103027344,0.0524406433105468,root_z,0.5,2.9624816000000034,2.934110000000004,0.0096695761235943,38987,128,0.019340652,0.6075827569999999,0.6269283129999998,True,branched,,results/c0_prim_decomposition/raw/production-scip/real_01/production-scip__real_01__root-z-bias__seed0.branches.csv,root-z-bias,real_01,0.0,0.019340652
123,246,23,452,373,1287,t_z_526_525_1,z,0.9983333333333334,0.9983333333333334,-46.04507064819336,0.0,-46.04507064819336,-48.38891460621252,3.1443281614775054,-68.28121948242188,-46.04507064819336,0.0121726989746093,root_z,0.5,2.9624816000000034,2.934110000000004,0.0096695761235943,39054,129,0.018649498,0.645327881,0.663982367,True,branched,,results/c0_prim_decomposition/raw/production-scip/real_01/production-scip__real_01__root-z-bias__seed0.branches.csv,root-z-bias,real_01,0.0,0.018649498
124,249,24,453,190,501,t_z_93_92_0,z,0.9988333333333332,0.9988333333333332,-46.00415802001953,0.0,-46.00415802001953,-48.40338289711386,3.1549962716818998,-68.27823638916016,-46.00415802001953,0.052642822265625,root_z,0.5,2.9624816000000034,2.934110000000004,0.0096695761235943,39066,130,0.019457334,0.5958612439999998,0.615323846,True,branched,,results/c0_prim_decomposition/raw/production-scip/real_01/production-scip__real_01__root-z-bias__seed0.branches.csv,root-z-bias,real_01,0.0,0.019457334
125,251,25,452,307,969,t_z_509_508_2,z,0.999,0.999,-46.051307678222656,0.0,-46.051307678222656,-48.404737565369736,3.1552311745137613,-68.27106475830078,-46.051307678222656,0.0057754516601562,root_z,0.5,2.9624816000000034,2.934110000000004,0.0096695761235943,39071,131,0.0188608099999999,0.592823933,0.6116892809999999,True,branched,,results/c0_prim_decomposition/raw/production-scip/real_01/production-scip__real_01__root-z-bias__seed0.branches.csv,root-z-bias,real_01,0.0,0.0188608099999999
126,253,26,443,355,1250,t_z_152_505_3,z,0.8685162615740749,0.8685162615740749,-46.03960418701172,0.0,-46.03960418701172,-48.397478150998495,3.16845737186387,-68.3261489868164,-46.03960418701172,0.0094642639160156,root_z,0.5,2.9624816000000034,2.934110000000004,0.0096695761235943,39075,132,0.019594046,0.608621335,0.6282197149999998,True,branched,,results/c0_prim_decomposition/raw/production-scip/real_01/production-scip__real_01__root-z-bias__seed0.branches.csv,root-z-bias,real_01,0.0,0.019594046
0,1,0,733,598,1287,t_z_526_525_1,z,0.999,0.999,-25.088409423828125,1.0,-24.588409423828125,-26.6256690057856,1.107599689871252,-32.63037109375,-25.088409423828125,0.0063343048095703,root_z,0.5,1e+20,2.9341100000000035,1e+20,12769,1,0.024489245,0.725746208,0.750795085,True,branched,,results/c0_prim_decomposition/raw/production-scip/real_01/production-scip__real_01__root-z-bias__seed1.branches.csv,root-z-bias,real_01,1.0,0.024489245
1,3,1,732,593,1279,t_z_525_524_1,z,0.998,0.998,-25.004045486450195,0.0,-25.004045486450195,-26.566628875628197,1.1854332101610776,-33.809547424316406,-25.004045486450195,0.0545272827148437,root_z,0.5,1e+20,2.9341100000000035,1e+20,12775,2,0.0234396899999999,0.697475242,0.720920698,True,branched,,results/c0_prim_decomposition/raw/production-scip/real_01/production-scip__real_01__root-z-bias__seed1.branches.csv,root-z-bias,real_01,0.0,0.0234396899999999
2,5,2,731,528,1161,t_z_504_127_2,z,0.999,0.999,-25.02779960632324,0.0,-25.02779960632324,-26.53438029830661,1.1772427861154915,-33.76521301269531,-25.02779960632324,0.0102119445800781,root_z,0.5,1e+20,2.9341100000000035,1e+20,12777,3,0.024251877,0.684455538,0.708713581,True,branched,,results/c0_prim_decomposition/raw/production-scip/real_01/production-scip__real_01__root-z-bias__seed1.branches.csv,root-z-bias,real_01,0.0,0.024251877
3,7,3,730,277,591,t_z_152_133_1,z,0.9994523809523808,0.9994523809523808,-25.018966674804688,0.0,-25.018966674804688,-26.5110142407352,1.168224905075453,-33.72688293457031,-25.018966674804688,0.0052337646484375,root_z,0.5,1e+20,2.9341100000000035,1e+20,12779,4,0.0237211379999999,0.688823512,0.7125508689999999,True,branched,,results/c0_prim_decomposition/raw/production-scip/real_01/production-scip__real_01__root-z-bias__seed1.branches.csv,root-z-bias,real_01,0.0,0.0237211379999999
4,9,4,728,660,1431,t_z_525_137_1,z,0.999,0.999,-25.00701904296875,0.0,-25.00701904296875,-26.493724629119203,1.158899098447232,-33.6910285949707,-25.00701904296875,0.0047798156738281,root_z,0.5,1e+20,2.9341100000000035,1e+20,12780,5,0.0234095089999999,0.604193855,0.6276091139999999,True,branched,,results/c0_prim_decomposition/raw/production-scip/real_01/production-scip__real_01__root-z-bias__seed1.branches.csv,root-z-bias,real_01,0.0,0.0234095089999999
5,11,5,727,260,559,t_z_137_136_1,z,0.9986666666666664,0.9986666666666664,-24.951000213623047,0.0,-24.951000213623047,-26.483395391514083,1.148058220171275,-33.659393310546875,-24.951000213623047,0.0595550537109375,root_z,0.5,1e+20,2.9341100000000035,1e+20,12781,6,0.023323123,0.6886993909999999,0.7120289349999999,True,branched,,results/c0_prim_decomposition/raw/production-scip/real_01/production-scip__real_01__root-z-bias__seed1.branches.csv,root-z-bias,real_01,0.0,0.023323123
6,13,6,725,508,1118,t_z_508_518_1,z,0.9986666666666668,0.9986666666666668,-25.019643783569336,0.0,-25.019643783569336,-26.484497617524244,1.137286875635759,-33.63504409790039,-25.019643783569336,0.005197525024414,root_z,0.5,1e+20,2.9341100000000035,1e+20,12783,7,0.023934529,0.691640443,0.7155809469999999,True,branched,,results/c0_prim_decomposition/raw/production-scip/real_01/production-scip__real_01__root-z-bias__seed1.branches.csv,root-z-bias,real_01,0.0,0.023934529
7,15,7,723,522,1159,t_z_504_127_1,z,0.9994285714285714,0.9994285714285714,-25.036306381225582,0.0,-25.036306381225582,-26.48759555420935,1.12670822911238,-33.610721588134766,-25.036306381225582,0.0008697509765625,root_z,0.5,1e+20,2.9341100000000035,1e+20,12784,8,0.024300931,0.599470222,0.623776785,True,branched,,results/c0_prim_decomposition/raw/production-scip/real_01/production-scip__real_01__root-z-bias__seed1.branches.csv,root-z-bias,real_01,0.0,0.024300931
8,17,8,722,531,1182,t_z_507_512_1,z,0.999,0.999,-25.054521560668945,0.0,-25.054521560668945,-26.49222382416025,1.1151443075810454,-33.58439254760742,-25.054521560668945,0.0154132843017578,root_z,0.5,1e+20,2.9341100000000035,1e+20,12785,9,0.0237675019999999,0.689773391,0.713546978,True,branched,,results/c0_prim_decomposition/raw/production-scip/real_01/production-scip__real_01__root-z-bias__seed1.branches.csv,root-z-bias,real_01,0.0,0.0237675019999999
9,19,9,717,492,1089,t_z_517_516_2,z,0.999,0.999,-25.093435287475582,0.0,-25.093435287475582,-26.498316614531408,1.1058686640142248,-33.56364822387695,-25.093435287475582,0.0004119873046875,root_z,0.5,1e+20,2.9341100000000035,1e+20,12791,10,0.0235020459999999,0.6881685109999999,0.7116760669999999,True,branched,,results/c0_prim_decomposition/raw/production-scip/real_01/production-scip__real_01__root-z-bias__seed1.branches.csv,root-z-bias,real_01,0.0,0.0235020459999999
10,21,10,729,619,1327,t_z_495_230_1,z,0.9993888888888888,0.9993888888888888,-25.20007705688477,0.0,-25.20007705688477,-27.142806329190808,2.280398869114966,-46.64352035522461,-25.20007705688477,0.0200710296630859,root_z,0.5,1e+20,2.9341100000000035,1e+20,12907,11,0.0243847529999999,0.6116455429999998,0.636036186,True,branched,,results/c0_prim_decomposition/raw/production-scip/real_01/production-scip__real_01__root-z-bias__seed1.branches.csv,root-z-bias,real_01,0.0,0.0243847529999999
11,23,11,728,441,967,t_z_509_508_1,z,0.9996666666666668,0.9996666666666668,-25.24178695678711,0.0,-25.24178695678711,-27.153980459485734,2.274498117804304,-46.624473571777344,-25.24178695678711,0.0159130096435546,root_z,0.5,1e+20,2.9341100000000035,1e+20,12911,12,0.024946084,0.696648217,0.721600479,True,branched,,results/c0_prim_decomposition/raw/production-scip/real_01/production-scip__real_01__root-z-bias__seed1.branches.csv,root-z-bias,real_01,0.0,0.024946084
12,25,12,726,258,539,t_z_133_132_3,z,0.999,0.999,-25.279998779296875,0.0,-25.279998779296875,-27.162123582908272,2.2699677919176966,-46.60276794433594,-25.279998779296875,0.0013904571533203,root_z,0.5,1e+20,2.9341100000000035,1e+20,12915,13,0.0242607089999999,0.7041547639999999,0.7284215539999999,True,branched,,results/c0_prim_decomposition/raw/production-scip/real_01/production-scip__real_01__root-z-bias__seed1.branches.csv,root-z-bias,real_01,0.0,0.0242607089999999
13,27,13,725,263,551,t_z_136_135_1,z,0.996,0.996,-25.290281295776367,0.0,-25.290281295776367,-27.170114019985856,2.2647523208448552,-46.58295822143555,-25.290281295776367,0.033599853515625,root_z,0.5,1e+20,2.9341100000000035,1e+20,12917,14,0.024165122,0.6958960739999999,0.7200668249999999,True,branched,,results/c0_prim_decomposition/raw/production-scip/real_01/production-scip__real_01__root-z-bias__seed1.branches.csv,root-z-bias,real_01,0.0,0.024165122
14,29,14,723,377,851,t_z_499_3_3,z,0.9993333333333334,0.9993333333333334,-25.34731101989746,0.0,-25.34731101989746,-27.180685423221824,2.2608207357993924,-46.56597518920898,-25.34731101989746,0.0048885345458984,root_z,0.5,1e+20,2.9341100000000035,1e+20,12919,15,0.0244472129999999,0.696571926,0.721024866,True,branched,,results/c0_prim_decomposition/raw/production-scip/real_01/production-scip__real_01__root-z-bias__seed1.branches.csv,root-z-bias,real_01,0.0,0.0244472129999999
15,31,15,721,510,1127,t_z_518_413_1,z,0.997,0.997,-25.366649627685547,0.0,-25.366649627685547,-27.18653887353228,2.257180936815234,-46.54631042480469,-25.366649627685547,0.0080184936523437,root_z,0.5,1e+20,2.9341100000000035,1e+20,12920,16,0.023897397,0.6528830479999999,0.676786388,True,branched,,results/c0_prim_decomposition/raw/production-scip/real_01/production-scip__real_01__root-z-bias__seed1.branches.csv,root-z-bias,real_01,0.0,0.023897397
16,33,16,713,562,1247,t_z_505_152_1,z,0.9993888888888888,0.9993888888888888,-25.390281677246094,0.0,-25.390281677246094,-27.16278387553896,2.1835078007796223,-46.526721954345696,-25.390281677246094,0.0060882568359375,root_z,0.5,1e+20,2.9341100000000035,1e+20,12922,17,0.024718302,0.6855382939999999,0.710262361,True,branched,,results/c0_prim_decomposition/raw/production-scip/real_01/production-scip__real_01__root-z-bias__seed1.branches.csv,root-z-bias,real_01,0.0,0.024718302
17,34,17,719,292,638,t_z_132_152_1,z,0.999,0.999,-25.39755630493164,0.0,-25.39755630493164,-27.25500042879532,2.270856142631572,-46.57582473754882,-25.39755630493164,0.0012550354003906,root_z,0.5,1e+20,2.9341100000000035,1e+20,13003,18,0.023892446,0.663078561,0.6869770259999999,True,branched,,results/c0_prim_decomposition/raw/production-scip/real_01/production-scip__real_01__root-z-bias__seed1.branches.csv,root-z-bias,real_01,0.0,0.023892446
18,37,18,718,292,639,t_z_152_132_1,z,0.998,0.998,-25.280975341796875,0.0,-25.280975341796875,-27.258501934805956,2.2670286693279174,-46.5575065612793,-25.280975341796875,0.1612796783447265,root_z,0.5,1e+20,2.9341100000000035,1e+20,13004,19,0.023584184,0.6894296469999999,0.713019508,True,branched,,results/c0_prim_decomposition/raw/production-scip/real_01/production-scip__real_01__root-z-bias__seed1.branches.csv,root-z-bias,real_01,0.0,0.023584184
19,38,19,717,250,526,t_z_131_132_1,z,0.9989999999999998,0.9989999999999998,-25.415098190307617,0.0,-25.415098190307617,-27.26112903610932,2.2637728911841557,-46.54049682617188,-25.415098190307617,0.01043701171875,root_z,0.5,1e+20,2.9341100000000035,1e+20,13006,20,0.024257338,0.682385391,0.706648347,True,branched,,results/c0_prim_decomposition/raw/production-scip/real_01/production-scip__real_01__root-z-bias__seed1.branches.csv,root-z-bias,real_01,0.0,0.024257338
20,41,20,714,250,527,t_z_132_131_1,z,0.998,0.998,-25.432661056518555,0.0,-25.432661056518555,-27.26734963051077,2.2614898609330765,-46.52318954467773,-25.432661056518555,0.0153732299804687,root_z,0.5,1e+20,2.9341100000000035,1e+20,13007,21,0.0237383759999999,0.627935293,0.6516790759999999,True,branched,,results/c0_prim_decomposition/raw/production-scip/real_01/production-scip__real_01__root-z-bias__seed1.branches.csv,root-z-bias,real_01,0.0,0.0237383759999999
21,42,21,713,422,959,t_z_508_507_1,z,0.9985,0.9985,-25.39194869995117,0.0,-25.39194869995117,-27.224275209124592,2.260834925323685,-46.47715759277344,-25.39194869995117,0.0242919921875,root_z,0.5,1e+20,2.9341100000000035,1e+20,13020,23,0.0232402009999999,0.665128782,0.6883739399999999,True,branched,,results/c0_prim_decomposition/raw/production-scip/real_01/production-scip__real_01__root-z-bias__seed1.branches.csv,root-z-bias,real_01,0.0,0.0232402009999999
22,45,22,711,637,1417,t_z_517_500_2,z,0.999,0.999,-25.420812606811523,0.0,-25.420812606811523,-27.222191634895765,2.2579043769422986,-46.461551666259766,-25.420812606811523,0.009561538696289,root_z,0.5,1e+20,2.9341100000000035,1e+20,13023,24,0.023196857,0.652427524,0.6756300499999999,True,branched,,results/c0_prim_decomposition/raw/production-scip/real_01/production-scip__real_01__root-z-bias__seed1.branches.csv,root-z-bias,real_01,0.0,0.023196857
23,47,23,709,637,1419,t_z_517_500_3,z,0.99875,0.99875,-25.442995071411133,0.0,-25.442995071411133,-27.22826769657969,2.255928054287332,-46.45138549804688,-25.442995071411133,0.0010604858398437,root_z,0.5,1e+20,2.9341100000000035,1e+20,13024,25,0.0234165279999999,0.674719566,0.698141034,True,branched,,results/c0_prim_decomposition/raw/production-scip/real_01/production-scip__real_01__root-z-bias__seed1.branches.csv,root-z-bias,real_01,0.0,0.0234165279999999
24,48,24,711,573,1283,t_z_525_524_3,z,0.999,0.999,-25.46564483642578,0.0,-25.46564483642578,-27.2424287272908,2.2518643870660497,-46.45098876953125,-25.46564483642578,0.0341148376464843,root_z,0.5,1e+20,2.9341100000000035,1e+20,13030,26,0.02328691,0.6743992279999999,0.697691574,True,branched,,results/c0_prim_decomposition/raw/production-scip/real_01/production-scip__real_01__root-z-bias__seed1.branches.csv,root-z-bias,real_01,0.0,0.02328691
25,50,25,711,605,1350,t_z_521_529_1,z,0.9985,0.9985,-25.511608123779297,0.0,-25.511608123779297,-27.248936311102117,2.249609495314371,-46.448486328125,-25.511608123779297,0.0068283081054687,root_z,0.5,1e+20,2.9341100000000035,1e+20,13033,27,0.023282304,0.5944708579999999,0.6177589479999999,True,branched,,results/c0_prim_decomposition/raw/production-scip/real_01/production-scip__real_01__root-z-bias__seed1.branches.csv,root-z-bias,real_01,0.0,0.023282304
26,52,26,698,588,1343,t_z_529_285_1,z,0.998,0.998,-25.52301025390625,0.0,-25.52301025390625,-27.27255719575636,2.2915265643586817,-46.38176345825195,-25.52301025390625,0.0177440643310546,root_z,0.5,1e+20,2.9341100000000035,1e+20,13120,28,0.0238384739999999,0.6755377649999998,0.699382373,True,branched,,results/c0_prim_decomposition/raw/production-scip/real_01/production-scip__real_01__root-z-bias__seed1.branches.csv,root-z-bias,real_01,0.0,0.0238384739999999
27,54,27,697,591,1354,t_z_521_529_3,z,0.998,0.998,-25.55744361877441,0.0,-25.55744361877441,-27.27862212510841,2.2904990067207547,-46.38009262084961,-25.55744361877441,0.035287857055664,root_z,0.5,1e+20,2.9341100000000035,1e+20,13123,29,0.023109389,0.592872472,0.615988221,True,branched,,results/c0_prim_decomposition/raw/production-scip/real_01/production-scip__real_01__root-z-bias__seed1.branches.csv,root-z-bias,real_01,0.0,0.023109389
28,57,28,698,571,1301,t_z_527_189_0,z,0.999,0.999,-25.599803924560547,0.0,-25.599803924560547,-27.282315019208585,2.2860989952721456,-46.3785514831543,-25.599803924560547,0.0009670257568359,root_z,0.5,1e+20,2.9341100000000035,1e+20,13126,30,0.02336827,0.675893886,0.6992677489999999,True,branched,,results/c0_prim_decomposition/raw/production-scip/real_01/production-scip__real_01__root-z-bias__seed1.branches.csv,root-z-bias,real_01,0.0,0.02336827
29,58,29,699,528,1218,t_z_509_521_3,z,0.892590131524685,0.892590131524685,-25.55977439880371,0.0,-25.55977439880371,-27.278973493453258,2.250050785829945,-45.94384002685546,-25.55977439880371,0.0004253387451171,root_z,0.5,1e+20,2.9341100000000035,1e+20,13135,31,0.023955374,0.676751245,0.7007126369999999,True,branched,,results/c0_prim_decomposition/raw/production-scip/real_01/production-scip__real_01__root-z-bias__seed1.branches.csv,root-z-bias,real_01,0.0,0.023955374
30,61,30,702,530,1219,t_z_521_509_3,z,0.9959999999999998,0.9959999999999998,-25.507776260375977,0.0,-25.507776260375977,-27.289542787774675,2.2371410044669644,-45.93684768676758,-25.507776260375977,0.1501197814941406,root_z,0.5,1e+20,2.9341100000000035,1e+20,13154,32,0.023113693,0.5960862209999999,0.619205439,True,branched,,results/c0_prim_decomposition/raw/production-scip/real_01/production-scip__real_01__root-z-bias__seed1.branches.csv,root-z-bias,real_01,0.0,0.023113693
31,62,31,701,587,1335,t_z_495_285_1,z,0.999,0.999,-25.600336074829105,0.0,-25.600336074829105,-27.23944776374501,2.2364328152861037,-45.903026580810554,-25.600336074829105,0.0109710693359375,root_z,0.5,1e+20,2.9341100000000035,1e+20,13170,34,0.023810832,0.684221677,0.708038492,True,branched,,results/c0_prim_decomposition/raw/production-scip/real_01/production-scip__real_01__root-z-bias__seed1.branches.csv,root-z-bias,real_01,0.0,0.023810832
32,65,32,700,352,835,t_z_496_1_3,z,0.9985,0.9985,-25.59930419921875,0.0,-25.59930419921875,-27.230033953530448,2.237466782877372,-45.89126968383789,-25.59930419921875,0.0176811218261718,root_z,0.5,1e+20,2.9341100000000035,1e+20,13170,35,0.023252194,0.59691481,0.620172292,True,branched,,results/c0_prim_decomposition/raw/production-scip/real_01/production-scip__real_01__root-z-bias__seed1.branches.csv,root-z-bias,real_01,0.0,0.023252194
33,67,33,697,244,543,t_z_135_134_1,z,0.995,0.995,-25.630022048950195,0.0,-25.630022048950195,-27.240538278303323,2.2384792692576414,-45.88886260986328,-25.630022048950195,0.0007991790771484,root_z,0.5,1e+20,2.9341100000000035,1e+20,13172,36,0.024006899,0.696907008,0.720919588,True,branched,,results/c0_prim_decomposition/raw/production-scip/real_01/production-scip__real_01__root-z-bias__seed1.branches.csv,root-z-bias,real_01,0.0,0.024006899
34,69,34,689,607,1405,t_z_515_230_0,z,0.999,0.999,-25.64457321166992,0.0,-25.64457321166992,-27.23869503945848,2.2413161478483,-45.88617706298828,-25.64457321166992,0.0036582946777343,root_z,0.5,1e+20,2.9341100000000035,1e+20,13175,37,0.0251636049999999,0.692200499,0.717369649,True,branched,,results/c0_prim_decomposition/raw/production-scip/real_01/production-scip__real_01__root-z-bias__seed1.branches.csv,root-z-bias,real_01,0.0,0.0251636049999999
35,71,35,688,469,1101,t_z_497_94_0,z,0.927927298292703,0.927927298292703,-25.64069938659668,0.0,-25.64069938659668,-27.23363614914029,2.2428294966690308,-45.88304138183594,-25.64069938659668,0.0076045989990234,root_z,0.5,1e+20,2.9341100000000035,1e+20,13175,38,0.024937898,0.6072653839999999,0.6322091859999999,True,branched,,results/c0_prim_decomposition/raw/production-scip/real_01/production-scip__real_01__root-z-bias__seed1.branches.csv,root-z-bias,real_01,0.0,0.024937898
36,73,36,686,524,1229,t_z_134_133_0,z,0.8743148677370985,0.8743148677370985,-25.660858154296875,0.0,-25.660858154296875,-27.24076371429265,2.2427424263497695,-45.88106918334961,-25.660858154296875,0.024545669555664,root_z,0.5,1e+20,2.9341100000000035,1e+20,13176,39,0.023989368,0.701106463,0.7251006439999998,True,branched,,results/c0_prim_decomposition/raw/production-scip/real_01/production-scip__real_01__root-z-bias__seed1.branches.csv,root-z-bias,real_01,0.0,0.023989368
37,75,37,680,236,533,t_z_133_132_0,z,0.8652609667535138,0.8652609667535138,-25.560400009155277,0.0,-25.560400009155277,-27.253044602450203,2.2469738851999734,-45.88716506958008,-25.560400009155277,0.1392440795898437,root_z,0.5,1e+20,2.9341100000000035,1e+20,13180,40,0.024168769,0.606325831,0.63049984,True,branched,,results/c0_prim_decomposition/raw/production-scip/real_01/production-scip__real_01__root-z-bias__seed1.branches.csv,root-z-bias,real_01,0.0,0.024168769
38,77,38,678,234,531,t_z_132_131_3,z,0.998,0.998,-25.71241569519043,0.0,-25.71241569519043,-27.2625438555152,2.247765429573892,-45.88925552368164,-25.71241569519043,0.0096759796142578,root_z,0.5,1e+20,2.9341100000000035,1e+20,13182,41,0.0236446639999999,0.69315767,0.716807937,True,branched,,results/c0_prim_decomposition/raw/production-scip/real_01/production-scip__real_01__root-z-bias__seed1.branches.csv,root-z-bias,real_01,0.0,0.0236446639999999
39,79,39,676,241,563,t_z_137_136_3,z,0.999,0.999,-25.735008239746094,0.0,-25.735008239746094,-27.27216428271412,2.2479757109573137,-45.8907585144043,-25.735008239746094,0.017669677734375,root_z,0.5,1e+20,2.9341100000000035,1e+20,13183,42,0.0236898749999999,0.6045865719999999,0.628282224,True,branched,,results/c0_prim_decomposition/raw/production-scip/real_01/production-scip__real_01__root-z-bias__seed1.branches.csv,root-z-bias,real_01,0.0,0.0236898749999999
40,81,40,680,246,541,t_z_135_134_0,z,0.8881129909530858,0.8881129909530858,-25.782455444335938,0.0,-25.782455444335938,-27.586183531144087,2.4853748336497548,-45.8062629699707,-25.782455444335938,0.0125198364257812,root_z,0.5,1e+20,2.9341100000000035,1e+20,13245,43,0.022450337,0.693289201,0.7157452939999999,True,branched,,results/c0_prim_decomposition/raw/production-scip/real_01/production-scip__real_01__root-z-bias__seed1.branches.csv,root-z-bias,real_01,0.0,0.022450337
41,83,41,679,551,1300,t_z_189_527_0,z,0.999,0.999,-25.797983169555664,0.0,-25.797983169555664,-27.59298287786335,2.4844993976592287,-45.80807495117188,-25.797983169555664,0.0079021453857421,root_z,0.5,1e+20,2.9341100000000035,1e+20,13246,44,0.023595372,0.6877486649999999,0.711349679,True,branched,,results/c0_prim_decomposition/raw/production-scip/real_01/production-scip__real_01__root-z-bias__seed1.branches.csv,root-z-bias,real_01,0.0,0.023595372
42,85,42,680,552,1303,t_z_527_189_1,z,0.9996666666666668,0.9996666666666668,-25.804218292236328,0.0,-25.804218292236328,-27.608303608613856,2.4843450696304394,-45.81719970703125,-25.804218292236328,0.0123252868652343,root_z,0.5,1e+20,2.9341100000000035,1e+20,13255,45,0.024273751,0.7003976229999999,0.724676544,True,branched,,results/c0_prim_decomposition/raw/production-scip/real_01/production-scip__real_01__root-z-bias__seed1.branches.csv,root-z-bias,real_01,0.0,0.024273751
43,87,43,680,641,1510,t_z_518_544_1,z,0.7809686772026669,0.7809686772026669,-25.82367706298828,0.0,-25.82367706298828,-27.612724710913263,2.4821290344189286,-45.81978988647461,-25.82367706298828,0.0362453460693359,root_z,0.5,1e+20,2.9341100000000035,1e+20,13257,46,0.024863709,0.6174814619999999,0.642350355,True,branched,,results/c0_prim_decomposition/raw/production-scip/real_01/production-scip__real_01__root-z-bias__seed1.branches.csv,root-z-bias,real_01,0.0,0.024863709
44,89,44,679,468,1103,t_z_497_94_1,z,0.7809686772026667,0.7809686772026667,-25.87000274658203,0.0,-25.87000274658203,-27.618339903751423,2.481510202198352,-45.82295608520508,-25.87000274658203,0.0159950256347656,root_z,0.5,1e+20,2.9341100000000035,1e+20,13258,47,0.024106799,0.702710685,0.7268239349999999,True,branched,,results/c0_prim_decomposition/raw/production-scip/real_01/production-scip__real_01__root-z-bias__seed1.branches.csv,root-z-bias,real_01,0.0,0.024106799
45,91,45,678,407,973,t_z_510_509_0,z,0.8928453668371981,0.8928453668371981,-25.89859962463379,0.0,-25.89859962463379,-27.63486503499799,2.4810402285446567,-45.83538055419922,-25.89859962463379,0.0209274291992187,root_z,0.5,1e+20,2.9341100000000035,1e+20,13259,48,0.023847085,0.7091283499999999,0.7329809659999998,True,branched,,results/c0_prim_decomposition/raw/production-scip/real_01/production-scip__real_01__root-z-bias__seed1.branches.csv,root-z-bias,real_01,0.0,0.023847085
46,93,46,679,245,525,t_z_132_131_0,z,0.8922081847956356,0.8922081847956356,-25.93149948120117,0.0,-25.93149948120117,-27.656111856272364,2.4798702093318687,-45.850563049316406,-25.93149948120117,0.0070934295654296,root_z,0.5,1e+20,2.9341100000000035,1e+20,13264,49,0.024504661,0.7075890169999999,0.7320997329999999,True,branched,,results/c0_prim_decomposition/raw/production-scip/real_01/production-scip__real_01__root-z-bias__seed1.branches.csv,root-z-bias,real_01,0.0,0.024504661
47,95,47,677,533,1276,t_z_524_525_0,z,0.999,0.999,-25.956239700317383,0.0,-25.956239700317383,-27.67068037148593,2.481117823192854,-45.860984802246094,-25.956239700317383,0.0295562744140625,root_z,0.5,1e+20,2.9341100000000035,1e+20,13265,50,0.0248249029999999,0.707413974,0.7322446799999999,True,branched,,results/c0_prim_decomposition/raw/production-scip/real_01/production-scip__real_01__root-z-bias__seed1.branches.csv,root-z-bias,real_01,0.0,0.0248249029999999
48,97,48,680,538,1277,t_z_525_524_0,z,0.3339259259259258,0.3339259259259258,-25.961641311645508,0.0,-25.961641311645508,-27.67087851412156,2.469668111960232,-45.99773025512695,-25.961641311645508,0.034341812133789,root_z,0.5,1e+20,2.9341100000000035,1e+20,13276,51,0.024132658,0.6541294269999999,0.6782677809999998,True,branched,,results/c0_prim_decomposition/raw/production-scip/real_01/production-scip__real_01__root-z-bias__seed1.branches.csv,root-z-bias,real_01,0.0,0.024132658
49,98,49,679,236,501,t_z_93_92_0,z,0.999,0.999,-25.79616355895996,0.0,-25.79616355895996,-27.646358832695,2.472131622451362,-45.98533630371094,-25.79616355895996,0.1786079406738281,root_z,0.5,1e+20,2.9341100000000035,1e+20,13297,53,0.0248496479999999,0.683431003,0.708286556,True,branched,,results/c0_prim_decomposition/raw/production-scip/real_01/production-scip__real_01__root-z-bias__seed1.branches.csv,root-z-bias,real_01,0.0,0.0248496479999999
50,100,50,679,655,1556,t_z_92_524_0,z,0.999,0.999,-25.684104919433597,0.0,-25.684104919433597,-27.65640489974324,2.471546356551523,-45.99121475219727,-25.684104919433597,0.0001049041748046,root_z,0.5,1e+20,2.9341100000000035,1e+20,13301,54,0.024147712,0.6835996149999999,0.7077527679999999,True,branched,,results/c0_prim_decomposition/raw/production-scip/real_01/production-scip__real_01__root-z-bias__seed1.branches.csv,root-z-bias,real_01,0.0,0.024147712
51,102,51,678,655,1557,t_z_524_92_0,z,0.999,0.999,-25.949920654296875,0.0,-25.949920654296875,-27.676677270624843,2.47115323737647,-46.00726318359375,-25.949920654296875,0.0348281860351562,root_z,0.5,1e+20,2.9341100000000035,1e+20,13302,55,0.0250174779999999,0.704145173,0.7291692029999999,True,branched,,results/c0_prim_decomposition/raw/production-scip/real_01/production-scip__real_01__root-z-bias__seed1.branches.csv,root-z-bias,real_01,0.0,0.0250174779999999
52,105,52,677,302,703,t_z_305_304_1,z,0.999,0.999,-25.992189407348636,0.0,-25.992189407348636,-27.686647595471783,2.47261754409394,-46.01976013183594,-25.992189407348636,0.0324993133544921,root_z,0.5,1e+20,2.9341100000000035,1e+20,13302,56,0.024039689,0.6965249759999999,0.720570813,True,branched,,results/c0_prim_decomposition/raw/production-scip/real_01/production-scip__real_01__root-z-bias__seed1.branches.csv,root-z-bias,real_01,0.0,0.024039689
53,107,53,676,245,523,t_z_121_120_3,z,0.999,0.999,-26.03323554992676,0.0,-26.03323554992676,-27.701654231054544,2.4727800733407723,-46.03362274169922,-26.03323554992676,0.0,root_z,0.5,1e+20,2.9341100000000035,1e+20,13303,57,0.024482291,0.622310735,0.646799925,True,branched,,results/c0_prim_decomposition/raw/production-scip/real_01/production-scip__real_01__root-z-bias__seed1.branches.csv,root-z-bias,real_01,0.0,0.024482291
54,109,54,675,306,719,t_z_361_360_1,z,0.999,0.999,-26.04130744934082,0.0,-26.04130744934082,-27.716050872802736,2.473246785839834,-46.04745101928711,-26.04130744934082,0.0288600921630859,root_z,0.5,1e+20,2.9341100000000035,1e+20,13304,58,0.024182312,0.704989352,0.729177508,True,branched,,results/c0_prim_decomposition/raw/production-scip/real_01/production-scip__real_01__root-z-bias__seed1.branches.csv,root-z-bias,real_01,0.0,0.024182312
55,111,55,674,538,1284,t_z_525_526_0,z,0.9989999999999996,0.9989999999999996,-26.07550811767578,0.0,-26.07550811767578,-27.730128458062687,2.4738708439604364,-46.061283111572266,-26.07550811767578,0.0250473022460937,root_z,0.5,1e+20,2.9341100000000035,1e+20,13305,59,0.024351909,0.614869216,0.639226976,True,branched,,results/c0_prim_decomposition/raw/production-scip/real_01/production-scip__real_01__root-z-bias__seed1.branches.csv,root-z-bias,real_01,0.0,0.024351909
56,113,56,645,538,1330,t_z_230_495_3,z,0.998,0.998,-26.050350189208984,0.0,-26.050350189208984,-27.728565455591955,2.4860738907848514,-46.08022689819336,-26.050350189208984,0.0667972564697265,root_z,0.5,1e+20,2.9341100000000035,1e+20,13318,60,0.024687035,0.706962596,0.731655369,True,branched,,results/c0_prim_decomposition/raw/production-scip/real_01/production-scip__real_01__root-z-bias__seed1.branches.csv,root-z-bias,real_01,0.0,0.024687035
57,115,57,671,276,623,t_z_189_188_1,z,0.9989999999999998,0.9989999999999998,-26.126502990722656,0.0,-26.126502990722656,-27.76245193083489,2.480701639752428,-46.09487915039063,-26.126502990722656,0.0057888031005859,root_z,0.5,1e+20,2.9341100000000035,1e+20,13320,61,0.024827449,0.6134067669999999,0.638239902,True,branched,,results/c0_prim_decomposition/raw/production-scip/real_01/production-scip__real_01__root-z-bias__seed1.branches.csv,root-z-bias,real_01,0.0,0.024827449
58,117,58,669,593,1412,t_z_500_517_0,z,0.997,0.997,-26.140832901000977,0.0,-26.140832901000977,-27.776874257131897,2.483426410952016,-46.11176681518555,-26.140832901000977,0.0051631927490234,root_z,0.5,1e+20,2.9341100000000035,1e+20,13327,62,0.025043269,0.702545222,0.727594721,True,branched,,results/c0_prim_decomposition/raw/production-scip/real_01/production-scip__real_01__root-z-bias__seed1.branches.csv,root-z-bias,real_01,0.0,0.025043269
59,119,59,664,590,1418,t_z_500_517_3,z,0.9992499999999997,0.9992499999999997,-26.152740478515625,0.0,-26.152740478515625,-27.787918277533656,2.4892393985152577,-46.126224517822266,-26.152740478515625,0.0087928771972656,root_z,0.5,1e+20,2.9341100000000035,1e+20,13330,63,0.024722131,0.7041875509999999,0.728914909,True,branched,,results/c0_prim_decomposition/raw/production-scip/real_01/production-scip__real_01__root-z-bias__seed1.branches.csv,root-z-bias,real_01,0.0,0.024722131
60,121,60,659,642,1567,t_z_544_516_1,z,0.3318333333333332,0.3318333333333332,-26.175498962402344,0.0,-26.175498962402344,-27.79823353873037,2.493820411766103,-46.14171600341797,-26.175498962402344,0.0008869171142578,root_z,0.5,1e+20,2.9341100000000035,1e+20,13331,64,0.0303892899999999,0.615645137,0.646040045,True,branched,,results/c0_prim_decomposition/raw/production-scip/real_01/production-scip__real_01__root-z-bias__seed1.branches.csv,root-z-bias,real_01,0.0,0.0303892899999999
61,123,61,658,337,813,t_z_497_101_0,z,0.1162581590515521,0.1162581590515521,-26.18386650085449,0.0,-26.18386650085449,-27.809513729756365,2.4951146889364257,-46.156936645507805,-26.18386650085449,0.0076904296875,root_z,0.5,1e+20,2.9341100000000035,1e+20,13332,65,0.023849669,0.6940710009999999,0.7179255719999998,True,branched,,results/c0_prim_decomposition/raw/production-scip/real_01/production-scip__real_01__root-z-bias__seed1.branches.csv,root-z-bias,real_01,0.0,0.023849669
0,1,0,395,184,591,t_z_152_133_1,z,0.4015844251689799,0.4015844251689799,-27.9285831451416,1.0,-27.4285831451416,-30.414299803142303,3.677098656703258,-63.63559722900391,-27.674823760986328,0.0012683868408203,topology,0.5,1e+20,2.934110000000004,1e+20,17207,1,0.019084996,0.706120056,0.732652521,True,branched,,results/c0_prim_decomposition/raw/production-scip/real_01/production-scip__real_01__topology-only__seed0.branches.csv,topology-only,real_01,1.0,0.019084996
1,2,1,416,377,1409,t_z_515_230_2,z,0.2871077565116313,0.2871077565116313,-27.992355346679688,1.0,-27.492355346679688,-29.53757932094427,2.7882632814089643,-55.27033996582031,-27.599147796630856,0.0454597473144531,topology,0.5,1e+20,2.934110000000004,1e+20,17228,2,0.018604701,0.6812251369999999,0.70729613,True,branched,,results/c0_prim_decomposition/raw/production-scip/real_01/production-scip__real_01__topology-only__seed0.branches.csv,topology-only,real_01,1.0,0.018604701
2,4,2,418,402,1509,t_z_544_518_0,z,0.1908689293486342,0.1908689293486342,-27.970443725585938,1.0,-27.470443725585938,-29.488251663281016,2.78096541941706,-55.219276428222656,-27.56002616882324,0.0460109710693359,topology,0.5,1e+20,2.934110000000004,1e+20,17232,3,0.0189454699999999,0.6631334519999998,0.689535226,True,branched,,results/c0_prim_decomposition/raw/production-scip/real_01/production-scip__real_01__topology-only__seed0.branches.csv,topology-only,real_01,1.0,0.0189454699999999
3,6,3,418,360,1332,t_z_285_495_0,z,0.1908689293486342,0.1908689293486342,-27.9857120513916,1.0,-27.4857120513916,-29.448420647799114,2.779264800411968,-55.17083740234375,-27.52273368835449,0.0451374053955078,topology,0.5,1e+20,2.934110000000004,1e+20,17233,4,0.018845224,0.676369984,0.702699307,True,branched,,results/c0_prim_decomposition/raw/production-scip/real_01/production-scip__real_01__topology-only__seed0.branches.csv,topology-only,real_01,1.0,0.018845224
4,9,4,417,281,1017,t_z_513_512_2,z,0.0782741373018126,0.0782741373018126,-27.989377975463867,1.0,-27.489377975463867,-29.418108709138647,2.7802826597978885,-55.12790298461913,-27.492618560791016,0.0441627502441406,topology,0.5,1e+20,2.934110000000004,1e+20,17237,5,0.021323247,0.6580740459999999,0.686823485,True,branched,,results/c0_prim_decomposition/raw/production-scip/real_01/production-scip__real_01__topology-only__seed0.branches.csv,topology-only,real_01,1.0,0.021323247
5,10,5,409,370,1408,t_z_230_515_2,z,0.2962013299789174,0.2962013299789174,-27.97066879272461,1.0,-27.47066879272461,-29.397737423773208,2.7971953421420817,-55.08806228637695,-27.467479705810547,0.0432853698730468,topology,0.5,1e+20,2.934110000000004,1e+20,17239,6,0.0183325259999999,0.651699503,0.6774593519999998,True,branched,,results/c0_prim_decomposition/raw/production-scip/real_01/production-scip__real_01__topology-only__seed0.branches.csv,topology-only,real_01,1.0,0.0183325259999999
6,13,6,408,374,1429,t_z_525_137_0,z,0.1932035349351004,0.1932035349351004,-27.96250915527344,1.0,-27.46250915527344,-29.37731306693133,2.7960200631297725,-55.05199813842773,-27.448492050170895,0.0419635772705078,topology,0.5,1e+20,2.934110000000004,1e+20,17241,7,0.0178732849999999,0.668472438,0.693802248,True,branched,,results/c0_prim_decomposition/raw/production-scip/real_01/production-scip__real_01__topology-only__seed0.branches.csv,topology-only,real_01,1.0,0.0178732849999999
7,15,7,407,391,1508,t_z_518_544_0,z,0.1932035349351004,0.1932035349351004,-27.948152542114254,1.0,-27.448152542114254,-29.3608801323893,2.79572689301377,-55.017925262451165,-27.435871124267575,0.0411643981933593,topology,0.5,1e+20,2.934110000000004,1e+20,17242,8,0.017876833,0.655014139,0.680380692,True,branched,,results/c0_prim_decomposition/raw/production-scip/real_01/production-scip__real_01__topology-only__seed0.branches.csv,topology-only,real_01,1.0,0.017876833
8,17,8,406,233,829,t_z_496_1_0,z,0.1932035349351004,0.1932035349351004,-27.960792541503903,1.0,-27.460792541503903,-29.34893609972423,2.794918553459508,-54.98616027832031,-27.429561614990234,0.0403938293457031,topology,0.5,1e+20,2.934110000000004,1e+20,17243,9,0.018064004,0.656406869,0.681903236,True,branched,,results/c0_prim_decomposition/raw/production-scip/real_01/production-scip__real_01__topology-only__seed0.branches.csv,topology-only,real_01,1.0,0.018064004
9,18,9,406,291,1137,t_z_413_94_2,z,0.0780131549699921,0.0780131549699921,-28.03092384338379,1.0,-27.53092384338379,-29.343684962230363,2.7909337276332966,-54.96372985839844,-27.430721282958984,0.0396270751953125,topology,0.5,1e+20,2.934110000000004,1e+20,17244,10,0.0176549099999999,0.6737818389999999,0.698864142,True,branched,,results/c0_prim_decomposition/raw/production-scip/real_01/production-scip__real_01__topology-only__seed0.branches.csv,topology-only,real_01,1.0,0.0176549099999999
10,20,10,485,399,1247,t_z_505_152_1,z,0.3130251204263924,0.3130251204263924,-28.041711807250977,1.0,-27.541711807250977,-30.144206422628816,3.355906350426298,-56.4984130859375,-27.56874084472656,0.0204410552978515,topology,0.5,1e+20,2.934110000000004,1e+20,17350,11,0.0174628819999999,0.661307512,0.686299313,True,branched,,results/c0_prim_decomposition/raw/production-scip/real_01/production-scip__real_01__topology-only__seed0.branches.csv,topology-only,real_01,1.0,0.0174628819999999
11,22,11,515,298,828,t_z_1_496_0,z,0.1590305092101971,0.1590305092101971,-28.253400802612305,1.0,-27.753400802612305,-30.132991694478157,3.330336079190317,-57.9044075012207,-27.63057518005371,0.025787353515625,topology,0.5,1e+20,2.934110000000004,1e+20,17402,12,0.0178357599999999,0.6307204269999999,0.656073102,True,branched,,results/c0_prim_decomposition/raw/production-scip/real_01/production-scip__real_01__topology-only__seed0.branches.csv,topology-only,real_01,1.0,0.0178357599999999
12,25,12,503,484,1513,t_z_544_518_2,z,0.4702386029348277,0.4702386029348277,-28.086530685424805,1.0,-27.586530685424805,-30.16682255481394,3.3561825970588672,-57.83607864379882,-27.691730499267575,0.0266342163085937,topology,0.5,1e+20,2.934110000000004,1e+20,17468,13,0.017674913,0.649561253,0.6747375519999999,True,branched,,results/c0_prim_decomposition/raw/production-scip/real_01/production-scip__real_01__topology-only__seed0.branches.csv,topology-only,real_01,1.0,0.017674913
13,27,13,486,417,1329,t_z_495_230_2,z,0.1710664004535237,0.1710664004535237,-28.390899658203125,1.0,-27.890899658203125,-30.25102324152189,3.392952690987453,-57.83186721801758,-27.725526809692383,0.0248908996582031,topology,0.5,1e+20,2.934110000000004,1e+20,17498,14,0.017860639,0.6081116699999999,0.6334666559999999,True,branched,,results/c0_prim_decomposition/raw/production-scip/real_01/production-scip__real_01__topology-only__seed0.branches.csv,topology-only,real_01,1.0,0.017860639
0,1,0,733,569,1235,t_z_134_133_3,z,0.5,0.5,-25.37098503112793,1.0,-24.87098503112793,-26.6256690057856,1.107599689871252,-32.63037109375,-25.088409423828125,0.0063343048095703,topology,0.5,1e+20,2.9341100000000035,1e+20,12769,1,0.024510145,0.702586334,0.734909888,True,branched,,results/c0_prim_decomposition/raw/production-scip/real_01/production-scip__real_01__topology-only__seed1.branches.csv,topology-only,real_01,1.0,0.024510145
1,2,1,733,249,533,t_z_133_132_0,z,0.4436289618987414,0.4436289618987414,-25.388315200805664,1.0,-24.888315200805664,-26.563111832164644,1.1855337238765062,-33.80643081665039,-25.049894332885746,0.0064868927001953,topology,0.5,1e+20,2.9341100000000035,1e+20,12770,2,0.0242273819999999,0.674261412,0.7062740269999999,True,branched,,results/c0_prim_decomposition/raw/production-scip/real_01/production-scip__real_01__topology-only__seed1.branches.csv,topology-only,real_01,1.0,0.0242273819999999
2,5,2,732,566,1229,t_z_134_133_0,z,0.4436289618987414,0.4436289618987414,-25.3360538482666,1.0,-24.8360538482666,-26.529233961157455,1.1784647717202652,-33.76144027709961,-25.01874351501465,0.0064277648925781,topology,0.5,1e+20,2.9341100000000035,1e+20,12771,3,0.022954568,0.674944387,0.705704296,True,branched,,results/c0_prim_decomposition/raw/production-scip/real_01/production-scip__real_01__topology-only__seed1.branches.csv,topology-only,real_01,1.0,0.022954568
3,7,3,729,383,865,t_z_501_500_2,z,0.1945804861717914,0.1945804861717914,-25.3658447265625,1.0,-24.8658447265625,-26.509292147287127,1.17170914406554,-33.72379302978516,-24.99736785888672,0.0068111419677734,topology,0.5,1e+20,2.9341100000000035,1e+20,12773,4,0.023487984,0.67761393,0.708899836,True,branched,,results/c0_prim_decomposition/raw/production-scip/real_01/production-scip__real_01__topology-only__seed1.branches.csv,topology-only,real_01,1.0,0.023487984
4,9,4,726,378,857,t_z_500_499_2,z,0.1945804861717914,0.1945804861717914,-25.35983085632324,1.0,-24.85983085632324,-26.493641010000687,1.1632096187799874,-33.68863296508789,-24.98164939880371,0.0076351165771484,topology,0.5,1e+20,2.9341100000000035,1e+20,12775,5,0.023401417,0.681422806,0.712623893,True,branched,,results/c0_prim_decomposition/raw/production-scip/real_01/production-scip__real_01__topology-only__seed1.branches.csv,topology-only,real_01,1.0,0.023401417
5,10,5,730,255,541,t_z_135_134_0,z,0.4292582999384951,0.4292582999384951,-25.413406372070312,1.0,-24.913406372070312,-26.48717492508561,1.1501511225974668,-33.662899017333984,-24.98716354370117,0.0011482238769531,topology,0.5,1e+20,2.9341100000000035,1e+20,12784,6,0.023254288,0.6747136289999999,0.7057546249999999,True,branched,,results/c0_prim_decomposition/raw/production-scip/real_01/production-scip__real_01__topology-only__seed1.branches.csv,topology-only,real_01,1.0,0.023254288
6,13,6,729,538,1185,t_z_512_507_2,z,0.1818022407946628,0.1818022407946628,-25.441171646118164,1.0,-24.941171646118164,-26.48571381745515,1.1401721995506109,-33.637996673583984,-24.99176025390625,0.0023880004882812,topology,0.5,1e+20,2.9341100000000035,1e+20,12785,7,0.0230033899999999,0.67615044,0.706947882,True,branched,,results/c0_prim_decomposition/raw/production-scip/real_01/production-scip__real_01__topology-only__seed1.branches.csv,topology-only,real_01,1.0,0.0230033899999999
7,15,7,734,571,1234,t_z_133_134_3,z,0.5,0.5,-25.468055725097656,1.0,-24.968055725097656,-26.49863698891788,1.1292690892758044,-33.62313461303711,-25.007232666015625,0.0202312469482421,topology,0.5,1e+20,2.9341100000000035,1e+20,12804,8,0.0235897979999999,0.675688528,0.707091428,True,branched,,results/c0_prim_decomposition/raw/production-scip/real_01/production-scip__real_01__topology-only__seed1.branches.csv,topology-only,real_01,1.0,0.0235897979999999
8,17,8,733,719,1570,t_z_516_544_3,z,0.1293092698319241,0.1293092698319241,-25.580135345458984,1.0,-25.080135345458984,-26.503024664614728,1.1183758084827713,-33.59778594970703,-25.02169418334961,0.0218467712402343,topology,0.5,1e+20,2.9341100000000035,1e+20,12806,9,0.023455923,0.685413963,0.716720409,True,branched,,results/c0_prim_decomposition/raw/production-scip/real_01/production-scip__real_01__topology-only__seed1.branches.csv,topology-only,real_01,1.0,0.023455923
9,18,9,730,260,546,t_z_134_135_3,z,0.5,0.5,-25.66578865051269,1.0,-25.16578865051269,-26.514560030584462,1.1031644394771405,-33.5997200012207,-25.049854278564453,0.0200710296630859,topology,0.5,1e+20,2.9341100000000035,1e+20,12828,10,0.0231565229999999,0.6861046849999999,0.7171461919999998,True,branched,,results/c0_prim_decomposition/raw/production-scip/real_01/production-scip__real_01__topology-only__seed1.branches.csv,topology-only,real_01,1.0,0.0231565229999999
10,21,10,745,375,831,t_z_496_1_1,z,0.2860392488169196,0.2860392488169196,-25.800687789916992,1.0,-25.300687789916992,-27.394623854976373,2.346871794027936,-44.23827362060546,-25.1837100982666,0.0241680145263671,topology,0.5,1e+20,2.9341100000000035,1e+20,12957,11,0.024345068,0.694986942,0.727049302,True,branched,,results/c0_prim_decomposition/raw/production-scip/real_01/production-scip__real_01__topology-only__seed1.branches.csv,topology-only,real_01,1.0,0.024345068
11,23,11,749,306,636,t_z_132_152_0,z,0.0384148059014103,0.0384148059014103,-25.836902618408203,1.0,-25.336902618408203,-27.42222648182603,2.3392163608997043,-44.256439208984375,-25.21275329589844,0.0303249359130859,topology,0.5,1e+20,2.9341100000000035,1e+20,12973,12,0.024108423,0.689384831,0.721292979,True,branched,,results/c0_prim_decomposition/raw/production-scip/real_01/production-scip__real_01__topology-only__seed1.branches.csv,topology-only,real_01,1.0,0.024108423
0,1,0,395,328,1283,t_z_525_524_3,z,0.9989999999999998,0.9989999999999998,-27.674823760986328,1.0,-27.174823760986328,-30.414299803142303,3.677098656703258,-63.63559722900391,-27.674823760986328,0.0012683868408203,z,0.5,1e+20,2.934110000000004,1e+20,17207,1,0.0179863219999999,0.6885687489999999,0.706866184,True,branched,,results/c0_prim_decomposition/raw/production-scip/real_01/production-scip__real_01__z-bias__seed0.branches.csv,z-bias,real_01,1.0,0.0179863219999999
1,3,1,395,157,507,t_z_93_92_3,z,0.9979999999999996,0.9979999999999996,-27.63241958618164,1.0,-27.13241958618164,-29.57048670611804,2.846339068553815,-55.31155776977539,-27.63241958618164,0.0588741302490234,z,0.5,1e+20,2.934110000000004,1e+20,17209,2,0.018757124,0.6535929179999999,0.6726553379999999,True,branched,,results/c0_prim_decomposition/raw/production-scip/real_01/production-scip__real_01__z-bias__seed0.branches.csv,z-bias,real_01,1.0,0.018757124
2,5,2,394,379,1513,t_z_544_518_2,z,0.8618673843394135,0.8618673843394135,-27.651561737060547,1.0,-27.151561737060547,-29.53269201849923,2.8466000932825364,-55.25939178466797,-27.651561737060547,0.0128097534179687,z,0.5,1e+20,2.934110000000004,1e+20,17213,3,0.01852055,0.650170835,0.668987498,True,branched,,results/c0_prim_decomposition/raw/production-scip/real_01/production-scip__real_01__z-bias__seed0.branches.csv,z-bias,real_01,1.0,0.01852055
3,7,3,389,175,561,t_z_137_136_2,z,0.9111068324740174,0.9111068324740174,-27.63237953186035,1.0,-27.13237953186035,-29.5234461590686,2.8578328073652157,-55.22039413452149,-27.63237953186035,0.0225238800048828,z,0.5,1e+20,2.934110000000004,1e+20,17224,4,0.018038508,0.645073565,0.66340757,True,branched,,results/c0_prim_decomposition/raw/production-scip/real_01/production-scip__real_01__z-bias__seed0.branches.csv,z-bias,real_01,1.0,0.018038508
4,9,4,380,288,1213,t_z_521_509_0,z,0.809423304519256,0.809423304519256,-27.61629676818848,1.0,-27.11629676818848,-29.503632891805548,2.8817406095332365,-55.181373596191406,-27.61629676818848,0.0325775146484375,z,0.5,1e+20,2.934110000000004,1e+20,17227,5,0.0180988909999999,0.661780612,0.68016588,True,branched,,results/c0_prim_decomposition/raw/production-scip/real_01/production-scip__real_01__z-bias__seed0.branches.csv,z-bias,real_01,1.0,0.0180988909999999
5,11,5,380,188,642,t_z_132_152_3,z,0.8889632452482279,0.8889632452482279,-27.615896224975582,1.0,-27.115896224975582,-29.474611608605635,2.8799250275275323,-55.142704010009766,-27.615896224975582,0.0037174224853515,z,0.5,1e+20,2.934110000000004,1e+20,17230,6,0.017963242,0.6449596119999998,0.663211262,True,branched,,results/c0_prim_decomposition/raw/production-scip/real_01/production-scip__real_01__z-bias__seed0.branches.csv,z-bias,real_01,1.0,0.017963242
6,13,6,379,321,1330,t_z_230_495_3,z,0.8871296104965773,0.8871296104965773,-27.596576690673828,1.0,-27.096576690673828,-29.465047282719677,2.8796092310831285,-55.10723114013672,-27.596576690673828,0.0055694580078125,z,0.5,1e+20,2.934110000000004,1e+20,17234,7,0.017835686,0.663857158,0.6819808779999998,True,branched,,results/c0_prim_decomposition/raw/production-scip/real_01/production-scip__real_01__z-bias__seed0.branches.csv,z-bias,real_01,1.0,0.017835686
7,15,7,378,325,1346,t_z_285_529_3,z,0.8871296104965773,0.8871296104965773,-27.58647346496582,1.0,-27.08647346496582,-29.449714660644528,2.878446626464503,-55.07314682006836,-27.58647346496582,0.0111255645751953,z,0.5,1e+20,2.934110000000004,1e+20,17235,8,0.017853909,0.635784722,0.653925892,True,branched,,results/c0_prim_decomposition/raw/production-scip/real_01/production-scip__real_01__z-bias__seed0.branches.csv,z-bias,real_01,1.0,0.017853909
8,17,8,377,314,1285,t_z_526_525_0,z,0.997,0.997,-27.582185745239254,1.0,-27.082185745239254,-29.4386724780662,2.876709228521382,-55.04087066650391,-27.582185745239254,0.0075149536132812,z,0.5,1e+20,2.934110000000004,1e+20,17236,9,0.018108972,0.6501928059999998,0.668588075,True,branched,,results/c0_prim_decomposition/raw/production-scip/real_01/production-scip__real_01__z-bias__seed0.branches.csv,z-bias,real_01,1.0,0.018108972
9,19,9,376,179,592,t_z_133_152_2,z,0.8871275867721565,0.8871275867721565,-27.58875846862793,1.0,-27.08875846862793,-29.4373182793881,2.875291953378554,-55.01814651489258,-27.58875846862793,0.0035037994384765,z,0.5,1e+20,2.934110000000004,1e+20,17238,10,0.017973345,0.6408560079999999,0.659121238,True,branched,,results/c0_prim_decomposition/raw/production-scip/real_01/production-scip__real_01__z-bias__seed0.branches.csv,z-bias,real_01,1.0,0.017973345
10,21,10,430,267,931,t_z_505_504_3,z,0.9224110065872448,0.9224110065872448,-27.60797500610352,1.0,-27.10797500610352,-30.714908333711847,4.110988374093239,-55.02121353149414,-27.60797500610352,0.0733165740966796,z,0.5,1e+20,2.934110000000004,1e+20,17292,11,0.018062014,0.645904463,0.664287461,True,branched,,results/c0_prim_decomposition/raw/production-scip/real_01/production-scip__real_01__z-bias__seed0.branches.csv,z-bias,real_01,1.0,0.018062014
11,23,11,430,370,1335,t_z_495_285_1,z,0.8350906395609928,0.8350906395609928,-27.698488235473636,1.0,-27.198488235473636,-30.72105429006177,4.103375648992661,-55.00574493408203,-27.698488235473636,9.72747802734375e-05,z,0.5,1e+20,2.934110000000004,1e+20,17295,12,0.017944839,0.64879681,0.66706034,True,branched,,results/c0_prim_decomposition/raw/production-scip/real_01/production-scip__real_01__z-bias__seed0.branches.csv,z-bias,real_01,1.0,0.017944839
12,25,12,429,251,845,t_z_499_3_0,z,0.9682163431785152,0.9682163431785152,-27.707839965820312,1.0,-27.207839965820312,-30.729409677999,4.099933095330446,-54.99095153808594,-27.707839965820312,0.0056896209716796,z,0.5,1e+20,2.934110000000004,1e+20,17296,13,0.0179762639999999,0.644922104,0.6632143059999999,True,branched,,results/c0_prim_decomposition/raw/production-scip/real_01/production-scip__real_01__z-bias__seed0.branches.csv,z-bias,real_01,1.0,0.0179762639999999
13,26,13,460,275,835,t_z_496_1_3,z,0.9223364925328,0.9223364925328,-27.70409774780273,1.0,-27.20409774780273,-30.785206421561863,3.995854266226104,-54.998001098632805,-27.70409774780273,0.0703868865966796,z,0.5,1e+20,2.934110000000004,1e+20,17368,14,0.0183817489999999,0.653226411,0.67195261,True,branched,,results/c0_prim_decomposition/raw/production-scip/real_01/production-scip__real_01__z-bias__seed0.branches.csv,z-bias,real_01,1.0,0.0183817489999999
14,28,14,460,319,995,t_z_76_1_3,z,0.998,0.998,-27.715339660644528,1.0,-27.215339660644528,-30.79003037162449,3.990865259203781,-54.98820114135742,-27.715339660644528,0.0724239349365234,z,0.5,1e+20,2.934110000000004,1e+20,17375,15,0.018135511,0.665675868,0.6841501549999999,True,branched,,results/c0_prim_decomposition/raw/production-scip/real_01/production-scip__real_01__z-bias__seed0.branches.csv,z-bias,real_01,1.0,0.018135511
15,31,15,460,236,659,t_z_240_76_3,z,0.999,0.999,-27.719242095947266,1.0,-27.219242095947266,-30.79136611689692,3.985491342052117,-54.97648239135742,-27.719242095947266,0.0779743194580078,z,0.5,1e+20,2.934110000000004,1e+20,17376,16,0.0183512769999999,0.661499877,0.680196981,True,branched,,results/c0_prim_decomposition/raw/production-scip/real_01/production-scip__real_01__z-bias__seed0.branches.csv,z-bias,real_01,1.0,0.0183512769999999
16,33,16,459,212,553,t_z_136_135_2,z,0.8605144619211735,0.8605144619211735,-27.785907745361328,1.0,-27.285907745361328,-30.78708666550048,3.987617892782008,-54.96750259399414,-27.785907745361328,0.0211601257324218,z,0.5,1e+20,2.934110000000004,1e+20,17376,17,0.018505954,0.652548463,0.671397538,True,branched,,results/c0_prim_decomposition/raw/production-scip/real_01/production-scip__real_01__z-bias__seed0.branches.csv,z-bias,real_01,1.0,0.018505954
17,34,17,427,338,1231,t_z_134_133_1,z,0.8052173913043476,0.8052173913043476,-27.823387145996094,1.0,-27.323387145996094,-30.92739685022859,4.055141751424044,-54.98775100708008,-27.823387145996094,0.0541534423828125,z,0.5,1e+20,2.934110000000004,1e+20,17422,18,0.0180210399999999,0.64665495,0.664995,True,branched,,results/c0_prim_decomposition/raw/production-scip/real_01/production-scip__real_01__z-bias__seed0.branches.csv,z-bias,real_01,1.0,0.0180210399999999
18,37,18,427,255,834,t_z_1_496_3,z,0.9237000000000009,0.9237000000000009,-27.884548187255856,1.0,-27.384548187255856,-30.9398300563982,4.041903500351808,-54.97501754760742,-27.884548187255856,0.007181167602539,z,0.5,1e+20,2.934110000000004,1e+20,17427,19,0.018089507,0.655063134,0.673475479,True,branched,,results/c0_prim_decomposition/raw/production-scip/real_01/production-scip__real_01__z-bias__seed0.branches.csv,z-bias,real_01,1.0,0.018089507
19,39,19,413,200,627,t_z_189_188_3,z,0.999,0.999,-27.875175476074215,1.0,-27.375175476074215,-30.967988607669856,4.1315462632028925,-54.95581817626953,-27.875175476074215,0.0353298187255859,z,0.5,1e+20,2.934110000000004,1e+20,17435,20,0.0179872769999999,0.653145382,0.671440076,True,branched,,results/c0_prim_decomposition/raw/production-scip/real_01/production-scip__real_01__z-bias__seed0.branches.csv,z-bias,real_01,1.0,0.0179872769999999
20,41,20,449,375,1287,t_z_526_525_1,z,0.9965,0.9965,-27.80620765686035,1.0,-27.30620765686035,-31.219592610552475,4.242331684145992,-54.992488861083984,-27.80620765686035,0.1041011810302734,z,0.5,1e+20,2.934110000000004,1e+20,17486,21,0.0183730429999999,0.6525899499999999,0.671294048,True,branched,,results/c0_prim_decomposition/raw/production-scip/real_01/production-scip__real_01__z-bias__seed0.branches.csv,z-bias,real_01,1.0,0.0183730429999999
21,43,21,443,187,501,t_z_93_92_0,z,0.999,0.999,-27.92348861694336,1.0,-27.42348861694336,-31.20953799262811,4.253119012650769,-54.98624420166016,-27.92348861694336,0.0402584075927734,z,0.5,1e+20,2.934110000000004,1e+20,17490,22,0.017996456,0.646325003,0.6646476879999998,True,branched,,results/c0_prim_decomposition/raw/production-scip/real_01/production-scip__real_01__z-bias__seed0.branches.csv,z-bias,real_01,1.0,0.017996456
22,45,22,437,165,427,t_z_3_2_3,z,0.920388888888888,0.920388888888888,-27.97665786743164,1.0,-27.47665786743164,-31.226874427882706,4.267761685670166,-54.977153778076165,-27.97665786743164,0.0190010070800781,z,0.5,1e+20,2.934110000000004,1e+20,17491,23,0.018246755,0.6465775569999999,0.6651515209999999,True,branched,,results/c0_prim_decomposition/raw/production-scip/real_01/production-scip__real_01__z-bias__seed0.branches.csv,z-bias,real_01,1.0,0.018246755
23,46,23,454,305,968,t_z_508_509_2,z,0.9986,0.9986,-28.046436309814453,1.0,-27.546436309814453,-31.218278742046607,4.227743683310717,-54.91085052490234,-28.046436309814453,0.005960464477539,z,0.5,1e+20,2.934110000000004,1e+20,17569,24,0.018059392,0.653291409,0.671684213,True,branched,,results/c0_prim_decomposition/raw/production-scip/real_01/production-scip__real_01__z-bias__seed0.branches.csv,z-bias,real_01,1.0,0.018059392
24,49,24,463,315,969,t_z_509_508_2,z,0.8920000000000005,0.8920000000000005,-27.960262298583984,1.0,-27.460262298583984,-31.226224116578727,4.19757408088667,-54.904884338378906,-27.960262298583984,0.1038265228271484,z,0.5,1e+20,2.934110000000004,1e+20,17577,25,0.0183101269999999,0.664991812,0.6836437119999998,True,branched,,results/c0_prim_decomposition/raw/production-scip/real_01/production-scip__real_01__z-bias__seed0.branches.csv,z-bias,real_01,1.0,0.0183101269999999
25,50,25,462,396,1303,t_z_527_189_1,z,0.9996,0.9996,-28.07103157043457,1.0,-27.57103157043457,-31.230753729353737,4.196274165807036,-54.889556884765625,-28.07103157043457,0.0273361206054687,z,0.5,1e+20,2.934110000000004,1e+20,17579,26,0.0181411419999999,0.6625782249999999,0.681062106,True,branched,,results/c0_prim_decomposition/raw/production-scip/real_01/production-scip__real_01__z-bias__seed0.branches.csv,z-bias,real_01,1.0,0.0181411419999999
26,53,26,460,208,537,t_z_133_132_2,z,0.8336333333333334,0.8336333333333334,-28.1072998046875,1.0,-27.6072998046875,-31.24287944876629,4.198206917634974,-54.879581451416016,-28.1072998046875,0.0021591186523437,z,0.5,1e+20,2.934110000000004,1e+20,17582,27,0.018378311,0.6540494869999999,0.672765135,True,branched,,results/c0_prim_decomposition/raw/production-scip/real_01/production-scip__real_01__z-bias__seed0.branches.csv,z-bias,real_01,1.0,0.018378311
27,54,27,459,234,641,t_z_152_132_2,z,0.998,0.998,-27.94448471069336,1.0,-27.44448471069336,-31.24926662237296,4.198316800359236,-54.86988067626953,-27.94448471069336,0.1709575653076171,z,0.5,1e+20,2.934110000000004,1e+20,17584,28,0.018882749,0.656716093,0.675932729,True,branched,,results/c0_prim_decomposition/raw/production-scip/real_01/production-scip__real_01__z-bias__seed0.branches.csv,z-bias,real_01,1.0,0.018882749
28,57,28,458,225,595,t_z_152_133_3,z,0.6672666666666666,0.6672666666666666,-28.101993560791016,1.0,-27.601993560791016,-31.24336907749093,4.2009520768962485,-54.85724258422852,-28.101993560791016,0.0092506408691406,z,0.5,1e+20,2.934110000000004,1e+20,17584,29,0.018086996,0.654154101,0.672578973,True,branched,,results/c0_prim_decomposition/raw/production-scip/real_01/production-scip__real_01__z-bias__seed0.branches.csv,z-bias,real_01,1.0,0.018086996
29,59,29,450,325,1083,t_z_516_515_3,z,0.998,0.998,-28.158191680908203,1.0,-27.658191680908203,-31.289705607096355,4.213312685767341,-54.80474472045898,-28.158191680908203,0.0384635925292968,z,0.5,1e+20,2.934110000000004,1e+20,17604,30,0.018066267,0.657527096,0.675926195,True,branched,,results/c0_prim_decomposition/raw/production-scip/real_01/production-scip__real_01__z-bias__seed0.branches.csv,z-bias,real_01,1.0,0.018066267
30,61,30,449,409,1411,t_z_515_230_3,z,0.6748287619047617,0.6748287619047617,-28.199151992797848,1.0,-27.699151992797848,-31.31733482292872,4.212022562208511,-54.86733627319336,-28.199151992797848,0.0122299194335937,z,0.5,1e+20,2.934110000000004,1e+20,17619,31,0.017680304,0.654037869,0.672058883,True,branched,,results/c0_prim_decomposition/raw/production-scip/real_01/production-scip__real_01__z-bias__seed0.branches.csv,z-bias,real_01,1.0,0.017680304
31,62,31,459,330,1130,t_z_413_518_3,z,0.8005999999999996,0.8005999999999996,-28.22739791870117,1.0,-27.72739791870117,-31.070097817314995,3.9746510758283446,-54.428199768066406,-28.22739791870117,0.0551509857177734,z,0.5,1e+20,2.934110000000004,1e+20,17702,32,0.0182783829999999,0.652637203,0.6712536359999999,True,branched,,results/c0_prim_decomposition/raw/production-scip/real_01/production-scip__real_01__z-bias__seed0.branches.csv,z-bias,real_01,1.0,0.0182783829999999
32,65,32,469,402,1327,t_z_495_230_1,z,0.7987465608465609,0.7987465608465609,-28.281221389770508,1.0,-27.781221389770508,-31.09685949882719,3.946998163731388,-54.42294692993164,-28.281221389770508,0.0118179321289062,z,0.5,1e+20,2.934110000000004,1e+20,17714,33,0.017889892,0.649122429,0.6673647839999999,True,branched,,results/c0_prim_decomposition/raw/production-scip/real_01/production-scip__real_01__z-bias__seed0.branches.csv,z-bias,real_01,1.0,0.017889892
33,67,33,467,404,1339,t_z_495_285_3,z,0.5334000000000001,0.5334000000000001,-28.292051315307617,1.0,-27.792051315307617,-31.100032132493865,3.9596007881051225,-54.44644927978516,-28.292051315307617,0.0248889923095703,z,0.5,1e+20,2.934110000000004,1e+20,17716,34,0.0182529979999999,0.655936559,0.674542556,True,branched,,results/c0_prim_decomposition/raw/production-scip/real_01/production-scip__real_01__z-bias__seed0.branches.csv,z-bias,real_01,1.0,0.0182529979999999
34,68,34,453,371,1250,t_z_152_505_3,z,0.9993333333333334,0.9993333333333334,-28.17298889160156,1.0,-27.67298889160156,-31.15144338039373,3.9689745800752134,-54.55312347412109,-28.17298889160156,0.1353950500488281,z,0.5,1e+20,2.934110000000004,1e+20,17745,35,0.0180882189999999,0.6512577069999999,0.669695294,True,branched,,results/c0_prim_decomposition/raw/production-scip/real_01/production-scip__real_01__z-bias__seed0.branches.csv,z-bias,real_01,1.0,0.0180882189999999
35,71,35,451,309,976,t_z_509_510_2,z,0.9976666666666664,0.9976666666666664,-28.29831314086914,1.0,-27.79831314086914,-31.153197552835334,3.972661982780645,-54.54055404663086,-28.29831314086914,0.0346336364746093,z,0.5,1e+20,2.934110000000004,1e+20,17746,36,0.017985302,0.649456205,0.6677785,True,branched,,results/c0_prim_decomposition/raw/production-scip/real_01/production-scip__real_01__z-bias__seed0.branches.csv,z-bias,real_01,1.0,0.017985302
36,73,36,449,355,1216,t_z_509_521_2,z,0.996,0.996,-28.32302665710449,1.0,-27.82302665710449,-31.155052936953265,3.977263239899712,-54.52838897705078,-28.32302665710449,0.0085182189941406,z,0.5,1e+20,2.934110000000004,1e+20,17748,37,0.018079173,0.6568838289999999,0.6752997259999999,True,branched,,results/c0_prim_decomposition/raw/production-scip/real_01/production-scip__real_01__z-bias__seed0.branches.csv,z-bias,real_01,1.0,0.018079173
37,74,37,446,388,1353,t_z_529_521_2,z,0.999,0.999,-28.296295166015625,1.0,-27.796295166015625,-31.223959832982636,3.9280398187533585,-54.17950820922852,-28.296295166015625,0.0783023834228515,z,0.5,1e+20,2.934110000000004,1e+20,17826,38,0.018317032,0.669838629,0.6884904539999999,True,branched,,results/c0_prim_decomposition/raw/production-scip/real_01/production-scip__real_01__z-bias__seed0.branches.csv,z-bias,real_01,1.0,0.018317032
38,77,38,445,158,421,t_z_3_2_0,z,0.999,0.999,-28.35485076904297,1.0,-27.85485076904297,-31.211464536859747,3.931203945312328,-54.165016174316406,-28.35485076904297,0.0224342346191406,z,0.5,1e+20,2.934110000000004,1e+20,17826,39,0.018135973,0.6479814449999999,0.6664511309999999,True,branched,,results/c0_prim_decomposition/raw/production-scip/real_01/production-scip__real_01__z-bias__seed0.branches.csv,z-bias,real_01,1.0,0.018135973
39,79,39,436,370,1301,t_z_527_189_0,z,0.9965,0.9965,-28.37030792236328,1.0,-27.87030792236328,-31.229848131127312,3.9587996919895945,-54.15640640258789,-28.37030792236328,0.02978515625,z,0.5,1e+20,2.934110000000004,1e+20,17829,40,0.0185190029999999,0.6569425159999999,0.675789135,True,branched,,results/c0_prim_decomposition/raw/production-scip/real_01/production-scip__real_01__z-bias__seed0.branches.csv,z-bias,real_01,1.0,0.0185190029999999
40,81,40,477,460,1511,t_z_544_518_1,z,0.999,0.999,-28.278188705444336,1.0,-27.778188705444336,-31.498335444452376,3.821243798969164,-53.642486572265625,-28.278188705444336,0.0111579895019531,z,0.5,1e+20,2.934110000000004,1e+20,17942,41,0.017686811,0.6589113079999999,0.676944446,True,branched,,results/c0_prim_decomposition/raw/production-scip/real_01/production-scip__real_01__z-bias__seed0.branches.csv,z-bias,real_01,1.0,0.017686811
41,82,41,476,403,1298,t_z_188_526_3,z,0.998,0.998,-28.28517341613769,1.0,-27.78517341613769,-31.43618596501711,3.8197252878317327,-53.62135314941406,-28.28517341613769,0.0203628540039062,z,0.5,1e+20,2.934110000000004,1e+20,17947,42,0.0180201699999999,0.6493556919999999,0.667730468,True,branched,,results/c0_prim_decomposition/raw/production-scip/real_01/production-scip__real_01__z-bias__seed0.branches.csv,z-bias,real_01,1.0,0.0180201699999999
42,85,42,475,273,843,t_z_496_2_3,z,0.996,0.996,-28.28824806213379,1.0,-27.78824806213379,-31.42614430879292,3.8221211355166353,-53.60839080810546,-28.28824806213379,0.1130199432373046,z,0.5,1e+20,2.934110000000004,1e+20,17947,43,0.018256975,0.6523441979999999,0.670953668,True,branched,,results/c0_prim_decomposition/raw/production-scip/real_01/production-scip__real_01__z-bias__seed0.branches.csv,z-bias,real_01,1.0,0.018256975
43,87,43,474,346,1118,t_z_508_518_1,z,0.999,0.999,-28.39326858520508,1.0,-27.89326858520508,-31.42683860521276,3.8216271882562154,-53.59936141967773,-28.39326858520508,0.0313396453857421,z,0.5,1e+20,2.934110000000004,1e+20,17948,44,0.018387013,0.6559858619999999,0.674721832,True,branched,,results/c0_prim_decomposition/raw/production-scip/real_01/production-scip__real_01__z-bias__seed0.branches.csv,z-bias,real_01,1.0,0.018387013
44,89,44,473,205,539,t_z_133_132_3,z,0.997,0.997,-28.410564422607425,1.0,-27.910564422607425,-31.419595585312955,3.823970269569344,-53.588726043701165,-28.410564422607425,0.0122280120849609,z,0.5,1e+20,2.934110000000004,1e+20,17948,45,0.0180569439999999,0.6522456269999999,0.6706520219999998,True,branched,,results/c0_prim_decomposition/raw/production-scip/real_01/production-scip__real_01__z-bias__seed0.branches.csv,z-bias,real_01,1.0,0.0180569439999999
45,90,45,441,285,961,t_z_508_507_2,z,0.9986666666666668,0.9986666666666668,-28.196271896362305,1.0,-27.696271896362305,-31.269440890980416,3.7617560279304647,-53.30117034912109,-28.196271896362305,0.1369762420654296,z,0.5,1e+20,2.934110000000004,1e+20,17999,47,0.0182380889999999,0.663181978,0.681766451,True,branched,,results/c0_prim_decomposition/raw/production-scip/real_01/production-scip__real_01__z-bias__seed0.branches.csv,z-bias,real_01,1.0,0.0182380889999999
46,92,46,439,329,1185,t_z_512_507_2,z,0.999,0.999,-28.237968444824215,1.0,-27.737968444824215,-31.30222282757249,3.7658795038496584,-53.34539794921875,-28.237968444824215,0.0658779144287109,z,0.5,1e+20,2.934110000000004,1e+20,18018,48,0.018136408,0.671958055,0.690431687,True,branched,,results/c0_prim_decomposition/raw/production-scip/real_01/production-scip__real_01__z-bias__seed0.branches.csv,z-bias,real_01,1.0,0.018136408
47,95,47,437,184,535,t_z_133_132_1,z,0.7134285714285715,0.7134285714285715,-28.28582763671875,1.0,-27.78582763671875,-31.29570220318757,3.771769096475436,-53.33018493652344,-28.28582763671875,0.0517730712890625,z,0.5,1e+20,2.934110000000004,1e+20,18018,49,0.017985816,0.6903639299999998,0.70867959,True,branched,,results/c0_prim_decomposition/raw/production-scip/real_01/production-scip__real_01__z-bias__seed0.branches.csv,z-bias,real_01,1.0,0.017985816
48,97,48,433,181,530,t_z_131_132_3,z,0.999,0.999,-28.316181182861328,1.0,-27.816181182861328,-31.25875165996596,3.737554021476836,-53.29416275024414,-28.316181182861328,0.1009845733642578,z,0.5,1e+20,2.934110000000004,1e+20,18030,50,0.018227275,0.5978560099999999,0.6164076889999999,True,branched,,results/c0_prim_decomposition/raw/production-scip/real_01/production-scip__real_01__z-bias__seed0.branches.csv,z-bias,real_01,1.0,0.018227275
49,99,49,432,254,865,t_z_501_500_2,z,0.6666666666666666,0.6666666666666666,-28.407695770263672,1.0,-27.907695770263672,-31.257089349958637,3.740688941212884,-53.28917694091797,-28.407695770263672,0.0274620056152343,z,0.5,1e+20,2.934110000000004,1e+20,18030,51,0.0180912249999999,0.673356002,0.6917750999999999,True,branched,,results/c0_prim_decomposition/raw/production-scip/real_01/production-scip__real_01__z-bias__seed0.branches.csv,z-bias,real_01,1.0,0.0180912249999999
50,101,50,439,184,531,t_z_132_131_3,z,0.6017942628919937,0.6017942628919937,-28.39101219177246,1.0,-27.89101219177246,-31.252634222252222,3.6934098284024546,-53.241249084472656,-28.39101219177246,0.0627899169921875,z,0.5,1e+20,2.934110000000004,1e+20,18050,52,0.0173744709999999,0.683282143,0.700982859,True,branched,,results/c0_prim_decomposition/raw/production-scip/real_01/production-scip__real_01__z-bias__seed0.branches.csv,z-bias,real_01,1.0,0.0173744709999999
51,102,51,438,405,1429,t_z_525_137_0,z,0.5493205360168129,0.5493205360168129,-28.413461685180664,1.0,-27.913461685180664,-31.223168194566146,3.6970303236892352,-53.201675415039055,-28.413461685180664,0.0016956329345703,z,0.5,1e+20,2.934110000000004,1e+20,18068,54,0.0182056859999999,0.6661017049999999,0.6846359069999999,True,branched,,results/c0_prim_decomposition/raw/production-scip/real_01/production-scip__real_01__z-bias__seed0.branches.csv,z-bias,real_01,1.0,0.0182056859999999
52,105,52,437,328,1186,t_z_507_512_3,z,0.9974999999999998,0.9974999999999998,-28.412548065185547,1.0,-27.912548065185547,-31.22264866425189,3.6989390000576488,-53.1910400390625,-28.412548065185547,0.0073375701904296,z,0.5,1e+20,2.934110000000004,1e+20,18070,55,0.0178508949999999,0.671077993,0.689253234,True,branched,,results/c0_prim_decomposition/raw/production-scip/real_01/production-scip__real_01__z-bias__seed0.branches.csv,z-bias,real_01,1.0,0.0178508949999999
53,107,53,440,297,1018,t_z_512_513_3,z,0.999,0.999,-28.025077819824215,1.0,-27.525077819824215,-31.21624592434276,3.690593057132423,-53.191688537597656,-28.025077819824215,0.4024524688720703,z,0.5,1e+20,2.934110000000004,1e+20,18077,56,0.018413214,0.668846775,0.687587291,True,branched,,results/c0_prim_decomposition/raw/production-scip/real_01/production-scip__real_01__z-bias__seed0.branches.csv,z-bias,real_01,1.0,0.018413214
54,108,54,441,315,1127,t_z_518_413_1,z,0.999,0.999,-28.10612297058105,1.0,-27.60612297058105,-31.14949861297261,3.611393304286604,-52.85348510742188,-28.10612297058105,0.0975112915039062,z,0.5,1e+20,2.934110000000004,1e+20,18097,57,0.0181944349999999,0.676291162,0.694817635,True,branched,,results/c0_prim_decomposition/raw/production-scip/real_01/production-scip__real_01__z-bias__seed0.branches.csv,z-bias,real_01,1.0,0.0181944349999999
55,110,55,450,325,1135,t_z_413_94_1,z,0.998,0.998,-28.207910537719727,1.0,-27.707910537719727,-31.189869541592067,3.631812127910395,-52.946571350097656,-28.207910537719727,0.0138320922851562,z,0.5,1e+20,2.934110000000004,1e+20,18130,58,0.0182018759999999,0.6787277459999999,0.6972846849999998,True,branched,,results/c0_prim_decomposition/raw/production-scip/real_01/production-scip__real_01__z-bias__seed0.branches.csv,z-bias,real_01,1.0,0.0182018759999999
56,113,56,450,325,1134,t_z_94_413_1,z,0.998,0.998,-28.060779571533203,1.0,-27.560779571533203,-31.189041697184244,3.63190316217408,-52.942737579345696,-28.060779571533203,0.1613578796386718,z,0.5,1e+20,2.934110000000004,1e+20,18131,59,0.018585496,0.667177046,0.6860971599999999,True,branched,,results/c0_prim_decomposition/raw/production-scip/real_01/production-scip__real_01__z-bias__seed0.branches.csv,z-bias,real_01,1.0,0.018585496
57,114,57,449,334,1170,t_z_127_513_3,z,0.999,0.999,-28.19222450256348,1.0,-27.69222450256348,-31.16636821262555,3.6332840464065086,-52.90330123901367,-28.19222450256348,0.0048656463623046,z,0.5,1e+20,2.934110000000004,1e+20,18132,61,0.018129782,0.6874231579999999,0.7059040669999999,True,branched,,results/c0_prim_decomposition/raw/production-scip/real_01/production-scip__real_01__z-bias__seed0.branches.csv,z-bias,real_01,1.0,0.018129782
58,117,58,448,334,1171,t_z_513_127_3,z,0.998,0.998,-28.070531845092773,1.0,-27.570531845092773,-31.16548205273492,3.6345330631302626,-52.89230346679688,-28.070531845092773,0.1356372833251953,z,0.5,1e+20,2.934110000000004,1e+20,18133,62,0.018579897,0.657304373,0.676217873,True,branched,,results/c0_prim_decomposition/raw/production-scip/real_01/production-scip__real_01__z-bias__seed0.branches.csv,z-bias,real_01,1.0,0.018579897
59,118,59,447,338,1183,t_z_512_507_1,z,0.998,0.998,-28.208438873291016,1.0,-27.708438873291016,-31.17243226155872,3.6358491063204457,-52.88667678833008,-28.208438873291016,0.211221694946289,z,0.5,1e+20,2.934110000000004,1e+20,18134,63,0.018759364,0.677544582,0.69664472,True,branched,,results/c0_prim_decomposition/raw/production-scip/real_01/production-scip__real_01__z-bias__seed0.branches.csv,z-bias,real_01,1.0,0.018759364
60,121,60,443,185,533,t_z_133_132_0,z,0.7504166666666667,0.7504166666666667,-28.422229766845703,1.0,-27.922229766845703,-31.16901741286164,3.6402397269895785,-52.87945938110352,-28.422229766845703,0.0053062438964843,z,0.5,1e+20,2.934110000000004,1e+20,18136,64,0.0181855019999999,0.679324158,0.697837659,True,branched,,results/c0_prim_decomposition/raw/production-scip/real_01/production-scip__real_01__z-bias__seed0.branches.csv,z-bias,real_01,1.0,0.0181855019999999
61,123,61,437,368,1294,t_z_188_526_1,z,0.997,0.997,-28.42713737487793,1.0,-27.92713737487793,-31.20610569270852,3.655481802283732,-52.87588882446289,-28.42713737487793,0.0038642883300781,z,0.5,1e+20,2.934110000000004,1e+20,18139,65,0.0182154139999999,0.668517286,0.687058708,True,branched,,results/c0_prim_decomposition/raw/production-scip/real_01/production-scip__real_01__z-bias__seed0.branches.csv,z-bias,real_01,1.0,0.0182154139999999
62,125,62,435,353,1234,t_z_133_134_3,z,0.996,0.996,-28.432769775390625,1.0,-27.932769775390625,-31.218479423961416,3.65911532821885,-52.86919784545898,-28.432769775390625,0.0188980102539062,z,0.5,1e+20,2.934110000000004,1e+20,18141,66,0.018220531,0.652221307,0.670765522,True,branched,,results/c0_prim_decomposition/raw/production-scip/real_01/production-scip__real_01__z-bias__seed0.branches.csv,z-bias,real_01,1.0,0.018220531
63,127,63,433,242,811,t_z_496_17_3,z,0.2512916666666683,0.2512916666666683,-28.4426383972168,1.0,-27.9426383972168,-31.222929873037007,3.6650069365676665,-52.86001968383789,-28.4426383972168,0.0018386840820312,z,0.5,1e+20,2.934110000000004,1e+20,18141,67,0.018279961,0.668891872,0.687491236,True,branched,,results/c0_prim_decomposition/raw/production-scip/real_01/production-scip__real_01__z-bias__seed0.branches.csv,z-bias,real_01,1.0,0.018279961
64,63,31,434,198,535,t_z_133_132_1,z,0.997,0.997,-29.22589492797852,1.0,-28.72589492797852,-32.39321753066805,4.056930136228726,-55.080345153808594,-29.22589492797852,0.1551513671875,z,0.5,2.992145980000004,2.934110000000004,0.0197797560418661,19867,68,0.017694507,0.639254941,0.657267966,True,branched,,results/c0_prim_decomposition/raw/production-scip/real_01/production-scip__real_01__z-bias__seed0.branches.csv,z-bias,real_01,1.0,0.017694507
65,131,32,433,341,1216,t_z_509_521_2,z,0.998,0.998,-29.366287231445312,1.0,-28.866287231445312,-32.38415252914605,4.058458143871038,-55.06435775756836,-29.366287231445312,0.027597427368164,z,0.5,2.992145980000004,2.934110000000004,0.0197797560418661,19869,69,0.018282993,0.659190114,0.6777886539999999,True,branched,,results/c0_prim_decomposition/raw/production-scip/real_01/production-scip__real_01__z-bias__seed0.branches.csv,z-bias,real_01,1.0,0.018282993
66,132,33,405,176,529,t_z_132_131_2,z,0.997,0.997,-29.183601379394528,1.0,-28.683601379394528,-32.44362988884066,3.956339766852396,-54.14034652709961,-29.183601379394528,0.2245979309082031,z,0.5,2.992145980000004,2.934110000000004,0.0197797560418661,19951,70,0.0191390679999999,0.659141791,0.678576124,True,branched,,results/c0_prim_decomposition/raw/production-scip/real_01/production-scip__real_01__z-bias__seed0.branches.csv,z-bias,real_01,1.0,0.0191390679999999
67,135,34,403,237,843,t_z_496_2_3,z,0.996,0.996,-29.38839530944824,1.0,-28.88839530944824,-32.43625994414904,3.9620914938642775,-54.124114990234375,-29.38839530944824,0.011484146118164,z,0.5,2.992145980000004,2.934110000000004,0.0197797560418661,19951,71,0.018400592,0.6442223639999999,0.6629305309999999,True,branched,,results/c0_prim_decomposition/raw/production-scip/real_01/production-scip__real_01__z-bias__seed0.branches.csv,z-bias,real_01,1.0,0.018400592
68,137,35,396,341,1353,t_z_529_521_2,z,0.999,0.999,-29.379665374755856,1.0,-28.879665374755856,-32.37526817032785,3.9430743370935426,-54.10333633422852,-29.379665374755856,0.0492305755615234,z,0.5,2.992145980000004,2.934110000000004,0.0197797560418661,19951,72,0.018111987,0.651604783,0.6700127289999999,True,branched,,results/c0_prim_decomposition/raw/production-scip/real_01/production-scip__real_01__z-bias__seed0.branches.csv,z-bias,real_01,1.0,0.018111987
69,139,36,395,268,959,t_z_508_507_1,z,0.9323888888888868,0.9323888888888868,-29.40889549255371,1.0,-28.90889549255371,-32.36351996313167,3.945392690369476,-54.08726501464844,-29.40889549255371,0.0315895080566406,z,0.5,2.992145980000004,2.934110000000004,0.0197797560418661,19951,73,0.0181751419999999,0.6587818629999999,0.677249529,True,branched,,results/c0_prim_decomposition/raw/production-scip/real_01/production-scip__real_01__z-bias__seed0.branches.csv,z-bias,real_01,1.0,0.0181751419999999
70,141,37,394,338,1339,t_z_495_285_3,z,0.5,0.5,-29.446563720703125,1.0,-28.946563720703125,-32.36937988106975,3.945194091888193,-54.07550048828125,-29.446563720703125,0.0433311462402343,z,0.5,2.992145980000004,2.934110000000004,0.0197797560418661,19955,74,0.0185726379999999,0.576019312,0.5948884709999999,True,branched,,results/c0_prim_decomposition/raw/production-scip/real_01/production-scip__real_01__z-bias__seed0.branches.csv,z-bias,real_01,1.0,0.0185726379999999
71,58,29,474,398,1279,t_z_525_524_1,z,0.9987999999999998,0.9987999999999998,-29.39798355102539,1.0,-28.89798355102539,-32.5774511707483,3.9880748289755754,-55.3771858215332,-29.39798355102539,0.1501426696777343,z,0.5,2.992145980000004,2.934110000000004,0.0197797560418661,20133,75,0.018474923,0.658369755,0.677185927,True,branched,,results/c0_prim_decomposition/raw/production-scip/real_01/production-scip__real_01__z-bias__seed0.branches.csv,z-bias,real_01,1.0,0.018474923
72,145,30,476,278,844,t_z_3_499_0,z,0.999,0.999,-29.42186546325684,1.0,-28.92186546325684,-32.585805664543344,3.975765514018652,-55.35208511352539,-29.42186546325684,0.1424198150634765,z,0.5,2.992145980000004,2.934110000000004,0.0197797560418661,20162,76,0.019209229,0.6614254849999999,0.680995239,True,branched,,results/c0_prim_decomposition/raw/production-scip/real_01/production-scip__real_01__z-bias__seed0.branches.csv,z-bias,real_01,1.0,0.019209229
73,147,31,474,221,562,t_z_136_137_3,z,0.996,0.996,-29.54564476013184,1.0,-29.04564476013184,-32.57763574093203,3.981155177284532,-55.337196350097656,-29.54564476013184,0.0735054016113281,z,0.5,2.992145980000004,2.934110000000004,0.0197797560418661,20162,77,0.018100392,0.640946601,0.6593883299999999,True,branched,,results/c0_prim_decomposition/raw/production-scip/real_01/production-scip__real_01__z-bias__seed0.branches.csv,z-bias,real_01,1.0,0.018100392
74,149,32,471,212,538,t_z_132_133_3,z,0.9995,0.9995,-29.61197853088379,1.0,-29.11197853088379,-32.56793226659171,3.9826882096779057,-55.33553695678711,-29.61197853088379,0.0099143981933593,z,0.5,2.992145980000004,2.934110000000004,0.0197797560418661,20169,78,0.018186534,0.6628795429999998,0.681408179,True,branched,,results/c0_prim_decomposition/raw/production-scip/real_01/production-scip__real_01__z-bias__seed0.branches.csv,z-bias,real_01,1.0,0.018186534
75,151,33,469,401,1294,t_z_188_526_1,z,0.997,0.997,-29.619712829589844,1.0,-29.119712829589844,-32.5732722902603,3.987137439196601,-55.33087158203125,-29.619712829589844,0.0407028198242187,z,0.5,2.992145980000004,2.934110000000004,0.0197797560418661,20170,79,0.018292955,0.662836639,0.681469035,True,branched,,results/c0_prim_decomposition/raw/production-scip/real_01/production-scip__real_01__z-bias__seed0.branches.csv,z-bias,real_01,1.0,0.018292955
76,153,34,467,337,1083,t_z_516_515_3,z,0.998,0.998,-29.65849494934082,1.0,-29.15849494934082,-32.57882283637559,3.989507382518239,-55.32402801513672,-29.65849494934082,0.0042362213134765,z,0.5,2.992145980000004,2.934110000000004,0.0197797560418661,20172,80,0.0178555949999999,0.653710443,0.671909492,True,branched,,results/c0_prim_decomposition/raw/production-scip/real_01/production-scip__real_01__z-bias__seed0.branches.csv,z-bias,real_01,1.0,0.0178555949999999
77,155,35,466,427,1411,t_z_515_230_3,z,0.6627661654135338,0.6627661654135338,-29.577449798583984,1.0,-29.077449798583984,-32.578690627102176,3.9909499395253847,-55.320457458496094,-29.577449798583984,0.0837116241455078,z,0.5,2.992145980000004,2.934110000000004,0.0197797560418661,20174,81,0.018170515,0.6583179639999999,0.6768327859999999,True,branched,,results/c0_prim_decomposition/raw/production-scip/real_01/production-scip__real_01__z-bias__seed0.branches.csv,z-bias,real_01,1.0,0.018170515
78,55,27,455,223,595,t_z_152_133_3,z,0.7781777777777777,0.7781777777777777,-29.67435073852539,1.0,-29.17435073852539,-32.736889484950474,4.017454737168299,-55.43895721435546,-29.67435073852539,0.0406665802001953,z,0.5,2.992145980000004,2.934110000000004,0.0197797560418661,20408,83,0.01872917,0.651895486,0.670959421,True,branched,,results/c0_prim_decomposition/raw/production-scip/real_01/production-scip__real_01__z-bias__seed0.branches.csv,z-bias,real_01,1.0,0.01872917
79,159,28,444,199,535,t_z_133_132_1,z,0.7607907458143075,0.7607907458143075,-29.724761962890625,1.0,-29.224761962890625,-32.680495790533115,3.9861050781365903,-55.214351654052734,-29.724761962890625,0.0257453918457031,z,0.5,2.992145980000004,2.934110000000004,0.0197797560418661,20457,84,0.01919041,0.668353458,0.687866725,True,branched,,results/c0_prim_decomposition/raw/production-scip/real_01/production-scip__real_01__z-bias__seed0.branches.csv,z-bias,real_01,1.0,0.01919041
80,161,29,442,402,1411,t_z_515_230_3,z,0.8512675494672749,0.8512675494672749,-29.748786926269528,1.0,-29.248786926269528,-32.6861075189858,3.990560453502245,-55.21062469482422,-29.748786926269528,0.0108909606933593,z,0.5,2.992145980000004,2.934110000000004,0.0197797560418661,20459,85,0.018310473,0.679896299,0.698531989,True,branched,,results/c0_prim_decomposition/raw/production-scip/real_01/production-scip__real_01__z-bias__seed0.branches.csv,z-bias,real_01,1.0,0.018310473
81,163,30,449,203,547,t_z_135_134_3,z,0.999,0.999,-29.76487922668457,1.0,-29.26487922668457,-32.653880716166675,3.952806787891381,-55.12166213989258,-29.76487922668457,0.0116138458251953,z,0.5,2.992145980000004,2.934110000000004,0.0197797560418661,20478,86,0.018620258,0.6136262829999999,0.632575474,True,branched,,results/c0_prim_decomposition/raw/production-scip/real_01/production-scip__real_01__z-bias__seed0.branches.csv,z-bias,real_01,1.0,0.018620258
82,165,31,447,307,976,t_z_509_510_2,z,0.998,0.998,-29.76432037353516,1.0,-29.26432037353516,-32.651912591068005,3.9592407801103424,-55.11611557006836,-29.76432037353516,0.0542373657226562,z,0.5,2.992145980000004,2.934110000000004,0.0197797560418661,20478,87,0.0186623679999999,0.692247543,0.7112375589999999,True,branched,,results/c0_prim_decomposition/raw/production-scip/real_01/production-scip__real_01__z-bias__seed0.branches.csv,z-bias,real_01,1.0,0.0186623679999999
83,167,32,437,195,530,t_z_131_132_3,z,0.999,0.999,-29.8114070892334,1.0,-29.3114070892334,-32.65731844694718,3.985550818257552,-55.11100006103516,-29.8114070892334,0.0109004974365234,z,0.5,2.992145980000004,2.934110000000004,0.0197797560418661,20479,88,0.0184936929999999,0.669844376,0.688657886,True,branched,,results/c0_prim_decomposition/raw/production-scip/real_01/production-scip__real_01__z-bias__seed0.branches.csv,z-bias,real_01,1.0,0.0184936929999999
84,168,33,442,384,1339,t_z_495_285_3,z,0.5,0.5,-29.827533721923828,1.0,-29.327533721923828,-32.63830566837777,3.9590078135241225,-55.048606872558594,-29.827533721923828,0.0062408447265625,z,0.5,2.992145980000004,2.934110000000004,0.0197797560418661,20489,89,0.018506858,0.6890430499999999,0.7078707589999998,True,branched,,results/c0_prim_decomposition/raw/production-scip/real_01/production-scip__real_01__z-bias__seed0.branches.csv,z-bias,real_01,1.0,0.018506858
85,52,26,462,232,622,t_z_188_189_1,z,0.9985,0.9985,-30.417144775390625,1.0,-29.917144775390625,-33.42487658876361,3.953470750041888,-55.98122024536133,-30.417144775390625,0.0429821014404296,z,0.5,2.992145980000004,2.934110000000004,0.0197797560418661,21419,90,0.019035913,0.663991611,0.6833650949999999,True,branched,,results/c0_prim_decomposition/raw/production-scip/real_01/production-scip__real_01__z-bias__seed0.branches.csv,z-bias,real_01,1.0,0.019035913
86,173,27,461,232,623,t_z_189_188_1,z,0.998,0.998,-30.380809783935547,1.0,-29.880809783935547,-33.41904258314286,3.9550620518795903,-55.97194290161133,-30.380809783935547,0.0686511993408203,z,0.5,2.992145980000004,2.934110000000004,0.0197797560418661,21422,91,0.019160587,0.679124895,0.698628907,True,branched,,results/c0_prim_decomposition/raw/production-scip/real_01/production-scip__real_01__z-bias__seed0.branches.csv,z-bias,real_01,1.0,0.019160587
87,174,28,460,361,1216,t_z_509_521_2,z,0.998,0.998,-30.403263092041016,1.0,-29.903263092041016,-33.37657206576804,3.952853048637969,-55.8985595703125,-30.403263092041016,0.0175437927246093,z,0.5,2.992145980000004,2.934110000000004,0.0197797560418661,21428,93,0.0184974619999999,0.681115797,0.699947682,True,branched,,results/c0_prim_decomposition/raw/production-scip/real_01/production-scip__real_01__z-bias__seed0.branches.csv,z-bias,real_01,1.0,0.0184974619999999
88,176,29,464,404,1353,t_z_529_521_2,z,0.999,0.999,-30.407819747924805,1.0,-29.907819747924805,-33.38288218399574,3.893364362819911,-55.68650817871094,-30.407819747924805,0.0323963165283203,z,0.5,2.992145980000004,2.934110000000004,0.0197797560418661,21466,94,0.0188023689999999,0.601231328,0.620371588,True,branched,,results/c0_prim_decomposition/raw/production-scip/real_01/production-scip__real_01__z-bias__seed0.branches.csv,z-bias,real_01,1.0,0.0188023689999999
89,179,30,471,324,976,t_z_509_510_2,z,0.998,0.998,-30.44911766052246,1.0,-29.94911766052246,-33.33782735852932,3.843272722066071,-55.50817108154297,-30.44911766052246,0.0021114349365234,z,0.5,2.992145980000004,2.934110000000004,0.0197797560418661,21484,95,0.0189647819999999,0.6911617089999998,0.710467195,True,branched,,results/c0_prim_decomposition/raw/production-scip/real_01/production-scip__real_01__z-bias__seed0.branches.csv,z-bias,real_01,1.0,0.0189647819999999
90,181,31,461,387,1294,t_z_188_526_1,z,0.999,0.999,-30.44357681274414,1.0,-29.94357681274414,-33.34252861420141,3.86747309757192,-55.50299835205078,-30.44357681274414,0.0396957397460937,z,0.5,2.992145980000004,2.934110000000004,0.0197797560418661,21485,96,0.019344684,0.6801612139999998,0.6998369479999998,True,branched,,results/c0_prim_decomposition/raw/production-scip/real_01/production-scip__real_01__z-bias__seed0.branches.csv,z-bias,real_01,1.0,0.019344684
91,183,32,459,203,529,t_z_132_131_2,z,0.7942148148148149,0.7942148148148149,-30.47125625610352,1.0,-29.97125625610352,-33.34269733470509,3.8723933366764633,-55.49743270874024,-30.47125625610352,0.0201778411865234,z,0.5,2.992145980000004,2.934110000000004,0.0197797560418661,21485,97,0.019005297,0.68821894,0.707585038,True,branched,,results/c0_prim_decomposition/raw/production-scip/real_01/production-scip__real_01__z-bias__seed0.branches.csv,z-bias,real_01,1.0,0.019005297
92,48,24,464,311,961,t_z_508_507_2,z,0.9989999999999998,0.9989999999999998,-31.42606735229492,1.0,-30.92606735229492,-34.40045984037991,3.888645748597987,-56.68797302246094,-31.42606735229492,0.0497322082519531,z,0.5,2.992145980000004,2.934110000000004,0.0197797560418661,22860,98,0.019077686,0.677645955,0.697064913,True,branched,,results/c0_prim_decomposition/raw/production-scip/real_01/production-scip__real_01__z-bias__seed0.branches.csv,z-bias,real_01,1.0,0.019077686
93,186,25,469,203,529,t_z_132_131_2,z,0.999,0.999,-31.37576675415039,1.0,-30.87576675415039,-34.3601181502027,3.8203664561442814,-56.59280014038086,-31.37576675415039,0.1096611022949218,z,0.5,2.992145980000004,2.934110000000004,0.0197797560418661,22895,99,0.0193456489999999,0.665225055,0.6849082039999999,True,branched,,results/c0_prim_decomposition/raw/production-scip/real_01/production-scip__real_01__z-bias__seed0.branches.csv,z-bias,real_01,1.0,0.0193456489999999
94,189,26,467,207,537,t_z_133_132_2,z,0.8336333333333334,0.8336333333333334,-31.463903427124023,1.0,-30.963903427124023,-34.34841856047734,3.8254792539066194,-56.57360076904297,-31.463903427124023,0.0380573272705078,z,0.5,2.992145980000004,2.934110000000004,0.0197797560418661,22895,100,0.018787932,0.684416032,0.7035429509999999,True,branched,,results/c0_prim_decomposition/raw/production-scip/real_01/production-scip__real_01__z-bias__seed0.branches.csv,z-bias,real_01,1.0,0.018787932
95,191,27,462,222,595,t_z_152_133_3,z,0.7781777777777777,0.7781777777777777,-31.413749694824215,1.0,-30.913749694824215,-34.34660314584707,3.825698010183932,-56.48812103271485,-31.413749694824215,0.0731086730957031,z,0.5,2.992145980000004,2.934110000000004,0.0197797560418661,22897,101,0.019045744,0.6868925529999999,0.706226522,True,branched,,results/c0_prim_decomposition/raw/production-scip/real_01/production-scip__real_01__z-bias__seed0.branches.csv,z-bias,real_01,1.0,0.019045744
96,193,28,451,395,1353,t_z_529_521_2,z,0.8865014078110808,0.8865014078110808,-31.480234146118164,1.0,-30.980234146118164,-34.35961022979669,3.7980639059422656,-56.251567840576165,-31.480234146118164,0.056640625,z,0.5,2.992145980000004,2.934110000000004,0.0197797560418661,22933,102,0.018996675,0.6679763539999999,0.6873028079999999,True,branched,,results/c0_prim_decomposition/raw/production-scip/real_01/production-scip__real_01__z-bias__seed0.branches.csv,z-bias,real_01,1.0,0.018996675
97,195,29,449,201,535,t_z_133_132_1,z,0.6364779307707013,0.6364779307707013,-31.54413604736328,1.0,-31.04413604736328,-34.36593305507057,3.802285832106604,-56.25501251220703,-31.54413604736328,0.0013313293457031,z,0.5,2.992145980000004,2.934110000000004,0.0197797560418661,22936,103,0.0190671209999999,0.684212849,0.70360748,True,branched,,results/c0_prim_decomposition/raw/production-scip/real_01/production-scip__real_01__z-bias__seed0.branches.csv,z-bias,real_01,1.0,0.0190671209999999
98,197,30,460,367,1217,t_z_521_509_2,z,0.8221792174796746,0.8221792174796746,-31.56016540527344,1.0,-31.06016540527344,-34.310815263831095,3.7484482005113686,-56.13063049316406,-31.56016540527344,0.0004234313964843,z,0.5,2.992145980000004,2.934110000000004,0.0197797560418661,22952,104,0.018916517,0.688468292,0.707733194,True,branched,,results/c0_prim_decomposition/raw/production-scip/real_01/production-scip__real_01__z-bias__seed0.branches.csv,z-bias,real_01,1.0,0.018916517
99,56,28,459,226,595,t_z_152_133_3,z,0.6672666666666665,0.6672666666666665,-35.61275100708008,1.0,-35.11275100708008,-38.60574265191238,3.8463248065389815,-60.21535873413086,-35.61275100708008,0.0454826354980468,z,0.5,2.9624816000000034,2.934110000000004,0.0096695761235943,28310,105,0.0185205249999999,0.591752979,0.6106095759999999,True,branched,,results/c0_prim_decomposition/raw/production-scip/real_01/production-scip__real_01__z-bias__seed0.branches.csv,z-bias,real_01,1.0,0.0185205249999999
100,200,29,491,450,1411,t_z_515_230_3,z,0.8026940979208586,0.8026940979208586,-35.640926361083984,1.0,-35.140926361083984,-38.62887292772592,3.767778604243204,-60.12032318115234,-35.640926361083984,0.048187255859375,z,0.5,2.9624816000000034,2.934110000000004,0.0096695761235943,28362,106,0.018711083,0.673682733,0.692699218,True,branched,,results/c0_prim_decomposition/raw/production-scip/real_01/production-scip__real_01__z-bias__seed0.branches.csv,z-bias,real_01,1.0,0.018711083
101,203,30,492,432,1339,t_z_495_285_3,z,0.5,0.5,-35.71091079711914,1.0,-35.21091079711914,-38.574921507176335,3.7417107169666144,-60.01375961303711,-35.71091079711914,0.0092964172363281,z,0.5,2.9624816000000034,2.934110000000004,0.0096695761235943,28405,107,0.01885484,0.6854494389999999,0.7046677959999998,True,branched,,results/c0_prim_decomposition/raw/production-scip/real_01/production-scip__real_01__z-bias__seed0.branches.csv,z-bias,real_01,1.0,0.01885484
102,205,31,491,220,538,t_z_132_133_3,z,0.999,0.999,-35.703025817871094,1.0,-35.203025817871094,-38.56267483899647,3.742082721572322,-59.992141723632805,-35.703025817871094,0.0340957641601562,z,0.5,2.9624816000000034,2.934110000000004,0.0096695761235943,28406,108,0.0187891089999999,0.617196688,0.636345322,True,branched,,results/c0_prim_decomposition/raw/production-scip/real_01/production-scip__real_01__z-bias__seed0.branches.csv,z-bias,real_01,1.0,0.0187891089999999
103,207,32,490,227,562,t_z_136_137_3,z,0.7004184231069476,0.7004184231069476,-35.71731948852539,1.0,-35.21731948852539,-38.54844393048968,3.743645333287189,-59.971206665039055,-35.71731948852539,0.0109062194824218,z,0.5,2.9624816000000034,2.934110000000004,0.0096695761235943,28406,109,0.0186869799999999,0.69085337,0.7098967689999999,True,branched,,results/c0_prim_decomposition/raw/production-scip/real_01/production-scip__real_01__z-bias__seed0.branches.csv,z-bias,real_01,1.0,0.0186869799999999
104,209,33,488,354,1083,t_z_516_515_3,z,0.998,0.998,-35.71539306640625,1.0,-35.21539306640625,-38.557067957080775,3.744556323706172,-59.95442581176758,-35.71539306640625,0.0110015869140625,z,0.5,2.9624816000000034,2.934110000000004,0.0096695761235943,28413,110,0.018656799,0.669954033,0.68896502,True,branched,,results/c0_prim_decomposition/raw/production-scip/real_01/production-scip__real_01__z-bias__seed0.branches.csv,z-bias,real_01,1.0,0.018656799
105,211,34,487,299,859,t_z_500_499_3,z,0.6666666666666667,0.6666666666666667,-35.716827392578125,1.0,-35.216827392578125,-38.54934211433301,3.7454370052902295,-59.93658065795898,-35.716827392578125,0.0073394775390625,z,0.5,2.9624816000000034,2.934110000000004,0.0096695761235943,28419,111,0.018711312,0.6811484049999998,0.7002123279999999,True,branched,,results/c0_prim_decomposition/raw/production-scip/real_01/production-scip__real_01__z-bias__seed0.branches.csv,z-bias,real_01,1.0,0.018711312
106,60,30,428,191,535,t_z_133_132_1,z,0.997,0.997,-45.37102508544922,1.0,-44.87102508544922,-48.147409207352965,3.4465670458438327,-67.86578369140625,-45.37102508544922,0.0770797729492187,z,0.5,2.9624816000000034,2.934110000000004,0.0096695761235943,38488,112,0.0189209819999999,0.672913233,0.692147841,True,branched,,results/c0_prim_decomposition/raw/production-scip/real_01/production-scip__real_01__z-bias__seed0.branches.csv,z-bias,real_01,1.0,0.0189209819999999
107,215,31,427,186,527,t_z_132_131_1,z,0.994,0.994,-45.41229248046875,1.0,-44.91229248046875,-48.13600250708694,3.4471819568087088,-67.84561920166016,-45.41229248046875,0.0197715759277343,z,0.5,2.9624816000000034,2.934110000000004,0.0096695761235943,38490,113,0.0185475239999999,0.593571865,0.612440929,True,branched,,results/c0_prim_decomposition/raw/production-scip/real_01/production-scip__real_01__z-bias__seed0.branches.csv,z-bias,real_01,1.0,0.0185475239999999
108,217,32,425,385,1411,t_z_515_230_3,z,0.9185696296296298,0.9185696296296298,-45.4227409362793,1.0,-44.9227409362793,-48.13475953046013,3.4508978745690446,-67.83209991455078,-45.4227409362793,0.0682640075683593,z,0.5,2.9624816000000034,2.934110000000004,0.0096695761235943,38492,114,0.01867007,0.6818421639999999,0.700825581,True,branched,,results/c0_prim_decomposition/raw/production-scip/real_01/production-scip__real_01__z-bias__seed0.branches.csv,z-bias,real_01,1.0,0.01867007
109,219,33,424,280,956,t_z_507_508_0,z,0.998,0.998,-45.47842025756836,1.0,-44.97842025756836,-48.12814292367899,3.451775703854206,-67.81820678710938,-45.47842025756836,0.013946533203125,z,0.5,2.9624816000000034,2.934110000000004,0.0096695761235943,38493,115,0.0192933729999999,0.592878489,0.6124832209999999,True,branched,,results/c0_prim_decomposition/raw/production-scip/real_01/production-scip__real_01__z-bias__seed0.branches.csv,z-bias,real_01,1.0,0.0192933729999999
110,220,34,427,349,1250,t_z_152_505_3,z,0.8829533333333331,0.8829533333333331,-45.48794174194336,1.0,-44.98794174194336,-48.10537004135811,3.440158946955159,-67.80493927001953,-45.48794174194336,0.0586395263671875,z,0.5,2.9624816000000034,2.934110000000004,0.0096695761235943,38501,116,0.0193469629999999,0.688434752,0.70810761,True,branched,,results/c0_prim_decomposition/raw/production-scip/real_01/production-scip__real_01__z-bias__seed0.branches.csv,z-bias,real_01,1.0,0.0193469629999999
111,222,35,455,398,1339,t_z_495_285_3,z,0.5,0.5,-45.5535545349121,1.0,-45.0535545349121,-48.06988872486156,3.35781302814332,-67.89659118652344,-45.5535545349121,0.0024375915527343,z,0.5,2.9624816000000034,2.934110000000004,0.0096695761235943,38556,117,0.01900021,0.689538304,0.7088659619999998,True,branched,,results/c0_prim_decomposition/raw/production-scip/real_01/production-scip__real_01__z-bias__seed0.branches.csv,z-bias,real_01,1.0,0.01900021
112,225,36,454,327,1082,t_z_515_516_3,z,0.9993333333333334,0.9993333333333334,-45.54505157470703,1.0,-45.04505157470703,-48.064186188618,3.3587778129402146,-67.88573455810547,-45.54505157470703,0.0143394470214843,z,0.5,2.9624816000000034,2.934110000000004,0.0096695761235943,38557,118,0.0189193539999999,0.604075107,0.623325032,True,branched,,results/c0_prim_decomposition/raw/production-scip/real_01/production-scip__real_01__z-bias__seed0.branches.csv,z-bias,real_01,1.0,0.0189193539999999
113,47,23,433,186,537,t_z_133_132_2,z,0.8238283307679155,0.8238283307679155,-45.682655334472656,1.0,-45.182655334472656,-48.38721292508942,3.507756317930657,-68.45938110351562,-45.682655334472656,0.0353775024414062,z,0.5,2.9624816000000034,2.934110000000004,0.0096695761235943,38685,119,0.018865474,0.6870791069999999,0.7062718209999999,True,branched,,results/c0_prim_decomposition/raw/production-scip/real_01/production-scip__real_01__z-bias__seed0.branches.csv,z-bias,real_01,1.0,0.018865474
114,229,24,427,199,595,t_z_152_133_3,z,0.7577592592592598,0.7577592592592598,-45.64674758911133,1.0,-45.14674758911133,-48.39235795353838,3.5131830152962262,-68.3827133178711,-45.64674758911133,0.0990982055664062,z,0.5,2.9624816000000034,2.934110000000004,0.0096695761235943,38689,120,0.0190076599999999,0.672177929,0.691497562,True,branched,,results/c0_prim_decomposition/raw/production-scip/real_01/production-scip__real_01__z-bias__seed0.branches.csv,z-bias,real_01,1.0,0.0190076599999999
115,231,25,410,177,535,t_z_133_132_1,z,0.823592857142858,0.823592857142858,-45.63743209838867,1.0,-45.13743209838867,-48.33665218818479,3.5134370918852524,-68.23751831054688,-45.63743209838867,0.0920028686523437,z,0.5,2.9624816000000034,2.934110000000004,0.0096695761235943,38711,121,0.019097478,0.678648982,0.6980479499999999,True,branched,,results/c0_prim_decomposition/raw/production-scip/real_01/production-scip__real_01__z-bias__seed0.branches.csv,z-bias,real_01,1.0,0.019097478
116,233,26,408,172,527,t_z_132_131_1,z,0.823592857142858,0.823592857142858,-45.6927490234375,1.0,-45.1927490234375,-48.338472478529994,3.5171841313696763,-68.22708892822266,-45.6927490234375,0.0559844970703125,z,0.5,2.9624816000000034,2.934110000000004,0.0096695761235943,38713,122,0.0187712389999999,0.689552225,0.708625739,True,branched,,results/c0_prim_decomposition/raw/production-scip/real_01/production-scip__real_01__z-bias__seed0.branches.csv,z-bias,real_01,1.0,0.0187712389999999
117,235,27,407,345,1339,t_z_495_285_3,z,0.5,0.5,-45.74235916137695,1.0,-45.24235916137695,-48.33564741429884,3.5185520028585637,-68.21745300292969,-45.74235916137695,0.01446533203125,z,0.5,2.9624816000000034,2.934110000000004,0.0096695761235943,38716,123,0.018776212,0.5991017619999999,0.618175235,True,branched,,results/c0_prim_decomposition/raw/production-scip/real_01/production-scip__real_01__z-bias__seed0.branches.csv,z-bias,real_01,1.0,0.018776212
118,237,28,406,365,1411,t_z_515_230_3,z,0.7164940476190472,0.7164940476190472,-45.74869155883789,1.0,-45.24869155883789,-48.33077947494432,3.5197326420730333,-68.20624542236328,-45.74869155883789,0.0234603881835937,z,0.5,2.9624816000000034,2.934110000000004,0.0096695761235943,38717,124,0.0185504909999999,0.68684602,0.70569408,True,branched,,results/c0_prim_decomposition/raw/production-scip/real_01/production-scip__real_01__z-bias__seed0.branches.csv,z-bias,real_01,1.0,0.0185504909999999
119,238,29,406,346,1342,t_z_285_529_1,z,0.25,0.25,-45.786815643310554,1.0,-45.286815643310554,-48.328195449753935,3.51423443034,-68.18317413330078,-45.786815643310554,0.0017967224121093,z,0.5,2.9624816000000034,2.934110000000004,0.0096695761235943,38738,125,0.018720341,0.664108235,0.683126281,True,branched,,results/c0_prim_decomposition/raw/production-scip/real_01/production-scip__real_01__z-bias__seed0.branches.csv,z-bias,real_01,1.0,0.018720341
120,40,20,431,187,537,t_z_133_132_2,z,0.8293186222222221,0.8293186222222221,-45.89937973022461,1.0,-45.39937973022461,-48.34971669987017,3.289518963319072,-68.53385925292969,-45.89937973022461,0.0312614440917968,z,0.5,2.9624816000000034,2.934110000000004,0.0096695761235943,38920,126,0.019371855,0.682477651,0.7021664619999999,True,branched,,results/c0_prim_decomposition/raw/production-scip/real_01/production-scip__real_01__z-bias__seed0.branches.csv,z-bias,real_01,1.0,0.019371855
121,243,21,425,200,595,t_z_152_133_3,z,0.7638172816728167,0.7638172816728167,-45.85951232910156,1.0,-45.35951232910156,-48.348312126608455,3.291499233854273,-68.45304870605469,-45.85951232910156,0.090118408203125,z,0.5,2.9624816000000034,2.934110000000004,0.0096695761235943,38925,127,0.018949152,0.626574904,0.645833537,True,branched,,results/c0_prim_decomposition/raw/production-scip/real_01/production-scip__real_01__z-bias__seed0.branches.csv,z-bias,real_01,1.0,0.018949152
122,245,22,447,259,851,t_z_499_3_3,z,0.9986666666666664,0.9986666666666664,-45.94493103027344,1.0,-45.44493103027344,-48.322933342099454,3.1581918399922686,-68.28367614746094,-45.94493103027344,0.0524406433105468,z,0.5,2.9624816000000034,2.934110000000004,0.0096695761235943,38987,128,0.019205586,0.623164072,0.6426985779999999,True,branched,,results/c0_prim_decomposition/raw/production-scip/real_01/production-scip__real_01__z-bias__seed0.branches.csv,z-bias,real_01,1.0,0.019205586
123,246,23,452,373,1287,t_z_526_525_1,z,0.9983333333333334,0.9983333333333334,-46.04507064819336,1.0,-45.54507064819336,-48.38891460621252,3.1443281614775054,-68.28121948242188,-46.04507064819336,0.0121726989746093,z,0.5,2.9624816000000034,2.934110000000004,0.0096695761235943,39054,129,0.0191579849999999,0.67303919,0.692527365,True,branched,,results/c0_prim_decomposition/raw/production-scip/real_01/production-scip__real_01__z-bias__seed0.branches.csv,z-bias,real_01,1.0,0.0191579849999999
124,249,24,453,190,501,t_z_93_92_0,z,0.9988333333333332,0.9988333333333332,-46.00415802001953,1.0,-45.50415802001953,-48.40338289711386,3.1549962716818998,-68.27823638916016,-46.00415802001953,0.052642822265625,z,0.5,2.9624816000000034,2.934110000000004,0.0096695761235943,39066,130,0.019591048,0.681299595,0.701215439,True,branched,,results/c0_prim_decomposition/raw/production-scip/real_01/production-scip__real_01__z-bias__seed0.branches.csv,z-bias,real_01,1.0,0.019591048
125,251,25,452,307,969,t_z_509_508_2,z,0.999,0.999,-46.051307678222656,1.0,-45.551307678222656,-48.404737565369736,3.1552311745137613,-68.27106475830078,-46.051307678222656,0.0057754516601562,z,0.5,2.9624816000000034,2.934110000000004,0.0096695761235943,39071,131,0.019235319,0.681901226,0.7014684319999999,True,branched,,results/c0_prim_decomposition/raw/production-scip/real_01/production-scip__real_01__z-bias__seed0.branches.csv,z-bias,real_01,1.0,0.019235319
126,253,26,443,355,1250,t_z_152_505_3,z,0.8685162615740749,0.8685162615740749,-46.03960418701172,1.0,-45.53960418701172,-48.397478150998495,3.16845737186387,-68.3261489868164,-46.03960418701172,0.0094642639160156,z,0.5,2.9624816000000034,2.934110000000004,0.0096695761235943,39075,132,0.0194059419999999,0.666178035,0.685912315,True,branched,,results/c0_prim_decomposition/raw/production-scip/real_01/production-scip__real_01__z-bias__seed0.branches.csv,z-bias,real_01,1.0,0.0194059419999999
0,1,0,733,598,1287,t_z_526_525_1,z,0.999,0.999,-25.088409423828125,1.0,-24.588409423828125,-26.6256690057856,1.107599689871252,-32.63037109375,-25.088409423828125,0.0063343048095703,z,0.5,1e+20,2.9341100000000035,1e+20,12769,1,0.023457525,0.695506538,0.7195333459999999,True,branched,,results/c0_prim_decomposition/raw/production-scip/real_01/production-scip__real_01__z-bias__seed1.branches.csv,z-bias,real_01,1.0,0.023457525
1,3,1,732,593,1279,t_z_525_524_1,z,0.998,0.998,-25.004045486450195,1.0,-24.504045486450195,-26.566628875628197,1.1854332101610776,-33.809547424316406,-25.004045486450195,0.0545272827148437,z,0.5,1e+20,2.9341100000000035,1e+20,12775,2,0.0231259119999999,0.6601547629999999,0.683815762,True,branched,,results/c0_prim_decomposition/raw/production-scip/real_01/production-scip__real_01__z-bias__seed1.branches.csv,z-bias,real_01,1.0,0.0231259119999999
2,5,2,731,528,1161,t_z_504_127_2,z,0.999,0.999,-25.02779960632324,1.0,-24.52779960632324,-26.53438029830661,1.1772427861154915,-33.76521301269531,-25.02779960632324,0.0102119445800781,z,0.5,1e+20,2.9341100000000035,1e+20,12777,3,0.022466374,0.67028962,0.6932905649999999,True,branched,,results/c0_prim_decomposition/raw/production-scip/real_01/production-scip__real_01__z-bias__seed1.branches.csv,z-bias,real_01,1.0,0.022466374
3,7,3,730,277,591,t_z_152_133_1,z,0.9994523809523808,0.9994523809523808,-25.018966674804688,1.0,-24.518966674804688,-26.5110142407352,1.168224905075453,-33.72688293457031,-25.018966674804688,0.0052337646484375,z,0.5,1e+20,2.9341100000000035,1e+20,12779,4,0.0232844219999999,0.65101089,0.6748355209999999,True,branched,,results/c0_prim_decomposition/raw/production-scip/real_01/production-scip__real_01__z-bias__seed1.branches.csv,z-bias,real_01,1.0,0.0232844219999999
4,9,4,728,660,1431,t_z_525_137_1,z,0.999,0.999,-25.00701904296875,1.0,-24.50701904296875,-26.493724629119203,1.158899098447232,-33.6910285949707,-25.00701904296875,0.0047798156738281,z,0.5,1e+20,2.9341100000000035,1e+20,12780,5,0.02367336,0.682408715,0.706619803,True,branched,,results/c0_prim_decomposition/raw/production-scip/real_01/production-scip__real_01__z-bias__seed1.branches.csv,z-bias,real_01,1.0,0.02367336
5,11,5,727,260,559,t_z_137_136_1,z,0.9986666666666664,0.9986666666666664,-24.951000213623047,1.0,-24.451000213623047,-26.483395391514083,1.148058220171275,-33.659393310546875,-24.951000213623047,0.0595550537109375,z,0.5,1e+20,2.9341100000000035,1e+20,12781,6,0.023494533,0.6719518599999998,0.695990239,True,branched,,results/c0_prim_decomposition/raw/production-scip/real_01/production-scip__real_01__z-bias__seed1.branches.csv,z-bias,real_01,1.0,0.023494533
6,13,6,725,508,1118,t_z_508_518_1,z,0.9986666666666668,0.9986666666666668,-25.019643783569336,1.0,-24.519643783569336,-26.484497617524244,1.137286875635759,-33.63504409790039,-25.019643783569336,0.005197525024414,z,0.5,1e+20,2.9341100000000035,1e+20,12783,7,0.0233052579999999,0.658018085,0.681869806,True,branched,,results/c0_prim_decomposition/raw/production-scip/real_01/production-scip__real_01__z-bias__seed1.branches.csv,z-bias,real_01,1.0,0.0233052579999999
7,15,7,723,522,1159,t_z_504_127_1,z,0.9994285714285714,0.9994285714285714,-25.036306381225582,1.0,-24.536306381225582,-26.48759555420935,1.12670822911238,-33.610721588134766,-25.036306381225582,0.0008697509765625,z,0.5,1e+20,2.9341100000000035,1e+20,12784,8,0.0238459409999999,0.679601827,0.703982297,True,branched,,results/c0_prim_decomposition/raw/production-scip/real_01/production-scip__real_01__z-bias__seed1.branches.csv,z-bias,real_01,1.0,0.0238459409999999
8,17,8,722,531,1182,t_z_507_512_1,z,0.999,0.999,-25.054521560668945,1.0,-24.554521560668945,-26.49222382416025,1.1151443075810454,-33.58439254760742,-25.054521560668945,0.0154132843017578,z,0.5,1e+20,2.9341100000000035,1e+20,12785,9,0.0237153249999999,0.632823776,0.657078208,True,branched,,results/c0_prim_decomposition/raw/production-scip/real_01/production-scip__real_01__z-bias__seed1.branches.csv,z-bias,real_01,1.0,0.0237153249999999
9,19,9,717,492,1089,t_z_517_516_2,z,0.999,0.999,-25.093435287475582,1.0,-24.593435287475582,-26.498316614531408,1.1058686640142248,-33.56364822387695,-25.093435287475582,0.0004119873046875,z,0.5,1e+20,2.9341100000000035,1e+20,12791,10,0.023233573,0.6493595739999999,0.673122575,True,branched,,results/c0_prim_decomposition/raw/production-scip/real_01/production-scip__real_01__z-bias__seed1.branches.csv,z-bias,real_01,1.0,0.023233573
10,21,10,729,619,1327,t_z_495_230_1,z,0.9993888888888888,0.9993888888888888,-25.20007705688477,1.0,-24.70007705688477,-27.142806329190808,2.280398869114966,-46.64352035522461,-25.20007705688477,0.0200710296630859,z,0.5,1e+20,2.9341100000000035,1e+20,12907,11,0.025063399,0.686494708,0.712015825,True,branched,,results/c0_prim_decomposition/raw/production-scip/real_01/production-scip__real_01__z-bias__seed1.branches.csv,z-bias,real_01,1.0,0.025063399
11,23,11,728,441,967,t_z_509_508_1,z,0.9996666666666668,0.9996666666666668,-25.24178695678711,1.0,-24.74178695678711,-27.153980459485734,2.274498117804304,-46.624473571777344,-25.24178695678711,0.0159130096435546,z,0.5,1e+20,2.9341100000000035,1e+20,12911,12,0.02379153,0.697911383,0.7222485469999999,True,branched,,results/c0_prim_decomposition/raw/production-scip/real_01/production-scip__real_01__z-bias__seed1.branches.csv,z-bias,real_01,1.0,0.02379153
12,25,12,726,258,539,t_z_133_132_3,z,0.999,0.999,-25.279998779296875,1.0,-24.779998779296875,-27.162123582908272,2.2699677919176966,-46.60276794433594,-25.279998779296875,0.0013904571533203,z,0.5,1e+20,2.9341100000000035,1e+20,12915,13,0.024407547,0.685806298,0.710752597,True,branched,,results/c0_prim_decomposition/raw/production-scip/real_01/production-scip__real_01__z-bias__seed1.branches.csv,z-bias,real_01,1.0,0.024407547
13,27,13,725,263,551,t_z_136_135_1,z,0.996,0.996,-25.290281295776367,1.0,-24.790281295776367,-27.170114019985856,2.2647523208448552,-46.58295822143555,-25.290281295776367,0.033599853515625,z,0.5,1e+20,2.9341100000000035,1e+20,12917,14,0.0241127429999999,0.684099758,0.7087602379999999,True,branched,,results/c0_prim_decomposition/raw/production-scip/real_01/production-scip__real_01__z-bias__seed1.branches.csv,z-bias,real_01,1.0,0.0241127429999999
14,29,14,723,377,851,t_z_499_3_3,z,0.9993333333333334,0.9993333333333334,-25.34731101989746,1.0,-24.84731101989746,-27.180685423221824,2.2608207357993924,-46.56597518920898,-25.34731101989746,0.0048885345458984,z,0.5,1e+20,2.9341100000000035,1e+20,12919,15,0.0237001309999999,0.678284926,0.7025385579999999,True,branched,,results/c0_prim_decomposition/raw/production-scip/real_01/production-scip__real_01__z-bias__seed1.branches.csv,z-bias,real_01,1.0,0.0237001309999999
15,31,15,721,510,1127,t_z_518_413_1,z,0.997,0.997,-25.366649627685547,1.0,-24.866649627685547,-27.18653887353228,2.257180936815234,-46.54631042480469,-25.366649627685547,0.0080184936523437,z,0.5,1e+20,2.9341100000000035,1e+20,12920,16,0.023597494,0.6395351919999999,0.663675609,True,branched,,results/c0_prim_decomposition/raw/production-scip/real_01/production-scip__real_01__z-bias__seed1.branches.csv,z-bias,real_01,1.0,0.023597494
16,33,16,713,562,1247,t_z_505_152_1,z,0.9993888888888888,0.9993888888888888,-25.390281677246094,1.0,-24.890281677246094,-27.16278387553896,2.1835078007796223,-46.526721954345696,-25.390281677246094,0.0060882568359375,z,0.5,1e+20,2.9341100000000035,1e+20,12922,17,0.02435085,0.678765438,0.703642104,True,branched,,results/c0_prim_decomposition/raw/production-scip/real_01/production-scip__real_01__z-bias__seed1.branches.csv,z-bias,real_01,1.0,0.02435085
17,34,17,719,292,638,t_z_132_152_1,z,0.999,0.999,-25.39755630493164,1.0,-24.89755630493164,-27.25500042879532,2.270856142631572,-46.57582473754882,-25.39755630493164,0.0012550354003906,z,0.5,1e+20,2.9341100000000035,1e+20,13003,18,0.0239797409999999,0.6904834429999999,0.714994667,True,branched,,results/c0_prim_decomposition/raw/production-scip/real_01/production-scip__real_01__z-bias__seed1.branches.csv,z-bias,real_01,1.0,0.0239797409999999
18,37,18,718,292,639,t_z_152_132_1,z,0.998,0.998,-25.280975341796875,1.0,-24.780975341796875,-27.258501934805956,2.2670286693279174,-46.5575065612793,-25.280975341796875,0.1612796783447265,z,0.5,1e+20,2.9341100000000035,1e+20,13004,19,0.0236240529999999,0.6876622089999999,0.7118195379999999,True,branched,,results/c0_prim_decomposition/raw/production-scip/real_01/production-scip__real_01__z-bias__seed1.branches.csv,z-bias,real_01,1.0,0.0236240529999999
19,38,19,717,250,526,t_z_131_132_1,z,0.9989999999999998,0.9989999999999998,-25.415098190307617,1.0,-24.915098190307617,-27.26112903610932,2.2637728911841557,-46.54049682617188,-25.415098190307617,0.01043701171875,z,0.5,1e+20,2.9341100000000035,1e+20,13006,20,0.023517294,0.69416394,0.7182053729999999,True,branched,,results/c0_prim_decomposition/raw/production-scip/real_01/production-scip__real_01__z-bias__seed1.branches.csv,z-bias,real_01,1.0,0.023517294
20,41,20,714,250,527,t_z_132_131_1,z,0.998,0.998,-25.432661056518555,1.0,-24.932661056518555,-27.26734963051077,2.2614898609330765,-46.52318954467773,-25.432661056518555,0.0153732299804687,z,0.5,1e+20,2.9341100000000035,1e+20,13007,21,0.02332422,0.68965355,0.71350478,True,branched,,results/c0_prim_decomposition/raw/production-scip/real_01/production-scip__real_01__z-bias__seed1.branches.csv,z-bias,real_01,1.0,0.02332422
21,42,21,713,422,959,t_z_508_507_1,z,0.9985,0.9985,-25.39194869995117,1.0,-24.89194869995117,-27.224275209124592,2.260834925323685,-46.47715759277344,-25.39194869995117,0.0242919921875,z,0.5,1e+20,2.9341100000000035,1e+20,13020,23,0.023604013,0.677255283,0.701394248,True,branched,,results/c0_prim_decomposition/raw/production-scip/real_01/production-scip__real_01__z-bias__seed1.branches.csv,z-bias,real_01,1.0,0.023604013
22,45,22,711,637,1417,t_z_517_500_2,z,0.999,0.999,-25.420812606811523,1.0,-24.920812606811523,-27.222191634895765,2.2579043769422986,-46.461551666259766,-25.420812606811523,0.009561538696289,z,0.5,1e+20,2.9341100000000035,1e+20,13023,24,0.0237552549999999,0.656242612,0.68051969,True,branched,,results/c0_prim_decomposition/raw/production-scip/real_01/production-scip__real_01__z-bias__seed1.branches.csv,z-bias,real_01,1.0,0.0237552549999999
23,47,23,709,637,1419,t_z_517_500_3,z,0.99875,0.99875,-25.442995071411133,1.0,-24.942995071411133,-27.22826769657969,2.255928054287332,-46.45138549804688,-25.442995071411133,0.0010604858398437,z,0.5,1e+20,2.9341100000000035,1e+20,13024,25,0.0235940229999999,0.695184189,0.7193071119999999,True,branched,,results/c0_prim_decomposition/raw/production-scip/real_01/production-scip__real_01__z-bias__seed1.branches.csv,z-bias,real_01,1.0,0.0235940229999999
24,48,24,711,573,1283,t_z_525_524_3,z,0.999,0.999,-25.46564483642578,1.0,-24.96564483642578,-27.2424287272908,2.2518643870660497,-46.45098876953125,-25.46564483642578,0.0341148376464843,z,0.5,1e+20,2.9341100000000035,1e+20,13030,26,0.0234755139999999,0.6758243459999999,0.6998267249999999,True,branched,,results/c0_prim_decomposition/raw/production-scip/real_01/production-scip__real_01__z-bias__seed1.branches.csv,z-bias,real_01,1.0,0.0234755139999999
25,50,25,711,605,1350,t_z_521_529_1,z,0.9985,0.9985,-25.511608123779297,1.0,-25.011608123779297,-27.248936311102117,2.249609495314371,-46.448486328125,-25.511608123779297,0.0068283081054687,z,0.5,1e+20,2.9341100000000035,1e+20,13033,27,0.02401651,0.681989006,0.7065321589999999,True,branched,,results/c0_prim_decomposition/raw/production-scip/real_01/production-scip__real_01__z-bias__seed1.branches.csv,z-bias,real_01,1.0,0.02401651
26,52,26,698,588,1343,t_z_529_285_1,z,0.998,0.998,-25.52301025390625,1.0,-25.02301025390625,-27.27255719575636,2.2915265643586817,-46.38176345825195,-25.52301025390625,0.0177440643310546,z,0.5,1e+20,2.9341100000000035,1e+20,13120,28,0.02328805,0.5975480699999999,0.621353354,True,branched,,results/c0_prim_decomposition/raw/production-scip/real_01/production-scip__real_01__z-bias__seed1.branches.csv,z-bias,real_01,1.0,0.02328805
27,54,27,697,591,1354,t_z_521_529_3,z,0.998,0.998,-25.55744361877441,1.0,-25.05744361877441,-27.27862212510841,2.2904990067207547,-46.38009262084961,-25.55744361877441,0.035287857055664,z,0.5,1e+20,2.9341100000000035,1e+20,13123,29,0.0238819689999999,0.685632754,0.710032434,True,branched,,results/c0_prim_decomposition/raw/production-scip/real_01/production-scip__real_01__z-bias__seed1.branches.csv,z-bias,real_01,1.0,0.0238819689999999
28,57,28,698,571,1301,t_z_527_189_0,z,0.999,0.999,-25.599803924560547,1.0,-25.099803924560547,-27.282315019208585,2.2860989952721456,-46.3785514831543,-25.599803924560547,0.0009670257568359,z,0.5,1e+20,2.9341100000000035,1e+20,13126,30,0.023269172,0.630457574,0.654260375,True,branched,,results/c0_prim_decomposition/raw/production-scip/real_01/production-scip__real_01__z-bias__seed1.branches.csv,z-bias,real_01,1.0,0.023269172
29,58,29,699,528,1218,t_z_509_521_3,z,0.892590131524685,0.892590131524685,-25.55977439880371,1.0,-25.05977439880371,-27.278973493453258,2.250050785829945,-45.94384002685546,-25.55977439880371,0.0004253387451171,z,0.5,1e+20,2.9341100000000035,1e+20,13135,31,0.0235051899999999,0.6774831599999999,0.701510221,True,branched,,results/c0_prim_decomposition/raw/production-scip/real_01/production-scip__real_01__z-bias__seed1.branches.csv,z-bias,real_01,1.0,0.0235051899999999
30,61,30,702,530,1219,t_z_521_509_3,z,0.9959999999999998,0.9959999999999998,-25.507776260375977,1.0,-25.007776260375977,-27.289542787774675,2.2371410044669644,-45.93684768676758,-25.507776260375977,0.1501197814941406,z,0.5,1e+20,2.9341100000000035,1e+20,13154,32,0.024546653,0.663016413,0.688082132,True,branched,,results/c0_prim_decomposition/raw/production-scip/real_01/production-scip__real_01__z-bias__seed1.branches.csv,z-bias,real_01,1.0,0.024546653
31,62,31,701,587,1335,t_z_495_285_1,z,0.999,0.999,-25.600336074829105,1.0,-25.100336074829105,-27.23944776374501,2.2364328152861037,-45.903026580810554,-25.600336074829105,0.0109710693359375,z,0.5,1e+20,2.9341100000000035,1e+20,13170,34,0.024154205,0.695284035,0.7199565239999999,True,branched,,results/c0_prim_decomposition/raw/production-scip/real_01/production-scip__real_01__z-bias__seed1.branches.csv,z-bias,real_01,1.0,0.024154205
32,65,32,700,352,835,t_z_496_1_3,z,0.9985,0.9985,-25.59930419921875,1.0,-25.09930419921875,-27.230033953530448,2.237466782877372,-45.89126968383789,-25.59930419921875,0.0176811218261718,z,0.5,1e+20,2.9341100000000035,1e+20,13170,35,0.0240277739999999,0.67678207,0.701339236,True,branched,,results/c0_prim_decomposition/raw/production-scip/real_01/production-scip__real_01__z-bias__seed1.branches.csv,z-bias,real_01,1.0,0.0240277739999999
33,67,33,697,244,543,t_z_135_134_1,z,0.995,0.995,-25.630022048950195,1.0,-25.130022048950195,-27.240538278303323,2.2384792692576414,-45.88886260986328,-25.630022048950195,0.0007991790771484,z,0.5,1e+20,2.9341100000000035,1e+20,13172,36,0.0238389729999999,0.685901704,0.710259645,True,branched,,results/c0_prim_decomposition/raw/production-scip/real_01/production-scip__real_01__z-bias__seed1.branches.csv,z-bias,real_01,1.0,0.0238389729999999
34,69,34,689,607,1405,t_z_515_230_0,z,0.999,0.999,-25.64457321166992,1.0,-25.14457321166992,-27.23869503945848,2.2413161478483,-45.88617706298828,-25.64457321166992,0.0036582946777343,z,0.5,1e+20,2.9341100000000035,1e+20,13175,37,0.023688026,0.635585433,0.659793056,True,branched,,results/c0_prim_decomposition/raw/production-scip/real_01/production-scip__real_01__z-bias__seed1.branches.csv,z-bias,real_01,1.0,0.023688026
35,71,35,688,469,1101,t_z_497_94_0,z,0.927927298292703,0.927927298292703,-25.64069938659668,1.0,-25.14069938659668,-27.23363614914029,2.2428294966690308,-45.88304138183594,-25.64069938659668,0.0076045989990234,z,0.5,1e+20,2.9341100000000035,1e+20,13175,38,0.023834838,0.675662929,0.700010754,True,branched,,results/c0_prim_decomposition/raw/production-scip/real_01/production-scip__real_01__z-bias__seed1.branches.csv,z-bias,real_01,1.0,0.023834838
36,73,36,686,524,1229,t_z_134_133_0,z,0.8743148677370985,0.8743148677370985,-25.660858154296875,1.0,-25.160858154296875,-27.24076371429265,2.2427424263497695,-45.88106918334961,-25.660858154296875,0.024545669555664,z,0.5,1e+20,2.9341100000000035,1e+20,13176,39,0.0234384239999999,0.685780629,0.7097264789999999,True,branched,,results/c0_prim_decomposition/raw/production-scip/real_01/production-scip__real_01__z-bias__seed1.branches.csv,z-bias,real_01,1.0,0.0234384239999999
37,75,37,680,236,533,t_z_133_132_0,z,0.8652609667535138,0.8652609667535138,-25.560400009155277,1.0,-25.060400009155277,-27.253044602450203,2.2469738851999734,-45.88716506958008,-25.560400009155277,0.1392440795898437,z,0.5,1e+20,2.9341100000000035,1e+20,13180,40,0.0237750509999999,0.6801398229999999,0.7044241869999999,True,branched,,results/c0_prim_decomposition/raw/production-scip/real_01/production-scip__real_01__z-bias__seed1.branches.csv,z-bias,real_01,1.0,0.0237750509999999
38,77,38,678,234,531,t_z_132_131_3,z,0.998,0.998,-25.71241569519043,1.0,-25.21241569519043,-27.2625438555152,2.247765429573892,-45.88925552368164,-25.71241569519043,0.0096759796142578,z,0.5,1e+20,2.9341100000000035,1e+20,13182,41,0.0236233279999999,0.596664548,0.620791737,True,branched,,results/c0_prim_decomposition/raw/production-scip/real_01/production-scip__real_01__z-bias__seed1.branches.csv,z-bias,real_01,1.0,0.0236233279999999
39,79,39,676,241,563,t_z_137_136_3,z,0.999,0.999,-25.735008239746094,1.0,-25.235008239746094,-27.27216428271412,2.2479757109573137,-45.8907585144043,-25.735008239746094,0.017669677734375,z,0.5,1e+20,2.9341100000000035,1e+20,13183,42,0.023280212,0.693988575,0.717769305,True,branched,,results/c0_prim_decomposition/raw/production-scip/real_01/production-scip__real_01__z-bias__seed1.branches.csv,z-bias,real_01,1.0,0.023280212
40,81,40,680,246,541,t_z_135_134_0,z,0.8881129909530858,0.8881129909530858,-25.782455444335938,1.0,-25.282455444335938,-27.586183531144087,2.4853748336497548,-45.8062629699707,-25.782455444335938,0.0125198364257812,z,0.5,1e+20,2.9341100000000035,1e+20,13245,43,0.0242507419999999,0.6926277269999999,0.7173820669999998,True,branched,,results/c0_prim_decomposition/raw/production-scip/real_01/production-scip__real_01__z-bias__seed1.branches.csv,z-bias,real_01,1.0,0.0242507419999999
41,83,41,679,551,1300,t_z_189_527_0,z,0.999,0.999,-25.797983169555664,1.0,-25.297983169555664,-27.59298287786335,2.4844993976592287,-45.80807495117188,-25.797983169555664,0.0079021453857421,z,0.5,1e+20,2.9341100000000035,1e+20,13246,44,0.023559566,0.669997163,0.694064615,True,branched,,results/c0_prim_decomposition/raw/production-scip/real_01/production-scip__real_01__z-bias__seed1.branches.csv,z-bias,real_01,1.0,0.023559566
42,85,42,680,552,1303,t_z_527_189_1,z,0.9996666666666668,0.9996666666666668,-25.804218292236328,1.0,-25.304218292236328,-27.608303608613856,2.4843450696304394,-45.81719970703125,-25.804218292236328,0.0123252868652343,z,0.5,1e+20,2.9341100000000035,1e+20,13255,45,0.023374425,0.6927589889999999,0.716637371,True,branched,,results/c0_prim_decomposition/raw/production-scip/real_01/production-scip__real_01__z-bias__seed1.branches.csv,z-bias,real_01,1.0,0.023374425
43,87,43,680,641,1510,t_z_518_544_1,z,0.7809686772026669,0.7809686772026669,-25.82367706298828,1.0,-25.32367706298828,-27.612724710913263,2.4821290344189286,-45.81978988647461,-25.82367706298828,0.0362453460693359,z,0.5,1e+20,2.9341100000000035,1e+20,13257,46,0.0238863529999999,0.687101363,0.7115208339999999,True,branched,,results/c0_prim_decomposition/raw/production-scip/real_01/production-scip__real_01__z-bias__seed1.branches.csv,z-bias,real_01,1.0,0.0238863529999999
44,89,44,679,468,1103,t_z_497_94_1,z,0.7809686772026667,0.7809686772026667,-25.87000274658203,1.0,-25.37000274658203,-27.618339903751423,2.481510202198352,-45.82295608520508,-25.87000274658203,0.0159950256347656,z,0.5,1e+20,2.9341100000000035,1e+20,13258,47,0.024737002,0.690306478,0.715473596,True,branched,,results/c0_prim_decomposition/raw/production-scip/real_01/production-scip__real_01__z-bias__seed1.branches.csv,z-bias,real_01,1.0,0.024737002
45,91,45,678,407,973,t_z_510_509_0,z,0.8928453668371981,0.8928453668371981,-25.89859962463379,1.0,-25.39859962463379,-27.63486503499799,2.4810402285446567,-45.83538055419922,-25.89859962463379,0.0209274291992187,z,0.5,1e+20,2.9341100000000035,1e+20,13259,48,0.02401156,0.608172221,0.632684062,True,branched,,results/c0_prim_decomposition/raw/production-scip/real_01/production-scip__real_01__z-bias__seed1.branches.csv,z-bias,real_01,1.0,0.02401156
46,93,46,679,245,525,t_z_132_131_0,z,0.8922081847956356,0.8922081847956356,-25.93149948120117,1.0,-25.43149948120117,-27.656111856272364,2.4798702093318687,-45.850563049316406,-25.93149948120117,0.0070934295654296,z,0.5,1e+20,2.9341100000000035,1e+20,13264,49,0.0247679269999999,0.691173625,0.716446564,True,branched,,results/c0_prim_decomposition/raw/production-scip/real_01/production-scip__real_01__z-bias__seed1.branches.csv,z-bias,real_01,1.0,0.0247679269999999
47,95,47,677,533,1276,t_z_524_525_0,z,0.999,0.999,-25.956239700317383,1.0,-25.456239700317383,-27.67068037148593,2.481117823192854,-45.860984802246094,-25.956239700317383,0.0295562744140625,z,0.5,1e+20,2.9341100000000035,1e+20,13265,50,0.023945948,0.685265439,0.709713804,True,branched,,results/c0_prim_decomposition/raw/production-scip/real_01/production-scip__real_01__z-bias__seed1.branches.csv,z-bias,real_01,1.0,0.023945948
48,97,48,680,538,1277,t_z_525_524_0,z,0.3339259259259258,0.3339259259259258,-25.961641311645508,1.0,-25.461641311645508,-27.67087851412156,2.469668111960232,-45.99773025512695,-25.961641311645508,0.034341812133789,z,0.5,1e+20,2.9341100000000035,1e+20,13276,51,0.023908866,0.6321738129999999,0.6565786019999998,True,branched,,results/c0_prim_decomposition/raw/production-scip/real_01/production-scip__real_01__z-bias__seed1.branches.csv,z-bias,real_01,1.0,0.023908866
49,98,49,679,236,501,t_z_93_92_0,z,0.999,0.999,-25.79616355895996,1.0,-25.29616355895996,-27.646358832695,2.472131622451362,-45.98533630371094,-25.79616355895996,0.1786079406738281,z,0.5,1e+20,2.9341100000000035,1e+20,13297,53,0.023709467,0.6030265489999999,0.627242645,True,branched,,results/c0_prim_decomposition/raw/production-scip/real_01/production-scip__real_01__z-bias__seed1.branches.csv,z-bias,real_01,1.0,0.023709467
50,100,50,679,655,1556,t_z_92_524_0,z,0.999,0.999,-25.684104919433597,1.0,-25.184104919433597,-27.65640489974324,2.471546356551523,-45.99121475219727,-25.684104919433597,0.0001049041748046,z,0.5,1e+20,2.9341100000000035,1e+20,13301,54,0.0236956089999999,0.6888641389999999,0.712988029,True,branched,,results/c0_prim_decomposition/raw/production-scip/real_01/production-scip__real_01__z-bias__seed1.branches.csv,z-bias,real_01,1.0,0.0236956089999999
51,102,51,678,655,1557,t_z_524_92_0,z,0.999,0.999,-25.949920654296875,1.0,-25.449920654296875,-27.676677270624843,2.47115323737647,-46.00726318359375,-25.949920654296875,0.0348281860351562,z,0.5,1e+20,2.9341100000000035,1e+20,13302,55,0.0237427729999999,0.692036451,0.7162755339999999,True,branched,,results/c0_prim_decomposition/raw/production-scip/real_01/production-scip__real_01__z-bias__seed1.branches.csv,z-bias,real_01,1.0,0.0237427729999999
52,105,52,677,302,703,t_z_305_304_1,z,0.999,0.999,-25.992189407348636,1.0,-25.492189407348636,-27.686647595471783,2.47261754409394,-46.01976013183594,-25.992189407348636,0.0324993133544921,z,0.5,1e+20,2.9341100000000035,1e+20,13302,56,0.0235629509999999,0.68903628,0.7130992999999999,True,branched,,results/c0_prim_decomposition/raw/production-scip/real_01/production-scip__real_01__z-bias__seed1.branches.csv,z-bias,real_01,1.0,0.0235629509999999
53,107,53,676,245,523,t_z_121_120_3,z,0.999,0.999,-26.03323554992676,1.0,-25.53323554992676,-27.701654231054544,2.4727800733407723,-46.03362274169922,-26.03323554992676,0.0,z,0.5,1e+20,2.9341100000000035,1e+20,13303,57,0.023869669,0.642610616,0.666989165,True,branched,,results/c0_prim_decomposition/raw/production-scip/real_01/production-scip__real_01__z-bias__seed1.branches.csv,z-bias,real_01,1.0,0.023869669
54,109,54,675,306,719,t_z_361_360_1,z,0.999,0.999,-26.04130744934082,1.0,-25.54130744934082,-27.716050872802736,2.473246785839834,-46.04745101928711,-26.04130744934082,0.0288600921630859,z,0.5,1e+20,2.9341100000000035,1e+20,13304,58,0.023995037,0.684550411,0.708975341,True,branched,,results/c0_prim_decomposition/raw/production-scip/real_01/production-scip__real_01__z-bias__seed1.branches.csv,z-bias,real_01,1.0,0.023995037
55,111,55,674,538,1284,t_z_525_526_0,z,0.9989999999999996,0.9989999999999996,-26.07550811767578,1.0,-25.57550811767578,-27.730128458062687,2.4738708439604364,-46.061283111572266,-26.07550811767578,0.0250473022460937,z,0.5,1e+20,2.9341100000000035,1e+20,13305,59,0.024102556,0.670272324,0.6948762699999999,True,branched,,results/c0_prim_decomposition/raw/production-scip/real_01/production-scip__real_01__z-bias__seed1.branches.csv,z-bias,real_01,1.0,0.024102556
56,113,56,645,538,1330,t_z_230_495_3,z,0.998,0.998,-26.050350189208984,1.0,-25.550350189208984,-27.728565455591955,2.4860738907848514,-46.08022689819336,-26.050350189208984,0.0667972564697265,z,0.5,1e+20,2.9341100000000035,1e+20,13318,60,0.024206233,0.6970596,0.721760134,True,branched,,results/c0_prim_decomposition/raw/production-scip/real_01/production-scip__real_01__z-bias__seed1.branches.csv,z-bias,real_01,1.0,0.024206233
57,115,57,671,276,623,t_z_189_188_1,z,0.9989999999999998,0.9989999999999998,-26.126502990722656,1.0,-25.626502990722656,-27.76245193083489,2.480701639752428,-46.09487915039063,-26.126502990722656,0.0057888031005859,z,0.5,1e+20,2.9341100000000035,1e+20,13320,61,0.02391045,0.6941612259999999,0.7185693939999999,True,branched,,results/c0_prim_decomposition/raw/production-scip/real_01/production-scip__real_01__z-bias__seed1.branches.csv,z-bias,real_01,1.0,0.02391045
58,117,58,669,593,1412,t_z_500_517_0,z,0.997,0.997,-26.140832901000977,1.0,-25.640832901000977,-27.776874257131897,2.483426410952016,-46.11176681518555,-26.140832901000977,0.0051631927490234,z,0.5,1e+20,2.9341100000000035,1e+20,13327,62,0.024217274,0.6495643549999999,0.6742798119999999,True,branched,,results/c0_prim_decomposition/raw/production-scip/real_01/production-scip__real_01__z-bias__seed1.branches.csv,z-bias,real_01,1.0,0.024217274
59,119,59,664,590,1418,t_z_500_517_3,z,0.9992499999999997,0.9992499999999997,-26.152740478515625,1.0,-25.652740478515625,-27.787918277533656,2.4892393985152577,-46.126224517822266,-26.152740478515625,0.0087928771972656,z,0.5,1e+20,2.9341100000000035,1e+20,13330,63,0.024530855,0.6984156999999999,0.72343935,True,branched,,results/c0_prim_decomposition/raw/production-scip/real_01/production-scip__real_01__z-bias__seed1.branches.csv,z-bias,real_01,1.0,0.024530855
60,121,60,659,642,1567,t_z_544_516_1,z,0.3318333333333332,0.3318333333333332,-26.175498962402344,1.0,-25.675498962402344,-27.79823353873037,2.493820411766103,-46.14171600341797,-26.175498962402344,0.0008869171142578,z,0.5,1e+20,2.9341100000000035,1e+20,13331,64,0.024267277,0.69620502,0.7209655609999999,True,branched,,results/c0_prim_decomposition/raw/production-scip/real_01/production-scip__real_01__z-bias__seed1.branches.csv,z-bias,real_01,1.0,0.024267277
61,123,61,658,337,813,t_z_497_101_0,z,0.1162581590515521,0.1162581590515521,-26.18386650085449,1.0,-25.68386650085449,-27.809513729756365,2.4951146889364257,-46.156936645507805,-26.18386650085449,0.0076904296875,z,0.5,1e+20,2.9341100000000035,1e+20,13332,65,0.0248377749999999,0.646052018,0.671399096,True,branched,,results/c0_prim_decomposition/raw/production-scip/real_01/production-scip__real_01__z-bias__seed1.branches.csv,z-bias,real_01,1.0,0.0248377749999999
0,1,0,247,15,24,t_m_6_0,m,0.2029805738320336,0.2029805738320336,-25.00248146057129,0.3000000119209289,-24.852481842041016,-25.662711139632624,0.3749658529872044,-27.095027923583984,-24.95883178710937,0.0220184326171875,prim,0.5,1e+20,0.0211703156718749,1e+20,13080,1,0.020640265,0.855128938,0.8851917369999999,True,branched,,results/c0_prim_decomposition/raw/production-scip/real_05/production-scip__real_05__full-prim__seed0.branches.csv,full-prim,real_05,0.3000000119209289,0.020640265
1,2,1,250,33,50,t_m_12_2,m,0.1249166249582915,0.1249166249582915,-25.035083770751957,0.3000000119209289,-24.88508415222168,-25.666734870910645,0.3813056225613195,-27.13242721557617,-24.976253509521484,0.0050735473632812,prim,0.5,1e+20,0.0211703156718749,1e+20,13091,2,0.020186636,0.77895557,0.8084582369999999,True,branched,,results/c0_prim_decomposition/raw/production-scip/real_05/production-scip__real_05__full-prim__seed0.branches.csv,full-prim,real_05,0.3000000119209289,0.020186636
2,5,2,221,5,11,t_m_2_3,m,0.3901668335001654,0.3901668335001654,-25.16502952575684,0.3000000119209289,-25.01502990722656,-25.762923305390647,0.3898643637924335,-27.06721305847168,-25.048252105712887,0.0089397430419921,prim,0.5,1e+20,0.0211703156718749,1e+20,13169,3,0.0200915179999999,0.809414386,0.838908294,True,branched,,results/c0_prim_decomposition/raw/production-scip/real_05/production-scip__real_05__full-prim__seed0.branches.csv,full-prim,real_05,0.3000000119209289,0.0200915179999999
3,7,3,223,23,54,t_m_13_2,m,0.1690554999443885,0.1690554999443885,-25.107297897338867,0.0,-25.107297897338867,-25.79874059223808,0.3736577683545391,-27.444698333740234,-25.107297897338867,0.0296993255615234,prim,0.5,1e+20,0.0211703156718749,1e+20,13238,4,0.0202494899999999,0.802517584,0.83217446,True,branched,,results/c0_prim_decomposition/raw/production-scip/real_05/production-scip__real_05__full-prim__seed0.branches.csv,full-prim,real_05,0.0,0.0202494899999999
4,9,4,227,2,4,t_m_1_0,m,0.1244584584584582,0.1244584584584582,-25.18271255493164,0.3000000119209289,-25.032712936401367,-25.82190316154043,0.365165834064196,-27.403364181518555,-25.108285903930664,0.0448017120361328,prim,0.5,1e+20,0.0211703156718749,1e+20,13266,5,0.0199250579999999,0.806072004,0.835382375,True,branched,,results/c0_prim_decomposition/raw/production-scip/real_05/production-scip__real_05__full-prim__seed0.branches.csv,full-prim,real_05,0.3000000119209289,0.0199250579999999
5,11,5,210,36,101,t_m_25_1,m,0.001,0.001,-25.35697364807129,0.3000000119209289,-25.206974029541016,-25.882866414388022,0.3627147714041201,-27.381732940673828,-25.291849136352536,0.0431499481201171,prim,0.5,1e+20,0.0211703156718749,1e+20,13328,6,0.020443452,0.793072964,0.827578287,True,branched,,results/c0_prim_decomposition/raw/production-scip/real_05/production-scip__real_05__full-prim__seed0.branches.csv,full-prim,real_05,0.3000000119209289,0.020443452
6,12,6,207,27,73,t_m_18_1,m,0.0019439995551109,0.0019439995551109,-25.400848388671875,0.3000000119209289,-25.2508487701416,-25.90597805078479,0.3561042594631639,-27.34946823120117,-25.32590675354004,0.0322475433349609,prim,0.5,1e+20,0.0211703156718749,1e+20,13338,7,0.019659524,0.793136818,0.8221349129999999,True,branched,,results/c0_prim_decomposition/raw/production-scip/real_05/production-scip__real_05__full-prim__seed0.branches.csv,full-prim,real_05,0.3000000119209289,0.019659524
7,14,7,203,27,74,t_m_18_2,m,0.001,0.001,-25.44707489013672,0.3000000119209289,-25.297075271606445,-25.952714102608816,0.3505852395285866,-27.323749542236328,-25.39517974853516,0.0282363891601562,prim,0.5,1e+20,0.0211703156718749,1e+20,13353,8,0.019741583,0.7946712169999999,0.823763148,True,branched,,results/c0_prim_decomposition/raw/production-scip/real_05/production-scip__real_05__full-prim__seed0.branches.csv,full-prim,real_05,0.3000000119209289,0.019741583
8,17,8,228,32,102,t_m_25_2,m,0.0023854107271823,0.0023854107271823,-25.47159767150879,0.3000000119209289,-25.32159805297852,-25.99045501675522,0.3463836760131342,-27.31023979187012,-25.40045547485352,0.0239524841308593,prim,0.5,1e+20,0.0211703156718749,1e+20,13395,9,0.0199813759999999,0.7942325519999999,0.8236244839999999,True,branched,,results/c0_prim_decomposition/raw/production-scip/real_05/production-scip__real_05__full-prim__seed0.branches.csv,full-prim,real_05,0.3000000119209289,0.0199813759999999
9,18,9,214,33,100,t_m_25_0,m,0.001,0.001,-25.51631164550781,0.3000000119209289,-25.366312026977536,-26.020311230811004,0.3462608428613923,-27.287715911865234,-25.409154891967773,0.0469188690185546,prim,0.5,1e+20,0.0211703156718749,1e+20,13409,10,0.0195812359999999,0.7908437809999999,0.819901533,True,branched,,results/c0_prim_decomposition/raw/production-scip/real_05/production-scip__real_05__full-prim__seed0.branches.csv,full-prim,real_05,0.3000000119209289,0.0195812359999999
10,21,10,252,35,91,t_m_22_3,m,0.1653888888888881,0.1653888888888881,-25.40944099426269,0.3000000119209289,-25.259441375732425,-26.140556070539688,0.374897409554065,-27.53650665283203,-25.40944099426269,0.0245189666748046,prim,0.5,1e+20,0.0211703156718749,1e+20,13500,11,0.020224405,0.7932652639999999,0.8228940399999999,True,branched,,results/c0_prim_decomposition/raw/production-scip/real_05/production-scip__real_05__full-prim__seed0.branches.csv,full-prim,real_05,0.3000000119209289,0.020224405
11,23,11,250,97,561,t_z_130_12_0,z,0.2858571428571434,0.2858571428571434,-25.848424911499023,1.0,-25.348424911499023,-26.229707160949708,0.3644528152319118,-27.53018951416016,-25.450347900390625,0.0763568878173828,prim,0.5,1e+20,0.0211703156718749,1e+20,13596,12,0.0197638389999999,0.788025332,0.8172035739999999,True,branched,,results/c0_prim_decomposition/raw/production-scip/real_05/production-scip__real_05__full-prim__seed0.branches.csv,full-prim,real_05,1.0,0.0197638389999999
12,25,12,249,47,161,t_z_12_11_0,z,0.2858571428571434,0.2858571428571434,-25.786745071411133,1.0,-25.286745071411133,-26.24832849617464,0.3598108732413875,-27.47648048400879,-25.439268112182617,0.0955085754394531,prim,0.5,1e+20,0.0211703156718749,1e+20,13599,13,0.019855634,0.7813709829999999,0.8109013539999999,True,branched,,results/c0_prim_decomposition/raw/production-scip/real_05/production-scip__real_05__full-prim__seed0.branches.csv,full-prim,real_05,1.0,0.019855634
13,27,13,228,25,84,t_m_21_0,m,0.2500001251251253,0.2500001251251253,-25.62118148803711,0.3000000119209289,-25.47118186950684,-26.3175773035016,0.3613690238394356,-27.5465030670166,-25.436418533325195,0.0935497283935546,prim,0.5,1e+20,0.0211703156718749,1e+20,13615,14,0.019180576,0.784661247,0.813213602,True,branched,,results/c0_prim_decomposition/raw/production-scip/real_05/production-scip__real_05__full-prim__seed0.branches.csv,full-prim,real_05,0.3000000119209289,0.019180576
14,29,14,238,43,215,t_z_26_25_3,z,0.2496250000000008,0.2496250000000008,-25.95819854736328,1.0,-25.45819854736328,-26.332694806972476,0.3592839025948541,-27.51517677307129,-25.435569763183597,0.0837020874023437,prim,0.5,1e+20,0.0211703156718749,1e+20,13645,15,0.019262507,0.78499931,0.8136096729999999,True,branched,,results/c0_prim_decomposition/raw/production-scip/real_05/production-scip__real_05__full-prim__seed0.branches.csv,full-prim,real_05,1.0,0.019262507
15,31,15,237,36,127,t_m_31_3,m,0.2496250000000008,0.2496250000000008,-25.62618827819824,0.3000000119209289,-25.47618865966797,-26.344485504214774,0.3566997813920911,-27.5074520111084,-25.42096519470215,0.0917854309082031,prim,0.5,1e+20,0.0211703156718749,1e+20,13646,16,0.019231985,0.779713039,0.8081720239999999,True,branched,,results/c0_prim_decomposition/raw/production-scip/real_05/production-scip__real_05__full-prim__seed0.branches.csv,full-prim,real_05,0.3000000119209289,0.019231985
16,33,16,226,44,265,t_z_59_27_0,z,0.999,0.999,-25.41086196899414,-0.5,-25.66086196899414,-26.36806196027097,0.353068150175073,-27.503759384155277,-25.41086196899414,0.09881591796875,prim,0.5,1e+20,0.0211703156718749,1e+20,13660,17,0.019309808,0.775854137,0.804458047,True,branched,,results/c0_prim_decomposition/raw/production-scip/real_05/production-scip__real_05__full-prim__seed0.branches.csv,full-prim,real_05,-0.5,0.019309808
17,35,17,224,22,79,t_m_19_3,m,0.001,0.001,-25.842329025268555,0.3000000119209289,-25.69232940673828,-26.354671086583817,0.3486621218618066,-27.486888885498047,-25.492355346679688,0.0548973083496093,prim,0.5,1e+20,0.0211703156718749,1e+20,13660,18,0.018985831,0.7723551739999999,0.800658497,True,branched,,results/c0_prim_decomposition/raw/production-scip/real_05/production-scip__real_05__full-prim__seed0.branches.csv,full-prim,real_05,0.3000000119209289,0.018985831
18,36,18,224,21,76,t_m_19_0,m,0.001,0.001,-25.853904724121094,0.3000000119209289,-25.70390510559082,-26.362554814134324,0.3468236950177617,-27.47874641418457,-25.48815155029297,0.0654468536376953,prim,0.5,1e+20,0.0211703156718749,1e+20,13661,19,0.019110083,0.7628943839999999,0.7913699039999998,True,branched,,results/c0_prim_decomposition/raw/production-scip/real_05/production-scip__real_05__full-prim__seed0.branches.csv,full-prim,real_05,0.3000000119209289,0.019110083
19,39,19,211,25,157,t_z_7_5_2,z,0.9995000000000004,0.9995000000000004,-25.462728500366207,-0.5,-25.712728500366207,-26.369919763357156,0.3368654649052575,-27.329570770263672,-25.462728500366207,0.1222858428955078,prim,0.5,1e+20,0.0211703156718749,1e+20,13702,20,0.0194090999999999,0.769170643,0.797865217,True,branched,,results/c0_prim_decomposition/raw/production-scip/real_05/production-scip__real_05__full-prim__seed0.branches.csv,full-prim,real_05,-0.5,0.0194090999999999
20,41,20,210,32,255,t_z_57_26_3,z,0.0005,0.0005,-26.232112884521484,1.0,-25.732112884521484,-26.377973919823056,0.326112068177619,-27.25516700744629,-25.58972930908203,0.0985851287841796,prim,0.5,1e+20,0.0211703156718749,1e+20,13703,21,0.0191109349999999,0.765196705,0.7936146889999999,True,branched,,results/c0_prim_decomposition/raw/production-scip/real_05/production-scip__real_05__full-prim__seed0.branches.csv,full-prim,real_05,1.0,0.0191109349999999
21,43,21,194,113,1309,t_z_31_27_2,z,0.5,0.5,-25.98234367370605,1.0,-25.48234367370605,-26.37400832618635,0.3265706129707694,-27.232364654541016,-25.59369659423828,0.0981807708740234,prim,0.5,1e+20,0.0211703156718749,1e+20,13718,22,0.018997994,0.757137017,0.7854803719999999,True,branched,,results/c0_prim_decomposition/raw/production-scip/real_05/production-scip__real_05__full-prim__seed0.branches.csv,full-prim,real_05,1.0,0.018997994
22,45,22,187,7,26,t_m_6_2,m,0.001,0.001,-25.935359954833984,0.3000000119209289,-25.78536033630371,-26.371206263169885,0.3199896549241119,-27.209056854248047,-25.600265502929688,0.0926246643066406,prim,0.5,1e+20,0.0211703156718749,1e+20,13722,23,0.019041756,0.755091256,0.783448761,True,branched,,results/c0_prim_decomposition/raw/production-scip/real_05/production-scip__real_05__full-prim__seed0.branches.csv,full-prim,real_05,0.3000000119209289,0.019041756
23,46,23,185,17,106,t_m_26_2,m,0.001,0.001,-25.977235794067383,0.3000000119209289,-25.82723617553711,-26.373773193359376,0.3132980201966174,-27.21856689453125,-25.608901977539062,0.0915451049804687,prim,0.5,1e+20,0.0211703156718749,1e+20,13724,24,0.0190177059999999,0.758213456,0.7865407789999999,True,branched,,results/c0_prim_decomposition/raw/production-scip/real_05/production-scip__real_05__full-prim__seed0.branches.csv,full-prim,real_05,0.3000000119209289,0.0190177059999999
24,48,24,188,17,107,t_m_26_3,m,0.001,0.001,-25.96395301818848,0.3000000119209289,-25.813953399658203,-26.39240429249216,0.314217241905821,-27.210599899291992,-25.622148513793945,0.0908279418945312,prim,0.5,1e+20,0.0211703156718749,1e+20,13731,25,0.019385573,0.7671853499999999,0.795877413,True,branched,,results/c0_prim_decomposition/raw/production-scip/real_05/production-scip__real_05__full-prim__seed0.branches.csv,full-prim,real_05,0.3000000119209289,0.019385573
25,50,25,184,16,104,t_m_26_0,m,0.001,0.001,-25.983631134033203,0.3000000119209289,-25.83363151550293,-26.3926392223524,0.3080066429055909,-27.20245361328125,-25.63277053833008,0.0898170471191406,prim,0.5,1e+20,0.0211703156718749,1e+20,13737,26,0.0194192239999999,0.7729519609999999,0.80164973,True,branched,,results/c0_prim_decomposition/raw/production-scip/real_05/production-scip__real_05__full-prim__seed0.branches.csv,full-prim,real_05,0.3000000119209289,0.0194192239999999
26,53,26,181,102,1311,t_z_31_27_3,z,0.5,0.5,-26.366950988769528,1.0,-25.866950988769528,-26.379798962925015,0.2910209112058037,-27.200645446777344,-25.640726089477536,0.0565452575683593,prim,0.5,1e+20,0.0211703156718749,1e+20,13749,27,0.018840032,0.7757910829999999,0.8039953629999999,True,branched,,results/c0_prim_decomposition/raw/production-scip/real_05/production-scip__real_05__full-prim__seed0.branches.csv,full-prim,real_05,1.0,0.018840032
27,55,27,187,4,21,t_m_5_1,m,0.18875,0.18875,-25.851736068725582,0.3000000119209289,-25.701736450195312,-26.402052292849287,0.2931674209122459,-27.21232414245605,-25.670333862304688,0.0556869506835937,prim,0.5,1e+20,0.0211703156718749,1e+20,13779,28,0.020103349,0.782567675,0.8120291069999999,True,branched,,results/c0_prim_decomposition/raw/production-scip/real_05/production-scip__real_05__full-prim__seed0.branches.csv,full-prim,real_05,0.3000000119209289,0.020103349
28,57,28,199,17,68,t_m_17_0,m,0.0618749999999999,0.0618749999999999,-25.940893173217773,0.3000000119209289,-25.7908935546875,-26.42821128883553,0.2977456013272029,-27.215211868286133,-25.681018829345703,0.0505256652832031,prim,0.5,1e+20,0.0211703156718749,1e+20,13807,29,0.020407695,0.783487961,0.8131030129999999,True,branched,,results/c0_prim_decomposition/raw/production-scip/real_05/production-scip__real_05__full-prim__seed0.branches.csv,full-prim,real_05,0.3000000119209289,0.020407695
29,59,29,212,18,108,t_m_27_0,m,0.165,0.165,-25.85187339782715,0.3000000119209289,-25.701873779296875,-26.45296581736151,0.3000962875172967,-27.55097961425781,-25.700279235839844,0.0448265075683593,prim,0.5,1e+20,0.0211703156718749,1e+20,13833,30,0.019428582,0.791870375,0.8206590259999998,True,branched,,results/c0_prim_decomposition/raw/production-scip/real_05/production-scip__real_05__full-prim__seed0.branches.csv,full-prim,real_05,0.3000000119209289,0.019428582
30,60,30,218,8,35,t_m_8_3,m,0.1691333333333324,0.1691333333333324,-25.858369827270508,0.0,-25.858369827270508,-26.495273520093445,0.3017032049282568,-27.58125305175781,-25.730707168579105,0.0449409484863281,prim,0.5,1e+20,0.0211703156718749,1e+20,13843,31,0.01986742,0.829718803,0.858808282,True,branched,,results/c0_prim_decomposition/raw/production-scip/real_05/production-scip__real_05__full-prim__seed0.branches.csv,full-prim,real_05,0.0,0.01986742
31,63,31,235,21,111,t_m_27_3,m,0.1654166666666665,0.1654166666666665,-25.883453369140625,0.3000000119209289,-25.73345375061035,-26.523928419072575,0.292639561069399,-27.599136352539062,-25.78046417236328,0.0450057983398437,prim,0.5,1e+20,0.0211703156718749,1e+20,13863,32,0.0204837169999999,0.8135134299999999,0.8433932349999999,True,branched,,results/c0_prim_decomposition/raw/production-scip/real_05/production-scip__real_05__full-prim__seed0.branches.csv,full-prim,real_05,0.3000000119209289,0.0204837169999999
32,65,32,248,75,508,t_z_129_130_2,z,0.2235555555555554,0.2235555555555554,-26.065114974975582,1.0,-25.565114974975582,-26.52606010437012,0.2877888218893017,-27.621240615844727,-25.779563903808597,0.0443992614746093,prim,0.5,1e+20,0.0211703156718749,1e+20,13894,33,0.020439984,0.713508777,0.743331261,True,branched,,results/c0_prim_decomposition/raw/production-scip/real_05/production-scip__real_05__full-prim__seed0.branches.csv,full-prim,real_05,1.0,0.020439984
33,67,33,248,36,243,t_z_55_19_1,z,0.5,0.5,-26.28325843811035,1.0,-25.78325843811035,-26.54001545906067,0.2874379163392077,-27.63278007507324,-25.79087448120117,0.0418052673339843,prim,0.5,1e+20,0.0211703156718749,1e+20,13898,34,0.0193385049999999,0.796616105,0.8252226919999999,True,branched,,results/c0_prim_decomposition/raw/production-scip/real_05/production-scip__real_05__full-prim__seed0.branches.csv,full-prim,real_05,1.0,0.0193385049999999
34,69,34,246,14,46,t_m_11_2,m,0.2235555555555554,0.2235555555555554,-26.00803565979004,0.3000000119209289,-25.85803604125977,-26.55203913091644,0.290087279200204,-27.643318176269528,-25.800575256347656,0.041910171508789,prim,0.5,1e+20,0.0211703156718749,1e+20,13900,35,0.019463326,0.788139672,0.8168900049999999,True,branched,,results/c0_prim_decomposition/raw/production-scip/real_05/production-scip__real_05__full-prim__seed0.branches.csv,full-prim,real_05,0.3000000119209289,0.019463326
35,71,35,229,111,1179,t_z_233_226_1,z,0.999,0.999,-25.820959091186523,-0.5,-26.070959091186523,-26.58815273967893,0.2980318480163354,-27.659824371337887,-25.820959091186523,0.0421161651611328,prim,0.5,1e+20,0.0211703156718749,1e+20,13932,36,0.019628934,0.7570626919999999,0.7859528599999999,True,branched,,results/c0_prim_decomposition/raw/production-scip/real_05/production-scip__real_05__full-prim__seed0.branches.csv,full-prim,real_05,-0.5,0.019628934
36,73,36,228,17,62,t_m_15_2,m,0.3333333333333332,0.3333333333333332,-26.1087589263916,0.0,-26.1087589263916,-26.600281297114854,0.2943926744391509,-27.66736221313477,-25.871143341064453,0.1434555053710937,prim,0.5,1e+20,0.0211703156718749,1e+20,13933,37,0.019436338,0.8052543039999999,0.8339393179999999,True,branched,,results/c0_prim_decomposition/raw/production-scip/real_05/production-scip__real_05__full-prim__seed0.branches.csv,full-prim,real_05,0.0,0.019436338
37,75,37,244,29,146,t_z_5_6_1,z,0.5,0.5,-26.47047615051269,1.0,-25.97047615051269,-26.63554831020168,0.2920015568525463,-27.62970733642578,-25.885927200317383,0.1153850555419921,prim,0.5,1e+20,0.0211703156718749,1e+20,13954,38,0.019639512,0.796936319,0.8258465839999999,True,branched,,results/c0_prim_decomposition/raw/production-scip/real_05/production-scip__real_05__full-prim__seed0.branches.csv,full-prim,real_05,1.0,0.019639512
38,77,38,246,83,675,t_z_146_145_1,z,0.999,0.999,-25.91732406616211,-0.5,-26.16732406616211,-26.671123403843826,0.2896821636950734,-27.62382125854492,-25.91732406616211,0.1349906921386718,prim,0.5,1e+20,0.0211703156718749,1e+20,13977,39,0.01960225,0.798731747,0.827738221,True,branched,,results/c0_prim_decomposition/raw/production-scip/real_05/production-scip__real_05__full-prim__seed0.branches.csv,full-prim,real_05,-0.5,0.01960225
39,79,39,245,10,36,t_m_9_0,m,0.3338333333333333,0.3338333333333333,-26.17281723022461,0.0,-26.17281723022461,-26.66811560805963,0.2854846873359813,-27.61659049987793,-26.048389434814453,0.0011329650878906,prim,0.5,1e+20,0.0211703156718749,1e+20,13977,40,0.020421765,0.795195964,0.825072369,True,branched,,results/c0_prim_decomposition/raw/production-scip/real_05/production-scip__real_05__full-prim__seed0.branches.csv,full-prim,real_05,0.0,0.020421765
40,81,40,240,14,82,t_m_20_2,m,0.2491249999999997,0.2491249999999997,-26.17133140563965,0.0,-26.17133140563965,-26.697740085919698,0.2787356892274898,-27.629234313964844,-26.071990966796875,0.0087261199951171,prim,0.5,1e+20,0.0211703156718749,1e+20,13994,41,0.019330554,0.788579227,0.817293233,True,branched,,results/c0_prim_decomposition/raw/production-scip/real_05/production-scip__real_05__full-prim__seed0.branches.csv,full-prim,real_05,0.0,0.019330554
41,83,41,249,13,59,t_m_14_3,m,0.2508750000000005,0.2508750000000005,-26.15912437438965,0.0,-26.15912437438965,-26.713545381783483,0.2757893848983086,-27.616085052490234,-26.10470390319824,0.0073471069335937,prim,0.5,1e+20,0.0211703156718749,1e+20,14011,42,0.020199794,0.788956265,0.8185866619999999,True,branched,,results/c0_prim_decomposition/raw/production-scip/real_05/production-scip__real_05__full-prim__seed0.branches.csv,full-prim,real_05,0.0,0.020199794
42,85,42,225,17,118,t_m_29_2,m,0.2495000000000002,0.2495000000000002,-26.190593719482425,0.0,-26.190593719482425,-26.740979478624133,0.2871877372950024,-27.67286872863769,-26.12024307250977,0.0037040710449218,prim,0.5,1e+20,0.0211703156718749,1e+20,14067,43,0.02001959,0.8113623749999999,0.840765437,True,branched,,results/c0_prim_decomposition/raw/production-scip/real_05/production-scip__real_05__full-prim__seed0.branches.csv,full-prim,real_05,0.0,0.02001959
43,87,43,231,13,65,t_m_16_1,m,0.1014999999999996,0.1014999999999996,-26.20209503173828,0.0,-26.20209503173828,-26.749246663345403,0.2801920335542479,-27.67670249938965,-26.131784439086918,0.0033206939697265,prim,0.5,1e+20,0.0211703156718749,1e+20,14086,44,0.019422839,0.7152082039999998,0.744045016,True,branched,,results/c0_prim_decomposition/raw/production-scip/real_05/production-scip__real_05__full-prim__seed0.branches.csv,full-prim,real_05,0.0,0.019422839
44,88,44,225,10,30,t_m_7_2,m,0.0005,0.0005,-26.387914657592773,0.3000000119209289,-26.2379150390625,-26.76045575459798,0.2754734480167213,-27.69518280029297,-26.14040946960449,0.0028572082519531,prim,0.5,1e+20,0.0211703156718749,1e+20,14092,45,0.019493394,0.822603825,0.8514966109999998,True,branched,,results/c0_prim_decomposition/raw/production-scip/real_05/production-scip__real_05__full-prim__seed0.branches.csv,full-prim,real_05,0.3000000119209289,0.019493394
45,91,45,214,56,507,t_z_130_129_1,z,0.5,0.5,-26.830501556396484,1.0,-26.330501556396484,-26.77170753479004,0.2546601841378097,-27.71700668334961,-26.172145843505856,0.0079727172851562,prim,0.5,1e+20,0.0211703156718749,1e+20,14124,46,0.0194332759999999,0.79393543,0.822745787,True,branched,,results/c0_prim_decomposition/raw/production-scip/real_05/production-scip__real_05__full-prim__seed0.branches.csv,full-prim,real_05,1.0,0.0194332759999999
46,93,46,213,49,491,t_z_129_125_1,z,0.5,0.5,-26.660625457763672,1.0,-26.160625457763672,-26.776662880266212,0.2558939564061862,-27.723655700683597,-26.17743682861328,0.0076541900634765,prim,0.5,1e+20,0.0211703156718749,1e+20,14126,47,0.019991286,0.707654478,0.736981037,True,branched,,results/c0_prim_decomposition/raw/production-scip/real_05/production-scip__real_05__full-prim__seed0.branches.csv,full-prim,real_05,1.0,0.019991286
47,95,47,212,42,467,t_z_125_124_1,z,0.5,0.5,-26.66812896728516,1.0,-26.16812896728516,-26.782095828146304,0.2571541121615227,-27.730121612548828,-26.182619094848636,0.0072956085205078,prim,0.5,1e+20,0.0211703156718749,1e+20,14128,48,0.0194661159999999,0.790265147,0.8190654069999999,True,branched,,results/c0_prim_decomposition/raw/production-scip/real_05/production-scip__real_05__full-prim__seed0.branches.csv,full-prim,real_05,1.0,0.0194661159999999
48,97,48,211,35,459,t_z_124_123_1,z,0.5,0.5,-26.675567626953125,1.0,-26.175567626953125,-26.78714238749861,0.2584786666710014,-27.73639869689941,-26.18770408630371,0.0069122314453125,prim,0.5,1e+20,0.0211703156718749,1e+20,14130,49,0.019199766,0.784936857,0.8134810839999999,True,branched,,results/c0_prim_decomposition/raw/production-scip/real_05/production-scip__real_05__full-prim__seed0.branches.csv,full-prim,real_05,1.0,0.019199766
49,99,49,208,134,1451,t_z_270_269_1,z,0.5,0.5,-26.841819763183597,1.0,-26.341819763183597,-26.79097728545849,0.2599476351514605,-27.74296760559082,-26.193195343017575,0.0064849853515625,prim,0.5,1e+20,0.0211703156718749,1e+20,14133,50,0.0191766529999999,0.778976631,0.807493836,True,branched,,results/c0_prim_decomposition/raw/production-scip/real_05/production-scip__real_05__full-prim__seed0.branches.csv,full-prim,real_05,1.0,0.0191766529999999
50,101,50,205,127,1443,t_z_269_268_1,z,0.5,0.5,-26.77201461791992,1.0,-26.27201461791992,-26.804060140470177,0.2590203110454283,-27.75421714782715,-26.203561782836918,0.00604248046875,prim,0.5,1e+20,0.0211703156718749,1e+20,14146,51,0.0187999379999999,0.7917011499999999,0.819878646,True,branched,,results/c0_prim_decomposition/raw/production-scip/real_05/production-scip__real_05__full-prim__seed0.branches.csv,full-prim,real_05,1.0,0.0187999379999999
51,103,51,204,122,1435,t_z_268_67_1,z,0.5,0.5,-26.763412475585938,1.0,-26.263412475585938,-26.807364931293563,0.2596436764380076,-27.75794982910156,-26.208402633666992,0.005584716796875,prim,0.5,1e+20,0.0211703156718749,1e+20,14148,52,0.0190905269999999,0.8019954209999999,0.830401475,True,branched,,results/c0_prim_decomposition/raw/production-scip/real_05/production-scip__real_05__full-prim__seed0.branches.csv,full-prim,real_05,1.0,0.0190905269999999
52,105,52,205,200,1831,t_z_313_215_3,z,0.4915000000000003,0.4915000000000003,-26.868072509765625,1.0,-26.368072509765625,-26.818586656523912,0.2594000911662655,-27.768434524536133,-26.219379425048828,0.0051383972167968,prim,0.5,1e+20,0.0211703156718749,1e+20,14154,53,0.0195699639999999,0.810239954,0.839179102,True,branched,,results/c0_prim_decomposition/raw/production-scip/real_05/production-scip__real_05__full-prim__seed0.branches.csv,full-prim,real_05,1.0,0.0195699639999999
53,107,53,204,9,67,t_m_16_3,m,0.009,0.009,-26.446134567260746,0.0,-26.446134567260746,-26.83029107486501,0.2599357283784584,-27.781702041625977,-26.23344612121582,0.0046615600585937,prim,0.5,1e+20,0.0211703156718749,1e+20,14155,54,0.019231917,0.800236139,0.8288073569999999,True,branched,,results/c0_prim_decomposition/raw/production-scip/real_05/production-scip__real_05__full-prim__seed0.branches.csv,full-prim,real_05,0.0,0.019231917
54,109,54,197,7,43,t_m_10_3,m,0.001,0.001,-26.468662261962887,0.0,-26.468662261962887,-26.82868463738921,0.2702341802989273,-27.77608299255371,-26.23741149902344,0.0039539337158203,prim,0.5,1e+20,0.0211703156718749,1e+20,14169,55,0.019393726,0.801314458,0.829916135,True,branched,,results/c0_prim_decomposition/raw/production-scip/real_05/production-scip__real_05__full-prim__seed0.branches.csv,full-prim,real_05,0.0,0.019393726
55,110,55,197,13,123,t_m_30_3,m,0.0010000000000007,0.0010000000000007,-26.48027229309082,0.0,-26.48027229309082,-26.840472981409373,0.2697300846724544,-27.786710739135746,-26.24229431152344,0.0047683715820312,prim,0.5,1e+20,0.0211703156718749,1e+20,14171,56,0.0199424519999999,0.807870368,0.8370927679999999,True,branched,,results/c0_prim_decomposition/raw/production-scip/real_05/production-scip__real_05__full-prim__seed0.branches.csv,full-prim,real_05,0.0,0.0199424519999999
56,112,56,197,96,1231,t_z_244_243_3,z,0.998,0.998,-26.250970840454105,-0.5,-26.500970840454105,-26.84888594767769,0.2699442735875841,-27.797069549560547,-26.250970840454105,0.0010528564453125,prim,0.5,1e+20,0.0211703156718749,1e+20,14177,57,0.0193333969999999,0.806705253,0.8354007199999999,True,branched,,results/c0_prim_decomposition/raw/production-scip/real_05/production-scip__real_05__full-prim__seed0.branches.csv,full-prim,real_05,-0.5,0.0193333969999999
57,115,57,196,93,1223,t_z_243_83_3,z,0.998,0.998,-26.134939193725582,-0.5,-26.384939193725582,-26.863219300094915,0.2693757254946088,-27.809221267700195,-26.134939193725582,0.1385669708251953,prim,0.5,1e+20,0.0211703156718749,1e+20,14178,58,0.0206976489999999,0.819501534,0.849552351,True,branched,,results/c0_prim_decomposition/raw/production-scip/real_05/production-scip__real_05__full-prim__seed0.branches.csv,full-prim,real_05,-0.5,0.0206976489999999
58,117,58,194,12,120,t_m_30_0,m,0.0005,0.0005,-26.520023345947266,0.0,-26.520023345947266,-26.869995500623567,0.2645911984419024,-27.81497573852539,-26.27821159362793,0.0301666259765625,prim,0.5,1e+20,0.0211703156718749,1e+20,14178,59,0.0201516649999999,0.8273526559999999,0.856827781,True,branched,,results/c0_prim_decomposition/raw/production-scip/real_05/production-scip__real_05__full-prim__seed0.branches.csv,full-prim,real_05,0.0,0.0201516649999999
59,119,59,179,60,559,t_z_135_131_3,z,0.999,0.999,-26.29632568359375,-0.5,-26.54632568359375,-26.886871316579462,0.2670437165925776,-27.833600997924805,-26.29632568359375,0.0168304443359375,prim,0.5,1e+20,0.0211703156718749,1e+20,14195,60,0.019829169,0.819752492,0.848844027,True,branched,,results/c0_prim_decomposition/raw/production-scip/real_05/production-scip__real_05__full-prim__seed0.branches.csv,full-prim,real_05,-0.5,0.019829169
60,121,60,176,45,513,t_z_131_130_0,z,0.999,0.999,-26.324468612670895,-0.5,-26.574468612670895,-26.90734462304549,0.2657330762941095,-27.847034454345703,-26.324468612670895,0.0158977508544921,prim,0.5,1e+20,0.0211703156718749,1e+20,14199,61,0.019925569,0.801201143,0.830353846,True,branched,,results/c0_prim_decomposition/raw/production-scip/real_05/production-scip__real_05__full-prim__seed0.branches.csv,full-prim,real_05,-0.5,0.019925569
61,123,61,160,4,40,t_m_10_0,m,0.001,0.001,-26.587966918945312,0.0,-26.587966918945312,-26.91185311079025,0.2685458839514589,-27.85626602172852,-26.34645652770996,0.0518054962158203,prim,0.5,1e+20,0.0211703156718749,1e+20,14202,62,0.019841119,0.8211196539999999,0.850167576,True,branched,,results/c0_prim_decomposition/raw/production-scip/real_05/production-scip__real_05__full-prim__seed0.branches.csv,full-prim,real_05,0.0,0.019841119
62,125,62,135,114,1581,t_z_282_281_2,z,0.9989999999999998,0.9989999999999998,-26.341432571411133,-0.5,-26.591432571411133,-26.913952212863496,0.2638886151961755,-27.871152877807617,-26.341432571411133,0.0375137329101562,prim,0.5,1e+20,0.0211703156718749,1e+20,14220,63,0.020136896,0.81616537,0.845618488,True,branched,,results/c0_prim_decomposition/raw/production-scip/real_05/production-scip__real_05__full-prim__seed0.branches.csv,full-prim,real_05,-0.5,0.020136896
63,127,63,124,123,2123,t_z_241_147_1,z,0.999,0.999,-26.385581970214844,-0.5,-26.635581970214844,-26.94197396309145,0.2547911312958299,-27.880022048950195,-26.385581970214844,0.0082626342773437,prim,0.5,1e+20,0.0211703156718749,1e+20,14225,64,0.0202451129999999,0.827811599,0.8572328449999999,True,branched,,results/c0_prim_decomposition/raw/production-scip/real_05/production-scip__real_05__full-prim__seed0.branches.csv,full-prim,real_05,-0.5,0.0202451129999999
64,129,64,121,91,1546,t_z_6_278_1,z,0.998,0.998,-26.398380279541016,-0.5,-26.648380279541016,-26.95582526971486,0.2526507093490514,-27.88798713684082,-26.398380279541016,0.0052108764648437,prim,0.5,1e+20,0.0211703156718749,1e+20,14228,65,0.020537511,0.807268775,0.837059555,True,branched,,results/c0_prim_decomposition/raw/production-scip/real_05/production-scip__real_05__full-prim__seed0.branches.csv,full-prim,real_05,-0.5,0.020537511
65,131,65,119,116,2062,t_z_2_340_3,z,0.001,0.001,-26.404529571533203,-0.5,-26.654529571533203,-26.95914040894068,0.2483029185336353,-27.888925552368164,-26.404529571533203,0.027933120727539,prim,0.5,1e+20,0.0211703156718749,1e+20,14228,66,0.0203929529999999,0.825775808,0.855363677,True,branched,,results/c0_prim_decomposition/raw/production-scip/real_05/production-scip__real_05__full-prim__seed0.branches.csv,full-prim,real_05,-0.5,0.0203929529999999
66,133,66,118,82,1486,t_z_27_34_3,z,0.998,0.998,-26.43822860717773,-0.5,-26.68822860717773,-26.97306540860968,0.2489414496758528,-27.895832061767575,-26.43822860717773,0.0428314208984375,prim,0.5,1e+20,0.0211703156718749,1e+20,14229,67,0.0202079839999999,0.83426586,0.863676985,True,branched,,results/c0_prim_decomposition/raw/production-scip/real_05/production-scip__real_05__full-prim__seed0.branches.csv,full-prim,real_05,-0.5,0.0202079839999999
67,135,67,117,60,1287,t_z_250_244_3,z,0.997,0.997,-26.481014251708984,-0.5,-26.731014251708984,-26.977591979197967,0.2450218542892352,-27.89578628540039,-26.481014251708984,0.008697509765625,prim,0.5,1e+20,0.0211703156718749,1e+20,14229,68,0.0200725409999999,0.81282684,0.842197602,True,branched,,results/c0_prim_decomposition/raw/production-scip/real_05/production-scip__real_05__full-prim__seed0.branches.csv,full-prim,real_05,-0.5,0.0200725409999999
68,137,68,116,57,1261,t_z_249_248_2,z,0.999,0.999,-26.48966407775879,-0.5,-26.73966407775879,-26.981815551889355,0.2416917041828379,-27.89574432373047,-26.48966407775879,0.0411434173583984,prim,0.5,1e+20,0.0211703156718749,1e+20,14229,69,0.020316402,0.805398844,0.8349256019999999,True,branched,,results/c0_prim_decomposition/raw/production-scip/real_05/production-scip__real_05__full-prim__seed0.branches.csv,full-prim,real_05,-0.5,0.020316402
69,139,69,115,22,469,t_z_125_124_2,z,0.9989999999999998,0.9989999999999998,-26.53178024291992,-0.5,-26.78178024291992,-26.98706608647885,0.2383230044641434,-27.89670753479004,-26.53178024291992,0.0218486785888671,prim,0.5,1e+20,0.0211703156718749,1e+20,14229,70,0.020484502,0.826007711,0.8556764799999999,True,branched,,results/c0_prim_decomposition/raw/production-scip/real_05/production-scip__real_05__full-prim__seed0.branches.csv,full-prim,real_05,-0.5,0.020484502
70,141,70,100,11,345,t_z_110_109_0,z,0.999,0.999,-26.567878723144528,-0.5,-26.817878723144528,-26.996515674591063,0.2460073855223655,-27.91086769104004,-26.567878723144528,0.016366958618164,prim,0.5,1e+20,0.0211703156718749,1e+20,14246,71,0.020202942,0.804660185,0.8340950489999999,True,branched,,results/c0_prim_decomposition/raw/production-scip/real_05/production-scip__real_05__full-prim__seed0.branches.csv,full-prim,real_05,-0.5,0.020202942
71,142,71,99,49,1210,t_z_83_242_1,z,0.998,0.998,-26.589757919311523,-0.5,-26.839757919311523,-27.008157864965572,0.2432561266031444,-27.91839599609375,-26.589757919311523,0.0174388885498046,prim,0.5,1e+20,0.0211703156718749,1e+20,14247,72,0.019786056,0.7950816659999999,0.8241730969999999,True,branched,,results/c0_prim_decomposition/raw/production-scip/real_05/production-scip__real_05__full-prim__seed0.branches.csv,full-prim,real_05,-0.5,0.019786056
72,145,72,96,44,1197,t_z_234_230_2,z,0.9989989989989992,0.9989989989989992,-26.618413925170895,-0.5,-26.868413925170895,-27.02574199438095,0.2369838839866534,-27.926233291625977,-26.618413925170895,0.0112476348876953,prim,0.5,1e+20,0.0211703156718749,1e+20,14249,73,0.0197508459999999,0.8108579409999999,0.8399030969999999,True,branched,,results/c0_prim_decomposition/raw/production-scip/real_05/production-scip__real_05__full-prim__seed0.branches.csv,full-prim,real_05,-0.5,0.0197508459999999
73,147,73,95,43,1189,t_z_230_226_2,z,0.9989989989989992,0.9989989989989992,-26.467981338500977,-0.5,-26.717981338500977,-27.03582898190147,0.2379546554844733,-27.93402099609375,-26.467981338500977,0.1699981689453125,prim,0.5,1e+20,0.0211703156718749,1e+20,14251,74,0.019415332,0.7956704709999999,0.824384886,True,branched,,results/c0_prim_decomposition/raw/production-scip/real_05/production-scip__real_05__full-prim__seed0.branches.csv,full-prim,real_05,-0.5,0.019415332
74,149,74,94,41,1015,t_z_205_203_3,z,0.997,0.997,-26.645553588867188,-0.5,-26.895553588867188,-27.048980530272136,0.2316712015936496,-27.941326141357425,-26.645553588867188,0.0069637298583984,prim,0.5,1e+20,0.0211703156718749,1e+20,14252,75,0.0200507309999999,0.801795115,0.8311463919999998,True,branched,,results/c0_prim_decomposition/raw/production-scip/real_05/production-scip__real_05__full-prim__seed0.branches.csv,full-prim,real_05,-0.5,0.0200507309999999
75,151,75,93,41,1091,t_z_212_152_1,z,0.999,0.999,-26.660558700561523,-0.5,-26.910558700561523,-27.06035646828272,0.2289131916221844,-27.948566436767575,-26.660558700561523,0.0100669860839843,prim,0.5,1e+20,0.0211703156718749,1e+20,14253,76,0.019068966,0.783477752,0.8117183399999999,True,branched,,results/c0_prim_decomposition/raw/production-scip/real_05/production-scip__real_05__full-prim__seed0.branches.csv,full-prim,real_05,-0.5,0.019068966
76,153,76,92,13,409,t_z_109_86_0,z,0.999,0.999,-26.672231674194336,-0.5,-26.922231674194336,-27.06631152526192,0.2263050646888375,-27.95016860961914,-26.672231674194336,0.00860595703125,prim,0.5,1e+20,0.0211703156718749,1e+20,14253,77,0.019886764,0.816963137,0.846170115,True,branched,,results/c0_prim_decomposition/raw/production-scip/real_05/production-scip__real_05__full-prim__seed0.branches.csv,full-prim,real_05,-0.5,0.019886764
77,154,77,91,89,2051,t_z_220_212_1,z,0.999,0.999,-26.688766479492188,-0.5,-26.938766479492188,-27.077586540809044,0.2235845572121975,-27.95732307434082,-26.688766479492188,0.0047988891601562,prim,0.5,1e+20,0.0211703156718749,1e+20,14254,78,0.019198653,0.817236126,0.845662714,True,branched,,results/c0_prim_decomposition/raw/production-scip/real_05/production-scip__real_05__full-prim__seed0.branches.csv,full-prim,real_05,-0.5,0.019198653
78,157,78,90,32,555,t_z_135_131_1,z,0.999,0.999,-26.695178985595703,-0.5,-26.945178985595703,-27.08351315392388,0.2210114303079003,-27.95892333984375,-26.695178985595703,0.0096035003662109,prim,0.5,1e+20,0.0211703156718749,1e+20,14254,79,0.0203515579999999,0.816140996,0.845633948,True,branched,,results/c0_prim_decomposition/raw/production-scip/real_05/production-scip__real_05__full-prim__seed0.branches.csv,full-prim,real_05,-0.5,0.0203515579999999
79,159,79,89,36,779,t_z_162_41_1,z,0.998,0.998,-26.706392288208008,-0.5,-26.956392288208008,-27.08948135375977,0.2183593117326019,-27.960527420043945,-26.706392288208008,0.0029773712158203,prim,0.5,1e+20,0.0211703156718749,1e+20,14254,80,0.019990265,0.8091792599999998,0.8384555129999999,True,branched,,results/c0_prim_decomposition/raw/production-scip/real_05/production-scip__real_05__full-prim__seed0.branches.csv,full-prim,real_05,-0.5,0.019990265
80,161,80,88,60,1537,t_z_277_6_0,z,0.9989999999999998,0.9989999999999998,-26.71664047241211,-0.5,-26.96664047241211,-27.100689389488917,0.2156429024422617,-27.96759414672852,-26.71664047241211,0.0169582366943359,prim,0.5,1e+20,0.0211703156718749,1e+20,14255,81,0.0195077009999999,0.758005837,0.786849562,True,branched,,results/c0_prim_decomposition/raw/production-scip/real_05/production-scip__real_05__full-prim__seed0.branches.csv,full-prim,real_05,-0.5,0.0195077009999999
81,163,81,71,19,471,t_z_125_124_3,z,0.9986,0.9986,-26.742149353027344,-0.5,-26.992149353027344,-27.117459310612208,0.2236368031520978,-27.97443580627441,-26.742149353027344,0.0245361328125,prim,0.5,1e+20,0.0211703156718749,1e+20,14262,82,0.0205929,0.833435227,0.863346727,True,branched,,results/c0_prim_decomposition/raw/production-scip/real_05/production-scip__real_05__full-prim__seed0.branches.csv,full-prim,real_05,-0.5,0.0205929
82,165,82,66,64,2094,t_z_67_343_3,z,0.0003989989989996,0.0003989989989996,-27.42808723449707,1.0,-26.92808723449707,-27.141778107845425,0.2284382406626778,-27.986661911010746,-26.775548934936523,0.0118179321289062,prim,0.5,1e+20,0.0211703156718749,1e+20,14276,83,0.019830888,0.8148101469999999,0.8438221489999999,True,branched,,results/c0_prim_decomposition/raw/production-scip/real_05/production-scip__real_05__full-prim__seed0.branches.csv,full-prim,real_05,1.0,0.019830888
83,166,83,66,22,516,t_z_130_131_2,z,0.999,0.999,-26.78144836425781,-0.5,-27.03144836425781,-27.153136455651484,0.2321000210692839,-27.99577140808105,-26.78144836425781,0.0147686004638671,prim,0.5,1e+20,0.0211703156718749,1e+20,14277,84,0.0209582019999999,0.7268766859999999,0.7571819619999999,True,branched,,results/c0_prim_decomposition/raw/production-scip/real_05/production-scip__real_05__full-prim__seed0.branches.csv,full-prim,real_05,-0.5,0.0209582019999999
84,169,84,65,44,1423,t_z_267_66_3,z,0.0025007507507515,0.0025007507507515,-27.55082893371582,1.0,-27.05082893371582,-27.171900881253755,0.2297174587143301,-28.00898742675781,-26.80915260314941,0.0004253387451171,prim,0.5,1e+20,0.0211703156718749,1e+20,14279,85,0.019360219,0.829792924,0.858326735,True,branched,,results/c0_prim_decomposition/raw/production-scip/real_05/production-scip__real_05__full-prim__seed0.branches.csv,full-prim,real_05,1.0,0.019360219
85,171,85,60,15,455,t_z_123_122_3,z,0.3323323323323325,0.3323323323323325,-27.14683723449707,1.0,-26.64683723449707,-27.18758544921875,0.2178390086888839,-28.026912689208984,-26.826414108276367,0.0012931823730468,prim,0.5,1e+20,0.0211703156718749,1e+20,14296,86,0.019911614,0.814935501,0.8440049699999999,True,branched,,results/c0_prim_decomposition/raw/production-scip/real_05/production-scip__real_05__full-prim__seed0.branches.csv,full-prim,real_05,1.0,0.019911614
86,173,86,62,60,2095,t_z_343_67_3,z,0.1661661661661662,0.1661661661661662,-27.284067153930664,1.0,-26.784067153930664,-27.194555159538023,0.2186380861904841,-28.040283203125,-26.839523315429688,0.0014057159423828,prim,0.5,1e+20,0.0211703156718749,1e+20,14299,87,0.019800898,0.8227753319999999,0.851700509,True,branched,,results/c0_prim_decomposition/raw/production-scip/real_05/production-scip__real_05__full-prim__seed0.branches.csv,full-prim,real_05,1.0,0.019800898
87,175,87,69,49,1455,t_z_270_269_3,z,0.9991670559448336,0.9991670559448336,-26.8370304107666,-0.5,-27.0870304107666,-27.211225647857223,0.2249906480806984,-28.06049346923828,-26.8370304107666,0.0228214263916015,prim,0.5,1e+20,0.0211703156718749,1e+20,14324,88,0.020790685,0.8227601119999999,0.85269643,True,branched,,results/c0_prim_decomposition/raw/production-scip/real_05/production-scip__real_05__full-prim__seed0.branches.csv,full-prim,real_05,-0.5,0.020790685
88,177,88,64,15,468,t_z_124_125_2,z,0.001,0.001,-26.87553024291992,-0.5,-27.12553024291992,-27.228005647659305,0.2241663641487328,-28.073734283447266,-26.87553024291992,0.00433349609375,prim,0.5,1e+20,0.0211703156718749,1e+20,14327,89,0.019945428,0.828852482,0.8580366,True,branched,,results/c0_prim_decomposition/raw/production-scip/real_05/production-scip__real_05__full-prim__seed0.branches.csv,full-prim,real_05,-0.5,0.019945428
89,178,89,63,47,1535,t_z_277_276_3,z,0.99,0.99,-26.89924049377441,-0.5,-27.14924049377441,-27.249483169071254,0.2187697568152876,-28.086263656616207,-26.89924049377441,0.0256996154785156,prim,0.5,1e+20,0.0211703156718749,1e+20,14328,90,0.0194492469999999,0.8287465139999999,0.857465856,True,branched,,results/c0_prim_decomposition/raw/production-scip/real_05/production-scip__real_05__full-prim__seed0.branches.csv,full-prim,real_05,-0.5,0.0194492469999999
90,181,90,80,72,1633,t_z_296_276_0,z,0.999,0.999,-26.947389602661133,-0.5,-27.197389602661133,-27.265234565734865,0.2019896942350097,-28.10138320922852,-26.947389602661133,0.0123157501220703,prim,0.5,1e+20,0.0211703156718749,1e+20,14337,91,0.01894774,0.7474710629999999,0.7755734739999999,True,branched,,results/c0_prim_decomposition/raw/production-scip/real_05/production-scip__real_05__full-prim__seed0.branches.csv,full-prim,real_05,-0.5,0.01894774
91,183,91,79,6,247,t_z_55_19_3,z,0.999,0.999,-26.976146697998047,-0.5,-27.226146697998047,-27.28557287288617,0.1995941486567734,-28.110992431640625,-26.976146697998047,0.0080699920654296,prim,0.5,1e+20,0.0211703156718749,1e+20,14337,92,0.0202286409999999,0.822063866,0.851563723,True,branched,,results/c0_prim_decomposition/raw/production-scip/real_05/production-scip__real_05__full-prim__seed0.branches.csv,full-prim,real_05,-0.5,0.0202286409999999
92,185,92,76,18,511,t_z_130_129_3,z,0.9969999999999998,0.9969999999999998,-27.00641441345215,-0.5,-27.25641441345215,-27.31333172948737,0.1994050260054113,-28.131065368652344,-27.00641441345215,0.0004463195800781,prim,0.5,1e+20,0.0211703156718749,1e+20,14341,93,0.020829818,0.8177054769999998,0.8480001649999999,True,branched,,results/c0_prim_decomposition/raw/production-scip/real_05/production-scip__real_05__full-prim__seed0.branches.csv,full-prim,real_05,-0.5,0.020829818
93,187,93,76,24,574,t_z_19_96_3,z,0.0009989989989991,0.0009989989989991,-27.459060668945312,1.0,-26.959060668945312,-27.34211186358803,0.1971361891370103,-28.15470695495605,-27.0263786315918,0.003427505493164,prim,0.5,1e+20,0.0211703156718749,1e+20,14345,94,0.019979779,0.7890567619999999,0.818311047,True,branched,,results/c0_prim_decomposition/raw/production-scip/real_05/production-scip__real_05__full-prim__seed0.branches.csv,full-prim,real_05,1.0,0.019979779
94,189,94,74,40,1447,t_z_269_268_3,z,0.9900010010010007,0.9900010010010007,-27.040023803710938,-0.5,-27.290023803710938,-27.360333906637656,0.1990315866358465,-28.17779922485352,-27.040023803710938,0.012430191040039,prim,0.5,1e+20,0.0211703156718749,1e+20,14347,95,0.019039621,0.7806403699999999,0.808915414,True,branched,,results/c0_prim_decomposition/raw/production-scip/real_05/production-scip__real_05__full-prim__seed0.branches.csv,full-prim,real_05,-0.5,0.019039621
95,191,95,72,5,199,t_z_22_21_3,z,0.9970010010010008,0.9970010010010008,-27.07489013671875,-0.5,-27.32489013671875,-27.381037791570023,0.1931821769433578,-28.200839996337887,-27.07489013671875,0.0133552551269531,prim,0.5,1e+20,0.0211703156718749,1e+20,14349,96,0.019350656,0.795128904,0.823817662,True,branched,,results/c0_prim_decomposition/raw/production-scip/real_05/production-scip__real_05__full-prim__seed0.branches.csv,full-prim,real_05,-0.5,0.019350656
96,193,96,71,42,1551,t_z_278_6_3,z,0.999,0.999,-27.109369277954105,-0.5,-27.359369277954105,-27.406672571746395,0.1913622524535993,-28.22316551208496,-27.109369277954105,0.0245532989501953,prim,0.5,1e+20,0.0211703156718749,1e+20,14350,97,0.0190590019999999,0.801177702,0.829424013,True,branched,,results/c0_prim_decomposition/raw/production-scip/real_05/production-scip__real_05__full-prim__seed0.branches.csv,full-prim,real_05,-0.5,0.0190590019999999
97,195,97,67,42,1567,t_z_280_279_3,z,0.999,0.999,-27.156959533691406,-0.5,-27.406959533691406,-27.433246840291947,0.1923966518041167,-28.246173858642575,-27.156959533691406,0.0142993927001953,prim,0.5,1e+20,0.0211703156718749,1e+20,14351,98,0.0189491609999999,0.771198688,0.7993762079999999,True,branched,,results/c0_prim_decomposition/raw/production-scip/real_05/production-scip__real_05__full-prim__seed0.branches.csv,full-prim,real_05,-0.5,0.0189491609999999
98,197,98,63,38,1463,t_z_272_248_3,z,0.9980001430001428,0.9980001430001428,-27.203033447265625,-0.5,-27.453033447265625,-27.466371475704133,0.1920802333383161,-28.26964569091797,-27.203033447265625,0.0280914306640625,prim,0.5,1e+20,0.0211703156718749,1e+20,14353,99,0.01938026,0.797353987,0.825978882,True,branched,,results/c0_prim_decomposition/raw/production-scip/real_05/production-scip__real_05__full-prim__seed0.branches.csv,full-prim,real_05,-0.5,0.01938026
99,199,99,60,14,493,t_z_129_125_2,z,0.999,0.999,-27.268774032592773,-0.5,-27.518774032592773,-27.49835125605265,0.1926859386412853,-28.29363822937012,-27.268774032592773,0.0006389617919921,prim,0.5,1e+20,0.0211703156718749,1e+20,14358,100,0.019377937,0.7716613669999999,0.8003033649999999,True,branched,,results/c0_prim_decomposition/raw/production-scip/real_05/production-scip__real_05__full-prim__seed0.branches.csv,full-prim,real_05,-0.5,0.019377937
100,201,100,58,18,556,t_z_131_135_2,z,0.9985,0.9985,-27.29027557373047,-0.5,-27.54027557373047,-27.522294439118483,0.1930538888236457,-28.313034057617188,-27.29027557373047,0.0019149780273437,prim,0.5,1e+20,0.0211703156718749,1e+20,14358,101,0.019454162,0.794022789,0.822709195,True,branched,,results/c0_prim_decomposition/raw/production-scip/real_05/production-scip__real_05__full-prim__seed0.branches.csv,full-prim,real_05,-0.5,0.019454162
101,203,101,56,53,2119,t_z_248_145_3,z,0.9989989989989992,0.9989989989989992,-27.31591033935547,-0.5,-27.56591033935547,-27.550348588398524,0.1923217892000181,-28.33913993835449,-27.31591033935547,0.0044059753417968,prim,0.5,1e+20,0.0211703156718749,1e+20,14359,102,0.018913724,0.808626366,0.836703727,True,branched,,results/c0_prim_decomposition/raw/production-scip/real_05/production-scip__real_05__full-prim__seed0.branches.csv,full-prim,real_05,-0.5,0.018913724
102,205,102,47,16,553,t_z_135_131_0,z,0.999,0.999,-27.348041534423828,-0.5,-27.598041534423828,-27.570867741361575,0.1974271670958095,-28.365196228027344,-27.348041534423828,0.0176277160644531,prim,0.5,1e+20,0.0211703156718749,1e+20,14360,103,0.019115552,0.802238831,0.8306073729999999,True,branched,,results/c0_prim_decomposition/raw/production-scip/real_05/production-scip__real_05__full-prim__seed0.branches.csv,full-prim,real_05,-0.5,0.019115552
103,207,103,46,36,1597,t_z_284_283_2,z,0.999,0.999,-27.39377212524414,-0.5,-27.64377212524414,-27.60124227275019,0.1966675339940799,-28.39120483398437,-27.39377212524414,5.340576171875e-05,prim,0.5,1e+20,0.0211703156718749,1e+20,14361,104,0.025547446,0.81735988,0.852179792,True,branched,,results/c0_prim_decomposition/raw/production-scip/real_05/production-scip__real_05__full-prim__seed0.branches.csv,full-prim,real_05,-0.5,0.025547446
104,209,104,42,36,1605,t_z_285_284_2,z,0.999,0.999,-27.424373626708984,-0.5,-27.674373626708984,-27.637391635349815,0.200327375588934,-28.419618606567383,-27.424373626708984,0.0053730010986328,prim,0.5,1e+20,0.0211703156718749,1e+20,14363,105,0.0193699669999999,0.831095254,0.8597160419999998,True,branched,,results/c0_prim_decomposition/raw/production-scip/real_05/production-scip__real_05__full-prim__seed0.branches.csv,full-prim,real_05,-0.5,0.0193699669999999
105,211,105,39,13,544,t_z_19_135_0,z,0.999,0.999,-27.457630157470703,-0.5,-27.707630157470703,-27.671683971698467,0.2044759782546333,-28.44601058959961,-27.457630157470703,0.0047340393066406,prim,0.5,1e+20,0.0211703156718749,1e+20,14363,106,0.020587207,0.817171571,0.846986899,True,branched,,results/c0_prim_decomposition/raw/production-scip/real_05/production-scip__real_05__full-prim__seed0.branches.csv,full-prim,real_05,-0.5,0.020587207
106,213,106,37,16,980,t_z_161_199_2,z,0.999,0.999,-27.49445152282715,-0.5,-27.74445152282715,-27.708411448710677,0.2053835383209062,-28.47635269165039,-27.49445152282715,0.0016288757324218,prim,0.5,1e+20,0.0211703156718749,1e+20,14366,107,0.020352174,0.8190516589999999,0.8486458169999999,True,branched,,results/c0_prim_decomposition/raw/production-scip/real_05/production-scip__real_05__full-prim__seed0.branches.csv,full-prim,real_05,-0.5,0.020352174
107,215,107,36,12,413,t_z_109_86_2,z,0.999,0.999,-27.52730178833008,-0.5,-27.77730178833008,-27.742673926883278,0.2048846400991087,-28.50598907470703,-27.52730178833008,0.012969970703125,prim,0.5,1e+20,0.0211703156718749,1e+20,14367,108,0.0193472969999999,0.835316347,0.863936971,True,branched,,results/c0_prim_decomposition/raw/production-scip/real_05/production-scip__real_05__full-prim__seed0.branches.csv,full-prim,real_05,-0.5,0.0193472969999999
108,217,108,35,10,349,t_z_110_109_2,z,0.999,0.999,-27.57139205932617,-0.5,-27.82139205932617,-27.774788393293107,0.2039782541765407,-28.532623291015625,-27.57139205932617,0.002899169921875,prim,0.5,1e+20,0.0211703156718749,1e+20,14368,109,0.019873801,0.8280309909999999,0.8570490379999999,True,branched,,results/c0_prim_decomposition/raw/production-scip/real_05/production-scip__real_05__full-prim__seed0.branches.csv,full-prim,real_05,-0.5,0.019873801
109,219,109,32,10,764,t_z_154_161_2,z,0.999,0.999,-27.60621833801269,-0.5,-27.85621833801269,-27.811948895454407,0.2079548504968359,-28.55913352966309,-27.60621833801269,0.0006484985351562,prim,0.5,1e+20,0.0211703156718749,1e+20,14368,110,0.0199807619999999,0.8317774759999998,0.860957929,True,branched,,results/c0_prim_decomposition/raw/production-scip/real_05/production-scip__real_05__full-prim__seed0.branches.csv,full-prim,real_05,-0.5,0.0199807619999999
110,170,85,64,15,468,t_z_124_125_2,z,0.001,0.001,-26.938268661499023,-0.5,-27.188268661499023,-27.352733343839645,0.2452695871915167,-28.105550765991207,-26.938268661499023,0.0297698974609375,prim,0.5,0.0211855846999999,0.0211703156718749,0.0007212470688514,14369,112,0.019311331,0.818943972,0.847527225,True,branched,,results/c0_prim_decomposition/raw/production-scip/real_05/production-scip__real_05__full-prim__seed0.branches.csv,full-prim,real_05,-0.5,0.019311331
111,222,86,63,15,470,t_z_124_125_3,z,0.002,0.002,-26.9576473236084,-0.5,-27.2076473236084,-27.346656890142533,0.2414271036043406,-28.09297752380371,-26.9576473236084,0.0479316711425781,prim,0.5,0.0211855846999999,0.0211703156718749,0.0007212470688514,14375,114,0.019407191,0.812666631,0.841236839,True,branched,,results/c0_prim_decomposition/raw/production-scip/real_05/production-scip__real_05__full-prim__seed0.branches.csv,full-prim,real_05,-0.5,0.019407191
112,224,87,62,48,1535,t_z_277_276_3,z,0.99,0.99,-26.99693298339844,-0.5,-27.24693298339844,-27.343700316644483,0.2382953318843772,-28.08413314819336,-26.99693298339844,0.0127620697021484,prim,0.5,0.0211855846999999,0.0211703156718749,0.0007212470688514,14381,116,0.0192148439999999,0.811115252,0.839467228,True,branched,,results/c0_prim_decomposition/raw/production-scip/real_05/production-scip__real_05__full-prim__seed0.branches.csv,full-prim,real_05,-0.5,0.0192148439999999
113,227,88,61,59,2095,t_z_343_67_3,z,0.0004987487487497,0.0004987487487497,-27.7803955078125,1.0,-27.2803955078125,-27.37186184867484,0.2356854985708893,-28.107324600219727,-27.03193473815918,0.027557373046875,prim,0.5,0.0211855846999999,0.0211703156718749,0.0007212470688514,14382,117,0.01963459,0.80152381,0.830387327,True,branched,,results/c0_prim_decomposition/raw/production-scip/real_05/production-scip__real_05__full-prim__seed0.branches.csv,full-prim,real_05,1.0,0.01963459
114,229,89,57,42,1438,t_z_67_268_3,z,0.5,0.5,-27.445178985595703,1.0,-26.945178985595703,-27.388180347911096,0.2191844589352513,-28.138429641723636,-27.063491821289062,0.0300464630126953,prim,0.5,0.0211855846999999,0.0211703156718749,0.0007212470688514,14405,118,0.018933958,0.7895860209999999,0.817761799,True,branched,,results/c0_prim_decomposition/raw/production-scip/real_05/production-scip__real_05__full-prim__seed0.branches.csv,full-prim,real_05,1.0,0.018933958
115,231,90,58,15,455,t_z_123_122_3,z,0.2847128557128558,0.2847128557128558,-27.472087860107425,1.0,-26.972087860107425,-27.4173568528274,0.2189136406943282,-28.16937255859375,-27.09388542175293,0.032541275024414,prim,0.5,0.0211855846999999,0.0211703156718749,0.0007212470688514,14410,119,0.0190466099999999,0.799386186,0.827636985,True,branched,,results/c0_prim_decomposition/raw/production-scip/real_05/production-scip__real_05__full-prim__seed0.branches.csv,full-prim,real_05,1.0,0.0190466099999999
116,233,91,57,19,511,t_z_130_129_3,z,0.998,0.998,-27.12528610229492,-0.5,-27.37528610229492,-27.449046787462738,0.2204453956905803,-28.201557159423828,-27.12528610229492,0.0349922180175781,prim,0.5,0.0211855846999999,0.0211703156718749,0.0007212470688514,14412,120,0.019134213,0.695309344,0.723652587,True,branched,,results/c0_prim_decomposition/raw/production-scip/real_05/production-scip__real_05__full-prim__seed0.branches.csv,full-prim,real_05,-0.5,0.019134213
117,235,92,54,49,1633,t_z_296_276_0,z,0.999,0.999,-27.19439125061035,-0.5,-27.44439125061035,-27.49159890634042,0.2204260153002098,-28.23419189453125,-27.19439125061035,0.0137786865234375,prim,0.5,0.0211855846999999,0.0211703156718749,0.0007212470688514,14413,121,0.018828137,0.796483991,0.824477274,True,branched,,results/c0_prim_decomposition/raw/production-scip/real_05/production-scip__real_05__full-prim__seed0.branches.csv,full-prim,real_05,-0.5,0.018828137
118,237,93,53,5,199,t_z_22_21_3,z,0.998,0.998,-27.238117218017575,-0.5,-27.488117218017575,-27.527044656141747,0.2183757562945196,-28.262720108032227,-27.238117218017575,0.0446376800537109,prim,0.5,0.0211855846999999,0.0211703156718749,0.0007212470688514,14413,122,0.0187603559999999,0.7965590019999998,0.8247129789999998,True,branched,,results/c0_prim_decomposition/raw/production-scip/real_05/production-scip__real_05__full-prim__seed0.branches.csv,full-prim,real_05,-0.5,0.0187603559999999
119,239,94,52,23,556,t_z_131_135_2,z,0.9985,0.9985,-27.309919357299805,-0.5,-27.559919357299805,-27.562566683842583,0.2167602034013517,-28.291879653930664,-27.309919357299805,0.0077724456787109,prim,0.5,0.0211855846999999,0.0211703156718749,0.0007212470688514,14414,123,0.019312571,0.79441541,0.8229662159999999,True,branched,,results/c0_prim_decomposition/raw/production-scip/real_05/production-scip__real_05__full-prim__seed0.branches.csv,full-prim,real_05,-0.5,0.019312571
120,241,95,50,5,247,t_z_55_19_3,z,0.999,0.999,-27.34630584716797,-0.5,-27.59630584716797,-27.59540073394776,0.2175793938459632,-28.32098960876465,-27.34630584716797,0.0016460418701171,prim,0.5,0.0211855846999999,0.0211703156718749,0.0007212470688514,14415,124,0.0197802779999999,0.747323556,0.7763443039999999,True,branched,,results/c0_prim_decomposition/raw/production-scip/real_05/production-scip__real_05__full-prim__seed0.branches.csv,full-prim,real_05,-0.5,0.0197802779999999
121,243,96,47,30,1263,t_z_249_248_3,z,0.1448574288574288,0.1448574288574288,-27.3784294128418,-0.5,-27.6284294128418,-27.63622235237284,0.2192048509249817,-28.350210189819336,-27.3784294128418,0.0019683837890625,prim,0.5,0.0211855846999999,0.0211703156718749,0.0007212470688514,14418,125,0.019718163,0.798061248,0.826974819,True,branched,,results/c0_prim_decomposition/raw/production-scip/real_05/production-scip__real_05__full-prim__seed0.branches.csv,full-prim,real_05,-0.5,0.019718163
122,228,89,51,19,511,t_z_130_129_3,z,0.998,0.998,-27.027557373046875,-0.5,-27.277557373046875,-27.38791742511824,0.2045118995027056,-28.13726806640625,-27.027557373046875,0.0770034790039062,prim,0.5,0.0211706995999999,0.0211703156718749,1.8135210213712216e-05,14678,126,0.019824089,0.794817521,0.8238511029999999,True,branched,,results/c0_prim_decomposition/raw/production-scip/real_05/production-scip__real_05__full-prim__seed0.branches.csv,full-prim,real_05,-0.5,0.019824089
123,247,90,48,44,1633,t_z_296_276_0,z,0.999,0.999,-27.12943649291992,-0.5,-27.37943649291992,-27.42314100265503,0.2029060459303001,-28.16221237182617,-27.12943649291992,0.0265331268310546,prim,0.5,0.0211706995999999,0.0211703156718749,1.8135210213712216e-05,14679,127,0.0190809639999999,0.7479073499999999,0.776208887,True,branched,,results/c0_prim_decomposition/raw/production-scip/real_05/production-scip__real_05__full-prim__seed0.branches.csv,full-prim,real_05,-0.5,0.0190809639999999
124,249,91,47,5,199,t_z_22_21_3,z,0.998,0.998,-27.183225631713867,-0.5,-27.433225631713867,-27.456403813463577,0.2004600822652111,-28.189329147338867,-27.183225631713867,0.0319652557373046,prim,0.5,0.0211706995999999,0.0211703156718749,1.8135210213712216e-05,14679,128,0.0193793189999999,0.712083022,0.74075961,True,branched,,results/c0_prim_decomposition/raw/production-scip/real_05/production-scip__real_05__full-prim__seed0.branches.csv,full-prim,real_05,-0.5,0.0193793189999999
125,251,92,46,23,556,t_z_131_135_2,z,0.9985,0.9985,-27.244297027587887,-0.5,-27.494297027587887,-27.49423653146495,0.1987992246873004,-28.22180557250977,-27.244297027587887,0.0236663818359375,prim,0.5,0.0211706995999999,0.0211703156718749,1.8135210213712216e-05,14680,129,0.019797598,0.8141376289999999,0.8431933839999999,True,branched,,results/c0_prim_decomposition/raw/production-scip/real_05/production-scip__real_05__full-prim__seed0.branches.csv,full-prim,real_05,-0.5,0.019797598
126,253,93,44,5,247,t_z_55_19_3,z,0.999,0.999,-27.292388916015625,-0.5,-27.542388916015625,-27.530875856226142,0.1991032582682855,-28.25601959228516,-27.292388916015625,0.0373420715332031,prim,0.5,0.0211706995999999,0.0211703156718749,1.8135210213712216e-05,14681,130,0.0199634469999999,0.8160669369999999,0.845277574,True,branched,,results/c0_prim_decomposition/raw/production-scip/real_05/production-scip__real_05__full-prim__seed0.branches.csv,full-prim,real_05,-0.5,0.0199634469999999
127,255,94,41,15,544,t_z_19_135_0,z,0.999,0.999,-27.363908767700195,-0.5,-27.613908767700195,-27.57625361186702,0.2005181189306761,-28.290271759033203,-27.363908767700195,0.0240592956542968,prim,0.5,0.0211706995999999,0.0211703156718749,1.8135210213712216e-05,14684,131,0.0198923979999999,0.818549937,0.84766094,True,branched,,results/c0_prim_decomposition/raw/production-scip/real_05/production-scip__real_05__full-prim__seed0.branches.csv,full-prim,real_05,-0.5,0.0198923979999999
128,257,95,38,14,493,t_z_129_125_2,z,0.999,0.999,-27.42354202270508,-0.5,-27.67354202270508,-27.618854823865387,0.2017629230812434,-28.324663162231445,-27.42354202270508,0.0116500854492187,prim,0.5,0.0211706995999999,0.0211703156718749,1.8135210213712216e-05,14690,132,0.019553264,0.81003175,0.838814681,True,branched,,results/c0_prim_decomposition/raw/production-scip/real_05/production-scip__real_05__full-prim__seed0.branches.csv,full-prim,real_05,-0.5,0.019553264
129,259,96,36,34,1651,t_z_135_22_1,z,0.999,0.999,-27.469808578491207,-0.5,-27.719808578491207,-27.657295174068874,0.2027339345680669,-28.353952407836918,-27.469808578491207,0.0052661895751953,prim,0.5,0.0211706995999999,0.0211703156718749,1.8135210213712216e-05,14690,133,0.020350657,0.7057532859999999,0.7353272349999999,True,branched,,results/c0_prim_decomposition/raw/production-scip/real_05/production-scip__real_05__full-prim__seed0.branches.csv,full-prim,real_05,-0.5,0.020350657
130,261,97,32,28,1597,t_z_284_283_2,z,0.999,0.999,-27.512340545654297,-0.5,-27.762340545654297,-27.70271462202072,0.2048162462228084,-28.381088256835938,-27.512340545654297,0.0010662078857421,prim,0.5,0.0211706995999999,0.0211703156718749,1.8135210213712216e-05,14690,134,0.0194569539999999,0.810082737,0.838742029,True,branched,,results/c0_prim_decomposition/raw/production-scip/real_05/production-scip__real_05__full-prim__seed0.branches.csv,full-prim,real_05,-0.5,0.0194569539999999
131,263,98,28,14,980,t_z_161_199_2,z,0.9989999999999998,0.9989999999999998,-27.54974365234375,-0.5,-27.79974365234375,-27.752524580274308,0.2112578343032029,-28.41196060180664,-27.54974365234375,0.0007171630859375,prim,0.5,0.0211706995999999,0.0211703156718749,1.8135210213712216e-05,14691,135,0.020159953,0.716048844,0.7454130039999999,True,branched,,results/c0_prim_decomposition/raw/production-scip/real_05/production-scip__real_05__full-prim__seed0.branches.csv,full-prim,real_05,-0.5,0.020159953
132,265,99,27,25,1605,t_z_285_284_2,z,0.999,0.999,-27.58694839477539,-0.5,-27.83694839477539,-27.7927369011773,0.2116666660237926,-28.442794799804688,-27.58694839477539,0.0008316040039062,prim,0.5,0.0211706995999999,0.0211703156718749,1.8135210213712216e-05,14692,136,0.019623503,0.8113605969999999,0.8401746869999999,True,branched,,results/c0_prim_decomposition/raw/production-scip/real_05/production-scip__real_05__full-prim__seed0.branches.csv,full-prim,real_05,-0.5,0.019623503
133,267,100,24,20,1227,t_z_244_243_1,z,0.999,0.999,-27.6202392578125,-0.5,-27.8702392578125,-27.8422593275706,0.2169182061118857,-28.47119140625,-27.6202392578125,0.004861831665039,prim,0.5,0.0211706995999999,0.0211703156718749,1.8135210213712216e-05,14692,137,0.018772502,0.724938806,0.7528996799999998,True,branched,,results/c0_prim_decomposition/raw/production-scip/real_05/production-scip__real_05__full-prim__seed0.branches.csv,full-prim,real_05,-0.5,0.018772502
134,269,101,21,10,413,t_z_109_86_2,z,0.9989999999999998,0.9989999999999998,-27.661319732666016,-0.5,-27.911319732666016,-27.892370587303525,0.2218249801903899,-28.50702476501465,-27.661319732666016,0.0114631652832031,prim,0.5,0.0211706995999999,0.0211703156718749,1.8135210213712216e-05,14694,138,0.020688958,0.8124654329999998,0.842360301,True,branched,,results/c0_prim_decomposition/raw/production-scip/real_05/production-scip__real_05__full-prim__seed0.branches.csv,full-prim,real_05,-0.5,0.020688958
135,271,102,20,8,349,t_z_110_109_2,z,0.999,0.999,-27.70893096923828,-0.5,-27.95893096923828,-27.935565948486328,0.2234646927222044,-28.542949676513672,-27.70893096923828,0.001108169555664,prim,0.5,0.0211706995999999,0.0211703156718749,1.8135210213712216e-05,14695,139,0.02052091,0.8123401799999999,0.841975299,True,branched,,results/c0_prim_decomposition/raw/production-scip/real_05/production-scip__real_05__full-prim__seed0.branches.csv,full-prim,real_05,-0.5,0.02052091
136,273,103,17,8,764,t_z_154_161_2,z,0.999,0.999,-27.742860794067383,-0.5,-27.992860794067383,-27.99694611044491,0.2293450440961699,-28.575454711914062,-27.742860794067383,0.008646011352539,prim,0.5,0.0211706995999999,0.0211703156718749,1.8135210213712216e-05,14695,140,0.020311552,0.7130993239999999,0.7426322939999999,True,branched,,results/c0_prim_decomposition/raw/production-scip/real_05/production-scip__real_05__full-prim__seed0.branches.csv,full-prim,real_05,-0.5,0.020311552
137,275,104,14,12,1283,t_z_250_244_1,z,0.999,0.999,-27.784324645996094,-0.5,-28.034324645996094,-28.070897919791086,0.2316312355600605,-28.60795783996582,-27.784324645996094,0.0334987640380859,prim,0.5,0.0211706995999999,0.0211703156718749,1.8135210213712216e-05,14695,141,0.019353246,0.828950861,0.8575643,True,branched,,results/c0_prim_decomposition/raw/production-scip/real_05/production-scip__real_05__full-prim__seed0.branches.csv,full-prim,real_05,-0.5,0.019353246
138,277,105,11,5,313,t_z_95_19_0,z,0.999,0.999,-27.849782943725582,-0.5,-28.099782943725582,-28.14201441678134,0.2416711095454751,-28.64023971557617,-27.849782943725582,0.0343742370605468,prim,0.5,0.0211706995999999,0.0211703156718749,1.8135210213712216e-05,14695,142,0.019936122,0.7261421019999998,0.755311583,True,branched,,results/c0_prim_decomposition/raw/production-scip/real_05/production-scip__real_05__full-prim__seed0.branches.csv,full-prim,real_05,-0.5,0.019936122
139,279,106,8,6,1207,t_z_242_241_3,z,0.999,0.999,-27.919883728027344,-0.5,-28.169883728027344,-28.203535795211792,0.226113473718214,-28.6721305847168,-27.919883728027344,0.0963459014892578,prim,0.5,0.0211706995999999,0.0211703156718749,1.8135210213712216e-05,14695,143,0.0213729879999999,0.8305340239999999,0.861105298,True,branched,,results/c0_prim_decomposition/raw/production-scip/real_05/production-scip__real_05__full-prim__seed0.branches.csv,full-prim,real_05,-0.5,0.0213729879999999
140,281,107,6,1,153,t_z_7_5_0,z,0.0019979979979979,0.0019979979979979,-28.704021453857425,1.0,-28.204021453857425,-28.260620435078938,0.2267369505337747,-28.704021453857425,-28.047473907470703,0.0117359161376953,prim,0.5,0.0211706995999999,0.0211703156718749,1.8135210213712216e-05,14695,144,0.020058774,0.8373299079999998,0.866601779,True,branched,,results/c0_prim_decomposition/raw/production-scip/real_05/production-scip__real_05__full-prim__seed0.branches.csv,full-prim,real_05,1.0,0.020058774
141,283,108,4,1,270,t_z_27_59_3,z,0.998,0.998,-28.094444274902344,-0.5,-28.344444274902344,-28.272570610046387,0.1227752673559572,-28.391756057739254,-28.094444274902344,0.1281490325927734,prim,0.5,0.0211706995999999,0.0211703156718749,1.8135210213712216e-05,14697,145,0.019602659,0.83292537,0.8615728649999999,True,branched,,results/c0_prim_decomposition/raw/production-scip/real_05/production-scip__real_05__full-prim__seed0.branches.csv,full-prim,real_05,-0.5,0.019602659
142,285,109,3,0,159,t_z_7_5_3,z,0.999,0.999,-28.253833770751957,-0.5,-28.503833770751957,-28.36318651835124,0.0774375950933176,-28.422996520996094,-28.253833770751957,0.1588954925537109,prim,0.5,0.0211706995999999,0.0211703156718749,1.8135210213712216e-05,14697,146,0.02023327,0.823061102,0.8524691159999999,True,branched,,results/c0_prim_decomposition/raw/production-scip/real_05/production-scip__real_05__full-prim__seed0.branches.csv,full-prim,real_05,-0.5,0.02023327
0,1,0,229,2,5,t_m_1_1,m,0.1439276888788273,0.1439276888788273,-27.253595352172848,0.3000000119209289,-27.103595733642575,-27.915404523824495,0.3911853593585336,-29.252878189086918,-27.253595352172848,0.0449428558349609,prim,0.5,1e+20,0.0211702999999999,1e+20,16793,1,0.031053269,0.852077586,0.892508398,True,branched,,results/c0_prim_decomposition/raw/production-scip/real_05/production-scip__real_05__full-prim__seed1.branches.csv,full-prim,real_05,0.3000000119209289,0.031053269
1,2,1,249,31,69,t_m_17_1,m,0.1522826931374547,0.1522826931374547,-27.17414283752441,0.3000000119209289,-27.02414321899414,-27.867059332299903,0.3989500371348154,-29.28223991394043,-27.17414283752441,0.0053119659423828,prim,0.5,1e+20,0.0211702999999999,1e+20,16828,2,0.031661553,0.787152782,0.82826969,True,branched,,results/c0_prim_decomposition/raw/production-scip/real_05/production-scip__real_05__full-prim__seed1.branches.csv,full-prim,real_05,0.3000000119209289,0.031661553
2,4,2,242,2,6,t_m_1_2,m,0.1592064283652218,0.1592064283652218,-27.138708114624023,0.3000000119209289,-26.98870849609375,-27.835246109765425,0.3999444830140259,-29.222692489624023,-27.138708114624023,0.0289039611816406,prim,0.5,1e+20,0.0211702999999999,1e+20,16860,3,0.0323641569999999,0.821536888,0.8632777849999999,True,branched,,results/c0_prim_decomposition/raw/production-scip/real_05/production-scip__real_05__full-prim__seed1.branches.csv,full-prim,real_05,0.3000000119209289,0.0323641569999999
3,5,2,214,12,21,t_m_5_1,m,0.0909090909090909,0.0909090909090909,-27.23921775817871,0.3000000119209289,-27.08921813964844,-27.87514483371628,0.3880864270173542,-29.25484275817871,-27.149473190307617,0.0136280059814453,prim,0.5,1e+20,0.0211702999999999,1e+20,16981,4,0.029480688,0.807765622,0.8465679139999999,True,branched,,results/c0_prim_decomposition/raw/production-scip/real_05/production-scip__real_05__full-prim__seed1.branches.csv,full-prim,real_05,0.3000000119209289,0.029480688
4,9,3,213,2,4,t_m_1_0,m,0.25,0.25,-27.20392608642578,0.3000000119209289,-27.053926467895508,-27.88289330710828,0.4411510365740977,-29.92305374145508,-27.1541748046875,0.0201950073242187,prim,0.5,1e+20,0.0211702999999999,1e+20,17042,5,0.0294512219999999,0.81906142,0.8579659109999999,True,branched,,results/c0_prim_decomposition/raw/production-scip/real_05/production-scip__real_05__full-prim__seed1.branches.csv,full-prim,real_05,0.3000000119209289,0.0294512219999999
5,11,4,189,27,74,t_m_18_2,m,0.2332166666666666,0.2332166666666666,-27.18222045898437,0.3000000119209289,-27.032220840454105,-27.876011924138144,0.4511306452765473,-29.894123077392575,-27.092926025390625,0.0282115936279296,prim,0.5,1e+20,0.0211702999999999,1e+20,17071,6,0.0292010299999999,0.802661717,0.841375843,True,branched,,results/c0_prim_decomposition/raw/production-scip/real_05/production-scip__real_05__full-prim__seed1.branches.csv,full-prim,real_05,0.3000000119209289,0.0292010299999999
6,13,5,179,38,112,t_m_28_0,m,0.1113915062251311,0.1113915062251311,-27.13108253479004,0.0,-27.13108253479004,-27.896647607814,0.4577944389757754,-29.874237060546875,-27.13108253479004,0.0114383697509765,prim,0.5,1e+20,0.0211702999999999,1e+20,17111,7,0.0290194949999999,0.8049571079999999,0.8432764799999999,True,branched,,results/c0_prim_decomposition/raw/production-scip/real_05/production-scip__real_05__full-prim__seed1.branches.csv,full-prim,real_05,0.0,0.0290194949999999
7,15,6,182,41,124,t_m_31_0,m,0.2476184103676505,0.2476184103676505,-27.130298614501957,0.0,-27.130298614501957,-27.861005133324927,0.4668687313918155,-29.836345672607425,-27.130298614501957,0.0018653869628906,prim,0.5,1e+20,0.0211702999999999,1e+20,17126,8,0.029872312,0.820688481,0.859963354,True,branched,,results/c0_prim_decomposition/raw/production-scip/real_05/production-scip__real_05__full-prim__seed1.branches.csv,full-prim,real_05,0.0,0.029872312
8,17,7,183,39,116,t_m_29_0,m,0.2476184103676505,0.2476184103676505,-27.12179374694824,0.0,-27.12179374694824,-27.852968528622487,0.4617470775335285,-29.796350479125977,-27.12179374694824,0.0069484710693359,prim,0.5,1e+20,0.0211702999999999,1e+20,17135,9,0.030248601,0.817247369,0.856775865,True,branched,,results/c0_prim_decomposition/raw/production-scip/real_05/production-scip__real_05__full-prim__seed1.branches.csv,full-prim,real_05,0.0,0.030248601
9,18,8,192,39,108,t_m_27_0,m,0.1115324804954895,0.1115324804954895,-27.160131454467773,0.0,-27.160131454467773,-27.855611930290856,0.4482274608827053,-29.763021469116207,-27.160131454467773,0.0041332244873046,prim,0.5,1e+20,0.0211702999999999,1e+20,17144,10,0.029929882,0.800882419,0.840225222,True,branched,,results/c0_prim_decomposition/raw/production-scip/real_05/production-scip__real_05__full-prim__seed1.branches.csv,full-prim,real_05,0.0,0.029929882
10,21,9,197,13,44,t_m_11_0,m,0.3476670771428189,0.3476670771428189,-27.27827835083008,0.3000000119209289,-27.128278732299805,-27.871579765668372,0.4230383378690454,-29.73247528076172,-27.155576705932617,0.0351009368896484,prim,0.5,1e+20,0.0211702999999999,1e+20,17164,11,0.02990872,0.795734534,0.8349724819999998,True,branched,,results/c0_prim_decomposition/raw/production-scip/real_05/production-scip__real_05__full-prim__seed1.branches.csv,full-prim,real_05,0.3000000119209289,0.02990872
11,23,10,203,153,1561,t_z_280_279_0,z,0.1656223709551734,0.1656223709551734,-27.728145599365234,1.0,-27.228145599365234,-27.947680722316495,0.4783269770726007,-30.395664215087887,-27.26484489440918,0.0162315368652343,prim,0.5,1e+20,0.0211702999999999,1e+20,17190,12,0.029735092,0.8169422,0.85599543,True,branched,,results/c0_prim_decomposition/raw/production-scip/real_05/production-scip__real_05__full-prim__seed1.branches.csv,full-prim,real_05,1.0,0.029735092
12,25,11,202,152,1559,t_z_279_278_3,z,0.1949483897069755,0.1949483897069755,-27.742706298828125,1.0,-27.242706298828125,-27.95210880808311,0.4741487420078183,-30.38292121887207,-27.275842666625977,0.018045425415039,prim,0.5,1e+20,0.0211702999999999,1e+20,17191,13,0.0294855639999999,0.7479776129999999,0.786784185,True,branched,,results/c0_prim_decomposition/raw/production-scip/real_05/production-scip__real_05__full-prim__seed1.branches.csv,full-prim,real_05,1.0,0.0294855639999999
13,27,12,201,43,163,t_z_12_11_1,z,0.4444808496308754,0.4444808496308754,-27.74661064147949,1.0,-27.24661064147949,-27.956801163023385,0.4704272851818653,-30.371055603027344,-27.288257598876957,0.0156536102294921,prim,0.5,1e+20,0.0211702999999999,1e+20,17192,14,0.0292992049999999,0.8215262009999998,0.860175809,True,branched,,results/c0_prim_decomposition/raw/production-scip/real_05/production-scip__real_05__full-prim__seed1.branches.csv,full-prim,real_05,1.0,0.0292992049999999
14,28,13,202,154,1567,t_z_280_279_3,z,0.1949483897069755,0.1949483897069755,-27.762413024902344,1.0,-27.262413024902344,-27.96989689250984,0.4696432146387452,-30.361515045166016,-27.302335739135746,0.015848159790039,prim,0.5,1e+20,0.0211702999999999,1e+20,17195,15,0.0288577939999999,0.775736325,0.81392284,True,branched,,results/c0_prim_decomposition/raw/production-scip/real_05/production-scip__real_05__full-prim__seed1.branches.csv,full-prim,real_05,1.0,0.0288577939999999
0,1,0,247,10,17,t_m_4_1,m,0.1843669274411974,0.1843669274411974,-24.95883178710937,0.0,-24.95883178710937,-25.662711139632624,0.3749658529872044,-27.095027923583984,-24.95883178710937,0.0220184326171875,none,0.0,1e+20,0.0211703156718749,1e+20,13080,1,0.0188069969999999,0.818805265,0.837614776,True,branched,,results/c0_prim_decomposition/raw/production-scip/real_05/production-scip__real_05__gcnn__seed0.branches.csv,gcnn,real_05,0.0,0.0188069969999999
1,2,1,248,11,16,t_m_4_0,m,0.2056989642401968,0.2056989642401968,-24.98008346557617,0.0,-24.98008346557617,-25.656985013715683,0.3773561697045123,-27.05202293395996,-24.98008346557617,0.0013751983642578,none,0.0,1e+20,0.0211703156718749,1e+20,13082,2,0.0191942579999999,0.8176373869999999,0.836833924,True,branched,,results/c0_prim_decomposition/raw/production-scip/real_05/production-scip__real_05__gcnn__seed0.branches.csv,gcnn,real_05,0.0,0.0191942579999999
2,5,2,221,15,32,t_m_8_0,m,0.2490834167500826,0.2490834167500826,-25.020652770996094,0.0,-25.020652770996094,-25.712820432844204,0.3699795085279076,-26.97293472290039,-25.020652770996094,0.009042739868164,none,0.0,1e+20,0.0211703156718749,1e+20,13131,3,0.0200574669999999,0.817301189,0.8373610609999999,True,branched,,results/c0_prim_decomposition/raw/production-scip/real_05/production-scip__real_05__gcnn__seed0.branches.csv,gcnn,real_05,0.0,0.0200574669999999
3,7,3,252,26,50,t_m_12_2,m,0.1427618570951905,0.1427618570951905,-25.09246635437012,0.0,-25.09246635437012,-25.767026719592867,0.3528428052755383,-26.933862686157227,-25.09246635437012,0.0121784210205078,none,0.0,1e+20,0.0211703156718749,1e+20,13183,4,0.019220522,0.8169117989999999,0.8361355249999999,True,branched,,results/c0_prim_decomposition/raw/production-scip/real_05/production-scip__real_05__gcnn__seed0.branches.csv,gcnn,real_05,0.0,0.019220522
4,9,4,235,38,84,t_m_21_0,m,0.1239167292292286,0.1239167292292286,-25.129425048828125,0.0,-25.129425048828125,-25.79021021254519,0.3429137319675251,-27.013599395751957,-25.129425048828125,0.0042476654052734,none,0.0,1e+20,0.0211703156718749,1e+20,13248,5,0.019331226,0.8182091129999999,0.837543219,True,branched,,results/c0_prim_decomposition/raw/production-scip/real_05/production-scip__real_05__gcnn__seed0.branches.csv,gcnn,real_05,0.0,0.019331226
5,11,5,217,22,61,t_m_15_1,m,0.1987538471578379,0.1987538471578379,-25.129886627197266,0.0,-25.129886627197266,-25.81746030183432,0.3532399103465976,-26.97879409790039,-25.129886627197266,0.002298355102539,none,0.0,1e+20,0.0211703156718749,1e+20,13288,6,0.019192061,0.818524576,0.837719129,True,branched,,results/c0_prim_decomposition/raw/production-scip/real_05/production-scip__real_05__gcnn__seed0.branches.csv,gcnn,real_05,0.0,0.019192061
6,13,6,229,10,26,t_m_6_2,m,0.2495318680749714,0.2495318680749714,-25.22889518737793,0.0,-25.22889518737793,-25.904862066543775,0.3478892465025303,-27.26327133178711,-25.22889518737793,0.0131053924560546,none,0.0,1e+20,0.0211703156718749,1e+20,13339,7,0.019615397,0.820325351,0.839943094,True,branched,,results/c0_prim_decomposition/raw/production-scip/real_05/production-scip__real_05__gcnn__seed0.branches.csv,gcnn,real_05,0.0,0.019615397
7,15,7,206,22,96,t_m_24_0,m,0.001,0.001,-25.41587448120117,0.0,-25.41587448120117,-25.949583914673443,0.3319577846588843,-27.26289367675781,-25.41587448120117,0.0067348480224609,none,0.0,1e+20,0.0211703156718749,1e+20,13364,8,0.0196031519999999,0.8133193819999999,0.832925655,True,branched,,results/c0_prim_decomposition/raw/production-scip/real_05/production-scip__real_05__gcnn__seed0.branches.csv,gcnn,real_05,0.0,0.0196031519999999
8,17,8,238,28,83,t_m_20_3,m,0.0010000000000001,0.0010000000000001,-25.452022552490234,0.0,-25.452022552490234,-25.98510621976452,0.3318206122972635,-27.330780029296875,-25.452022552490234,0.0150012969970703,none,0.0,1e+20,0.0211703156718749,1e+20,13408,9,0.0195704639999999,0.822779361,0.842352356,True,branched,,results/c0_prim_decomposition/raw/production-scip/real_05/production-scip__real_05__gcnn__seed0.branches.csv,gcnn,real_05,0.0,0.0195704639999999
9,18,9,211,35,157,t_z_7_5_2,z,0.9963336670003335,0.9963336670003335,-25.471607208251957,0.0,-25.471607208251957,-26.001286402697808,0.3171142332675883,-27.261369705200195,-25.471607208251957,0.0213184356689453,none,0.0,1e+20,0.0211703156718749,1e+20,13409,10,0.020081858,0.816982323,0.8370668279999999,True,branched,,results/c0_prim_decomposition/raw/production-scip/real_05/production-scip__real_05__gcnn__seed0.branches.csv,gcnn,real_05,0.0,0.020081858
10,21,10,225,61,346,t_z_109_110_1,z,0.9938333333333323,0.9938333333333323,-25.505571365356445,0.0,-25.505571365356445,-26.086629392835828,0.3225750687721953,-27.25535774230957,-25.505571365356445,0.0407886505126953,none,0.0,1e+20,0.0211703156718749,1e+20,13429,11,0.01915941,0.82435102,0.843513103,True,branched,,results/c0_prim_decomposition/raw/production-scip/real_05/production-scip__real_05__gcnn__seed0.branches.csv,gcnn,real_05,0.0,0.01915941
11,23,11,224,215,1995,t_z_132_22_1,z,0.996,0.996,-25.55380249023437,0.0,-25.55380249023437,-26.113015004566737,0.3188539057762785,-27.238697052001957,-25.55380249023437,0.0406036376953125,none,0.0,1e+20,0.0211703156718749,1e+20,13433,12,0.020058187,0.8234841059999999,0.8435449369999999,True,branched,,results/c0_prim_decomposition/raw/production-scip/real_05/production-scip__real_05__gcnn__seed0.branches.csv,gcnn,real_05,0.0,0.020058187
12,25,12,217,77,675,t_z_146_145_1,z,0.999,0.999,-25.609264373779297,0.0,-25.609264373779297,-26.132206094979143,0.3156903212790439,-27.221122741699215,-25.609264373779297,0.0005111694335937,none,0.0,1e+20,0.0211703156718749,1e+20,13435,13,0.020513163,0.820777442,0.8412931529999998,True,branched,,results/c0_prim_decomposition/raw/production-scip/real_05/production-scip__real_05__gcnn__seed0.branches.csv,gcnn,real_05,0.0,0.020513163
13,27,13,216,65,471,t_z_125_124_3,z,0.999,0.999,-25.598320007324215,0.0,-25.598320007324215,-26.123217061713888,0.3146363240998102,-27.21024513244629,-25.598320007324215,0.0252609252929687,none,0.0,1e+20,0.0211703156718749,1e+20,13435,14,0.018869638,0.8192519999999999,0.8381242789999999,True,branched,,results/c0_prim_decomposition/raw/production-scip/real_05/production-scip__real_05__gcnn__seed0.branches.csv,gcnn,real_05,0.0,0.018869638
14,29,14,215,63,463,t_z_124_123_3,z,0.999,0.999,-25.607967376708984,0.0,-25.607967376708984,-26.14161852459575,0.3133215592654916,-27.191057205200195,-25.607967376708984,0.026611328125,none,0.0,1e+20,0.0211703156718749,1e+20,13439,15,0.0197227529999999,0.818721078,0.838446287,True,branched,,results/c0_prim_decomposition/raw/production-scip/real_05/production-scip__real_05__gcnn__seed0.branches.csv,gcnn,real_05,0.0,0.0197227529999999
15,31,15,213,212,2123,t_z_241_147_1,z,0.999,0.999,-25.64168930053711,0.0,-25.64168930053711,-26.15368131180884,0.3091674058548586,-27.16995048522949,-25.64168930053711,0.0016746520996093,none,0.0,1e+20,0.0211703156718749,1e+20,13441,16,0.0195310289999999,0.807244711,0.8267787939999999,True,branched,,results/c0_prim_decomposition/raw/production-scip/real_05/production-scip__real_05__gcnn__seed0.branches.csv,gcnn,real_05,0.0,0.0195310289999999
16,33,16,212,37,148,t_z_5_6_2,z,0.0026666666666667,0.0026666666666667,-25.62377548217773,0.0,-25.62377548217773,-26.16794218207305,0.3077444188606144,-27.15165901184082,-25.62377548217773,0.0796680450439453,none,0.0,1e+20,0.0211703156718749,1e+20,13446,17,0.01931686,0.807770871,0.827090143,True,branched,,results/c0_prim_decomposition/raw/production-scip/real_05/production-scip__real_05__gcnn__seed0.branches.csv,gcnn,real_05,0.0,0.01931686
17,35,17,229,23,71,t_m_17_3,m,0.1443571428571427,0.1443571428571427,-25.51865768432617,0.0,-25.51865768432617,-26.192398021314865,0.2926247220668347,-27.149566650390625,-25.51865768432617,0.019989013671875,none,0.0,1e+20,0.0211703156718749,1e+20,13487,18,0.01922159,0.801245579,0.820469889,True,branched,,results/c0_prim_decomposition/raw/production-scip/real_05/production-scip__real_05__gcnn__seed0.branches.csv,gcnn,real_05,0.0,0.01922159
0,1,0,229,2,5,t_m_1_1,m,0.1439276888788273,0.1439276888788273,-27.253595352172848,0.0,-27.253595352172848,-27.915404523824495,0.3911853593585336,-29.252878189086918,-27.253595352172848,0.0449428558349609,none,0.0,1e+20,0.0211702999999999,1e+20,16793,1,0.0295533889999999,0.8227450179999999,0.85230079,True,branched,,results/c0_prim_decomposition/raw/production-scip/real_05/production-scip__real_05__gcnn__seed1.branches.csv,gcnn,real_05,0.0,0.0295533889999999
1,2,1,249,31,69,t_m_17_1,m,0.1522826931374547,0.1522826931374547,-27.17414283752441,0.0,-27.17414283752441,-27.867059332299903,0.3989500371348154,-29.28223991394043,-27.17414283752441,0.0053119659423828,none,0.0,1e+20,0.0211702999999999,1e+20,16828,2,0.028729284,0.807464869,0.8361969959999999,True,branched,,results/c0_prim_decomposition/raw/production-scip/real_05/production-scip__real_05__gcnn__seed1.branches.csv,gcnn,real_05,0.0,0.028729284
2,4,2,242,2,6,t_m_1_2,m,0.1592064283652218,0.1592064283652218,-27.138708114624023,0.0,-27.138708114624023,-27.835246109765425,0.3999444830140259,-29.222692489624023,-27.138708114624023,0.0289039611816406,none,0.0,1e+20,0.0211702999999999,1e+20,16860,3,0.02821919,0.788504823,0.8167264619999999,True,branched,,results/c0_prim_decomposition/raw/production-scip/real_05/production-scip__real_05__gcnn__seed1.branches.csv,gcnn,real_05,0.0,0.02821919
3,5,2,214,34,80,t_m_20_0,m,0.1602712930273609,0.1602712930273609,-27.149473190307617,0.0,-27.149473190307617,-27.87514483371628,0.3880864270173542,-29.25484275817871,-27.149473190307617,0.0136280059814453,none,0.0,1e+20,0.0211702999999999,1e+20,16981,4,0.02922137,0.8104916199999999,0.83971562,True,branched,,results/c0_prim_decomposition/raw/production-scip/real_05/production-scip__real_05__gcnn__seed1.branches.csv,gcnn,real_05,0.0,0.02922137
4,9,3,183,39,112,t_m_28_0,m,0.181561079545454,0.181561079545454,-27.070825576782227,0.0,-27.070825576782227,-27.863987344210265,0.3819446271143797,-29.20204734802246,-27.070825576782227,0.0237293243408203,none,0.0,1e+20,0.0211702999999999,1e+20,17001,5,0.027926617,0.8020838599999999,0.830013108,True,branched,,results/c0_prim_decomposition/raw/production-scip/real_05/production-scip__real_05__gcnn__seed1.branches.csv,gcnn,real_05,0.0,0.027926617
5,11,4,217,43,109,t_m_27_1,m,0.1587725829216655,0.1587725829216655,-27.09014129638672,0.0,-27.09014129638672,-27.8289003240348,0.3609850731530066,-29.1627197265625,-27.09014129638672,0.038644790649414,none,0.0,1e+20,0.0211702999999999,1e+20,17031,6,0.0284064709999999,0.795121358,0.823530323,True,branched,,results/c0_prim_decomposition/raw/production-scip/real_05/production-scip__real_05__gcnn__seed1.branches.csv,gcnn,real_05,0.0,0.0284064709999999
6,13,5,201,39,96,t_m_24_0,m,0.2065579637096778,0.2065579637096778,-27.068639755249023,0.0,-27.068639755249023,-27.80253932250673,0.3620568783090601,-29.197471618652344,-27.068639755249023,0.013214111328125,none,0.0,1e+20,0.0211702999999999,1e+20,17041,7,0.0278565079999999,0.789709259,0.8175681169999999,True,branched,,results/c0_prim_decomposition/raw/production-scip/real_05/production-scip__real_05__gcnn__seed1.branches.csv,gcnn,real_05,0.0,0.0278565079999999
7,15,6,182,31,94,t_m_23_2,m,0.2202644230769227,0.2202644230769227,-27.099834442138672,0.0,-27.099834442138672,-27.79698473542601,0.3622495282504393,-29.12858772277832,-27.099834442138672,0.0249500274658203,none,0.0,1e+20,0.0211702999999999,1e+20,17074,8,0.0278567779999999,0.777700272,0.805559274,True,branched,,results/c0_prim_decomposition/raw/production-scip/real_05/production-scip__real_05__gcnn__seed1.branches.csv,gcnn,real_05,0.0,0.0278567779999999
8,17,7,219,18,43,t_m_10_3,m,0.2242272727272727,0.2242272727272727,-27.115413665771484,0.0,-27.115413665771484,-27.830275696706558,0.3577842086047955,-29.25071907043457,-27.115413665771484,0.0340614318847656,none,0.0,1e+20,0.0211702999999999,1e+20,17143,9,0.0277658359999999,0.7838907099999999,0.811659122,True,branched,,results/c0_prim_decomposition/raw/production-scip/real_05/production-scip__real_05__gcnn__seed1.branches.csv,gcnn,real_05,0.0,0.0277658359999999
9,19,8,232,2,4,t_m_1_0,m,0.1211818181818181,0.1211818181818181,-27.163019180297848,0.0,-27.163019180297848,-27.827246583741285,0.347285688421924,-29.22137451171875,-27.163019180297848,0.0189380645751953,none,0.0,1e+20,0.0211702999999999,1e+20,17159,10,0.028392528,0.7832257599999999,0.8116208329999999,True,branched,,results/c0_prim_decomposition/raw/production-scip/real_05/production-scip__real_05__gcnn__seed1.branches.csv,gcnn,real_05,0.0,0.028392528
10,21,9,220,34,122,t_m_30_2,m,0.2515833333333331,0.2515833333333331,-27.183601379394528,0.0,-27.183601379394528,-27.882857756181195,0.3341791527547059,-29.21950340270996,-27.183601379394528,0.0064163208007812,none,0.0,1e+20,0.0211702999999999,1e+20,17213,11,0.0272595389999999,0.777130816,0.804392799,True,branched,,results/c0_prim_decomposition/raw/production-scip/real_05/production-scip__real_05__gcnn__seed1.branches.csv,gcnn,real_05,0.0,0.0272595389999999
11,22,10,215,28,74,t_m_18_2,m,0.2506666666666664,0.2506666666666664,-27.30905532836914,0.0,-27.30905532836914,-27.941067416168924,0.3320416867932696,-29.18185806274414,-27.30905532836914,0.0112228393554687,none,0.0,1e+20,0.0211702999999999,1e+20,17273,12,0.025882114,0.7724487039999999,0.7983331019999999,True,branched,,results/c0_prim_decomposition/raw/production-scip/real_05/production-scip__real_05__gcnn__seed1.branches.csv,gcnn,real_05,0.0,0.025882114
12,25,11,202,26,66,t_m_16_2,m,0.1667777777777775,0.1667777777777775,-27.30146598815918,0.0,-27.30146598815918,-27.94810376308932,0.3412987760691507,-29.153007507324215,-27.30146598815918,0.0021934509277343,none,0.0,1e+20,0.0211702999999999,1e+20,17301,13,0.0271756369999999,0.7836809909999999,0.810859101,True,branched,,results/c0_prim_decomposition/raw/production-scip/real_05/production-scip__real_05__gcnn__seed1.branches.csv,gcnn,real_05,0.0,0.0271756369999999
13,27,12,198,159,1551,t_z_278_6_3,z,0.999,0.999,-27.505451202392575,0.0,-27.505451202392575,-28.017789041153108,0.3412533239408608,-29.16034698486328,-27.505451202392575,0.0087108612060546,none,0.0,1e+20,0.0211702999999999,1e+20,17339,14,0.0274577179999999,0.7830958049999999,0.8105559669999999,True,branched,,results/c0_prim_decomposition/raw/production-scip/real_05/production-scip__real_05__gcnn__seed1.branches.csv,gcnn,real_05,0.0,0.0274577179999999
14,29,13,197,160,1559,t_z_279_278_3,z,0.999,0.999,-27.515853881835938,0.0,-27.515853881835938,-28.022989999219245,0.3375819530961047,-29.133796691894528,-27.515853881835938,0.0,none,0.0,1e+20,0.0211702999999999,1e+20,17340,15,0.0274364209999999,0.790439626,0.8178790289999999,True,branched,,results/c0_prim_decomposition/raw/production-scip/real_05/production-scip__real_05__gcnn__seed1.branches.csv,gcnn,real_05,0.0,0.0274364209999999
15,31,14,196,161,1567,t_z_280_279_3,z,0.999,0.999,-27.519760131835938,0.0,-27.519760131835938,-28.029458260049623,0.3337934435500781,-29.10897254943848,-27.519760131835938,0.0146312713623046,none,0.0,1e+20,0.0211702999999999,1e+20,17341,16,0.027352794,0.7910552069999999,0.818410295,True,branched,,results/c0_prim_decomposition/raw/production-scip/real_05/production-scip__real_05__gcnn__seed1.branches.csv,gcnn,real_05,0.0,0.027352794
16,33,15,195,25,87,t_m_21_3,m,0.0020000000000002,0.0020000000000002,-27.544761657714844,0.0,-27.544761657714844,-28.0369388286884,0.3299110097438322,-29.085338592529297,-27.544761657714844,0.0050868988037109,none,0.0,1e+20,0.0211702999999999,1e+20,17342,17,0.0283983709999999,0.7923673949999999,0.8207683799999999,True,branched,,results/c0_prim_decomposition/raw/production-scip/real_05/production-scip__real_05__gcnn__seed1.branches.csv,gcnn,real_05,0.0,0.0283983709999999
17,34,16,194,7,19,t_m_4_3,m,0.0012499999999998,0.0012499999999998,-27.571197509765625,0.0,-27.571197509765625,-28.0434887286314,0.3297652270900319,-29.08295249938965,-27.571197509765625,0.0060634613037109,none,0.0,1e+20,0.0211702999999999,1e+20,17360,18,0.028262206,0.7981184439999999,0.826382939,True,branched,,results/c0_prim_decomposition/raw/production-scip/real_05/production-scip__real_05__gcnn__seed1.branches.csv,gcnn,real_05,0.0,0.028262206
18,37,17,192,29,131,t_z_2_1_1,z,0.999,0.999,-27.565603256225582,0.0,-27.565603256225582,-28.029560218254726,0.2991060218469726,-29.057292938232425,-27.565603256225582,0.0353450775146484,none,0.0,1e+20,0.0211702999999999,1e+20,17374,19,0.028339815,0.7995569059999998,0.8278991279999999,True,branched,,results/c0_prim_decomposition/raw/production-scip/real_05/production-scip__real_05__gcnn__seed1.branches.csv,gcnn,real_05,0.0,0.028339815
19,39,18,191,17,55,t_m_13_3,m,0.001,0.001,-27.61391258239746,0.0,-27.61391258239746,-28.039533165736973,0.2958348913940977,-29.03630256652832,-27.61391258239746,0.0002899169921875,none,0.0,1e+20,0.0211702999999999,1e+20,17375,20,0.028617455,0.80009388,0.8287137089999999,True,branched,,results/c0_prim_decomposition/raw/production-scip/real_05/production-scip__real_05__gcnn__seed1.branches.csv,gcnn,real_05,0.0,0.028617455
20,40,19,193,7,23,t_m_5_3,m,0.001,0.001,-27.6275691986084,0.0,-27.6275691986084,-28.048823282508653,0.2935955425189291,-29.016450881958008,-27.6275691986084,0.0028457641601562,none,0.0,1e+20,0.0211702999999999,1e+20,17377,21,0.0299617039999999,0.8033841609999999,0.833348282,True,branched,,results/c0_prim_decomposition/raw/production-scip/real_05/production-scip__real_05__gcnn__seed1.branches.csv,gcnn,real_05,0.0,0.0299617039999999
21,42,20,194,182,1799,t_z_312_266_3,z,0.9985,0.9985,-27.6448974609375,0.0,-27.6448974609375,-28.063209484532937,0.2930336470492417,-29.083616256713867,-27.6448974609375,0.0,none,0.0,1e+20,0.0211702999999999,1e+20,17384,22,0.0299120969999999,0.8013482939999999,0.8312631259999999,True,branched,,results/c0_prim_decomposition/raw/production-scip/real_05/production-scip__real_05__gcnn__seed1.branches.csv,gcnn,real_05,0.0,0.0299120969999999
22,45,21,193,183,1831,t_z_313_215_3,z,0.9985,0.9985,-27.65391159057617,0.0,-27.65391159057617,-28.071258564687145,0.2905358603060924,-29.06035614013672,-27.65391159057617,0.0037384033203125,none,0.0,1e+20,0.0211702999999999,1e+20,17385,23,0.0286096059999999,0.809191611,0.837803233,True,branched,,results/c0_prim_decomposition/raw/production-scip/real_05/production-scip__real_05__gcnn__seed1.branches.csv,gcnn,real_05,0.0,0.0286096059999999
23,47,22,192,85,1127,t_z_215_205_3,z,0.9985,0.9985,-27.58930778503418,0.0,-27.58930778503418,-28.077480951944988,0.2888695901047471,-29.036628723144528,-27.58930778503418,0.0761566162109375,none,0.0,1e+20,0.0211702999999999,1e+20,17387,24,0.029602007,0.804608875,0.834213533,True,branched,,results/c0_prim_decomposition/raw/production-scip/real_05/production-scip__real_05__gcnn__seed1.branches.csv,gcnn,real_05,0.0,0.029602007
24,49,23,191,80,1015,t_z_205_203_3,z,0.998,0.998,-27.600852966308597,0.0,-27.600852966308597,-28.08462941833816,0.2866632938823449,-29.01439094543457,-27.600852966308597,0.0719642639160156,none,0.0,1e+20,0.0211702999999999,1e+20,17390,25,0.029098226,0.8039989539999999,0.8330994649999999,True,branched,,results/c0_prim_decomposition/raw/production-scip/real_05/production-scip__real_05__gcnn__seed1.branches.csv,gcnn,real_05,0.0,0.029098226
25,51,24,189,78,1007,t_z_203_202_3,z,0.996,0.996,-27.576513290405277,0.0,-27.576513290405277,-28.091896359882657,0.2847561377487952,-28.992143630981445,-27.576513290405277,0.1008586883544921,none,0.0,1e+20,0.0211702999999999,1e+20,17392,26,0.029014082,0.803597208,0.83261388,True,branched,,results/c0_prim_decomposition/raw/production-scip/real_05/production-scip__real_05__gcnn__seed1.branches.csv,gcnn,real_05,0.0,0.029014082
26,53,25,188,80,1023,t_z_202_156_3,z,0.995,0.995,-27.60559844970703,0.0,-27.60559844970703,-28.09767213780829,0.2822241583612542,-28.96967315673828,-27.60559844970703,0.082651138305664,none,0.0,1e+20,0.0211702999999999,1e+20,17393,27,0.02906065,0.810463487,0.8395264279999999,True,branched,,results/c0_prim_decomposition/raw/production-scip/real_05/production-scip__real_05__gcnn__seed1.branches.csv,gcnn,real_05,0.0,0.02906065
27,55,26,187,21,61,t_m_15_1,m,0.001,0.001,-27.69139289855957,0.0,-27.69139289855957,-28.100544475616616,0.2797722485405269,-28.944122314453125,-27.69139289855957,0.00042724609375,none,0.0,1e+20,0.0211702999999999,1e+20,17394,28,0.030027806,0.807559373,0.837589629,True,branched,,results/c0_prim_decomposition/raw/production-scip/real_05/production-scip__real_05__gcnn__seed1.branches.csv,gcnn,real_05,0.0,0.030027806
28,57,27,182,25,105,t_m_26_1,m,0.2502505000000001,0.2502505000000001,-27.577756881713867,0.0,-27.577756881713867,-28.133131593138305,0.2764363561202618,-28.940465927124023,-27.577756881713867,0.0111598968505859,none,0.0,1e+20,0.0211702999999999,1e+20,17436,29,0.0295633289999999,0.811664343,0.8412297389999999,True,branched,,results/c0_prim_decomposition/raw/production-scip/real_05/production-scip__real_05__gcnn__seed1.branches.csv,gcnn,real_05,0.0,0.0295633289999999
29,59,28,177,15,54,t_m_13_2,m,0.2507495000000001,0.2507495000000001,-27.607397079467773,0.0,-27.607397079467773,-28.139039443711106,0.274085498559865,-28.94652938842773,-27.607397079467773,0.0004653930664062,none,0.0,1e+20,0.0211702999999999,1e+20,17452,30,0.029195465,0.809737647,0.8389548319999999,True,branched,,results/c0_prim_decomposition/raw/production-scip/real_05/production-scip__real_05__gcnn__seed1.branches.csv,gcnn,real_05,0.0,0.029195465
30,61,29,173,19,91,t_m_22_3,m,0.2501248122183276,0.2501248122183276,-27.587182998657227,0.0,-27.587182998657227,-28.174240707662065,0.2806689918254491,-29.44504737854004,-27.587182998657227,0.002756118774414,none,0.0,1e+20,0.0211702999999999,1e+20,17474,31,0.028925836,0.7996306549999999,0.828558828,True,branched,,results/c0_prim_decomposition/raw/production-scip/real_05/production-scip__real_05__gcnn__seed1.branches.csv,gcnn,real_05,0.0,0.028925836
31,63,30,173,52,529,t_z_134_18_0,z,0.998,0.998,-27.75739097595215,0.0,-27.75739097595215,-28.20748583843253,0.2744327549974331,-29.43701171875,-27.75739097595215,0.0181808471679687,none,0.0,1e+20,0.0211702999999999,1e+20,17497,32,0.028162189,0.803110065,0.8312745,True,branched,,results/c0_prim_decomposition/raw/production-scip/real_05/production-scip__real_05__gcnn__seed1.branches.csv,gcnn,real_05,0.0,0.028162189
32,64,31,168,61,767,t_z_161_154_3,z,0.999,0.999,-27.786741256713867,0.0,-27.786741256713867,-28.23527919678461,0.2682113316873313,-29.424360275268555,-27.786741256713867,0.008523941040039,none,0.0,1e+20,0.0211702999999999,1e+20,17516,33,0.0292721059999999,0.8024104779999999,0.8316849899999998,True,branched,,results/c0_prim_decomposition/raw/production-scip/real_05/production-scip__real_05__gcnn__seed1.branches.csv,gcnn,real_05,0.0,0.0292721059999999
33,67,32,167,18,157,t_z_7_5_2,z,0.999,0.999,-27.792516708374023,0.0,-27.792516708374023,-28.23317660257488,0.2651832558420714,-29.398845672607425,-27.792516708374023,0.0007953643798828,none,0.0,1e+20,0.0211702999999999,1e+20,17517,34,0.0296793789999999,0.800054074,0.829735902,True,branched,,results/c0_prim_decomposition/raw/production-scip/real_05/production-scip__real_05__gcnn__seed1.branches.csv,gcnn,real_05,0.0,0.0296793789999999
34,69,33,166,8,27,t_m_6_3,m,0.0004499248873309,0.0004499248873309,-27.772964477539062,0.0,-27.772964477539062,-28.215331583137967,0.2637312541728099,-29.37882232666016,-27.772964477539062,0.0078010559082031,none,0.0,1e+20,0.0211702999999999,1e+20,17517,35,0.028293616,0.793009724,0.82130546,True,branched,,results/c0_prim_decomposition/raw/production-scip/real_05/production-scip__real_05__gcnn__seed1.branches.csv,gcnn,real_05,0.0,0.028293616
35,36,17,182,19,55,t_m_13_3,m,0.001,0.001,-28.118825912475582,0.0,-28.118825912475582,-28.59897466806265,0.3113688455208866,-29.632839202880856,-28.118825912475582,0.0050468444824218,none,0.0,0.0211778923999999,0.0211702999999999,0.000358634502109,18092,36,0.0273632569999999,0.79240871,0.8197742249999999,True,branched,,results/c0_prim_decomposition/raw/production-scip/real_05/production-scip__real_05__gcnn__seed1.branches.csv,gcnn,real_05,0.0,0.0273632569999999
36,73,18,193,22,62,t_m_15_2,m,0.1662499999999999,0.1662499999999999,-27.940204620361328,0.0,-27.940204620361328,-28.58689836887498,0.2756545010301981,-29.51226043701172,-27.940204620361328,0.0200119018554687,none,0.0,0.0211778923999999,0.0211702999999999,0.000358634502109,18120,37,0.0276957419999999,0.782541692,0.810240107,True,branched,,results/c0_prim_decomposition/raw/production-scip/real_05/production-scip__real_05__gcnn__seed1.branches.csv,gcnn,real_05,0.0,0.0276957419999999
37,75,19,208,9,23,t_m_5_3,m,0.3328333333333333,0.3328333333333333,-28.094877243041992,0.0,-28.094877243041992,-28.636491197806137,0.2892706494743951,-29.647411346435547,-28.094877243041992,0.0051136016845703,none,0.0,0.0211778923999999,0.0211702999999999,0.000358634502109,18165,38,0.02827953,0.7748121519999999,0.803094033,True,branched,,results/c0_prim_decomposition/raw/production-scip/real_05/production-scip__real_05__gcnn__seed1.branches.csv,gcnn,real_05,0.0,0.02827953
38,77,20,212,23,120,t_m_30_0,m,0.0002499999999999,0.0002499999999999,-28.17279815673828,0.0,-28.17279815673828,-28.68806975742556,0.3091283509269753,-30.23128890991211,-28.17279815673828,0.0102138519287109,none,0.0,0.0211778923999999,0.0211702999999999,0.000358634502109,18196,39,0.0282345919999999,0.773387991,0.8016256649999999,True,branched,,results/c0_prim_decomposition/raw/production-scip/real_05/production-scip__real_05__gcnn__seed1.branches.csv,gcnn,real_05,0.0,0.0282345919999999
39,28,13,198,19,55,t_m_13_3,m,0.1667499999999997,0.1667499999999997,-28.122295379638672,0.0,-28.122295379638672,-28.801576566214514,0.2963968435508654,-29.679695129394528,-28.122295379638672,0.004281997680664,none,0.0,0.0211778923999999,0.0211702999999999,0.000358634502109,18322,40,0.0277113249999999,0.7728708619999999,0.800584509,True,branched,,results/c0_prim_decomposition/raw/production-scip/real_05/production-scip__real_05__gcnn__seed1.branches.csv,gcnn,real_05,0.0,0.0277113249999999
40,81,14,207,30,131,t_z_2_1_1,z,0.999,0.999,-28.303178787231445,0.0,-28.303178787231445,-28.843762337873525,0.3066028884692959,-29.809608459472656,-28.303178787231445,0.0049705505371093,none,0.0,0.0211778923999999,0.0211702999999999,0.000358634502109,18363,41,0.0277682549999999,0.7740925459999999,0.801863281,True,branched,,results/c0_prim_decomposition/raw/production-scip/real_05/production-scip__real_05__gcnn__seed1.branches.csv,gcnn,real_05,0.0,0.0277682549999999
41,83,15,206,26,120,t_m_30_0,m,0.0002500000000004,0.0002500000000004,-28.29378700256348,0.0,-28.29378700256348,-28.832012648721346,0.3050325927940051,-29.795244216918945,-28.29378700256348,0.0216388702392578,none,0.0,0.0211778923999999,0.0211702999999999,0.000358634502109,18363,42,0.0279433619999999,0.780605312,0.8085514729999999,True,branched,,results/c0_prim_decomposition/raw/production-scip/real_05/production-scip__real_05__gcnn__seed1.branches.csv,gcnn,real_05,0.0,0.0279433619999999
42,85,16,191,58,529,t_z_134_18_0,z,0.998,0.998,-28.31106376647949,0.0,-28.31106376647949,-28.828227956881697,0.2993497597177249,-29.795913696289062,-28.31106376647949,0.0120887756347656,none,0.0,0.0211778923999999,0.0211702999999999,0.000358634502109,18376,43,0.030411995,0.7892739349999999,0.819688539,True,branched,,results/c0_prim_decomposition/raw/production-scip/real_05/production-scip__real_05__gcnn__seed1.branches.csv,gcnn,real_05,0.0,0.030411995
43,30,14,197,19,55,t_m_13_3,m,0.1667499999999997,0.1667499999999997,-28.23963165283203,0.0,-28.23963165283203,-28.9027938649134,0.2927509176966258,-29.76197624206543,-28.23963165283203,0.0042037963867187,none,0.0,0.0211778923999999,0.0211702999999999,0.000358634502109,18517,44,0.028908698,0.7904213789999999,0.819332794,True,branched,,results/c0_prim_decomposition/raw/production-scip/real_05/production-scip__real_05__gcnn__seed1.branches.csv,gcnn,real_05,0.0,0.028908698
44,89,15,206,26,120,t_m_30_0,m,0.0002500000000004,0.0002500000000004,-28.42060661315918,0.0,-28.42060661315918,-28.93962055502586,0.3017746484418931,-29.90336036682129,-28.42060661315918,0.0064678192138671,none,0.0,0.0211778923999999,0.0211702999999999,0.000358634502109,18558,45,0.0297296389999999,0.790839464,0.8205715489999998,True,branched,,results/c0_prim_decomposition/raw/production-scip/real_05/production-scip__real_05__gcnn__seed1.branches.csv,gcnn,real_05,0.0,0.0297296389999999
45,91,16,191,24,131,t_z_2_1_1,z,0.999,0.999,-28.42445182800293,0.0,-28.42445182800293,-28.9355116739323,0.295833967741318,-29.90398979187012,-28.42445182800293,0.0113353729248046,none,0.0,0.0211778923999999,0.0211702999999999,0.000358634502109,18572,46,0.030199146,0.802970937,0.8331727199999999,True,branched,,results/c0_prim_decomposition/raw/production-scip/real_05/production-scip__real_05__gcnn__seed1.branches.csv,gcnn,real_05,0.0,0.030199146
46,93,17,190,58,529,t_z_134_18_0,z,0.998,0.998,-28.41636657714844,0.0,-28.41636657714844,-28.918698541741623,0.2942186687891031,-29.884382247924805,-28.41636657714844,0.0120449066162109,none,0.0,0.0211778923999999,0.0211702999999999,0.000358634502109,18572,47,0.029202947,0.8049248079999999,0.8341300179999999,True,branched,,results/c0_prim_decomposition/raw/production-scip/real_05/production-scip__real_05__gcnn__seed1.branches.csv,gcnn,real_05,0.0,0.029202947
47,14,6,199,41,98,t_m_24_2,m,0.1543984848484849,0.1543984848484849,-28.69151496887207,0.0,-28.69151496887207,-29.333365876470975,0.3320131303324048,-30.285150527954105,-28.69151496887207,0.0388317108154296,none,0.0,0.0211778923999999,0.0211702999999999,0.000358634502109,19055,48,0.029490147,0.8075673479999999,0.8370598689999998,True,branched,,results/c0_prim_decomposition/raw/production-scip/real_05/production-scip__real_05__gcnn__seed1.branches.csv,gcnn,real_05,0.0,0.029490147
48,96,7,206,41,92,t_m_23_0,m,0.1009500000000005,0.1009500000000005,-28.74923515319824,0.0,-28.74923515319824,-29.371621742989248,0.3577264527670656,-30.394800186157227,-28.74923515319824,4.9591064453125e-05,none,0.0,0.0211778923999999,0.0211702999999999,0.000358634502109,19077,49,0.0299717959999999,0.806597757,0.8365719289999999,True,branched,,results/c0_prim_decomposition/raw/production-scip/real_05/production-scip__real_05__gcnn__seed1.branches.csv,gcnn,real_05,0.0,0.0299717959999999
49,99,8,203,2,6,t_m_1_2,m,0.1929518072289157,0.1929518072289157,-28.772462844848636,0.0,-28.772462844848636,-29.360498484719564,0.2928373008219627,-30.33136367797852,-28.772462844848636,0.0068016052246093,none,0.0,0.0211778923999999,0.0211702999999999,0.000358634502109,19138,50,0.029489442,0.801163124,0.830655007,True,branched,,results/c0_prim_decomposition/raw/production-scip/real_05/production-scip__real_05__gcnn__seed1.branches.csv,gcnn,real_05,0.0,0.029489442
50,100,9,194,28,62,t_m_15_2,m,0.1926048387096774,0.1926048387096774,-28.763246536254883,0.0,-28.763246536254883,-29.34690003542556,0.2910617353498456,-30.301631927490234,-28.763246536254883,0.071908950805664,none,0.0,0.0211778923999999,0.0211702999999999,0.000358634502109,19140,51,0.029387659,0.793170805,0.822560865,True,branched,,results/c0_prim_decomposition/raw/production-scip/real_05/production-scip__real_05__gcnn__seed1.branches.csv,gcnn,real_05,0.0,0.029387659
51,103,10,205,21,55,t_m_13_3,m,0.3007,0.3007,-28.914794921875,0.0,-28.914794921875,-29.499815908292444,0.3056414909745683,-30.37993621826172,-28.914794921875,0.0040054321289062,none,0.0,0.0211778923999999,0.0211702999999999,0.000358634502109,19221,52,0.029485767,0.796135463,0.82562365,True,branched,,results/c0_prim_decomposition/raw/production-scip/real_05/production-scip__real_05__gcnn__seed1.branches.csv,gcnn,real_05,0.0,0.029485767
52,105,11,194,5,11,t_m_2_3,m,0.1258749999999998,0.1258749999999998,-28.852928161621094,0.0,-28.852928161621094,-29.48640552009504,0.3094747615596506,-30.378854751586918,-28.852928161621094,0.00445556640625,none,0.0,0.0211778923999999,0.0211702999999999,0.000358634502109,19226,53,0.0293088269999999,0.7958783369999999,0.825189418,True,branched,,results/c0_prim_decomposition/raw/production-scip/real_05/production-scip__real_05__gcnn__seed1.branches.csv,gcnn,real_05,0.0,0.0293088269999999
53,98,8,197,31,72,t_m_18_0,m,0.182717171717172,0.182717171717172,-28.904294967651367,0.0,-28.904294967651367,-29.550460273239214,0.3206105099924208,-30.44078254699707,-28.904294967651367,0.0109004974365234,none,0.0,0.0211778923999999,0.0211702999999999,0.000358634502109,19336,54,0.03014715,0.7939820429999999,0.8241317,True,branched,,results/c0_prim_decomposition/raw/production-scip/real_05/production-scip__real_05__gcnn__seed1.branches.csv,gcnn,real_05,0.0,0.03014715
54,109,9,193,25,59,t_m_14_3,m,0.1406308593749999,0.1406308593749999,-28.977575302124023,0.0,-28.977575302124023,-29.551316345293905,0.2931422201531721,-30.399354934692383,-28.977575302124023,0.0338382720947265,none,0.0,0.0211778923999999,0.0211702999999999,0.000358634502109,19377,55,0.028885694,0.7912305299999999,0.82011913,True,branched,,results/c0_prim_decomposition/raw/production-scip/real_05/production-scip__real_05__gcnn__seed1.branches.csv,gcnn,real_05,0.0,0.028885694
55,110,10,191,22,53,t_m_13_1,m,0.164450250312891,0.164450250312891,-29.00390243530273,0.0,-29.00390243530273,-29.63173063388045,0.3211596393063722,-30.49005889892578,-29.00390243530273,0.0021934509277343,none,0.0,0.0211778923999999,0.0211702999999999,0.000358634502109,19400,56,0.02955748,0.795583817,0.825143827,True,branched,,results/c0_prim_decomposition/raw/production-scip/real_05/production-scip__real_05__gcnn__seed1.branches.csv,gcnn,real_05,0.0,0.02955748
56,113,11,176,4,9,t_m_2_1,m,0.1967999999999993,0.1967999999999993,-29.04085922241211,0.0,-29.04085922241211,-29.658250906250693,0.3335799998909382,-31.33504867553711,-29.04085922241211,0.0032367706298828,none,0.0,0.0211778923999999,0.0211702999999999,0.000358634502109,19445,57,0.029452807,0.7899629609999999,0.819418109,True,branched,,results/c0_prim_decomposition/raw/production-scip/real_05/production-scip__real_05__gcnn__seed1.branches.csv,gcnn,real_05,0.0,0.029452807
57,115,12,170,29,116,t_m_29_0,m,0.163666666666665,0.163666666666665,-28.99621963500977,0.0,-28.99621963500977,-29.648928260803224,0.3240413824268079,-31.30665779113769,-28.99621963500977,0.0815582275390625,none,0.0,0.0211778923999999,0.0211702999999999,0.000358634502109,19469,58,0.028642256,0.790391626,0.8190358749999999,True,branched,,results/c0_prim_decomposition/raw/production-scip/real_05/production-scip__real_05__gcnn__seed1.branches.csv,gcnn,real_05,0.0,0.028642256
58,116,13,178,31,118,t_m_29_2,m,0.1639999999999994,0.1639999999999994,-29.013877868652344,0.0,-29.013877868652344,-29.64925895648056,0.3202366170399139,-31.27979850769043,-29.013877868652344,0.0580253601074218,none,0.0,0.0211778923999999,0.0211702999999999,0.000358634502109,19473,59,0.029608206,0.790213515,0.819823904,True,branched,,results/c0_prim_decomposition/raw/production-scip/real_05/production-scip__real_05__gcnn__seed1.branches.csv,gcnn,real_05,0.0,0.029608206
59,119,14,200,28,103,t_m_25_3,m,0.1470441176470589,0.1470441176470589,-29.04503631591797,0.0,-29.04503631591797,-29.724596614837647,0.3178598105695089,-31.23074150085449,-29.04503631591797,0.0126705169677734,none,0.0,0.0211778923999999,0.0211702999999999,0.000358634502109,19540,60,0.0285540069999999,0.7832177759999999,0.8117743659999999,True,branched,,results/c0_prim_decomposition/raw/production-scip/real_05/production-scip__real_05__gcnn__seed1.branches.csv,gcnn,real_05,0.0,0.0285540069999999
60,121,15,185,4,12,t_m_3_0,m,0.3333333333333333,0.3333333333333333,-29.22818946838379,0.0,-29.22818946838379,-29.756626015740476,0.3128229981436807,-31.279590606689453,-29.22818946838379,0.009002685546875,none,0.0,0.0211778923999999,0.0211702999999999,0.000358634502109,19591,61,0.0279498689999999,0.7783739189999999,0.8063261849999999,True,branched,,results/c0_prim_decomposition/raw/production-scip/real_05/production-scip__real_05__gcnn__seed1.branches.csv,gcnn,real_05,0.0,0.0279498689999999
0,1,0,247,234,1799,t_z_312_266_3,z,0.999,0.999,-25.207719802856445,1.0,-24.707719802856445,-25.662711139632624,0.3749658529872044,-27.095027923583984,-24.95883178710937,0.0220184326171875,root_z,0.5,1e+20,0.0211703156718749,1e+20,13080,1,0.019024814,0.804872934,0.8240846419999999,True,branched,,results/c0_prim_decomposition/raw/production-scip/real_05/production-scip__real_05__root-z-bias__seed0.branches.csv,root-z-bias,real_05,1.0,0.019024814
1,3,1,247,11,17,t_m_4_1,m,0.2056989642401968,0.2056989642401968,-24.96745109558105,0.0,-24.96745109558105,-25.6582589400442,0.3749665280347879,-27.05202293395996,-24.96745109558105,0.0135955810546875,root_z,0.5,1e+20,0.0211703156718749,1e+20,13082,2,0.0193258169999999,0.783086582,0.8024161189999999,True,branched,,results/c0_prim_decomposition/raw/production-scip/real_05/production-scip__real_05__root-z-bias__seed0.branches.csv,root-z-bias,real_05,0.0,0.0193258169999999
2,5,2,235,21,41,t_m_10_1,m,0.2180394998172781,0.2180394998172781,-24.99352264404297,0.0,-24.99352264404297,-25.697160485450254,0.3677162155480959,-27.071075439453125,-24.99352264404297,0.0382881164550781,root_z,0.5,1e+20,0.0211703156718749,1e+20,13123,3,0.020602523,0.779864816,0.8004707939999999,True,branched,,results/c0_prim_decomposition/raw/production-scip/real_05/production-scip__real_05__root-z-bias__seed0.branches.csv,root-z-bias,real_05,0.0,0.020602523
3,7,3,226,45,99,t_m_24_3,m,0.100378587937531,0.100378587937531,-25.0230655670166,0.0,-25.0230655670166,-25.7189097446678,0.3603430876547422,-27.037286758422848,-25.0230655670166,0.0133876800537109,root_z,0.5,1e+20,0.0211703156718749,1e+20,13130,4,0.019280088,0.791007228,0.810291524,True,branched,,results/c0_prim_decomposition/raw/production-scip/real_05/production-scip__real_05__root-z-bias__seed0.branches.csv,root-z-bias,real_05,0.0,0.019280088
4,8,4,222,46,104,t_m_26_0,m,0.2029898159918609,0.2029898159918609,-25.060541152954105,0.0,-25.060541152954105,-25.738189173174334,0.35804803379132,-26.986824035644528,-25.060541152954105,0.0240345001220703,root_z,0.5,1e+20,0.0211703156718749,1e+20,13131,5,0.018969703,0.811149689,0.830123634,True,branched,,results/c0_prim_decomposition/raw/production-scip/real_05/production-scip__real_05__root-z-bias__seed0.branches.csv,root-z-bias,real_05,0.0,0.018969703
5,11,5,237,48,96,t_m_24_0,m,0.160339667574551,0.160339667574551,-25.091487884521484,0.0,-25.091487884521484,-25.80037190240144,0.3592033433947889,-26.96720695495605,-25.091487884521484,0.0176448822021484,root_z,0.5,1e+20,0.0211703156718749,1e+20,13192,6,0.018809097,0.816188318,0.835001094,True,branched,,results/c0_prim_decomposition/raw/production-scip/real_05/production-scip__real_05__root-z-bias__seed0.branches.csv,root-z-bias,real_05,0.0,0.018809097
6,13,6,231,19,36,t_m_9_0,m,0.1907134337727557,0.1907134337727557,-25.12223052978516,0.0,-25.12223052978516,-25.787638816998637,0.3352966259121429,-26.93886947631836,-25.12223052978516,0.0186214447021484,root_z,0.5,1e+20,0.0211703156718749,1e+20,13207,7,0.018930101,0.820294382,0.8392285379999999,True,branched,,results/c0_prim_decomposition/raw/production-scip/real_05/production-scip__real_05__root-z-bias__seed0.branches.csv,root-z-bias,real_05,0.0,0.018930101
7,15,7,231,24,51,t_m_12_3,m,0.2858014799977745,0.2858014799977745,-25.21814727783203,0.0,-25.21814727783203,-25.878183373125086,0.3352627401726784,-26.92638397216797,-25.21814727783203,0.0609703063964843,root_z,0.5,1e+20,0.0211703156718749,1e+20,13249,8,0.0191932029999999,0.8145484659999999,0.833745456,True,branched,,results/c0_prim_decomposition/raw/production-scip/real_05/production-scip__real_05__root-z-bias__seed0.branches.csv,root-z-bias,real_05,0.0,0.0191932029999999
8,17,8,230,19,45,t_m_11_1,m,0.248791259869033,0.248791259869033,-25.298364639282227,0.0,-25.298364639282227,-25.912742880116337,0.3225005396027082,-26.781976699829105,-25.298364639282227,0.0059986114501953,root_z,0.5,1e+20,0.0211703156718749,1e+20,13278,9,0.018986876,0.816828674,0.835819548,True,branched,,results/c0_prim_decomposition/raw/production-scip/real_05/production-scip__real_05__root-z-bias__seed0.branches.csv,root-z-bias,real_05,0.0,0.018986876
9,19,9,204,2,5,t_m_1_1,m,0.1653331664998334,0.1653331664998334,-25.318536758422848,0.0,-25.318536758422848,-25.975576372707597,0.3363556510499076,-26.82304000854492,-25.318536758422848,0.0007343292236328,root_z,0.5,1e+20,0.0211703156718749,1e+20,13321,10,0.0192528679999999,0.809242161,0.8284986859999999,True,branched,,results/c0_prim_decomposition/raw/production-scip/real_05/production-scip__real_05__root-z-bias__seed0.branches.csv,root-z-bias,real_05,0.0,0.0192528679999999
10,21,10,222,47,265,t_z_59_27_0,z,0.999,0.999,-25.408323287963867,0.0,-25.408323287963867,-26.073156056103407,0.3322057994443328,-26.922807693481445,-25.408323287963867,0.0162277221679687,root_z,0.5,1e+20,0.0211703156718749,1e+20,13359,11,0.018456776,0.816398228,0.834858041,True,branched,,results/c0_prim_decomposition/raw/production-scip/real_05/production-scip__real_05__root-z-bias__seed0.branches.csv,root-z-bias,real_05,0.0,0.018456776
11,23,11,214,8,25,t_m_6_1,m,0.1644998331665,0.1644998331665,-25.41347312927246,0.0,-25.41347312927246,-26.05671154450033,0.3249607932287264,-26.913856506347656,-25.41347312927246,0.0015525817871093,root_z,0.5,1e+20,0.0211703156718749,1e+20,13359,12,0.020238169,0.81947153,0.839713229,True,branched,,results/c0_prim_decomposition/raw/production-scip/real_05/production-scip__real_05__root-z-bias__seed0.branches.csv,root-z-bias,real_05,0.0,0.020238169
12,25,12,220,43,254,t_z_26_57_3,z,0.0009999999999999,0.0009999999999999,-25.087800979614254,0.0,-25.087800979614254,-26.097752137617636,0.3286367291319495,-26.951198577880856,-25.087800979614254,0.3379230499267578,root_z,0.5,1e+20,0.0211703156718749,1e+20,13398,13,0.0194133519999999,0.798636961,0.818053988,True,branched,,results/c0_prim_decomposition/raw/production-scip/real_05/production-scip__real_05__root-z-bias__seed0.branches.csv,root-z-bias,real_05,0.0,0.0194133519999999
13,27,13,219,23,75,t_m_18_3,m,0.1234446241112904,0.1234446241112904,-25.45159721374512,0.0,-25.45159721374512,-26.121591820564444,0.3192843556210765,-26.971019744873047,-25.45159721374512,0.0111312866210937,root_z,0.5,1e+20,0.0211703156718749,1e+20,13402,14,0.01884047,0.7834993679999999,0.8023436449999999,True,branched,,results/c0_prim_decomposition/raw/production-scip/real_05/production-scip__real_05__root-z-bias__seed0.branches.csv,root-z-bias,real_05,0.0,0.01884047
14,28,14,219,13,61,t_m_15_1,m,0.1872978650002211,0.1872978650002211,-25.48231315612793,0.0,-25.48231315612793,-26.15796155363457,0.3284058725885871,-27.051767349243164,-25.48231315612793,0.0014095306396484,root_z,0.5,1e+20,0.0211703156718749,1e+20,13420,15,0.019108862,0.8007399729999999,0.8198525509999999,True,branched,,results/c0_prim_decomposition/raw/production-scip/real_05/production-scip__real_05__root-z-bias__seed0.branches.csv,root-z-bias,real_05,0.0,0.019108862
15,31,15,217,59,471,t_z_125_124_3,z,0.999,0.999,-25.641921997070312,0.0,-25.641921997070312,-26.231425738005044,0.3076075624616001,-27.028327941894528,-25.641921997070312,0.0449600219726562,root_z,0.5,1e+20,0.0211703156718749,1e+20,13470,16,0.018822563,0.781668864,0.800495107,True,branched,,results/c0_prim_decomposition/raw/production-scip/real_05/production-scip__real_05__root-z-bias__seed0.branches.csv,root-z-bias,real_05,0.0,0.018822563
16,33,16,216,72,559,t_z_135_131_3,z,0.9989999999999998,0.9989999999999998,-25.688682556152344,0.0,-25.688682556152344,-26.24224560349076,0.3047227576898065,-27.039146423339844,-25.688682556152344,0.031463623046875,root_z,0.5,1e+20,0.0211703156718749,1e+20,13472,17,0.020087225,0.7834265919999999,0.803517447,True,branched,,results/c0_prim_decomposition/raw/production-scip/real_05/production-scip__real_05__root-z-bias__seed0.branches.csv,root-z-bias,real_05,0.0,0.020087225
17,35,17,215,30,157,t_z_7_5_2,z,0.9963336670003335,0.9963336670003335,-25.71208000183105,0.0,-25.71208000183105,-26.255415388595225,0.3032024792995,-27.050224304199215,-25.71208000183105,0.0302295684814453,root_z,0.5,1e+20,0.0211703156718749,1e+20,13475,18,0.019713932,0.800023651,0.819741214,True,branched,,results/c0_prim_decomposition/raw/production-scip/real_05/production-scip__real_05__root-z-bias__seed0.branches.csv,root-z-bias,real_05,0.0,0.019713932
18,37,18,215,38,249,t_z_57_26_0,z,0.999,0.999,-25.751121520996094,0.0,-25.751121520996094,-26.27862566570903,0.3016128279324085,-27.060962677001957,-25.751121520996094,0.0013408660888671,root_z,0.5,1e+20,0.0211703156718749,1e+20,13482,19,0.019559208,0.801328259,0.8208921479999999,True,branched,,results/c0_prim_decomposition/raw/production-scip/real_05/production-scip__real_05__root-z-bias__seed0.branches.csv,root-z-bias,real_05,0.0,0.019559208
19,39,19,212,69,519,t_z_131_130_3,z,0.9986666666666668,0.9986666666666668,-25.75891876220703,0.0,-25.75891876220703,-26.290089472284855,0.3002730170740229,-27.069971084594727,-25.75891876220703,0.011270523071289,root_z,0.5,1e+20,0.0211703156718749,1e+20,13484,20,0.018729961,0.79883312,0.817567027,True,branched,,results/c0_prim_decomposition/raw/production-scip/real_05/production-scip__real_05__root-z-bias__seed0.branches.csv,root-z-bias,real_05,0.0,0.018729961
20,41,20,209,66,511,t_z_130_129_3,z,0.9980000000000002,0.9980000000000002,-25.7222900390625,0.0,-25.7222900390625,-26.299766175484542,0.2989653113260873,-27.07901763916016,-25.7222900390625,0.0592308044433593,root_z,0.5,1e+20,0.0211703156718749,1e+20,13485,21,0.01834964,0.7995739819999998,0.817927845,True,branched,,results/c0_prim_decomposition/raw/production-scip/real_05/production-scip__real_05__root-z-bias__seed0.branches.csv,root-z-bias,real_05,0.0,0.01834964
21,43,21,208,62,495,t_z_129_125_3,z,0.996,0.996,-25.703311920166016,0.0,-25.703311920166016,-26.311905356553886,0.2977815065381941,-27.090265274047848,-25.703311920166016,0.0914878845214843,root_z,0.5,1e+20,0.0211703156718749,1e+20,13487,22,0.019379753,0.8160227519999999,0.835405901,True,branched,,results/c0_prim_decomposition/raw/production-scip/real_05/production-scip__real_05__root-z-bias__seed0.branches.csv,root-z-bias,real_05,0.0,0.019379753
22,45,22,209,38,255,t_z_57_26_3,z,0.998,0.998,-25.789724349975582,0.0,-25.789724349975582,-26.32651151082162,0.2950466467282739,-27.102006912231445,-25.789724349975582,0.0184898376464843,root_z,0.5,1e+20,0.0211703156718749,1e+20,13489,23,0.019067712,0.815847973,0.8349194669999999,True,branched,,results/c0_prim_decomposition/raw/production-scip/real_05/production-scip__real_05__root-z-bias__seed0.branches.csv,root-z-bias,real_05,0.0,0.019067712
23,46,23,208,112,1302,t_z_26_27_3,z,0.999,0.999,-25.741283416748047,0.0,-25.741283416748047,-26.271429502047024,0.2979152172656919,-27.052398681640625,-25.741283416748047,0.0035572052001953,root_z,0.5,1e+20,0.0211703156718749,1e+20,13508,25,0.0196384759999999,0.8212999349999999,0.840942505,True,branched,,results/c0_prim_decomposition/raw/production-scip/real_05/production-scip__real_05__root-z-bias__seed0.branches.csv,root-z-bias,real_05,0.0,0.0196384759999999
24,49,24,205,110,1303,t_z_27_26_3,z,0.998,0.998,-25.74745178222656,0.0,-25.74745178222656,-26.275041803499548,0.2961968334792113,-27.056177139282227,-25.74745178222656,0.0133914947509765,root_z,0.5,1e+20,0.0211703156718749,1e+20,13509,26,0.01948004,0.820008782,0.8394927749999999,True,branched,,results/c0_prim_decomposition/raw/production-scip/real_05/production-scip__real_05__root-z-bias__seed0.branches.csv,root-z-bias,real_05,0.0,0.01948004
25,50,25,204,156,1553,t_z_279_278_0,z,0.9986666666666664,0.9986666666666664,-25.699966430664062,0.0,-25.699966430664062,-26.21743964213951,0.2947566103385965,-26.998468399047848,-25.699966430664062,0.0228748321533203,root_z,0.5,1e+20,0.0211703156718749,1e+20,13512,28,0.0194483909999999,0.831774718,0.851226923,True,branched,,results/c0_prim_decomposition/raw/production-scip/real_05/production-scip__real_05__root-z-bias__seed0.branches.csv,root-z-bias,real_05,0.0,0.0194483909999999
26,53,26,203,134,1455,t_z_270_269_3,z,0.999,0.999,-25.726251602172848,0.0,-25.726251602172848,-26.226149169095045,0.2930820798588676,-27.00487899780273,-25.726251602172848,0.018808364868164,root_z,0.5,1e+20,0.0211703156718749,1e+20,13514,29,0.020012332,0.820107224,0.84012381,True,branched,,results/c0_prim_decomposition/raw/production-scip/real_05/production-scip__real_05__root-z-bias__seed0.branches.csv,root-z-bias,real_05,0.0,0.020012332
27,55,27,202,129,1447,t_z_269_268_3,z,0.9989999999999998,0.9989999999999998,-25.711938858032227,0.0,-25.711938858032227,-26.221121485870665,0.2927036393173386,-26.998083114624023,-25.711938858032227,0.0263233184814453,root_z,0.5,1e+20,0.0211703156718749,1e+20,13514,30,0.019235464,0.833049565,0.8522883639999999,True,branched,,results/c0_prim_decomposition/raw/production-scip/real_05/production-scip__real_05__root-z-bias__seed0.branches.csv,root-z-bias,real_05,0.0,0.019235464
28,57,28,200,100,1261,t_z_249_248_2,z,0.9986666666666664,0.9986666666666664,-25.75460624694824,0.0,-25.75460624694824,-26.238946704864503,0.2907628662709215,-27.01304244995117,-25.75460624694824,0.0050220489501953,root_z,0.5,1e+20,0.0211703156718749,1e+20,13515,31,0.019332648,0.830613973,0.849950061,True,branched,,results/c0_prim_decomposition/raw/production-scip/real_05/production-scip__real_05__root-z-bias__seed0.branches.csv,root-z-bias,real_05,0.0,0.019332648
29,59,29,199,158,1565,t_z_280_279_2,z,0.9986666666666664,0.9986666666666664,-25.773757934570312,0.0,-25.773757934570312,-26.255210445154848,0.2890549316075887,-27.02775764465332,-25.773757934570312,0.0061855316162109,root_z,0.5,1e+20,0.0211703156718749,1e+20,13516,32,0.0196845,0.835319923,0.855008136,True,branched,,results/c0_prim_decomposition/raw/production-scip/real_05/production-scip__real_05__root-z-bias__seed0.branches.csv,root-z-bias,real_05,0.0,0.0196845
30,61,30,196,152,1557,t_z_279_278_2,z,0.9979999999999998,0.9979999999999998,-25.651636123657227,0.0,-25.651636123657227,-26.26807694532433,0.288756328662794,-27.042015075683597,-25.651636123657227,0.1434192657470703,root_z,0.5,1e+20,0.0211703156718749,1e+20,13517,33,0.01890881,0.8240508199999999,0.842962751,True,branched,,results/c0_prim_decomposition/raw/production-scip/real_05/production-scip__real_05__root-z-bias__seed0.branches.csv,root-z-bias,real_05,0.0,0.01890881
31,63,31,194,15,68,t_m_17_0,m,0.002,0.002,-25.81270980834961,0.0,-25.81270980834961,-26.285402179993305,0.2878837801504049,-27.056509017944336,-25.81270980834961,0.0002307891845703,root_z,0.5,1e+20,0.0211703156718749,1e+20,13525,34,0.0194116439999999,0.820622931,0.8400378859999998,True,branched,,results/c0_prim_decomposition/raw/production-scip/real_05/production-scip__real_05__root-z-bias__seed0.branches.csv,root-z-bias,real_05,0.0,0.0194116439999999
32,65,32,179,22,148,t_z_5_6_2,z,0.0014620389620387,0.0014620389620387,-25.590999603271484,0.0,-25.590999603271484,-26.262881508086647,0.2999633049779857,-27.198999404907227,-25.590999603271484,0.0842018127441406,root_z,0.5,1e+20,0.0211703156718749,1e+20,13566,35,0.019701438,0.824653246,0.8443583129999999,True,branched,,results/c0_prim_decomposition/raw/production-scip/real_05/production-scip__real_05__root-z-bias__seed0.branches.csv,root-z-bias,real_05,0.0,0.019701438
33,67,33,171,11,72,t_m_18_0,m,0.1249905097405096,0.1249905097405096,-25.667613983154297,0.0,-25.667613983154297,-26.285913322404117,0.2859349398771045,-27.09722328186035,-25.667613983154297,0.004709243774414,root_z,0.5,1e+20,0.0211703156718749,1e+20,13577,36,0.019209086,0.816998175,0.836210773,True,branched,,results/c0_prim_decomposition/raw/production-scip/real_05/production-scip__real_05__root-z-bias__seed0.branches.csv,root-z-bias,real_05,0.0,0.019209086
34,68,34,186,62,561,t_z_130_12_0,z,0.125125125125125,0.125125125125125,-25.308618545532227,0.0,-25.308618545532227,-26.286759099652688,0.2800785348120256,-27.11356544494629,-25.308618545532227,0.3583259582519531,root_z,0.5,1e+20,0.0211703156718749,1e+20,13592,37,0.0189952229999999,0.799418335,0.818418119,True,branched,,results/c0_prim_decomposition/raw/production-scip/real_05/production-scip__real_05__root-z-bias__seed0.branches.csv,root-z-bias,real_05,0.0,0.0189952229999999
35,70,35,186,62,560,t_z_12_130_0,z,0.125125125125125,0.125125125125125,-25.33739852905273,0.0,-25.33739852905273,-26.29500981812836,0.2793274426099304,-27.12350082397461,-25.33739852905273,0.34051513671875,root_z,0.5,1e+20,0.0211703156718749,1e+20,13593,38,0.0198501199999999,0.818233131,0.8380868689999998,True,branched,,results/c0_prim_decomposition/raw/production-scip/real_05/production-scip__real_05__root-z-bias__seed0.branches.csv,root-z-bias,real_05,0.0,0.0198501199999999
0,1,0,229,212,1799,t_z_312_266_3,z,0.9787860304788484,0.9787860304788484,-27.495454788208008,1.0,-26.995454788208008,-27.915404523824495,0.3911853593585336,-29.252878189086918,-27.253595352172848,0.0449428558349609,root_z,0.5,1e+20,0.0211702999999999,1e+20,16793,1,0.030291314,0.8521012439999999,0.882595352,True,branched,,results/c0_prim_decomposition/raw/production-scip/real_05/production-scip__real_05__root-z-bias__seed1.branches.csv,root-z-bias,real_05,1.0,0.030291314
1,3,1,228,2,5,t_m_1_1,m,0.1482869850932183,0.1482869850932183,-27.14369201660156,0.0,-27.14369201660156,-27.847122426618608,0.4067027190937067,-29.258962631225582,-27.14369201660156,0.0394287109375,root_z,0.5,1e+20,0.0211702999999999,1e+20,16796,2,0.029943127,0.829435327,0.859382206,True,branched,,results/c0_prim_decomposition/raw/production-scip/real_05/production-scip__real_05__root-z-bias__seed1.branches.csv,root-z-bias,real_05,0.0,0.029943127
2,4,2,228,2,4,t_m_1_0,m,0.1427402421075587,0.1427402421075587,-27.090147018432617,0.0,-27.090147018432617,-27.790705312762345,0.4053068014487931,-29.18316650390625,-27.090147018432617,0.0188102722167968,root_z,0.5,1e+20,0.0211702999999999,1e+20,16798,3,0.0297203249999999,0.824962191,0.8546872509999999,True,branched,,results/c0_prim_decomposition/raw/production-scip/real_05/production-scip__real_05__root-z-bias__seed1.branches.csv,root-z-bias,real_05,0.0,0.0297203249999999
3,6,3,236,25,61,t_m_15_1,m,0.1505797541266326,0.1505797541266326,-27.05601692199707,0.0,-27.05601692199707,-27.749430656433105,0.3966050379208797,-29.123767852783203,-27.05601692199707,0.0001735687255859,root_z,0.5,1e+20,0.0211702999999999,1e+20,16811,4,0.029366981,0.824497047,0.8538682859999999,True,branched,,results/c0_prim_decomposition/raw/production-scip/real_05/production-scip__real_05__root-z-bias__seed1.branches.csv,root-z-bias,real_05,0.0,0.029366981
0,1,0,247,15,24,t_m_6_0,m,0.2029805738320336,0.2029805738320336,-25.00248146057129,0.3000000119209289,-24.852481842041016,-25.662711139632624,0.3749658529872044,-27.095027923583984,-24.95883178710937,0.0220184326171875,topology,0.5,1e+20,0.0211703156718749,1e+20,13080,1,0.019772673,0.8254980469999998,0.854540497,True,branched,,results/c0_prim_decomposition/raw/production-scip/real_05/production-scip__real_05__topology-only__seed0.branches.csv,topology-only,real_05,0.3000000119209289,0.019772673
1,2,1,250,33,50,t_m_12_2,m,0.1249166249582915,0.1249166249582915,-25.035083770751957,0.3000000119209289,-24.88508415222168,-25.666734870910645,0.3813056225613195,-27.13242721557617,-24.976253509521484,0.0050735473632812,topology,0.5,1e+20,0.0211703156718749,1e+20,13091,2,0.0197720699999999,0.7948105669999999,0.8238777999999999,True,branched,,results/c0_prim_decomposition/raw/production-scip/real_05/production-scip__real_05__topology-only__seed0.branches.csv,topology-only,real_05,0.3000000119209289,0.0197720699999999
2,5,2,221,5,11,t_m_2_3,m,0.3901668335001654,0.3901668335001654,-25.16502952575684,0.3000000119209289,-25.01502990722656,-25.762923305390647,0.3898643637924335,-27.06721305847168,-25.048252105712887,0.0089397430419921,topology,0.5,1e+20,0.0211703156718749,1e+20,13169,3,0.01935641,0.800123933,0.828901783,True,branched,,results/c0_prim_decomposition/raw/production-scip/real_05/production-scip__real_05__topology-only__seed0.branches.csv,topology-only,real_05,0.3000000119209289,0.01935641
3,7,3,223,23,54,t_m_13_2,m,0.1690554999443885,0.1690554999443885,-25.107297897338867,0.0,-25.107297897338867,-25.79874059223808,0.3736577683545391,-27.444698333740234,-25.107297897338867,0.0296993255615234,topology,0.5,1e+20,0.0211703156718749,1e+20,13238,4,0.0196330959999999,0.804636059,0.833640561,True,branched,,results/c0_prim_decomposition/raw/production-scip/real_05/production-scip__real_05__topology-only__seed0.branches.csv,topology-only,real_05,0.0,0.0196330959999999
4,9,4,227,2,4,t_m_1_0,m,0.1244584584584582,0.1244584584584582,-25.18271255493164,0.3000000119209289,-25.032712936401367,-25.82190316154043,0.365165834064196,-27.403364181518555,-25.108285903930664,0.0448017120361328,topology,0.5,1e+20,0.0211703156718749,1e+20,13266,5,0.0201967169999999,0.7938048819999999,0.8232440859999999,True,branched,,results/c0_prim_decomposition/raw/production-scip/real_05/production-scip__real_05__topology-only__seed0.branches.csv,topology-only,real_05,0.3000000119209289,0.0201967169999999
5,11,5,210,36,101,t_m_25_1,m,0.001,0.001,-25.35697364807129,0.3000000119209289,-25.206974029541016,-25.882866414388022,0.3627147714041201,-27.381732940673828,-25.291849136352536,0.0431499481201171,topology,0.5,1e+20,0.0211703156718749,1e+20,13328,6,0.024089413,0.811039001,0.844341644,True,branched,,results/c0_prim_decomposition/raw/production-scip/real_05/production-scip__real_05__topology-only__seed0.branches.csv,topology-only,real_05,0.3000000119209289,0.024089413
6,12,6,207,27,73,t_m_18_1,m,0.0019439995551109,0.0019439995551109,-25.400848388671875,0.3000000119209289,-25.2508487701416,-25.90597805078479,0.3561042594631639,-27.34946823120117,-25.32590675354004,0.0322475433349609,topology,0.5,1e+20,0.0211703156718749,1e+20,13338,7,0.020135302,0.829819399,0.8592936319999999,True,branched,,results/c0_prim_decomposition/raw/production-scip/real_05/production-scip__real_05__topology-only__seed0.branches.csv,topology-only,real_05,0.3000000119209289,0.020135302
7,14,7,203,27,74,t_m_18_2,m,0.001,0.001,-25.44707489013672,0.3000000119209289,-25.297075271606445,-25.952714102608816,0.3505852395285866,-27.323749542236328,-25.39517974853516,0.0282363891601562,topology,0.5,1e+20,0.0211703156718749,1e+20,13353,8,0.0193496,0.803502353,0.832030452,True,branched,,results/c0_prim_decomposition/raw/production-scip/real_05/production-scip__real_05__topology-only__seed0.branches.csv,topology-only,real_05,0.3000000119209289,0.0193496
8,17,8,228,32,102,t_m_25_2,m,0.0023854107271823,0.0023854107271823,-25.47159767150879,0.3000000119209289,-25.32159805297852,-25.99045501675522,0.3463836760131342,-27.31023979187012,-25.40045547485352,0.0239524841308593,topology,0.5,1e+20,0.0211703156718749,1e+20,13395,9,0.0192267069999999,0.787662299,0.816279199,True,branched,,results/c0_prim_decomposition/raw/production-scip/real_05/production-scip__real_05__topology-only__seed0.branches.csv,topology-only,real_05,0.3000000119209289,0.0192267069999999
9,18,9,214,33,100,t_m_25_0,m,0.001,0.001,-25.51631164550781,0.3000000119209289,-25.366312026977536,-26.020311230811004,0.3462608428613923,-27.287715911865234,-25.409154891967773,0.0469188690185546,topology,0.5,1e+20,0.0211703156718749,1e+20,13409,10,0.0190618679999999,0.8252789409999999,0.8537312089999999,True,branched,,results/c0_prim_decomposition/raw/production-scip/real_05/production-scip__real_05__topology-only__seed0.branches.csv,topology-only,real_05,0.3000000119209289,0.0190618679999999
10,21,10,252,35,91,t_m_22_3,m,0.1653888888888881,0.1653888888888881,-25.40944099426269,0.3000000119209289,-25.259441375732425,-26.140556070539688,0.374897409554065,-27.53650665283203,-25.40944099426269,0.0245189666748046,topology,0.5,1e+20,0.0211703156718749,1e+20,13500,11,0.0195049319999999,0.80371278,0.832627356,True,branched,,results/c0_prim_decomposition/raw/production-scip/real_05/production-scip__real_05__topology-only__seed0.branches.csv,topology-only,real_05,0.3000000119209289,0.0195049319999999
11,23,11,250,97,561,t_z_130_12_0,z,0.2858571428571434,0.2858571428571434,-25.848424911499023,1.0,-25.348424911499023,-26.229707160949708,0.3644528152319118,-27.53018951416016,-25.450347900390625,0.0763568878173828,topology,0.5,1e+20,0.0211703156718749,1e+20,13596,12,0.019994543,0.813767679,0.843128846,True,branched,,results/c0_prim_decomposition/raw/production-scip/real_05/production-scip__real_05__topology-only__seed0.branches.csv,topology-only,real_05,1.0,0.019994543
12,25,12,249,47,161,t_z_12_11_0,z,0.2858571428571434,0.2858571428571434,-25.786745071411133,1.0,-25.286745071411133,-26.24832849617464,0.3598108732413875,-27.47648048400879,-25.439268112182617,0.0955085754394531,topology,0.5,1e+20,0.0211703156718749,1e+20,13599,13,0.019276662,0.826034025,0.8545321249999999,True,branched,,results/c0_prim_decomposition/raw/production-scip/real_05/production-scip__real_05__topology-only__seed0.branches.csv,topology-only,real_05,1.0,0.019276662
13,27,13,228,25,84,t_m_21_0,m,0.2500001251251253,0.2500001251251253,-25.62118148803711,0.3000000119209289,-25.47118186950684,-26.3175773035016,0.3613690238394356,-27.5465030670166,-25.436418533325195,0.0935497283935546,topology,0.5,1e+20,0.0211703156718749,1e+20,13615,14,0.025260655,0.824555698,0.859182768,True,branched,,results/c0_prim_decomposition/raw/production-scip/real_05/production-scip__real_05__topology-only__seed0.branches.csv,topology-only,real_05,0.3000000119209289,0.025260655
14,29,14,238,43,215,t_z_26_25_3,z,0.2496250000000008,0.2496250000000008,-25.95819854736328,1.0,-25.45819854736328,-26.332694806972476,0.3592839025948541,-27.51517677307129,-25.435569763183597,0.0837020874023437,topology,0.5,1e+20,0.0211703156718749,1e+20,13645,15,0.0192427119999999,0.753766366,0.782362404,True,branched,,results/c0_prim_decomposition/raw/production-scip/real_05/production-scip__real_05__topology-only__seed0.branches.csv,topology-only,real_05,1.0,0.0192427119999999
15,31,15,237,36,127,t_m_31_3,m,0.2496250000000008,0.2496250000000008,-25.62618827819824,0.3000000119209289,-25.47618865966797,-26.344485504214774,0.3566997813920911,-27.5074520111084,-25.42096519470215,0.0917854309082031,topology,0.5,1e+20,0.0211703156718749,1e+20,13646,16,0.019114077,0.7171282039999999,0.745627016,True,branched,,results/c0_prim_decomposition/raw/production-scip/real_05/production-scip__real_05__topology-only__seed0.branches.csv,topology-only,real_05,0.3000000119209289,0.019114077
16,33,16,226,44,265,t_z_59_27_0,z,0.999,0.999,-25.41086196899414,-0.5,-25.66086196899414,-26.36806196027097,0.353068150175073,-27.503759384155277,-25.41086196899414,0.09881591796875,topology,0.5,1e+20,0.0211703156718749,1e+20,13660,17,0.0248512959999999,0.8148918419999999,0.849135532,True,branched,,results/c0_prim_decomposition/raw/production-scip/real_05/production-scip__real_05__topology-only__seed0.branches.csv,topology-only,real_05,-0.5,0.0248512959999999
17,35,17,224,22,79,t_m_19_3,m,0.001,0.001,-25.842329025268555,0.3000000119209289,-25.69232940673828,-26.354671086583817,0.3486621218618066,-27.486888885498047,-25.492355346679688,0.0548973083496093,topology,0.5,1e+20,0.0211703156718749,1e+20,13660,18,0.019064632,0.8251265989999998,0.8535482859999999,True,branched,,results/c0_prim_decomposition/raw/production-scip/real_05/production-scip__real_05__topology-only__seed0.branches.csv,topology-only,real_05,0.3000000119209289,0.019064632
18,36,18,224,21,76,t_m_19_0,m,0.001,0.001,-25.853904724121094,0.3000000119209289,-25.70390510559082,-26.362554814134324,0.3468236950177617,-27.47874641418457,-25.48815155029297,0.0654468536376953,topology,0.5,1e+20,0.0211703156718749,1e+20,13661,19,0.019133763,0.816293534,0.844790405,True,branched,,results/c0_prim_decomposition/raw/production-scip/real_05/production-scip__real_05__topology-only__seed0.branches.csv,topology-only,real_05,0.3000000119209289,0.019133763
19,39,19,211,25,157,t_z_7_5_2,z,0.9995000000000004,0.9995000000000004,-25.462728500366207,-0.5,-25.712728500366207,-26.369919763357156,0.3368654649052575,-27.329570770263672,-25.462728500366207,0.1222858428955078,topology,0.5,1e+20,0.0211703156718749,1e+20,13702,20,0.0192249549999999,0.798722604,0.8271986249999999,True,branched,,results/c0_prim_decomposition/raw/production-scip/real_05/production-scip__real_05__topology-only__seed0.branches.csv,topology-only,real_05,-0.5,0.0192249549999999
20,41,20,210,32,255,t_z_57_26_3,z,0.0005,0.0005,-26.232112884521484,1.0,-25.732112884521484,-26.377973919823056,0.326112068177619,-27.25516700744629,-25.58972930908203,0.0985851287841796,topology,0.5,1e+20,0.0211703156718749,1e+20,13703,21,0.019191732,0.810485341,0.839031159,True,branched,,results/c0_prim_decomposition/raw/production-scip/real_05/production-scip__real_05__topology-only__seed0.branches.csv,topology-only,real_05,1.0,0.019191732
21,43,21,194,113,1309,t_z_31_27_2,z,0.5,0.5,-25.98234367370605,1.0,-25.48234367370605,-26.37400832618635,0.3265706129707694,-27.232364654541016,-25.59369659423828,0.0981807708740234,topology,0.5,1e+20,0.0211703156718749,1e+20,13718,22,0.0189861119999999,0.741331966,0.769673659,True,branched,,results/c0_prim_decomposition/raw/production-scip/real_05/production-scip__real_05__topology-only__seed0.branches.csv,topology-only,real_05,1.0,0.0189861119999999
22,45,22,187,7,26,t_m_6_2,m,0.001,0.001,-25.935359954833984,0.3000000119209289,-25.78536033630371,-26.371206263169885,0.3199896549241119,-27.209056854248047,-25.600265502929688,0.0926246643066406,topology,0.5,1e+20,0.0211703156718749,1e+20,13722,23,0.018726599,0.78495952,0.813040968,True,branched,,results/c0_prim_decomposition/raw/production-scip/real_05/production-scip__real_05__topology-only__seed0.branches.csv,topology-only,real_05,0.3000000119209289,0.018726599
23,46,23,185,17,106,t_m_26_2,m,0.001,0.001,-25.977235794067383,0.3000000119209289,-25.82723617553711,-26.373773193359376,0.3132980201966174,-27.21856689453125,-25.608901977539062,0.0915451049804687,topology,0.5,1e+20,0.0211703156718749,1e+20,13724,24,0.019219993,0.7829487739999998,0.811572904,True,branched,,results/c0_prim_decomposition/raw/production-scip/real_05/production-scip__real_05__topology-only__seed0.branches.csv,topology-only,real_05,0.3000000119209289,0.019219993
24,48,24,188,17,107,t_m_26_3,m,0.001,0.001,-25.96395301818848,0.3000000119209289,-25.813953399658203,-26.39240429249216,0.314217241905821,-27.210599899291992,-25.622148513793945,0.0908279418945312,topology,0.5,1e+20,0.0211703156718749,1e+20,13731,25,0.018765394,0.8027453719999998,0.8308315029999999,True,branched,,results/c0_prim_decomposition/raw/production-scip/real_05/production-scip__real_05__topology-only__seed0.branches.csv,topology-only,real_05,0.3000000119209289,0.018765394
25,50,25,184,16,104,t_m_26_0,m,0.001,0.001,-25.983631134033203,0.3000000119209289,-25.83363151550293,-26.3926392223524,0.3080066429055909,-27.20245361328125,-25.63277053833008,0.0898170471191406,topology,0.5,1e+20,0.0211703156718749,1e+20,13737,26,0.018826709,0.808710264,0.836859464,True,branched,,results/c0_prim_decomposition/raw/production-scip/real_05/production-scip__real_05__topology-only__seed0.branches.csv,topology-only,real_05,0.3000000119209289,0.018826709
26,53,26,181,102,1311,t_z_31_27_3,z,0.5,0.5,-26.366950988769528,1.0,-25.866950988769528,-26.379798962925015,0.2910209112058037,-27.200645446777344,-25.640726089477536,0.0565452575683593,topology,0.5,1e+20,0.0211703156718749,1e+20,13749,27,0.018932415,0.804905001,0.833159653,True,branched,,results/c0_prim_decomposition/raw/production-scip/real_05/production-scip__real_05__topology-only__seed0.branches.csv,topology-only,real_05,1.0,0.018932415
27,55,27,187,4,21,t_m_5_1,m,0.18875,0.18875,-25.851736068725582,0.3000000119209289,-25.701736450195312,-26.402052292849287,0.2931674209122459,-27.21232414245605,-25.670333862304688,0.0556869506835937,topology,0.5,1e+20,0.0211703156718749,1e+20,13779,28,0.018860317,0.779736819,0.8079508859999999,True,branched,,results/c0_prim_decomposition/raw/production-scip/real_05/production-scip__real_05__topology-only__seed0.branches.csv,topology-only,real_05,0.3000000119209289,0.018860317
28,57,28,199,17,68,t_m_17_0,m,0.0618749999999999,0.0618749999999999,-25.940893173217773,0.3000000119209289,-25.7908935546875,-26.42821128883553,0.2977456013272029,-27.215211868286133,-25.681018829345703,0.0505256652832031,topology,0.5,1e+20,0.0211703156718749,1e+20,13807,29,0.018755829,0.788530061,0.816564147,True,branched,,results/c0_prim_decomposition/raw/production-scip/real_05/production-scip__real_05__topology-only__seed0.branches.csv,topology-only,real_05,0.3000000119209289,0.018755829
29,59,29,212,18,108,t_m_27_0,m,0.165,0.165,-25.85187339782715,0.3000000119209289,-25.701873779296875,-26.45296581736151,0.3000962875172967,-27.55097961425781,-25.700279235839844,0.0448265075683593,topology,0.5,1e+20,0.0211703156718749,1e+20,13833,30,0.01973056,0.8228305679999999,0.851996371,True,branched,,results/c0_prim_decomposition/raw/production-scip/real_05/production-scip__real_05__topology-only__seed0.branches.csv,topology-only,real_05,0.3000000119209289,0.01973056
30,60,30,218,8,35,t_m_8_3,m,0.1691333333333324,0.1691333333333324,-25.858369827270508,0.0,-25.858369827270508,-26.495273520093445,0.3017032049282568,-27.58125305175781,-25.730707168579105,0.0449409484863281,topology,0.5,1e+20,0.0211703156718749,1e+20,13843,31,0.019360531,0.8161568369999999,0.8447873129999999,True,branched,,results/c0_prim_decomposition/raw/production-scip/real_05/production-scip__real_05__topology-only__seed0.branches.csv,topology-only,real_05,0.0,0.019360531
31,63,31,235,21,111,t_m_27_3,m,0.1654166666666665,0.1654166666666665,-25.883453369140625,0.3000000119209289,-25.73345375061035,-26.523928419072575,0.292639561069399,-27.599136352539062,-25.78046417236328,0.0450057983398437,topology,0.5,1e+20,0.0211703156718749,1e+20,13863,32,0.024511193,0.8187815179999999,0.8526829209999999,True,branched,,results/c0_prim_decomposition/raw/production-scip/real_05/production-scip__real_05__topology-only__seed0.branches.csv,topology-only,real_05,0.3000000119209289,0.024511193
32,65,32,248,75,508,t_z_129_130_2,z,0.2235555555555554,0.2235555555555554,-26.065114974975582,1.0,-25.565114974975582,-26.52606010437012,0.2877888218893017,-27.621240615844727,-25.779563903808597,0.0443992614746093,topology,0.5,1e+20,0.0211703156718749,1e+20,13894,33,0.019857645,0.774034257,0.803252465,True,branched,,results/c0_prim_decomposition/raw/production-scip/real_05/production-scip__real_05__topology-only__seed0.branches.csv,topology-only,real_05,1.0,0.019857645
33,67,33,248,36,243,t_z_55_19_1,z,0.5,0.5,-26.28325843811035,1.0,-25.78325843811035,-26.54001545906067,0.2874379163392077,-27.63278007507324,-25.79087448120117,0.0418052673339843,topology,0.5,1e+20,0.0211703156718749,1e+20,13898,34,0.019065188,0.834353171,0.8628253019999998,True,branched,,results/c0_prim_decomposition/raw/production-scip/real_05/production-scip__real_05__topology-only__seed0.branches.csv,topology-only,real_05,1.0,0.019065188
34,69,34,246,14,46,t_m_11_2,m,0.2235555555555554,0.2235555555555554,-26.00803565979004,0.3000000119209289,-25.85803604125977,-26.55203913091644,0.290087279200204,-27.643318176269528,-25.800575256347656,0.041910171508789,topology,0.5,1e+20,0.0211703156718749,1e+20,13900,35,0.019308794,0.821495476,0.850189237,True,branched,,results/c0_prim_decomposition/raw/production-scip/real_05/production-scip__real_05__topology-only__seed0.branches.csv,topology-only,real_05,0.3000000119209289,0.019308794
35,71,35,229,111,1179,t_z_233_226_1,z,0.999,0.999,-25.820959091186523,-0.5,-26.070959091186523,-26.58815273967893,0.2980318480163354,-27.659824371337887,-25.820959091186523,0.0421161651611328,topology,0.5,1e+20,0.0211703156718749,1e+20,13932,36,0.019619055,0.8104401989999999,0.839444669,True,branched,,results/c0_prim_decomposition/raw/production-scip/real_05/production-scip__real_05__topology-only__seed0.branches.csv,topology-only,real_05,-0.5,0.019619055
36,73,36,228,17,62,t_m_15_2,m,0.3333333333333332,0.3333333333333332,-26.1087589263916,0.0,-26.1087589263916,-26.600281297114854,0.2943926744391509,-27.66736221313477,-25.871143341064453,0.1434555053710937,topology,0.5,1e+20,0.0211703156718749,1e+20,13933,37,0.020300109,0.821603892,0.8511414809999999,True,branched,,results/c0_prim_decomposition/raw/production-scip/real_05/production-scip__real_05__topology-only__seed0.branches.csv,topology-only,real_05,0.0,0.020300109
37,75,37,244,29,146,t_z_5_6_1,z,0.5,0.5,-26.47047615051269,1.0,-25.97047615051269,-26.63554831020168,0.2920015568525463,-27.62970733642578,-25.885927200317383,0.1153850555419921,topology,0.5,1e+20,0.0211703156718749,1e+20,13954,38,0.0195906879999999,0.830244972,0.8591125029999999,True,branched,,results/c0_prim_decomposition/raw/production-scip/real_05/production-scip__real_05__topology-only__seed0.branches.csv,topology-only,real_05,1.0,0.0195906879999999
38,77,38,246,83,675,t_z_146_145_1,z,0.999,0.999,-25.91732406616211,-0.5,-26.16732406616211,-26.671123403843826,0.2896821636950734,-27.62382125854492,-25.91732406616211,0.1349906921386718,topology,0.5,1e+20,0.0211703156718749,1e+20,13977,39,0.020005759,0.8054742139999999,0.834729993,True,branched,,results/c0_prim_decomposition/raw/production-scip/real_05/production-scip__real_05__topology-only__seed0.branches.csv,topology-only,real_05,-0.5,0.020005759
39,79,39,245,10,36,t_m_9_0,m,0.3338333333333333,0.3338333333333333,-26.17281723022461,0.0,-26.17281723022461,-26.66811560805963,0.2854846873359813,-27.61659049987793,-26.048389434814453,0.0011329650878906,topology,0.5,1e+20,0.0211703156718749,1e+20,13977,40,0.0192474239999999,0.8197150309999999,0.848321818,True,branched,,results/c0_prim_decomposition/raw/production-scip/real_05/production-scip__real_05__topology-only__seed0.branches.csv,topology-only,real_05,0.0,0.0192474239999999
40,81,40,240,14,82,t_m_20_2,m,0.2491249999999997,0.2491249999999997,-26.17133140563965,0.0,-26.17133140563965,-26.697740085919698,0.2787356892274898,-27.629234313964844,-26.071990966796875,0.0087261199951171,topology,0.5,1e+20,0.0211703156718749,1e+20,13994,41,0.020230119,0.8152189309999999,0.844845397,True,branched,,results/c0_prim_decomposition/raw/production-scip/real_05/production-scip__real_05__topology-only__seed0.branches.csv,topology-only,real_05,0.0,0.020230119
41,83,41,249,13,59,t_m_14_3,m,0.2508750000000005,0.2508750000000005,-26.15912437438965,0.0,-26.15912437438965,-26.713545381783483,0.2757893848983086,-27.616085052490234,-26.10470390319824,0.0073471069335937,topology,0.5,1e+20,0.0211703156718749,1e+20,14011,42,0.021037116,0.7906731099999998,0.821134185,True,branched,,results/c0_prim_decomposition/raw/production-scip/real_05/production-scip__real_05__topology-only__seed0.branches.csv,topology-only,real_05,0.0,0.021037116
42,85,42,225,17,118,t_m_29_2,m,0.2495000000000002,0.2495000000000002,-26.190593719482425,0.0,-26.190593719482425,-26.740979478624133,0.2871877372950024,-27.67286872863769,-26.12024307250977,0.0037040710449218,topology,0.5,1e+20,0.0211703156718749,1e+20,14067,43,0.019133336,0.8228155879999999,0.8513276579999999,True,branched,,results/c0_prim_decomposition/raw/production-scip/real_05/production-scip__real_05__topology-only__seed0.branches.csv,topology-only,real_05,0.0,0.019133336
43,87,43,231,13,65,t_m_16_1,m,0.1014999999999996,0.1014999999999996,-26.20209503173828,0.0,-26.20209503173828,-26.749246663345403,0.2801920335542479,-27.67670249938965,-26.131784439086918,0.0033206939697265,topology,0.5,1e+20,0.0211703156718749,1e+20,14086,44,0.0196068829999999,0.8156071099999999,0.844623412,True,branched,,results/c0_prim_decomposition/raw/production-scip/real_05/production-scip__real_05__topology-only__seed0.branches.csv,topology-only,real_05,0.0,0.0196068829999999
44,88,44,225,10,30,t_m_7_2,m,0.0005,0.0005,-26.387914657592773,0.3000000119209289,-26.2379150390625,-26.76045575459798,0.2754734480167213,-27.69518280029297,-26.14040946960449,0.0028572082519531,topology,0.5,1e+20,0.0211703156718749,1e+20,14092,45,0.0199508309999999,0.819071623,0.8484038179999999,True,branched,,results/c0_prim_decomposition/raw/production-scip/real_05/production-scip__real_05__topology-only__seed0.branches.csv,topology-only,real_05,0.3000000119209289,0.0199508309999999
45,91,45,214,56,507,t_z_130_129_1,z,0.5,0.5,-26.830501556396484,1.0,-26.330501556396484,-26.77170753479004,0.2546601841378097,-27.71700668334961,-26.172145843505856,0.0079727172851562,topology,0.5,1e+20,0.0211703156718749,1e+20,14124,46,0.019818378,0.818573457,0.847775995,True,branched,,results/c0_prim_decomposition/raw/production-scip/real_05/production-scip__real_05__topology-only__seed0.branches.csv,topology-only,real_05,1.0,0.019818378
46,93,46,213,49,491,t_z_129_125_1,z,0.5,0.5,-26.660625457763672,1.0,-26.160625457763672,-26.776662880266212,0.2558939564061862,-27.723655700683597,-26.17743682861328,0.0076541900634765,topology,0.5,1e+20,0.0211703156718749,1e+20,14126,47,0.0194335999999999,0.7274460999999999,0.756310863,True,branched,,results/c0_prim_decomposition/raw/production-scip/real_05/production-scip__real_05__topology-only__seed0.branches.csv,topology-only,real_05,1.0,0.0194335999999999
47,95,47,212,42,467,t_z_125_124_1,z,0.5,0.5,-26.66812896728516,1.0,-26.16812896728516,-26.782095828146304,0.2571541121615227,-27.730121612548828,-26.182619094848636,0.0072956085205078,topology,0.5,1e+20,0.0211703156718749,1e+20,14128,48,0.01953483,0.8204427819999999,0.84936033,True,branched,,results/c0_prim_decomposition/raw/production-scip/real_05/production-scip__real_05__topology-only__seed0.branches.csv,topology-only,real_05,1.0,0.01953483
48,97,48,211,35,459,t_z_124_123_1,z,0.5,0.5,-26.675567626953125,1.0,-26.175567626953125,-26.78714238749861,0.2584786666710014,-27.73639869689941,-26.18770408630371,0.0069122314453125,topology,0.5,1e+20,0.0211703156718749,1e+20,14130,49,0.0199558589999999,0.799128964,0.8286733539999999,True,branched,,results/c0_prim_decomposition/raw/production-scip/real_05/production-scip__real_05__topology-only__seed0.branches.csv,topology-only,real_05,1.0,0.0199558589999999
49,99,49,208,134,1451,t_z_270_269_1,z,0.5,0.5,-26.841819763183597,1.0,-26.341819763183597,-26.79097728545849,0.2599476351514605,-27.74296760559082,-26.193195343017575,0.0064849853515625,topology,0.5,1e+20,0.0211703156718749,1e+20,14133,50,0.019549809,0.7511145249999999,0.7801257919999999,True,branched,,results/c0_prim_decomposition/raw/production-scip/real_05/production-scip__real_05__topology-only__seed0.branches.csv,topology-only,real_05,1.0,0.019549809
50,101,50,205,127,1443,t_z_269_268_1,z,0.5,0.5,-26.77201461791992,1.0,-26.27201461791992,-26.804060140470177,0.2590203110454283,-27.75421714782715,-26.203561782836918,0.00604248046875,topology,0.5,1e+20,0.0211703156718749,1e+20,14146,51,0.0191172429999999,0.831343598,0.85971691,True,branched,,results/c0_prim_decomposition/raw/production-scip/real_05/production-scip__real_05__topology-only__seed0.branches.csv,topology-only,real_05,1.0,0.0191172429999999
51,103,51,204,122,1435,t_z_268_67_1,z,0.5,0.5,-26.763412475585938,1.0,-26.263412475585938,-26.807364931293563,0.2596436764380076,-27.75794982910156,-26.208402633666992,0.005584716796875,topology,0.5,1e+20,0.0211703156718749,1e+20,14148,52,0.019425787,0.8248793819999999,0.853709696,True,branched,,results/c0_prim_decomposition/raw/production-scip/real_05/production-scip__real_05__topology-only__seed0.branches.csv,topology-only,real_05,1.0,0.019425787
52,105,52,205,200,1831,t_z_313_215_3,z,0.4915000000000003,0.4915000000000003,-26.868072509765625,1.0,-26.368072509765625,-26.818586656523912,0.2594000911662655,-27.768434524536133,-26.219379425048828,0.0051383972167968,topology,0.5,1e+20,0.0211703156718749,1e+20,14154,53,0.020731599,0.841480353,0.8716588229999999,True,branched,,results/c0_prim_decomposition/raw/production-scip/real_05/production-scip__real_05__topology-only__seed0.branches.csv,topology-only,real_05,1.0,0.020731599
53,107,53,204,9,67,t_m_16_3,m,0.009,0.009,-26.446134567260746,0.0,-26.446134567260746,-26.83029107486501,0.2599357283784584,-27.781702041625977,-26.23344612121582,0.0046615600585937,topology,0.5,1e+20,0.0211703156718749,1e+20,14155,54,0.021434758,0.8340479419999999,0.8649770479999999,True,branched,,results/c0_prim_decomposition/raw/production-scip/real_05/production-scip__real_05__topology-only__seed0.branches.csv,topology-only,real_05,0.0,0.021434758
54,109,54,197,7,43,t_m_10_3,m,0.001,0.001,-26.468662261962887,0.0,-26.468662261962887,-26.82868463738921,0.2702341802989273,-27.77608299255371,-26.23741149902344,0.0039539337158203,topology,0.5,1e+20,0.0211703156718749,1e+20,14169,55,0.020493891,0.833807394,0.8637617709999998,True,branched,,results/c0_prim_decomposition/raw/production-scip/real_05/production-scip__real_05__topology-only__seed0.branches.csv,topology-only,real_05,0.0,0.020493891
55,110,55,197,13,123,t_m_30_3,m,0.0010000000000007,0.0010000000000007,-26.48027229309082,0.0,-26.48027229309082,-26.840472981409373,0.2697300846724544,-27.786710739135746,-26.24229431152344,0.0047683715820312,topology,0.5,1e+20,0.0211703156718749,1e+20,14171,56,0.021279698,0.840211965,0.8709474219999999,True,branched,,results/c0_prim_decomposition/raw/production-scip/real_05/production-scip__real_05__topology-only__seed0.branches.csv,topology-only,real_05,0.0,0.021279698
56,112,56,197,96,1231,t_z_244_243_3,z,0.998,0.998,-26.250970840454105,-0.5,-26.500970840454105,-26.84888594767769,0.2699442735875841,-27.797069549560547,-26.250970840454105,0.0010528564453125,topology,0.5,1e+20,0.0211703156718749,1e+20,14177,57,0.0211013029999999,0.835168263,0.865674437,True,branched,,results/c0_prim_decomposition/raw/production-scip/real_05/production-scip__real_05__topology-only__seed0.branches.csv,topology-only,real_05,-0.5,0.0211013029999999
57,115,57,196,93,1223,t_z_243_83_3,z,0.998,0.998,-26.134939193725582,-0.5,-26.384939193725582,-26.863219300094915,0.2693757254946088,-27.809221267700195,-26.134939193725582,0.1385669708251953,topology,0.5,1e+20,0.0211703156718749,1e+20,14178,58,0.019883119,0.833085495,0.862433843,True,branched,,results/c0_prim_decomposition/raw/production-scip/real_05/production-scip__real_05__topology-only__seed0.branches.csv,topology-only,real_05,-0.5,0.019883119
58,117,58,194,12,120,t_m_30_0,m,0.0005,0.0005,-26.520023345947266,0.0,-26.520023345947266,-26.869995500623567,0.2645911984419024,-27.81497573852539,-26.27821159362793,0.0301666259765625,topology,0.5,1e+20,0.0211703156718749,1e+20,14178,59,0.019802073,0.8349756569999999,0.86407973,True,branched,,results/c0_prim_decomposition/raw/production-scip/real_05/production-scip__real_05__topology-only__seed0.branches.csv,topology-only,real_05,0.0,0.019802073
59,119,59,179,60,559,t_z_135_131_3,z,0.999,0.999,-26.29632568359375,-0.5,-26.54632568359375,-26.886871316579462,0.2670437165925776,-27.833600997924805,-26.29632568359375,0.0168304443359375,topology,0.5,1e+20,0.0211703156718749,1e+20,14195,60,0.020292002,0.836894549,0.866650978,True,branched,,results/c0_prim_decomposition/raw/production-scip/real_05/production-scip__real_05__topology-only__seed0.branches.csv,topology-only,real_05,-0.5,0.020292002
60,121,60,176,45,513,t_z_131_130_0,z,0.999,0.999,-26.324468612670895,-0.5,-26.574468612670895,-26.90734462304549,0.2657330762941095,-27.847034454345703,-26.324468612670895,0.0158977508544921,topology,0.5,1e+20,0.0211703156718749,1e+20,14199,61,0.02010361,0.8345822099999999,0.8640621219999999,True,branched,,results/c0_prim_decomposition/raw/production-scip/real_05/production-scip__real_05__topology-only__seed0.branches.csv,topology-only,real_05,-0.5,0.02010361
61,123,61,160,4,40,t_m_10_0,m,0.001,0.001,-26.587966918945312,0.0,-26.587966918945312,-26.91185311079025,0.2685458839514589,-27.85626602172852,-26.34645652770996,0.0518054962158203,topology,0.5,1e+20,0.0211703156718749,1e+20,14202,62,0.0198227659999999,0.837769988,0.867035485,True,branched,,results/c0_prim_decomposition/raw/production-scip/real_05/production-scip__real_05__topology-only__seed0.branches.csv,topology-only,real_05,0.0,0.0198227659999999
62,125,62,135,114,1581,t_z_282_281_2,z,0.9989999999999998,0.9989999999999998,-26.341432571411133,-0.5,-26.591432571411133,-26.913952212863496,0.2638886151961755,-27.871152877807617,-26.341432571411133,0.0375137329101562,topology,0.5,1e+20,0.0211703156718749,1e+20,14220,63,0.0197222319999999,0.8221036489999999,0.8511529989999999,True,branched,,results/c0_prim_decomposition/raw/production-scip/real_05/production-scip__real_05__topology-only__seed0.branches.csv,topology-only,real_05,-0.5,0.0197222319999999
63,127,63,124,123,2123,t_z_241_147_1,z,0.999,0.999,-26.385581970214844,-0.5,-26.635581970214844,-26.94197396309145,0.2547911312958299,-27.880022048950195,-26.385581970214844,0.0082626342773437,topology,0.5,1e+20,0.0211703156718749,1e+20,14225,64,0.020564578,0.8254515839999998,0.8554824359999998,True,branched,,results/c0_prim_decomposition/raw/production-scip/real_05/production-scip__real_05__topology-only__seed0.branches.csv,topology-only,real_05,-0.5,0.020564578
64,129,64,121,91,1546,t_z_6_278_1,z,0.998,0.998,-26.398380279541016,-0.5,-26.648380279541016,-26.95582526971486,0.2526507093490514,-27.88798713684082,-26.398380279541016,0.0052108764648437,topology,0.5,1e+20,0.0211703156718749,1e+20,14228,65,0.019780142,0.823703629,0.8528487089999999,True,branched,,results/c0_prim_decomposition/raw/production-scip/real_05/production-scip__real_05__topology-only__seed0.branches.csv,topology-only,real_05,-0.5,0.019780142
65,131,65,119,116,2062,t_z_2_340_3,z,0.001,0.001,-26.404529571533203,-0.5,-26.654529571533203,-26.95914040894068,0.2483029185336353,-27.888925552368164,-26.404529571533203,0.027933120727539,topology,0.5,1e+20,0.0211703156718749,1e+20,14228,66,0.01920823,0.806595538,0.835087577,True,branched,,results/c0_prim_decomposition/raw/production-scip/real_05/production-scip__real_05__topology-only__seed0.branches.csv,topology-only,real_05,-0.5,0.01920823
66,133,66,118,82,1486,t_z_27_34_3,z,0.998,0.998,-26.43822860717773,-0.5,-26.68822860717773,-26.97306540860968,0.2489414496758528,-27.895832061767575,-26.43822860717773,0.0428314208984375,topology,0.5,1e+20,0.0211703156718749,1e+20,14229,67,0.0190349829999999,0.810200303,0.8386315149999999,True,branched,,results/c0_prim_decomposition/raw/production-scip/real_05/production-scip__real_05__topology-only__seed0.branches.csv,topology-only,real_05,-0.5,0.0190349829999999
67,135,67,117,60,1287,t_z_250_244_3,z,0.997,0.997,-26.481014251708984,-0.5,-26.731014251708984,-26.977591979197967,0.2450218542892352,-27.89578628540039,-26.481014251708984,0.008697509765625,topology,0.5,1e+20,0.0211703156718749,1e+20,14229,68,0.0198180139999999,0.809831179,0.839022408,True,branched,,results/c0_prim_decomposition/raw/production-scip/real_05/production-scip__real_05__topology-only__seed0.branches.csv,topology-only,real_05,-0.5,0.0198180139999999
68,137,68,116,57,1261,t_z_249_248_2,z,0.999,0.999,-26.48966407775879,-0.5,-26.73966407775879,-26.981815551889355,0.2416917041828379,-27.89574432373047,-26.48966407775879,0.0411434173583984,topology,0.5,1e+20,0.0211703156718749,1e+20,14229,69,0.019727221,0.803652424,0.8329076429999999,True,branched,,results/c0_prim_decomposition/raw/production-scip/real_05/production-scip__real_05__topology-only__seed0.branches.csv,topology-only,real_05,-0.5,0.019727221
69,139,69,115,22,469,t_z_125_124_2,z,0.9989999999999998,0.9989999999999998,-26.53178024291992,-0.5,-26.78178024291992,-26.98706608647885,0.2383230044641434,-27.89670753479004,-26.53178024291992,0.0218486785888671,topology,0.5,1e+20,0.0211703156718749,1e+20,14229,70,0.0192797759999999,0.7997127579999999,0.828328728,True,branched,,results/c0_prim_decomposition/raw/production-scip/real_05/production-scip__real_05__topology-only__seed0.branches.csv,topology-only,real_05,-0.5,0.0192797759999999
70,141,70,100,11,345,t_z_110_109_0,z,0.999,0.999,-26.567878723144528,-0.5,-26.817878723144528,-26.996515674591063,0.2460073855223655,-27.91086769104004,-26.567878723144528,0.016366958618164,topology,0.5,1e+20,0.0211703156718749,1e+20,14246,71,0.018957227,0.8060630309999999,0.834219554,True,branched,,results/c0_prim_decomposition/raw/production-scip/real_05/production-scip__real_05__topology-only__seed0.branches.csv,topology-only,real_05,-0.5,0.018957227
71,142,71,99,49,1210,t_z_83_242_1,z,0.998,0.998,-26.589757919311523,-0.5,-26.839757919311523,-27.008157864965572,0.2432561266031444,-27.91839599609375,-26.589757919311523,0.0174388885498046,topology,0.5,1e+20,0.0211703156718749,1e+20,14247,72,0.019117258,0.80393809,0.832378873,True,branched,,results/c0_prim_decomposition/raw/production-scip/real_05/production-scip__real_05__topology-only__seed0.branches.csv,topology-only,real_05,-0.5,0.019117258
72,145,72,96,44,1197,t_z_234_230_2,z,0.9989989989989992,0.9989989989989992,-26.618413925170895,-0.5,-26.868413925170895,-27.02574199438095,0.2369838839866534,-27.926233291625977,-26.618413925170895,0.0112476348876953,topology,0.5,1e+20,0.0211703156718749,1e+20,14249,73,0.019234385,0.797196546,0.825914376,True,branched,,results/c0_prim_decomposition/raw/production-scip/real_05/production-scip__real_05__topology-only__seed0.branches.csv,topology-only,real_05,-0.5,0.019234385
73,147,73,95,43,1189,t_z_230_226_2,z,0.9989989989989992,0.9989989989989992,-26.467981338500977,-0.5,-26.717981338500977,-27.03582898190147,0.2379546554844733,-27.93402099609375,-26.467981338500977,0.1699981689453125,topology,0.5,1e+20,0.0211703156718749,1e+20,14251,74,0.018653339,0.806062269,0.83399917,True,branched,,results/c0_prim_decomposition/raw/production-scip/real_05/production-scip__real_05__topology-only__seed0.branches.csv,topology-only,real_05,-0.5,0.018653339
74,149,74,94,41,1015,t_z_205_203_3,z,0.997,0.997,-26.645553588867188,-0.5,-26.895553588867188,-27.048980530272136,0.2316712015936496,-27.941326141357425,-26.645553588867188,0.0069637298583984,topology,0.5,1e+20,0.0211703156718749,1e+20,14252,75,0.0195998689999999,0.8122079399999999,0.8412872959999999,True,branched,,results/c0_prim_decomposition/raw/production-scip/real_05/production-scip__real_05__topology-only__seed0.branches.csv,topology-only,real_05,-0.5,0.0195998689999999
75,151,75,93,41,1091,t_z_212_152_1,z,0.999,0.999,-26.660558700561523,-0.5,-26.910558700561523,-27.06035646828272,0.2289131916221844,-27.948566436767575,-26.660558700561523,0.0100669860839843,topology,0.5,1e+20,0.0211703156718749,1e+20,14253,76,0.018931618,0.8137884669999998,0.842058217,True,branched,,results/c0_prim_decomposition/raw/production-scip/real_05/production-scip__real_05__topology-only__seed0.branches.csv,topology-only,real_05,-0.5,0.018931618
76,153,76,92,13,409,t_z_109_86_0,z,0.999,0.999,-26.672231674194336,-0.5,-26.922231674194336,-27.06631152526192,0.2263050646888375,-27.95016860961914,-26.672231674194336,0.00860595703125,topology,0.5,1e+20,0.0211703156718749,1e+20,14253,77,0.019755404,0.817376591,0.8466048419999999,True,branched,,results/c0_prim_decomposition/raw/production-scip/real_05/production-scip__real_05__topology-only__seed0.branches.csv,topology-only,real_05,-0.5,0.019755404
77,154,77,91,89,2051,t_z_220_212_1,z,0.999,0.999,-26.688766479492188,-0.5,-26.938766479492188,-27.077586540809044,0.2235845572121975,-27.95732307434082,-26.688766479492188,0.0047988891601562,topology,0.5,1e+20,0.0211703156718749,1e+20,14254,78,0.019792723,0.8188570739999999,0.848127971,True,branched,,results/c0_prim_decomposition/raw/production-scip/real_05/production-scip__real_05__topology-only__seed0.branches.csv,topology-only,real_05,-0.5,0.019792723
78,157,78,90,32,555,t_z_135_131_1,z,0.999,0.999,-26.695178985595703,-0.5,-26.945178985595703,-27.08351315392388,0.2210114303079003,-27.95892333984375,-26.695178985595703,0.0096035003662109,topology,0.5,1e+20,0.0211703156718749,1e+20,14254,79,0.018987244,0.8170036179999999,0.8453007049999999,True,branched,,results/c0_prim_decomposition/raw/production-scip/real_05/production-scip__real_05__topology-only__seed0.branches.csv,topology-only,real_05,-0.5,0.018987244
79,159,79,89,36,779,t_z_162_41_1,z,0.998,0.998,-26.706392288208008,-0.5,-26.956392288208008,-27.08948135375977,0.2183593117326019,-27.960527420043945,-26.706392288208008,0.0029773712158203,topology,0.5,1e+20,0.0211703156718749,1e+20,14254,80,0.0189624639999999,0.818735689,0.847023127,True,branched,,results/c0_prim_decomposition/raw/production-scip/real_05/production-scip__real_05__topology-only__seed0.branches.csv,topology-only,real_05,-0.5,0.0189624639999999
80,161,80,88,60,1537,t_z_277_6_0,z,0.9989999999999998,0.9989999999999998,-26.71664047241211,-0.5,-26.96664047241211,-27.100689389488917,0.2156429024422617,-27.96759414672852,-26.71664047241211,0.0169582366943359,topology,0.5,1e+20,0.0211703156718749,1e+20,14255,81,0.019979349,0.8247188789999998,0.85400361,True,branched,,results/c0_prim_decomposition/raw/production-scip/real_05/production-scip__real_05__topology-only__seed0.branches.csv,topology-only,real_05,-0.5,0.019979349
81,163,81,71,19,471,t_z_125_124_3,z,0.9986,0.9986,-26.742149353027344,-0.5,-26.992149353027344,-27.117459310612208,0.2236368031520978,-27.97443580627441,-26.742149353027344,0.0245361328125,topology,0.5,1e+20,0.0211703156718749,1e+20,14262,82,0.019433669,0.8238962819999999,0.852653557,True,branched,,results/c0_prim_decomposition/raw/production-scip/real_05/production-scip__real_05__topology-only__seed0.branches.csv,topology-only,real_05,-0.5,0.019433669
82,165,82,66,64,2094,t_z_67_343_3,z,0.0003989989989996,0.0003989989989996,-27.42808723449707,1.0,-26.92808723449707,-27.141778107845425,0.2284382406626778,-27.986661911010746,-26.775548934936523,0.0118179321289062,topology,0.5,1e+20,0.0211703156718749,1e+20,14276,83,0.020172717,0.819669241,0.849124192,True,branched,,results/c0_prim_decomposition/raw/production-scip/real_05/production-scip__real_05__topology-only__seed0.branches.csv,topology-only,real_05,1.0,0.020172717
83,166,83,66,22,516,t_z_130_131_2,z,0.999,0.999,-26.78144836425781,-0.5,-27.03144836425781,-27.153136455651484,0.2321000210692839,-27.99577140808105,-26.78144836425781,0.0147686004638671,topology,0.5,1e+20,0.0211703156718749,1e+20,14277,84,0.0192685099999999,0.815842397,0.844399023,True,branched,,results/c0_prim_decomposition/raw/production-scip/real_05/production-scip__real_05__topology-only__seed0.branches.csv,topology-only,real_05,-0.5,0.0192685099999999
84,169,84,65,44,1423,t_z_267_66_3,z,0.0025007507507515,0.0025007507507515,-27.55082893371582,1.0,-27.05082893371582,-27.171900881253755,0.2297174587143301,-28.00898742675781,-26.80915260314941,0.0004253387451171,topology,0.5,1e+20,0.0211703156718749,1e+20,14279,85,0.019422799,0.815561128,0.844223119,True,branched,,results/c0_prim_decomposition/raw/production-scip/real_05/production-scip__real_05__topology-only__seed0.branches.csv,topology-only,real_05,1.0,0.019422799
85,171,85,60,15,455,t_z_123_122_3,z,0.3323323323323325,0.3323323323323325,-27.14683723449707,1.0,-26.64683723449707,-27.18758544921875,0.2178390086888839,-28.026912689208984,-26.826414108276367,0.0012931823730468,topology,0.5,1e+20,0.0211703156718749,1e+20,14296,86,0.019507044,0.814803208,0.8435790699999999,True,branched,,results/c0_prim_decomposition/raw/production-scip/real_05/production-scip__real_05__topology-only__seed0.branches.csv,topology-only,real_05,1.0,0.019507044
86,173,86,62,60,2095,t_z_343_67_3,z,0.1661661661661662,0.1661661661661662,-27.284067153930664,1.0,-26.784067153930664,-27.194555159538023,0.2186380861904841,-28.040283203125,-26.839523315429688,0.0014057159423828,topology,0.5,1e+20,0.0211703156718749,1e+20,14299,87,0.01961424,0.811532215,0.8404563109999998,True,branched,,results/c0_prim_decomposition/raw/production-scip/real_05/production-scip__real_05__topology-only__seed0.branches.csv,topology-only,real_05,1.0,0.01961424
87,175,87,69,49,1455,t_z_270_269_3,z,0.9991670559448336,0.9991670559448336,-26.8370304107666,-0.5,-27.0870304107666,-27.211225647857223,0.2249906480806984,-28.06049346923828,-26.8370304107666,0.0228214263916015,topology,0.5,1e+20,0.0211703156718749,1e+20,14324,88,0.018887385,0.8095200019999998,0.83772098,True,branched,,results/c0_prim_decomposition/raw/production-scip/real_05/production-scip__real_05__topology-only__seed0.branches.csv,topology-only,real_05,-0.5,0.018887385
88,177,88,64,15,468,t_z_124_125_2,z,0.001,0.001,-26.87553024291992,-0.5,-27.12553024291992,-27.228005647659305,0.2241663641487328,-28.073734283447266,-26.87553024291992,0.00433349609375,topology,0.5,1e+20,0.0211703156718749,1e+20,14327,89,0.018986738,0.8062242339999999,0.834495174,True,branched,,results/c0_prim_decomposition/raw/production-scip/real_05/production-scip__real_05__topology-only__seed0.branches.csv,topology-only,real_05,-0.5,0.018986738
89,178,89,63,47,1535,t_z_277_276_3,z,0.99,0.99,-26.89924049377441,-0.5,-27.14924049377441,-27.249483169071254,0.2187697568152876,-28.086263656616207,-26.89924049377441,0.0256996154785156,topology,0.5,1e+20,0.0211703156718749,1e+20,14328,90,0.0191162879999999,0.8024882439999999,0.8308299369999999,True,branched,,results/c0_prim_decomposition/raw/production-scip/real_05/production-scip__real_05__topology-only__seed0.branches.csv,topology-only,real_05,-0.5,0.0191162879999999
90,181,90,80,72,1633,t_z_296_276_0,z,0.999,0.999,-26.947389602661133,-0.5,-27.197389602661133,-27.265234565734865,0.2019896942350097,-28.10138320922852,-26.947389602661133,0.0123157501220703,topology,0.5,1e+20,0.0211703156718749,1e+20,14337,91,0.018756093,0.798449692,0.826409354,True,branched,,results/c0_prim_decomposition/raw/production-scip/real_05/production-scip__real_05__topology-only__seed0.branches.csv,topology-only,real_05,-0.5,0.018756093
91,183,91,79,6,247,t_z_55_19_3,z,0.999,0.999,-26.976146697998047,-0.5,-27.226146697998047,-27.28557287288617,0.1995941486567734,-28.110992431640625,-26.976146697998047,0.0080699920654296,topology,0.5,1e+20,0.0211703156718749,1e+20,14337,92,0.0189262039999999,0.801412733,0.829569133,True,branched,,results/c0_prim_decomposition/raw/production-scip/real_05/production-scip__real_05__topology-only__seed0.branches.csv,topology-only,real_05,-0.5,0.0189262039999999
92,185,92,76,18,511,t_z_130_129_3,z,0.9969999999999998,0.9969999999999998,-27.00641441345215,-0.5,-27.25641441345215,-27.31333172948737,0.1994050260054113,-28.131065368652344,-27.00641441345215,0.0004463195800781,topology,0.5,1e+20,0.0211703156718749,1e+20,14341,93,0.019475901,0.808030354,0.8367579539999999,True,branched,,results/c0_prim_decomposition/raw/production-scip/real_05/production-scip__real_05__topology-only__seed0.branches.csv,topology-only,real_05,-0.5,0.019475901
93,187,93,76,24,574,t_z_19_96_3,z,0.0009989989989991,0.0009989989989991,-27.459060668945312,1.0,-26.959060668945312,-27.34211186358803,0.1971361891370103,-28.15470695495605,-27.0263786315918,0.003427505493164,topology,0.5,1e+20,0.0211703156718749,1e+20,14345,94,0.0188392809999999,0.814697683,0.842857783,True,branched,,results/c0_prim_decomposition/raw/production-scip/real_05/production-scip__real_05__topology-only__seed0.branches.csv,topology-only,real_05,1.0,0.0188392809999999
94,189,94,74,40,1447,t_z_269_268_3,z,0.9900010010010007,0.9900010010010007,-27.040023803710938,-0.5,-27.290023803710938,-27.360333906637656,0.1990315866358465,-28.17779922485352,-27.040023803710938,0.012430191040039,topology,0.5,1e+20,0.0211703156718749,1e+20,14347,95,0.0198811989999999,0.813437217,0.842571287,True,branched,,results/c0_prim_decomposition/raw/production-scip/real_05/production-scip__real_05__topology-only__seed0.branches.csv,topology-only,real_05,-0.5,0.0198811989999999
95,191,95,72,5,199,t_z_22_21_3,z,0.9970010010010008,0.9970010010010008,-27.07489013671875,-0.5,-27.32489013671875,-27.381037791570023,0.1931821769433578,-28.200839996337887,-27.07489013671875,0.0133552551269531,topology,0.5,1e+20,0.0211703156718749,1e+20,14349,96,0.0195903239999999,0.811399341,0.840355279,True,branched,,results/c0_prim_decomposition/raw/production-scip/real_05/production-scip__real_05__topology-only__seed0.branches.csv,topology-only,real_05,-0.5,0.0195903239999999
96,193,96,71,42,1551,t_z_278_6_3,z,0.999,0.999,-27.109369277954105,-0.5,-27.359369277954105,-27.406672571746395,0.1913622524535993,-28.22316551208496,-27.109369277954105,0.0245532989501953,topology,0.5,1e+20,0.0211703156718749,1e+20,14350,97,0.0193340629999999,0.8212006539999999,0.849879445,True,branched,,results/c0_prim_decomposition/raw/production-scip/real_05/production-scip__real_05__topology-only__seed0.branches.csv,topology-only,real_05,-0.5,0.0193340629999999
97,195,97,67,42,1567,t_z_280_279_3,z,0.999,0.999,-27.156959533691406,-0.5,-27.406959533691406,-27.433246840291947,0.1923966518041167,-28.246173858642575,-27.156959533691406,0.0142993927001953,topology,0.5,1e+20,0.0211703156718749,1e+20,14351,98,0.019766437,0.8338507579999999,0.8629181169999999,True,branched,,results/c0_prim_decomposition/raw/production-scip/real_05/production-scip__real_05__topology-only__seed0.branches.csv,topology-only,real_05,-0.5,0.019766437
98,197,98,63,38,1463,t_z_272_248_3,z,0.9980001430001428,0.9980001430001428,-27.203033447265625,-0.5,-27.453033447265625,-27.466371475704133,0.1920802333383161,-28.26964569091797,-27.203033447265625,0.0280914306640625,topology,0.5,1e+20,0.0211703156718749,1e+20,14353,99,0.019086459,0.829551704,0.8579302859999999,True,branched,,results/c0_prim_decomposition/raw/production-scip/real_05/production-scip__real_05__topology-only__seed0.branches.csv,topology-only,real_05,-0.5,0.019086459
99,199,99,60,14,493,t_z_129_125_2,z,0.999,0.999,-27.268774032592773,-0.5,-27.518774032592773,-27.49835125605265,0.1926859386412853,-28.29363822937012,-27.268774032592773,0.0006389617919921,topology,0.5,1e+20,0.0211703156718749,1e+20,14358,100,0.019143514,0.824935795,0.8535316069999999,True,branched,,results/c0_prim_decomposition/raw/production-scip/real_05/production-scip__real_05__topology-only__seed0.branches.csv,topology-only,real_05,-0.5,0.019143514
100,201,100,58,18,556,t_z_131_135_2,z,0.9985,0.9985,-27.29027557373047,-0.5,-27.54027557373047,-27.522294439118483,0.1930538888236457,-28.313034057617188,-27.29027557373047,0.0019149780273437,topology,0.5,1e+20,0.0211703156718749,1e+20,14358,101,0.0194714139999999,0.825920936,0.8548159629999998,True,branched,,results/c0_prim_decomposition/raw/production-scip/real_05/production-scip__real_05__topology-only__seed0.branches.csv,topology-only,real_05,-0.5,0.0194714139999999
101,203,101,56,53,2119,t_z_248_145_3,z,0.9989989989989992,0.9989989989989992,-27.31591033935547,-0.5,-27.56591033935547,-27.550348588398524,0.1923217892000181,-28.33913993835449,-27.31591033935547,0.0044059753417968,topology,0.5,1e+20,0.0211703156718749,1e+20,14359,102,0.02002293,0.826869244,0.856164814,True,branched,,results/c0_prim_decomposition/raw/production-scip/real_05/production-scip__real_05__topology-only__seed0.branches.csv,topology-only,real_05,-0.5,0.02002293
102,205,102,47,16,553,t_z_135_131_0,z,0.999,0.999,-27.348041534423828,-0.5,-27.598041534423828,-27.570867741361575,0.1974271670958095,-28.365196228027344,-27.348041534423828,0.0176277160644531,topology,0.5,1e+20,0.0211703156718749,1e+20,14360,103,0.019231884,0.81499208,0.843489653,True,branched,,results/c0_prim_decomposition/raw/production-scip/real_05/production-scip__real_05__topology-only__seed0.branches.csv,topology-only,real_05,-0.5,0.019231884
103,207,103,46,36,1597,t_z_284_283_2,z,0.999,0.999,-27.39377212524414,-0.5,-27.64377212524414,-27.60124227275019,0.1966675339940799,-28.39120483398437,-27.39377212524414,5.340576171875e-05,topology,0.5,1e+20,0.0211703156718749,1e+20,14361,104,0.019432404,0.8160524839999999,0.8446970799999999,True,branched,,results/c0_prim_decomposition/raw/production-scip/real_05/production-scip__real_05__topology-only__seed0.branches.csv,topology-only,real_05,-0.5,0.019432404
104,209,104,42,36,1605,t_z_285_284_2,z,0.999,0.999,-27.424373626708984,-0.5,-27.674373626708984,-27.637391635349815,0.200327375588934,-28.419618606567383,-27.424373626708984,0.0053730010986328,topology,0.5,1e+20,0.0211703156718749,1e+20,14363,105,0.0195672809999999,0.809430631,0.838292794,True,branched,,results/c0_prim_decomposition/raw/production-scip/real_05/production-scip__real_05__topology-only__seed0.branches.csv,topology-only,real_05,-0.5,0.0195672809999999
105,211,105,39,13,544,t_z_19_135_0,z,0.999,0.999,-27.457630157470703,-0.5,-27.707630157470703,-27.671683971698467,0.2044759782546333,-28.44601058959961,-27.457630157470703,0.0047340393066406,topology,0.5,1e+20,0.0211703156718749,1e+20,14363,106,0.0193979789999999,0.7883195299999999,0.817027799,True,branched,,results/c0_prim_decomposition/raw/production-scip/real_05/production-scip__real_05__topology-only__seed0.branches.csv,topology-only,real_05,-0.5,0.0193979789999999
106,213,106,37,16,980,t_z_161_199_2,z,0.999,0.999,-27.49445152282715,-0.5,-27.74445152282715,-27.708411448710677,0.2053835383209062,-28.47635269165039,-27.49445152282715,0.0016288757324218,topology,0.5,1e+20,0.0211703156718749,1e+20,14366,107,0.0195342369999999,0.8410432359999999,0.869815053,True,branched,,results/c0_prim_decomposition/raw/production-scip/real_05/production-scip__real_05__topology-only__seed0.branches.csv,topology-only,real_05,-0.5,0.0195342369999999
107,215,107,36,12,413,t_z_109_86_2,z,0.999,0.999,-27.52730178833008,-0.5,-27.77730178833008,-27.742673926883278,0.2048846400991087,-28.50598907470703,-27.52730178833008,0.012969970703125,topology,0.5,1e+20,0.0211703156718749,1e+20,14367,108,0.019551681,0.828110891,0.856900002,True,branched,,results/c0_prim_decomposition/raw/production-scip/real_05/production-scip__real_05__topology-only__seed0.branches.csv,topology-only,real_05,-0.5,0.019551681
108,217,108,35,10,349,t_z_110_109_2,z,0.999,0.999,-27.57139205932617,-0.5,-27.82139205932617,-27.774788393293107,0.2039782541765407,-28.532623291015625,-27.57139205932617,0.002899169921875,topology,0.5,1e+20,0.0211703156718749,1e+20,14368,109,0.0199116369999999,0.831745374,0.8608470259999998,True,branched,,results/c0_prim_decomposition/raw/production-scip/real_05/production-scip__real_05__topology-only__seed0.branches.csv,topology-only,real_05,-0.5,0.0199116369999999
109,219,109,32,10,764,t_z_154_161_2,z,0.999,0.999,-27.60621833801269,-0.5,-27.85621833801269,-27.811948895454407,0.2079548504968359,-28.55913352966309,-27.60621833801269,0.0006484985351562,topology,0.5,1e+20,0.0211703156718749,1e+20,14368,110,0.0197749969999999,0.8211542739999999,0.850190932,True,branched,,results/c0_prim_decomposition/raw/production-scip/real_05/production-scip__real_05__topology-only__seed0.branches.csv,topology-only,real_05,-0.5,0.0197749969999999
110,170,85,64,15,468,t_z_124_125_2,z,0.001,0.001,-26.938268661499023,-0.5,-27.188268661499023,-27.352733343839645,0.2452695871915167,-28.105550765991207,-26.938268661499023,0.0297698974609375,topology,0.5,0.0211855846999999,0.0211703156718749,0.0007212470688514,14369,112,0.0199693199999999,0.8401066799999999,0.8693829739999999,True,branched,,results/c0_prim_decomposition/raw/production-scip/real_05/production-scip__real_05__topology-only__seed0.branches.csv,topology-only,real_05,-0.5,0.0199693199999999
111,222,86,63,15,470,t_z_124_125_3,z,0.002,0.002,-26.9576473236084,-0.5,-27.2076473236084,-27.346656890142533,0.2414271036043406,-28.09297752380371,-26.9576473236084,0.0479316711425781,topology,0.5,0.0211855846999999,0.0211703156718749,0.0007212470688514,14375,114,0.0259558629999999,0.818399745,0.8536537539999999,True,branched,,results/c0_prim_decomposition/raw/production-scip/real_05/production-scip__real_05__topology-only__seed0.branches.csv,topology-only,real_05,-0.5,0.0259558629999999
112,224,87,62,48,1535,t_z_277_276_3,z,0.99,0.99,-26.99693298339844,-0.5,-27.24693298339844,-27.343700316644483,0.2382953318843772,-28.08413314819336,-26.99693298339844,0.0127620697021484,topology,0.5,0.0211855846999999,0.0211703156718749,0.0007212470688514,14381,116,0.028078174,0.8261991119999998,0.8636301659999999,True,branched,,results/c0_prim_decomposition/raw/production-scip/real_05/production-scip__real_05__topology-only__seed0.branches.csv,topology-only,real_05,-0.5,0.028078174
113,227,88,61,59,2095,t_z_343_67_3,z,0.0004987487487497,0.0004987487487497,-27.7803955078125,1.0,-27.2803955078125,-27.37186184867484,0.2356854985708893,-28.107324600219727,-27.03193473815918,0.027557373046875,topology,0.5,0.0211855846999999,0.0211703156718749,0.0007212470688514,14382,117,0.020643834,0.8356145879999999,0.865548971,True,branched,,results/c0_prim_decomposition/raw/production-scip/real_05/production-scip__real_05__topology-only__seed0.branches.csv,topology-only,real_05,1.0,0.020643834
114,229,89,57,42,1438,t_z_67_268_3,z,0.5,0.5,-27.445178985595703,1.0,-26.945178985595703,-27.388180347911096,0.2191844589352513,-28.138429641723636,-27.063491821289062,0.0300464630126953,topology,0.5,0.0211855846999999,0.0211703156718749,0.0007212470688514,14405,118,0.020008667,0.830865927,0.860124655,True,branched,,results/c0_prim_decomposition/raw/production-scip/real_05/production-scip__real_05__topology-only__seed0.branches.csv,topology-only,real_05,1.0,0.020008667
115,231,90,58,15,455,t_z_123_122_3,z,0.2847128557128558,0.2847128557128558,-27.472087860107425,1.0,-26.972087860107425,-27.4173568528274,0.2189136406943282,-28.16937255859375,-27.09388542175293,0.032541275024414,topology,0.5,0.0211855846999999,0.0211703156718749,0.0007212470688514,14410,119,0.0204385179999999,0.8053446669999998,0.834900729,True,branched,,results/c0_prim_decomposition/raw/production-scip/real_05/production-scip__real_05__topology-only__seed0.branches.csv,topology-only,real_05,1.0,0.0204385179999999
116,233,91,57,19,511,t_z_130_129_3,z,0.998,0.998,-27.12528610229492,-0.5,-27.37528610229492,-27.449046787462738,0.2204453956905803,-28.201557159423828,-27.12528610229492,0.0349922180175781,topology,0.5,0.0211855846999999,0.0211703156718749,0.0007212470688514,14412,120,0.019601084,0.810862175,0.83975606,True,branched,,results/c0_prim_decomposition/raw/production-scip/real_05/production-scip__real_05__topology-only__seed0.branches.csv,topology-only,real_05,-0.5,0.019601084
117,235,92,54,49,1633,t_z_296_276_0,z,0.999,0.999,-27.19439125061035,-0.5,-27.44439125061035,-27.49159890634042,0.2204260153002098,-28.23419189453125,-27.19439125061035,0.0137786865234375,topology,0.5,0.0211855846999999,0.0211703156718749,0.0007212470688514,14413,121,0.01987695,0.81747428,0.846739899,True,branched,,results/c0_prim_decomposition/raw/production-scip/real_05/production-scip__real_05__topology-only__seed0.branches.csv,topology-only,real_05,-0.5,0.01987695
118,237,93,53,5,199,t_z_22_21_3,z,0.998,0.998,-27.238117218017575,-0.5,-27.488117218017575,-27.527044656141747,0.2183757562945196,-28.262720108032227,-27.238117218017575,0.0446376800537109,topology,0.5,0.0211855846999999,0.0211703156718749,0.0007212470688514,14413,122,0.0237001779999999,0.803089891,0.835992326,True,branched,,results/c0_prim_decomposition/raw/production-scip/real_05/production-scip__real_05__topology-only__seed0.branches.csv,topology-only,real_05,-0.5,0.0237001779999999
119,239,94,52,23,556,t_z_131_135_2,z,0.9985,0.9985,-27.309919357299805,-0.5,-27.559919357299805,-27.562566683842583,0.2167602034013517,-28.291879653930664,-27.309919357299805,0.0077724456787109,topology,0.5,0.0211855846999999,0.0211703156718749,0.0007212470688514,14414,123,0.019240435,0.8094271419999999,0.837943937,True,branched,,results/c0_prim_decomposition/raw/production-scip/real_05/production-scip__real_05__topology-only__seed0.branches.csv,topology-only,real_05,-0.5,0.019240435
120,241,95,50,5,247,t_z_55_19_3,z,0.999,0.999,-27.34630584716797,-0.5,-27.59630584716797,-27.59540073394776,0.2175793938459632,-28.32098960876465,-27.34630584716797,0.0016460418701171,topology,0.5,0.0211855846999999,0.0211703156718749,0.0007212470688514,14415,124,0.0196092889999999,0.813760867,0.8425357639999999,True,branched,,results/c0_prim_decomposition/raw/production-scip/real_05/production-scip__real_05__topology-only__seed0.branches.csv,topology-only,real_05,-0.5,0.0196092889999999
121,243,96,47,30,1263,t_z_249_248_3,z,0.1448574288574288,0.1448574288574288,-27.3784294128418,-0.5,-27.6284294128418,-27.63622235237284,0.2192048509249817,-28.350210189819336,-27.3784294128418,0.0019683837890625,topology,0.5,0.0211855846999999,0.0211703156718749,0.0007212470688514,14418,125,0.020434605,0.812493205,0.842276998,True,branched,,results/c0_prim_decomposition/raw/production-scip/real_05/production-scip__real_05__topology-only__seed0.branches.csv,topology-only,real_05,-0.5,0.020434605
122,228,89,51,19,511,t_z_130_129_3,z,0.998,0.998,-27.027557373046875,-0.5,-27.277557373046875,-27.38791742511824,0.2045118995027056,-28.13726806640625,-27.027557373046875,0.0770034790039062,topology,0.5,0.0211706995999999,0.0211703156718749,1.8135210213712216e-05,14678,126,0.025212722,0.825945498,0.8604082699999999,True,branched,,results/c0_prim_decomposition/raw/production-scip/real_05/production-scip__real_05__topology-only__seed0.branches.csv,topology-only,real_05,-0.5,0.025212722
123,247,90,48,44,1633,t_z_296_276_0,z,0.999,0.999,-27.12943649291992,-0.5,-27.37943649291992,-27.42314100265503,0.2029060459303001,-28.16221237182617,-27.12943649291992,0.0265331268310546,topology,0.5,0.0211706995999999,0.0211703156718749,1.8135210213712216e-05,14679,127,0.024252065,0.808252744,0.841720256,True,branched,,results/c0_prim_decomposition/raw/production-scip/real_05/production-scip__real_05__topology-only__seed0.branches.csv,topology-only,real_05,-0.5,0.024252065
124,249,91,47,5,199,t_z_22_21_3,z,0.998,0.998,-27.183225631713867,-0.5,-27.433225631713867,-27.456403813463577,0.2004600822652111,-28.189329147338867,-27.183225631713867,0.0319652557373046,topology,0.5,0.0211706995999999,0.0211703156718749,1.8135210213712216e-05,14679,128,0.0191021279999999,0.769404465,0.797670284,True,branched,,results/c0_prim_decomposition/raw/production-scip/real_05/production-scip__real_05__topology-only__seed0.branches.csv,topology-only,real_05,-0.5,0.0191021279999999
125,251,92,46,23,556,t_z_131_135_2,z,0.9985,0.9985,-27.244297027587887,-0.5,-27.494297027587887,-27.49423653146495,0.1987992246873004,-28.22180557250977,-27.244297027587887,0.0236663818359375,topology,0.5,0.0211706995999999,0.0211703156718749,1.8135210213712216e-05,14680,129,0.019236822,0.8101665679999999,0.838612997,True,branched,,results/c0_prim_decomposition/raw/production-scip/real_05/production-scip__real_05__topology-only__seed0.branches.csv,topology-only,real_05,-0.5,0.019236822
126,253,93,44,5,247,t_z_55_19_3,z,0.999,0.999,-27.292388916015625,-0.5,-27.542388916015625,-27.530875856226142,0.1991032582682855,-28.25601959228516,-27.292388916015625,0.0373420715332031,topology,0.5,0.0211706995999999,0.0211703156718749,1.8135210213712216e-05,14681,130,0.019499351,0.795284634,0.823982718,True,branched,,results/c0_prim_decomposition/raw/production-scip/real_05/production-scip__real_05__topology-only__seed0.branches.csv,topology-only,real_05,-0.5,0.019499351
127,255,94,41,15,544,t_z_19_135_0,z,0.999,0.999,-27.363908767700195,-0.5,-27.613908767700195,-27.57625361186702,0.2005181189306761,-28.290271759033203,-27.363908767700195,0.0240592956542968,topology,0.5,0.0211706995999999,0.0211703156718749,1.8135210213712216e-05,14684,131,0.01925732,0.786084516,0.8143874869999999,True,branched,,results/c0_prim_decomposition/raw/production-scip/real_05/production-scip__real_05__topology-only__seed0.branches.csv,topology-only,real_05,-0.5,0.01925732
128,257,95,38,14,493,t_z_129_125_2,z,0.999,0.999,-27.42354202270508,-0.5,-27.67354202270508,-27.618854823865387,0.2017629230812434,-28.324663162231445,-27.42354202270508,0.0116500854492187,topology,0.5,0.0211706995999999,0.0211703156718749,1.8135210213712216e-05,14690,132,0.019300866,0.790383536,0.818849197,True,branched,,results/c0_prim_decomposition/raw/production-scip/real_05/production-scip__real_05__topology-only__seed0.branches.csv,topology-only,real_05,-0.5,0.019300866
129,259,96,36,34,1651,t_z_135_22_1,z,0.999,0.999,-27.469808578491207,-0.5,-27.719808578491207,-27.657295174068874,0.2027339345680669,-28.353952407836918,-27.469808578491207,0.0052661895751953,topology,0.5,0.0211706995999999,0.0211703156718749,1.8135210213712216e-05,14690,133,0.019335819,0.786780718,0.8153292739999999,True,branched,,results/c0_prim_decomposition/raw/production-scip/real_05/production-scip__real_05__topology-only__seed0.branches.csv,topology-only,real_05,-0.5,0.019335819
130,261,97,32,28,1597,t_z_284_283_2,z,0.999,0.999,-27.512340545654297,-0.5,-27.762340545654297,-27.70271462202072,0.2048162462228084,-28.381088256835938,-27.512340545654297,0.0010662078857421,topology,0.5,0.0211706995999999,0.0211703156718749,1.8135210213712216e-05,14690,134,0.019134977,0.776643551,0.804957726,True,branched,,results/c0_prim_decomposition/raw/production-scip/real_05/production-scip__real_05__topology-only__seed0.branches.csv,topology-only,real_05,-0.5,0.019134977
131,263,98,28,14,980,t_z_161_199_2,z,0.9989999999999998,0.9989999999999998,-27.54974365234375,-0.5,-27.79974365234375,-27.752524580274308,0.2112578343032029,-28.41196060180664,-27.54974365234375,0.0007171630859375,topology,0.5,0.0211706995999999,0.0211703156718749,1.8135210213712216e-05,14691,135,0.0191673109999999,0.789959649,0.8183185899999998,True,branched,,results/c0_prim_decomposition/raw/production-scip/real_05/production-scip__real_05__topology-only__seed0.branches.csv,topology-only,real_05,-0.5,0.0191673109999999
132,265,99,27,25,1605,t_z_285_284_2,z,0.999,0.999,-27.58694839477539,-0.5,-27.83694839477539,-27.7927369011773,0.2116666660237926,-28.442794799804688,-27.58694839477539,0.0008316040039062,topology,0.5,0.0211706995999999,0.0211703156718749,1.8135210213712216e-05,14692,136,0.019535759,0.8044884319999999,0.8332257739999999,True,branched,,results/c0_prim_decomposition/raw/production-scip/real_05/production-scip__real_05__topology-only__seed0.branches.csv,topology-only,real_05,-0.5,0.019535759
133,267,100,24,20,1227,t_z_244_243_1,z,0.999,0.999,-27.6202392578125,-0.5,-27.8702392578125,-27.8422593275706,0.2169182061118857,-28.47119140625,-27.6202392578125,0.004861831665039,topology,0.5,0.0211706995999999,0.0211703156718749,1.8135210213712216e-05,14692,137,0.01842867,0.793959273,0.8216008649999998,True,branched,,results/c0_prim_decomposition/raw/production-scip/real_05/production-scip__real_05__topology-only__seed0.branches.csv,topology-only,real_05,-0.5,0.01842867
134,269,101,21,10,413,t_z_109_86_2,z,0.9989999999999998,0.9989999999999998,-27.661319732666016,-0.5,-27.911319732666016,-27.892370587303525,0.2218249801903899,-28.50702476501465,-27.661319732666016,0.0114631652832031,topology,0.5,0.0211706995999999,0.0211703156718749,1.8135210213712216e-05,14694,138,0.01918701,0.79937349,0.827780395,True,branched,,results/c0_prim_decomposition/raw/production-scip/real_05/production-scip__real_05__topology-only__seed0.branches.csv,topology-only,real_05,-0.5,0.01918701
135,271,102,20,8,349,t_z_110_109_2,z,0.999,0.999,-27.70893096923828,-0.5,-27.95893096923828,-27.935565948486328,0.2234646927222044,-28.542949676513672,-27.70893096923828,0.001108169555664,topology,0.5,0.0211706995999999,0.0211703156718749,1.8135210213712216e-05,14695,139,0.019280484,0.802510668,0.830998911,True,branched,,results/c0_prim_decomposition/raw/production-scip/real_05/production-scip__real_05__topology-only__seed0.branches.csv,topology-only,real_05,-0.5,0.019280484
136,273,103,17,8,764,t_z_154_161_2,z,0.999,0.999,-27.742860794067383,-0.5,-27.992860794067383,-27.99694611044491,0.2293450440961699,-28.575454711914062,-27.742860794067383,0.008646011352539,topology,0.5,0.0211706995999999,0.0211703156718749,1.8135210213712216e-05,14695,140,0.019110983,0.79763384,0.826008527,True,branched,,results/c0_prim_decomposition/raw/production-scip/real_05/production-scip__real_05__topology-only__seed0.branches.csv,topology-only,real_05,-0.5,0.019110983
137,275,104,14,12,1283,t_z_250_244_1,z,0.999,0.999,-27.784324645996094,-0.5,-28.034324645996094,-28.070897919791086,0.2316312355600605,-28.60795783996582,-27.784324645996094,0.0334987640380859,topology,0.5,0.0211706995999999,0.0211703156718749,1.8135210213712216e-05,14695,141,0.018906616,0.703660359,0.731761509,True,branched,,results/c0_prim_decomposition/raw/production-scip/real_05/production-scip__real_05__topology-only__seed0.branches.csv,topology-only,real_05,-0.5,0.018906616
138,277,105,11,5,313,t_z_95_19_0,z,0.999,0.999,-27.849782943725582,-0.5,-28.099782943725582,-28.14201441678134,0.2416711095454751,-28.64023971557617,-27.849782943725582,0.0343742370605468,topology,0.5,0.0211706995999999,0.0211703156718749,1.8135210213712216e-05,14695,142,0.019150789,0.804111815,0.832471454,True,branched,,results/c0_prim_decomposition/raw/production-scip/real_05/production-scip__real_05__topology-only__seed0.branches.csv,topology-only,real_05,-0.5,0.019150789
139,279,106,8,6,1207,t_z_242_241_3,z,0.999,0.999,-27.919883728027344,-0.5,-28.169883728027344,-28.203535795211792,0.226113473718214,-28.6721305847168,-27.919883728027344,0.0963459014892578,topology,0.5,0.0211706995999999,0.0211703156718749,1.8135210213712216e-05,14695,143,0.018726158,0.8019839229999999,0.829866049,True,branched,,results/c0_prim_decomposition/raw/production-scip/real_05/production-scip__real_05__topology-only__seed0.branches.csv,topology-only,real_05,-0.5,0.018726158
140,281,107,6,1,153,t_z_7_5_0,z,0.0019979979979979,0.0019979979979979,-28.704021453857425,1.0,-28.204021453857425,-28.260620435078938,0.2267369505337747,-28.704021453857425,-28.047473907470703,0.0117359161376953,topology,0.5,0.0211706995999999,0.0211703156718749,1.8135210213712216e-05,14695,144,0.018601705,0.7406495859999999,0.768408951,True,branched,,results/c0_prim_decomposition/raw/production-scip/real_05/production-scip__real_05__topology-only__seed0.branches.csv,topology-only,real_05,1.0,0.018601705
141,283,108,4,1,270,t_z_27_59_3,z,0.998,0.998,-28.094444274902344,-0.5,-28.344444274902344,-28.272570610046387,0.1227752673559572,-28.391756057739254,-28.094444274902344,0.1281490325927734,topology,0.5,0.0211706995999999,0.0211703156718749,1.8135210213712216e-05,14697,145,0.018634766,0.7835446419999998,0.811394625,True,branched,,results/c0_prim_decomposition/raw/production-scip/real_05/production-scip__real_05__topology-only__seed0.branches.csv,topology-only,real_05,-0.5,0.018634766
142,285,109,3,0,159,t_z_7_5_3,z,0.999,0.999,-28.253833770751957,-0.5,-28.503833770751957,-28.36318651835124,0.0774375950933176,-28.422996520996094,-28.253833770751957,0.1588954925537109,topology,0.5,0.0211706995999999,0.0211703156718749,1.8135210213712216e-05,14697,146,0.018317874,0.7572448649999999,0.784708975,True,branched,,results/c0_prim_decomposition/raw/production-scip/real_05/production-scip__real_05__topology-only__seed0.branches.csv,topology-only,real_05,-0.5,0.018317874
0,1,0,229,2,5,t_m_1_1,m,0.1439276888788273,0.1439276888788273,-27.253595352172848,0.3000000119209289,-27.103595733642575,-27.915404523824495,0.3911853593585336,-29.252878189086918,-27.253595352172848,0.0449428558349609,topology,0.5,1e+20,0.0211702999999999,1e+20,16793,1,0.025915495,0.771678976,0.807008998,True,branched,,results/c0_prim_decomposition/raw/production-scip/real_05/production-scip__real_05__topology-only__seed1.branches.csv,topology-only,real_05,0.3000000119209289,0.025915495
1,2,1,249,31,69,t_m_17_1,m,0.1522826931374547,0.1522826931374547,-27.17414283752441,0.3000000119209289,-27.02414321899414,-27.867059332299903,0.3989500371348154,-29.28223991394043,-27.17414283752441,0.0053119659423828,topology,0.5,1e+20,0.0211702999999999,1e+20,16828,2,0.02643405,0.7417693029999999,0.7776082619999999,True,branched,,results/c0_prim_decomposition/raw/production-scip/real_05/production-scip__real_05__topology-only__seed1.branches.csv,topology-only,real_05,0.3000000119209289,0.02643405
2,4,2,242,2,6,t_m_1_2,m,0.1592064283652218,0.1592064283652218,-27.138708114624023,0.3000000119209289,-26.98870849609375,-27.835246109765425,0.3999444830140259,-29.222692489624023,-27.138708114624023,0.0289039611816406,topology,0.5,1e+20,0.0211702999999999,1e+20,16860,3,0.0273427229999999,0.7311193919999999,0.7678654219999999,True,branched,,results/c0_prim_decomposition/raw/production-scip/real_05/production-scip__real_05__topology-only__seed1.branches.csv,topology-only,real_05,0.3000000119209289,0.0273427229999999
3,5,2,214,12,21,t_m_5_1,m,0.0909090909090909,0.0909090909090909,-27.23921775817871,0.3000000119209289,-27.08921813964844,-27.87514483371628,0.3880864270173542,-29.25484275817871,-27.149473190307617,0.0136280059814453,topology,0.5,1e+20,0.0211702999999999,1e+20,16981,4,0.027063453,0.72859973,0.7650471819999999,True,branched,,results/c0_prim_decomposition/raw/production-scip/real_05/production-scip__real_05__topology-only__seed1.branches.csv,topology-only,real_05,0.3000000119209289,0.027063453
4,9,3,213,2,4,t_m_1_0,m,0.25,0.25,-27.20392608642578,0.3000000119209289,-27.053926467895508,-27.88289330710828,0.4411510365740977,-29.92305374145508,-27.1541748046875,0.0201950073242187,topology,0.5,1e+20,0.0211702999999999,1e+20,17042,5,0.027076415,0.66465101,0.70121626,True,branched,,results/c0_prim_decomposition/raw/production-scip/real_05/production-scip__real_05__topology-only__seed1.branches.csv,topology-only,real_05,0.3000000119209289,0.027076415
5,11,4,189,27,74,t_m_18_2,m,0.2332166666666666,0.2332166666666666,-27.18222045898437,0.3000000119209289,-27.032220840454105,-27.876011924138144,0.4511306452765473,-29.894123077392575,-27.092926025390625,0.0282115936279296,topology,0.5,1e+20,0.0211702999999999,1e+20,17071,6,0.029683944,0.7414654619999999,0.7804818169999999,True,branched,,results/c0_prim_decomposition/raw/production-scip/real_05/production-scip__real_05__topology-only__seed1.branches.csv,topology-only,real_05,0.3000000119209289,0.029683944
6,13,5,179,38,112,t_m_28_0,m,0.1113915062251311,0.1113915062251311,-27.13108253479004,0.0,-27.13108253479004,-27.896647607814,0.4577944389757754,-29.874237060546875,-27.13108253479004,0.0114383697509765,topology,0.5,1e+20,0.0211702999999999,1e+20,17111,7,0.027133984,0.747692612,0.7841871169999999,True,branched,,results/c0_prim_decomposition/raw/production-scip/real_05/production-scip__real_05__topology-only__seed1.branches.csv,topology-only,real_05,0.0,0.027133984
7,15,6,182,41,124,t_m_31_0,m,0.2476184103676505,0.2476184103676505,-27.130298614501957,0.0,-27.130298614501957,-27.861005133324927,0.4668687313918155,-29.836345672607425,-27.130298614501957,0.0018653869628906,topology,0.5,1e+20,0.0211702999999999,1e+20,17126,8,0.026882368,0.7110934319999999,0.747342104,True,branched,,results/c0_prim_decomposition/raw/production-scip/real_05/production-scip__real_05__topology-only__seed1.branches.csv,topology-only,real_05,0.0,0.026882368
8,17,7,183,39,116,t_m_29_0,m,0.2476184103676505,0.2476184103676505,-27.12179374694824,0.0,-27.12179374694824,-27.852968528622487,0.4617470775335285,-29.796350479125977,-27.12179374694824,0.0069484710693359,topology,0.5,1e+20,0.0211702999999999,1e+20,17135,9,0.0274210969999999,0.748138103,0.784919639,True,branched,,results/c0_prim_decomposition/raw/production-scip/real_05/production-scip__real_05__topology-only__seed1.branches.csv,topology-only,real_05,0.0,0.0274210969999999
9,18,8,192,39,108,t_m_27_0,m,0.1115324804954895,0.1115324804954895,-27.160131454467773,0.0,-27.160131454467773,-27.855611930290856,0.4482274608827053,-29.763021469116207,-27.160131454467773,0.0041332244873046,topology,0.5,1e+20,0.0211702999999999,1e+20,17144,10,0.027008871,0.7410994659999999,0.777447463,True,branched,,results/c0_prim_decomposition/raw/production-scip/real_05/production-scip__real_05__topology-only__seed1.branches.csv,topology-only,real_05,0.0,0.027008871
10,21,9,197,13,44,t_m_11_0,m,0.3476670771428189,0.3476670771428189,-27.27827835083008,0.3000000119209289,-27.128278732299805,-27.871579765668372,0.4230383378690454,-29.73247528076172,-27.155576705932617,0.0351009368896484,topology,0.5,1e+20,0.0211702999999999,1e+20,17164,11,0.02753722,0.739003046,0.775924683,True,branched,,results/c0_prim_decomposition/raw/production-scip/real_05/production-scip__real_05__topology-only__seed1.branches.csv,topology-only,real_05,0.3000000119209289,0.02753722
11,23,10,203,153,1561,t_z_280_279_0,z,0.1656223709551734,0.1656223709551734,-27.728145599365234,1.0,-27.228145599365234,-27.947680722316495,0.4783269770726007,-30.395664215087887,-27.26484489440918,0.0162315368652343,topology,0.5,1e+20,0.0211702999999999,1e+20,17190,12,0.027494589,0.752280424,0.789088565,True,branched,,results/c0_prim_decomposition/raw/production-scip/real_05/production-scip__real_05__topology-only__seed1.branches.csv,topology-only,real_05,1.0,0.027494589
12,25,11,202,152,1559,t_z_279_278_3,z,0.1949483897069755,0.1949483897069755,-27.742706298828125,1.0,-27.242706298828125,-27.95210880808311,0.4741487420078183,-30.38292121887207,-27.275842666625977,0.018045425415039,topology,0.5,1e+20,0.0211702999999999,1e+20,17191,13,0.0280081169999999,0.7390955719999999,0.776465535,True,branched,,results/c0_prim_decomposition/raw/production-scip/real_05/production-scip__real_05__topology-only__seed1.branches.csv,topology-only,real_05,1.0,0.0280081169999999
13,27,12,201,43,163,t_z_12_11_1,z,0.4444808496308754,0.4444808496308754,-27.74661064147949,1.0,-27.24661064147949,-27.956801163023385,0.4704272851818653,-30.371055603027344,-27.288257598876957,0.0156536102294921,topology,0.5,1e+20,0.0211702999999999,1e+20,17192,14,0.0275183519999999,0.746157394,0.7830235989999998,True,branched,,results/c0_prim_decomposition/raw/production-scip/real_05/production-scip__real_05__topology-only__seed1.branches.csv,topology-only,real_05,1.0,0.0275183519999999
14,28,13,202,154,1567,t_z_280_279_3,z,0.1949483897069755,0.1949483897069755,-27.762413024902344,1.0,-27.262413024902344,-27.96989689250984,0.4696432146387452,-30.361515045166016,-27.302335739135746,0.015848159790039,topology,0.5,1e+20,0.0211702999999999,1e+20,17195,15,0.0274148859999999,0.73452737,0.771311717,True,branched,,results/c0_prim_decomposition/raw/production-scip/real_05/production-scip__real_05__topology-only__seed1.branches.csv,topology-only,real_05,1.0,0.0274148859999999
0,1,0,247,234,1799,t_z_312_266_3,z,0.999,0.999,-25.207719802856445,1.0,-24.707719802856445,-25.662711139632624,0.3749658529872044,-27.095027923583984,-24.95883178710937,0.0220184326171875,z,0.5,1e+20,0.0211703156718749,1e+20,13080,1,0.019721842,0.8234276419999998,0.8433447819999998,True,branched,,results/c0_prim_decomposition/raw/production-scip/real_05/production-scip__real_05__z-bias__seed0.branches.csv,z-bias,real_05,1.0,0.019721842
1,3,1,247,236,1831,t_z_313_215_3,z,0.999,0.999,-25.194850921630856,1.0,-24.694850921630856,-25.6582589400442,0.3749665280347879,-27.05202293395996,-24.96745109558105,0.0135955810546875,z,0.5,1e+20,0.0211703156718749,1e+20,13082,2,0.019188948,0.785883729,0.8052728879999999,True,branched,,results/c0_prim_decomposition/raw/production-scip/real_05/production-scip__real_05__z-bias__seed0.branches.csv,z-bias,real_05,1.0,0.019188948
2,5,2,246,129,1127,t_z_215_205_3,z,0.9985,0.9985,-25.15404891967773,1.0,-24.65404891967773,-25.667211144920287,0.367899136844084,-26.9979190826416,-24.99271011352539,0.0121536254882812,z,0.5,1e+20,0.0211703156718749,1e+20,13086,3,0.019310106,0.7061632239999999,0.725672434,True,branched,,results/c0_prim_decomposition/raw/production-scip/real_05/production-scip__real_05__z-bias__seed0.branches.csv,z-bias,real_05,1.0,0.019310106
3,7,3,245,123,1015,t_z_205_203_3,z,0.997,0.997,-25.15634155273437,1.0,-24.65634155273437,-25.681231409189653,0.3614048067798645,-26.95263290405273,-25.01705551147461,0.0104732513427734,z,0.5,1e+20,0.0211703156718749,1e+20,13087,4,0.020514883,0.815443788,0.8361372,True,branched,,results/c0_prim_decomposition/raw/production-scip/real_05/production-scip__real_05__z-bias__seed0.branches.csv,z-bias,real_05,1.0,0.020514883
4,9,4,244,121,1007,t_z_203_202_3,z,0.996,0.996,-25.145313262939453,1.0,-24.645313262939453,-25.698493183636277,0.3553173937802329,-26.91118049621582,-25.04065322875977,0.009164810180664,z,0.5,1e+20,0.0211703156718749,1e+20,13088,5,0.0200766609999999,0.8004215719999999,0.820678177,True,branched,,results/c0_prim_decomposition/raw/production-scip/real_05/production-scip__real_05__z-bias__seed0.branches.csv,z-bias,real_05,1.0,0.0200766609999999
5,8,4,266,159,1259,t_z_249_248_1,z,0.999,0.999,-25.285472869873047,1.0,-24.785472869873047,-25.754002786220465,0.3384629447111178,-26.983423233032227,-25.052854537963867,0.0089931488037109,z,0.5,1e+20,0.0211703156718749,1e+20,13126,6,0.0199906,0.7871257689999999,0.807336381,True,branched,,results/c0_prim_decomposition/raw/production-scip/real_05/production-scip__real_05__z-bias__seed0.branches.csv,z-bias,real_05,1.0,0.0199906
0,1,0,229,212,1799,t_z_312_266_3,z,0.9787860304788484,0.9787860304788484,-27.495454788208008,1.0,-26.995454788208008,-27.915404523824495,0.3911853593585336,-29.252878189086918,-27.253595352172848,0.0449428558349609,z,0.5,1e+20,0.0211702999999999,1e+20,16793,1,0.03064733,0.847899295,0.878722184,True,branched,,results/c0_prim_decomposition/raw/production-scip/real_05/production-scip__real_05__z-bias__seed1.branches.csv,z-bias,real_05,1.0,0.03064733
1,3,1,228,213,1831,t_z_313_215_3,z,0.9979999999999998,0.9979999999999998,-27.434482574462887,1.0,-26.934482574462887,-27.847122426618608,0.4067027190937067,-29.258962631225582,-27.14369201660156,0.0394287109375,z,0.5,1e+20,0.0211702999999999,1e+20,16796,2,0.02946999,0.7818907139999999,0.811524122,True,branched,,results/c0_prim_decomposition/raw/production-scip/real_05/production-scip__real_05__z-bias__seed1.branches.csv,z-bias,real_05,1.0,0.02946999
2,5,2,227,120,1127,t_z_215_205_3,z,0.9979999999999998,0.9979999999999998,-27.37457656860352,1.0,-26.87457656860352,-27.793191481266778,0.4051667836323558,-29.1839599609375,-27.083393096923828,0.0415096282958984,z,0.5,1e+20,0.0211702999999999,1e+20,16797,3,0.0301193899999999,0.784385435,0.8146957559999999,True,branched,,results/c0_prim_decomposition/raw/production-scip/real_05/production-scip__real_05__z-bias__seed1.branches.csv,z-bias,real_05,1.0,0.0301193899999999
3,4,2,228,109,767,t_z_161_154_3,z,0.999,0.999,-27.36627197265625,1.0,-26.86627197265625,-27.748422681239614,0.3986193037919071,-29.19317054748535,-27.02105140686035,0.0171375274658203,z,0.5,1e+20,0.0211702999999999,1e+20,16807,4,0.030126383,0.776961177,0.8072668419999999,True,branched,,results/c0_prim_decomposition/raw/production-scip/real_05/production-scip__real_05__z-bias__seed1.branches.csv,z-bias,real_05,1.0,0.030126383
0,1,0,180,40,81,t_m_20_1,m,0.1300668475532212,0.1300668475532212,-24.741943359375,0.3000000119209289,-24.591943740844727,-25.571889283921983,0.4478997762465496,-26.717779159545895,-24.733198165893555,0.0087451934814453,prim,0.5,1e+20,0.0096120999999999,1e+20,12699,1,0.0129704969999999,0.5577441619999999,0.5775904729999999,True,branched,,results/c0_prim_decomposition/raw/production-scip/real_08/production-scip__real_08__full-prim__seed0.branches.csv,full-prim,real_08,0.3000000119209289,0.0129704969999999
1,2,1,185,38,63,t_m_15_3,m,0.1432401511583267,0.1432401511583267,-24.67365264892578,0.3000000119209289,-24.523653030395508,-25.515334000458587,0.4318518923652704,-26.684776306152344,-24.666793823242188,0.0068588256835937,prim,0.5,1e+20,0.0096120999999999,1e+20,12717,2,0.012740444,0.499539092,0.519216377,True,branched,,results/c0_prim_decomposition/raw/production-scip/real_08/production-scip__real_08__full-prim__seed0.branches.csv,full-prim,real_08,0.3000000119209289,0.012740444
2,4,2,168,44,83,t_m_20_3,m,0.1527839392061823,0.1527839392061823,-24.68156242370605,0.3000000119209289,-24.53156280517578,-25.436762707574022,0.3742031096191312,-26.645174026489254,-24.667018890380856,0.0121707916259765,prim,0.5,1e+20,0.0096120999999999,1e+20,12726,3,0.0131268719999999,0.5230712969999999,0.54290059,True,branched,,results/c0_prim_decomposition/raw/production-scip/real_08/production-scip__real_08__full-prim__seed0.branches.csv,full-prim,real_08,0.3000000119209289,0.0131268719999999
3,6,3,184,73,149,t_z_23_16_2,z,0.1603358859694675,0.1603358859694675,-25.10493469238281,1.0,-24.60493469238281,-25.447794914245605,0.3697816256889536,-26.416038513183597,-24.685752868652344,0.0001106262207031,prim,0.5,1e+20,0.0096120999999999,1e+20,12741,4,0.012968136,0.48424263,0.5040810119999999,True,branched,,results/c0_prim_decomposition/raw/production-scip/real_08/production-scip__real_08__full-prim__seed0.branches.csv,full-prim,real_08,1.0,0.012968136
4,8,4,184,67,137,t_z_20_16_0,z,0.1745363252336222,0.1745363252336222,-25.120689392089844,1.0,-24.620689392089844,-25.45323013222736,0.3636117063191595,-26.396045684814453,-24.70834350585937,0.0013294219970703,prim,0.5,1e+20,0.0096120999999999,1e+20,12744,5,0.012947679,0.346257397,0.366149292,True,branched,,results/c0_prim_decomposition/raw/production-scip/real_08/production-scip__real_08__full-prim__seed0.branches.csv,full-prim,real_08,1.0,0.012947679
5,10,5,178,42,75,t_m_18_3,m,0.170169868065769,0.170169868065769,-24.743484497070312,0.3000000119209289,-24.59348487854004,-25.48137334759316,0.3529704894593388,-26.314247131347656,-24.743484497070312,0.0338344573974609,prim,0.5,1e+20,0.0096120999999999,1e+20,12759,6,0.013353336,0.488223689,0.508478378,True,branched,,results/c0_prim_decomposition/raw/production-scip/real_08/production-scip__real_08__full-prim__seed0.branches.csv,full-prim,real_08,0.3000000119209289,0.013353336
6,12,6,183,33,59,t_m_14_3,m,0.1660000000000003,0.1660000000000003,-24.772600173950195,0.0,-24.772600173950195,-25.530899881665167,0.3545323307368707,-26.375560760498047,-24.772600173950195,0.0128364562988281,prim,0.5,1e+20,0.0096120999999999,1e+20,12772,7,0.0128790599999999,0.4522833419999999,0.4720326249999999,True,branched,,results/c0_prim_decomposition/raw/production-scip/real_08/production-scip__real_08__full-prim__seed0.branches.csv,full-prim,real_08,0.0,0.0128790599999999
7,14,7,185,79,207,t_z_38_15_3,z,0.1075378753981661,0.1075378753981661,-25.29512405395508,1.0,-24.79512405395508,-25.56581712671228,0.3550842278872579,-26.38885307312012,-24.835174560546875,0.0092411041259765,prim,0.5,1e+20,0.0096120999999999,1e+20,12783,8,0.012987828,0.4819888379999999,0.501932926,True,branched,,results/c0_prim_decomposition/raw/production-scip/real_08/production-scip__real_08__full-prim__seed0.branches.csv,full-prim,real_08,1.0,0.012987828
8,16,8,185,82,221,t_z_41_16_2,z,0.001,0.001,-25.3158016204834,1.0,-24.8158016204834,-25.58631173211175,0.350574833277403,-26.410158157348636,-24.866941452026367,0.0078372955322265,prim,0.5,1e+20,0.0096120999999999,1e+20,12785,9,0.01298385,0.490913439,0.51083681,True,branched,,results/c0_prim_decomposition/raw/production-scip/real_08/production-scip__real_08__full-prim__seed0.branches.csv,full-prim,real_08,1.0,0.01298385
9,18,9,184,91,287,t_z_54_16_3,z,0.0005000000000001,0.0005000000000001,-25.391986846923828,1.0,-24.891986846923828,-25.60901783860248,0.3472718762569918,-26.431814193725582,-24.898622512817383,0.0065937042236328,prim,0.5,1e+20,0.0096120999999999,1e+20,12786,10,0.01882377,0.456672919,0.4824268789999999,True,branched,,results/c0_prim_decomposition/raw/production-scip/real_08/production-scip__real_08__full-prim__seed0.branches.csv,full-prim,real_08,1.0,0.01882377
10,19,9,182,92,287,t_z_54_16_3,z,0.001,0.001,-25.40714836120605,1.0,-24.90714836120605,-25.636101586478095,0.3442341720905248,-26.458053588867188,-24.93798446655273,0.0053977966308593,prim,0.5,1e+20,0.0096120999999999,1e+20,12791,11,0.0129479839999999,0.458680574,0.4785247409999999,True,branched,,results/c0_prim_decomposition/raw/production-scip/real_08/production-scip__real_08__full-prim__seed0.branches.csv,full-prim,real_08,1.0,0.0129479839999999
11,23,10,182,81,217,t_z_41_16_0,z,0.4885124999999946,0.4885124999999946,-25.441431045532227,1.0,-24.941431045532227,-25.738894986582327,0.3492709376829359,-26.646509170532227,-25.057422637939453,0.0027217864990234,prim,0.5,1e+20,0.0096120999999999,1e+20,12815,12,0.012544398,0.4438744319999999,0.4633159829999999,True,branched,,results/c0_prim_decomposition/raw/production-scip/real_08/production-scip__real_08__full-prim__seed0.branches.csv,full-prim,real_08,1.0,0.012544398
12,25,11,180,76,195,t_z_35_16_1,z,0.3663525641025638,0.3663525641025638,-25.56123924255371,1.0,-25.06123924255371,-25.763413016001383,0.3491499748420809,-26.65868759155273,-25.082143783569336,0.0018844604492187,prim,0.5,1e+20,0.0096120999999999,1e+20,12825,13,0.0131122489999999,0.385085985,0.405096416,True,branched,,results/c0_prim_decomposition/raw/production-scip/real_08/production-scip__real_08__full-prim__seed0.branches.csv,full-prim,real_08,1.0,0.0131122489999999
13,27,12,179,67,138,t_z_16_20_1,z,0.3663525641025638,0.3663525641025638,-25.409988403320312,1.0,-24.909988403320312,-25.777845222856744,0.3454589071950464,-26.66465759277344,-25.102884292602536,0.0010566711425781,prim,0.5,1e+20,0.0096120999999999,1e+20,12827,14,0.012811978,0.384878296,0.404553437,True,branched,,results/c0_prim_decomposition/raw/production-scip/real_08/production-scip__real_08__full-prim__seed0.branches.csv,full-prim,real_08,1.0,0.012811978
14,29,13,178,63,121,t_z_18_15_0,z,0.4610769230769231,0.4610769230769231,-25.57309341430664,1.0,-25.07309341430664,-25.791601856103103,0.3416211729108998,-26.66903686523437,-25.122783660888672,0.0003490447998046,prim,0.5,1e+20,0.0096120999999999,1e+20,12828,15,0.013015527,0.3651057509999999,0.3850131239999999,True,branched,,results/c0_prim_decomposition/raw/production-scip/real_08/production-scip__real_08__full-prim__seed0.branches.csv,full-prim,real_08,1.0,0.013015527
15,31,14,187,54,110,t_z_5_6_3,z,0.3038598381321869,0.3038598381321869,-25.624771118164062,1.0,-25.124771118164062,-25.88818503191127,0.3570601108666627,-26.65968513488769,-25.21013069152832,0.0521259307861328,prim,0.5,1e+20,0.0096120999999999,1e+20,12885,16,0.012881292,0.4198041029999999,0.439568302,True,branched,,results/c0_prim_decomposition/raw/production-scip/real_08/production-scip__real_08__full-prim__seed0.branches.csv,full-prim,real_08,1.0,0.012881292
16,33,15,171,3,5,t_m_1_1,m,0.2687526857249494,0.2687526857249494,-25.288543701171875,0.3000000119209289,-25.1385440826416,-25.926440155296994,0.3717500908275756,-26.763900756835938,-25.20618438720703,0.0244731903076171,prim,0.5,1e+20,0.0096120999999999,1e+20,12916,17,0.012730811,0.3827833179999999,0.4023644339999999,True,branched,,results/c0_prim_decomposition/raw/production-scip/real_08/production-scip__real_08__full-prim__seed0.branches.csv,full-prim,real_08,0.3000000119209289,0.012730811
17,35,16,145,20,45,t_m_11_1,m,0.0936979166666666,0.0936979166666666,-25.352052688598636,0.3000000119209289,-25.20205307006836,-25.94637831326189,0.3294305475355556,-26.754758834838867,-25.286138534545895,0.0026779174804687,prim,0.5,1e+20,0.0096120999999999,1e+20,12990,18,0.012668667,0.378300097,0.3979123419999999,True,branched,,results/c0_prim_decomposition/raw/production-scip/real_08/production-scip__real_08__full-prim__seed0.branches.csv,full-prim,real_08,0.3000000119209289,0.012668667
18,37,17,145,12,28,t_m_7_0,m,0.0624374999999999,0.0624374999999999,-25.405614852905277,0.3000000119209289,-25.255615234375,-25.994461651506096,0.3284061684925305,-26.68146705627441,-25.326141357421875,0.0066127777099609,prim,0.5,1e+20,0.0096120999999999,1e+20,13035,19,0.0128905489999999,0.440332396,0.460131361,True,branched,,results/c0_prim_decomposition/raw/production-scip/real_08/production-scip__real_08__full-prim__seed0.branches.csv,full-prim,real_08,0.3000000119209289,0.0128905489999999
19,39,18,123,38,127,t_z_18_15_3,z,0.356952380952381,0.356952380952381,-25.74657440185547,1.0,-25.24657440185547,-26.028228372093135,0.3344872733820297,-26.733190536499023,-25.363914489746094,0.0018157958984375,prim,0.5,1e+20,0.0096120999999999,1e+20,13070,20,0.012623064,0.364628681,0.3841107089999999,True,branched,,results/c0_prim_decomposition/raw/production-scip/real_08/production-scip__real_08__full-prim__seed0.branches.csv,full-prim,real_08,1.0,0.012623064
20,41,19,115,2,8,t_m_2_0,m,0.2495,0.2495,-25.450098037719727,0.3000000119209289,-25.300098419189453,-26.10950174746306,0.3312274550602999,-26.74474334716797,-25.43002700805664,0.0112228393554687,prim,0.5,1e+20,0.0096120999999999,1e+20,13128,21,0.012694161,0.387071479,0.406647768,True,branched,,results/c0_prim_decomposition/raw/production-scip/real_08/production-scip__real_08__full-prim__seed0.branches.csv,full-prim,real_08,0.3000000119209289,0.012694161
21,43,20,126,4,24,t_m_6_0,m,0.4995,0.4995,-25.693389892578125,0.3000000119209289,-25.543390274047848,-26.22944012899248,0.3697278001902422,-27.00711441040039,-25.42255973815918,0.1817989349365234,prim,0.5,1e+20,0.0096120999999999,1e+20,13164,22,0.0130230369999999,0.4104928099999999,0.430469775,True,branched,,results/c0_prim_decomposition/raw/production-scip/real_08/production-scip__real_08__full-prim__seed0.branches.csv,full-prim,real_08,0.3000000119209289,0.0130230369999999
22,45,21,123,0,0,t_m_0_0,m,0.002,0.002,-25.62258720397949,0.0,-25.62258720397949,-26.244437334014147,0.3656751160641997,-27.007469177246094,-25.40990447998047,0.2126827239990234,prim,0.5,1e+20,0.0096120999999999,1e+20,13166,23,0.0128586729999999,0.4641048709999999,0.4838349189999999,True,branched,,results/c0_prim_decomposition/raw/production-scip/real_08/production-scip__real_08__full-prim__seed0.branches.csv,full-prim,real_08,0.0,0.0128586729999999
23,47,22,115,10,60,t_m_15_0,m,0.0015,0.0015,-25.635595321655277,0.3000000119209289,-25.485595703125,-26.213587885317597,0.325764482840159,-26.885772705078125,-25.466176986694336,0.1666584014892578,prim,0.5,1e+20,0.0096120999999999,1e+20,13202,24,0.0130681619999999,0.40712774,0.4270786779999999,True,branched,,results/c0_prim_decomposition/raw/production-scip/real_08/production-scip__real_08__full-prim__seed0.branches.csv,full-prim,real_08,0.3000000119209289,0.0130681619999999
24,49,23,122,14,73,t_m_18_1,m,0.0029999999999997,0.0029999999999997,-25.663057327270508,0.0,-25.663057327270508,-26.234185781635222,0.309736813260874,-26.84625816345215,-25.52255630493164,0.1405010223388671,prim,0.5,1e+20,0.0096120999999999,1e+20,13228,25,0.012998558,0.347103577,0.3670220129999999,True,branched,,results/c0_prim_decomposition/raw/production-scip/real_08/production-scip__real_08__full-prim__seed0.branches.csv,full-prim,real_08,0.0,0.012998558
25,50,24,119,10,77,t_m_19_1,m,0.001,0.001,-25.695411682128903,0.0,-25.695411682128903,-26.273469267773027,0.3069971965909158,-26.839006423950195,-25.536487579345703,0.1589241027832031,prim,0.5,1e+20,0.0096120999999999,1e+20,13241,26,0.013168707,0.475406712,0.495390991,True,branched,,results/c0_prim_decomposition/raw/production-scip/real_08/production-scip__real_08__full-prim__seed0.branches.csv,full-prim,real_08,0.0,0.013168707
26,52,25,121,8,65,t_m_16_1,m,0.0010000000000001,0.0010000000000001,-25.714223861694336,0.3000000119209289,-25.564224243164062,-26.28520938778712,0.3045905163621712,-26.85616874694824,-25.547021865844727,0.1672019958496093,prim,0.5,1e+20,0.0096120999999999,1e+20,13245,27,0.01285509,0.422080114,0.441778422,True,branched,,results/c0_prim_decomposition/raw/production-scip/real_08/production-scip__real_08__full-prim__seed0.branches.csv,full-prim,real_08,0.3000000119209289,0.01285509
27,54,26,115,8,57,t_m_14_1,m,0.0010000000000001,0.0010000000000001,-25.73505973815918,0.0,-25.73505973815918,-26.282839418494184,0.3023041149522817,-26.868492126464844,-25.55846405029297,0.1765956878662109,prim,0.5,1e+20,0.0096120999999999,1e+20,13247,28,0.013017025,0.491520507,0.5113884549999999,True,branched,,results/c0_prim_decomposition/raw/production-scip/real_08/production-scip__real_08__full-prim__seed0.branches.csv,full-prim,real_08,0.0,0.013017025
28,57,27,106,12,85,t_m_21_1,m,0.0013333333333334,0.0013333333333334,-25.757593154907227,0.0,-25.757593154907227,-26.289739194905984,0.2986212095389378,-26.879476547241207,-25.539743423461918,0.2178497314453125,prim,0.5,1e+20,0.0096120999999999,1e+20,13256,29,0.013084718,0.4716028729999999,0.491558145,True,branched,,results/c0_prim_decomposition/raw/production-scip/real_08/production-scip__real_08__full-prim__seed0.branches.csv,full-prim,real_08,0.0,0.013084718
29,59,28,111,6,48,t_m_12_0,m,0.0033333333333336,0.0033333333333336,-25.771015167236328,0.0,-25.771015167236328,-26.29180547353384,0.2950306398745737,-26.896736145019528,-25.54669570922852,0.2243194580078125,prim,0.5,1e+20,0.0096120999999999,1e+20,13271,30,0.012981744,0.4530683039999999,0.4729018199999999,True,branched,,results/c0_prim_decomposition/raw/production-scip/real_08/production-scip__real_08__full-prim__seed0.branches.csv,full-prim,real_08,0.0,0.012981744
30,60,29,111,12,76,t_m_19_0,m,0.0013333333333334,0.0013333333333334,-25.784740447998047,0.0,-25.784740447998047,-26.29853951394021,0.2874159563476532,-26.887205123901367,-25.587608337402344,0.1971321105957031,prim,0.5,1e+20,0.0096120999999999,1e+20,13279,31,0.013014871,0.4682909029999999,0.4881983679999999,True,branched,,results/c0_prim_decomposition/raw/production-scip/real_08/production-scip__real_08__full-prim__seed0.branches.csv,full-prim,real_08,0.0,0.013014871
31,63,30,110,12,71,t_m_17_3,m,0.001,0.001,-25.806060791015625,0.0,-25.806060791015625,-26.312813533436167,0.2907133834744023,-26.92613220214844,-25.62067604064941,0.1853847503662109,prim,0.5,1e+20,0.0096120999999999,1e+20,13289,32,0.0135743589999999,0.354043333,0.374518028,True,branched,,results/c0_prim_decomposition/raw/production-scip/real_08/production-scip__real_08__full-prim__seed0.branches.csv,full-prim,real_08,0.0,0.0135743589999999
32,64,31,111,30,299,t_z_56_44_1,z,0.001,0.001,-26.18424415588379,1.0,-25.68424415588379,-26.33897860415347,0.3019360106596975,-26.95099258422852,-25.630231857299805,0.2000026702880859,prim,0.5,1e+20,0.0096120999999999,1e+20,13297,33,0.0130893969999999,0.427653967,0.4476460509999999,True,branched,,results/c0_prim_decomposition/raw/production-scip/real_08/production-scip__real_08__full-prim__seed0.branches.csv,full-prim,real_08,1.0,0.0130893969999999
33,67,32,110,8,51,t_m_12_3,m,0.004666666666667,0.004666666666667,-25.842269897460938,0.0,-25.842269897460938,-26.34656358198686,0.3024636212496058,-26.957443237304688,-25.637544631958008,0.2047252655029296,prim,0.5,1e+20,0.0096120999999999,1e+20,13299,34,0.012894284,0.4049780259999999,0.424835952,True,branched,,results/c0_prim_decomposition/raw/production-scip/real_08/production-scip__real_08__full-prim__seed0.branches.csv,full-prim,real_08,0.0,0.012894284
34,68,33,108,10,69,t_m_17_1,m,0.001,0.001,-25.855653762817383,0.0,-25.855653762817383,-26.360545017101146,0.2956148214191328,-26.916133880615234,-25.633888244628903,0.2217655181884765,prim,0.5,1e+20,0.0096120999999999,1e+20,13306,35,0.0130601339999999,0.409751238,0.4296905469999999,True,branched,,results/c0_prim_decomposition/raw/production-scip/real_08/production-scip__real_08__full-prim__seed0.branches.csv,full-prim,real_08,0.0,0.0130601339999999
35,71,34,106,3,22,t_m_5_2,m,0.0003333333333335,0.0003333333333335,-25.92194175720215,0.3000000119209289,-25.771942138671875,-26.465500147837517,0.3046323267410637,-27.045001983642575,-25.631580352783203,0.2057361602783203,prim,0.5,1e+20,0.0096120999999999,1e+20,13350,36,0.012847446,0.4228268159999999,0.442563174,True,branched,,results/c0_prim_decomposition/raw/production-scip/real_08/production-scip__real_08__full-prim__seed0.branches.csv,full-prim,real_08,0.3000000119209289,0.012847446
36,73,35,94,6,52,t_m_13_0,m,0.2503333333333335,0.2503333333333335,-25.758134841918945,0.0,-25.758134841918945,-26.39130988019578,0.280616655721719,-26.977479934692383,-25.646324157714844,0.1118106842041015,prim,0.5,1e+20,0.0096120999999999,1e+20,13377,37,0.01294641,0.389540288,0.4092849089999999,True,branched,,results/c0_prim_decomposition/raw/production-scip/real_08/production-scip__real_08__full-prim__seed0.branches.csv,full-prim,real_08,0.0,0.01294641
37,75,36,96,2,32,t_m_8_0,m,0.2516666666666667,0.2516666666666667,-25.79024124145508,0.0,-25.79024124145508,-26.41190032164256,0.2790554630058202,-27.007051467895508,-25.655614852905277,0.1346263885498046,prim,0.5,1e+20,0.0096120999999999,1e+20,13387,38,0.0132367519999999,0.384514018,0.4046119289999999,True,branched,,results/c0_prim_decomposition/raw/production-scip/real_08/production-scip__real_08__full-prim__seed0.branches.csv,full-prim,real_08,0.0,0.0132367519999999
38,77,37,98,6,95,t_z_2_1_3,z,0.9986666666666664,0.9986666666666664,-25.66157531738281,-0.5,-25.91157531738281,-26.44796912524165,0.2762156018928555,-27.06088638305664,-25.66157531738281,0.1835746765136718,prim,0.5,1e+20,0.0096120999999999,1e+20,13413,39,0.013043984,0.367256798,0.3871224389999999,True,branched,,results/c0_prim_decomposition/raw/production-scip/real_08/production-scip__real_08__full-prim__seed0.branches.csv,full-prim,real_08,-0.5,0.013043984
39,79,38,97,0,13,t_m_3_1,m,0.0013333333333334,0.0013333333333334,-25.961713790893555,0.0,-25.961713790893555,-26.462337670866976,0.2658161083234863,-27.067840576171875,-25.845230102539062,0.0715236663818359,prim,0.5,1e+20,0.0096120999999999,1e+20,13414,40,0.01340438,0.381137779,0.401386422,True,branched,,results/c0_prim_decomposition/raw/production-scip/real_08/production-scip__real_08__full-prim__seed0.branches.csv,full-prim,real_08,0.0,0.01340438
40,81,39,88,1,41,t_m_10_1,m,0.25,0.25,-25.82467269897461,0.0,-25.82467269897461,-26.49183112924749,0.2608244038725187,-27.06649780273437,-25.823291778564453,0.0013809204101562,prim,0.5,1e+20,0.0096120999999999,1e+20,13421,41,0.013114092,0.448582352,0.468512545,True,branched,,results/c0_prim_decomposition/raw/production-scip/real_08/production-scip__real_08__full-prim__seed0.branches.csv,full-prim,real_08,0.0,0.013114092
41,83,40,91,2,72,t_m_18_0,m,0.001,0.001,-25.99570083618164,0.3000000119209289,-25.845701217651367,-26.515614624861836,0.2545620201491878,-27.037860870361328,-25.83724594116211,0.1285572052001953,prim,0.5,1e+20,0.0096120999999999,1e+20,13442,42,0.012890848,0.420353395,0.440094443,True,branched,,results/c0_prim_decomposition/raw/production-scip/real_08/production-scip__real_08__full-prim__seed0.branches.csv,full-prim,real_08,0.3000000119209289,0.012890848
42,85,41,91,0,49,t_m_12_1,m,0.001,0.001,-26.034505844116207,0.0,-26.034505844116207,-26.542370345566297,0.2479957095615094,-27.06849670410156,-25.839921951293945,0.1338787078857421,prim,0.5,1e+20,0.0096120999999999,1e+20,13463,43,0.01278291,0.3862342999999999,0.4058351889999999,True,branched,,results/c0_prim_decomposition/raw/production-scip/real_08/production-scip__real_08__full-prim__seed0.branches.csv,full-prim,real_08,0.0,0.01278291
43,87,42,90,87,2063,t_z_219_7_3,z,0.004,0.004,-26.561737060546875,1.0,-26.061737060546875,-26.558079931471084,0.2410027960360114,-27.0692138671875,-25.84139442443848,0.1370525360107421,prim,0.5,1e+20,0.0096120999999999,1e+20,13467,44,0.012896842,0.3789228789999999,0.3986439019999999,True,branched,,results/c0_prim_decomposition/raw/production-scip/real_08/production-scip__real_08__full-prim__seed0.branches.csv,full-prim,real_08,1.0,0.012896842
44,88,43,89,38,639,t_z_112_7_3,z,0.996,0.996,-25.856830596923828,-0.5,-26.106830596923828,-26.560744789209256,0.2418415521942044,-27.072343826293945,-25.856830596923828,0.121490478515625,prim,0.5,1e+20,0.0096120999999999,1e+20,13468,45,0.012787997,0.468924697,0.488589047,True,branched,,results/c0_prim_decomposition/raw/production-scip/real_08/production-scip__real_08__full-prim__seed0.branches.csv,full-prim,real_08,-0.5,0.012787997
45,91,44,89,16,401,t_z_88_6_0,z,0.5,0.5,-26.6212100982666,1.0,-26.1212100982666,-26.563812448737327,0.2399838519167232,-27.075328826904297,-25.91933250427246,0.0585498809814453,prim,0.5,1e+20,0.0096120999999999,1e+20,13469,46,0.012773768,0.410445773,0.430072226,True,branched,,results/c0_prim_decomposition/raw/production-scip/real_08/production-scip__real_08__full-prim__seed0.branches.csv,full-prim,real_08,1.0,0.012773768
46,93,45,68,29,647,t_z_113_112_3,z,0.997,0.997,-25.930744171142575,-0.5,-26.180744171142575,-26.555267502279843,0.2731168745240109,-27.087703704833984,-25.930744171142575,0.057037353515625,prim,0.5,1e+20,0.0096120999999999,1e+20,13478,47,0.012865641,0.413795038,0.433490115,True,branched,,results/c0_prim_decomposition/raw/production-scip/real_08/production-scip__real_08__full-prim__seed0.branches.csv,full-prim,real_08,-0.5,0.012865641
47,95,46,67,1,146,t_z_16_23_1,z,0.998,0.998,-26.000864028930664,-0.5,-26.250864028930664,-26.576888269452905,0.2649526215269915,-27.102767944335938,-26.000864028930664,0.0138969421386718,prim,0.5,1e+20,0.0096120999999999,1e+20,13479,48,0.0129551419999999,0.463386524,0.483205192,True,branched,,results/c0_prim_decomposition/raw/production-scip/real_08/production-scip__real_08__full-prim__seed0.branches.csv,full-prim,real_08,-0.5,0.0129551419999999
48,97,47,66,60,2038,t_z_238_321_3,z,0.998,0.998,-26.02029800415039,-0.5,-26.27029800415039,-26.591152826944988,0.2572158032608252,-27.10830307006836,-26.02029800415039,0.0537605285644531,prim,0.5,1e+20,0.0096120999999999,1e+20,13479,49,0.01297788,0.463527366,0.483378005,True,branched,,results/c0_prim_decomposition/raw/production-scip/real_08/production-scip__real_08__full-prim__seed0.branches.csv,full-prim,real_08,-0.5,0.01297788
49,99,48,64,42,1220,t_z_64_65_2,z,0.999,0.999,-26.087446212768555,-0.5,-26.337446212768555,-26.61486157774925,0.2499367194615436,-27.12057113647461,-26.087446212768555,0.0363101959228515,prim,0.5,1e+20,0.0096120999999999,1e+20,13480,50,0.0126444079999999,0.347329634,0.366814136,True,branched,,results/c0_prim_decomposition/raw/production-scip/real_08/production-scip__real_08__full-prim__seed0.branches.csv,full-prim,real_08,-0.5,0.0126444079999999
50,101,49,62,37,1173,t_z_213_212_2,z,0.999,0.999,-26.132143020629883,-0.5,-26.382143020629883,-26.63065233538228,0.2455329198927198,-27.128955841064453,-26.132143020629883,0.0056114196777343,prim,0.5,1e+20,0.0096120999999999,1e+20,13480,51,0.013345121,0.4709470729999999,0.4911508399999999,True,branched,,results/c0_prim_decomposition/raw/production-scip/real_08/production-scip__real_08__full-prim__seed0.branches.csv,full-prim,real_08,-0.5,0.013345121
51,103,50,61,20,600,t_z_88_109_0,z,0.999,0.999,-26.145479202270508,-0.5,-26.395479202270508,-26.64754117121462,0.2391469832149198,-27.137722015380856,-26.145479202270508,0.0035400390625,prim,0.5,1e+20,0.0096120999999999,1e+20,13480,52,0.0134668259999999,0.485092122,0.5054152389999998,True,branched,,results/c0_prim_decomposition/raw/production-scip/real_08/production-scip__real_08__full-prim__seed0.branches.csv,full-prim,real_08,-0.5,0.0134668259999999
0,1,0,180,34,61,t_m_15_1,m,0.1300668475532212,0.1300668475532212,-24.733198165893555,0.0,-24.733198165893555,-25.571889283921983,0.4478997762465496,-26.717779159545895,-24.733198165893555,0.0087451934814453,none,0.0,1e+20,0.0096120999999999,1e+20,12699,1,0.012769478,0.5549389,0.567711229,True,branched,,results/c0_prim_decomposition/raw/production-scip/real_08/production-scip__real_08__gcnn__seed0.branches.csv,gcnn,real_08,0.0,0.012769478
1,2,1,183,37,63,t_m_15_3,m,0.1432401511583267,0.1432401511583267,-24.671018600463867,0.0,-24.671018600463867,-25.508985279687767,0.4325000232428189,-26.683897018432617,-24.671018600463867,0.0002632141113281,none,0.0,1e+20,0.0096120999999999,1e+20,12715,2,0.012798663,0.47373005,0.4865312869999999,True,branched,,results/c0_prim_decomposition/raw/production-scip/real_08/production-scip__real_08__gcnn__seed0.branches.csv,gcnn,real_08,0.0,0.012798663
2,4,2,169,43,81,t_m_20_1,m,0.1526680219470218,0.1526680219470218,-24.674945831298828,0.0,-24.674945831298828,-25.4400436243362,0.3773801753249896,-26.64561462402344,-24.674945831298828,0.0070362091064453,none,0.0,1e+20,0.0096120999999999,1e+20,12727,3,0.01299001,0.4726030609999999,0.485595543,True,branched,,results/c0_prim_decomposition/raw/production-scip/real_08/production-scip__real_08__gcnn__seed0.branches.csv,gcnn,real_08,0.0,0.01299001
3,6,3,168,41,79,t_m_19_3,m,0.1999983431312014,0.1999983431312014,-24.68632125854492,0.0,-24.68632125854492,-25.4415252776373,0.3739766190248393,-26.61986541748047,-24.68632125854492,0.0075912475585937,none,0.0,1e+20,0.0096120999999999,1e+20,12729,4,0.01282647,0.4502749229999999,0.4631034749999999,True,branched,,results/c0_prim_decomposition/raw/production-scip/real_08/production-scip__real_08__gcnn__seed0.branches.csv,gcnn,real_08,0.0,0.01282647
4,8,4,168,44,83,t_m_20_3,m,0.1300852128619953,0.1300852128619953,-24.738307952880856,0.0,-24.738307952880856,-25.44017905280704,0.3669034682899854,-26.600385665893555,-24.738307952880856,0.0026054382324218,none,0.0,1e+20,0.0096120999999999,1e+20,12733,5,0.012886556,0.4621109809999999,0.474999814,True,branched,,results/c0_prim_decomposition/raw/production-scip/real_08/production-scip__real_08__gcnn__seed0.branches.csv,gcnn,real_08,0.0,0.012886556
5,10,5,167,39,70,t_m_17_2,m,0.1661666666666665,0.1661666666666665,-24.77631378173828,0.0,-24.77631378173828,-25.451695562122826,0.3567395666033267,-26.585390090942383,-24.77631378173828,0.0179367065429687,none,0.0,1e+20,0.0096120999999999,1e+20,12735,6,0.012776889,0.410893043,0.4236726889999999,True,branched,,results/c0_prim_decomposition/raw/production-scip/real_08/production-scip__real_08__gcnn__seed0.branches.csv,gcnn,real_08,0.0,0.012776889
6,12,6,190,43,71,t_m_17_3,m,0.131871835044196,0.131871835044196,-24.82423591613769,0.0,-24.82423591613769,-25.54587100179572,0.4039656969361358,-26.591611862182617,-24.82423591613769,0.0024223327636718,none,0.0,1e+20,0.0096120999999999,1e+20,12758,7,0.01283944,0.362266272,0.375107999,True,branched,,results/c0_prim_decomposition/raw/production-scip/real_08/production-scip__real_08__gcnn__seed0.branches.csv,gcnn,real_08,0.0,0.01283944
7,14,7,193,45,76,t_m_19_0,m,0.2002999999999999,0.2002999999999999,-24.816184997558597,0.0,-24.816184997558597,-25.587312006579776,0.3962989414225529,-26.515874862670895,-24.816184997558597,0.0149707794189453,none,0.0,1e+20,0.0096120999999999,1e+20,12783,8,0.012800061,0.4572119909999999,0.4700145339999999,True,branched,,results/c0_prim_decomposition/raw/production-scip/real_08/production-scip__real_08__gcnn__seed0.branches.csv,gcnn,real_08,0.0,0.012800061
8,16,8,188,35,57,t_m_14_1,m,0.1667499999999998,0.1667499999999998,-24.842771530151367,0.0,-24.842771530151367,-25.611586246084656,0.3863491458237887,-26.528343200683597,-24.842771530151367,0.0241775512695312,none,0.0,1e+20,0.0096120999999999,1e+20,12790,9,0.017266987,0.47120197,0.4884714119999999,True,branched,,results/c0_prim_decomposition/raw/production-scip/real_08/production-scip__real_08__gcnn__seed0.branches.csv,gcnn,real_08,0.0,0.017266987
9,18,9,164,39,69,t_m_17_1,m,0.2037867868270683,0.2037867868270683,-24.91173553466797,0.0,-24.91173553466797,-25.582450203779267,0.3403785101439308,-26.423080444335938,-24.91173553466797,0.0269279479980468,none,0.0,1e+20,0.0096120999999999,1e+20,12805,10,0.013127676,0.443412318,0.456542433,True,branched,,results/c0_prim_decomposition/raw/production-scip/real_08/production-scip__real_08__gcnn__seed0.branches.csv,gcnn,real_08,0.0,0.013127676
10,21,10,175,29,43,t_m_10_3,m,0.1755575006439436,0.1755575006439436,-25.10507583618164,0.0,-25.10507583618164,-25.754841526576453,0.4066476139298222,-26.71050262451172,-25.10507583618164,0.0030937194824218,none,0.0,1e+20,0.0096120999999999,1e+20,12870,11,0.0127745729999999,0.484453534,0.4972306129999999,True,branched,,results/c0_prim_decomposition/raw/production-scip/real_08/production-scip__real_08__gcnn__seed0.branches.csv,gcnn,real_08,0.0,0.0127745729999999
11,23,11,166,5,9,t_m_2_1,m,0.1554598930481281,0.1554598930481281,-25.122312545776367,0.0,-25.122312545776367,-25.80832662927099,0.3754974988959545,-26.742494583129883,-25.122312545776367,0.0012321472167968,none,0.0,1e+20,0.0096120999999999,1e+20,12927,12,0.0127465259999999,0.4458091069999999,0.4585581289999999,True,branched,,results/c0_prim_decomposition/raw/production-scip/real_08/production-scip__real_08__gcnn__seed0.branches.csv,gcnn,real_08,0.0,0.0127465259999999
12,25,12,168,10,21,t_m_5_1,m,0.1853157894736841,0.1853157894736841,-25.178447723388672,0.0,-25.178447723388672,-25.9107525462196,0.3811352051225797,-26.771953582763672,-25.178447723388672,0.0169124603271484,none,0.0,1e+20,0.0096120999999999,1e+20,12981,13,0.012895534,0.445190493,0.458088628,True,branched,,results/c0_prim_decomposition/raw/production-scip/real_08/production-scip__real_08__gcnn__seed0.branches.csv,gcnn,real_08,0.0,0.012895534
13,27,13,153,11,28,t_m_7_0,m,0.1671851851851851,0.1671851851851851,-25.187952041625977,0.0,-25.187952041625977,-25.93486269782571,0.3672541225407571,-26.779083251953125,-25.187952041625977,0.00311279296875,none,0.0,1e+20,0.0096120999999999,1e+20,12991,14,0.0130640659999999,0.4598001319999999,0.472866318,True,branched,,results/c0_prim_decomposition/raw/production-scip/real_08/production-scip__real_08__gcnn__seed0.branches.csv,gcnn,real_08,0.0,0.0130640659999999
14,29,14,134,1,2,t_m_0_2,m,0.0563333333333333,0.0563333333333333,-25.376459121704105,0.0,-25.376459121704105,-26.03328051495908,0.3831555793469054,-26.798810958862305,-25.376459121704105,0.0009346008300781,none,0.0,1e+20,0.0096120999999999,1e+20,13032,15,0.012762623,0.4443083629999999,0.4570729539999999,True,branched,,results/c0_prim_decomposition/raw/production-scip/real_08/production-scip__real_08__gcnn__seed0.branches.csv,gcnn,real_08,0.0,0.012762623
15,31,15,110,14,53,t_m_13_1,m,0.1012999999999995,0.1012999999999995,-25.32709503173828,0.0,-25.32709503173828,-25.99978119243275,0.3773402041033981,-26.818368911743164,-25.32709503173828,0.0235805511474609,none,0.0,1e+20,0.0096120999999999,1e+20,13071,16,0.012709259,0.36555102,0.378262523,True,branched,,results/c0_prim_decomposition/raw/production-scip/real_08/production-scip__real_08__gcnn__seed0.branches.csv,gcnn,real_08,0.0,0.012709259
16,33,16,113,24,84,t_m_21_0,m,0.2361052631578948,0.2361052631578948,-25.32408905029297,0.0,-25.32408905029297,-26.03899839283091,0.3544529029456584,-26.83014488220215,-25.32408905029297,0.1473560333251953,none,0.0,1e+20,0.0096120999999999,1e+20,13091,17,0.0130775119999999,0.4107899729999999,0.423869737,True,branched,,results/c0_prim_decomposition/raw/production-scip/real_08/production-scip__real_08__gcnn__seed0.branches.csv,gcnn,real_08,0.0,0.0130775119999999
17,35,17,118,35,142,t_z_16_20_3,z,0.6002,0.6002,-25.469165802001957,0.0,-25.469165802001957,-26.0745199332803,0.3427982225942885,-26.84070205688477,-25.469165802001957,0.0327033996582031,none,0.0,1e+20,0.0096120999999999,1e+20,13107,18,0.012802595,0.348158291,0.360963513,True,branched,,results/c0_prim_decomposition/raw/production-scip/real_08/production-scip__real_08__gcnn__seed0.branches.csv,gcnn,real_08,0.0,0.012802595
18,37,18,117,22,80,t_m_20_0,m,0.3997999999999999,0.3997999999999999,-25.518337249755856,0.0,-25.518337249755856,-26.0870785346398,0.3364982698566822,-26.844392776489254,-25.518337249755856,0.0057792663574218,none,0.0,1e+20,0.0096120999999999,1e+20,13108,19,0.012940325,0.456754504,0.469696677,True,branched,,results/c0_prim_decomposition/raw/production-scip/real_08/production-scip__real_08__gcnn__seed0.branches.csv,gcnn,real_08,0.0,0.012940325
19,39,19,119,14,46,t_m_11_2,m,0.0555555555555556,0.0555555555555556,-25.511518478393555,0.0,-25.511518478393555,-26.11839496388155,0.3397665115079693,-26.86195945739746,-25.511518478393555,0.0001697540283203,none,0.0,1e+20,0.0096120999999999,1e+20,13136,20,0.012869569,0.5193647719999999,0.53225982,True,branched,,results/c0_prim_decomposition/raw/production-scip/real_08/production-scip__real_08__gcnn__seed0.branches.csv,gcnn,real_08,0.0,0.012869569
20,41,20,114,16,64,t_m_16_0,m,0.3336666666666666,0.3336666666666666,-25.504005432128903,0.0,-25.504005432128903,-26.146453372219156,0.3213375654094256,-26.87384986877441,-25.504005432128903,0.0307331085205078,none,0.0,1e+20,0.0096120999999999,1e+20,13149,21,0.013039462,0.3878277929999999,0.4008695609999999,True,branched,,results/c0_prim_decomposition/raw/production-scip/real_08/production-scip__real_08__gcnn__seed0.branches.csv,gcnn,real_08,0.0,0.013039462
21,43,21,114,15,51,t_m_12_3,m,0.0020000000000001,0.0020000000000001,-25.61459350585937,0.0,-25.61459350585937,-26.1706765994691,0.328818529034085,-26.88424301147461,-25.61459350585937,0.0138053894042968,none,0.0,1e+20,0.0096120999999999,1e+20,13154,22,0.012631948,0.4812597929999999,0.493894416,True,branched,,results/c0_prim_decomposition/raw/production-scip/real_08/production-scip__real_08__gcnn__seed0.branches.csv,gcnn,real_08,0.0,0.012631948
22,44,22,104,11,50,t_m_12_2,m,0.001,0.001,-25.636796951293945,0.0,-25.636796951293945,-26.199712349818306,0.3170582518053765,-26.89706039428711,-25.636796951293945,0.0136871337890625,none,0.0,1e+20,0.0096120999999999,1e+20,13164,23,0.012857957,0.4537533369999999,0.466613151,True,branched,,results/c0_prim_decomposition/raw/production-scip/real_08/production-scip__real_08__gcnn__seed0.branches.csv,gcnn,real_08,0.0,0.012857957
23,46,23,101,21,121,t_z_18_15_0,z,0.999,0.999,-25.597387313842773,0.0,-25.597387313842773,-26.203961646202767,0.3192343765911213,-26.910484313964844,-25.597387313842773,0.0576400756835937,none,0.0,1e+20,0.0096120999999999,1e+20,13167,24,0.012730426,0.4673500389999999,0.480082545,True,branched,,results/c0_prim_decomposition/raw/production-scip/real_08/production-scip__real_08__gcnn__seed0.branches.csv,gcnn,real_08,0.0,0.012730426
24,49,24,99,11,49,t_m_12_1,m,0.001,0.001,-25.64784240722656,0.0,-25.64784240722656,-26.205628809302745,0.3154455584427574,-26.90487670898437,-25.64784240722656,0.0145473480224609,none,0.0,1e+20,0.0096120999999999,1e+20,13167,25,0.012658246,0.4416115769999999,0.454272281,True,branched,,results/c0_prim_decomposition/raw/production-scip/real_08/production-scip__real_08__gcnn__seed0.branches.csv,gcnn,real_08,0.0,0.012658246
25,51,25,94,0,4,t_m_1_0,m,0.001,0.001,-25.683244705200195,0.0,-25.683244705200195,-26.22652544873826,0.2968392217242569,-26.91769790649414,-25.683244705200195,0.0144367218017578,none,0.0,1e+20,0.0096120999999999,1e+20,13173,26,0.0129227519999999,0.444854586,0.4577793299999999,True,branched,,results/c0_prim_decomposition/raw/production-scip/real_08/production-scip__real_08__gcnn__seed0.branches.csv,gcnn,real_08,0.0,0.0129227519999999
26,53,26,89,2,38,t_m_9_2,m,0.25,0.25,-25.556856155395508,0.0,-25.556856155395508,-26.27569185749868,0.2807613643287945,-26.930896759033203,-25.556856155395508,0.0024852752685546,none,0.0,1e+20,0.0096120999999999,1e+20,13185,27,0.0131846629999999,0.4123998079999999,0.425586328,True,branched,,results/c0_prim_decomposition/raw/production-scip/real_08/production-scip__real_08__gcnn__seed0.branches.csv,gcnn,real_08,0.0,0.0131846629999999
27,55,27,95,4,60,t_m_15_0,m,0.0010000000000001,0.0010000000000001,-25.69778823852539,0.0,-25.69778823852539,-26.295086208142727,0.264144262435757,-26.944089889526367,-25.69778823852539,0.0166244506835937,none,0.0,1e+20,0.0096120999999999,1e+20,13200,28,0.012827652,0.4630007219999999,0.475830164,True,branched,,results/c0_prim_decomposition/raw/production-scip/real_08/production-scip__real_08__gcnn__seed0.branches.csv,gcnn,real_08,0.0,0.012827652
28,57,28,92,86,2052,t_z_112_321_2,z,0.9985,0.9985,-25.718299865722656,0.0,-25.718299865722656,-26.297986300095268,0.263166162406548,-26.952634811401367,-25.718299865722656,0.070892333984375,none,0.0,1e+20,0.0096120999999999,1e+20,13203,29,0.012726101,0.4643890569999999,0.4771172309999999,True,branched,,results/c0_prim_decomposition/raw/production-scip/real_08/production-scip__real_08__gcnn__seed0.branches.csv,gcnn,real_08,0.0,0.012726101
29,58,29,90,19,269,t_z_52_15_2,z,0.9989999999999998,0.9989999999999998,-25.78690719604492,0.0,-25.78690719604492,-26.30547277662489,0.2619846634603664,-26.961328506469727,-25.78690719604492,0.0455341339111328,none,0.0,1e+20,0.0096120999999999,1e+20,13206,30,0.012955789,0.479657643,0.492615681,True,branched,,results/c0_prim_decomposition/raw/production-scip/real_08/production-scip__real_08__gcnn__seed0.branches.csv,gcnn,real_08,0.0,0.012955789
30,61,30,85,22,407,t_z_88_6_3,z,0.998,0.998,-25.840850830078125,0.0,-25.840850830078125,-26.323668378942152,0.2605098541823086,-26.96976089477539,-25.840850830078125,0.0051212310791015,none,0.0,1e+20,0.0096120999999999,1e+20,13207,31,0.012628215,0.45254853,0.4651787119999999,True,branched,,results/c0_prim_decomposition/raw/production-scip/real_08/production-scip__real_08__gcnn__seed0.branches.csv,gcnn,real_08,0.0,0.012628215
31,63,31,83,49,1217,t_z_65_64_0,z,0.998,0.998,-25.855375289916992,0.0,-25.855375289916992,-26.338435621146697,0.2570741230907363,-26.978334426879883,-25.855375289916992,0.0061683654785156,none,0.0,1e+20,0.0096120999999999,1e+20,13209,32,0.0126774869999999,0.4654658649999999,0.478145225,True,branched,,results/c0_prim_decomposition/raw/production-scip/real_08/production-scip__real_08__gcnn__seed0.branches.csv,gcnn,real_08,0.0,0.0126774869999999
32,64,32,82,3,25,t_m_6_1,m,0.5,0.5,-25.874177932739254,0.0,-25.874177932739254,-26.350300719098342,0.2527751490650123,-26.98613739013672,-25.874177932739254,0.0027179718017578,none,0.0,1e+20,0.0096120999999999,1e+20,13210,33,0.012948293,0.429866866,0.4428170619999999,True,branched,,results/c0_prim_decomposition/raw/production-scip/real_08/production-scip__real_08__gcnn__seed0.branches.csv,gcnn,real_08,0.0,0.012948293
33,66,33,80,3,105,t_z_6_5_0,z,0.999,0.999,-25.88158798217773,0.0,-25.88158798217773,-26.36564130783081,0.24095634773117,-26.993881225585938,-25.88158798217773,0.0137691497802734,none,0.0,1e+20,0.0096120999999999,1e+20,13211,34,0.012951356,0.4799273519999999,0.4928807769999999,True,branched,,results/c0_prim_decomposition/raw/production-scip/real_08/production-scip__real_08__gcnn__seed0.branches.csv,gcnn,real_08,0.0,0.012951356
34,69,34,68,63,2037,t_z_321_238_2,z,0.998,0.998,-25.899133682250977,0.0,-25.899133682250977,-26.3997265030356,0.2422371901304321,-27.003559112548828,-25.899133682250977,0.0273113250732421,none,0.0,1e+20,0.0096120999999999,1e+20,13216,35,0.012853305,0.4535565269999999,0.466412049,True,branched,,results/c0_prim_decomposition/raw/production-scip/real_08/production-scip__real_08__gcnn__seed0.branches.csv,gcnn,real_08,0.0,0.012853305
35,71,35,62,57,2036,t_z_238_321_2,z,0.998,0.998,-25.781787872314453,0.0,-25.781787872314453,-26.40357328230335,0.2553004744323907,-27.01376724243164,-25.781787872314453,0.1551628112792968,none,0.0,1e+20,0.0096120999999999,1e+20,13223,36,0.012832458,0.467949865,0.48078408,True,branched,,results/c0_prim_decomposition/raw/production-scip/real_08/production-scip__real_08__gcnn__seed0.branches.csv,gcnn,real_08,0.0,0.012832458
36,72,36,61,3,140,t_z_16_20_2,z,0.5,0.5,-25.908138275146484,0.0,-25.908138275146484,-26.382166471637664,0.2444954382294536,-26.98465919494629,-25.908138275146484,0.0151500701904296,none,0.0,1e+20,0.0096120999999999,1e+20,13224,38,0.012783848,0.4502226149999999,0.463008589,True,branched,,results/c0_prim_decomposition/raw/production-scip/real_08/production-scip__real_08__gcnn__seed0.branches.csv,gcnn,real_08,0.0,0.012783848
37,74,37,60,22,639,t_z_112_7_3,z,0.999,0.999,-25.869626998901367,0.0,-25.869626998901367,-26.39329217274984,0.2391364805420582,-26.99245262145996,-25.869626998901367,0.0128154754638671,none,0.0,1e+20,0.0096120999999999,1e+20,13232,39,0.012911953,0.466105937,0.4790197079999999,True,branched,,results/c0_prim_decomposition/raw/production-scip/real_08/production-scip__real_08__gcnn__seed0.branches.csv,gcnn,real_08,0.0,0.012911953
38,77,38,57,0,74,t_m_18_2,m,0.5,0.5,-25.895545959472656,0.0,-25.895545959472656,-26.40367062886556,0.2299113302653912,-27.00271987915039,-25.895545959472656,0.0094413757324218,none,0.0,1e+20,0.0096120999999999,1e+20,13234,40,0.0127668009999999,0.466941743,0.4797101469999999,True,branched,,results/c0_prim_decomposition/raw/production-scip/real_08/production-scip__real_08__gcnn__seed0.branches.csv,gcnn,real_08,0.0,0.0127668009999999
39,78,39,58,20,636,t_z_7_112_2,z,0.999,0.999,-25.791116714477536,0.0,-25.791116714477536,-26.419687468430087,0.2392878076434394,-27.01325798034668,-25.791116714477536,0.117919921875,none,0.0,1e+20,0.0096120999999999,1e+20,13238,41,0.013140845,0.4913748259999999,0.504518138,True,branched,,results/c0_prim_decomposition/raw/production-scip/real_08/production-scip__real_08__gcnn__seed0.branches.csv,gcnn,real_08,0.0,0.013140845
40,81,40,77,8,106,t_z_5_6_1,z,0.3329999999999999,0.3329999999999999,-25.64032554626465,0.0,-25.64032554626465,-26.349579006046444,0.2992480609322551,-27.04191398620605,-25.64032554626465,0.0704307556152343,none,0.0,1e+20,0.0096120999999999,1e+20,13257,42,0.01295166,0.4825684069999999,0.4955220639999999,True,branched,,results/c0_prim_decomposition/raw/production-scip/real_08/production-scip__real_08__gcnn__seed0.branches.csv,gcnn,real_08,0.0,0.01295166
41,83,41,78,10,127,t_z_18_15_3,z,0.999,0.999,-25.800561904907227,0.0,-25.800561904907227,-26.422579349615635,0.2531516484881066,-27.05325508117676,-25.800561904907227,0.0663700103759765,none,0.0,1e+20,0.0096120999999999,1e+20,13268,43,0.01307171,0.357030715,0.3701048209999999,True,branched,,results/c0_prim_decomposition/raw/production-scip/real_08/production-scip__real_08__gcnn__seed0.branches.csv,gcnn,real_08,0.0,0.01307171
42,85,42,72,2,58,t_m_14_2,m,0.0020000000000001,0.0020000000000001,-25.874813079833984,0.0,-25.874813079833984,-26.44523400730557,0.241280194107501,-27.06005096435547,-25.874813079833984,0.0377159118652343,none,0.0,1e+20,0.0096120999999999,1e+20,13269,44,0.01320088,0.3709049409999999,0.3841077139999999,True,branched,,results/c0_prim_decomposition/raw/production-scip/real_08/production-scip__real_08__gcnn__seed0.branches.csv,gcnn,real_08,0.0,0.01320088
43,87,43,67,28,604,t_z_88_109_2,z,0.999,0.999,-25.9603328704834,0.0,-25.9603328704834,-26.484867779176625,0.2231931933284019,-27.07599258422852,-25.9603328704834,0.0080585479736328,none,0.0,1e+20,0.0096120999999999,1e+20,13278,45,0.013083141,0.471548626,0.484633674,True,branched,,results/c0_prim_decomposition/raw/production-scip/real_08/production-scip__real_08__gcnn__seed0.branches.csv,gcnn,real_08,0.0,0.013083141
44,89,44,66,58,2034,t_z_238_321_1,z,0.999,0.999,-25.97452545166016,0.0,-25.97452545166016,-26.498946999058575,0.2152624681223943,-27.08212661743164,-25.97452545166016,0.0771560668945312,none,0.0,1e+20,0.0096120999999999,1e+20,13278,46,0.013424136,0.372915643,0.3863417909999999,True,branched,,results/c0_prim_decomposition/raw/production-scip/real_08/production-scip__real_08__gcnn__seed0.branches.csv,gcnn,real_08,0.0,0.013424136
45,91,45,65,27,603,t_z_109_88_1,z,0.999,0.999,-26.05768394470215,0.0,-26.05768394470215,-26.513017742450415,0.2067725478951049,-27.088129043579105,-26.05768394470215,0.0769939422607421,none,0.0,1e+20,0.0096120999999999,1e+20,13278,47,0.013366611,0.4783490309999999,0.49171793,True,branched,,results/c0_prim_decomposition/raw/production-scip/real_08/production-scip__real_08__gcnn__seed0.branches.csv,gcnn,real_08,0.0,0.013366611
46,93,46,64,60,2055,t_z_321_112_3,z,0.999,0.999,-26.140050888061523,0.0,-26.140050888061523,-26.525434970855716,0.2003472297047497,-27.09349822998047,-26.140050888061523,0.0423202514648437,none,0.0,1e+20,0.0096120999999999,1e+20,13278,48,0.013619037,0.490219827,0.50384088,True,branched,,results/c0_prim_decomposition/raw/production-scip/real_08/production-scip__real_08__gcnn__seed0.branches.csv,gcnn,real_08,0.0,0.013619037
47,95,47,62,27,646,t_z_112_113_3,z,0.998,0.998,-26.088489532470703,0.0,-26.088489532470703,-26.540659196915165,0.2038194552522908,-27.10983085632324,-26.088489532470703,0.105377197265625,none,0.0,1e+20,0.0096120999999999,1e+20,13280,49,0.012968954,0.348839077,0.3618104879999999,True,branched,,results/c0_prim_decomposition/raw/production-scip/real_08/production-scip__real_08__gcnn__seed0.branches.csv,gcnn,real_08,0.0,0.012968954
48,97,48,60,6,179,t_z_32_11_1,z,0.999,0.999,-26.198898315429688,0.0,-26.198898315429688,-26.54975112279256,0.1969261280166601,-27.11484146118164,-26.198898315429688,0.03973388671875,none,0.0,1e+20,0.0096120999999999,1e+20,13280,50,0.013160642,0.490297421,0.503460404,True,branched,,results/c0_prim_decomposition/raw/production-scip/real_08/production-scip__real_08__gcnn__seed0.branches.csv,gcnn,real_08,0.0,0.013160642
49,99,49,59,10,299,t_z_56_44_1,z,0.0009999999999999,0.0009999999999999,-26.247398376464844,0.0,-26.247398376464844,-26.564470420449467,0.1931679286221627,-27.123607635498047,-26.247398376464844,0.00030517578125,none,0.0,1e+20,0.0096120999999999,1e+20,13280,51,0.0133150419999999,0.4613545299999999,0.4746716429999999,True,branched,,results/c0_prim_decomposition/raw/production-scip/real_08/production-scip__real_08__gcnn__seed0.branches.csv,gcnn,real_08,0.0,0.0133150419999999
50,101,50,58,57,2059,t_z_219_7_1,z,0.999,0.999,-26.265380859375,0.0,-26.265380859375,-26.58646550671808,0.1909423453184373,-27.141788482666016,-26.265380859375,0.0248565673828125,none,0.0,1e+20,0.0096120999999999,1e+20,13281,52,0.0127547089999999,0.4747593019999999,0.4875162399999999,True,branched,,results/c0_prim_decomposition/raw/production-scip/real_08/production-scip__real_08__gcnn__seed0.branches.csv,gcnn,real_08,0.0,0.0127547089999999
51,103,51,54,1,109,t_z_6_5_2,z,0.999,0.999,-26.30484962463379,0.0,-26.30484962463379,-26.613821736088507,0.1891462819971542,-27.15882682800293,-26.30484962463379,0.0009098052978515,none,0.0,1e+20,0.0096120999999999,1e+20,13282,53,0.012891547,0.4689805739999999,0.4818947399999999,True,branched,,results/c0_prim_decomposition/raw/production-scip/real_08/production-scip__real_08__gcnn__seed0.branches.csv,gcnn,real_08,0.0,0.012891547
52,105,52,49,5,401,t_z_88_6_0,z,0.999,0.999,-26.320783615112305,0.0,-26.320783615112305,-26.63051718108508,0.1886909583290895,-27.177490234375,-26.320783615112305,0.0092239379882812,none,0.0,1e+20,0.0096120999999999,1e+20,13289,54,0.012955357,0.484050472,0.4970076339999999,True,branched,,results/c0_prim_decomposition/raw/production-scip/real_08/production-scip__real_08__gcnn__seed0.branches.csv,gcnn,real_08,0.0,0.012955357
53,107,53,44,0,108,t_z_5_6_2,z,0.0009999999999998,0.0009999999999998,-26.342788696289062,0.0,-26.342788696289062,-26.65654724294489,0.1873016671431359,-27.19466781616211,-26.342788696289062,0.0159683227539062,none,0.0,1e+20,0.0096120999999999,1e+20,13292,55,0.013465598,0.4751833699999999,0.488650951,True,branched,,results/c0_prim_decomposition/raw/production-scip/real_08/production-scip__real_08__gcnn__seed0.branches.csv,gcnn,real_08,0.0,0.013465598
54,108,54,44,12,601,t_z_109_88_0,z,0.999,0.999,-26.316774368286133,0.0,-26.316774368286133,-26.62367209521207,0.1850009397224417,-27.15325927734375,-26.316774368286133,0.0201950073242187,none,0.0,1e+20,0.0096120999999999,1e+20,13310,57,0.012941144,0.4574487919999999,0.470392299,True,branched,,results/c0_prim_decomposition/raw/production-scip/real_08/production-scip__real_08__gcnn__seed0.branches.csv,gcnn,real_08,0.0,0.012941144
55,111,55,41,37,2033,t_z_321_238_0,z,0.999,0.999,-26.334379196166992,0.0,-26.334379196166992,-26.63256915022687,0.1842724480718032,-27.15066909790039,-26.334379196166992,0.0008258819580078,none,0.0,1e+20,0.0096120999999999,1e+20,13310,58,0.013057858,0.452684935,0.465744989,True,branched,,results/c0_prim_decomposition/raw/production-scip/real_08/production-scip__real_08__gcnn__seed0.branches.csv,gcnn,real_08,0.0,0.013057858
56,113,56,39,5,413,t_z_89_6_2,z,0.999,0.999,-26.335868835449215,0.0,-26.335868835449215,-26.6424365410438,0.1823087384463465,-27.151329040527344,-26.335868835449215,0.0108985900878906,none,0.0,1e+20,0.0096120999999999,1e+20,13310,59,0.013513763,0.4884812519999999,0.50199715,True,branched,,results/c0_prim_decomposition/raw/production-scip/real_08/production-scip__real_08__gcnn__seed0.branches.csv,gcnn,real_08,0.0,0.013513763
57,115,57,37,34,2038,t_z_238_321_3,z,0.999,0.999,-26.3563289642334,0.0,-26.3563289642334,-26.651517352542363,0.1770921837082897,-27.163537979125977,-26.3563289642334,0.0079517364501953,none,0.0,1e+20,0.0096120999999999,1e+20,13312,60,0.012902098,0.450832604,0.4637367709999999,True,branched,,results/c0_prim_decomposition/raw/production-scip/real_08/production-scip__real_08__gcnn__seed0.branches.csv,gcnn,real_08,0.0,0.012902098
58,117,58,36,20,1382,t_z_237_238_3,z,0.001,0.001,-25.396446228027344,0.0,-25.396446228027344,-26.630404737260605,0.2679769312837308,-27.1657829284668,-25.396446228027344,0.9834747314453124,none,0.0,1e+20,0.0096120999999999,1e+20,13312,61,0.012995243,0.4582643639999999,0.471261498,True,branched,,results/c0_prim_decomposition/raw/production-scip/real_08/production-scip__real_08__gcnn__seed0.branches.csv,gcnn,real_08,0.0,0.012995243
59,119,59,29,20,1383,t_z_238_237_3,z,0.998,0.998,-26.120819091796875,0.0,-26.120819091796875,-26.683982783350448,0.1976123286063721,-27.181018829345703,-26.120819091796875,0.2684307098388671,none,0.0,1e+20,0.0096120999999999,1e+20,13319,62,0.0128958219999999,0.388405263,0.401302727,True,branched,,results/c0_prim_decomposition/raw/production-scip/real_08/production-scip__real_08__gcnn__seed0.branches.csv,gcnn,real_08,0.0,0.0128958219999999
60,120,60,28,21,1387,t_z_239_238_1,z,0.9989999999999998,0.9989999999999998,-26.346153259277344,0.0,-26.346153259277344,-26.656225885663712,0.1693831717804928,-27.13545608520508,-26.346153259277344,0.0194072723388671,none,0.0,1e+20,0.0096120999999999,1e+20,13322,64,0.017548714,0.4047804059999999,0.4223309829999999,True,branched,,results/c0_prim_decomposition/raw/production-scip/real_08/production-scip__real_08__gcnn__seed0.branches.csv,gcnn,real_08,0.0,0.017548714
61,123,61,13,12,1403,t_z_241_240_1,z,0.999,0.999,-26.37409019470215,0.0,-26.37409019470215,-26.639239824735203,0.1851314431620612,-27.145456314086918,-26.37409019470215,0.0491237640380859,none,0.0,1e+20,0.0096120999999999,1e+20,13325,65,0.012938849,0.4680851469999999,0.481025619,True,branched,,results/c0_prim_decomposition/raw/production-scip/real_08/production-scip__real_08__gcnn__seed0.branches.csv,gcnn,real_08,0.0,0.012938849
62,125,62,8,3,412,t_z_6_89_2,z,0.001,0.001,-26.548583984375,0.0,-26.548583984375,-26.715694904327396,0.1919477040982367,-27.158868789672848,-26.548583984375,0.0172309875488281,none,0.0,1e+20,0.0096120999999999,1e+20,13328,66,0.013281993,0.422659066,0.435943468,True,branched,,results/c0_prim_decomposition/raw/production-scip/real_08/production-scip__real_08__gcnn__seed0.branches.csv,gcnn,real_08,0.0,0.013281993
63,126,63,7,6,429,t_z_91_90_2,z,0.999,0.999,-26.519706726074215,0.0,-26.519706726074215,-26.691620690482004,0.195742998625621,-27.115583419799805,-26.519706726074215,0.0039634704589843,none,0.0,1e+20,0.0096120999999999,1e+20,13336,68,0.013046481,0.361633019,0.374681445,True,branched,,results/c0_prim_decomposition/raw/production-scip/real_08/production-scip__real_08__gcnn__seed0.branches.csv,gcnn,real_08,0.0,0.013046481
0,1,0,180,135,739,t_z_59_2_1,z,0.999,0.999,-25.000328063964844,1.0,-24.500328063964844,-25.571889283921983,0.4478997762465496,-26.717779159545895,-24.733198165893555,0.0087451934814453,root_z,0.5,1e+20,0.0096120999999999,1e+20,12699,1,0.012638613,0.554496583,0.567306476,True,branched,,results/c0_prim_decomposition/raw/production-scip/real_08/production-scip__real_08__root-z-bias__seed0.branches.csv,root-z-bias,real_08,1.0,0.012638613
1,3,1,179,34,61,t_m_15_1,m,0.1295260674568624,0.1295260674568624,-24.669427871704105,0.0,-24.669427871704105,-25.49790085094601,0.4271556680877459,-26.678197860717773,-24.669427871704105,0.0072574615478515,root_z,0.5,1e+20,0.0096120999999999,1e+20,12702,2,0.0129509169999999,0.450583465,0.46353831,True,branched,,results/c0_prim_decomposition/raw/production-scip/real_08/production-scip__real_08__root-z-bias__seed0.branches.csv,root-z-bias,real_08,0.0,0.0129509169999999
2,5,2,183,39,80,t_m_20_0,m,0.2242353735762871,0.2242353735762871,-24.706418991088867,0.0,-24.706418991088867,-25.477286208522777,0.3995830638312447,-26.655012130737305,-24.706418991088867,0.0343379974365234,root_z,0.5,1e+20,0.0096120999999999,1e+20,12733,3,0.013077847,0.44015151,0.453233349,True,branched,,results/c0_prim_decomposition/raw/production-scip/real_08/production-scip__real_08__root-z-bias__seed0.branches.csv,root-z-bias,real_08,0.0,0.013077847
3,7,3,187,37,52,t_m_13_0,m,0.2448149961676943,0.2448149961676943,-24.76012420654297,0.0,-24.76012420654297,-25.54871929393095,0.4026129751663492,-26.641328811645508,-24.76012420654297,0.0096206665039062,root_z,0.5,1e+20,0.0096120999999999,1e+20,12773,4,0.0128687609999999,0.364826525,0.3776993659999999,True,branched,,results/c0_prim_decomposition/raw/production-scip/real_08/production-scip__real_08__root-z-bias__seed0.branches.csv,root-z-bias,real_08,0.0,0.0128687609999999
4,9,4,152,27,43,t_m_10_3,m,0.1963696369636964,0.1963696369636964,-24.796232223510746,0.0,-24.796232223510746,-25.566152986727264,0.392371146663015,-26.637870788574215,-24.796232223510746,0.0099906921386718,root_z,0.5,1e+20,0.0096120999999999,1e+20,12826,5,0.013132754,0.454050271,0.46718714,True,branched,,results/c0_prim_decomposition/raw/production-scip/real_08/production-scip__real_08__root-z-bias__seed0.branches.csv,root-z-bias,real_08,0.0,0.013132754
5,11,5,136,1,2,t_m_0_2,m,0.1666666666666666,0.1666666666666666,-24.8528995513916,0.0,-24.8528995513916,-25.61527881902807,0.372610250855781,-26.640781402587887,-24.8528995513916,0.0141487121582031,root_z,0.5,1e+20,0.0096120999999999,1e+20,12880,6,0.0127702059999999,0.451544053,0.464335052,True,branched,,results/c0_prim_decomposition/raw/production-scip/real_08/production-scip__real_08__root-z-bias__seed0.branches.csv,root-z-bias,real_08,0.0,0.0127702059999999
6,13,6,107,6,17,t_m_4_1,m,0.3333333333333333,0.3333333333333333,-24.98792839050293,0.0,-24.98792839050293,-25.650010884365187,0.3281679773923906,-26.64267349243164,-24.98792839050293,0.0013198852539062,root_z,0.5,1e+20,0.0096120999999999,1e+20,12902,7,0.012846671,0.446043209,0.458893633,True,branched,,results/c0_prim_decomposition/raw/production-scip/real_08/production-scip__real_08__root-z-bias__seed0.branches.csv,root-z-bias,real_08,0.0,0.012846671
7,15,7,108,6,28,t_m_7_0,m,0.001,0.001,-25.104204177856445,0.0,-25.104204177856445,-25.805564014999955,0.3267611535186102,-26.65592765808105,-25.104204177856445,0.0013141632080078,root_z,0.5,1e+20,0.0096120999999999,1e+20,12947,8,0.0126659289999999,0.466645448,0.4793150039999999,True,branched,,results/c0_prim_decomposition/raw/production-scip/real_08/production-scip__real_08__root-z-bias__seed0.branches.csv,root-z-bias,real_08,0.0,0.0126659289999999
8,17,8,113,8,37,t_m_9_1,m,0.1669999999999999,0.1669999999999999,-24.973073959350582,0.0,-24.973073959350582,-25.819966577850607,0.3448227503652882,-26.66033935546875,-24.973073959350582,0.0051631927490234,root_z,0.5,1e+20,0.0096120999999999,1e+20,12970,9,0.0127221309999999,0.4717931699999999,0.484519022,True,branched,,results/c0_prim_decomposition/raw/production-scip/real_08/production-scip__real_08__root-z-bias__seed0.branches.csv,root-z-bias,real_08,0.0,0.0127221309999999
9,19,9,112,6,24,t_m_6_0,m,0.001,0.001,-25.188535690307617,0.0,-25.188535690307617,-25.85538034779685,0.3276658383958903,-26.66020393371582,-25.188535690307617,0.0327053070068359,root_z,0.5,1e+20,0.0096120999999999,1e+20,12978,10,0.012586484,0.4816976199999999,0.494287591,True,branched,,results/c0_prim_decomposition/raw/production-scip/real_08/production-scip__real_08__root-z-bias__seed0.branches.csv,root-z-bias,real_08,0.0,0.012586484
10,21,10,128,0,4,t_m_1_0,m,0.1783111158736961,0.1783111158736961,-25.14242172241211,0.0,-25.14242172241211,-25.91991785168648,0.3487230109734149,-26.73262405395508,-25.14242172241211,0.0094985961914062,root_z,0.5,1e+20,0.0096120999999999,1e+20,13037,11,0.012429074,0.444575684,0.4570078309999999,True,branched,,results/c0_prim_decomposition/raw/production-scip/real_08/production-scip__real_08__root-z-bias__seed0.branches.csv,root-z-bias,real_08,0.0,0.012429074
11,23,11,119,11,79,t_m_19_3,m,0.001,0.001,-25.354597091674805,0.0,-25.354597091674805,-26.015314855495426,0.3023334970491918,-26.749645233154297,-25.354597091674805,0.0050544738769531,root_z,0.5,1e+20,0.0096120999999999,1e+20,13064,12,0.012945732,0.4227396629999999,0.4357085499999999,True,branched,,results/c0_prim_decomposition/raw/production-scip/real_08/production-scip__real_08__root-z-bias__seed0.branches.csv,root-z-bias,real_08,0.0,0.012945732
12,25,12,140,6,46,t_m_11_2,m,0.2502499999999999,0.2502499999999999,-25.294187545776367,0.0,-25.294187545776367,-26.019788237980435,0.3055136622205776,-26.768341064453125,-25.294187545776367,0.0003948211669921,root_z,0.5,1e+20,0.0096120999999999,1e+20,13095,13,0.012743051,0.469080096,0.4818475039999999,True,branched,,results/c0_prim_decomposition/raw/production-scip/real_08/production-scip__real_08__root-z-bias__seed0.branches.csv,root-z-bias,real_08,0.0,0.012743051
13,27,13,148,12,75,t_m_18_3,m,0.2502500000000003,0.2502500000000003,-25.281776428222656,0.0,-25.281776428222656,-26.052353059923327,0.2989270699465284,-26.750421524047848,-25.281776428222656,0.0001029968261718,root_z,0.5,1e+20,0.0096120999999999,1e+20,13119,14,0.012728723,0.443095401,0.45582821,True,branched,,results/c0_prim_decomposition/raw/production-scip/real_08/production-scip__real_08__root-z-bias__seed0.branches.csv,root-z-bias,real_08,0.0,0.012728723
0,1,0,180,40,81,t_m_20_1,m,0.1300668475532212,0.1300668475532212,-24.741943359375,0.3000000119209289,-24.591943740844727,-25.571889283921983,0.4478997762465496,-26.717779159545895,-24.733198165893555,0.0087451934814453,topology,0.5,1e+20,0.0096120999999999,1e+20,12699,1,0.013098823,0.559071261,0.579150291,True,branched,,results/c0_prim_decomposition/raw/production-scip/real_08/production-scip__real_08__topology-only__seed0.branches.csv,topology-only,real_08,0.3000000119209289,0.013098823
1,2,1,185,38,63,t_m_15_3,m,0.1432401511583267,0.1432401511583267,-24.67365264892578,0.3000000119209289,-24.523653030395508,-25.515334000458587,0.4318518923652704,-26.684776306152344,-24.666793823242188,0.0068588256835937,topology,0.5,1e+20,0.0096120999999999,1e+20,12717,2,0.013082704,0.485761155,0.505814713,True,branched,,results/c0_prim_decomposition/raw/production-scip/real_08/production-scip__real_08__topology-only__seed0.branches.csv,topology-only,real_08,0.3000000119209289,0.013082704
2,4,2,168,44,83,t_m_20_3,m,0.1527839392061823,0.1527839392061823,-24.68156242370605,0.3000000119209289,-24.53156280517578,-25.436762707574022,0.3742031096191312,-26.645174026489254,-24.667018890380856,0.0121707916259765,topology,0.5,1e+20,0.0096120999999999,1e+20,12726,3,0.013067561,0.348827651,0.3688710949999999,True,branched,,results/c0_prim_decomposition/raw/production-scip/real_08/production-scip__real_08__topology-only__seed0.branches.csv,topology-only,real_08,0.3000000119209289,0.013067561
3,6,3,184,73,149,t_z_23_16_2,z,0.1603358859694675,0.1603358859694675,-25.10493469238281,1.0,-24.60493469238281,-25.447794914245605,0.3697816256889536,-26.416038513183597,-24.685752868652344,0.0001106262207031,topology,0.5,1e+20,0.0096120999999999,1e+20,12741,4,0.0136106549999999,0.4718186349999999,0.492304782,True,branched,,results/c0_prim_decomposition/raw/production-scip/real_08/production-scip__real_08__topology-only__seed0.branches.csv,topology-only,real_08,1.0,0.0136106549999999
4,8,4,184,67,137,t_z_20_16_0,z,0.1745363252336222,0.1745363252336222,-25.120689392089844,1.0,-24.620689392089844,-25.45323013222736,0.3636117063191595,-26.396045684814453,-24.70834350585937,0.0013294219970703,topology,0.5,1e+20,0.0096120999999999,1e+20,12744,5,0.013759945,0.402086315,0.422737909,True,branched,,results/c0_prim_decomposition/raw/production-scip/real_08/production-scip__real_08__topology-only__seed0.branches.csv,topology-only,real_08,1.0,0.013759945
5,10,5,178,42,75,t_m_18_3,m,0.170169868065769,0.170169868065769,-24.743484497070312,0.3000000119209289,-24.59348487854004,-25.48137334759316,0.3529704894593388,-26.314247131347656,-24.743484497070312,0.0338344573974609,topology,0.5,1e+20,0.0096120999999999,1e+20,12759,6,0.012930557,0.415303682,0.435170842,True,branched,,results/c0_prim_decomposition/raw/production-scip/real_08/production-scip__real_08__topology-only__seed0.branches.csv,topology-only,real_08,0.3000000119209289,0.012930557
6,12,6,183,33,59,t_m_14_3,m,0.1660000000000003,0.1660000000000003,-24.772600173950195,0.0,-24.772600173950195,-25.530899881665167,0.3545323307368707,-26.375560760498047,-24.772600173950195,0.0128364562988281,topology,0.5,1e+20,0.0096120999999999,1e+20,12772,7,0.0129738419999999,0.4759949119999999,0.4958694439999999,True,branched,,results/c0_prim_decomposition/raw/production-scip/real_08/production-scip__real_08__topology-only__seed0.branches.csv,topology-only,real_08,0.0,0.0129738419999999
7,14,7,185,79,207,t_z_38_15_3,z,0.1075378753981661,0.1075378753981661,-25.29512405395508,1.0,-24.79512405395508,-25.56581712671228,0.3550842278872579,-26.38885307312012,-24.835174560546875,0.0092411041259765,topology,0.5,1e+20,0.0096120999999999,1e+20,12783,8,0.0132320979999999,0.45249485,0.4727019599999999,True,branched,,results/c0_prim_decomposition/raw/production-scip/real_08/production-scip__real_08__topology-only__seed0.branches.csv,topology-only,real_08,1.0,0.0132320979999999
8,16,8,185,82,221,t_z_41_16_2,z,0.001,0.001,-25.3158016204834,1.0,-24.8158016204834,-25.58631173211175,0.350574833277403,-26.410158157348636,-24.866941452026367,0.0078372955322265,topology,0.5,1e+20,0.0096120999999999,1e+20,12785,9,0.01288546,0.41694386,0.436746766,True,branched,,results/c0_prim_decomposition/raw/production-scip/real_08/production-scip__real_08__topology-only__seed0.branches.csv,topology-only,real_08,1.0,0.01288546
9,18,9,184,91,287,t_z_54_16_3,z,0.0005000000000001,0.0005000000000001,-25.391986846923828,1.0,-24.891986846923828,-25.60901783860248,0.3472718762569918,-26.431814193725582,-24.898622512817383,0.0065937042236328,topology,0.5,1e+20,0.0096120999999999,1e+20,12786,10,0.013047857,0.43630003,0.456270605,True,branched,,results/c0_prim_decomposition/raw/production-scip/real_08/production-scip__real_08__topology-only__seed0.branches.csv,topology-only,real_08,1.0,0.013047857
10,19,9,182,92,287,t_z_54_16_3,z,0.001,0.001,-25.40714836120605,1.0,-24.90714836120605,-25.636101586478095,0.3442341720905248,-26.458053588867188,-24.93798446655273,0.0053977966308593,topology,0.5,1e+20,0.0096120999999999,1e+20,12791,11,0.017447526,0.4751396569999999,0.4994397469999999,True,branched,,results/c0_prim_decomposition/raw/production-scip/real_08/production-scip__real_08__topology-only__seed0.branches.csv,topology-only,real_08,1.0,0.017447526
11,23,10,182,81,217,t_z_41_16_0,z,0.4885124999999946,0.4885124999999946,-25.441431045532227,1.0,-24.941431045532227,-25.738894986582327,0.3492709376829359,-26.646509170532227,-25.057422637939453,0.0027217864990234,topology,0.5,1e+20,0.0096120999999999,1e+20,12815,12,0.012459905,0.4926490969999999,0.512078887,True,branched,,results/c0_prim_decomposition/raw/production-scip/real_08/production-scip__real_08__topology-only__seed0.branches.csv,topology-only,real_08,1.0,0.012459905
12,25,11,180,76,195,t_z_35_16_1,z,0.3663525641025638,0.3663525641025638,-25.56123924255371,1.0,-25.06123924255371,-25.763413016001383,0.3491499748420809,-26.65868759155273,-25.082143783569336,0.0018844604492187,topology,0.5,1e+20,0.0096120999999999,1e+20,12825,13,0.012950905,0.5368931949999999,0.5567829119999999,True,branched,,results/c0_prim_decomposition/raw/production-scip/real_08/production-scip__real_08__topology-only__seed0.branches.csv,topology-only,real_08,1.0,0.012950905
13,27,12,179,67,138,t_z_16_20_1,z,0.3663525641025638,0.3663525641025638,-25.409988403320312,1.0,-24.909988403320312,-25.777845222856744,0.3454589071950464,-26.66465759277344,-25.102884292602536,0.0010566711425781,topology,0.5,1e+20,0.0096120999999999,1e+20,12827,14,0.0130845389999999,0.49342563,0.513365878,True,branched,,results/c0_prim_decomposition/raw/production-scip/real_08/production-scip__real_08__topology-only__seed0.branches.csv,topology-only,real_08,1.0,0.0130845389999999
14,29,13,178,63,121,t_z_18_15_0,z,0.4610769230769231,0.4610769230769231,-25.57309341430664,1.0,-25.07309341430664,-25.791601856103103,0.3416211729108998,-26.66903686523437,-25.122783660888672,0.0003490447998046,topology,0.5,1e+20,0.0096120999999999,1e+20,12828,15,0.0132582199999999,0.493209102,0.5133700549999999,True,branched,,results/c0_prim_decomposition/raw/production-scip/real_08/production-scip__real_08__topology-only__seed0.branches.csv,topology-only,real_08,1.0,0.0132582199999999
15,31,14,187,54,110,t_z_5_6_3,z,0.3038598381321869,0.3038598381321869,-25.624771118164062,1.0,-25.124771118164062,-25.88818503191127,0.3570601108666627,-26.65968513488769,-25.21013069152832,0.0521259307861328,topology,0.5,1e+20,0.0096120999999999,1e+20,12885,16,0.012808084,0.417946969,0.4376940429999999,True,branched,,results/c0_prim_decomposition/raw/production-scip/real_08/production-scip__real_08__topology-only__seed0.branches.csv,topology-only,real_08,1.0,0.012808084
16,33,15,171,3,5,t_m_1_1,m,0.2687526857249494,0.2687526857249494,-25.288543701171875,0.3000000119209289,-25.1385440826416,-25.926440155296994,0.3717500908275756,-26.763900756835938,-25.20618438720703,0.0244731903076171,topology,0.5,1e+20,0.0096120999999999,1e+20,12916,17,0.012967901,0.524229056,0.5440995739999999,True,branched,,results/c0_prim_decomposition/raw/production-scip/real_08/production-scip__real_08__topology-only__seed0.branches.csv,topology-only,real_08,0.3000000119209289,0.012967901
17,35,16,145,20,45,t_m_11_1,m,0.0936979166666666,0.0936979166666666,-25.352052688598636,0.3000000119209289,-25.20205307006836,-25.94637831326189,0.3294305475355556,-26.754758834838867,-25.286138534545895,0.0026779174804687,topology,0.5,1e+20,0.0096120999999999,1e+20,12990,18,0.013244772,0.454487397,0.474572229,True,branched,,results/c0_prim_decomposition/raw/production-scip/real_08/production-scip__real_08__topology-only__seed0.branches.csv,topology-only,real_08,0.3000000119209289,0.013244772
18,37,17,145,12,28,t_m_7_0,m,0.0624374999999999,0.0624374999999999,-25.405614852905277,0.3000000119209289,-25.255615234375,-25.994461651506096,0.3284061684925305,-26.68146705627441,-25.326141357421875,0.0066127777099609,topology,0.5,1e+20,0.0096120999999999,1e+20,13035,19,0.012891657,0.526502154,0.546315336,True,branched,,results/c0_prim_decomposition/raw/production-scip/real_08/production-scip__real_08__topology-only__seed0.branches.csv,topology-only,real_08,0.3000000119209289,0.012891657
19,39,18,123,38,127,t_z_18_15_3,z,0.356952380952381,0.356952380952381,-25.74657440185547,1.0,-25.24657440185547,-26.028228372093135,0.3344872733820297,-26.733190536499023,-25.363914489746094,0.0018157958984375,topology,0.5,1e+20,0.0096120999999999,1e+20,13070,20,0.012768355,0.515915988,0.535476177,True,branched,,results/c0_prim_decomposition/raw/production-scip/real_08/production-scip__real_08__topology-only__seed0.branches.csv,topology-only,real_08,1.0,0.012768355
20,41,19,115,2,8,t_m_2_0,m,0.2495,0.2495,-25.450098037719727,0.3000000119209289,-25.300098419189453,-26.10950174746306,0.3312274550602999,-26.74474334716797,-25.43002700805664,0.0112228393554687,topology,0.5,1e+20,0.0096120999999999,1e+20,13128,21,0.0132557679999999,0.465201313,0.4853821689999999,True,branched,,results/c0_prim_decomposition/raw/production-scip/real_08/production-scip__real_08__topology-only__seed0.branches.csv,topology-only,real_08,0.3000000119209289,0.0132557679999999
21,43,20,126,4,24,t_m_6_0,m,0.4995,0.4995,-25.693389892578125,0.3000000119209289,-25.543390274047848,-26.22944012899248,0.3697278001902422,-27.00711441040039,-25.42255973815918,0.1817989349365234,topology,0.5,1e+20,0.0096120999999999,1e+20,13164,22,0.0135257309999999,0.4931913139999999,0.5135530959999999,True,branched,,results/c0_prim_decomposition/raw/production-scip/real_08/production-scip__real_08__topology-only__seed0.branches.csv,topology-only,real_08,0.3000000119209289,0.0135257309999999
22,45,21,123,0,0,t_m_0_0,m,0.002,0.002,-25.62258720397949,0.0,-25.62258720397949,-26.244437334014147,0.3656751160641997,-27.007469177246094,-25.40990447998047,0.2126827239990234,topology,0.5,1e+20,0.0096120999999999,1e+20,13166,23,0.0130335339999999,0.4910996819999999,0.511014772,True,branched,,results/c0_prim_decomposition/raw/production-scip/real_08/production-scip__real_08__topology-only__seed0.branches.csv,topology-only,real_08,0.0,0.0130335339999999
23,47,22,115,10,60,t_m_15_0,m,0.0015,0.0015,-25.635595321655277,0.3000000119209289,-25.485595703125,-26.213587885317597,0.325764482840159,-26.885772705078125,-25.466176986694336,0.1666584014892578,topology,0.5,1e+20,0.0096120999999999,1e+20,13202,24,0.013090073,0.531644728,0.5515941589999999,True,branched,,results/c0_prim_decomposition/raw/production-scip/real_08/production-scip__real_08__topology-only__seed0.branches.csv,topology-only,real_08,0.3000000119209289,0.013090073
24,49,23,122,14,73,t_m_18_1,m,0.0029999999999997,0.0029999999999997,-25.663057327270508,0.0,-25.663057327270508,-26.234185781635222,0.309736813260874,-26.84625816345215,-25.52255630493164,0.1405010223388671,topology,0.5,1e+20,0.0096120999999999,1e+20,13228,25,0.0126332719999999,0.5040441049999999,0.523473788,True,branched,,results/c0_prim_decomposition/raw/production-scip/real_08/production-scip__real_08__topology-only__seed0.branches.csv,topology-only,real_08,0.0,0.0126332719999999
25,50,24,119,10,77,t_m_19_1,m,0.001,0.001,-25.695411682128903,0.0,-25.695411682128903,-26.273469267773027,0.3069971965909158,-26.839006423950195,-25.536487579345703,0.1589241027832031,topology,0.5,1e+20,0.0096120999999999,1e+20,13241,26,0.012623165,0.398809367,0.418271274,True,branched,,results/c0_prim_decomposition/raw/production-scip/real_08/production-scip__real_08__topology-only__seed0.branches.csv,topology-only,real_08,0.0,0.012623165
26,52,25,121,8,65,t_m_16_1,m,0.0010000000000001,0.0010000000000001,-25.714223861694336,0.3000000119209289,-25.564224243164062,-26.28520938778712,0.3045905163621712,-26.85616874694824,-25.547021865844727,0.1672019958496093,topology,0.5,1e+20,0.0096120999999999,1e+20,13245,27,0.012680311,0.519275824,0.538771526,True,branched,,results/c0_prim_decomposition/raw/production-scip/real_08/production-scip__real_08__topology-only__seed0.branches.csv,topology-only,real_08,0.3000000119209289,0.012680311
27,54,26,115,8,57,t_m_14_1,m,0.0010000000000001,0.0010000000000001,-25.73505973815918,0.0,-25.73505973815918,-26.282839418494184,0.3023041149522817,-26.868492126464844,-25.55846405029297,0.1765956878662109,topology,0.5,1e+20,0.0096120999999999,1e+20,13247,28,0.012675748,0.479628916,0.4991872399999999,True,branched,,results/c0_prim_decomposition/raw/production-scip/real_08/production-scip__real_08__topology-only__seed0.branches.csv,topology-only,real_08,0.0,0.012675748
28,57,27,106,12,85,t_m_21_1,m,0.0013333333333334,0.0013333333333334,-25.757593154907227,0.0,-25.757593154907227,-26.289739194905984,0.2986212095389378,-26.879476547241207,-25.539743423461918,0.2178497314453125,topology,0.5,1e+20,0.0096120999999999,1e+20,13256,29,0.012802186,0.534573221,0.554350016,True,branched,,results/c0_prim_decomposition/raw/production-scip/real_08/production-scip__real_08__topology-only__seed0.branches.csv,topology-only,real_08,0.0,0.012802186
29,59,28,111,6,48,t_m_12_0,m,0.0033333333333336,0.0033333333333336,-25.771015167236328,0.0,-25.771015167236328,-26.29180547353384,0.2950306398745737,-26.896736145019528,-25.54669570922852,0.2243194580078125,topology,0.5,1e+20,0.0096120999999999,1e+20,13271,30,0.0126951289999999,0.48879084,0.508143976,True,branched,,results/c0_prim_decomposition/raw/production-scip/real_08/production-scip__real_08__topology-only__seed0.branches.csv,topology-only,real_08,0.0,0.0126951289999999
30,60,29,111,12,76,t_m_19_0,m,0.0013333333333334,0.0013333333333334,-25.784740447998047,0.0,-25.784740447998047,-26.29853951394021,0.2874159563476532,-26.887205123901367,-25.587608337402344,0.1971321105957031,topology,0.5,1e+20,0.0096120999999999,1e+20,13279,31,0.012683206,0.449088692,0.468563862,True,branched,,results/c0_prim_decomposition/raw/production-scip/real_08/production-scip__real_08__topology-only__seed0.branches.csv,topology-only,real_08,0.0,0.012683206
31,63,30,110,12,71,t_m_17_3,m,0.001,0.001,-25.806060791015625,0.0,-25.806060791015625,-26.312813533436167,0.2907133834744023,-26.92613220214844,-25.62067604064941,0.1853847503662109,topology,0.5,1e+20,0.0096120999999999,1e+20,13289,32,0.012631652,0.504311288,0.5237338799999999,True,branched,,results/c0_prim_decomposition/raw/production-scip/real_08/production-scip__real_08__topology-only__seed0.branches.csv,topology-only,real_08,0.0,0.012631652
32,64,31,111,30,299,t_z_56_44_1,z,0.001,0.001,-26.18424415588379,1.0,-25.68424415588379,-26.33897860415347,0.3019360106596975,-26.95099258422852,-25.630231857299805,0.2000026702880859,topology,0.5,1e+20,0.0096120999999999,1e+20,13297,33,0.012534782,0.5206115559999999,0.5399939409999999,True,branched,,results/c0_prim_decomposition/raw/production-scip/real_08/production-scip__real_08__topology-only__seed0.branches.csv,topology-only,real_08,1.0,0.012534782
33,67,32,110,8,51,t_m_12_3,m,0.004666666666667,0.004666666666667,-25.842269897460938,0.0,-25.842269897460938,-26.34656358198686,0.3024636212496058,-26.957443237304688,-25.637544631958008,0.2047252655029296,topology,0.5,1e+20,0.0096120999999999,1e+20,13299,34,0.012630706,0.487714338,0.507157924,True,branched,,results/c0_prim_decomposition/raw/production-scip/real_08/production-scip__real_08__topology-only__seed0.branches.csv,topology-only,real_08,0.0,0.012630706
34,68,33,108,10,69,t_m_17_1,m,0.001,0.001,-25.855653762817383,0.0,-25.855653762817383,-26.360545017101146,0.2956148214191328,-26.916133880615234,-25.633888244628903,0.2217655181884765,topology,0.5,1e+20,0.0096120999999999,1e+20,13306,35,0.0127984339999999,0.522581641,0.542150569,True,branched,,results/c0_prim_decomposition/raw/production-scip/real_08/production-scip__real_08__topology-only__seed0.branches.csv,topology-only,real_08,0.0,0.0127984339999999
35,71,34,106,3,22,t_m_5_2,m,0.0003333333333335,0.0003333333333335,-25.92194175720215,0.3000000119209289,-25.771942138671875,-26.465500147837517,0.3046323267410637,-27.045001983642575,-25.631580352783203,0.2057361602783203,topology,0.5,1e+20,0.0096120999999999,1e+20,13350,36,0.012699472,0.5142701109999999,0.5337573359999999,True,branched,,results/c0_prim_decomposition/raw/production-scip/real_08/production-scip__real_08__topology-only__seed0.branches.csv,topology-only,real_08,0.3000000119209289,0.012699472
36,73,35,94,6,52,t_m_13_0,m,0.2503333333333335,0.2503333333333335,-25.758134841918945,0.0,-25.758134841918945,-26.39130988019578,0.280616655721719,-26.977479934692383,-25.646324157714844,0.1118106842041015,topology,0.5,1e+20,0.0096120999999999,1e+20,13377,37,0.012567528,0.5118004339999999,0.531190444,True,branched,,results/c0_prim_decomposition/raw/production-scip/real_08/production-scip__real_08__topology-only__seed0.branches.csv,topology-only,real_08,0.0,0.012567528
37,75,36,96,2,32,t_m_8_0,m,0.2516666666666667,0.2516666666666667,-25.79024124145508,0.0,-25.79024124145508,-26.41190032164256,0.2790554630058202,-27.007051467895508,-25.655614852905277,0.1346263885498046,topology,0.5,1e+20,0.0096120999999999,1e+20,13387,38,0.0126830139999999,0.518239615,0.5377825579999999,True,branched,,results/c0_prim_decomposition/raw/production-scip/real_08/production-scip__real_08__topology-only__seed0.branches.csv,topology-only,real_08,0.0,0.0126830139999999
38,77,37,98,6,95,t_z_2_1_3,z,0.9986666666666664,0.9986666666666664,-25.66157531738281,-0.5,-25.91157531738281,-26.44796912524165,0.2762156018928555,-27.06088638305664,-25.66157531738281,0.1835746765136718,topology,0.5,1e+20,0.0096120999999999,1e+20,13413,39,0.012867669,0.5057449649999999,0.525389259,True,branched,,results/c0_prim_decomposition/raw/production-scip/real_08/production-scip__real_08__topology-only__seed0.branches.csv,topology-only,real_08,-0.5,0.012867669
39,79,38,97,0,13,t_m_3_1,m,0.0013333333333334,0.0013333333333334,-25.961713790893555,0.0,-25.961713790893555,-26.462337670866976,0.2658161083234863,-27.067840576171875,-25.845230102539062,0.0715236663818359,topology,0.5,1e+20,0.0096120999999999,1e+20,13414,40,0.012638517,0.5197784979999999,0.539284654,True,branched,,results/c0_prim_decomposition/raw/production-scip/real_08/production-scip__real_08__topology-only__seed0.branches.csv,topology-only,real_08,0.0,0.012638517
40,81,39,88,1,41,t_m_10_1,m,0.25,0.25,-25.82467269897461,0.0,-25.82467269897461,-26.49183112924749,0.2608244038725187,-27.06649780273437,-25.823291778564453,0.0013809204101562,topology,0.5,1e+20,0.0096120999999999,1e+20,13421,41,0.012641438,0.523014642,0.5424522259999999,True,branched,,results/c0_prim_decomposition/raw/production-scip/real_08/production-scip__real_08__topology-only__seed0.branches.csv,topology-only,real_08,0.0,0.012641438
41,83,40,91,2,72,t_m_18_0,m,0.001,0.001,-25.99570083618164,0.3000000119209289,-25.845701217651367,-26.515614624861836,0.2545620201491878,-27.037860870361328,-25.83724594116211,0.1285572052001953,topology,0.5,1e+20,0.0096120999999999,1e+20,13442,42,0.011859865,0.5020633989999999,0.5207148919999999,True,branched,,results/c0_prim_decomposition/raw/production-scip/real_08/production-scip__real_08__topology-only__seed0.branches.csv,topology-only,real_08,0.3000000119209289,0.011859865
42,85,41,91,0,49,t_m_12_1,m,0.001,0.001,-26.034505844116207,0.0,-26.034505844116207,-26.542370345566297,0.2479957095615094,-27.06849670410156,-25.839921951293945,0.1338787078857421,topology,0.5,1e+20,0.0096120999999999,1e+20,13463,43,0.012728921,0.52915655,0.548643015,True,branched,,results/c0_prim_decomposition/raw/production-scip/real_08/production-scip__real_08__topology-only__seed0.branches.csv,topology-only,real_08,0.0,0.012728921
43,87,42,90,87,2063,t_z_219_7_3,z,0.004,0.004,-26.561737060546875,1.0,-26.061737060546875,-26.558079931471084,0.2410027960360114,-27.0692138671875,-25.84139442443848,0.1370525360107421,topology,0.5,1e+20,0.0096120999999999,1e+20,13467,44,0.0127066249999999,0.5120746219999999,0.531572793,True,branched,,results/c0_prim_decomposition/raw/production-scip/real_08/production-scip__real_08__topology-only__seed0.branches.csv,topology-only,real_08,1.0,0.0127066249999999
44,88,43,89,38,639,t_z_112_7_3,z,0.996,0.996,-25.856830596923828,-0.5,-26.106830596923828,-26.560744789209256,0.2418415521942044,-27.072343826293945,-25.856830596923828,0.121490478515625,topology,0.5,1e+20,0.0096120999999999,1e+20,13468,45,0.012562958,0.50276143,0.52209201,True,branched,,results/c0_prim_decomposition/raw/production-scip/real_08/production-scip__real_08__topology-only__seed0.branches.csv,topology-only,real_08,-0.5,0.012562958
45,91,44,89,16,401,t_z_88_6_0,z,0.5,0.5,-26.6212100982666,1.0,-26.1212100982666,-26.563812448737327,0.2399838519167232,-27.075328826904297,-25.91933250427246,0.0585498809814453,topology,0.5,1e+20,0.0096120999999999,1e+20,13469,46,0.012721944,0.4168625249999999,0.4364209279999999,True,branched,,results/c0_prim_decomposition/raw/production-scip/real_08/production-scip__real_08__topology-only__seed0.branches.csv,topology-only,real_08,1.0,0.012721944
46,93,45,68,29,647,t_z_113_112_3,z,0.997,0.997,-25.930744171142575,-0.5,-26.180744171142575,-26.555267502279843,0.2731168745240109,-27.087703704833984,-25.930744171142575,0.057037353515625,topology,0.5,1e+20,0.0096120999999999,1e+20,13478,47,0.012704559,0.4623941899999999,0.4818362889999999,True,branched,,results/c0_prim_decomposition/raw/production-scip/real_08/production-scip__real_08__topology-only__seed0.branches.csv,topology-only,real_08,-0.5,0.012704559
47,95,46,67,1,146,t_z_16_23_1,z,0.998,0.998,-26.000864028930664,-0.5,-26.250864028930664,-26.576888269452905,0.2649526215269915,-27.102767944335938,-26.000864028930664,0.0138969421386718,topology,0.5,1e+20,0.0096120999999999,1e+20,13479,48,0.0128981589999999,0.453011571,0.4726758389999999,True,branched,,results/c0_prim_decomposition/raw/production-scip/real_08/production-scip__real_08__topology-only__seed0.branches.csv,topology-only,real_08,-0.5,0.0128981589999999
48,97,47,66,60,2038,t_z_238_321_3,z,0.998,0.998,-26.02029800415039,-0.5,-26.27029800415039,-26.591152826944988,0.2572158032608252,-27.10830307006836,-26.02029800415039,0.0537605285644531,topology,0.5,1e+20,0.0096120999999999,1e+20,13479,49,0.012486292,0.298839379,0.3180572899999999,True,branched,,results/c0_prim_decomposition/raw/production-scip/real_08/production-scip__real_08__topology-only__seed0.branches.csv,topology-only,real_08,-0.5,0.012486292
49,99,48,64,42,1220,t_z_64_65_2,z,0.999,0.999,-26.087446212768555,-0.5,-26.337446212768555,-26.61486157774925,0.2499367194615436,-27.12057113647461,-26.087446212768555,0.0363101959228515,topology,0.5,1e+20,0.0096120999999999,1e+20,13480,50,0.012709931,0.397328355,0.416803529,True,branched,,results/c0_prim_decomposition/raw/production-scip/real_08/production-scip__real_08__topology-only__seed0.branches.csv,topology-only,real_08,-0.5,0.012709931
50,101,49,62,37,1173,t_z_213_212_2,z,0.999,0.999,-26.132143020629883,-0.5,-26.382143020629883,-26.63065233538228,0.2455329198927198,-27.128955841064453,-26.132143020629883,0.0056114196777343,topology,0.5,1e+20,0.0096120999999999,1e+20,13480,51,0.012671949,0.446133318,0.465682474,True,branched,,results/c0_prim_decomposition/raw/production-scip/real_08/production-scip__real_08__topology-only__seed0.branches.csv,topology-only,real_08,-0.5,0.012671949
51,103,50,61,20,600,t_z_88_109_0,z,0.999,0.999,-26.145479202270508,-0.5,-26.395479202270508,-26.64754117121462,0.2391469832149198,-27.137722015380856,-26.145479202270508,0.0035400390625,topology,0.5,1e+20,0.0096120999999999,1e+20,13480,52,0.012640672,0.432302196,0.451812274,True,branched,,results/c0_prim_decomposition/raw/production-scip/real_08/production-scip__real_08__topology-only__seed0.branches.csv,topology-only,real_08,-0.5,0.012640672
0,1,0,180,135,739,t_z_59_2_1,z,0.999,0.999,-25.000328063964844,1.0,-24.500328063964844,-25.571889283921983,0.4478997762465496,-26.717779159545895,-24.733198165893555,0.0087451934814453,z,0.5,1e+20,0.0096120999999999,1e+20,12699,1,0.013588414,0.5754265429999998,0.589166678,True,branched,,results/c0_prim_decomposition/raw/production-scip/real_08/production-scip__real_08__z-bias__seed0.branches.csv,z-bias,real_08,1.0,0.013588414
1,3,1,179,44,91,t_z_2_1_1,z,0.998,0.998,-24.98984146118164,1.0,-24.48984146118164,-25.49790085094601,0.4271556680877459,-26.678197860717773,-24.669427871704105,0.0072574615478515,z,0.5,1e+20,0.0096120999999999,1e+20,12702,2,0.013148185,0.5293581149999999,0.542664758,True,branched,,results/c0_prim_decomposition/raw/production-scip/real_08/production-scip__real_08__z-bias__seed0.branches.csv,z-bias,real_08,1.0,0.013148185
2,5,2,178,133,737,t_z_59_2_0,z,0.999,0.999,-25.04114151000977,1.0,-24.54114151000977,-25.48493772142389,0.4200881453481233,-26.64229393005371,-24.675701141357425,0.0073165893554687,z,0.5,1e+20,0.0096120999999999,1e+20,12704,3,0.018968042,0.529557547,0.548678898,True,branched,,results/c0_prim_decomposition/raw/production-scip/real_08/production-scip__real_08__z-bias__seed0.branches.csv,z-bias,real_08,1.0,0.018968042
3,7,3,177,57,137,t_z_20_16_0,z,0.1249999999999998,0.1249999999999998,-25.094736099243164,1.0,-24.594736099243164,-25.48173053116448,0.4141457562325743,-26.61201858520508,-24.688127517700195,0.0073795318603515,z,0.5,1e+20,0.0096120999999999,1e+20,12706,4,0.012676957,0.444684968,0.4575144629999999,True,branched,,results/c0_prim_decomposition/raw/production-scip/real_08/production-scip__real_08__z-bias__seed0.branches.csv,z-bias,real_08,1.0,0.012676957
4,9,4,188,94,301,t_z_56_44_2,z,0.167066436652093,0.167066436652093,-25.123321533203125,1.0,-24.623321533203125,-25.474509492833565,0.4344628894153689,-26.59499168395996,-24.73450469970703,0.0014152526855468,z,0.5,1e+20,0.0096120999999999,1e+20,12728,5,0.013723981,0.48038773,0.494279658,True,branched,,results/c0_prim_decomposition/raw/production-scip/real_08/production-scip__real_08__z-bias__seed0.branches.csv,z-bias,real_08,1.0,0.013723981
5,11,5,187,50,89,t_z_2_1_0,z,0.998,0.998,-25.134353637695312,1.0,-24.634353637695312,-25.488337093496067,0.4279072379805591,-26.577959060668945,-24.76177215576172,0.0027370452880859,z,0.5,1e+20,0.0096120999999999,1e+20,12734,6,0.013453424,0.305423881,0.319034749,True,branched,,results/c0_prim_decomposition/raw/production-scip/real_08/production-scip__real_08__z-bias__seed0.branches.csv,z-bias,real_08,1.0,0.013453424
6,13,6,186,69,147,t_z_23_16_1,z,0.1847096395420265,0.1847096395420265,-25.137744903564453,1.0,-24.637744903564453,-25.510365506654143,0.4224717286460655,-26.57081413269043,-24.793737411499023,0.0034351348876953,z,0.5,1e+20,0.0096120999999999,1e+20,12735,7,0.012985579,0.480343874,0.4934873659999999,True,branched,,results/c0_prim_decomposition/raw/production-scip/real_08/production-scip__real_08__z-bias__seed0.branches.csv,z-bias,real_08,1.0,0.012985579
7,15,7,184,68,149,t_z_23_16_2,z,0.1668984036880163,0.1668984036880163,-25.14481735229492,1.0,-24.64481735229492,-25.53907296968543,0.4147984267378942,-26.569799423217773,-24.826322555541992,0.0044593811035156,z,0.5,1e+20,0.0096120999999999,1e+20,12747,8,0.013475264,0.349976871,0.363608531,True,branched,,results/c0_prim_decomposition/raw/production-scip/real_08/production-scip__real_08__z-bias__seed0.branches.csv,z-bias,real_08,1.0,0.013475264
8,17,8,186,54,95,t_z_2_1_3,z,0.8422348001306657,0.8422348001306657,-25.19892883300781,1.0,-24.69892883300781,-25.584286997395175,0.4167042614607804,-26.59182548522949,-24.866708755493164,0.0058155059814453,z,0.5,1e+20,0.0096120999999999,1e+20,12768,9,0.013291531,0.431973467,0.4454249479999999,True,branched,,results/c0_prim_decomposition/raw/production-scip/real_08/production-scip__real_08__z-bias__seed0.branches.csv,z-bias,real_08,1.0,0.013291531
9,19,9,162,66,177,t_z_32_11_0,z,0.1570724278962936,0.1570724278962936,-25.26178741455078,1.0,-24.76178741455078,-25.55559851799482,0.3621736423539292,-26.593334197998047,-24.900346755981445,0.0046977996826171,z,0.5,1e+20,0.0096120999999999,1e+20,12771,10,0.012707535,0.4669333709999999,0.479781932,True,branched,,results/c0_prim_decomposition/raw/production-scip/real_08/production-scip__real_08__z-bias__seed0.branches.csv,z-bias,real_08,1.0,0.012707535
10,21,10,184,55,106,t_z_5_6_1,z,0.1674698014242874,0.1674698014242874,-25.32434463500977,1.0,-24.82434463500977,-25.71116538669752,0.3939851061910026,-26.63321876525879,-25.01121711730957,0.0103034973144531,z,0.5,1e+20,0.0096120999999999,1e+20,12805,11,0.012833456,0.3516702689999999,0.364658472,True,branched,,results/c0_prim_decomposition/raw/production-scip/real_08/production-scip__real_08__z-bias__seed0.branches.csv,z-bias,real_08,1.0,0.012833456
11,23,11,182,69,142,t_z_16_20_3,z,0.3976442339227176,0.3976442339227176,-25.414798736572266,1.0,-24.914798736572266,-25.755235703436885,0.4033281669249583,-26.642349243164062,-25.099056243896484,0.0087203979492187,z,0.5,1e+20,0.0096120999999999,1e+20,12814,12,0.013052634,0.5345003219999999,0.54771618,True,branched,,results/c0_prim_decomposition/raw/production-scip/real_08/production-scip__real_08__z-bias__seed0.branches.csv,z-bias,real_08,1.0,0.013052634
12,25,12,181,68,140,t_z_16_20_2,z,0.457384103910111,0.457384103910111,-25.447048187255856,1.0,-24.947048187255856,-25.773948743198456,0.3996612193474051,-26.645139694213867,-25.12384796142578,0.0070648193359375,z,0.5,1e+20,0.0096120999999999,1e+20,12815,13,0.0127591289999999,0.4228491589999999,0.435759661,True,branched,,results/c0_prim_decomposition/raw/production-scip/real_08/production-scip__real_08__z-bias__seed0.branches.csv,z-bias,real_08,1.0,0.0127591289999999
13,26,13,178,51,93,t_z_2_1_2,z,0.2090967054483921,0.2090967054483921,-25.34333610534668,1.0,-24.84333610534668,-25.77460751908549,0.3799851860668534,-26.6475772857666,-25.156307220458984,0.0089111328125,z,0.5,1e+20,0.0096120999999999,1e+20,12819,14,0.013791615,0.3526383759999999,0.366585932,True,branched,,results/c0_prim_decomposition/raw/production-scip/real_08/production-scip__real_08__z-bias__seed0.branches.csv,z-bias,real_08,1.0,0.013791615
14,28,14,178,77,207,t_z_38_15_3,z,0.2225430333346707,0.2225430333346707,-25.41294479370117,1.0,-24.91294479370117,-25.7881243523587,0.3757902467800226,-26.650812149047848,-25.175619125366207,0.0091915130615234,z,0.5,1e+20,0.0096120999999999,1e+20,12820,15,0.012748733,0.4749765919999999,0.487879659,True,branched,,results/c0_prim_decomposition/raw/production-scip/real_08/production-scip__real_08__z-bias__seed0.branches.csv,z-bias,real_08,1.0,0.012748733
15,31,15,177,65,138,t_z_16_20_1,z,0.3012329672720435,0.3012329672720435,-25.44917869567871,1.0,-24.94917869567871,-25.80550303701627,0.372427529727967,-26.65670394897461,-25.195850372314453,0.0094509124755859,z,0.5,1e+20,0.0096120999999999,1e+20,12823,16,0.013026901,0.528977338,0.542158613,True,branched,,results/c0_prim_decomposition/raw/production-scip/real_08/production-scip__real_08__z-bias__seed0.branches.csv,z-bias,real_08,1.0,0.013026901
16,33,16,176,51,92,t_z_1_2_2,z,0.2090967054483924,0.2090967054483924,-25.459247589111328,1.0,-24.959247589111328,-25.82026694037697,0.3695283196025932,-26.662553787231445,-25.2138671875,0.0090065002441406,z,0.5,1e+20,0.0096120999999999,1e+20,12824,17,0.012969099,0.421255115,0.43437425,True,branched,,results/c0_prim_decomposition/raw/production-scip/real_08/production-scip__real_08__z-bias__seed0.branches.csv,z-bias,real_08,1.0,0.012969099
