instance_id,method,depth,n_decisions,q_std_mean,q_std_median,margin_mean,lambda_prim_over_qstd_mean,prim_dominates_q_frac,frac_z,frac_m,frac_y,extract_s_mean,infer_s_mean,select_s_mean
real_01,full-prim,0,2,2.392349173287255,2.392349173287255,0.0038013458251953004,0.2937017023119706,0.0,1.0,0.0,0.0,0.021442215499999952,0.7031869174999998,0.732345147
real_01,full-prim,1,2,1.9868985026427353,1.9868985026427353,0.025973320007324198,0.3005370331055737,0.0,1.0,0.0,0.0,0.0208515755,0.6812023745,0.7096913460000001
real_01,full-prim,2,2,1.9797150955686624,1.9797150955686624,0.026219367980957,0.30203724892660694,0.0,1.0,0.0,0.0,0.0211678725,0.6813164604999999,0.7102428544999999
real_01,full-prim,3,2,1.975486972238754,1.975486972238754,0.0259742736816406,0.3033153770033464,0.0,1.0,0.0,0.0,0.021114697499999953,0.6867495384999999,0.7155254219999999
real_01,full-prim,4,2,1.971746139288938,1.971746139288938,0.0258989334106445,0.3048414843252852,0.0,1.0,0.0,0.0,0.020906747500000003,0.6898581019999999,0.7185605619999998
real_01,full-prim,5,2,1.9736732323697743,1.9736732323697743,0.022216796874999948,0.3067379787041365,0.0,1.0,0.0,0.0,0.0212818614999999,0.6823710409999999,0.7113311784999999
real_01,full-prim,6,2,1.9680961313401917,1.9680961313401917,0.0221757888793945,0.30867793131345395,0.0,1.0,0.0,0.0,0.021178478499999903,0.6745303645,0.7034091479999999
real_01,full-prim,7,2,1.9624979911447873,1.9624979911447873,0.030697822570800698,0.31080431559254185,0.0,1.0,0.0,0.0,0.0209297299999999,0.6736179925000001,0.7021127265
real_01,full-prim,8,2,1.9566471809711397,1.9566471809711397,0.031120300292968698,0.3129864995044903,0.0,1.0,0.0,0.0,0.02091098999999995,0.677789121,0.7064196745
real_01,full-prim,9,2,1.9470490835552186,1.9470490835552186,0.029849052429199198,0.31619654942622594,0.0,1.0,0.0,0.0,0.020951426999999953,0.6729900209999999,0.7016799169999999
real_01,full-prim,10,2,2.851389072227117,2.851389072227117,0.0223045349121093,0.1810203027240079,0.0,1.0,0.0,0.0,0.020833202000000002,0.67966824,0.7082585305
real_01,full-prim,11,2,2.8347762200450104,2.8347762200450104,0.028056144714355448,0.1819408964214947,0.0,1.0,0.0,0.0,0.02076170199999995,0.6779362055,0.7063319559999999
real_01,full-prim,12,1,3.3561825970588672,3.3561825970588672,0.0266342163085937,0.14897878334693898,0.0,1.0,0.0,0.0,0.018110496,0.669253474,0.694882964
real_01,full-prim,13,1,3.392952690987453,3.392952690987453,0.0248908996582031,0.1473642710457259,0.0,1.0,0.0,0.0,0.018101998,0.667368666,0.69300042
real_01,gcnn,0,2,2.392349173287255,2.392349173287255,0.0038013458251953004,0.0,0.0,1.0,0.0,0.0,0.0194947045,0.6581301609999999,0.6776291064999999
real_01,gcnn,1,2,2.0158861393574465,2.0158861393574465,0.05670070648193355,0.0,0.0,1.0,0.0,0.0,0.0203484995,0.635728077,0.656080392
real_01,gcnn,2,2,2.011921439699014,2.011921439699014,0.0115108489990234,0.0,0.0,1.0,0.0,0.0,0.02033398649999995,0.6450018195,0.665339791
real_01,gcnn,3,2,2.0130288562203345,2.0130288562203345,0.01387882232666015,0.0,0.0,1.0,0.0,0.0,0.0207050144999999,0.6444805275,0.665189874
real_01,gcnn,4,2,2.0203198539902343,2.0203198539902343,0.0186786651611328,0.0,0.0,1.0,0.0,0.0,0.0202058255,0.6338314775,0.6540413199999999
real_01,gcnn,5,2,2.0139916238494036,2.0139916238494036,0.031636238098144503,0.0,0.0,1.0,0.0,0.0,0.020093968499999948,0.6410196375,0.6611178630000001
real_01,gcnn,6,2,2.0084480533594435,2.0084480533594435,0.00538349151611325,0.0,0.0,1.0,0.0,0.0,0.020246473499999897,0.621509198,0.6417597504999999
real_01,gcnn,7,2,2.0025774277884416,2.0025774277884416,0.0059976577758789,0.0,0.0,1.0,0.0,0.0,0.0202851675,0.62190974,0.6421991025
real_01,gcnn,8,2,1.9959267680512136,1.9959267680512136,0.0114641189575195,0.0,0.0,1.0,0.0,0.0,0.019977153,0.6467334849999999,0.6667146275
real_01,gcnn,9,2,1.9905803086963894,1.9905803086963894,0.001957893371582,0.0,0.0,1.0,0.0,0.0,0.02002943549999995,0.6417877094999999,0.6618212259999998
real_01,gcnn,10,2,3.1956936216041028,3.1956936216041028,0.04669380187988275,0.0,0.0,1.0,0.0,0.0,0.01940629249999995,0.6513619719999999,0.6707731865
real_01,gcnn,11,2,3.1889368833984824,3.1889368833984824,0.008005142211914019,0.0,0.0,1.0,0.0,0.0,0.0202471624999999,0.642413488,0.6626648109999999
real_01,gcnn,12,2,3.1849504436240714,3.1849504436240714,0.0035400390624999497,0.0,0.0,1.0,0.0,0.0,0.02026171999999995,0.6210530055000001,0.6413191014999999
real_01,gcnn,13,2,3.1303032935354795,3.1303032935354795,0.0519933700561523,0.0,0.0,1.0,0.0,0.0,0.02027498749999995,0.645013053,0.6652927544999998
real_01,gcnn,14,2,3.1258429975015867,3.1258429975015867,0.038656234741210896,0.0,0.0,1.0,0.0,0.0,0.0203696225,0.6119901914999999,0.6323639635
real_01,gcnn,15,2,3.1213361394336756,3.1213361394336756,0.04299640655517575,0.0,0.0,1.0,0.0,0.0,0.020201881,0.6485628164999999,0.6687691464999999
real_01,gcnn,16,2,3.085562846780815,3.085562846780815,0.01362419128417965,0.0,0.0,1.0,0.0,0.0,0.02029214,0.636925763,0.6572221865
real_01,gcnn,17,2,3.162998947027808,3.162998947027808,0.02770423889160155,0.0,0.0,1.0,0.0,0.0,0.02044278799999995,0.6345425975000001,0.6549898579999999
real_01,gcnn,18,2,3.1544660848398625,3.1544660848398625,0.08423042297363276,0.0,0.0,1.0,0.0,0.0,0.02022095249999995,0.6455230139999999,0.6657481405000001
real_01,gcnn,19,2,3.197659577193524,3.197659577193524,0.02288341522216795,0.0,0.0,1.0,0.0,0.0,0.02028237749999995,0.640682671,0.660969019
real_01,gcnn,20,3,3.2644468361327132,3.289518963319072,0.05024528503417963,0.0,0.0,1.0,0.0,0.0,0.01965690633333333,0.6431647396666667,0.6628258256666667
real_01,gcnn,21,3,3.2684843906095757,3.291499233854273,0.05155626932779947,0.0,0.0,1.0,0.0,0.0,0.01970569999999997,0.6455906086666666,0.6653005033333332
real_01,gcnn,22,3,3.227952634201577,3.1581918399922686,0.0270010630289713,0.0,0.0,1.0,0.0,0.0,0.019852333333333336,0.6453830316666668,0.6652398213333334
real_01,gcnn,23,4,3.2839390542515527,3.326042239704081,0.01364278793334955,0.0,0.0,1.0,0.0,0.0,0.01931521075,0.6548875237499999,0.674206848
real_01,gcnn,24,5,3.4012527007057662,3.5131830152962262,0.0678829193115234,0.0,0.0,1.0,0.0,0.0,0.01952194279999998,0.6688159814,0.6883420335999999
real_01,gcnn,25,5,3.38698367673294,3.5134370918852524,0.04832077026367182,0.0,0.0,1.0,0.0,0.0,0.01924756539999996,0.6610041549999999,0.6802559236000001
real_01,gcnn,26,6,3.4923874981959515,3.671331692638148,0.0277318954467773,0.0,0.0,1.0,0.0,0.0,0.019298658333333284,0.6711166475,0.690419357
real_01,gcnn,27,6,3.634263768195062,3.890380031031761,0.0671895345052083,0.0,0.0,1.0,0.0,0.0,0.01922760149999997,0.6702578376666666,0.6894893591666666
real_01,gcnn,28,7,3.655732936213891,3.8463248065389815,0.025584357125418487,0.0,0.0,1.0,0.0,0.0,0.019240436428571397,0.6751237798571429,0.6943682694285714
real_01,gcnn,29,8,3.677457747948103,3.8478250974632573,0.0354542732238769,0.0,0.0,1.0,0.0,0.0,0.01921806874999999,0.6743009094999999,0.693523182625
real_01,gcnn,30,8,3.6447168192466743,3.79586046128872,0.050661802291870076,0.0,0.0,1.0,0.0,0.0,0.018887403749999962,0.67398965225,0.692881084375
real_01,gcnn,31,8,3.658143470086375,3.9133569388411313,0.055322408676147426,0.0,0.0,1.0,0.0,0.0,0.01886711349999995,0.6687246577499999,0.687595877625
real_01,gcnn,32,8,3.6597623328684943,3.909695750203926,0.022157430648803652,0.0,0.0,1.0,0.0,0.0,0.01875663837499996,0.665993277,0.684754131625
real_01,gcnn,33,7,3.613842443499466,3.956339766852396,0.046025412423270066,0.0,0.0,1.0,0.0,0.0,0.018985950714285698,0.6651253014285714,0.6841154862857142
real_01,gcnn,34,6,3.5579142594252366,3.8537642495772535,0.03679211934407548,0.0,0.0,1.0,0.0,0.0,0.01893532333333328,0.6664655926666666,0.6854049276666666
real_01,gcnn,35,5,3.501465756842385,3.9430743370935426,0.03552360534667964,0.0,0.0,1.0,0.0,0.0,0.019129944599999983,0.6628460485999998,0.6819802979999999
real_01,gcnn,36,4,3.3810440423897927,3.652085251654845,0.019748210906982373,0.0,0.0,1.0,0.0,0.0,0.01924231125,0.64488053475,0.6641268985000001
real_01,gcnn,37,3,3.3734025986138416,3.9280398187533585,0.08695920308430982,0.0,0.0,1.0,0.0,0.0,0.019505650666666634,0.6527872253333333,0.6722967249999999
real_01,gcnn,38,2,3.08948468744311,3.08948468744311,0.0160551071166992,0.0,0.0,1.0,0.0,0.0,0.02060759749999995,0.644418559,0.665030564
real_01,gcnn,39,2,3.103387701473454,3.103387701473454,0.0237274169921875,0.0,0.0,1.0,0.0,0.0,0.02031126499999995,0.6417055229999999,0.6620212609999999
real_01,gcnn,40,2,3.1533093163094597,3.1533093163094597,0.01183891296386715,0.0,0.0,1.0,0.0,0.0,0.019965125,0.6524194615,0.6723884689999999
real_01,gcnn,41,2,3.1521123427454807,3.1521123427454807,0.014132499694824151,0.0,0.0,1.0,0.0,0.0,0.020424346000000003,0.6435233255,0.6639520145
real_01,gcnn,42,2,3.1532331025735374,3.1532331025735374,0.06267261505126945,0.0,0.0,1.0,0.0,0.0,0.020123428999999998,0.657471704,0.6775996175
real_01,gcnn,43,2,3.151878111337572,3.151878111337572,0.033792495727539,0.0,0.0,1.0,0.0,0.0,0.02014301349999995,0.6555934405,0.675740909
real_01,gcnn,44,2,3.152740235883848,3.152740235883848,0.01411151885986325,0.0,0.0,1.0,0.0,0.0,0.020107467499999948,0.6435244514999999,0.663636055
real_01,gcnn,45,2,3.1213981282375607,3.1213981282375607,0.07895183563232415,0.0,0.0,1.0,0.0,0.0,0.0203237385,0.6295447024999999,0.6498730509999999
real_01,gcnn,46,2,3.1228748565907636,3.1228748565907636,0.03648567199707025,0.0,0.0,1.0,0.0,0.0,0.020233308,0.6509293764999999,0.6711669345
real_01,gcnn,47,2,3.126443459834145,3.126443459834145,0.0406646728515625,0.0,0.0,1.0,0.0,0.0,0.0203281884999999,0.6116184139999999,0.6319513935
real_01,gcnn,48,2,3.103611066718534,3.103611066718534,0.0676631927490234,0.0,0.0,1.0,0.0,0.0,0.020172218,0.6442689005,0.6644450665
real_01,gcnn,49,2,3.1064102818321233,3.1064102818321233,0.1030349731445312,0.0,0.0,1.0,0.0,0.0,0.020032923,0.6272618034999999,0.6472990715
real_01,gcnn,50,2,3.082478092476989,3.082478092476989,0.03144741058349605,0.0,0.0,1.0,0.0,0.0,0.02017250599999995,0.6499096704999999,0.6700867045000001
real_01,gcnn,51,2,3.0840917805328525,3.0840917805328525,0.01826190948486325,0.0,0.0,1.0,0.0,0.0,0.01995812299999995,0.6524995624999999,0.6724626309999999
real_01,gcnn,52,2,3.0857782720757942,3.0857782720757942,0.019918441772460847,0.0,0.0,1.0,0.0,0.0,0.020319134000000003,0.6499619699999999,0.6702856739999999
real_01,gcnn,53,2,3.0816865652365975,3.0816865652365975,0.20122623443603516,0.0,0.0,1.0,0.0,0.0,0.02058454999999995,0.6394943234999999,0.6600833779999999
real_01,gcnn,54,2,3.042320045063219,3.042320045063219,0.06318569183349605,0.0,0.0,1.0,0.0,0.0,0.02056045149999995,0.6522186750000001,0.6727834909999999
real_01,gcnn,55,2,3.052841485935416,3.052841485935416,0.01943969726562495,0.0,0.0,1.0,0.0,0.0,0.020725171499999903,0.6132521799999999,0.6339817765
real_01,gcnn,56,2,3.0589885264794656,3.0589885264794656,0.11407756805419914,0.0,0.0,1.0,0.0,0.0,0.0206085995,0.6563181764999999,0.676930985
real_01,gcnn,57,2,3.0569928430794686,3.0569928430794686,0.00532722473144525,0.0,0.0,1.0,0.0,0.0,0.020772368499999902,0.649719205,0.6704961064999999
real_01,gcnn,58,2,3.058979737041139,3.058979737041139,0.07040023803710936,0.0,0.0,1.0,0.0,0.0,0.020541700500000003,0.6168265495,0.6373724385
real_01,gcnn,59,2,3.062544252417852,3.062544252417852,0.1100072860717773,0.0,0.0,1.0,0.0,0.0,0.020484692999999998,0.6535570664999999,0.6740463704999999
real_01,gcnn,60,2,3.0670300693778407,3.0670300693778407,0.0030965805053710504,0.0,0.0,1.0,0.0,0.0,0.020283882500000003,0.630390138,0.6506785009999998
real_01,gcnn,61,2,3.075298245610079,3.075298245610079,0.00577735900878905,0.0,0.0,1.0,0.0,0.0,0.020392379999999953,0.6446894615,0.665086273
real_01,gcnn,62,1,3.65911532821885,3.65911532821885,0.0188980102539062,0.0,0.0,1.0,0.0,0.0,0.017840265,0.664181322,0.68202556
real_01,gcnn,63,1,3.6650069365676665,3.6650069365676665,0.0018386840820312,0.0,0.0,1.0,0.0,0.0,0.0177174179999999,0.6689523889999999,0.686673676
real_01,root-z-bias,0,2,2.392349173287255,2.392349173287255,0.0038013458251953004,0.2937017023119706,0.0,1.0,0.0,0.0,0.02216337449999995,0.7119501309999999,0.734553885
real_01,root-z-bias,1,2,2.0158861393574465,2.0158861393574465,0.05670070648193355,0.0,0.0,1.0,0.0,0.0,0.0211632649999999,0.6792515655,0.7004198985000001
real_01,root-z-bias,2,2,2.011921439699014,2.011921439699014,0.0115108489990234,0.0,0.0,1.0,0.0,0.0,0.02140745599999995,0.6688702885,0.6902833805
real_01,root-z-bias,3,2,2.0130288562203345,2.0130288562203345,0.01387882232666015,0.0,0.0,1.0,0.0,0.0,0.02149790149999995,0.651530986,0.673034095
real_01,root-z-bias,4,2,2.0203198539902343,2.0203198539902343,0.0186786651611328,0.0,0.0,1.0,0.0,0.0,0.02138595949999995,0.628935401,0.6503265019999999
real_01,root-z-bias,5,2,2.0139916238494036,2.0139916238494036,0.031636238098144503,0.0,0.0,1.0,0.0,0.0,0.0212810135,0.6554093424999998,0.6766958544999999
real_01,root-z-bias,6,2,2.0084480533594435,2.0084480533594435,0.00538349151611325,0.0,0.0,1.0,0.0,0.0,0.0212719915,0.673960529,0.6952380165
real_01,root-z-bias,7,2,2.0025774277884416,2.0025774277884416,0.0059976577758789,0.0,0.0,1.0,0.0,0.0,0.02152992499999995,0.6022135980000001,0.6237487019999999
real_01,root-z-bias,8,2,1.9959267680512136,1.9959267680512136,0.0114641189575195,0.0,0.0,1.0,0.0,0.0,0.0213762499999999,0.6449591395,0.6663409459999999
real_01,root-z-bias,9,2,1.9905803086963894,1.9905803086963894,0.001957893371582,0.0,0.0,1.0,0.0,0.0,0.02154512599999995,0.6391039235,0.6606540475
real_01,root-z-bias,10,2,3.1956936216041028,3.1956936216041028,0.04669380187988275,0.0,0.0,1.0,0.0,0.0,0.02137638249999995,0.6096703769999999,0.6310523905000001
real_01,root-z-bias,11,2,3.1889368833984824,3.1889368833984824,0.008005142211914019,0.0,0.0,1.0,0.0,0.0,0.021865970499999998,0.6517324059999999,0.6736038095
real_01,root-z-bias,12,2,3.1849504436240714,3.1849504436240714,0.0035400390624999497,0.0,0.0,1.0,0.0,0.0,0.02147313749999995,0.6545025079999999,0.6759811455
real_01,root-z-bias,13,2,3.1303032935354795,3.1303032935354795,0.0519933700561523,0.0,0.0,1.0,0.0,0.0,0.0216055815,0.6493259899999999,0.6709367705
real_01,root-z-bias,14,2,3.1258429975015867,3.1258429975015867,0.038656234741210896,0.0,0.0,1.0,0.0,0.0,0.022088501499999948,0.6692709275,0.6913647624999999
real_01,root-z-bias,15,2,3.1213361394336756,3.1213361394336756,0.04299640655517575,0.0,0.0,1.0,0.0,0.0,0.02131772399999995,0.6607461264999999,0.6820694005000001
real_01,root-z-bias,16,2,3.085562846780815,3.085562846780815,0.01362419128417965,0.0,0.0,1.0,0.0,0.0,0.021636376,0.6839494545,0.705591249
real_01,root-z-bias,17,2,3.162998947027808,3.162998947027808,0.02770423889160155,0.0,0.0,1.0,0.0,0.0,0.02123892299999995,0.6770297750000001,0.6982739984999999
real_01,root-z-bias,18,2,3.1544660848398625,3.1544660848398625,0.08423042297363276,0.0,0.0,1.0,0.0,0.0,0.021069551,0.643524005,0.6645987275
real_01,root-z-bias,19,2,3.197659577193524,3.197659577193524,0.02288341522216795,0.0,0.0,1.0,0.0,0.0,0.021469521,0.6784918545,0.6999667055000001
real_01,root-z-bias,20,3,3.2644468361327132,3.289518963319072,0.05024528503417963,0.0,0.0,1.0,0.0,0.0,0.020677588666666632,0.6167200846666666,0.637402614
real_01,root-z-bias,21,3,3.2684843906095757,3.291499233854273,0.05155626932779947,0.0,0.0,1.0,0.0,0.0,0.0207735173333333,0.6390562383333334,0.6598344596666665
real_01,root-z-bias,22,3,3.227952634201577,3.1581918399922686,0.0270010630289713,0.0,0.0,1.0,0.0,0.0,0.020595767666666667,0.6223085893333332,0.6429096919999999
real_01,root-z-bias,23,4,3.2839390542515527,3.326042239704081,0.01364278793334955,0.0,0.0,1.0,0.0,0.0,0.02017162274999995,0.64471221775,0.6648885995
real_01,root-z-bias,24,5,3.4012527007057662,3.5131830152962262,0.0678829193115234,0.0,0.0,1.0,0.0,0.0,0.019855982599999978,0.616394171,0.6362551353999999
real_01,root-z-bias,25,5,3.38698367673294,3.5134370918852524,0.04832077026367182,0.0,0.0,1.0,0.0,0.0,0.019764834599999958,0.6002838613999999,0.620053497
real_01,root-z-bias,26,6,3.4923874981959515,3.671331692638148,0.0277318954467773,0.0,0.0,1.0,0.0,0.0,0.01983332316666665,0.6218272865,0.6416655914999999
real_01,root-z-bias,27,6,3.634263768195062,3.890380031031761,0.0671895345052083,0.0,0.0,1.0,0.0,0.0,0.019367146666666637,0.5887801814999999,0.6081524908333332
real_01,root-z-bias,28,7,3.655732936213891,3.8463248065389815,0.025584357125418487,0.0,0.0,1.0,0.0,0.0,0.019533708999999958,0.6090988001428571,0.6286373918571428
real_01,root-z-bias,29,8,3.677457747948103,3.8478250974632573,0.0354542732238769,0.0,0.0,1.0,0.0,0.0,0.019405134999999976,0.610000965125,0.62941092325
real_01,root-z-bias,30,8,3.6447168192466743,3.79586046128872,0.050661802291870076,0.0,0.0,1.0,0.0,0.0,0.01899632812499995,0.6026251739999999,0.621626537125
real_01,root-z-bias,31,8,3.658143470086375,3.9133569388411313,0.055322408676147426,0.0,0.0,1.0,0.0,0.0,0.019166466124999948,0.622091398875,0.641262818875
real_01,root-z-bias,32,8,3.6597623328684943,3.909695750203926,0.022157430648803652,0.0,0.0,1.0,0.0,0.0,0.019164001124999976,0.5997851235,0.6189538911249999
real_01,root-z-bias,33,7,3.613842443499466,3.956339766852396,0.046025412423270066,0.0,0.0,1.0,0.0,0.0,0.01938755157142853,0.6189358091428572,0.6383282929999999
real_01,root-z-bias,34,6,3.5579142594252366,3.8537642495772535,0.03679211934407548,0.0,0.0,1.0,0.0,0.0,0.019711964999999932,0.6315290843333333,0.6512459
real_01,root-z-bias,35,5,3.501465756842385,3.9430743370935426,0.03552360534667964,0.0,0.0,1.0,0.0,0.0,0.020095417599999978,0.606232305,0.6263328373999999
real_01,root-z-bias,36,4,3.3810440423897927,3.652085251654845,0.019748210906982373,0.0,0.0,1.0,0.0,0.0,0.02009114425,0.6514948574999999,0.67159074525
real_01,root-z-bias,37,3,3.3734025986138416,3.9280398187533585,0.08695920308430982,0.0,0.0,1.0,0.0,0.0,0.020576469999999934,0.594962865,0.615544334
real_01,root-z-bias,38,2,3.08948468744311,3.08948468744311,0.0160551071166992,0.0,0.0,1.0,0.0,0.0,0.020859960499999948,0.645333662,0.6661986765
real_01,root-z-bias,39,2,3.103387701473454,3.103387701473454,0.0237274169921875,0.0,0.0,1.0,0.0,0.0,0.02121970599999995,0.6021647525,0.623389808
real_01,root-z-bias,40,2,3.1533093163094597,3.1533093163094597,0.01183891296386715,0.0,0.0,1.0,0.0,0.0,0.021053765999999953,0.6724708195,0.6935302289999999
real_01,root-z-bias,41,2,3.1521123427454807,3.1521123427454807,0.014132499694824151,0.0,0.0,1.0,0.0,0.0,0.021424109,0.6912350694999999,0.7126643585
real_01,root-z-bias,42,2,3.1532331025735374,3.1532331025735374,0.06267261505126945,0.0,0.0,1.0,0.0,0.0,0.0218535955,0.6991038129999998,0.7209621615
real_01,root-z-bias,43,2,3.151878111337572,3.151878111337572,0.033792495727539,0.0,0.0,1.0,0.0,0.0,0.022183824,0.614566143,0.6367549325
real_01,root-z-bias,44,2,3.152740235883848,3.152740235883848,0.01411151885986325,0.0,0.0,1.0,0.0,0.0,0.02175706899999995,0.7009081420000001,0.7226709364999999
real_01,root-z-bias,45,2,3.1213981282375607,3.1213981282375607,0.07895183563232415,0.0,0.0,1.0,0.0,0.0,0.02143724999999995,0.6989887999999999,0.7204312804999999
real_01,root-z-bias,46,2,3.1228748565907636,3.1228748565907636,0.03648567199707025,0.0,0.0,1.0,0.0,0.0,0.021622156499999948,0.656687432,0.6783152669999999
real_01,root-z-bias,47,2,3.126443459834145,3.126443459834145,0.0406646728515625,0.0,0.0,1.0,0.0,0.0,0.02150061749999995,0.651120038,0.6726260099999999
real_01,root-z-bias,48,2,3.103611066718534,3.103611066718534,0.0676631927490234,0.0,0.0,1.0,0.0,0.0,0.02169654649999995,0.6293447769999999,0.6510463314999999
real_01,root-z-bias,49,2,3.1064102818321233,3.1064102818321233,0.1030349731445312,0.0,0.0,1.0,0.0,0.0,0.021827510999999952,0.6409363315,0.6627691995
real_01,root-z-bias,50,2,3.082478092476989,3.082478092476989,0.03144741058349605,0.0,0.0,1.0,0.0,0.0,0.021648611,0.6452437894999999,0.666897534
real_01,root-z-bias,51,2,3.0840917805328525,3.0840917805328525,0.01826190948486325,0.0,0.0,1.0,0.0,0.0,0.02251551149999995,0.6618972299999999,0.6844186704999999
real_01,root-z-bias,52,2,3.0857782720757942,3.0857782720757942,0.019918441772460847,0.0,0.0,1.0,0.0,0.0,0.021553107000000002,0.6588939514999999,0.6804526945
real_01,root-z-bias,53,2,3.0816865652365975,3.0816865652365975,0.20122623443603516,0.0,0.0,1.0,0.0,0.0,0.02172359649999995,0.6156861435000001,0.63741564
real_01,root-z-bias,54,2,3.042320045063219,3.042320045063219,0.06318569183349605,0.0,0.0,1.0,0.0,0.0,0.02163952799999995,0.662522394,0.68416701
real_01,root-z-bias,55,2,3.052841485935416,3.052841485935416,0.01943969726562495,0.0,0.0,1.0,0.0,0.0,0.02175031349999995,0.6124018059999999,0.6341575469999999
real_01,root-z-bias,56,2,3.0589885264794656,3.0589885264794656,0.11407756805419914,0.0,0.0,1.0,0.0,0.0,0.021907813499999998,0.666354375,0.6882673545
real_01,root-z-bias,57,2,3.0569928430794686,3.0569928430794686,0.00532722473144525,0.0,0.0,1.0,0.0,0.0,0.02188573749999995,0.6170949659999998,0.6389859675
real_01,root-z-bias,58,2,3.058979737041139,3.058979737041139,0.07040023803710936,0.0,0.0,1.0,0.0,0.0,0.022017607999999952,0.655950874,0.6779740934999999
real_01,root-z-bias,59,2,3.062544252417852,3.062544252417852,0.1100072860717773,0.0,0.0,1.0,0.0,0.0,0.0217662625,0.6613547699999999,0.6831260284999999
real_01,root-z-bias,60,2,3.0670300693778407,3.0670300693778407,0.0030965805053710504,0.0,0.0,1.0,0.0,0.0,0.0247567439999999,0.613926617,0.6386887434999999
real_01,root-z-bias,61,2,3.075298245610079,3.075298245610079,0.00577735900878905,0.0,0.0,1.0,0.0,0.0,0.021531367500000002,0.658902288,0.6804383359999999
real_01,root-z-bias,62,1,3.65911532821885,3.65911532821885,0.0188980102539062,0.0,0.0,1.0,0.0,0.0,0.01910241,0.659005366,0.6781133219999999
real_01,root-z-bias,63,1,3.6650069365676665,3.6650069365676665,0.0018386840820312,0.0,0.0,1.0,0.0,0.0,0.019017031,0.6104680399999999,0.629489904
real_01,topology-only,0,2,2.392349173287255,2.392349173287255,0.0038013458251953004,0.2937017023119706,0.0,1.0,0.0,0.0,0.021797570500000002,0.704353195,0.7337812045000001
real_01,topology-only,1,2,1.9868985026427353,1.9868985026427353,0.025973320007324198,0.3005370331055737,0.0,1.0,0.0,0.0,0.02141604149999995,0.6777432744999999,0.7067850784999999
real_01,topology-only,2,2,1.9797150955686624,1.9797150955686624,0.026219367980957,0.30203724892660694,0.0,1.0,0.0,0.0,0.02095001899999995,0.6690389194999999,0.6976197609999999
real_01,topology-only,3,2,1.975486972238754,1.975486972238754,0.0259742736816406,0.3033153770033464,0.0,1.0,0.0,0.0,0.021166604,0.676991957,0.7057995715000001
real_01,topology-only,4,2,1.971746139288938,1.971746139288938,0.0258989334106445,0.3048414843252852,0.0,1.0,0.0,0.0,0.022362332,0.669748426,0.699723689
real_01,topology-only,5,2,1.9736732323697743,1.9736732323697743,0.022216796874999948,0.3067379787041365,0.0,1.0,0.0,0.0,0.02079340699999995,0.6632065659999999,0.6916069884999998
real_01,topology-only,6,2,1.9680961313401917,1.9680961313401917,0.0221757888793945,0.30867793131345395,0.0,1.0,0.0,0.0,0.0204383374999999,0.672311439,0.700375065
real_01,topology-only,7,2,1.9624979911447873,1.9624979911447873,0.030697822570800698,0.31080431559254185,0.0,1.0,0.0,0.0,0.020733315499999953,0.6653513335000001,0.69373606
real_01,topology-only,8,2,1.9566471809711397,1.9566471809711397,0.031120300292968698,0.3129864995044903,0.0,1.0,0.0,0.0,0.0207599635,0.670910416,0.6993118225
real_01,topology-only,9,2,1.9470490835552186,1.9470490835552186,0.029849052429199198,0.31619654942622594,0.0,1.0,0.0,0.0,0.0204057164999999,0.6799432619999999,0.7080051669999999
real_01,topology-only,10,2,2.851389072227117,2.851389072227117,0.0223045349121093,0.1810203027240079,0.0,1.0,0.0,0.0,0.02090397499999995,0.678147227,0.7066743074999999
real_01,topology-only,11,2,2.8347762200450104,2.8347762200450104,0.028056144714355448,0.1819408964214947,0.0,1.0,0.0,0.0,0.02097209149999995,0.660052629,0.6886830405
real_01,topology-only,12,1,3.3561825970588672,3.3561825970588672,0.0266342163085937,0.14897878334693898,0.0,1.0,0.0,0.0,0.017674913,0.649561253,0.6747375519999999
real_01,topology-only,13,1,3.392952690987453,3.392952690987453,0.0248908996582031,0.1473642710457259,0.0,1.0,0.0,0.0,0.017860639,0.6081116699999999,0.6334666559999999
real_01,z-bias,0,2,2.392349173287255,2.392349173287255,0.0038013458251953004,0.2937017023119706,0.0,1.0,0.0,0.0,0.020721923499999947,0.6920376435,0.7131997649999999
real_01,z-bias,1,2,2.0158861393574465,2.0158861393574465,0.05670070648193355,0.2987254880055641,0.0,1.0,0.0,0.0,0.02094151799999995,0.6568738404999999,0.6782355499999999
real_01,z-bias,2,2,2.011921439699014,2.011921439699014,0.0115108489990234,0.30018468119027414,0.0,1.0,0.0,0.0,0.020493462,0.6602302275,0.6811390314999999
real_01,z-bias,3,2,2.0130288562203345,2.0130288562203345,0.01387882232666015,0.3014787643643848,0.0,1.0,0.0,0.0,0.02066146499999995,0.6480422275,0.6691215454999999
real_01,z-bias,4,2,2.0203198539902343,2.0203198539902343,0.0186786651611328,0.3024750968276272,0.0,1.0,0.0,0.0,0.02088612549999995,0.6720946635,0.6933928415
real_01,z-bias,5,2,2.0139916238494036,2.0139916238494036,0.031636238098144503,0.3045668066650375,0.0,1.0,0.0,0.0,0.0207288875,0.6584557359999998,0.6796007505
real_01,z-bias,6,2,2.0084480533594435,2.0084480533594435,0.00538349151611325,0.3066387412243642,0.0,1.0,0.0,0.0,0.02057047199999995,0.6609376215,0.681925342
real_01,z-bias,7,2,2.0025774277884416,2.0025774277884416,0.0059976577758789,0.30873770660310124,0.0,1.0,0.0,0.0,0.02084992499999995,0.6576932745,0.6789540945
real_01,z-bias,8,2,1.9959267680512136,1.9959267680512136,0.0114641189575195,0.3110910871564282,0.0,1.0,0.0,0.0,0.02091214849999995,0.6415082909999998,0.6628331415
real_01,z-bias,9,2,1.9905803086963894,1.9905803086963894,0.001957893371582,0.31301432039220667,0.0,1.0,0.0,0.0,0.020603459,0.6451077909999998,0.6661219064999999
real_01,z-bias,10,2,3.1956936216041028,3.1956936216041028,0.04669380187988275,0.17044257022897574,0.0,1.0,0.0,0.0,0.0215627065,0.6661995855,0.6881516430000001
real_01,z-bias,11,2,3.1889368833984824,3.1889368833984824,0.008005142211914019,0.17083980589472922,0.0,1.0,0.0,0.0,0.0208681845,0.6733540965,0.6946544434999999
real_01,z-bias,12,2,3.1849504436240714,3.1849504436240714,0.0035400390624999497,0.17111032601696624,0.0,1.0,0.0,0.0,0.02119190549999995,0.665364201,0.6869834515
real_01,z-bias,13,2,3.1303032935354795,3.1303032935354795,0.0519933700561523,0.17295219116006583,0.0,1.0,0.0,0.0,0.0212472459999999,0.6686630845,0.690356424
real_01,z-bias,14,2,3.1258429975015867,3.1258429975015867,0.038656234741210896,0.17322236834980925,0.0,1.0,0.0,0.0,0.020917820999999948,0.671980397,0.6933443564999999
real_01,z-bias,15,2,3.1213361394336756,3.1213361394336756,0.04299640655517575,0.17348514815162788,0.0,1.0,0.0,0.0,0.02097438549999995,0.6505175344999999,0.6719362950000001
real_01,z-bias,16,2,3.085562846780815,3.085562846780815,0.01362419128417965,0.17718873884547126,0.0,1.0,0.0,0.0,0.021428402,0.6656569505000001,0.687519821
real_01,z-bias,17,2,3.162998947027808,3.162998947027808,0.02770423889160155,0.17174076333703645,0.0,1.0,0.0,0.0,0.021000390499999903,0.6685691964999999,0.6899948335
real_01,z-bias,18,2,3.1544660848398625,3.1544660848398625,0.08423042297363276,0.17212855140629899,0.0,1.0,0.0,0.0,0.02085677999999995,0.6713626715,0.6926475084999999
real_01,z-bias,19,2,3.197659577193524,3.197659577193524,0.02288341522216795,0.1709451391782745,0.0,1.0,0.0,0.0,0.02075228549999995,0.673654661,0.6948227244999999
real_01,z-bias,20,3,3.2644468361327132,3.289518963319072,0.05024528503417963,0.1636502695638091,0.0,1.0,0.0,0.0,0.020356372666666633,0.6749070503333333,0.6956550966666666
real_01,z-bias,21,3,3.2684843906095757,3.291499233854273,0.05155626932779947,0.16354149276753407,0.0,1.0,0.0,0.0,0.020183207,0.65005173,0.6706251576666666
real_01,z-bias,22,3,3.227952634201577,3.1581918399922686,0.0270010630289713,0.16564004880716854,0.0,1.0,0.0,0.0,0.020402531999999966,0.6419947469999999,0.6627899296666665
real_01,z-bias,23,4,3.2839390542515527,3.326042239704081,0.01364278793334955,0.16036560188680568,0.0,1.0,0.0,0.0,0.01991921849999995,0.67714847375,0.6974476277499999
real_01,z-bias,24,5,3.4012527007057662,3.5131830152962262,0.0678829193115234,0.15410679966509727,0.0,1.0,0.0,0.0,0.01989240699999994,0.6743879274,0.6946496702
real_01,z-bias,25,5,3.38698367673294,3.5134370918852524,0.04832077026367182,0.15461387932040563,0.0,1.0,0.0,0.0,0.01996721959999996,0.6740684988,0.6944037701999999
real_01,z-bias,26,6,3.4923874981959515,3.671331692638148,0.0277318954467773,0.14907200486756308,0.0,1.0,0.0,0.0,0.019611231166666635,0.6592892433333332,0.6792607648333332
real_01,z-bias,27,6,3.634263768195062,3.890380031031761,0.0671895345052083,0.14351076381594977,0.0,1.0,0.0,0.0,0.01974607183333332,0.6598939238333333,0.6799925413333335
real_01,z-bias,28,7,3.655732936213891,3.8463248065389815,0.025584357125418487,0.1419081370292903,0.0,1.0,0.0,0.0,0.019301675857142816,0.654379469,0.674037174142857
real_01,z-bias,29,8,3.677457747948103,3.8478250974632573,0.0354542732238769,0.1408080375297031,0.0,1.0,0.0,0.0,0.019207220874999962,0.662063931875,0.681619862375
real_01,z-bias,30,8,3.6447168192466743,3.79586046128872,0.050661802291870076,0.14208103703301594,0.0,1.0,0.0,0.0,0.019464195624999975,0.6662623403749999,0.6860909692499999
real_01,z-bias,31,8,3.658143470086375,3.9133569388411313,0.055322408676147426,0.14155459724377462,0.0,1.0,0.0,0.0,0.01919639649999995,0.65141251125,0.6709659017499999
real_01,z-bias,32,8,3.6597623328684943,3.909695750203926,0.022157430648803652,0.14148877157865863,0.0,1.0,0.0,0.0,0.019155404124999963,0.6723416257499999,0.6918582658749999
real_01,z-bias,33,7,3.613842443499466,3.956339766852396,0.046025412423270066,0.14372834189956038,0.0,1.0,0.0,0.0,0.019425860571428512,0.6593846092857143,0.6791666228571429
real_01,z-bias,34,6,3.5579142594252366,3.8537642495772535,0.03679211934407548,0.14657049286574758,0.0,1.0,0.0,0.0,0.019348451166666617,0.6590598506666666,0.6787747185
real_01,z-bias,35,5,3.501465756842385,3.9430743370935426,0.03552360534667964,0.14995747715906294,0.0,1.0,0.0,0.0,0.0194205704,0.664916037,0.6847001462
real_01,z-bias,36,4,3.3810440423897927,3.652085251654845,0.019748210906982373,0.1560624236507094,0.0,1.0,0.0,0.0,0.019653023249999926,0.6513803569999999,0.6714001915
real_01,z-bias,37,3,3.3734025986138416,3.9280398187533585,0.08695920308430982,0.15884930973350495,0.0,1.0,0.0,0.0,0.0202215736666666,0.6419992546666666,0.6626010373333332
real_01,z-bias,38,2,3.08948468744311,3.08948468744311,0.0160551071166992,0.17481531974110606,0.0,1.0,0.0,0.0,0.02087965049999995,0.6223229964999999,0.6436214339999999
real_01,z-bias,39,2,3.103387701473454,3.103387701473454,0.0237274169921875,0.17436162056446866,0.0,1.0,0.0,0.0,0.020899607499999952,0.6754655454999999,0.69677922
real_01,z-bias,40,2,3.1533093163094597,3.1533093163094597,0.01183891296386715,0.16601217321460746,0.0,1.0,0.0,0.0,0.020968776499999953,0.6757695174999998,0.6971632564999999
real_01,z-bias,41,2,3.1521123427454807,3.1521123427454807,0.014132499694824151,0.16607362531858227,0.0,1.0,0.0,0.0,0.02078986799999995,0.6596764275,0.6808975415
real_01,z-bias,42,2,3.1532331025735374,3.1532331025735374,0.06267261505126945,0.16603884976866023,0.0,1.0,0.0,0.0,0.0208157,0.6725515934999999,0.6937955195000001
real_01,z-bias,43,2,3.151878111337572,3.151878111337572,0.033792495727539,0.16613714608029673,0.0,1.0,0.0,0.0,0.021136682999999948,0.6715436124999999,0.6931213329999999
real_01,z-bias,44,2,3.152740235883848,3.152740235883848,0.01411151885986325,0.16612217995530176,0.0,1.0,0.0,0.0,0.02139697299999995,0.6712760524999999,0.693062809
real_01,z-bias,45,2,3.1213981282375607,3.1213981282375607,0.07895183563232415,0.16722251013509576,0.0,1.0,0.0,0.0,0.02112482449999995,0.6356770995000001,0.6572252565000001
real_01,z-bias,46,2,3.1228748565907636,3.1228748565907636,0.03648567199707025,0.16719728234336517,0.0,1.0,0.0,0.0,0.021452167499999952,0.68156584,0.7034391255
real_01,z-bias,47,2,3.126443459834145,3.126443459834145,0.0406646728515625,0.16704292921892844,0.0,1.0,0.0,0.0,0.020965882,0.6878146844999999,0.709196697
real_01,z-bias,48,2,3.103611066718534,3.103611066718534,0.0676631927490234,0.16811684199320287,0.0,1.0,0.0,0.0,0.0210680705,0.6150149114999999,0.6364931454999998
real_01,z-bias,49,2,3.1064102818321233,3.1064102818321233,0.1030349731445312,0.16795991015386413,0.0,1.0,0.0,0.0,0.02090034599999995,0.6381912754999999,0.6595088725
real_01,z-bias,50,2,3.082478092476989,3.082478092476989,0.03144741058349605,0.16883937737742158,0.0,1.0,0.0,0.0,0.0205350399999999,0.6860731409999999,0.7069854440000001
real_01,z-bias,51,2,3.0840917805328525,3.0840917805328525,0.01826190948486325,0.16878918198503604,0.0,1.0,0.0,0.0,0.0209742294999999,0.6790690779999999,0.7004557204999999
real_01,z-bias,52,2,3.0857782720757942,3.0857782720757942,0.019918441772460847,0.16869437645490493,0.0,1.0,0.0,0.0,0.0207069229999999,0.6800571365,0.7011762669999999
real_01,z-bias,53,2,3.0816865652365975,3.0816865652365975,0.20122623443603516,0.16884057271389402,0.0,1.0,0.0,0.0,0.0211414415,0.6557286955,0.6772882280000001
real_01,z-bias,54,2,3.042320045063219,3.042320045063219,0.06318569183349605,0.17030706375146587,0.0,1.0,0.0,0.0,0.02109473599999995,0.6804207865,0.701896488
real_01,z-bias,55,2,3.052841485935416,3.052841485935416,0.01943969726562495,0.16989236514315711,0.0,1.0,0.0,0.0,0.021152215999999953,0.6745000349999999,0.6960804774999998
real_01,z-bias,56,2,3.0589885264794656,3.0589885264794656,0.11407756805419914,0.16939459914467614,0.0,1.0,0.0,0.0,0.0213958645,0.6821183230000001,0.7039286469999999
real_01,z-bias,57,2,3.0569928430794686,3.0569928430794686,0.00532722473144525,0.1695862124414703,0.0,1.0,0.0,0.0,0.021020116,0.6907921919999999,0.7122367304999999
real_01,z-bias,58,2,3.058979737041139,3.058979737041139,0.07040023803710936,0.16945199454055132,0.0,1.0,0.0,0.0,0.0213985855,0.653434364,0.6752488425
real_01,z-bias,59,2,3.062544252417852,3.062544252417852,0.1100072860717773,0.16919201392708705,0.0,1.0,0.0,0.0,0.021645109500000002,0.6879801409999999,0.7100420350000001
real_01,z-bias,60,2,3.0670300693778407,3.0670300693778407,0.0030965805053710504,0.16892459173225371,0.0,1.0,0.0,0.0,0.02122638949999995,0.6877645889999999,0.70940161
real_01,z-bias,61,2,3.075298245610079,3.075298245610079,0.00577735900878905,0.16858623262389213,0.0,1.0,0.0,0.0,0.0215265944999999,0.657284652,0.679228902
real_01,z-bias,62,1,3.65911532821885,3.65911532821885,0.0188980102539062,0.13664505082527292,0.0,1.0,0.0,0.0,0.018220531,0.652221307,0.670765522
real_01,z-bias,63,1,3.6650069365676665,3.6650069365676665,0.0018386840820312,0.13642538981611244,0.0,1.0,0.0,0.0,0.018279961,0.668891872,0.687491236
real_05,full-prim,0,2,0.383075606172869,0.383075606172869,0.033480644226074205,0.3917431956739602,0.0,0.0,1.0,0.0,0.025846767,0.853603262,0.8888500675
real_05,full-prim,1,2,0.3901278298480675,0.3901278298480675,0.005192756652832,0.3846860956385462,0.0,0.0,1.0,0.0,0.0259240945,0.783054176,0.8183639635
real_05,full-prim,2,3,0.39263175794127125,0.3898643637924335,0.017157236735026,0.38210437907814776,0.0,0.0,1.0,0.0,0.027312120999999936,0.812905632,0.8495846643333332
real_05,full-prim,3,2,0.4074044024643184,0.4074044024643184,0.024947166442871052,0.17000980789407005,0.0,0.0,1.0,0.0,0.0248503559999999,0.810789502,0.8450701854999999
real_05,full-prim,4,2,0.4081482396703716,0.4081482396703716,0.0365066528320312,0.37163511037194213,0.0,0.0,1.0,0.0,0.0245630439999999,0.8043668605000001,0.838379109
real_05,full-prim,5,2,0.4102546051899477,0.4102546051899477,0.0272941589355468,0.20677405193589612,0.0,0.0,1.0,0.0,0.024731473499999948,0.7990150359999999,0.8354273834999999
real_05,full-prim,6,2,0.4114864954274897,0.4114864954274897,0.01705646514892575,0.21061248493151027,0.0,0.0,1.0,0.0,0.024765918,0.8069126495000001,0.8410491334999999
real_05,full-prim,7,2,0.40616615853105753,0.40616615853105753,0.017592430114746052,0.21392801100548545,0.0,0.0,1.0,0.0,0.024995092,0.8059592929999999,0.8402695065
real_05,full-prim,8,2,0.39730556844791975,0.39730556844791975,0.01404285430908195,0.21652291425358156,0.0,0.0,1.0,0.0,0.02495562899999995,0.7975574854999999,0.831924853
real_05,full-prim,9,2,0.38464959036521884,0.38464959036521884,0.0410099029541015,0.3938886272682607,0.0,0.0,1.0,0.0,0.024744977999999952,0.7932891575,0.8274370074999999
real_05,full-prim,10,2,0.42661219331333283,0.42661219331333283,0.020375251770019448,0.7227097666732863,0.5,0.5,0.5,0.0,0.024979748500000003,0.8051037319999998,0.8394447349999999
real_05,full-prim,11,2,0.41930077861986503,0.41930077861986503,0.047201156616210896,1.2132205592317518,1.0,1.0,0.0,0.0,0.0246247014999999,0.7680014725,0.8019938794999999
real_05,full-prim,12,2,0.4151190792116264,0.4151190792116264,0.0555810928344726,1.2262412238134774,1.0,1.0,0.0,0.0,0.02457741949999995,0.8014485919999998,0.8355385814999999
real_05,full-prim,13,2,0.4155061192390904,0.4155061192390904,0.054698944091796806,0.7398630702676458,0.5,0.5,0.5,0.0,0.02401918499999995,0.7801987859999999,0.813568221
real_05,full-prim,14,1,0.3592839025948541,0.3592839025948541,0.0837020874023437,1.3916571168061047,1.0,1.0,0.0,0.0,0.019262507,0.78499931,0.8136096729999999
real_05,full-prim,15,1,0.3566997813920911,0.3566997813920911,0.0917854309082031,0.4205217210256197,0.0,0.0,1.0,0.0,0.019231985,0.779713039,0.8081720239999999
real_05,full-prim,16,1,0.353068150175073,0.353068150175073,0.09881591796875,0.7080785958066016,0.0,1.0,0.0,0.0,0.019309808,0.775854137,0.804458047
real_05,full-prim,17,1,0.3486621218618066,0.3486621218618066,0.0548973083496093,0.4302159499273553,0.0,0.0,1.0,0.0,0.018985831,0.7723551739999999,0.800658497
real_05,full-prim,18,1,0.3468236950177617,0.3468236950177617,0.0654468536376953,0.43249641854136456,0.0,0.0,1.0,0.0,0.019110083,0.7628943839999999,0.7913699039999998
real_05,full-prim,19,1,0.3368654649052575,0.3368654649052575,0.1222858428955078,0.7421360336545981,0.0,1.0,0.0,0.0,0.0194090999999999,0.769170643,0.797865217
real_05,full-prim,20,1,0.326112068177619,0.326112068177619,0.0985851287841796,1.5332152618395951,1.0,1.0,0.0,0.0,0.0191109349999999,0.765196705,0.7936146889999999
real_05,full-prim,21,1,0.3265706129707694,0.3265706129707694,0.0981807708740234,1.5310624414473997,1.0,1.0,0.0,0.0,0.018997994,0.757137017,0.7854803719999999
real_05,full-prim,22,1,0.3199896549241119,0.3199896549241119,0.0926246643066406,0.46876517303672877,0.0,0.0,1.0,0.0,0.019041756,0.755091256,0.783448761
real_05,full-prim,23,1,0.3132980201966174,0.3132980201966174,0.0915451049804687,0.47877738220729416,0.0,0.0,1.0,0.0,0.0190177059999999,0.758213456,0.7865407789999999
real_05,full-prim,24,1,0.314217241905821,0.314217241905821,0.0908279418945312,0.47737675071765573,0.0,0.0,1.0,0.0,0.019385573,0.7671853499999999,0.795877413
real_05,full-prim,25,1,0.3080066429055909,0.3080066429055909,0.0898170471191406,0.4870025027558965,0.0,0.0,1.0,0.0,0.0194192239999999,0.7729519609999999,0.80164973
real_05,full-prim,26,1,0.2910209112058037,0.2910209112058037,0.0565452575683593,1.718089596820796,1.0,1.0,0.0,0.0,0.018840032,0.7757910829999999,0.8039953629999999
real_05,full-prim,27,1,0.2931674209122459,0.2931674209122459,0.0556869506835937,0.5116530530360811,0.0,0.0,1.0,0.0,0.020103349,0.782567675,0.8120291069999999
real_05,full-prim,28,1,0.2977456013272029,0.2977456013272029,0.0505256652832031,0.5037857999978453,0.0,0.0,1.0,0.0,0.020407695,0.783487961,0.8131030129999999
real_05,full-prim,29,1,0.3000962875172967,0.3000962875172967,0.0448265075683593,0.4998395921569635,0.0,0.0,1.0,0.0,0.019428582,0.791870375,0.8206590259999998
real_05,full-prim,30,1,0.3017032049282568,0.3017032049282568,0.0449409484863281,0.0,0.0,0.0,1.0,0.0,0.01986742,0.829718803,0.858808282
real_05,full-prim,31,1,0.292639561069399,0.292639561069399,0.0450057983398437,0.512575966873092,0.0,0.0,1.0,0.0,0.0204837169999999,0.8135134299999999,0.8433932349999999
real_05,full-prim,32,1,0.2877888218893017,0.2877888218893017,0.0443992614746093,1.7373850614403834,1.0,1.0,0.0,0.0,0.020439984,0.713508777,0.743331261
real_05,full-prim,33,1,0.2874379163392077,0.2874379163392077,0.0418052673339843,1.739506069233908,1.0,1.0,0.0,0.0,0.0193385049999999,0.796616105,0.8252226919999999
real_05,full-prim,34,1,0.290087279200204,0.290087279200204,0.041910171508789,0.5170857763016276,0.0,0.0,1.0,0.0,0.019463326,0.788139672,0.8168900049999999
real_05,full-prim,35,1,0.2980318480163354,0.2980318480163354,0.0421161651611328,0.8388365259081212,0.0,1.0,0.0,0.0,0.019628934,0.7570626919999999,0.7859528599999999
real_05,full-prim,36,1,0.2943926744391509,0.2943926744391509,0.1434555053710937,0.0,0.0,0.0,1.0,0.0,0.019436338,0.8052543039999999,0.8339393179999999
real_05,full-prim,37,1,0.2920015568525463,0.2920015568525463,0.1153850555419921,1.7123196375712746,1.0,1.0,0.0,0.0,0.019639512,0.796936319,0.8258465839999999
real_05,full-prim,38,1,0.2896821636950734,0.2896821636950734,0.1349906921386718,0.8630148187623874,0.0,1.0,0.0,0.0,0.01960225,0.798731747,0.827738221
real_05,full-prim,39,1,0.2854846873359813,0.2854846873359813,0.0011329650878906,0.0,0.0,0.0,1.0,0.0,0.020421765,0.795195964,0.825072369
real_05,full-prim,40,1,0.2787356892274898,0.2787356892274898,0.0087261199951171,0.0,0.0,0.0,1.0,0.0,0.019330554,0.788579227,0.817293233
real_05,full-prim,41,1,0.2757893848983086,0.2757893848983086,0.0073471069335937,0.0,0.0,0.0,1.0,0.0,0.020199794,0.788956265,0.8185866619999999
real_05,full-prim,42,1,0.2871877372950024,0.2871877372950024,0.0037040710449218,0.0,0.0,0.0,1.0,0.0,0.02001959,0.8113623749999999,0.840765437
real_05,full-prim,43,1,0.2801920335542479,0.2801920335542479,0.0033206939697265,0.0,0.0,0.0,1.0,0.0,0.019422839,0.7152082039999998,0.744045016
real_05,full-prim,44,1,0.2754734480167213,0.2754734480167213,0.0028572082519531,0.5445171105977495,0.0,0.0,1.0,0.0,0.019493394,0.822603825,0.8514966109999998
real_05,full-prim,45,1,0.2546601841378097,0.2546601841378097,0.0079727172851562,1.9634007636208426,1.0,1.0,0.0,0.0,0.0194332759999999,0.79393543,0.822745787
real_05,full-prim,46,1,0.2558939564061862,0.2558939564061862,0.0076541900634765,1.9539343836879792,1.0,1.0,0.0,0.0,0.019991286,0.707654478,0.736981037
real_05,full-prim,47,1,0.2571541121615227,0.2571541121615227,0.0072956085205078,1.944359340775161,1.0,1.0,0.0,0.0,0.0194661159999999,0.790265147,0.8190654069999999
real_05,full-prim,48,1,0.2584786666710014,0.2584786666710014,0.0069122314453125,1.934395617400849,1.0,1.0,0.0,0.0,0.019199766,0.784936857,0.8134810839999999
real_05,full-prim,49,1,0.2599476351514605,0.2599476351514605,0.0064849853515625,1.9234643150674215,1.0,1.0,0.0,0.0,0.0191766529999999,0.778976631,0.807493836
real_05,full-prim,50,1,0.2590203110454283,0.2590203110454283,0.00604248046875,1.9303505504335043,1.0,1.0,0.0,0.0,0.0187999379999999,0.7917011499999999,0.819878646
real_05,full-prim,51,1,0.2596436764380076,0.2596436764380076,0.005584716796875,1.9257160692661033,1.0,1.0,0.0,0.0,0.0190905269999999,0.8019954209999999,0.830401475
real_05,full-prim,52,1,0.2594000911662655,0.2594000911662655,0.0051383972167968,1.9275243803963014,1.0,1.0,0.0,0.0,0.0195699639999999,0.810239954,0.839179102
real_05,full-prim,53,1,0.2599357283784584,0.2599357283784584,0.0046615600585937,0.0,0.0,0.0,1.0,0.0,0.019231917,0.800236139,0.8288073569999999
real_05,full-prim,54,1,0.2702341802989273,0.2702341802989273,0.0039539337158203,0.0,0.0,0.0,1.0,0.0,0.019393726,0.801314458,0.829916135
real_05,full-prim,55,1,0.2697300846724544,0.2697300846724544,0.0047683715820312,0.0,0.0,0.0,1.0,0.0,0.0199424519999999,0.807870368,0.8370927679999999
real_05,full-prim,56,1,0.2699442735875841,0.2699442735875841,0.0010528564453125,0.9261170710438755,0.0,1.0,0.0,0.0,0.0193333969999999,0.806705253,0.8354007199999999
real_05,full-prim,57,1,0.2693757254946088,0.2693757254946088,0.1385669708251953,0.9280717464091003,0.0,1.0,0.0,0.0,0.0206976489999999,0.819501534,0.849552351
real_05,full-prim,58,1,0.2645911984419024,0.2645911984419024,0.0301666259765625,0.0,0.0,0.0,1.0,0.0,0.0201516649999999,0.8273526559999999,0.856827781
real_05,full-prim,59,1,0.2670437165925776,0.2670437165925776,0.0168304443359375,0.9361763054751788,0.0,1.0,0.0,0.0,0.019829169,0.819752492,0.848844027
real_05,full-prim,60,1,0.2657330762941095,0.2657330762941095,0.0158977508544921,0.9407936847248313,0.0,1.0,0.0,0.0,0.019925569,0.801201143,0.830353846
real_05,full-prim,61,1,0.2685458839514589,0.2685458839514589,0.0518054962158203,0.0,0.0,0.0,1.0,0.0,0.019841119,0.8211196539999999,0.850167576
real_05,full-prim,62,1,0.2638886151961755,0.2638886151961755,0.0375137329101562,0.9473694036180732,0.0,1.0,0.0,0.0,0.020136896,0.81616537,0.845618488
real_05,full-prim,63,1,0.2547911312958299,0.2547911312958299,0.0082626342773437,0.9811958474713663,0.0,1.0,0.0,0.0,0.0202451129999999,0.827811599,0.8572328449999999
real_05,full-prim,64,1,0.2526507093490514,0.2526507093490514,0.0052108764648437,0.9895084032976558,0.0,1.0,0.0,0.0,0.020537511,0.807268775,0.837059555
real_05,full-prim,65,1,0.2483029185336353,0.2483029185336353,0.027933120727539,1.0068347221868632,1.0,1.0,0.0,0.0,0.0203929529999999,0.825775808,0.855363677
real_05,full-prim,66,1,0.2489414496758528,0.2489414496758528,0.0428314208984375,1.0042522059927166,1.0,1.0,0.0,0.0,0.0202079839999999,0.83426586,0.863676985
real_05,full-prim,67,1,0.2450218542892352,0.2450218542892352,0.008697509765625,1.0203171497710093,1.0,1.0,0.0,0.0,0.0200725409999999,0.81282684,0.842197602
real_05,full-prim,68,1,0.2416917041828379,0.2416917041828379,0.0411434173583984,1.0343755936731571,1.0,1.0,0.0,0.0,0.020316402,0.805398844,0.8349256019999999
real_05,full-prim,69,1,0.2383230044641434,0.2383230044641434,0.0218486785888671,1.048996510270218,1.0,1.0,0.0,0.0,0.020484502,0.826007711,0.8556764799999999
real_05,full-prim,70,1,0.2460073855223655,0.2460073855223655,0.016366958618164,1.016229652899065,1.0,1.0,0.0,0.0,0.020202942,0.804660185,0.8340950489999999
real_05,full-prim,71,1,0.2432561266031444,0.2432561266031444,0.0174388885498046,1.0277233444889047,1.0,1.0,0.0,0.0,0.019786056,0.7950816659999999,0.8241730969999999
real_05,full-prim,72,1,0.2369838839866534,0.2369838839866534,0.0112476348876953,1.0549240555702921,1.0,1.0,0.0,0.0,0.0197508459999999,0.8108579409999999,0.8399030969999999
real_05,full-prim,73,1,0.2379546554844733,0.2379546554844733,0.1699981689453125,1.0506203355887385,1.0,1.0,0.0,0.0,0.019415332,0.7956704709999999,0.824384886
real_05,full-prim,74,1,0.2316712015936496,0.2316712015936496,0.0069637298583984,1.0791155667181243,1.0,1.0,0.0,0.0,0.0200507309999999,0.801795115,0.8311463919999998
real_05,full-prim,75,1,0.2289131916221844,0.2289131916221844,0.0100669860839843,1.0921170520072905,1.0,1.0,0.0,0.0,0.019068966,0.783477752,0.8117183399999999
real_05,full-prim,76,1,0.2263050646888375,0.2263050646888375,0.00860595703125,1.1047035131261527,1.0,1.0,0.0,0.0,0.019886764,0.816963137,0.846170115
real_05,full-prim,77,1,0.2235845572121975,0.2235845572121975,0.0047988891601562,1.118145202500423,1.0,1.0,0.0,0.0,0.019198653,0.817236126,0.845662714
real_05,full-prim,78,1,0.2210114303079003,0.2210114303079003,0.0096035003662109,1.1311632147338013,1.0,1.0,0.0,0.0,0.0203515579999999,0.816140996,0.845633948
real_05,full-prim,79,1,0.2183593117326019,0.2183593117326019,0.0029773712158203,1.1449019417415303,1.0,1.0,0.0,0.0,0.019990265,0.8091792599999998,0.8384555129999999
real_05,full-prim,80,1,0.2156429024422617,0.2156429024422617,0.0169582366943359,1.1593240360272807,1.0,1.0,0.0,0.0,0.0195077009999999,0.758005837,0.786849562
real_05,full-prim,81,1,0.2236368031520978,0.2236368031520978,0.0245361328125,1.1178839818684598,1.0,1.0,0.0,0.0,0.0205929,0.833435227,0.863346727
real_05,full-prim,82,1,0.2284382406626778,0.2284382406626778,0.0118179321289062,2.1887753930758143,1.0,1.0,0.0,0.0,0.019830888,0.8148101469999999,0.8438221489999999
real_05,full-prim,83,1,0.2321000210692839,0.2321000210692839,0.0147686004638671,1.0771218324248786,1.0,1.0,0.0,0.0,0.0209582019999999,0.7268766859999999,0.7571819619999999
real_05,full-prim,84,1,0.2297174587143301,0.2297174587143301,0.0004253387451171,2.176586850639791,1.0,1.0,0.0,0.0,0.019360219,0.829792924,0.858326735
real_05,full-prim,85,2,0.2315542979402003,0.2315542979402003,0.01553153991699215,1.6572798041354806,1.0,1.0,0.0,0.0,0.0196114725,0.8169397365,0.8457660974999999
real_05,full-prim,86,2,0.23003259489741235,0.23003259489741235,0.024668693542480448,1.6611967618045282,1.0,1.0,0.0,0.0,0.0196040445,0.8177209814999999,0.846468674
real_05,full-prim,87,2,0.2316429899825378,0.2316429899825378,0.01779174804687495,1.080137811345244,1.0,1.0,0.0,0.0,0.02000276449999995,0.8169376819999999,0.846081829
real_05,full-prim,88,2,0.22992593135981104,0.22992593135981104,0.0159454345703125,1.61835717572171,1.0,1.0,0.0,0.0,0.019790009,0.8151881459999999,0.8442119635
real_05,full-prim,89,3,0.21415537175108149,0.2187697568152876,0.044249852498372357,1.5487867737482324,1.0,1.0,0.0,0.0,0.0194024313333333,0.8043833519999999,0.8330262526666666
real_05,full-prim,90,3,0.207936460286546,0.2029060459303001,0.0237967173258463,1.5845966452432438,1.0,1.0,0.0,0.0,0.0190251046666666,0.7649215329999999,0.793139782
real_05,full-prim,91,3,0.2068332088708549,0.2004600822652111,0.025009155273437434,1.2112468337460724,1.0,1.0,0.0,0.0,0.019580724333333268,0.7431520773333333,0.7719919733333334
real_05,full-prim,92,3,0.20621008866430715,0.1994050260054113,0.012630462646484366,1.2151490852660336,1.0,1.0,0.0,0.0,0.019818517666666667,0.8094423656666665,0.8385569409999999
real_05,full-prim,93,3,0.20487173456660512,0.1991032582682855,0.028469085693359333,1.64558775837314,1.0,1.0,0.0,0.0,0.0195678606666666,0.8005609003333332,0.8294338666666666
real_05,full-prim,94,3,0.20543663632262477,0.2005181189306761,0.014753977457682232,1.2187334670982641,1.0,1.0,0.0,0.0,0.0194148633333333,0.7978685723333333,0.82651419
real_05,full-prim,95,3,0.20417483129018812,0.2017629230812434,0.008883794148762968,1.2273997047869993,1.0,1.0,0.0,0.0,0.019561399333333302,0.7841614033333334,0.8129922156666667
real_05,full-prim,96,3,0.20443367931554932,0.2027339345680669,0.010595957438151032,1.2266839311196038,1.0,1.0,0.0,0.0,0.019709273999999968,0.7683307453333333,0.7972420223333333
real_05,full-prim,97,2,0.19860644901346253,0.19860644901346253,0.0076828002929687,1.2600026047541333,1.0,1.0,0.0,0.0,0.019203057499999898,0.7906407125,0.8190591184999999
real_05,full-prim,98,2,0.2016690338207595,0.2016690338207595,0.014404296875,1.2424637548196613,1.0,1.0,0.0,0.0,0.019770106500000002,0.7567014155,0.7856959429999999
real_05,full-prim,99,2,0.20217630233253897,0.20217630233253897,0.00073528289794915,1.239275219955621,1.0,1.0,0.0,0.0,0.01950072,0.7915109819999999,0.8202390259999999
real_05,full-prim,100,2,0.2049860474677657,0.2049860474677657,0.00338840484619135,1.2237416784433552,1.0,1.0,0.0,0.0,0.019113332,0.7594807975,0.7878044375
real_05,full-prim,101,2,0.207073384695204,0.207073384695204,0.007934570312499951,1.2134596755630238,1.0,1.0,0.0,0.0,0.019801341,0.8105458994999999,0.839532014
real_05,full-prim,102,2,0.21044592990900696,0.21044592990900696,0.00936794281005855,1.1925173627625807,1.0,1.0,0.0,0.0,0.019818231,0.8072895055,0.8362913359999999
real_05,full-prim,103,2,0.21300628904512492,0.21300628904512492,0.004349708557128875,1.1806207252006833,1.0,1.0,0.0,0.0,0.022929499,0.765229602,0.797406043
real_05,full-prim,104,2,0.21597930557449724,0.21597930557449724,0.01943588256835935,1.1636295026984613,1.0,1.0,0.0,0.0,0.01936160649999995,0.8300230575,0.8586401709999999
real_05,full-prim,105,2,0.22307354390005418,0.22307354390005418,0.019554138183593698,1.128550623130515,1.0,1.0,0.0,0.0,0.0202616645,0.7716568364999999,0.8011492410000001
real_05,full-prim,106,2,0.21574850601956008,0.21574850601956008,0.0489873886108398,1.1614372003587983,1.0,1.0,0.0,0.0,0.02086258099999995,0.8247928414999999,0.8548755575
real_05,full-prim,107,2,0.2158107953164417,0.2158107953164417,0.01235294342041015,1.7126987065756538,1.0,1.0,0.0,0.0,0.019703035499999952,0.8363231274999999,0.865269375
real_05,full-prim,108,2,0.16337676076624896,0.16337676076624896,0.0655241012573242,1.6309307867889742,1.0,1.0,0.0,0.0,0.019738230000000002,0.8304781804999999,0.8593109514999999
real_05,full-prim,109,2,0.14269622279507677,0.14269622279507677,0.07977199554443355,2.2152950362437944,1.0,1.0,0.0,0.0,0.02010701599999995,0.827419289,0.8567135225
real_05,gcnn,0,2,0.383075606172869,0.383075606172869,0.033480644226074205,0.0,0.0,0.0,1.0,0.0,0.0241801929999999,0.8207751415,0.844957783
real_05,gcnn,1,2,0.38815310341966386,0.38815310341966386,0.0033435821533203004,0.0,0.0,0.0,1.0,0.0,0.02396177099999995,0.812551128,0.83651546
real_05,gcnn,2,3,0.3860034728530959,0.3880864270173542,0.017191569010416633,0.0,0.0,0.0,1.0,0.0,0.025832675666666634,0.805432544,0.8312677143333334
real_05,gcnn,3,2,0.367393716194959,0.367393716194959,0.01795387268066405,0.0,0.0,0.0,1.0,0.0,0.023573569500000002,0.8094978294999999,0.8330743165
real_05,gcnn,4,2,0.35194940256026586,0.35194940256026586,0.0214462280273437,0.0,0.0,0.0,1.0,0.0,0.02386884849999995,0.8066652354999999,0.830536771
real_05,gcnn,5,2,0.3576483943278288,0.3576483943278288,0.007756233215332,0.0,0.0,0.0,1.0,0.0,0.02352428449999995,0.8041169175,0.8276436229999999
real_05,gcnn,6,3,0.3473839683617915,0.3478892465025303,0.025629043579101497,0.0,0.0,0.0,1.0,0.0,0.0256541073333333,0.8018643236666666,0.8275207456666666
real_05,gcnn,7,3,0.3491561486769152,0.3577264527670656,0.013615290323893208,0.0,0.0,0.0,1.0,0.0,0.025780261333333235,0.8012692829999999,0.8270522353333333
real_05,gcnn,8,4,0.32313852788339276,0.3262155611448422,0.012910366058349575,0.0,0.0,0.0,1.0,0.0,0.026899895999999975,0.8002875719999999,0.8271899739999999
real_05,gcnn,9,4,0.30887433538132797,0.3051282267103802,0.03337049484252925,0.0,0.0,0.25,0.75,0.0,0.026403687499999974,0.7946286185,0.8210349055
real_05,gcnn,10,4,0.32035447146160134,0.32186735403928374,0.014552593231201125,0.0,0.0,0.25,0.75,0.0,0.026021192749999998,0.7971297509999999,0.8231534205
real_05,gcnn,11,4,0.3258018608240045,0.3262169528336083,0.0126223564147949,0.0,0.0,0.25,0.75,0.0,0.026498864499999948,0.7982515987499998,0.82475289125
real_05,gcnn,12,3,0.32699500921557084,0.3240413824268079,0.030260086059570267,0.0,0.0,0.6666666666666666,0.3333333333333333,0.0,0.0255377123333333,0.798088291,0.8236283316666665
real_05,gcnn,13,4,0.31721293444667353,0.317436470569862,0.021892070770263623,0.0,0.0,0.5,0.5,0.0,0.02590639749999995,0.7931940007499999,0.81910293025
real_05,gcnn,14,5,0.31286572391020007,0.3133215592654916,0.0126174926757812,0.0,0.0,0.6,0.4,0.0,0.026461301399999936,0.7915015971999999,0.8179654046
real_05,gcnn,15,5,0.31174173099565394,0.3091674058548586,0.008774185180664019,0.0,0.0,0.2,0.8,0.0,0.0267104539999999,0.7898861602,0.8165992761999998
real_05,gcnn,16,4,0.3081733433524223,0.3035470892891696,0.0272889137268066,0.0,0.0,0.75,0.25,0.0,0.02704755175,0.7995335467499999,0.82658358525
real_05,gcnn,17,4,0.2993295645559493,0.2966623453180378,0.018106460571289024,0.0,0.0,0.5,0.5,0.0,0.026031902249999975,0.79953400075,0.8255683149999998
real_05,gcnn,18,2,0.28574469621214793,0.28574469621214793,0.0101509094238281,0.0,0.0,0.0,1.0,0.0,0.02815659849999995,0.791317786,0.819476908
real_05,gcnn,19,2,0.2914330959966621,0.2914330959966621,0.00397968292236325,0.0,0.0,0.0,1.0,0.0,0.029120616999999953,0.7890981564999999,0.8182211575
real_05,gcnn,20,2,0.3010809989881085,0.3010809989881085,0.00510692596435545,0.0,0.0,0.5,0.5,0.0,0.0290733444999999,0.7873681424999999,0.8164443954999998
real_05,gcnn,21,1,0.2905358603060924,0.2905358603060924,0.0037384033203125,0.0,0.0,1.0,0.0,0.0,0.0286096059999999,0.809191611,0.837803233
real_05,gcnn,22,1,0.2888695901047471,0.2888695901047471,0.0761566162109375,0.0,0.0,1.0,0.0,0.0,0.029602007,0.804608875,0.834213533
real_05,gcnn,23,1,0.2866632938823449,0.2866632938823449,0.0719642639160156,0.0,0.0,1.0,0.0,0.0,0.029098226,0.8039989539999999,0.8330994649999999
real_05,gcnn,24,1,0.2847561377487952,0.2847561377487952,0.1008586883544921,0.0,0.0,1.0,0.0,0.0,0.029014082,0.803597208,0.83261388
real_05,gcnn,25,1,0.2822241583612542,0.2822241583612542,0.082651138305664,0.0,0.0,1.0,0.0,0.0,0.02906065,0.810463487,0.8395264279999999
real_05,gcnn,26,1,0.2797722485405269,0.2797722485405269,0.00042724609375,0.0,0.0,0.0,1.0,0.0,0.030027806,0.807559373,0.837589629
real_05,gcnn,27,1,0.2764363561202618,0.2764363561202618,0.0111598968505859,0.0,0.0,0.0,1.0,0.0,0.0295633289999999,0.811664343,0.8412297389999999
real_05,gcnn,28,1,0.274085498559865,0.274085498559865,0.0004653930664062,0.0,0.0,0.0,1.0,0.0,0.029195465,0.809737647,0.8389548319999999
real_05,gcnn,29,1,0.2806689918254491,0.2806689918254491,0.002756118774414,0.0,0.0,0.0,1.0,0.0,0.028925836,0.7996306549999999,0.828558828
real_05,gcnn,30,1,0.2744327549974331,0.2744327549974331,0.0181808471679687,0.0,0.0,1.0,0.0,0.0,0.028162189,0.803110065,0.8312745
real_05,gcnn,31,1,0.2682113316873313,0.2682113316873313,0.008523941040039,0.0,0.0,1.0,0.0,0.0,0.0292721059999999,0.8024104779999999,0.8316849899999998
real_05,gcnn,32,1,0.2651832558420714,0.2651832558420714,0.0007953643798828,0.0,0.0,1.0,0.0,0.0,0.0296793789999999,0.800054074,0.829735902
real_05,gcnn,33,1,0.2637312541728099,0.2637312541728099,0.0078010559082031,0.0,0.0,0.0,1.0,0.0,0.028293616,0.793009724,0.82130546
real_05,root-z-bias,0,2,0.383075606172869,0.383075606172869,0.033480644226074205,1.3058106003582828,1.0,1.0,0.0,0.0,0.024658064,0.828487089,0.853339997
real_05,root-z-bias,1,2,0.3908346235642473,0.3908346235642473,0.02651214599609375,0.0,0.0,0.0,1.0,0.0,0.02463447199999995,0.8062609545,0.8308991625
real_05,root-z-bias,2,2,0.3865115084984445,0.3865115084984445,0.028549194335937448,0.0,0.0,0.0,1.0,0.0,0.025161423999999953,0.8024135035,0.8275790224999999
real_05,root-z-bias,3,2,0.3784740627878109,0.3784740627878109,0.006780624389648399,0.0,0.0,0.0,1.0,0.0,0.0243235345,0.8077521375000001,0.832079905
real_05,root-z-bias,4,1,0.35804803379132,0.35804803379132,0.0240345001220703,0.0,0.0,0.0,1.0,0.0,0.018969703,0.811149689,0.830123634
real_05,root-z-bias,5,1,0.3592033433947889,0.3592033433947889,0.0176448822021484,0.0,0.0,0.0,1.0,0.0,0.018809097,0.816188318,0.835001094
real_05,root-z-bias,6,1,0.3352966259121429,0.3352966259121429,0.0186214447021484,0.0,0.0,0.0,1.0,0.0,0.018930101,0.820294382,0.8392285379999999
real_05,root-z-bias,7,1,0.3352627401726784,0.3352627401726784,0.0609703063964843,0.0,0.0,0.0,1.0,0.0,0.0191932029999999,0.8145484659999999,0.833745456
real_05,root-z-bias,8,1,0.3225005396027082,0.3225005396027082,0.0059986114501953,0.0,0.0,0.0,1.0,0.0,0.018986876,0.816828674,0.835819548
real_05,root-z-bias,9,1,0.3363556510499076,0.3363556510499076,0.0007343292236328,0.0,0.0,0.0,1.0,0.0,0.0192528679999999,0.809242161,0.8284986859999999
real_05,root-z-bias,10,1,0.3322057994443328,0.3322057994443328,0.0162277221679687,0.0,0.0,1.0,0.0,0.0,0.018456776,0.816398228,0.834858041
real_05,root-z-bias,11,1,0.3249607932287264,0.3249607932287264,0.0015525817871093,0.0,0.0,0.0,1.0,0.0,0.020238169,0.81947153,0.839713229
real_05,root-z-bias,12,1,0.3286367291319495,0.3286367291319495,0.3379230499267578,0.0,0.0,1.0,0.0,0.0,0.0194133519999999,0.798636961,0.818053988
real_05,root-z-bias,13,1,0.3192843556210765,0.3192843556210765,0.0111312866210937,0.0,0.0,0.0,1.0,0.0,0.01884047,0.7834993679999999,0.8023436449999999
real_05,root-z-bias,14,1,0.3284058725885871,0.3284058725885871,0.0014095306396484,0.0,0.0,0.0,1.0,0.0,0.019108862,0.8007399729999999,0.8198525509999999
real_05,root-z-bias,15,1,0.3076075624616001,0.3076075624616001,0.0449600219726562,0.0,0.0,1.0,0.0,0.0,0.018822563,0.781668864,0.800495107
real_05,root-z-bias,16,1,0.3047227576898065,0.3047227576898065,0.031463623046875,0.0,0.0,1.0,0.0,0.0,0.020087225,0.7834265919999999,0.803517447
real_05,root-z-bias,17,1,0.3032024792995,0.3032024792995,0.0302295684814453,0.0,0.0,1.0,0.0,0.0,0.019713932,0.800023651,0.819741214
real_05,root-z-bias,18,1,0.3016128279324085,0.3016128279324085,0.0013408660888671,0.0,0.0,1.0,0.0,0.0,0.019559208,0.801328259,0.8208921479999999
real_05,root-z-bias,19,1,0.3002730170740229,0.3002730170740229,0.011270523071289,0.0,0.0,1.0,0.0,0.0,0.018729961,0.79883312,0.817567027
real_05,root-z-bias,20,1,0.2989653113260873,0.2989653113260873,0.0592308044433593,0.0,0.0,1.0,0.0,0.0,0.01834964,0.7995739819999998,0.817927845
real_05,root-z-bias,21,1,0.2977815065381941,0.2977815065381941,0.0914878845214843,0.0,0.0,1.0,0.0,0.0,0.019379753,0.8160227519999999,0.835405901
real_05,root-z-bias,22,1,0.2950466467282739,0.2950466467282739,0.0184898376464843,0.0,0.0,1.0,0.0,0.0,0.019067712,0.815847973,0.8349194669999999
real_05,root-z-bias,23,1,0.2979152172656919,0.2979152172656919,0.0035572052001953,0.0,0.0,1.0,0.0,0.0,0.0196384759999999,0.8212999349999999,0.840942505
real_05,root-z-bias,24,1,0.2961968334792113,0.2961968334792113,0.0133914947509765,0.0,0.0,1.0,0.0,0.0,0.01948004,0.820008782,0.8394927749999999
real_05,root-z-bias,25,1,0.2947566103385965,0.2947566103385965,0.0228748321533203,0.0,0.0,1.0,0.0,0.0,0.0194483909999999,0.831774718,0.851226923
real_05,root-z-bias,26,1,0.2930820798588676,0.2930820798588676,0.018808364868164,0.0,0.0,1.0,0.0,0.0,0.020012332,0.820107224,0.84012381
real_05,root-z-bias,27,1,0.2927036393173386,0.2927036393173386,0.0263233184814453,0.0,0.0,1.0,0.0,0.0,0.019235464,0.833049565,0.8522883639999999
real_05,root-z-bias,28,1,0.2907628662709215,0.2907628662709215,0.0050220489501953,0.0,0.0,1.0,0.0,0.0,0.019332648,0.830613973,0.849950061
real_05,root-z-bias,29,1,0.2890549316075887,0.2890549316075887,0.0061855316162109,0.0,0.0,1.0,0.0,0.0,0.0196845,0.835319923,0.855008136
real_05,root-z-bias,30,1,0.288756328662794,0.288756328662794,0.1434192657470703,0.0,0.0,1.0,0.0,0.0,0.01890881,0.8240508199999999,0.842962751
real_05,root-z-bias,31,1,0.2878837801504049,0.2878837801504049,0.0002307891845703,0.0,0.0,0.0,1.0,0.0,0.0194116439999999,0.820622931,0.8400378859999998
real_05,root-z-bias,32,1,0.2999633049779857,0.2999633049779857,0.0842018127441406,0.0,0.0,1.0,0.0,0.0,0.019701438,0.824653246,0.8443583129999999
real_05,root-z-bias,33,1,0.2859349398771045,0.2859349398771045,0.004709243774414,0.0,0.0,0.0,1.0,0.0,0.019209086,0.816998175,0.836210773
real_05,root-z-bias,34,1,0.2800785348120256,0.2800785348120256,0.3583259582519531,0.0,0.0,1.0,0.0,0.0,0.0189952229999999,0.799418335,0.818418119
real_05,root-z-bias,35,1,0.2793274426099304,0.2793274426099304,0.34051513671875,0.0,0.0,1.0,0.0,0.0,0.0198501199999999,0.818233131,0.8380868689999998
real_05,topology-only,0,2,0.383075606172869,0.383075606172869,0.033480644226074205,0.3917431956739602,0.0,0.0,1.0,0.0,0.022844084,0.7985885115,0.8307747475
real_05,topology-only,1,2,0.3901278298480675,0.3901278298480675,0.005192756652832,0.3846860956385462,0.0,0.0,1.0,0.0,0.02310305999999995,0.7682899349999999,0.8007430309999999
real_05,topology-only,2,3,0.39263175794127125,0.3898643637924335,0.017157236735026,0.38210437907814776,0.0,0.0,1.0,0.0,0.024587528666666636,0.7532810183333333,0.7872714623333333
real_05,topology-only,3,2,0.4074044024643184,0.4074044024643184,0.024947166442871052,0.17000980789407005,0.0,0.0,1.0,0.0,0.02335475549999995,0.7346435345,0.7674284105
real_05,topology-only,4,2,0.4081482396703716,0.4081482396703716,0.0365066528320312,0.37163511037194213,0.0,0.0,1.0,0.0,0.024940330499999948,0.7676351719999999,0.8018629514999999
real_05,topology-only,5,2,0.4102546051899477,0.4102546051899477,0.0272941589355468,0.20677405193589612,0.0,0.0,1.0,0.0,0.025611698500000002,0.7793658065,0.8142643804999999
real_05,topology-only,6,2,0.4114864954274897,0.4114864954274897,0.01705646514892575,0.21061248493151027,0.0,0.0,1.0,0.0,0.023508835,0.7704564155,0.8033178679999999
real_05,topology-only,7,2,0.40616615853105753,0.40616615853105753,0.017592430114746052,0.21392801100548545,0.0,0.0,1.0,0.0,0.02338534849999995,0.775820228,0.8084750455
real_05,topology-only,8,2,0.39730556844791975,0.39730556844791975,0.01404285430908195,0.21652291425358156,0.0,0.0,1.0,0.0,0.02311778899999995,0.7643808824999999,0.796863331
real_05,topology-only,9,2,0.38464959036521884,0.38464959036521884,0.0410099029541015,0.3938886272682607,0.0,0.0,1.0,0.0,0.02329954399999995,0.7821409934999999,0.8148279459999999
real_05,topology-only,10,2,0.42661219331333283,0.42661219331333283,0.020375251770019448,0.7227097666732863,0.5,0.5,0.5,0.0,0.02349976049999995,0.777996602,0.8108579605
real_05,topology-only,11,2,0.41930077861986503,0.41930077861986503,0.047201156616210896,1.2132205592317518,1.0,1.0,0.0,0.0,0.02400132999999995,0.7764316254999999,0.8097971905000001
real_05,topology-only,12,2,0.4151190792116264,0.4151190792116264,0.0555810928344726,1.2262412238134774,1.0,1.0,0.0,0.0,0.02339750699999995,0.7860957095000001,0.8187778619999999
real_05,topology-only,13,2,0.4155061192390904,0.4155061192390904,0.054698944091796806,0.7398630702676458,0.5,0.5,0.5,0.0,0.026337770499999948,0.779541534,0.8152472425
real_05,topology-only,14,1,0.3592839025948541,0.3592839025948541,0.0837020874023437,1.3916571168061047,1.0,1.0,0.0,0.0,0.0192427119999999,0.753766366,0.782362404
real_05,topology-only,15,1,0.3566997813920911,0.3566997813920911,0.0917854309082031,0.4205217210256197,0.0,0.0,1.0,0.0,0.019114077,0.7171282039999999,0.745627016
real_05,topology-only,16,1,0.353068150175073,0.353068150175073,0.09881591796875,0.7080785958066016,0.0,1.0,0.0,0.0,0.0248512959999999,0.8148918419999999,0.849135532
real_05,topology-only,17,1,0.3486621218618066,0.3486621218618066,0.0548973083496093,0.4302159499273553,0.0,0.0,1.0,0.0,0.019064632,0.8251265989999998,0.8535482859999999
real_05,topology-only,18,1,0.3468236950177617,0.3468236950177617,0.0654468536376953,0.43249641854136456,0.0,0.0,1.0,0.0,0.019133763,0.816293534,0.844790405
real_05,topology-only,19,1,0.3368654649052575,0.3368654649052575,0.1222858428955078,0.7421360336545981,0.0,1.0,0.0,0.0,0.0192249549999999,0.798722604,0.8271986249999999
real_05,topology-only,20,1,0.326112068177619,0.326112068177619,0.0985851287841796,1.5332152618395951,1.0,1.0,0.0,0.0,0.019191732,0.810485341,0.839031159
real_05,topology-only,21,1,0.3265706129707694,0.3265706129707694,0.0981807708740234,1.5310624414473997,1.0,1.0,0.0,0.0,0.0189861119999999,0.741331966,0.769673659
real_05,topology-only,22,1,0.3199896549241119,0.3199896549241119,0.0926246643066406,0.46876517303672877,0.0,0.0,1.0,0.0,0.018726599,0.78495952,0.813040968
real_05,topology-only,23,1,0.3132980201966174,0.3132980201966174,0.0915451049804687,0.47877738220729416,0.0,0.0,1.0,0.0,0.019219993,0.7829487739999998,0.811572904
real_05,topology-only,24,1,0.314217241905821,0.314217241905821,0.0908279418945312,0.47737675071765573,0.0,0.0,1.0,0.0,0.018765394,0.8027453719999998,0.8308315029999999
real_05,topology-only,25,1,0.3080066429055909,0.3080066429055909,0.0898170471191406,0.4870025027558965,0.0,0.0,1.0,0.0,0.018826709,0.808710264,0.836859464
real_05,topology-only,26,1,0.2910209112058037,0.2910209112058037,0.0565452575683593,1.718089596820796,1.0,1.0,0.0,0.0,0.018932415,0.804905001,0.833159653
real_05,topology-only,27,1,0.2931674209122459,0.2931674209122459,0.0556869506835937,0.5116530530360811,0.0,0.0,1.0,0.0,0.018860317,0.779736819,0.8079508859999999
real_05,topology-only,28,1,0.2977456013272029,0.2977456013272029,0.0505256652832031,0.5037857999978453,0.0,0.0,1.0,0.0,0.018755829,0.788530061,0.816564147
real_05,topology-only,29,1,0.3000962875172967,0.3000962875172967,0.0448265075683593,0.4998395921569635,0.0,0.0,1.0,0.0,0.01973056,0.8228305679999999,0.851996371
real_05,topology-only,30,1,0.3017032049282568,0.3017032049282568,0.0449409484863281,0.0,0.0,0.0,1.0,0.0,0.019360531,0.8161568369999999,0.8447873129999999
real_05,topology-only,31,1,0.292639561069399,0.292639561069399,0.0450057983398437,0.512575966873092,0.0,0.0,1.0,0.0,0.024511193,0.8187815179999999,0.8526829209999999
real_05,topology-only,32,1,0.2877888218893017,0.2877888218893017,0.0443992614746093,1.7373850614403834,1.0,1.0,0.0,0.0,0.019857645,0.774034257,0.803252465
real_05,topology-only,33,1,0.2874379163392077,0.2874379163392077,0.0418052673339843,1.739506069233908,1.0,1.0,0.0,0.0,0.019065188,0.834353171,0.8628253019999998
real_05,topology-only,34,1,0.290087279200204,0.290087279200204,0.041910171508789,0.5170857763016276,0.0,0.0,1.0,0.0,0.019308794,0.821495476,0.850189237
real_05,topology-only,35,1,0.2980318480163354,0.2980318480163354,0.0421161651611328,0.8388365259081212,0.0,1.0,0.0,0.0,0.019619055,0.8104401989999999,0.839444669
real_05,topology-only,36,1,0.2943926744391509,0.2943926744391509,0.1434555053710937,0.0,0.0,0.0,1.0,0.0,0.020300109,0.821603892,0.8511414809999999
real_05,topology-only,37,1,0.2920015568525463,0.2920015568525463,0.1153850555419921,1.7123196375712746,1.0,1.0,0.0,0.0,0.0195906879999999,0.830244972,0.8591125029999999
real_05,topology-only,38,1,0.2896821636950734,0.2896821636950734,0.1349906921386718,0.8630148187623874,0.0,1.0,0.0,0.0,0.020005759,0.8054742139999999,0.834729993
real_05,topology-only,39,1,0.2854846873359813,0.2854846873359813,0.0011329650878906,0.0,0.0,0.0,1.0,0.0,0.0192474239999999,0.8197150309999999,0.848321818
real_05,topology-only,40,1,0.2787356892274898,0.2787356892274898,0.0087261199951171,0.0,0.0,0.0,1.0,0.0,0.020230119,0.8152189309999999,0.844845397
real_05,topology-only,41,1,0.2757893848983086,0.2757893848983086,0.0073471069335937,0.0,0.0,0.0,1.0,0.0,0.021037116,0.7906731099999998,0.821134185
real_05,topology-only,42,1,0.2871877372950024,0.2871877372950024,0.0037040710449218,0.0,0.0,0.0,1.0,0.0,0.019133336,0.8228155879999999,0.8513276579999999
real_05,topology-only,43,1,0.2801920335542479,0.2801920335542479,0.0033206939697265,0.0,0.0,0.0,1.0,0.0,0.0196068829999999,0.8156071099999999,0.844623412
real_05,topology-only,44,1,0.2754734480167213,0.2754734480167213,0.0028572082519531,0.5445171105977495,0.0,0.0,1.0,0.0,0.0199508309999999,0.819071623,0.8484038179999999
real_05,topology-only,45,1,0.2546601841378097,0.2546601841378097,0.0079727172851562,1.9634007636208426,1.0,1.0,0.0,0.0,0.019818378,0.818573457,0.847775995
real_05,topology-only,46,1,0.2558939564061862,0.2558939564061862,0.0076541900634765,1.9539343836879792,1.0,1.0,0.0,0.0,0.0194335999999999,0.7274460999999999,0.756310863
real_05,topology-only,47,1,0.2571541121615227,0.2571541121615227,0.0072956085205078,1.944359340775161,1.0,1.0,0.0,0.0,0.01953483,0.8204427819999999,0.84936033
real_05,topology-only,48,1,0.2584786666710014,0.2584786666710014,0.0069122314453125,1.934395617400849,1.0,1.0,0.0,0.0,0.0199558589999999,0.799128964,0.8286733539999999
real_05,topology-only,49,1,0.2599476351514605,0.2599476351514605,0.0064849853515625,1.9234643150674215,1.0,1.0,0.0,0.0,0.019549809,0.7511145249999999,0.7801257919999999
real_05,topology-only,50,1,0.2590203110454283,0.2590203110454283,0.00604248046875,1.9303505504335043,1.0,1.0,0.0,0.0,0.0191172429999999,0.831343598,0.85971691
real_05,topology-only,51,1,0.2596436764380076,0.2596436764380076,0.005584716796875,1.9257160692661033,1.0,1.0,0.0,0.0,0.019425787,0.8248793819999999,0.853709696
real_05,topology-only,52,1,0.2594000911662655,0.2594000911662655,0.0051383972167968,1.9275243803963014,1.0,1.0,0.0,0.0,0.020731599,0.841480353,0.8716588229999999
real_05,topology-only,53,1,0.2599357283784584,0.2599357283784584,0.0046615600585937,0.0,0.0,0.0,1.0,0.0,0.021434758,0.8340479419999999,0.8649770479999999
real_05,topology-only,54,1,0.2702341802989273,0.2702341802989273,0.0039539337158203,0.0,0.0,0.0,1.0,0.0,0.020493891,0.833807394,0.8637617709999998
real_05,topology-only,55,1,0.2697300846724544,0.2697300846724544,0.0047683715820312,0.0,0.0,0.0,1.0,0.0,0.021279698,0.840211965,0.8709474219999999
real_05,topology-only,56,1,0.2699442735875841,0.2699442735875841,0.0010528564453125,0.9261170710438755,0.0,1.0,0.0,0.0,0.0211013029999999,0.835168263,0.865674437
real_05,topology-only,57,1,0.2693757254946088,0.2693757254946088,0.1385669708251953,0.9280717464091003,0.0,1.0,0.0,0.0,0.019883119,0.833085495,0.862433843
real_05,topology-only,58,1,0.2645911984419024,0.2645911984419024,0.0301666259765625,0.0,0.0,0.0,1.0,0.0,0.019802073,0.8349756569999999,0.86407973
real_05,topology-only,59,1,0.2670437165925776,0.2670437165925776,0.0168304443359375,0.9361763054751788,0.0,1.0,0.0,0.0,0.020292002,0.836894549,0.866650978
real_05,topology-only,60,1,0.2657330762941095,0.2657330762941095,0.0158977508544921,0.9407936847248313,0.0,1.0,0.0,0.0,0.02010361,0.8345822099999999,0.8640621219999999
real_05,topology-only,61,1,0.2685458839514589,0.2685458839514589,0.0518054962158203,0.0,0.0,0.0,1.0,0.0,0.0198227659999999,0.837769988,0.867035485
real_05,topology-only,62,1,0.2638886151961755,0.2638886151961755,0.0375137329101562,0.9473694036180732,0.0,1.0,0.0,0.0,0.0197222319999999,0.8221036489999999,0.8511529989999999
real_05,topology-only,63,1,0.2547911312958299,0.2547911312958299,0.0082626342773437,0.9811958474713663,0.0,1.0,0.0,0.0,0.020564578,0.8254515839999998,0.8554824359999998
real_05,topology-only,64,1,0.2526507093490514,0.2526507093490514,0.0052108764648437,0.9895084032976558,0.0,1.0,0.0,0.0,0.019780142,0.823703629,0.8528487089999999
real_05,topology-only,65,1,0.2483029185336353,0.2483029185336353,0.027933120727539,1.0068347221868632,1.0,1.0,0.0,0.0,0.01920823,0.806595538,0.835087577
real_05,topology-only,66,1,0.2489414496758528,0.2489414496758528,0.0428314208984375,1.0042522059927166,1.0,1.0,0.0,0.0,0.0190349829999999,0.810200303,0.8386315149999999
real_05,topology-only,67,1,0.2450218542892352,0.2450218542892352,0.008697509765625,1.0203171497710093,1.0,1.0,0.0,0.0,0.0198180139999999,0.809831179,0.839022408
real_05,topology-only,68,1,0.2416917041828379,0.2416917041828379,0.0411434173583984,1.0343755936731571,1.0,1.0,0.0,0.0,0.019727221,0.803652424,0.8329076429999999
real_05,topology-only,69,1,0.2383230044641434,0.2383230044641434,0.0218486785888671,1.048996510270218,1.0,1.0,0.0,0.0,0.0192797759999999,0.7997127579999999,0.828328728
real_05,topology-only,70,1,0.2460073855223655,0.2460073855223655,0.016366958618164,1.016229652899065,1.0,1.0,0.0,0.0,0.018957227,0.8060630309999999,0.834219554
real_05,topology-only,71,1,0.2432561266031444,0.2432561266031444,0.0174388885498046,1.0277233444889047,1.0,1.0,0.0,0.0,0.019117258,0.80393809,0.832378873
real_05,topology-only,72,1,0.2369838839866534,0.2369838839866534,0.0112476348876953,1.0549240555702921,1.0,1.0,0.0,0.0,0.019234385,0.797196546,0.825914376
real_05,topology-only,73,1,0.2379546554844733,0.2379546554844733,0.1699981689453125,1.0506203355887385,1.0,1.0,0.0,0.0,0.018653339,0.806062269,0.83399917
real_05,topology-only,74,1,0.2316712015936496,0.2316712015936496,0.0069637298583984,1.0791155667181243,1.0,1.0,0.0,0.0,0.0195998689999999,0.8122079399999999,0.8412872959999999
real_05,topology-only,75,1,0.2289131916221844,0.2289131916221844,0.0100669860839843,1.0921170520072905,1.0,1.0,0.0,0.0,0.018931618,0.8137884669999998,0.842058217
real_05,topology-only,76,1,0.2263050646888375,0.2263050646888375,0.00860595703125,1.1047035131261527,1.0,1.0,0.0,0.0,0.019755404,0.817376591,0.8466048419999999
real_05,topology-only,77,1,0.2235845572121975,0.2235845572121975,0.0047988891601562,1.118145202500423,1.0,1.0,0.0,0.0,0.019792723,0.8188570739999999,0.848127971
real_05,topology-only,78,1,0.2210114303079003,0.2210114303079003,0.0096035003662109,1.1311632147338013,1.0,1.0,0.0,0.0,0.018987244,0.8170036179999999,0.8453007049999999
real_05,topology-only,79,1,0.2183593117326019,0.2183593117326019,0.0029773712158203,1.1449019417415303,1.0,1.0,0.0,0.0,0.0189624639999999,0.818735689,0.847023127
real_05,topology-only,80,1,0.2156429024422617,0.2156429024422617,0.0169582366943359,1.1593240360272807,1.0,1.0,0.0,0.0,0.019979349,0.8247188789999998,0.85400361
real_05,topology-only,81,1,0.2236368031520978,0.2236368031520978,0.0245361328125,1.1178839818684598,1.0,1.0,0.0,0.0,0.019433669,0.8238962819999999,0.852653557
real_05,topology-only,82,1,0.2284382406626778,0.2284382406626778,0.0118179321289062,2.1887753930758143,1.0,1.0,0.0,0.0,0.020172717,0.819669241,0.849124192
real_05,topology-only,83,1,0.2321000210692839,0.2321000210692839,0.0147686004638671,1.0771218324248786,1.0,1.0,0.0,0.0,0.0192685099999999,0.815842397,0.844399023
real_05,topology-only,84,1,0.2297174587143301,0.2297174587143301,0.0004253387451171,2.176586850639791,1.0,1.0,0.0,0.0,0.019422799,0.815561128,0.844223119
real_05,topology-only,85,2,0.2315542979402003,0.2315542979402003,0.01553153991699215,1.6572798041354806,1.0,1.0,0.0,0.0,0.01973818199999995,0.8274549439999999,0.8564810219999999
real_05,topology-only,86,2,0.23003259489741235,0.23003259489741235,0.024668693542480448,1.6611967618045282,1.0,1.0,0.0,0.0,0.022785051499999952,0.81496598,0.8470550324999999
real_05,topology-only,87,2,0.2316429899825378,0.2316429899825378,0.01779174804687495,1.080137811345244,1.0,1.0,0.0,0.0,0.023482779500000002,0.8178595569999998,0.850675573
real_05,topology-only,88,2,0.22992593135981104,0.22992593135981104,0.0159454345703125,1.61835717572171,1.0,1.0,0.0,0.0,0.019815286,0.8209194109999999,0.8500220725
real_05,topology-only,89,3,0.21415537175108149,0.2187697568152876,0.044249852498372357,1.5487867737482324,1.0,1.0,0.0,0.0,0.0214458923333333,0.8197665563333332,0.8504542873333332
real_05,topology-only,90,3,0.207936460286546,0.2029060459303001,0.0237967173258463,1.5845966452432438,1.0,1.0,0.0,0.0,0.021148891999999964,0.804015701,0.8343434463333333
real_05,topology-only,91,3,0.2068332088708549,0.2004600822652111,0.025009155273437434,1.2112468337460724,1.0,1.0,0.0,0.0,0.019209805333333267,0.7938931243333333,0.8223318256666667
real_05,topology-only,92,3,0.20621008866430715,0.1994050260054113,0.012630462646484366,1.2151490852660336,1.0,1.0,0.0,0.0,0.019529891,0.8118904006666666,0.8407036166666666
real_05,topology-only,93,3,0.20487173456660512,0.1991032582682855,0.028469085693359333,1.64558775837314,1.0,1.0,0.0,0.0,0.02067960333333327,0.8043574026666667,0.8342776089999999
real_05,topology-only,94,3,0.20543663632262477,0.2005181189306761,0.014753977457682232,1.2187334670982641,1.0,1.0,0.0,0.0,0.019459651333333303,0.8029829583333332,0.8316342369999999
real_05,topology-only,95,3,0.20417483129018812,0.2017629230812434,0.008883794148762968,1.2273997047869993,1.0,1.0,0.0,0.0,0.0195001596666666,0.8051812479999999,0.8339134133333332
real_05,topology-only,96,3,0.20443367931554932,0.2027339345680669,0.010595957438151032,1.2266839311196038,1.0,1.0,0.0,0.0,0.019701495666666635,0.8068248589999999,0.8358285723333333
real_05,topology-only,97,2,0.19860644901346253,0.19860644901346253,0.0076828002929687,1.2600026047541333,1.0,1.0,0.0,0.0,0.019450707,0.8052471545,0.8339379215
real_05,topology-only,98,2,0.2016690338207595,0.2016690338207595,0.014404296875,1.2424637548196613,1.0,1.0,0.0,0.0,0.019126884999999948,0.8097556765,0.8381244379999999
real_05,topology-only,99,2,0.20217630233253897,0.20217630233253897,0.00073528289794915,1.239275219955621,1.0,1.0,0.0,0.0,0.0193396365,0.8147121135,0.8433786904999998
real_05,topology-only,100,2,0.2049860474677657,0.2049860474677657,0.00338840484619135,1.2237416784433552,1.0,1.0,0.0,0.0,0.01895004199999995,0.8099401045000001,0.8382084139999999
real_05,topology-only,101,2,0.207073384695204,0.207073384695204,0.007934570312499951,1.2134596755630238,1.0,1.0,0.0,0.0,0.01960497,0.8131213669999999,0.8419726045
real_05,topology-only,102,2,0.21044592990900696,0.21044592990900696,0.00936794281005855,1.1925173627625807,1.0,1.0,0.0,0.0,0.019256184000000003,0.8087513740000001,0.837244282
real_05,topology-only,103,2,0.21300628904512492,0.21300628904512492,0.004349708557128875,1.1806207252006833,1.0,1.0,0.0,0.0,0.0192716935,0.806843162,0.8353528035
real_05,topology-only,104,2,0.21597930557449724,0.21597930557449724,0.01943588256835935,1.1636295026984613,1.0,1.0,0.0,0.0,0.01923694849999995,0.756545495,0.7850271515
real_05,topology-only,105,2,0.22307354390005418,0.22307354390005418,0.019554138183593698,1.128550623130515,1.0,1.0,0.0,0.0,0.01927438399999995,0.7962156724999999,0.8247496265
real_05,topology-only,106,2,0.21574850601956008,0.21574850601956008,0.0489873886108398,1.1614372003587983,1.0,1.0,0.0,0.0,0.01913019749999995,0.8215135794999999,0.849840551
real_05,topology-only,107,2,0.2158107953164417,0.2158107953164417,0.01235294342041015,1.7126987065756538,1.0,1.0,0.0,0.0,0.019076693,0.7843802384999999,0.8126544765
real_05,topology-only,108,2,0.16337676076624896,0.16337676076624896,0.0655241012573242,1.6309307867889742,1.0,1.0,0.0,0.0,0.019273201499999948,0.8076450079999999,0.8361208254999999
real_05,topology-only,109,2,0.14269622279507677,0.14269622279507677,0.07977199554443355,2.2152950362437944,1.0,1.0,0.0,0.0,0.01904643549999995,0.7891995694999998,0.8174499534999999
real_05,z-bias,0,2,0.383075606172869,0.383075606172869,0.033480644226074205,1.3058106003582828,1.0,1.0,0.0,0.0,0.025184586000000002,0.8356634685,0.8610334829999999
real_05,z-bias,1,2,0.3908346235642473,0.3908346235642473,0.02651214599609375,1.2814257807782596,1.0,1.0,0.0,0.0,0.024329469,0.7838872214999999,0.808398505
real_05,z-bias,2,3,0.39056174142278227,0.3986193037919071,0.023600260416666633,1.2824858245403135,1.0,1.0,0.0,0.0,0.0265186263333333,0.755836612,0.7825450106666666
real_05,z-bias,3,1,0.3614048067798645,0.3614048067798645,0.0104732513427734,1.383490176721848,1.0,1.0,0.0,0.0,0.020514883,0.815443788,0.8361372
real_05,z-bias,4,2,0.3468901692456754,0.3468901692456754,0.00907897949218745,1.4422295846398494,1.0,1.0,0.0,0.0,0.020033630499999948,0.7937736704999998,0.814007279
real_08,full-prim,0,1,0.4478997762465496,0.4478997762465496,0.0087451934814453,0.3348963627923223,0.0,0.0,1.0,0.0,0.0129704969999999,0.5577441619999999,0.5775904729999999
real_08,full-prim,1,1,0.4318518923652704,0.4318518923652704,0.0068588256835937,0.3473413191242681,0.0,0.0,1.0,0.0,0.012740444,0.499539092,0.519216377
real_08,full-prim,2,1,0.3742031096191312,0.3742031096191312,0.0121707916259765,0.4008518425010856,0.0,0.0,1.0,0.0,0.0131268719999999,0.5230712969999999,0.54290059
real_08,full-prim,3,1,0.3697816256889536,0.3697816256889536,0.0001106262207031,1.35214939105866,1.0,1.0,0.0,0.0,0.012968136,0.48424263,0.5040810119999999
real_08,full-prim,4,1,0.3636117063191595,0.3636117063191595,0.0013294219970703,1.3750932418031832,1.0,1.0,0.0,0.0,0.012947679,0.346257397,0.366149292
real_08,full-prim,5,1,0.3529704894593388,0.3529704894593388,0.0338344573974609,0.4249647220939813,0.0,0.0,1.0,0.0,0.013353336,0.488223689,0.508478378
real_08,full-prim,6,1,0.3545323307368707,0.3545323307368707,0.0128364562988281,0.0,0.0,0.0,1.0,0.0,0.0128790599999999,0.4522833419999999,0.4720326249999999
real_08,full-prim,7,1,0.3550842278872579,0.3550842278872579,0.0092411041259765,1.4081166121485802,1.0,1.0,0.0,0.0,0.012987828,0.4819888379999999,0.501932926
real_08,full-prim,8,1,0.350574833277403,0.350574833277403,0.0078372955322265,1.4262290174273855,1.0,1.0,0.0,0.0,0.01298385,0.490913439,0.51083681
real_08,full-prim,9,2,0.3457530241737583,0.3457530241737583,0.00599575042724605,1.4461468560839146,1.0,1.0,0.0,0.0,0.01588587699999995,0.4576767465,0.48047580999999995
real_08,full-prim,10,1,0.3492709376829359,0.3492709376829359,0.0027217864990234,1.431553404692074,1.0,1.0,0.0,0.0,0.012544398,0.4438744319999999,0.4633159829999999
real_08,full-prim,11,1,0.3491499748420809,0.3491499748420809,0.0018844604492187,1.4320493656806017,1.0,1.0,0.0,0.0,0.0131122489999999,0.385085985,0.405096416
real_08,full-prim,12,1,0.3454589071950464,0.3454589071950464,0.0010566711425781,1.447350146678081,1.0,1.0,0.0,0.0,0.012811978,0.384878296,0.404553437
real_08,full-prim,13,1,0.3416211729108998,0.3416211729108998,0.0003490447998046,1.4636095173480594,1.0,1.0,0.0,0.0,0.013015527,0.3651057509999999,0.3850131239999999
real_08,full-prim,14,1,0.3570601108666627,0.3570601108666627,0.0521259307861328,1.4003244405721798,1.0,1.0,0.0,0.0,0.012881292,0.4198041029999999,0.439568302
real_08,full-prim,15,1,0.3717500908275756,0.3717500908275756,0.0244731903076171,0.4034968912221118,0.0,0.0,1.0,0.0,0.012730811,0.3827833179999999,0.4023644339999999
real_08,full-prim,16,1,0.3294305475355556,0.3294305475355556,0.0026779174804687,0.45533119828322804,0.0,0.0,1.0,0.0,0.012668667,0.378300097,0.3979123419999999
real_08,full-prim,17,1,0.3284061684925305,0.3284061684925305,0.0066127777099609,0.4567514874918561,0.0,0.0,1.0,0.0,0.0128905489999999,0.440332396,0.460131361
real_08,full-prim,18,1,0.3344872733820297,0.3344872733820297,0.0018157958984375,1.4948251840629296,1.0,1.0,0.0,0.0,0.012623064,0.364628681,0.3841107089999999
real_08,full-prim,19,1,0.3312274550602999,0.3312274550602999,0.0112228393554687,0.45286102848315213,0.0,0.0,1.0,0.0,0.012694161,0.387071479,0.406647768
real_08,full-prim,20,1,0.3697278001902422,0.3697278001902422,0.1817989349365234,0.4057038877879414,0.0,0.0,1.0,0.0,0.0130230369999999,0.4104928099999999,0.430469775
real_08,full-prim,21,1,0.3656751160641997,0.3656751160641997,0.2126827239990234,0.0,0.0,0.0,1.0,0.0,0.0128586729999999,0.4641048709999999,0.4838349189999999
real_08,full-prim,22,1,0.325764482840159,0.325764482840159,0.1666584014892578,0.4604553714778787,0.0,0.0,1.0,0.0,0.0130681619999999,0.40712774,0.4270786779999999
real_08,full-prim,23,1,0.309736813260874,0.309736813260874,0.1405010223388671,0.0,0.0,0.0,1.0,0.0,0.012998558,0.347103577,0.3670220129999999
real_08,full-prim,24,1,0.3069971965909158,0.3069971965909158,0.1589241027832031,0.0,0.0,0.0,1.0,0.0,0.013168707,0.475406712,0.495390991
real_08,full-prim,25,1,0.3045905163621712,0.3045905163621712,0.1672019958496093,0.4924644659064434,0.0,0.0,1.0,0.0,0.01285509,0.422080114,0.441778422
real_08,full-prim,26,1,0.3023041149522817,0.3023041149522817,0.1765956878662109,0.0,0.0,0.0,1.0,0.0,0.013017025,0.491520507,0.5113884549999999
real_08,full-prim,27,1,0.2986212095389378,0.2986212095389378,0.2178497314453125,0.0,0.0,0.0,1.0,0.0,0.013084718,0.4716028729999999,0.491558145
real_08,full-prim,28,1,0.2950306398745737,0.2950306398745737,0.2243194580078125,0.0,0.0,0.0,1.0,0.0,0.012981744,0.4530683039999999,0.4729018199999999
real_08,full-prim,29,1,0.2874159563476532,0.2874159563476532,0.1971321105957031,0.0,0.0,0.0,1.0,0.0,0.013014871,0.4682909029999999,0.4881983679999999
real_08,full-prim,30,1,0.2907133834744023,0.2907133834744023,0.1853847503662109,0.0,0.0,0.0,1.0,0.0,0.0135743589999999,0.354043333,0.374518028
real_08,full-prim,31,1,0.3019360106596975,0.3019360106596975,0.2000026702880859,1.6559800167841991,1.0,1.0,0.0,0.0,0.0130893969999999,0.427653967,0.4476460509999999
real_08,full-prim,32,1,0.3024636212496058,0.3024636212496058,0.2047252655029296,0.0,0.0,0.0,1.0,0.0,0.012894284,0.4049780259999999,0.424835952
real_08,full-prim,33,1,0.2956148214191328,0.2956148214191328,0.2217655181884765,0.0,0.0,0.0,1.0,0.0,0.0130601339999999,0.409751238,0.4296905469999999
real_08,full-prim,34,1,0.3046323267410637,0.3046323267410637,0.2057361602783203,0.4923968758179885,0.0,0.0,1.0,0.0,0.012847446,0.4228268159999999,0.442563174
real_08,full-prim,35,1,0.280616655721719,0.280616655721719,0.1118106842041015,0.0,0.0,0.0,1.0,0.0,0.01294641,0.389540288,0.4092849089999999
real_08,full-prim,36,1,0.2790554630058202,0.2790554630058202,0.1346263885498046,0.0,0.0,0.0,1.0,0.0,0.0132367519999999,0.384514018,0.4046119289999999
real_08,full-prim,37,1,0.2762156018928555,0.2762156018928555,0.1835746765136718,0.9050900756032436,0.0,1.0,0.0,0.0,0.013043984,0.367256798,0.3871224389999999
real_08,full-prim,38,1,0.2658161083234863,0.2658161083234863,0.0715236663818359,0.0,0.0,0.0,1.0,0.0,0.01340438,0.381137779,0.401386422
real_08,full-prim,39,1,0.2608244038725187,0.2608244038725187,0.0013809204101562,0.0,0.0,0.0,1.0,0.0,0.013114092,0.448582352,0.468512545
real_08,full-prim,40,1,0.2545620201491878,0.2545620201491878,0.1285572052001953,0.589247389978112,0.0,0.0,1.0,0.0,0.012890848,0.420353395,0.440094443
real_08,full-prim,41,1,0.2479957095615094,0.2479957095615094,0.1338787078857421,0.0,0.0,0.0,1.0,0.0,0.01278291,0.3862342999999999,0.4058351889999999
real_08,full-prim,42,1,0.2410027960360114,0.2410027960360114,0.1370525360107421,2.0746647268162333,1.0,1.0,0.0,0.0,0.012896842,0.3789228789999999,0.3986439019999999
real_08,full-prim,43,1,0.2418415521942044,0.2418415521942044,0.121490478515625,1.0337346817855526,1.0,1.0,0.0,0.0,0.012787997,0.468924697,0.488589047
real_08,full-prim,44,1,0.2399838519167232,0.2399838519167232,0.0585498809814453,2.083473517099413,1.0,1.0,0.0,0.0,0.012773768,0.410445773,0.430072226
real_08,full-prim,45,1,0.2731168745240109,0.2731168745240109,0.057037353515625,0.9153590397360138,0.0,1.0,0.0,0.0,0.012865641,0.413795038,0.433490115
real_08,full-prim,46,1,0.2649526215269915,0.2649526215269915,0.0138969421386718,0.9435649232650893,0.0,1.0,0.0,0.0,0.0129551419999999,0.463386524,0.483205192
real_08,full-prim,47,1,0.2572158032608252,0.2572158032608252,0.0537605285644531,0.9719465010728436,0.0,1.0,0.0,0.0,0.01297788,0.463527366,0.483378005
real_08,full-prim,48,1,0.2499367194615436,0.2499367194615436,0.0363101959228515,1.0002531862408721,1.0,1.0,0.0,0.0,0.0126444079999999,0.347329634,0.366814136
real_08,full-prim,49,1,0.2455329198927198,0.2455329198927198,0.0056114196777343,1.0181934060379032,1.0,1.0,0.0,0.0,0.013345121,0.4709470729999999,0.4911508399999999
real_08,full-prim,50,1,0.2391469832149198,0.2391469832149198,0.0035400390625,1.045382202355974,1.0,1.0,0.0,0.0,0.0134668259999999,0.485092122,0.5054152389999998
real_08,gcnn,0,1,0.4478997762465496,0.4478997762465496,0.0087451934814453,0.0,0.0,0.0,1.0,0.0,0.012769478,0.5549389,0.567711229
real_08,gcnn,1,1,0.4325000232428189,0.4325000232428189,0.0002632141113281,0.0,0.0,0.0,1.0,0.0,0.012798663,0.47373005,0.4865312869999999
real_08,gcnn,2,1,0.3773801753249896,0.3773801753249896,0.0070362091064453,0.0,0.0,0.0,1.0,0.0,0.01299001,0.4726030609999999,0.485595543
real_08,gcnn,3,1,0.3739766190248393,0.3739766190248393,0.0075912475585937,0.0,0.0,0.0,1.0,0.0,0.01282647,0.4502749229999999,0.4631034749999999
real_08,gcnn,4,1,0.3669034682899854,0.3669034682899854,0.0026054382324218,0.0,0.0,0.0,1.0,0.0,0.012886556,0.4621109809999999,0.474999814
real_08,gcnn,5,1,0.3567395666033267,0.3567395666033267,0.0179367065429687,0.0,0.0,0.0,1.0,0.0,0.012776889,0.410893043,0.4236726889999999
real_08,gcnn,6,1,0.4039656969361358,0.4039656969361358,0.0024223327636718,0.0,0.0,0.0,1.0,0.0,0.01283944,0.362266272,0.375107999
real_08,gcnn,7,1,0.3962989414225529,0.3962989414225529,0.0149707794189453,0.0,0.0,0.0,1.0,0.0,0.012800061,0.4572119909999999,0.4700145339999999
real_08,gcnn,8,1,0.3863491458237887,0.3863491458237887,0.0241775512695312,0.0,0.0,0.0,1.0,0.0,0.017266987,0.47120197,0.4884714119999999
real_08,gcnn,9,1,0.3403785101439308,0.3403785101439308,0.0269279479980468,0.0,0.0,0.0,1.0,0.0,0.013127676,0.443412318,0.456542433
real_08,gcnn,10,1,0.4066476139298222,0.4066476139298222,0.0030937194824218,0.0,0.0,0.0,1.0,0.0,0.0127745729999999,0.484453534,0.4972306129999999
real_08,gcnn,11,1,0.3754974988959545,0.3754974988959545,0.0012321472167968,0.0,0.0,0.0,1.0,0.0,0.0127465259999999,0.4458091069999999,0.4585581289999999
real_08,gcnn,12,1,0.3811352051225797,0.3811352051225797,0.0169124603271484,0.0,0.0,0.0,1.0,0.0,0.012895534,0.445190493,0.458088628
real_08,gcnn,13,1,0.3672541225407571,0.3672541225407571,0.00311279296875,0.0,0.0,0.0,1.0,0.0,0.0130640659999999,0.4598001319999999,0.472866318
real_08,gcnn,14,1,0.3831555793469054,0.3831555793469054,0.0009346008300781,0.0,0.0,0.0,1.0,0.0,0.012762623,0.4443083629999999,0.4570729539999999
real_08,gcnn,15,1,0.3773402041033981,0.3773402041033981,0.0235805511474609,0.0,0.0,0.0,1.0,0.0,0.012709259,0.36555102,0.378262523
real_08,gcnn,16,1,0.3544529029456584,0.3544529029456584,0.1473560333251953,0.0,0.0,0.0,1.0,0.0,0.0130775119999999,0.4107899729999999,0.423869737
real_08,gcnn,17,1,0.3427982225942885,0.3427982225942885,0.0327033996582031,0.0,0.0,1.0,0.0,0.0,0.012802595,0.348158291,0.360963513
real_08,gcnn,18,1,0.3364982698566822,0.3364982698566822,0.0057792663574218,0.0,0.0,0.0,1.0,0.0,0.012940325,0.456754504,0.469696677
real_08,gcnn,19,1,0.3397665115079693,0.3397665115079693,0.0001697540283203,0.0,0.0,0.0,1.0,0.0,0.012869569,0.5193647719999999,0.53225982
real_08,gcnn,20,1,0.3213375654094256,0.3213375654094256,0.0307331085205078,0.0,0.0,0.0,1.0,0.0,0.013039462,0.3878277929999999,0.4008695609999999
real_08,gcnn,21,1,0.328818529034085,0.328818529034085,0.0138053894042968,0.0,0.0,0.0,1.0,0.0,0.012631948,0.4812597929999999,0.493894416
real_08,gcnn,22,1,0.3170582518053765,0.3170582518053765,0.0136871337890625,0.0,0.0,0.0,1.0,0.0,0.012857957,0.4537533369999999,0.466613151
real_08,gcnn,23,1,0.3192343765911213,0.3192343765911213,0.0576400756835937,0.0,0.0,1.0,0.0,0.0,0.012730426,0.4673500389999999,0.480082545
real_08,gcnn,24,1,0.3154455584427574,0.3154455584427574,0.0145473480224609,0.0,0.0,0.0,1.0,0.0,0.012658246,0.4416115769999999,0.454272281
real_08,gcnn,25,1,0.2968392217242569,0.2968392217242569,0.0144367218017578,0.0,0.0,0.0,1.0,0.0,0.0129227519999999,0.444854586,0.4577793299999999
real_08,gcnn,26,1,0.2807613643287945,0.2807613643287945,0.0024852752685546,0.0,0.0,0.0,1.0,0.0,0.0131846629999999,0.4123998079999999,0.425586328
real_08,gcnn,27,1,0.264144262435757,0.264144262435757,0.0166244506835937,0.0,0.0,0.0,1.0,0.0,0.012827652,0.4630007219999999,0.475830164
real_08,gcnn,28,1,0.263166162406548,0.263166162406548,0.070892333984375,0.0,0.0,1.0,0.0,0.0,0.012726101,0.4643890569999999,0.4771172309999999
real_08,gcnn,29,1,0.2619846634603664,0.2619846634603664,0.0455341339111328,0.0,0.0,1.0,0.0,0.0,0.012955789,0.479657643,0.492615681
real_08,gcnn,30,1,0.2605098541823086,0.2605098541823086,0.0051212310791015,0.0,0.0,1.0,0.0,0.0,0.012628215,0.45254853,0.4651787119999999
real_08,gcnn,31,1,0.2570741230907363,0.2570741230907363,0.0061683654785156,0.0,0.0,1.0,0.0,0.0,0.0126774869999999,0.4654658649999999,0.478145225
real_08,gcnn,32,1,0.2527751490650123,0.2527751490650123,0.0027179718017578,0.0,0.0,0.0,1.0,0.0,0.012948293,0.429866866,0.4428170619999999
real_08,gcnn,33,1,0.24095634773117,0.24095634773117,0.0137691497802734,0.0,0.0,1.0,0.0,0.0,0.012951356,0.4799273519999999,0.4928807769999999
real_08,gcnn,34,1,0.2422371901304321,0.2422371901304321,0.0273113250732421,0.0,0.0,1.0,0.0,0.0,0.012853305,0.4535565269999999,0.466412049
real_08,gcnn,35,1,0.2553004744323907,0.2553004744323907,0.1551628112792968,0.0,0.0,1.0,0.0,0.0,0.012832458,0.467949865,0.48078408
real_08,gcnn,36,1,0.2444954382294536,0.2444954382294536,0.0151500701904296,0.0,0.0,1.0,0.0,0.0,0.012783848,0.4502226149999999,0.463008589
real_08,gcnn,37,1,0.2391364805420582,0.2391364805420582,0.0128154754638671,0.0,0.0,1.0,0.0,0.0,0.012911953,0.466105937,0.4790197079999999
real_08,gcnn,38,1,0.2299113302653912,0.2299113302653912,0.0094413757324218,0.0,0.0,0.0,1.0,0.0,0.0127668009999999,0.466941743,0.4797101469999999
real_08,gcnn,39,1,0.2392878076434394,0.2392878076434394,0.117919921875,0.0,0.0,1.0,0.0,0.0,0.013140845,0.4913748259999999,0.504518138
real_08,gcnn,40,1,0.2992480609322551,0.2992480609322551,0.0704307556152343,0.0,0.0,1.0,0.0,0.0,0.01295166,0.4825684069999999,0.4955220639999999
real_08,gcnn,41,1,0.2531516484881066,0.2531516484881066,0.0663700103759765,0.0,0.0,1.0,0.0,0.0,0.01307171,0.357030715,0.3701048209999999
real_08,gcnn,42,1,0.241280194107501,0.241280194107501,0.0377159118652343,0.0,0.0,0.0,1.0,0.0,0.01320088,0.3709049409999999,0.3841077139999999
real_08,gcnn,43,1,0.2231931933284019,0.2231931933284019,0.0080585479736328,0.0,0.0,1.0,0.0,0.0,0.013083141,0.471548626,0.484633674
real_08,gcnn,44,1,0.2152624681223943,0.2152624681223943,0.0771560668945312,0.0,0.0,1.0,0.0,0.0,0.013424136,0.372915643,0.3863417909999999
real_08,gcnn,45,1,0.2067725478951049,0.2067725478951049,0.0769939422607421,0.0,0.0,1.0,0.0,0.0,0.013366611,0.4783490309999999,0.49171793
real_08,gcnn,46,1,0.2003472297047497,0.2003472297047497,0.0423202514648437,0.0,0.0,1.0,0.0,0.0,0.013619037,0.490219827,0.50384088
real_08,gcnn,47,1,0.2038194552522908,0.2038194552522908,0.105377197265625,0.0,0.0,1.0,0.0,0.0,0.012968954,0.348839077,0.3618104879999999
real_08,gcnn,48,1,0.1969261280166601,0.1969261280166601,0.03973388671875,0.0,0.0,1.0,0.0,0.0,0.013160642,0.490297421,0.503460404
real_08,gcnn,49,1,0.1931679286221627,0.1931679286221627,0.00030517578125,0.0,0.0,1.0,0.0,0.0,0.0133150419999999,0.4613545299999999,0.4746716429999999
real_08,gcnn,50,1,0.1909423453184373,0.1909423453184373,0.0248565673828125,0.0,0.0,1.0,0.0,0.0,0.0127547089999999,0.4747593019999999,0.4875162399999999
real_08,gcnn,51,1,0.1891462819971542,0.1891462819971542,0.0009098052978515,0.0,0.0,1.0,0.0,0.0,0.012891547,0.4689805739999999,0.4818947399999999
real_08,gcnn,52,1,0.1886909583290895,0.1886909583290895,0.0092239379882812,0.0,0.0,1.0,0.0,0.0,0.012955357,0.484050472,0.4970076339999999
real_08,gcnn,53,1,0.1873016671431359,0.1873016671431359,0.0159683227539062,0.0,0.0,1.0,0.0,0.0,0.013465598,0.4751833699999999,0.488650951
real_08,gcnn,54,1,0.1850009397224417,0.1850009397224417,0.0201950073242187,0.0,0.0,1.0,0.0,0.0,0.012941144,0.4574487919999999,0.470392299
real_08,gcnn,55,1,0.1842724480718032,0.1842724480718032,0.0008258819580078,0.0,0.0,1.0,0.0,0.0,0.013057858,0.452684935,0.465744989
real_08,gcnn,56,1,0.1823087384463465,0.1823087384463465,0.0108985900878906,0.0,0.0,1.0,0.0,0.0,0.013513763,0.4884812519999999,0.50199715
real_08,gcnn,57,1,0.1770921837082897,0.1770921837082897,0.0079517364501953,0.0,0.0,1.0,0.0,0.0,0.012902098,0.450832604,0.4637367709999999
real_08,gcnn,58,1,0.2679769312837308,0.2679769312837308,0.9834747314453124,0.0,0.0,1.0,0.0,0.0,0.012995243,0.4582643639999999,0.471261498
real_08,gcnn,59,1,0.1976123286063721,0.1976123286063721,0.2684307098388671,0.0,0.0,1.0,0.0,0.0,0.0128958219999999,0.388405263,0.401302727
real_08,gcnn,60,1,0.1693831717804928,0.1693831717804928,0.0194072723388671,0.0,0.0,1.0,0.0,0.0,0.017548714,0.4047804059999999,0.4223309829999999
real_08,gcnn,61,1,0.1851314431620612,0.1851314431620612,0.0491237640380859,0.0,0.0,1.0,0.0,0.0,0.012938849,0.4680851469999999,0.481025619
real_08,gcnn,62,1,0.1919477040982367,0.1919477040982367,0.0172309875488281,0.0,0.0,1.0,0.0,0.0,0.013281993,0.422659066,0.435943468
real_08,gcnn,63,1,0.195742998625621,0.195742998625621,0.0039634704589843,0.0,0.0,1.0,0.0,0.0,0.013046481,0.361633019,0.374681445
real_08,root-z-bias,0,1,0.4478997762465496,0.4478997762465496,0.0087451934814453,1.1163211649491236,1.0,1.0,0.0,0.0,0.012638613,0.554496583,0.567306476
real_08,root-z-bias,1,1,0.4271556680877459,0.4271556680877459,0.0072574615478515,0.0,0.0,0.0,1.0,0.0,0.0129509169999999,0.450583465,0.46353831
real_08,root-z-bias,2,1,0.3995830638312447,0.3995830638312447,0.0343379974365234,0.0,0.0,0.0,1.0,0.0,0.013077847,0.44015151,0.453233349
real_08,root-z-bias,3,1,0.4026129751663492,0.4026129751663492,0.0096206665039062,0.0,0.0,0.0,1.0,0.0,0.0128687609999999,0.364826525,0.3776993659999999
real_08,root-z-bias,4,1,0.392371146663015,0.392371146663015,0.0099906921386718,0.0,0.0,0.0,1.0,0.0,0.013132754,0.454050271,0.46718714
real_08,root-z-bias,5,1,0.372610250855781,0.372610250855781,0.0141487121582031,0.0,0.0,0.0,1.0,0.0,0.0127702059999999,0.451544053,0.464335052
real_08,root-z-bias,6,1,0.3281679773923906,0.3281679773923906,0.0013198852539062,0.0,0.0,0.0,1.0,0.0,0.012846671,0.446043209,0.458893633
real_08,root-z-bias,7,1,0.3267611535186102,0.3267611535186102,0.0013141632080078,0.0,0.0,0.0,1.0,0.0,0.0126659289999999,0.466645448,0.4793150039999999
real_08,root-z-bias,8,1,0.3448227503652882,0.3448227503652882,0.0051631927490234,0.0,0.0,0.0,1.0,0.0,0.0127221309999999,0.4717931699999999,0.484519022
real_08,root-z-bias,9,1,0.3276658383958903,0.3276658383958903,0.0327053070068359,0.0,0.0,0.0,1.0,0.0,0.012586484,0.4816976199999999,0.494287591
real_08,root-z-bias,10,1,0.3487230109734149,0.3487230109734149,0.0094985961914062,0.0,0.0,0.0,1.0,0.0,0.012429074,0.444575684,0.4570078309999999
real_08,root-z-bias,11,1,0.3023334970491918,0.3023334970491918,0.0050544738769531,0.0,0.0,0.0,1.0,0.0,0.012945732,0.4227396629999999,0.4357085499999999
real_08,root-z-bias,12,1,0.3055136622205776,0.3055136622205776,0.0003948211669921,0.0,0.0,0.0,1.0,0.0,0.012743051,0.469080096,0.4818475039999999
real_08,root-z-bias,13,1,0.2989270699465284,0.2989270699465284,0.0001029968261718,0.0,0.0,0.0,1.0,0.0,0.012728723,0.443095401,0.45582821
real_08,topology-only,0,1,0.4478997762465496,0.4478997762465496,0.0087451934814453,0.3348963627923223,0.0,0.0,1.0,0.0,0.013098823,0.559071261,0.579150291
real_08,topology-only,1,1,0.4318518923652704,0.4318518923652704,0.0068588256835937,0.3473413191242681,0.0,0.0,1.0,0.0,0.013082704,0.485761155,0.505814713
real_08,topology-only,2,1,0.3742031096191312,0.3742031096191312,0.0121707916259765,0.4008518425010856,0.0,0.0,1.0,0.0,0.013067561,0.348827651,0.3688710949999999
real_08,topology-only,3,1,0.3697816256889536,0.3697816256889536,0.0001106262207031,1.35214939105866,1.0,1.0,0.0,0.0,0.0136106549999999,0.4718186349999999,0.492304782
real_08,topology-only,4,1,0.3636117063191595,0.3636117063191595,0.0013294219970703,1.3750932418031832,1.0,1.0,0.0,0.0,0.013759945,0.402086315,0.422737909
real_08,topology-only,5,1,0.3529704894593388,0.3529704894593388,0.0338344573974609,0.4249647220939813,0.0,0.0,1.0,0.0,0.012930557,0.415303682,0.435170842
real_08,topology-only,6,1,0.3545323307368707,0.3545323307368707,0.0128364562988281,0.0,0.0,0.0,1.0,0.0,0.0129738419999999,0.4759949119999999,0.4958694439999999
real_08,topology-only,7,1,0.3550842278872579,0.3550842278872579,0.0092411041259765,1.4081166121485802,1.0,1.0,0.0,0.0,0.0132320979999999,0.45249485,0.4727019599999999
real_08,topology-only,8,1,0.350574833277403,0.350574833277403,0.0078372955322265,1.4262290174273855,1.0,1.0,0.0,0.0,0.01288546,0.41694386,0.436746766
real_08,topology-only,9,2,0.3457530241737583,0.3457530241737583,0.00599575042724605,1.4461468560839146,1.0,1.0,0.0,0.0,0.0152476915,0.45571984349999994,0.47785517599999994
real_08,topology-only,10,1,0.3492709376829359,0.3492709376829359,0.0027217864990234,1.431553404692074,1.0,1.0,0.0,0.0,0.012459905,0.4926490969999999,0.512078887
real_08,topology-only,11,1,0.3491499748420809,0.3491499748420809,0.0018844604492187,1.4320493656806017,1.0,1.0,0.0,0.0,0.012950905,0.5368931949999999,0.5567829119999999
real_08,topology-only,12,1,0.3454589071950464,0.3454589071950464,0.0010566711425781,1.447350146678081,1.0,1.0,0.0,0.0,0.0130845389999999,0.49342563,0.513365878
real_08,topology-only,13,1,0.3416211729108998,0.3416211729108998,0.0003490447998046,1.4636095173480594,1.0,1.0,0.0,0.0,0.0132582199999999,0.493209102,0.5133700549999999
real_08,topology-only,14,1,0.3570601108666627,0.3570601108666627,0.0521259307861328,1.4003244405721798,1.0,1.0,0.0,0.0,0.012808084,0.417946969,0.4376940429999999
real_08,topology-only,15,1,0.3717500908275756,0.3717500908275756,0.0244731903076171,0.4034968912221118,0.0,0.0,1.0,0.0,0.012967901,0.524229056,0.5440995739999999
real_08,topology-only,16,1,0.3294305475355556,0.3294305475355556,0.0026779174804687,0.45533119828322804,0.0,0.0,1.0,0.0,0.013244772,0.454487397,0.474572229
real_08,topology-only,17,1,0.3284061684925305,0.3284061684925305,0.0066127777099609,0.4567514874918561,0.0,0.0,1.0,0.0,0.012891657,0.526502154,0.546315336
real_08,topology-only,18,1,0.3344872733820297,0.3344872733820297,0.0018157958984375,1.4948251840629296,1.0,1.0,0.0,0.0,0.012768355,0.515915988,0.535476177
real_08,topology-only,19,1,0.3312274550602999,0.3312274550602999,0.0112228393554687,0.45286102848315213,0.0,0.0,1.0,0.0,0.0132557679999999,0.465201313,0.4853821689999999
real_08,topology-only,20,1,0.3697278001902422,0.3697278001902422,0.1817989349365234,0.4057038877879414,0.0,0.0,1.0,0.0,0.0135257309999999,0.4931913139999999,0.5135530959999999
real_08,topology-only,21,1,0.3656751160641997,0.3656751160641997,0.2126827239990234,0.0,0.0,0.0,1.0,0.0,0.0130335339999999,0.4910996819999999,0.511014772
real_08,topology-only,22,1,0.325764482840159,0.325764482840159,0.1666584014892578,0.4604553714778787,0.0,0.0,1.0,0.0,0.013090073,0.531644728,0.5515941589999999
real_08,topology-only,23,1,0.309736813260874,0.309736813260874,0.1405010223388671,0.0,0.0,0.0,1.0,0.0,0.0126332719999999,0.5040441049999999,0.523473788
real_08,topology-only,24,1,0.3069971965909158,0.3069971965909158,0.1589241027832031,0.0,0.0,0.0,1.0,0.0,0.012623165,0.398809367,0.418271274
real_08,topology-only,25,1,0.3045905163621712,0.3045905163621712,0.1672019958496093,0.4924644659064434,0.0,0.0,1.0,0.0,0.012680311,0.519275824,0.538771526
real_08,topology-only,26,1,0.3023041149522817,0.3023041149522817,0.1765956878662109,0.0,0.0,0.0,1.0,0.0,0.012675748,0.479628916,0.4991872399999999
real_08,topology-only,27,1,0.2986212095389378,0.2986212095389378,0.2178497314453125,0.0,0.0,0.0,1.0,0.0,0.012802186,0.534573221,0.554350016
real_08,topology-only,28,1,0.2950306398745737,0.2950306398745737,0.2243194580078125,0.0,0.0,0.0,1.0,0.0,0.0126951289999999,0.48879084,0.508143976
real_08,topology-only,29,1,0.2874159563476532,0.2874159563476532,0.1971321105957031,0.0,0.0,0.0,1.0,0.0,0.012683206,0.449088692,0.468563862
real_08,topology-only,30,1,0.2907133834744023,0.2907133834744023,0.1853847503662109,0.0,0.0,0.0,1.0,0.0,0.012631652,0.504311288,0.5237338799999999
real_08,topology-only,31,1,0.3019360106596975,0.3019360106596975,0.2000026702880859,1.6559800167841991,1.0,1.0,0.0,0.0,0.012534782,0.5206115559999999,0.5399939409999999
real_08,topology-only,32,1,0.3024636212496058,0.3024636212496058,0.2047252655029296,0.0,0.0,0.0,1.0,0.0,0.012630706,0.487714338,0.507157924
real_08,topology-only,33,1,0.2956148214191328,0.2956148214191328,0.2217655181884765,0.0,0.0,0.0,1.0,0.0,0.0127984339999999,0.522581641,0.542150569
real_08,topology-only,34,1,0.3046323267410637,0.3046323267410637,0.2057361602783203,0.4923968758179885,0.0,0.0,1.0,0.0,0.012699472,0.5142701109999999,0.5337573359999999
real_08,topology-only,35,1,0.280616655721719,0.280616655721719,0.1118106842041015,0.0,0.0,0.0,1.0,0.0,0.012567528,0.5118004339999999,0.531190444
real_08,topology-only,36,1,0.2790554630058202,0.2790554630058202,0.1346263885498046,0.0,0.0,0.0,1.0,0.0,0.0126830139999999,0.518239615,0.5377825579999999
real_08,topology-only,37,1,0.2762156018928555,0.2762156018928555,0.1835746765136718,0.9050900756032436,0.0,1.0,0.0,0.0,0.012867669,0.5057449649999999,0.525389259
real_08,topology-only,38,1,0.2658161083234863,0.2658161083234863,0.0715236663818359,0.0,0.0,0.0,1.0,0.0,0.012638517,0.5197784979999999,0.539284654
real_08,topology-only,39,1,0.2608244038725187,0.2608244038725187,0.0013809204101562,0.0,0.0,0.0,1.0,0.0,0.012641438,0.523014642,0.5424522259999999
real_08,topology-only,40,1,0.2545620201491878,0.2545620201491878,0.1285572052001953,0.589247389978112,0.0,0.0,1.0,0.0,0.011859865,0.5020633989999999,0.5207148919999999
real_08,topology-only,41,1,0.2479957095615094,0.2479957095615094,0.1338787078857421,0.0,0.0,0.0,1.0,0.0,0.012728921,0.52915655,0.548643015
real_08,topology-only,42,1,0.2410027960360114,0.2410027960360114,0.1370525360107421,2.0746647268162333,1.0,1.0,0.0,0.0,0.0127066249999999,0.5120746219999999,0.531572793
real_08,topology-only,43,1,0.2418415521942044,0.2418415521942044,0.121490478515625,1.0337346817855526,1.0,1.0,0.0,0.0,0.012562958,0.50276143,0.52209201
real_08,topology-only,44,1,0.2399838519167232,0.2399838519167232,0.0585498809814453,2.083473517099413,1.0,1.0,0.0,0.0,0.012721944,0.4168625249999999,0.4364209279999999
real_08,topology-only,45,1,0.2731168745240109,0.2731168745240109,0.057037353515625,0.9153590397360138,0.0,1.0,0.0,0.0,0.012704559,0.4623941899999999,0.4818362889999999
real_08,topology-only,46,1,0.2649526215269915,0.2649526215269915,0.0138969421386718,0.9435649232650893,0.0,1.0,0.0,0.0,0.0128981589999999,0.453011571,0.4726758389999999
real_08,topology-only,47,1,0.2572158032608252,0.2572158032608252,0.0537605285644531,0.9719465010728436,0.0,1.0,0.0,0.0,0.012486292,0.298839379,0.3180572899999999
real_08,topology-only,48,1,0.2499367194615436,0.2499367194615436,0.0363101959228515,1.0002531862408721,1.0,1.0,0.0,0.0,0.012709931,0.397328355,0.416803529
real_08,topology-only,49,1,0.2455329198927198,0.2455329198927198,0.0056114196777343,1.0181934060379032,1.0,1.0,0.0,0.0,0.012671949,0.446133318,0.465682474
real_08,topology-only,50,1,0.2391469832149198,0.2391469832149198,0.0035400390625,1.045382202355974,1.0,1.0,0.0,0.0,0.012640672,0.432302196,0.451812274
real_08,z-bias,0,1,0.4478997762465496,0.4478997762465496,0.0087451934814453,1.1163211649491236,1.0,1.0,0.0,0.0,0.013588414,0.5754265429999998,0.589166678
real_08,z-bias,1,1,0.4271556680877459,0.4271556680877459,0.0072574615478515,1.1705334550243882,1.0,1.0,0.0,0.0,0.013148185,0.5293581149999999,0.542664758
real_08,z-bias,2,1,0.4200881453481233,0.4200881453481233,0.0073165893554687,1.1902263978090943,1.0,1.0,0.0,0.0,0.018968042,0.529557547,0.548678898
real_08,z-bias,3,1,0.4141457562325743,0.4141457562325743,0.0073795318603515,1.2073044151132433,1.0,1.0,0.0,0.0,0.012676957,0.444684968,0.4575144629999999
real_08,z-bias,4,1,0.4344628894153689,0.4344628894153689,0.0014152526855468,1.1508462798118857,1.0,1.0,0.0,0.0,0.013723981,0.48038773,0.494279658
real_08,z-bias,5,1,0.4279072379805591,0.4279072379805591,0.0027370452880859,1.168477547516306,1.0,1.0,0.0,0.0,0.013453424,0.305423881,0.319034749
real_08,z-bias,6,1,0.4224717286460655,0.4224717286460655,0.0034351348876953,1.1835111466568344,1.0,1.0,0.0,0.0,0.012985579,0.480343874,0.4934873659999999
real_08,z-bias,7,1,0.4147984267378942,0.4147984267378942,0.0044593811035156,1.2054047647484054,1.0,1.0,0.0,0.0,0.013475264,0.349976871,0.363608531
real_08,z-bias,8,1,0.4167042614607804,0.4167042614607804,0.0058155059814453,1.1998917367612745,1.0,1.0,0.0,0.0,0.013291531,0.431973467,0.4454249479999999
real_08,z-bias,9,1,0.3621736423539292,0.3621736423539292,0.0046977996826171,1.380553252716778,1.0,1.0,0.0,0.0,0.012707535,0.4669333709999999,0.479781932
real_08,z-bias,10,1,0.3939851061910026,0.3939851061910026,0.0103034973144531,1.2690835063130579,1.0,1.0,0.0,0.0,0.012833456,0.3516702689999999,0.364658472
real_08,z-bias,11,1,0.4033281669249583,0.4033281669249583,0.0087203979492187,1.23968530095997,1.0,1.0,0.0,0.0,0.013052634,0.5345003219999999,0.54771618
real_08,z-bias,12,1,0.3996612193474051,0.3996612193474051,0.0070648193359375,1.251059586958262,1.0,1.0,0.0,0.0,0.0127591289999999,0.4228491589999999,0.435759661
real_08,z-bias,13,1,0.3799851860668534,0.3799851860668534,0.0089111328125,1.3158407704663297,1.0,1.0,0.0,0.0,0.013791615,0.3526383759999999,0.366585932
real_08,z-bias,14,1,0.3757902467800226,0.3757902467800226,0.0091915130615234,1.330529475643061,1.0,1.0,0.0,0.0,0.012748733,0.4749765919999999,0.487879659
real_08,z-bias,15,1,0.372427529727967,0.372427529727967,0.0094509124755859,1.342543072380326,1.0,1.0,0.0,0.0,0.013026901,0.528977338,0.542158613
real_08,z-bias,16,1,0.3695283196025932,0.3695283196025932,0.0090065002441406,1.3530762690603029,1.0,1.0,0.0,0.0,0.012969099,0.421255115,0.43437425
