In file included from /home/duweiyue25/SCIP/scipoptsuite-8.0.4/scip/src/objscip/objcloneable.h:37,
                 from /home/duweiyue25/SCIP/scipoptsuite-8.0.4/scip/src/objscip/objbranchrule.h:41,
                 from /home/duweiyue25/acyclic_cable_harness/src/rl/rl_branchrule.hpp:9,
                 from /home/duweiyue25/acyclic_cable_harness/tests/test_custom_branchrule.cpp:7:
/home/duweiyue25/SCIP/scipoptsuite-8.0.4/scip/src/objscip/objcloneable.h: In member function ‘virtual scip::ObjCloneable* scip::ObjCloneable::clone(SCIP*) const’:
/home/duweiyue25/SCIP/scipoptsuite-8.0.4/scip/src/objscip/type_objcloneable.h:41:49: warning: unused parameter ‘scip’ [-Wunused-parameter]
   41 | #define SCIP_DECL_OBJCLONEABLECLONE(x) x (SCIP* scip) const
      |                                           ~~~~~~^~~~
/home/duweiyue25/SCIP/scipoptsuite-8.0.4/scip/src/objscip/objcloneable.h:58:15: note: in expansion of macro ‘SCIP_DECL_OBJCLONEABLECLONE’
   58 |       virtual SCIP_DECL_OBJCLONEABLECLONE(ObjCloneable* clone)
      |               ^~~~~~~~~~~~~~~~~~~~~~~~~~~
In file included from /home/duweiyue25/SCIP/scipoptsuite-8.0.4/scip/src/scip/scip.h:61,
                 from /home/duweiyue25/acyclic_cable_harness/tests/test_custom_branchrule.cpp:5:
/home/duweiyue25/SCIP/scipoptsuite-8.0.4/scip/src/objscip/objbranchrule.h: In member function ‘virtual SCIP_RETCODE scip::ObjBranchrule::scip_free(SCIP*, SCIP_BRANCHRULE*)’:
/home/duweiyue25/SCIP/scipoptsuite-8.0.4/scip/src/scip/type_branch.h:75:55: warning: unused parameter ‘scip’ [-Wunused-parameter]
   75 | #define SCIP_DECL_BRANCHFREE(x) SCIP_RETCODE x (SCIP* scip, SCIP_BRANCHRULE* branchrule)
      |                                                 ~~~~~~^~~~
/home/duweiyue25/SCIP/scipoptsuite-8.0.4/scip/src/objscip/objbranchrule.h:142:12: note: in expansion of macro ‘SCIP_DECL_BRANCHFREE’
  142 |    virtual SCIP_DECL_BRANCHFREE(scip_free)
      |            ^~~~~~~~~~~~~~~~~~~~
/home/duweiyue25/SCIP/scipoptsuite-8.0.4/scip/src/scip/type_branch.h:75:78: warning: unused parameter ‘branchrule’ [-Wunused-parameter]
   75 | #define SCIP_DECL_BRANCHFREE(x) SCIP_RETCODE x (SCIP* scip, SCIP_BRANCHRULE* branchrule)
      |                                                             ~~~~~~~~~~~~~~~~~^~~~~~~~~~
/home/duweiyue25/SCIP/scipoptsuite-8.0.4/scip/src/objscip/objbranchrule.h:142:12: note: in expansion of macro ‘SCIP_DECL_BRANCHFREE’
  142 |    virtual SCIP_DECL_BRANCHFREE(scip_free)
      |            ^~~~~~~~~~~~~~~~~~~~
/home/duweiyue25/SCIP/scipoptsuite-8.0.4/scip/src/objscip/objbranchrule.h: In member function ‘virtual SCIP_RETCODE scip::ObjBranchrule::scip_init(SCIP*, SCIP_BRANCHRULE*)’:
/home/duweiyue25/SCIP/scipoptsuite-8.0.4/scip/src/scip/type_branch.h:83:55: warning: unused parameter ‘scip’ [-Wunused-parameter]
   83 | #define SCIP_DECL_BRANCHINIT(x) SCIP_RETCODE x (SCIP* scip, SCIP_BRANCHRULE* branchrule)
      |                                                 ~~~~~~^~~~
/home/duweiyue25/SCIP/scipoptsuite-8.0.4/scip/src/objscip/objbranchrule.h:151:12: note: in expansion of macro ‘SCIP_DECL_BRANCHINIT’
  151 |    virtual SCIP_DECL_BRANCHINIT(scip_init)
      |            ^~~~~~~~~~~~~~~~~~~~
/home/duweiyue25/SCIP/scipoptsuite-8.0.4/scip/src/scip/type_branch.h:83:78: warning: unused parameter ‘branchrule’ [-Wunused-parameter]
   83 | #define SCIP_DECL_BRANCHINIT(x) SCIP_RETCODE x (SCIP* scip, SCIP_BRANCHRULE* branchrule)
      |                                                             ~~~~~~~~~~~~~~~~~^~~~~~~~~~
/home/duweiyue25/SCIP/scipoptsuite-8.0.4/scip/src/objscip/objbranchrule.h:151:12: note: in expansion of macro ‘SCIP_DECL_BRANCHINIT’
  151 |    virtual SCIP_DECL_BRANCHINIT(scip_init)
      |            ^~~~~~~~~~~~~~~~~~~~
/home/duweiyue25/SCIP/scipoptsuite-8.0.4/scip/src/objscip/objbranchrule.h: In member function ‘virtual SCIP_RETCODE scip::ObjBranchrule::scip_exit(SCIP*, SCIP_BRANCHRULE*)’:
/home/duweiyue25/SCIP/scipoptsuite-8.0.4/scip/src/scip/type_branch.h:91:55: warning: unused parameter ‘scip’ [-Wunused-parameter]
   91 | #define SCIP_DECL_BRANCHEXIT(x) SCIP_RETCODE x (SCIP* scip, SCIP_BRANCHRULE* branchrule)
      |                                                 ~~~~~~^~~~
/home/duweiyue25/SCIP/scipoptsuite-8.0.4/scip/src/objscip/objbranchrule.h:160:12: note: in expansion of macro ‘SCIP_DECL_BRANCHEXIT’
  160 |    virtual SCIP_DECL_BRANCHEXIT(scip_exit)
      |            ^~~~~~~~~~~~~~~~~~~~
/home/duweiyue25/SCIP/scipoptsuite-8.0.4/scip/src/scip/type_branch.h:91:78: warning: unused parameter ‘branchrule’ [-Wunused-parameter]
   91 | #define SCIP_DECL_BRANCHEXIT(x) SCIP_RETCODE x (SCIP* scip, SCIP_BRANCHRULE* branchrule)
      |                                                             ~~~~~~~~~~~~~~~~~^~~~~~~~~~
/home/duweiyue25/SCIP/scipoptsuite-8.0.4/scip/src/objscip/objbranchrule.h:160:12: note: in expansion of macro ‘SCIP_DECL_BRANCHEXIT’
  160 |    virtual SCIP_DECL_BRANCHEXIT(scip_exit)
      |            ^~~~~~~~~~~~~~~~~~~~
/home/duweiyue25/SCIP/scipoptsuite-8.0.4/scip/src/objscip/objbranchrule.h: In member function ‘virtual SCIP_RETCODE scip::ObjBranchrule::scip_initsol(SCIP*, SCIP_BRANCHRULE*)’:
/home/duweiyue25/SCIP/scipoptsuite-8.0.4/scip/src/scip/type_branch.h:102:58: warning: unused parameter ‘scip’ [-Wunused-parameter]
  102 | #define SCIP_DECL_BRANCHINITSOL(x) SCIP_RETCODE x (SCIP* scip, SCIP_BRANCHRULE* branchrule)
      |                                                    ~~~~~~^~~~
/home/duweiyue25/SCIP/scipoptsuite-8.0.4/scip/src/objscip/objbranchrule.h:169:12: note: in expansion of macro ‘SCIP_DECL_BRANCHINITSOL’
  169 |    virtual SCIP_DECL_BRANCHINITSOL(scip_initsol)
      |            ^~~~~~~~~~~~~~~~~~~~~~~
/home/duweiyue25/SCIP/scipoptsuite-8.0.4/scip/src/scip/type_branch.h:102:81: warning: unused parameter ‘branchrule’ [-Wunused-parameter]
  102 | #define SCIP_DECL_BRANCHINITSOL(x) SCIP_RETCODE x (SCIP* scip, SCIP_BRANCHRULE* branchrule)
      |                                                                ~~~~~~~~~~~~~~~~~^~~~~~~~~~
/home/duweiyue25/SCIP/scipoptsuite-8.0.4/scip/src/objscip/objbranchrule.h:169:12: note: in expansion of macro ‘SCIP_DECL_BRANCHINITSOL’
  169 |    virtual SCIP_DECL_BRANCHINITSOL(scip_initsol)
      |            ^~~~~~~~~~~~~~~~~~~~~~~
/home/duweiyue25/SCIP/scipoptsuite-8.0.4/scip/src/objscip/objbranchrule.h: In member function ‘virtual SCIP_RETCODE scip::ObjBranchrule::scip_exitsol(SCIP*, SCIP_BRANCHRULE*)’:
/home/duweiyue25/SCIP/scipoptsuite-8.0.4/scip/src/scip/type_branch.h:113:58: warning: unused parameter ‘scip’ [-Wunused-parameter]
  113 | #define SCIP_DECL_BRANCHEXITSOL(x) SCIP_RETCODE x (SCIP* scip, SCIP_BRANCHRULE* branchrule)
      |                                                    ~~~~~~^~~~
/home/duweiyue25/SCIP/scipoptsuite-8.0.4/scip/src/objscip/objbranchrule.h:178:12: note: in expansion of macro ‘SCIP_DECL_BRANCHEXITSOL’
  178 |    virtual SCIP_DECL_BRANCHEXITSOL(scip_exitsol)
      |            ^~~~~~~~~~~~~~~~~~~~~~~
/home/duweiyue25/SCIP/scipoptsuite-8.0.4/scip/src/scip/type_branch.h:113:81: warning: unused parameter ‘branchrule’ [-Wunused-parameter]
  113 | #define SCIP_DECL_BRANCHEXITSOL(x) SCIP_RETCODE x (SCIP* scip, SCIP_BRANCHRULE* branchrule)
      |                                                                ~~~~~~~~~~~~~~~~~^~~~~~~~~~
/home/duweiyue25/SCIP/scipoptsuite-8.0.4/scip/src/objscip/objbranchrule.h:178:12: note: in expansion of macro ‘SCIP_DECL_BRANCHEXITSOL’
  178 |    virtual SCIP_DECL_BRANCHEXITSOL(scip_exitsol)
      |            ^~~~~~~~~~~~~~~~~~~~~~~
/home/duweiyue25/SCIP/scipoptsuite-8.0.4/scip/src/objscip/objbranchrule.h: In member function ‘virtual SCIP_RETCODE scip::ObjBranchrule::scip_execlp(SCIP*, SCIP_BRANCHRULE*, unsigned int, SCIP_RESULT*)’:
/home/duweiyue25/SCIP/scipoptsuite-8.0.4/scip/src/scip/type_branch.h:134:57: warning: unused parameter ‘scip’ [-Wunused-parameter]
  134 | #define SCIP_DECL_BRANCHEXECLP(x) SCIP_RETCODE x (SCIP* scip, SCIP_BRANCHRULE* branchrule, SCIP_Bool allowaddcons, SCIP_RESULT* result)
      |                                                   ~~~~~~^~~~
/home/duweiyue25/SCIP/scipoptsuite-8.0.4/scip/src/objscip/objbranchrule.h:187:12: note: in expansion of macro ‘SCIP_DECL_BRANCHEXECLP’
  187 |    virtual SCIP_DECL_BRANCHEXECLP(scip_execlp)
      |            ^~~~~~~~~~~~~~~~~~~~~~
/home/duweiyue25/SCIP/scipoptsuite-8.0.4/scip/src/scip/type_branch.h:134:80: warning: unused parameter ‘branchrule’ [-Wunused-parameter]
  134 | #define SCIP_DECL_BRANCHEXECLP(x) SCIP_RETCODE x (SCIP* scip, SCIP_BRANCHRULE* branchrule, SCIP_Bool allowaddcons, SCIP_RESULT* result)
      |                                                               ~~~~~~~~~~~~~~~~~^~~~~~~~~~
/home/duweiyue25/SCIP/scipoptsuite-8.0.4/scip/src/objscip/objbranchrule.h:187:12: note: in expansion of macro ‘SCIP_DECL_BRANCHEXECLP’
  187 |    virtual SCIP_DECL_BRANCHEXECLP(scip_execlp)
      |            ^~~~~~~~~~~~~~~~~~~~~~
/home/duweiyue25/SCIP/scipoptsuite-8.0.4/scip/src/scip/type_branch.h:134:102: warning: unused parameter ‘allowaddcons’ [-Wunused-parameter]
  134 | #define SCIP_DECL_BRANCHEXECLP(x) SCIP_RETCODE x (SCIP* scip, SCIP_BRANCHRULE* branchrule, SCIP_Bool allowaddcons, SCIP_RESULT* result)
/home/duweiyue25/SCIP/scipoptsuite-8.0.4/scip/src/objscip/objbranchrule.h:187:12: note: in expansion of macro ‘SCIP_DECL_BRANCHEXECLP’
  187 |    virtual SCIP_DECL_BRANCHEXECLP(scip_execlp)
      |            ^~~~~~~~~~~~~~~~~~~~~~
In file included from /home/duweiyue25/SCIP/scipoptsuite-8.0.4/scip/src/scip/scip.h:61,
                 from /home/duweiyue25/acyclic_cable_harness/tests/test_custom_branchrule.cpp:5:
/home/duweiyue25/SCIP/scipoptsuite-8.0.4/scip/src/objscip/objbranchrule.h: In member function ‘virtual SCIP_RETCODE scip::ObjBranchrule::scip_execext(SCIP*, SCIP_BRANCHRULE*, unsigned int, SCIP_RESULT*)’:
/home/duweiyue25/SCIP/scipoptsuite-8.0.4/scip/src/scip/type_branch.h:155:58: warning: unused parameter ‘scip’ [-Wunused-parameter]
  155 | #define SCIP_DECL_BRANCHEXECEXT(x) SCIP_RETCODE x (SCIP* scip, SCIP_BRANCHRULE* branchrule, SCIP_Bool allowaddcons, SCIP_RESULT* result)
      |                                                    ~~~~~~^~~~
/home/duweiyue25/SCIP/scipoptsuite-8.0.4/scip/src/objscip/objbranchrule.h:198:12: note: in expansion of macro ‘SCIP_DECL_BRANCHEXECEXT’
  198 |    virtual SCIP_DECL_BRANCHEXECEXT(scip_execext)
      |            ^~~~~~~~~~~~~~~~~~~~~~~
/home/duweiyue25/SCIP/scipoptsuite-8.0.4/scip/src/scip/type_branch.h:155:81: warning: unused parameter ‘branchrule’ [-Wunused-parameter]
  155 | #define SCIP_DECL_BRANCHEXECEXT(x) SCIP_RETCODE x (SCIP* scip, SCIP_BRANCHRULE* branchrule, SCIP_Bool allowaddcons, SCIP_RESULT* result)
      |                                                                ~~~~~~~~~~~~~~~~~^~~~~~~~~~
/home/duweiyue25/SCIP/scipoptsuite-8.0.4/scip/src/objscip/objbranchrule.h:198:12: note: in expansion of macro ‘SCIP_DECL_BRANCHEXECEXT’
  198 |    virtual SCIP_DECL_BRANCHEXECEXT(scip_execext)
      |            ^~~~~~~~~~~~~~~~~~~~~~~
/home/duweiyue25/SCIP/scipoptsuite-8.0.4/scip/src/scip/type_branch.h:155:103: warning: unused parameter ‘allowaddcons’ [-Wunused-parameter]
  155 | #define SCIP_DECL_BRANCHEXECEXT(x) SCIP_RETCODE x (SCIP* scip, SCIP_BRANCHRULE* branchrule, SCIP_Bool allowaddcons, SCIP_RESULT* result)
/home/duweiyue25/SCIP/scipoptsuite-8.0.4/scip/src/objscip/objbranchrule.h:198:12: note: in expansion of macro ‘SCIP_DECL_BRANCHEXECEXT’
  198 |    virtual SCIP_DECL_BRANCHEXECEXT(scip_execext)
      |            ^~~~~~~~~~~~~~~~~~~~~~~
/home/duweiyue25/SCIP/scipoptsuite-8.0.4/scip/src/objscip/objbranchrule.h: In member function ‘virtual SCIP_RETCODE scip::ObjBranchrule::scip_execps(SCIP*, SCIP_BRANCHRULE*, unsigned int, SCIP_RESULT*)’:
/home/duweiyue25/SCIP/scipoptsuite-8.0.4/scip/src/scip/type_branch.h:176:57: warning: unused parameter ‘scip’ [-Wunused-parameter]
  176 | #define SCIP_DECL_BRANCHEXECPS(x) SCIP_RETCODE x (SCIP* scip, SCIP_BRANCHRULE* branchrule, SCIP_Bool allowaddcons, SCIP_RESULT* result)
      |                                                   ~~~~~~^~~~
/home/duweiyue25/SCIP/scipoptsuite-8.0.4/scip/src/objscip/objbranchrule.h:209:12: note: in expansion of macro ‘SCIP_DECL_BRANCHEXECPS’
  209 |    virtual SCIP_DECL_BRANCHEXECPS(scip_execps)
      |            ^~~~~~~~~~~~~~~~~~~~~~
/home/duweiyue25/SCIP/scipoptsuite-8.0.4/scip/src/scip/type_branch.h:176:80: warning: unused parameter ‘branchrule’ [-Wunused-parameter]
  176 | #define SCIP_DECL_BRANCHEXECPS(x) SCIP_RETCODE x (SCIP* scip, SCIP_BRANCHRULE* branchrule, SCIP_Bool allowaddcons, SCIP_RESULT* result)
      |                                                               ~~~~~~~~~~~~~~~~~^~~~~~~~~~
/home/duweiyue25/SCIP/scipoptsuite-8.0.4/scip/src/objscip/objbranchrule.h:209:12: note: in expansion of macro ‘SCIP_DECL_BRANCHEXECPS’
  209 |    virtual SCIP_DECL_BRANCHEXECPS(scip_execps)
      |            ^~~~~~~~~~~~~~~~~~~~~~
/home/duweiyue25/SCIP/scipoptsuite-8.0.4/scip/src/scip/type_branch.h:176:102: warning: unused parameter ‘allowaddcons’ [-Wunused-parameter]
  176 | #define SCIP_DECL_BRANCHEXECPS(x) SCIP_RETCODE x (SCIP* scip, SCIP_BRANCHRULE* branchrule, SCIP_Bool allowaddcons, SCIP_RESULT* result)
/home/duweiyue25/SCIP/scipoptsuite-8.0.4/scip/src/objscip/objbranchrule.h:209:12: note: in expansion of macro ‘SCIP_DECL_BRANCHEXECPS’
  209 |    virtual SCIP_DECL_BRANCHEXECPS(scip_execps)
      |            ^~~~~~~~~~~~~~~~~~~~~~
In file included from /home/duweiyue25/SCIP/scipoptsuite-8.0.4/scip/src/scip/scip.h:45,
                 from /home/duweiyue25/acyclic_cable_harness/tests/test_custom_branchrule.cpp:5:
/home/duweiyue25/SCIP/scipoptsuite-8.0.4/scip/src/blockmemshell/memory.h: In instantiation of ‘T1* docastcheck(T1*, void*, T2*) [with T1 = char; T2 = const char]’:
/home/duweiyue25/SCIP/scipoptsuite-8.0.4/scip/src/objscip/objbranchrule.h:100:7:   required from here
/home/duweiyue25/SCIP/scipoptsuite-8.0.4/scip/src/blockmemshell/memory.h:62:56: warning: unused parameter ‘v1’ [-Wunused-parameter]
   62 | template<typename T1, typename T2> T1* docastcheck(T1* v1, void* v, T2* v2)
      |                                                    ~~~~^~
/home/duweiyue25/SCIP/scipoptsuite-8.0.4/scip/src/blockmemshell/memory.h:62:73: warning: unused parameter ‘v2’ [-Wunused-parameter]
   62 | template<typename T1, typename T2> T1* docastcheck(T1* v1, void* v, T2* v2)
      |                                                                     ~~~~^~
In file included from /home/duweiyue25/SCIP/scipoptsuite-8.0.4/scip/src/objscip/objcloneable.h:37,
                 from /home/duweiyue25/SCIP/scipoptsuite-8.0.4/scip/src/objscip/objbranchrule.h:41,
                 from /home/duweiyue25/acyclic_cable_harness/src/rl/rl_branchrule.hpp:9,
                 from /home/duweiyue25/acyclic_cable_harness/src/rl/rl_branchrule.cpp:1:
/home/duweiyue25/SCIP/scipoptsuite-8.0.4/scip/src/objscip/objcloneable.h: In member function ‘virtual scip::ObjCloneable* scip::ObjCloneable::clone(SCIP*) const’:
/home/duweiyue25/SCIP/scipoptsuite-8.0.4/scip/src/objscip/type_objcloneable.h:41:49: warning: unused parameter ‘scip’ [-Wunused-parameter]
   41 | #define SCIP_DECL_OBJCLONEABLECLONE(x) x (SCIP* scip) const
      |                                           ~~~~~~^~~~
/home/duweiyue25/SCIP/scipoptsuite-8.0.4/scip/src/objscip/objcloneable.h:58:15: note: in expansion of macro ‘SCIP_DECL_OBJCLONEABLECLONE’
   58 |       virtual SCIP_DECL_OBJCLONEABLECLONE(ObjCloneable* clone)
      |               ^~~~~~~~~~~~~~~~~~~~~~~~~~~
In file included from /home/duweiyue25/SCIP/scipoptsuite-8.0.4/scip/src/scip/scip.h:61,
                 from /home/duweiyue25/SCIP/scipoptsuite-8.0.4/scip/src/objscip/objbranchrule.h:40,
                 from /home/duweiyue25/acyclic_cable_harness/src/rl/rl_branchrule.hpp:9,
                 from /home/duweiyue25/acyclic_cable_harness/src/rl/rl_branchrule.cpp:1:
/home/duweiyue25/SCIP/scipoptsuite-8.0.4/scip/src/objscip/objbranchrule.h: In member function ‘virtual SCIP_RETCODE scip::ObjBranchrule::scip_free(SCIP*, SCIP_BRANCHRULE*)’:
/home/duweiyue25/SCIP/scipoptsuite-8.0.4/scip/src/scip/type_branch.h:75:55: warning: unused parameter ‘scip’ [-Wunused-parameter]
   75 | #define SCIP_DECL_BRANCHFREE(x) SCIP_RETCODE x (SCIP* scip, SCIP_BRANCHRULE* branchrule)
      |                                                 ~~~~~~^~~~
/home/duweiyue25/SCIP/scipoptsuite-8.0.4/scip/src/objscip/objbranchrule.h:142:12: note: in expansion of macro ‘SCIP_DECL_BRANCHFREE’
  142 |    virtual SCIP_DECL_BRANCHFREE(scip_free)
      |            ^~~~~~~~~~~~~~~~~~~~
/home/duweiyue25/SCIP/scipoptsuite-8.0.4/scip/src/scip/type_branch.h:75:78: warning: unused parameter ‘branchrule’ [-Wunused-parameter]
   75 | #define SCIP_DECL_BRANCHFREE(x) SCIP_RETCODE x (SCIP* scip, SCIP_BRANCHRULE* branchrule)
      |                                                             ~~~~~~~~~~~~~~~~~^~~~~~~~~~
/home/duweiyue25/SCIP/scipoptsuite-8.0.4/scip/src/objscip/objbranchrule.h:142:12: note: in expansion of macro ‘SCIP_DECL_BRANCHFREE’
  142 |    virtual SCIP_DECL_BRANCHFREE(scip_free)
      |            ^~~~~~~~~~~~~~~~~~~~
/home/duweiyue25/SCIP/scipoptsuite-8.0.4/scip/src/objscip/objbranchrule.h: In member function ‘virtual SCIP_RETCODE scip::ObjBranchrule::scip_init(SCIP*, SCIP_BRANCHRULE*)’:
/home/duweiyue25/SCIP/scipoptsuite-8.0.4/scip/src/scip/type_branch.h:83:55: warning: unused parameter ‘scip’ [-Wunused-parameter]
   83 | #define SCIP_DECL_BRANCHINIT(x) SCIP_RETCODE x (SCIP* scip, SCIP_BRANCHRULE* branchrule)
      |                                                 ~~~~~~^~~~
/home/duweiyue25/SCIP/scipoptsuite-8.0.4/scip/src/objscip/objbranchrule.h:151:12: note: in expansion of macro ‘SCIP_DECL_BRANCHINIT’
  151 |    virtual SCIP_DECL_BRANCHINIT(scip_init)
      |            ^~~~~~~~~~~~~~~~~~~~
/home/duweiyue25/SCIP/scipoptsuite-8.0.4/scip/src/scip/type_branch.h:83:78: warning: unused parameter ‘branchrule’ [-Wunused-parameter]
   83 | #define SCIP_DECL_BRANCHINIT(x) SCIP_RETCODE x (SCIP* scip, SCIP_BRANCHRULE* branchrule)
      |                                                             ~~~~~~~~~~~~~~~~~^~~~~~~~~~
/home/duweiyue25/SCIP/scipoptsuite-8.0.4/scip/src/objscip/objbranchrule.h:151:12: note: in expansion of macro ‘SCIP_DECL_BRANCHINIT’
  151 |    virtual SCIP_DECL_BRANCHINIT(scip_init)
      |            ^~~~~~~~~~~~~~~~~~~~
/home/duweiyue25/SCIP/scipoptsuite-8.0.4/scip/src/objscip/objbranchrule.h: In member function ‘virtual SCIP_RETCODE scip::ObjBranchrule::scip_exit(SCIP*, SCIP_BRANCHRULE*)’:
/home/duweiyue25/SCIP/scipoptsuite-8.0.4/scip/src/scip/type_branch.h:91:55: warning: unused parameter ‘scip’ [-Wunused-parameter]
   91 | #define SCIP_DECL_BRANCHEXIT(x) SCIP_RETCODE x (SCIP* scip, SCIP_BRANCHRULE* branchrule)
      |                                                 ~~~~~~^~~~
/home/duweiyue25/SCIP/scipoptsuite-8.0.4/scip/src/objscip/objbranchrule.h:160:12: note: in expansion of macro ‘SCIP_DECL_BRANCHEXIT’
  160 |    virtual SCIP_DECL_BRANCHEXIT(scip_exit)
      |            ^~~~~~~~~~~~~~~~~~~~
/home/duweiyue25/SCIP/scipoptsuite-8.0.4/scip/src/scip/type_branch.h:91:78: warning: unused parameter ‘branchrule’ [-Wunused-parameter]
   91 | #define SCIP_DECL_BRANCHEXIT(x) SCIP_RETCODE x (SCIP* scip, SCIP_BRANCHRULE* branchrule)
      |                                                             ~~~~~~~~~~~~~~~~~^~~~~~~~~~
/home/duweiyue25/SCIP/scipoptsuite-8.0.4/scip/src/objscip/objbranchrule.h:160:12: note: in expansion of macro ‘SCIP_DECL_BRANCHEXIT’
  160 |    virtual SCIP_DECL_BRANCHEXIT(scip_exit)
      |            ^~~~~~~~~~~~~~~~~~~~
/home/duweiyue25/SCIP/scipoptsuite-8.0.4/scip/src/objscip/objbranchrule.h: In member function ‘virtual SCIP_RETCODE scip::ObjBranchrule::scip_initsol(SCIP*, SCIP_BRANCHRULE*)’:
/home/duweiyue25/SCIP/scipoptsuite-8.0.4/scip/src/scip/type_branch.h:102:58: warning: unused parameter ‘scip’ [-Wunused-parameter]
  102 | #define SCIP_DECL_BRANCHINITSOL(x) SCIP_RETCODE x (SCIP* scip, SCIP_BRANCHRULE* branchrule)
      |                                                    ~~~~~~^~~~
/home/duweiyue25/SCIP/scipoptsuite-8.0.4/scip/src/objscip/objbranchrule.h:169:12: note: in expansion of macro ‘SCIP_DECL_BRANCHINITSOL’
  169 |    virtual SCIP_DECL_BRANCHINITSOL(scip_initsol)
      |            ^~~~~~~~~~~~~~~~~~~~~~~
/home/duweiyue25/SCIP/scipoptsuite-8.0.4/scip/src/scip/type_branch.h:102:81: warning: unused parameter ‘branchrule’ [-Wunused-parameter]
  102 | #define SCIP_DECL_BRANCHINITSOL(x) SCIP_RETCODE x (SCIP* scip, SCIP_BRANCHRULE* branchrule)
      |                                                                ~~~~~~~~~~~~~~~~~^~~~~~~~~~
/home/duweiyue25/SCIP/scipoptsuite-8.0.4/scip/src/objscip/objbranchrule.h:169:12: note: in expansion of macro ‘SCIP_DECL_BRANCHINITSOL’
  169 |    virtual SCIP_DECL_BRANCHINITSOL(scip_initsol)
      |            ^~~~~~~~~~~~~~~~~~~~~~~
/home/duweiyue25/SCIP/scipoptsuite-8.0.4/scip/src/objscip/objbranchrule.h: In member function ‘virtual SCIP_RETCODE scip::ObjBranchrule::scip_exitsol(SCIP*, SCIP_BRANCHRULE*)’:
/home/duweiyue25/SCIP/scipoptsuite-8.0.4/scip/src/scip/type_branch.h:113:58: warning: unused parameter ‘scip’ [-Wunused-parameter]
  113 | #define SCIP_DECL_BRANCHEXITSOL(x) SCIP_RETCODE x (SCIP* scip, SCIP_BRANCHRULE* branchrule)
      |                                                    ~~~~~~^~~~
/home/duweiyue25/SCIP/scipoptsuite-8.0.4/scip/src/objscip/objbranchrule.h:178:12: note: in expansion of macro ‘SCIP_DECL_BRANCHEXITSOL’
  178 |    virtual SCIP_DECL_BRANCHEXITSOL(scip_exitsol)
      |            ^~~~~~~~~~~~~~~~~~~~~~~
/home/duweiyue25/SCIP/scipoptsuite-8.0.4/scip/src/scip/type_branch.h:113:81: warning: unused parameter ‘branchrule’ [-Wunused-parameter]
  113 | #define SCIP_DECL_BRANCHEXITSOL(x) SCIP_RETCODE x (SCIP* scip, SCIP_BRANCHRULE* branchrule)
      |                                                                ~~~~~~~~~~~~~~~~~^~~~~~~~~~
/home/duweiyue25/SCIP/scipoptsuite-8.0.4/scip/src/objscip/objbranchrule.h:178:12: note: in expansion of macro ‘SCIP_DECL_BRANCHEXITSOL’
  178 |    virtual SCIP_DECL_BRANCHEXITSOL(scip_exitsol)
      |            ^~~~~~~~~~~~~~~~~~~~~~~
/home/duweiyue25/SCIP/scipoptsuite-8.0.4/scip/src/objscip/objbranchrule.h: In member function ‘virtual SCIP_RETCODE scip::ObjBranchrule::scip_execlp(SCIP*, SCIP_BRANCHRULE*, unsigned int, SCIP_RESULT*)’:
/home/duweiyue25/SCIP/scipoptsuite-8.0.4/scip/src/scip/type_branch.h:134:57: warning: unused parameter ‘scip’ [-Wunused-parameter]
  134 | #define SCIP_DECL_BRANCHEXECLP(x) SCIP_RETCODE x (SCIP* scip, SCIP_BRANCHRULE* branchrule, SCIP_Bool allowaddcons, SCIP_RESULT* result)
      |                                                   ~~~~~~^~~~
/home/duweiyue25/SCIP/scipoptsuite-8.0.4/scip/src/objscip/objbranchrule.h:187:12: note: in expansion of macro ‘SCIP_DECL_BRANCHEXECLP’
  187 |    virtual SCIP_DECL_BRANCHEXECLP(scip_execlp)
      |            ^~~~~~~~~~~~~~~~~~~~~~
/home/duweiyue25/SCIP/scipoptsuite-8.0.4/scip/src/scip/type_branch.h:134:80: warning: unused parameter ‘branchrule’ [-Wunused-parameter]
  134 | #define SCIP_DECL_BRANCHEXECLP(x) SCIP_RETCODE x (SCIP* scip, SCIP_BRANCHRULE* branchrule, SCIP_Bool allowaddcons, SCIP_RESULT* result)
      |                                                               ~~~~~~~~~~~~~~~~~^~~~~~~~~~
/home/duweiyue25/SCIP/scipoptsuite-8.0.4/scip/src/objscip/objbranchrule.h:187:12: note: in expansion of macro ‘SCIP_DECL_BRANCHEXECLP’
  187 |    virtual SCIP_DECL_BRANCHEXECLP(scip_execlp)
      |            ^~~~~~~~~~~~~~~~~~~~~~
/home/duweiyue25/SCIP/scipoptsuite-8.0.4/scip/src/scip/type_branch.h:134:102: warning: unused parameter ‘allowaddcons’ [-Wunused-parameter]
  134 | #define SCIP_DECL_BRANCHEXECLP(x) SCIP_RETCODE x (SCIP* scip, SCIP_BRANCHRULE* branchrule, SCIP_Bool allowaddcons, SCIP_RESULT* result)
/home/duweiyue25/SCIP/scipoptsuite-8.0.4/scip/src/objscip/objbranchrule.h:187:12: note: in expansion of macro ‘SCIP_DECL_BRANCHEXECLP’
  187 |    virtual SCIP_DECL_BRANCHEXECLP(scip_execlp)
      |            ^~~~~~~~~~~~~~~~~~~~~~
In file included from /home/duweiyue25/SCIP/scipoptsuite-8.0.4/scip/src/scip/scip.h:61,
                 from /home/duweiyue25/SCIP/scipoptsuite-8.0.4/scip/src/objscip/objbranchrule.h:40,
                 from /home/duweiyue25/acyclic_cable_harness/src/rl/rl_branchrule.hpp:9,
                 from /home/duweiyue25/acyclic_cable_harness/src/rl/rl_branchrule.cpp:1:
/home/duweiyue25/SCIP/scipoptsuite-8.0.4/scip/src/objscip/objbranchrule.h: In member function ‘virtual SCIP_RETCODE scip::ObjBranchrule::scip_execext(SCIP*, SCIP_BRANCHRULE*, unsigned int, SCIP_RESULT*)’:
/home/duweiyue25/SCIP/scipoptsuite-8.0.4/scip/src/scip/type_branch.h:155:58: warning: unused parameter ‘scip’ [-Wunused-parameter]
  155 | #define SCIP_DECL_BRANCHEXECEXT(x) SCIP_RETCODE x (SCIP* scip, SCIP_BRANCHRULE* branchrule, SCIP_Bool allowaddcons, SCIP_RESULT* result)
      |                                                    ~~~~~~^~~~
/home/duweiyue25/SCIP/scipoptsuite-8.0.4/scip/src/objscip/objbranchrule.h:198:12: note: in expansion of macro ‘SCIP_DECL_BRANCHEXECEXT’
  198 |    virtual SCIP_DECL_BRANCHEXECEXT(scip_execext)
      |            ^~~~~~~~~~~~~~~~~~~~~~~
/home/duweiyue25/SCIP/scipoptsuite-8.0.4/scip/src/scip/type_branch.h:155:81: warning: unused parameter ‘branchrule’ [-Wunused-parameter]
  155 | #define SCIP_DECL_BRANCHEXECEXT(x) SCIP_RETCODE x (SCIP* scip, SCIP_BRANCHRULE* branchrule, SCIP_Bool allowaddcons, SCIP_RESULT* result)
      |                                                                ~~~~~~~~~~~~~~~~~^~~~~~~~~~
/home/duweiyue25/SCIP/scipoptsuite-8.0.4/scip/src/objscip/objbranchrule.h:198:12: note: in expansion of macro ‘SCIP_DECL_BRANCHEXECEXT’
  198 |    virtual SCIP_DECL_BRANCHEXECEXT(scip_execext)
      |            ^~~~~~~~~~~~~~~~~~~~~~~
/home/duweiyue25/SCIP/scipoptsuite-8.0.4/scip/src/scip/type_branch.h:155:103: warning: unused parameter ‘allowaddcons’ [-Wunused-parameter]
  155 | #define SCIP_DECL_BRANCHEXECEXT(x) SCIP_RETCODE x (SCIP* scip, SCIP_BRANCHRULE* branchrule, SCIP_Bool allowaddcons, SCIP_RESULT* result)
/home/duweiyue25/SCIP/scipoptsuite-8.0.4/scip/src/objscip/objbranchrule.h:198:12: note: in expansion of macro ‘SCIP_DECL_BRANCHEXECEXT’
  198 |    virtual SCIP_DECL_BRANCHEXECEXT(scip_execext)
      |            ^~~~~~~~~~~~~~~~~~~~~~~
/home/duweiyue25/SCIP/scipoptsuite-8.0.4/scip/src/objscip/objbranchrule.h: In member function ‘virtual SCIP_RETCODE scip::ObjBranchrule::scip_execps(SCIP*, SCIP_BRANCHRULE*, unsigned int, SCIP_RESULT*)’:
/home/duweiyue25/SCIP/scipoptsuite-8.0.4/scip/src/scip/type_branch.h:176:57: warning: unused parameter ‘scip’ [-Wunused-parameter]
  176 | #define SCIP_DECL_BRANCHEXECPS(x) SCIP_RETCODE x (SCIP* scip, SCIP_BRANCHRULE* branchrule, SCIP_Bool allowaddcons, SCIP_RESULT* result)
      |                                                   ~~~~~~^~~~
/home/duweiyue25/SCIP/scipoptsuite-8.0.4/scip/src/objscip/objbranchrule.h:209:12: note: in expansion of macro ‘SCIP_DECL_BRANCHEXECPS’
  209 |    virtual SCIP_DECL_BRANCHEXECPS(scip_execps)
      |            ^~~~~~~~~~~~~~~~~~~~~~
/home/duweiyue25/SCIP/scipoptsuite-8.0.4/scip/src/scip/type_branch.h:176:80: warning: unused parameter ‘branchrule’ [-Wunused-parameter]
  176 | #define SCIP_DECL_BRANCHEXECPS(x) SCIP_RETCODE x (SCIP* scip, SCIP_BRANCHRULE* branchrule, SCIP_Bool allowaddcons, SCIP_RESULT* result)
      |                                                               ~~~~~~~~~~~~~~~~~^~~~~~~~~~
/home/duweiyue25/SCIP/scipoptsuite-8.0.4/scip/src/objscip/objbranchrule.h:209:12: note: in expansion of macro ‘SCIP_DECL_BRANCHEXECPS’
  209 |    virtual SCIP_DECL_BRANCHEXECPS(scip_execps)
      |            ^~~~~~~~~~~~~~~~~~~~~~
/home/duweiyue25/SCIP/scipoptsuite-8.0.4/scip/src/scip/type_branch.h:176:102: warning: unused parameter ‘allowaddcons’ [-Wunused-parameter]
  176 | #define SCIP_DECL_BRANCHEXECPS(x) SCIP_RETCODE x (SCIP* scip, SCIP_BRANCHRULE* branchrule, SCIP_Bool allowaddcons, SCIP_RESULT* result)
/home/duweiyue25/SCIP/scipoptsuite-8.0.4/scip/src/objscip/objbranchrule.h:209:12: note: in expansion of macro ‘SCIP_DECL_BRANCHEXECPS’
  209 |    virtual SCIP_DECL_BRANCHEXECPS(scip_execps)
      |            ^~~~~~~~~~~~~~~~~~~~~~
In file included from /home/duweiyue25/SCIP/scipoptsuite-8.0.4/scip/src/scip/scip.h:45,
                 from /home/duweiyue25/SCIP/scipoptsuite-8.0.4/scip/src/objscip/objbranchrule.h:40,
                 from /home/duweiyue25/acyclic_cable_harness/src/rl/rl_branchrule.hpp:9,
                 from /home/duweiyue25/acyclic_cable_harness/src/rl/rl_branchrule.cpp:1:
/home/duweiyue25/SCIP/scipoptsuite-8.0.4/scip/src/blockmemshell/memory.h: In instantiation of ‘T1* docastcheck(T1*, void*, T2*) [with T1 = char; T2 = const char]’:
/home/duweiyue25/SCIP/scipoptsuite-8.0.4/scip/src/objscip/objbranchrule.h:100:7:   required from here
/home/duweiyue25/SCIP/scipoptsuite-8.0.4/scip/src/blockmemshell/memory.h:62:56: warning: unused parameter ‘v1’ [-Wunused-parameter]
   62 | template<typename T1, typename T2> T1* docastcheck(T1* v1, void* v, T2* v2)
      |                                                    ~~~~^~
/home/duweiyue25/SCIP/scipoptsuite-8.0.4/scip/src/blockmemshell/memory.h:62:73: warning: unused parameter ‘v2’ [-Wunused-parameter]
   62 | template<typename T1, typename T2> T1* docastcheck(T1* v1, void* v, T2* v2)
      |                                                                     ~~~~^~
In file included from /home/duweiyue25/SCIP/scipoptsuite-8.0.4/scip/src/objscip/objcloneable.h:37,
                 from /home/duweiyue25/SCIP/scipoptsuite-8.0.4/scip/src/objscip/objbranchrule.h:41,
                 from /home/duweiyue25/acyclic_cable_harness/src/rl/rl_branchrule.hpp:9,
                 from /home/duweiyue25/acyclic_cable_harness/code/scip_tree.cpp:28:
/home/duweiyue25/SCIP/scipoptsuite-8.0.4/scip/src/objscip/objcloneable.h: In member function ‘virtual scip::ObjCloneable* scip::ObjCloneable::clone(SCIP*) const’:
/home/duweiyue25/SCIP/scipoptsuite-8.0.4/scip/src/objscip/type_objcloneable.h:41:49: warning: unused parameter ‘scip’ [-Wunused-parameter]
   41 | #define SCIP_DECL_OBJCLONEABLECLONE(x) x (SCIP* scip) const
      |                                           ~~~~~~^~~~
/home/duweiyue25/SCIP/scipoptsuite-8.0.4/scip/src/objscip/objcloneable.h:58:15: note: in expansion of macro ‘SCIP_DECL_OBJCLONEABLECLONE’
   58 |       virtual SCIP_DECL_OBJCLONEABLECLONE(ObjCloneable* clone)
      |               ^~~~~~~~~~~~~~~~~~~~~~~~~~~
In file included from /home/duweiyue25/SCIP/scipoptsuite-8.0.4/scip/src/scip/scip.h:61,
                 from /home/duweiyue25/acyclic_cable_harness/code/scip_tree.cpp:22:
/home/duweiyue25/SCIP/scipoptsuite-8.0.4/scip/src/objscip/objbranchrule.h: In member function ‘virtual SCIP_RETCODE scip::ObjBranchrule::scip_free(SCIP*, SCIP_BRANCHRULE*)’:
/home/duweiyue25/SCIP/scipoptsuite-8.0.4/scip/src/scip/type_branch.h:75:55: warning: unused parameter ‘scip’ [-Wunused-parameter]
   75 | #define SCIP_DECL_BRANCHFREE(x) SCIP_RETCODE x (SCIP* scip, SCIP_BRANCHRULE* branchrule)
      |                                                 ~~~~~~^~~~
/home/duweiyue25/SCIP/scipoptsuite-8.0.4/scip/src/objscip/objbranchrule.h:142:12: note: in expansion of macro ‘SCIP_DECL_BRANCHFREE’
  142 |    virtual SCIP_DECL_BRANCHFREE(scip_free)
      |            ^~~~~~~~~~~~~~~~~~~~
/home/duweiyue25/SCIP/scipoptsuite-8.0.4/scip/src/scip/type_branch.h:75:78: warning: unused parameter ‘branchrule’ [-Wunused-parameter]
   75 | #define SCIP_DECL_BRANCHFREE(x) SCIP_RETCODE x (SCIP* scip, SCIP_BRANCHRULE* branchrule)
      |                                                             ~~~~~~~~~~~~~~~~~^~~~~~~~~~
/home/duweiyue25/SCIP/scipoptsuite-8.0.4/scip/src/objscip/objbranchrule.h:142:12: note: in expansion of macro ‘SCIP_DECL_BRANCHFREE’
  142 |    virtual SCIP_DECL_BRANCHFREE(scip_free)
      |            ^~~~~~~~~~~~~~~~~~~~
/home/duweiyue25/SCIP/scipoptsuite-8.0.4/scip/src/objscip/objbranchrule.h: In member function ‘virtual SCIP_RETCODE scip::ObjBranchrule::scip_init(SCIP*, SCIP_BRANCHRULE*)’:
/home/duweiyue25/SCIP/scipoptsuite-8.0.4/scip/src/scip/type_branch.h:83:55: warning: unused parameter ‘scip’ [-Wunused-parameter]
   83 | #define SCIP_DECL_BRANCHINIT(x) SCIP_RETCODE x (SCIP* scip, SCIP_BRANCHRULE* branchrule)
      |                                                 ~~~~~~^~~~
/home/duweiyue25/SCIP/scipoptsuite-8.0.4/scip/src/objscip/objbranchrule.h:151:12: note: in expansion of macro ‘SCIP_DECL_BRANCHINIT’
  151 |    virtual SCIP_DECL_BRANCHINIT(scip_init)
      |            ^~~~~~~~~~~~~~~~~~~~
/home/duweiyue25/SCIP/scipoptsuite-8.0.4/scip/src/scip/type_branch.h:83:78: warning: unused parameter ‘branchrule’ [-Wunused-parameter]
   83 | #define SCIP_DECL_BRANCHINIT(x) SCIP_RETCODE x (SCIP* scip, SCIP_BRANCHRULE* branchrule)
      |                                                             ~~~~~~~~~~~~~~~~~^~~~~~~~~~
/home/duweiyue25/SCIP/scipoptsuite-8.0.4/scip/src/objscip/objbranchrule.h:151:12: note: in expansion of macro ‘SCIP_DECL_BRANCHINIT’
  151 |    virtual SCIP_DECL_BRANCHINIT(scip_init)
      |            ^~~~~~~~~~~~~~~~~~~~
/home/duweiyue25/SCIP/scipoptsuite-8.0.4/scip/src/objscip/objbranchrule.h: In member function ‘virtual SCIP_RETCODE scip::ObjBranchrule::scip_exit(SCIP*, SCIP_BRANCHRULE*)’:
/home/duweiyue25/SCIP/scipoptsuite-8.0.4/scip/src/scip/type_branch.h:91:55: warning: unused parameter ‘scip’ [-Wunused-parameter]
   91 | #define SCIP_DECL_BRANCHEXIT(x) SCIP_RETCODE x (SCIP* scip, SCIP_BRANCHRULE* branchrule)
      |                                                 ~~~~~~^~~~
/home/duweiyue25/SCIP/scipoptsuite-8.0.4/scip/src/objscip/objbranchrule.h:160:12: note: in expansion of macro ‘SCIP_DECL_BRANCHEXIT’
  160 |    virtual SCIP_DECL_BRANCHEXIT(scip_exit)
      |            ^~~~~~~~~~~~~~~~~~~~
/home/duweiyue25/SCIP/scipoptsuite-8.0.4/scip/src/scip/type_branch.h:91:78: warning: unused parameter ‘branchrule’ [-Wunused-parameter]
   91 | #define SCIP_DECL_BRANCHEXIT(x) SCIP_RETCODE x (SCIP* scip, SCIP_BRANCHRULE* branchrule)
      |                                                             ~~~~~~~~~~~~~~~~~^~~~~~~~~~
/home/duweiyue25/SCIP/scipoptsuite-8.0.4/scip/src/objscip/objbranchrule.h:160:12: note: in expansion of macro ‘SCIP_DECL_BRANCHEXIT’
  160 |    virtual SCIP_DECL_BRANCHEXIT(scip_exit)
      |            ^~~~~~~~~~~~~~~~~~~~
/home/duweiyue25/SCIP/scipoptsuite-8.0.4/scip/src/objscip/objbranchrule.h: In member function ‘virtual SCIP_RETCODE scip::ObjBranchrule::scip_initsol(SCIP*, SCIP_BRANCHRULE*)’:
/home/duweiyue25/SCIP/scipoptsuite-8.0.4/scip/src/scip/type_branch.h:102:58: warning: unused parameter ‘scip’ [-Wunused-parameter]
  102 | #define SCIP_DECL_BRANCHINITSOL(x) SCIP_RETCODE x (SCIP* scip, SCIP_BRANCHRULE* branchrule)
      |                                                    ~~~~~~^~~~
/home/duweiyue25/SCIP/scipoptsuite-8.0.4/scip/src/objscip/objbranchrule.h:169:12: note: in expansion of macro ‘SCIP_DECL_BRANCHINITSOL’
  169 |    virtual SCIP_DECL_BRANCHINITSOL(scip_initsol)
      |            ^~~~~~~~~~~~~~~~~~~~~~~
/home/duweiyue25/SCIP/scipoptsuite-8.0.4/scip/src/scip/type_branch.h:102:81: warning: unused parameter ‘branchrule’ [-Wunused-parameter]
  102 | #define SCIP_DECL_BRANCHINITSOL(x) SCIP_RETCODE x (SCIP* scip, SCIP_BRANCHRULE* branchrule)
      |                                                                ~~~~~~~~~~~~~~~~~^~~~~~~~~~
/home/duweiyue25/SCIP/scipoptsuite-8.0.4/scip/src/objscip/objbranchrule.h:169:12: note: in expansion of macro ‘SCIP_DECL_BRANCHINITSOL’
  169 |    virtual SCIP_DECL_BRANCHINITSOL(scip_initsol)
      |            ^~~~~~~~~~~~~~~~~~~~~~~
/home/duweiyue25/SCIP/scipoptsuite-8.0.4/scip/src/objscip/objbranchrule.h: In member function ‘virtual SCIP_RETCODE scip::ObjBranchrule::scip_exitsol(SCIP*, SCIP_BRANCHRULE*)’:
/home/duweiyue25/SCIP/scipoptsuite-8.0.4/scip/src/scip/type_branch.h:113:58: warning: unused parameter ‘scip’ [-Wunused-parameter]
  113 | #define SCIP_DECL_BRANCHEXITSOL(x) SCIP_RETCODE x (SCIP* scip, SCIP_BRANCHRULE* branchrule)
      |                                                    ~~~~~~^~~~
/home/duweiyue25/SCIP/scipoptsuite-8.0.4/scip/src/objscip/objbranchrule.h:178:12: note: in expansion of macro ‘SCIP_DECL_BRANCHEXITSOL’
  178 |    virtual SCIP_DECL_BRANCHEXITSOL(scip_exitsol)
      |            ^~~~~~~~~~~~~~~~~~~~~~~
/home/duweiyue25/SCIP/scipoptsuite-8.0.4/scip/src/scip/type_branch.h:113:81: warning: unused parameter ‘branchrule’ [-Wunused-parameter]
  113 | #define SCIP_DECL_BRANCHEXITSOL(x) SCIP_RETCODE x (SCIP* scip, SCIP_BRANCHRULE* branchrule)
      |                                                                ~~~~~~~~~~~~~~~~~^~~~~~~~~~
/home/duweiyue25/SCIP/scipoptsuite-8.0.4/scip/src/objscip/objbranchrule.h:178:12: note: in expansion of macro ‘SCIP_DECL_BRANCHEXITSOL’
  178 |    virtual SCIP_DECL_BRANCHEXITSOL(scip_exitsol)
      |            ^~~~~~~~~~~~~~~~~~~~~~~
/home/duweiyue25/SCIP/scipoptsuite-8.0.4/scip/src/objscip/objbranchrule.h: In member function ‘virtual SCIP_RETCODE scip::ObjBranchrule::scip_execlp(SCIP*, SCIP_BRANCHRULE*, unsigned int, SCIP_RESULT*)’:
/home/duweiyue25/SCIP/scipoptsuite-8.0.4/scip/src/scip/type_branch.h:134:57: warning: unused parameter ‘scip’ [-Wunused-parameter]
  134 | #define SCIP_DECL_BRANCHEXECLP(x) SCIP_RETCODE x (SCIP* scip, SCIP_BRANCHRULE* branchrule, SCIP_Bool allowaddcons, SCIP_RESULT* result)
      |                                                   ~~~~~~^~~~
/home/duweiyue25/SCIP/scipoptsuite-8.0.4/scip/src/objscip/objbranchrule.h:187:12: note: in expansion of macro ‘SCIP_DECL_BRANCHEXECLP’
  187 |    virtual SCIP_DECL_BRANCHEXECLP(scip_execlp)
      |            ^~~~~~~~~~~~~~~~~~~~~~
/home/duweiyue25/SCIP/scipoptsuite-8.0.4/scip/src/scip/type_branch.h:134:80: warning: unused parameter ‘branchrule’ [-Wunused-parameter]
  134 | #define SCIP_DECL_BRANCHEXECLP(x) SCIP_RETCODE x (SCIP* scip, SCIP_BRANCHRULE* branchrule, SCIP_Bool allowaddcons, SCIP_RESULT* result)
      |                                                               ~~~~~~~~~~~~~~~~~^~~~~~~~~~
/home/duweiyue25/SCIP/scipoptsuite-8.0.4/scip/src/objscip/objbranchrule.h:187:12: note: in expansion of macro ‘SCIP_DECL_BRANCHEXECLP’
  187 |    virtual SCIP_DECL_BRANCHEXECLP(scip_execlp)
      |            ^~~~~~~~~~~~~~~~~~~~~~
/home/duweiyue25/SCIP/scipoptsuite-8.0.4/scip/src/scip/type_branch.h:134:102: warning: unused parameter ‘allowaddcons’ [-Wunused-parameter]
  134 | #define SCIP_DECL_BRANCHEXECLP(x) SCIP_RETCODE x (SCIP* scip, SCIP_BRANCHRULE* branchrule, SCIP_Bool allowaddcons, SCIP_RESULT* result)
/home/duweiyue25/SCIP/scipoptsuite-8.0.4/scip/src/objscip/objbranchrule.h:187:12: note: in expansion of macro ‘SCIP_DECL_BRANCHEXECLP’
  187 |    virtual SCIP_DECL_BRANCHEXECLP(scip_execlp)
      |            ^~~~~~~~~~~~~~~~~~~~~~
In file included from /home/duweiyue25/SCIP/scipoptsuite-8.0.4/scip/src/scip/scip.h:61,
                 from /home/duweiyue25/acyclic_cable_harness/code/scip_tree.cpp:22:
/home/duweiyue25/SCIP/scipoptsuite-8.0.4/scip/src/objscip/objbranchrule.h: In member function ‘virtual SCIP_RETCODE scip::ObjBranchrule::scip_execext(SCIP*, SCIP_BRANCHRULE*, unsigned int, SCIP_RESULT*)’:
/home/duweiyue25/SCIP/scipoptsuite-8.0.4/scip/src/scip/type_branch.h:155:58: warning: unused parameter ‘scip’ [-Wunused-parameter]
  155 | #define SCIP_DECL_BRANCHEXECEXT(x) SCIP_RETCODE x (SCIP* scip, SCIP_BRANCHRULE* branchrule, SCIP_Bool allowaddcons, SCIP_RESULT* result)
      |                                                    ~~~~~~^~~~
/home/duweiyue25/SCIP/scipoptsuite-8.0.4/scip/src/objscip/objbranchrule.h:198:12: note: in expansion of macro ‘SCIP_DECL_BRANCHEXECEXT’
  198 |    virtual SCIP_DECL_BRANCHEXECEXT(scip_execext)
      |            ^~~~~~~~~~~~~~~~~~~~~~~
/home/duweiyue25/SCIP/scipoptsuite-8.0.4/scip/src/scip/type_branch.h:155:81: warning: unused parameter ‘branchrule’ [-Wunused-parameter]
  155 | #define SCIP_DECL_BRANCHEXECEXT(x) SCIP_RETCODE x (SCIP* scip, SCIP_BRANCHRULE* branchrule, SCIP_Bool allowaddcons, SCIP_RESULT* result)
      |                                                                ~~~~~~~~~~~~~~~~~^~~~~~~~~~
/home/duweiyue25/SCIP/scipoptsuite-8.0.4/scip/src/objscip/objbranchrule.h:198:12: note: in expansion of macro ‘SCIP_DECL_BRANCHEXECEXT’
  198 |    virtual SCIP_DECL_BRANCHEXECEXT(scip_execext)
      |            ^~~~~~~~~~~~~~~~~~~~~~~
/home/duweiyue25/SCIP/scipoptsuite-8.0.4/scip/src/scip/type_branch.h:155:103: warning: unused parameter ‘allowaddcons’ [-Wunused-parameter]
  155 | #define SCIP_DECL_BRANCHEXECEXT(x) SCIP_RETCODE x (SCIP* scip, SCIP_BRANCHRULE* branchrule, SCIP_Bool allowaddcons, SCIP_RESULT* result)
/home/duweiyue25/SCIP/scipoptsuite-8.0.4/scip/src/objscip/objbranchrule.h:198:12: note: in expansion of macro ‘SCIP_DECL_BRANCHEXECEXT’
  198 |    virtual SCIP_DECL_BRANCHEXECEXT(scip_execext)
      |            ^~~~~~~~~~~~~~~~~~~~~~~
/home/duweiyue25/SCIP/scipoptsuite-8.0.4/scip/src/objscip/objbranchrule.h: In member function ‘virtual SCIP_RETCODE scip::ObjBranchrule::scip_execps(SCIP*, SCIP_BRANCHRULE*, unsigned int, SCIP_RESULT*)’:
/home/duweiyue25/SCIP/scipoptsuite-8.0.4/scip/src/scip/type_branch.h:176:57: warning: unused parameter ‘scip’ [-Wunused-parameter]
  176 | #define SCIP_DECL_BRANCHEXECPS(x) SCIP_RETCODE x (SCIP* scip, SCIP_BRANCHRULE* branchrule, SCIP_Bool allowaddcons, SCIP_RESULT* result)
      |                                                   ~~~~~~^~~~
/home/duweiyue25/SCIP/scipoptsuite-8.0.4/scip/src/objscip/objbranchrule.h:209:12: note: in expansion of macro ‘SCIP_DECL_BRANCHEXECPS’
  209 |    virtual SCIP_DECL_BRANCHEXECPS(scip_execps)
      |            ^~~~~~~~~~~~~~~~~~~~~~
/home/duweiyue25/SCIP/scipoptsuite-8.0.4/scip/src/scip/type_branch.h:176:80: warning: unused parameter ‘branchrule’ [-Wunused-parameter]
  176 | #define SCIP_DECL_BRANCHEXECPS(x) SCIP_RETCODE x (SCIP* scip, SCIP_BRANCHRULE* branchrule, SCIP_Bool allowaddcons, SCIP_RESULT* result)
      |                                                               ~~~~~~~~~~~~~~~~~^~~~~~~~~~
/home/duweiyue25/SCIP/scipoptsuite-8.0.4/scip/src/objscip/objbranchrule.h:209:12: note: in expansion of macro ‘SCIP_DECL_BRANCHEXECPS’
  209 |    virtual SCIP_DECL_BRANCHEXECPS(scip_execps)
      |            ^~~~~~~~~~~~~~~~~~~~~~
/home/duweiyue25/SCIP/scipoptsuite-8.0.4/scip/src/scip/type_branch.h:176:102: warning: unused parameter ‘allowaddcons’ [-Wunused-parameter]
  176 | #define SCIP_DECL_BRANCHEXECPS(x) SCIP_RETCODE x (SCIP* scip, SCIP_BRANCHRULE* branchrule, SCIP_Bool allowaddcons, SCIP_RESULT* result)
/home/duweiyue25/SCIP/scipoptsuite-8.0.4/scip/src/objscip/objbranchrule.h:209:12: note: in expansion of macro ‘SCIP_DECL_BRANCHEXECPS’
  209 |    virtual SCIP_DECL_BRANCHEXECPS(scip_execps)
      |            ^~~~~~~~~~~~~~~~~~~~~~
/home/duweiyue25/acyclic_cable_harness/code/scip_tree.cpp: In function ‘SCIP_RETCODE SolveMIPProblem(std::set<int>, std::vector<std::pair<int, int> >&, std::map<std::pair<int, int>, int>&, std::map<int, std::pair<int, int> >&, std::map<std::pair<int, int>, double>&, std::map<int, std::set<int> >&, std::map<std::pair<int, int>, std::set<std::pair<int, int> > >&, std::set<std::pair<int, int> >&, std::map<int, int>&, std::map<int, int>&, std::vector<std::pair<int, int> >&, std::map<int, std::vector<std::pair<int, int> > >&, const RunConfig&, SolverMetrics&, double&)’:
/home/duweiyue25/acyclic_cable_harness/code/scip_tree.cpp:788:45: warning: unused parameter ‘id_to_copynums’ [-Wunused-parameter]
  788 |                         std::map<int, int>& id_to_copynums,
      |                         ~~~~~~~~~~~~~~~~~~~~^~~~~~~~~~~~~~
/home/duweiyue25/acyclic_cable_harness/code/scip_tree.cpp:790:74: warning: unused parameter ‘cpid_to_entry_edges’ [-Wunused-parameter]
  790 |                         std::map<int, std::vector<std::pair<int, int>>>& cpid_to_entry_edges,
      |                         ~~~~~~~~~~~~~~~~~~~~~~~~~~~~~~~~~~~~~~~~~~~~~~~~~^~~~~~~~~~~~~~~~~~~
/home/duweiyue25/acyclic_cable_harness/code/scip_tree.cpp: In function ‘double ret_compose(double, std::vector<std::pair<int, int> >&, std::map<std::pair<int, int>, int>&, std::vector<std::pair<int, int> >&, std::map<std::pair<int, int>, double>&, std::map<int, int>&, std::map<std::pair<int, int>, std::pair<int, int> >&, std::map<std::pair<int, int>, int>&, std::map<int, std::set<std::pair<std::pair<int, int>, std::pair<int, int> > > >&, std::map<std::pair<int, int>, std::set<std::pair<int, int> > >&, std::set<std::pair<int, int> >&, std::map<int, int>&)’:
/home/duweiyue25/acyclic_cable_harness/code/scip_tree.cpp:1336:27: warning: unused parameter ‘obj’ [-Wunused-parameter]
 1336 | double ret_compose(double obj, std::vector<std::pair<int, int>>& edges,
      |                    ~~~~~~~^~~
/home/duweiyue25/acyclic_cable_harness/code/scip_tree.cpp:1336:66: warning: unused parameter ‘edges’ [-Wunused-parameter]
 1336 | double ret_compose(double obj, std::vector<std::pair<int, int>>& edges,
      |                                ~~~~~~~~~~~~~~~~~~~~~~~~~~~~~~~~~~^~~~~
/home/duweiyue25/acyclic_cable_harness/code/scip_tree.cpp:1345:52: warning: unused parameter ‘ret_edges_prime’ [-Wunused-parameter]
 1345 |                     std::set<std::pair<int, int>>& ret_edges_prime,
      |                     ~~~~~~~~~~~~~~~~~~~~~~~~~~~~~~~^~~~~~~~~~~~~~~
In file included from /home/duweiyue25/SCIP/scipoptsuite-8.0.4/scip/src/scip/scip.h:45,
                 from /home/duweiyue25/acyclic_cable_harness/code/scip_tree.cpp:22:
/home/duweiyue25/SCIP/scipoptsuite-8.0.4/scip/src/blockmemshell/memory.h: In instantiation of ‘T1* docastcheck(T1*, void*, T2*) [with T1 = char; T2 = const char]’:
/home/duweiyue25/SCIP/scipoptsuite-8.0.4/scip/src/objscip/objbranchrule.h:100:7:   required from here
/home/duweiyue25/SCIP/scipoptsuite-8.0.4/scip/src/blockmemshell/memory.h:62:56: warning: unused parameter ‘v1’ [-Wunused-parameter]
   62 | template<typename T1, typename T2> T1* docastcheck(T1* v1, void* v, T2* v2)
      |                                                    ~~~~^~
/home/duweiyue25/SCIP/scipoptsuite-8.0.4/scip/src/blockmemshell/memory.h:62:73: warning: unused parameter ‘v2’ [-Wunused-parameter]
   62 | template<typename T1, typename T2> T1* docastcheck(T1* v1, void* v, T2* v2)
      |                                                                     ~~~~^~
In file included from /home/duweiyue25/SCIP/scipoptsuite-8.0.4/scip/src/objscip/objcloneable.h:37,
                 from /home/duweiyue25/SCIP/scipoptsuite-8.0.4/scip/src/objscip/objbranchrule.h:41,
                 from /home/duweiyue25/acyclic_cable_harness/src/rl/rl_branchrule.hpp:9,
                 from /home/duweiyue25/acyclic_cable_harness/src/rl/rl_branchrule.cpp:1:
/home/duweiyue25/SCIP/scipoptsuite-8.0.4/scip/src/objscip/objcloneable.h: In member function ‘virtual scip::ObjCloneable* scip::ObjCloneable::clone(SCIP*) const’:
/home/duweiyue25/SCIP/scipoptsuite-8.0.4/scip/src/objscip/type_objcloneable.h:41:49: warning: unused parameter ‘scip’ [-Wunused-parameter]
   41 | #define SCIP_DECL_OBJCLONEABLECLONE(x) x (SCIP* scip) const
      |                                           ~~~~~~^~~~
/home/duweiyue25/SCIP/scipoptsuite-8.0.4/scip/src/objscip/objcloneable.h:58:15: note: in expansion of macro ‘SCIP_DECL_OBJCLONEABLECLONE’
   58 |       virtual SCIP_DECL_OBJCLONEABLECLONE(ObjCloneable* clone)
      |               ^~~~~~~~~~~~~~~~~~~~~~~~~~~
In file included from /home/duweiyue25/SCIP/scipoptsuite-8.0.4/scip/src/scip/scip.h:61,
                 from /home/duweiyue25/SCIP/scipoptsuite-8.0.4/scip/src/objscip/objbranchrule.h:40,
                 from /home/duweiyue25/acyclic_cable_harness/src/rl/rl_branchrule.hpp:9,
                 from /home/duweiyue25/acyclic_cable_harness/src/rl/rl_branchrule.cpp:1:
/home/duweiyue25/SCIP/scipoptsuite-8.0.4/scip/src/objscip/objbranchrule.h: In member function ‘virtual SCIP_RETCODE scip::ObjBranchrule::scip_free(SCIP*, SCIP_BRANCHRULE*)’:
/home/duweiyue25/SCIP/scipoptsuite-8.0.4/scip/src/scip/type_branch.h:75:55: warning: unused parameter ‘scip’ [-Wunused-parameter]
   75 | #define SCIP_DECL_BRANCHFREE(x) SCIP_RETCODE x (SCIP* scip, SCIP_BRANCHRULE* branchrule)
      |                                                 ~~~~~~^~~~
/home/duweiyue25/SCIP/scipoptsuite-8.0.4/scip/src/objscip/objbranchrule.h:142:12: note: in expansion of macro ‘SCIP_DECL_BRANCHFREE’
  142 |    virtual SCIP_DECL_BRANCHFREE(scip_free)
      |            ^~~~~~~~~~~~~~~~~~~~
/home/duweiyue25/SCIP/scipoptsuite-8.0.4/scip/src/scip/type_branch.h:75:78: warning: unused parameter ‘branchrule’ [-Wunused-parameter]
   75 | #define SCIP_DECL_BRANCHFREE(x) SCIP_RETCODE x (SCIP* scip, SCIP_BRANCHRULE* branchrule)
      |                                                             ~~~~~~~~~~~~~~~~~^~~~~~~~~~
/home/duweiyue25/SCIP/scipoptsuite-8.0.4/scip/src/objscip/objbranchrule.h:142:12: note: in expansion of macro ‘SCIP_DECL_BRANCHFREE’
  142 |    virtual SCIP_DECL_BRANCHFREE(scip_free)
      |            ^~~~~~~~~~~~~~~~~~~~
/home/duweiyue25/SCIP/scipoptsuite-8.0.4/scip/src/objscip/objbranchrule.h: In member function ‘virtual SCIP_RETCODE scip::ObjBranchrule::scip_init(SCIP*, SCIP_BRANCHRULE*)’:
/home/duweiyue25/SCIP/scipoptsuite-8.0.4/scip/src/scip/type_branch.h:83:55: warning: unused parameter ‘scip’ [-Wunused-parameter]
   83 | #define SCIP_DECL_BRANCHINIT(x) SCIP_RETCODE x (SCIP* scip, SCIP_BRANCHRULE* branchrule)
      |                                                 ~~~~~~^~~~
/home/duweiyue25/SCIP/scipoptsuite-8.0.4/scip/src/objscip/objbranchrule.h:151:12: note: in expansion of macro ‘SCIP_DECL_BRANCHINIT’
  151 |    virtual SCIP_DECL_BRANCHINIT(scip_init)
      |            ^~~~~~~~~~~~~~~~~~~~
/home/duweiyue25/SCIP/scipoptsuite-8.0.4/scip/src/scip/type_branch.h:83:78: warning: unused parameter ‘branchrule’ [-Wunused-parameter]
   83 | #define SCIP_DECL_BRANCHINIT(x) SCIP_RETCODE x (SCIP* scip, SCIP_BRANCHRULE* branchrule)
      |                                                             ~~~~~~~~~~~~~~~~~^~~~~~~~~~
/home/duweiyue25/SCIP/scipoptsuite-8.0.4/scip/src/objscip/objbranchrule.h:151:12: note: in expansion of macro ‘SCIP_DECL_BRANCHINIT’
  151 |    virtual SCIP_DECL_BRANCHINIT(scip_init)
      |            ^~~~~~~~~~~~~~~~~~~~
/home/duweiyue25/SCIP/scipoptsuite-8.0.4/scip/src/objscip/objbranchrule.h: In member function ‘virtual SCIP_RETCODE scip::ObjBranchrule::scip_exit(SCIP*, SCIP_BRANCHRULE*)’:
/home/duweiyue25/SCIP/scipoptsuite-8.0.4/scip/src/scip/type_branch.h:91:55: warning: unused parameter ‘scip’ [-Wunused-parameter]
   91 | #define SCIP_DECL_BRANCHEXIT(x) SCIP_RETCODE x (SCIP* scip, SCIP_BRANCHRULE* branchrule)
      |                                                 ~~~~~~^~~~
/home/duweiyue25/SCIP/scipoptsuite-8.0.4/scip/src/objscip/objbranchrule.h:160:12: note: in expansion of macro ‘SCIP_DECL_BRANCHEXIT’
  160 |    virtual SCIP_DECL_BRANCHEXIT(scip_exit)
      |            ^~~~~~~~~~~~~~~~~~~~
/home/duweiyue25/SCIP/scipoptsuite-8.0.4/scip/src/scip/type_branch.h:91:78: warning: unused parameter ‘branchrule’ [-Wunused-parameter]
   91 | #define SCIP_DECL_BRANCHEXIT(x) SCIP_RETCODE x (SCIP* scip, SCIP_BRANCHRULE* branchrule)
      |                                                             ~~~~~~~~~~~~~~~~~^~~~~~~~~~
/home/duweiyue25/SCIP/scipoptsuite-8.0.4/scip/src/objscip/objbranchrule.h:160:12: note: in expansion of macro ‘SCIP_DECL_BRANCHEXIT’
  160 |    virtual SCIP_DECL_BRANCHEXIT(scip_exit)
      |            ^~~~~~~~~~~~~~~~~~~~
/home/duweiyue25/SCIP/scipoptsuite-8.0.4/scip/src/objscip/objbranchrule.h: In member function ‘virtual SCIP_RETCODE scip::ObjBranchrule::scip_initsol(SCIP*, SCIP_BRANCHRULE*)’:
/home/duweiyue25/SCIP/scipoptsuite-8.0.4/scip/src/scip/type_branch.h:102:58: warning: unused parameter ‘scip’ [-Wunused-parameter]
  102 | #define SCIP_DECL_BRANCHINITSOL(x) SCIP_RETCODE x (SCIP* scip, SCIP_BRANCHRULE* branchrule)
      |                                                    ~~~~~~^~~~
/home/duweiyue25/SCIP/scipoptsuite-8.0.4/scip/src/objscip/objbranchrule.h:169:12: note: in expansion of macro ‘SCIP_DECL_BRANCHINITSOL’
  169 |    virtual SCIP_DECL_BRANCHINITSOL(scip_initsol)
      |            ^~~~~~~~~~~~~~~~~~~~~~~
/home/duweiyue25/SCIP/scipoptsuite-8.0.4/scip/src/scip/type_branch.h:102:81: warning: unused parameter ‘branchrule’ [-Wunused-parameter]
  102 | #define SCIP_DECL_BRANCHINITSOL(x) SCIP_RETCODE x (SCIP* scip, SCIP_BRANCHRULE* branchrule)
      |                                                                ~~~~~~~~~~~~~~~~~^~~~~~~~~~
/home/duweiyue25/SCIP/scipoptsuite-8.0.4/scip/src/objscip/objbranchrule.h:169:12: note: in expansion of macro ‘SCIP_DECL_BRANCHINITSOL’
  169 |    virtual SCIP_DECL_BRANCHINITSOL(scip_initsol)
      |            ^~~~~~~~~~~~~~~~~~~~~~~
/home/duweiyue25/SCIP/scipoptsuite-8.0.4/scip/src/objscip/objbranchrule.h: In member function ‘virtual SCIP_RETCODE scip::ObjBranchrule::scip_exitsol(SCIP*, SCIP_BRANCHRULE*)’:
/home/duweiyue25/SCIP/scipoptsuite-8.0.4/scip/src/scip/type_branch.h:113:58: warning: unused parameter ‘scip’ [-Wunused-parameter]
  113 | #define SCIP_DECL_BRANCHEXITSOL(x) SCIP_RETCODE x (SCIP* scip, SCIP_BRANCHRULE* branchrule)
      |                                                    ~~~~~~^~~~
/home/duweiyue25/SCIP/scipoptsuite-8.0.4/scip/src/objscip/objbranchrule.h:178:12: note: in expansion of macro ‘SCIP_DECL_BRANCHEXITSOL’
  178 |    virtual SCIP_DECL_BRANCHEXITSOL(scip_exitsol)
      |            ^~~~~~~~~~~~~~~~~~~~~~~
/home/duweiyue25/SCIP/scipoptsuite-8.0.4/scip/src/scip/type_branch.h:113:81: warning: unused parameter ‘branchrule’ [-Wunused-parameter]
  113 | #define SCIP_DECL_BRANCHEXITSOL(x) SCIP_RETCODE x (SCIP* scip, SCIP_BRANCHRULE* branchrule)
      |                                                                ~~~~~~~~~~~~~~~~~^~~~~~~~~~
/home/duweiyue25/SCIP/scipoptsuite-8.0.4/scip/src/objscip/objbranchrule.h:178:12: note: in expansion of macro ‘SCIP_DECL_BRANCHEXITSOL’
  178 |    virtual SCIP_DECL_BRANCHEXITSOL(scip_exitsol)
      |            ^~~~~~~~~~~~~~~~~~~~~~~
/home/duweiyue25/SCIP/scipoptsuite-8.0.4/scip/src/objscip/objbranchrule.h: In member function ‘virtual SCIP_RETCODE scip::ObjBranchrule::scip_execlp(SCIP*, SCIP_BRANCHRULE*, unsigned int, SCIP_RESULT*)’:
/home/duweiyue25/SCIP/scipoptsuite-8.0.4/scip/src/scip/type_branch.h:134:57: warning: unused parameter ‘scip’ [-Wunused-parameter]
  134 | #define SCIP_DECL_BRANCHEXECLP(x) SCIP_RETCODE x (SCIP* scip, SCIP_BRANCHRULE* branchrule, SCIP_Bool allowaddcons, SCIP_RESULT* result)
      |                                                   ~~~~~~^~~~
/home/duweiyue25/SCIP/scipoptsuite-8.0.4/scip/src/objscip/objbranchrule.h:187:12: note: in expansion of macro ‘SCIP_DECL_BRANCHEXECLP’
  187 |    virtual SCIP_DECL_BRANCHEXECLP(scip_execlp)
      |            ^~~~~~~~~~~~~~~~~~~~~~
/home/duweiyue25/SCIP/scipoptsuite-8.0.4/scip/src/scip/type_branch.h:134:80: warning: unused parameter ‘branchrule’ [-Wunused-parameter]
  134 | #define SCIP_DECL_BRANCHEXECLP(x) SCIP_RETCODE x (SCIP* scip, SCIP_BRANCHRULE* branchrule, SCIP_Bool allowaddcons, SCIP_RESULT* result)
      |                                                               ~~~~~~~~~~~~~~~~~^~~~~~~~~~
/home/duweiyue25/SCIP/scipoptsuite-8.0.4/scip/src/objscip/objbranchrule.h:187:12: note: in expansion of macro ‘SCIP_DECL_BRANCHEXECLP’
  187 |    virtual SCIP_DECL_BRANCHEXECLP(scip_execlp)
      |            ^~~~~~~~~~~~~~~~~~~~~~
/home/duweiyue25/SCIP/scipoptsuite-8.0.4/scip/src/scip/type_branch.h:134:102: warning: unused parameter ‘allowaddcons’ [-Wunused-parameter]
  134 | #define SCIP_DECL_BRANCHEXECLP(x) SCIP_RETCODE x (SCIP* scip, SCIP_BRANCHRULE* branchrule, SCIP_Bool allowaddcons, SCIP_RESULT* result)
/home/duweiyue25/SCIP/scipoptsuite-8.0.4/scip/src/objscip/objbranchrule.h:187:12: note: in expansion of macro ‘SCIP_DECL_BRANCHEXECLP’
  187 |    virtual SCIP_DECL_BRANCHEXECLP(scip_execlp)
      |            ^~~~~~~~~~~~~~~~~~~~~~
In file included from /home/duweiyue25/SCIP/scipoptsuite-8.0.4/scip/src/scip/scip.h:61,
                 from /home/duweiyue25/SCIP/scipoptsuite-8.0.4/scip/src/objscip/objbranchrule.h:40,
                 from /home/duweiyue25/acyclic_cable_harness/src/rl/rl_branchrule.hpp:9,
                 from /home/duweiyue25/acyclic_cable_harness/src/rl/rl_branchrule.cpp:1:
/home/duweiyue25/SCIP/scipoptsuite-8.0.4/scip/src/objscip/objbranchrule.h: In member function ‘virtual SCIP_RETCODE scip::ObjBranchrule::scip_execext(SCIP*, SCIP_BRANCHRULE*, unsigned int, SCIP_RESULT*)’:
/home/duweiyue25/SCIP/scipoptsuite-8.0.4/scip/src/scip/type_branch.h:155:58: warning: unused parameter ‘scip’ [-Wunused-parameter]
  155 | #define SCIP_DECL_BRANCHEXECEXT(x) SCIP_RETCODE x (SCIP* scip, SCIP_BRANCHRULE* branchrule, SCIP_Bool allowaddcons, SCIP_RESULT* result)
      |                                                    ~~~~~~^~~~
/home/duweiyue25/SCIP/scipoptsuite-8.0.4/scip/src/objscip/objbranchrule.h:198:12: note: in expansion of macro ‘SCIP_DECL_BRANCHEXECEXT’
  198 |    virtual SCIP_DECL_BRANCHEXECEXT(scip_execext)
      |            ^~~~~~~~~~~~~~~~~~~~~~~
/home/duweiyue25/SCIP/scipoptsuite-8.0.4/scip/src/scip/type_branch.h:155:81: warning: unused parameter ‘branchrule’ [-Wunused-parameter]
  155 | #define SCIP_DECL_BRANCHEXECEXT(x) SCIP_RETCODE x (SCIP* scip, SCIP_BRANCHRULE* branchrule, SCIP_Bool allowaddcons, SCIP_RESULT* result)
      |                                                                ~~~~~~~~~~~~~~~~~^~~~~~~~~~
/home/duweiyue25/SCIP/scipoptsuite-8.0.4/scip/src/objscip/objbranchrule.h:198:12: note: in expansion of macro ‘SCIP_DECL_BRANCHEXECEXT’
  198 |    virtual SCIP_DECL_BRANCHEXECEXT(scip_execext)
      |            ^~~~~~~~~~~~~~~~~~~~~~~
/home/duweiyue25/SCIP/scipoptsuite-8.0.4/scip/src/scip/type_branch.h:155:103: warning: unused parameter ‘allowaddcons’ [-Wunused-parameter]
  155 | #define SCIP_DECL_BRANCHEXECEXT(x) SCIP_RETCODE x (SCIP* scip, SCIP_BRANCHRULE* branchrule, SCIP_Bool allowaddcons, SCIP_RESULT* result)
/home/duweiyue25/SCIP/scipoptsuite-8.0.4/scip/src/objscip/objbranchrule.h:198:12: note: in expansion of macro ‘SCIP_DECL_BRANCHEXECEXT’
  198 |    virtual SCIP_DECL_BRANCHEXECEXT(scip_execext)
      |            ^~~~~~~~~~~~~~~~~~~~~~~
/home/duweiyue25/SCIP/scipoptsuite-8.0.4/scip/src/objscip/objbranchrule.h: In member function ‘virtual SCIP_RETCODE scip::ObjBranchrule::scip_execps(SCIP*, SCIP_BRANCHRULE*, unsigned int, SCIP_RESULT*)’:
/home/duweiyue25/SCIP/scipoptsuite-8.0.4/scip/src/scip/type_branch.h:176:57: warning: unused parameter ‘scip’ [-Wunused-parameter]
  176 | #define SCIP_DECL_BRANCHEXECPS(x) SCIP_RETCODE x (SCIP* scip, SCIP_BRANCHRULE* branchrule, SCIP_Bool allowaddcons, SCIP_RESULT* result)
      |                                                   ~~~~~~^~~~
/home/duweiyue25/SCIP/scipoptsuite-8.0.4/scip/src/objscip/objbranchrule.h:209:12: note: in expansion of macro ‘SCIP_DECL_BRANCHEXECPS’
  209 |    virtual SCIP_DECL_BRANCHEXECPS(scip_execps)
      |            ^~~~~~~~~~~~~~~~~~~~~~
/home/duweiyue25/SCIP/scipoptsuite-8.0.4/scip/src/scip/type_branch.h:176:80: warning: unused parameter ‘branchrule’ [-Wunused-parameter]
  176 | #define SCIP_DECL_BRANCHEXECPS(x) SCIP_RETCODE x (SCIP* scip, SCIP_BRANCHRULE* branchrule, SCIP_Bool allowaddcons, SCIP_RESULT* result)
      |                                                               ~~~~~~~~~~~~~~~~~^~~~~~~~~~
/home/duweiyue25/SCIP/scipoptsuite-8.0.4/scip/src/objscip/objbranchrule.h:209:12: note: in expansion of macro ‘SCIP_DECL_BRANCHEXECPS’
  209 |    virtual SCIP_DECL_BRANCHEXECPS(scip_execps)
      |            ^~~~~~~~~~~~~~~~~~~~~~
/home/duweiyue25/SCIP/scipoptsuite-8.0.4/scip/src/scip/type_branch.h:176:102: warning: unused parameter ‘allowaddcons’ [-Wunused-parameter]
  176 | #define SCIP_DECL_BRANCHEXECPS(x) SCIP_RETCODE x (SCIP* scip, SCIP_BRANCHRULE* branchrule, SCIP_Bool allowaddcons, SCIP_RESULT* result)
/home/duweiyue25/SCIP/scipoptsuite-8.0.4/scip/src/objscip/objbranchrule.h:209:12: note: in expansion of macro ‘SCIP_DECL_BRANCHEXECPS’
  209 |    virtual SCIP_DECL_BRANCHEXECPS(scip_execps)
      |            ^~~~~~~~~~~~~~~~~~~~~~
In file included from /home/duweiyue25/SCIP/scipoptsuite-8.0.4/scip/src/scip/scip.h:45,
                 from /home/duweiyue25/SCIP/scipoptsuite-8.0.4/scip/src/objscip/objbranchrule.h:40,
                 from /home/duweiyue25/acyclic_cable_harness/src/rl/rl_branchrule.hpp:9,
                 from /home/duweiyue25/acyclic_cable_harness/src/rl/rl_branchrule.cpp:1:
/home/duweiyue25/SCIP/scipoptsuite-8.0.4/scip/src/blockmemshell/memory.h: In instantiation of ‘T1* docastcheck(T1*, void*, T2*) [with T1 = char; T2 = const char]’:
/home/duweiyue25/SCIP/scipoptsuite-8.0.4/scip/src/objscip/objbranchrule.h:100:7:   required from here
/home/duweiyue25/SCIP/scipoptsuite-8.0.4/scip/src/blockmemshell/memory.h:62:56: warning: unused parameter ‘v1’ [-Wunused-parameter]
   62 | template<typename T1, typename T2> T1* docastcheck(T1* v1, void* v, T2* v2)
      |                                                    ~~~~^~
/home/duweiyue25/SCIP/scipoptsuite-8.0.4/scip/src/blockmemshell/memory.h:62:73: warning: unused parameter ‘v2’ [-Wunused-parameter]
   62 | template<typename T1, typename T2> T1* docastcheck(T1* v1, void* v, T2* v2)
      |                                                                     ~~~~^~
In file included from /home/duweiyue25/conda/envs/rl4scip/lib/python3.11/site-packages/torch/include/ATen/Context.h:12,
                 from /home/duweiyue25/conda/envs/rl4scip/lib/python3.11/site-packages/torch/include/ATen/ATen.h:7,
                 from /home/duweiyue25/conda/envs/rl4scip/lib/python3.11/site-packages/torch/include/torch/csrc/api/include/torch/types.h:3,
                 from /home/duweiyue25/conda/envs/rl4scip/lib/python3.11/site-packages/torch/include/torch/script.h:3,
                 from /home/duweiyue25/acyclic_cable_harness/src/rl/model_runner.cpp:9:
/home/duweiyue25/conda/envs/rl4scip/lib/python3.11/site-packages/torch/include/ATen/detail/CUDAHooksInterface.h: In member function ‘virtual bool at::CUDAHooksInterface::isPinnedPtr(const void*) const’:
/home/duweiyue25/conda/envs/rl4scip/lib/python3.11/site-packages/torch/include/ATen/detail/CUDAHooksInterface.h:80:32: warning: unused parameter ‘data’ [-Wunused-parameter]
   80 |   bool isPinnedPtr(const void* data) const override {
      |                    ~~~~~~~~~~~~^~~~
In file included from /home/duweiyue25/conda/envs/rl4scip/lib/python3.11/site-packages/torch/include/ATen/Context.h:13,
                 from /home/duweiyue25/conda/envs/rl4scip/lib/python3.11/site-packages/torch/include/ATen/ATen.h:7,
                 from /home/duweiyue25/conda/envs/rl4scip/lib/python3.11/site-packages/torch/include/torch/csrc/api/include/torch/types.h:3,
                 from /home/duweiyue25/conda/envs/rl4scip/lib/python3.11/site-packages/torch/include/torch/script.h:3,
                 from /home/duweiyue25/acyclic_cable_harness/src/rl/model_runner.cpp:9:
/home/duweiyue25/conda/envs/rl4scip/lib/python3.11/site-packages/torch/include/ATen/detail/HIPHooksInterface.h: In member function ‘virtual bool at::HIPHooksInterface::isPinnedPtr(const void*) const’:
/home/duweiyue25/conda/envs/rl4scip/lib/python3.11/site-packages/torch/include/ATen/detail/HIPHooksInterface.h:46:32: warning: unused parameter ‘data’ [-Wunused-parameter]
   46 |   bool isPinnedPtr(const void* data) const override {
      |                    ~~~~~~~~~~~~^~~~
/home/duweiyue25/conda/envs/rl4scip/lib/python3.11/site-packages/torch/include/ATen/detail/HIPHooksInterface.h: In member function ‘virtual bool at::HIPHooksInterface::hasPrimaryContext(c10::DeviceIndex) const’:
/home/duweiyue25/conda/envs/rl4scip/lib/python3.11/site-packages/torch/include/ATen/detail/HIPHooksInterface.h:62:38: warning: unused parameter ‘device_index’ [-Wunused-parameter]
   62 |   bool hasPrimaryContext(DeviceIndex device_index) const override {
      |                          ~~~~~~~~~~~~^~~~~~~~~~~~
In file included from /home/duweiyue25/conda/envs/rl4scip/lib/python3.11/site-packages/torch/include/ATen/Context.h:12,
                 from /home/duweiyue25/conda/envs/rl4scip/lib/python3.11/site-packages/torch/include/ATen/ATen.h:7,
                 from /home/duweiyue25/conda/envs/rl4scip/lib/python3.11/site-packages/torch/include/torch/csrc/api/include/torch/types.h:3,
                 from /home/duweiyue25/conda/envs/rl4scip/lib/python3.11/site-packages/torch/include/torch/script.h:3,
                 from /home/duweiyue25/acyclic_cable_harness/src/rl/model_runner.cpp:9:
/home/duweiyue25/conda/envs/rl4scip/lib/python3.11/site-packages/torch/include/ATen/detail/CUDAHooksInterface.h: In member function ‘virtual bool at::CUDAHooksInterface::isPinnedPtr(const void*) const’:
/home/duweiyue25/conda/envs/rl4scip/lib/python3.11/site-packages/torch/include/ATen/detail/CUDAHooksInterface.h:80:32: warning: unused parameter ‘data’ [-Wunused-parameter]
   80 |   bool isPinnedPtr(const void* data) const override {
      |                    ~~~~~~~~~~~~^~~~
In file included from /home/duweiyue25/conda/envs/rl4scip/lib/python3.11/site-packages/torch/include/ATen/Context.h:13,
                 from /home/duweiyue25/conda/envs/rl4scip/lib/python3.11/site-packages/torch/include/ATen/ATen.h:7,
                 from /home/duweiyue25/conda/envs/rl4scip/lib/python3.11/site-packages/torch/include/torch/csrc/api/include/torch/types.h:3,
                 from /home/duweiyue25/conda/envs/rl4scip/lib/python3.11/site-packages/torch/include/torch/script.h:3,
                 from /home/duweiyue25/acyclic_cable_harness/src/rl/model_runner.cpp:9:
/home/duweiyue25/conda/envs/rl4scip/lib/python3.11/site-packages/torch/include/ATen/detail/HIPHooksInterface.h: In member function ‘virtual bool at::HIPHooksInterface::isPinnedPtr(const void*) const’:
/home/duweiyue25/conda/envs/rl4scip/lib/python3.11/site-packages/torch/include/ATen/detail/HIPHooksInterface.h:46:32: warning: unused parameter ‘data’ [-Wunused-parameter]
   46 |   bool isPinnedPtr(const void* data) const override {
      |                    ~~~~~~~~~~~~^~~~
/home/duweiyue25/conda/envs/rl4scip/lib/python3.11/site-packages/torch/include/ATen/detail/HIPHooksInterface.h: In member function ‘virtual bool at::HIPHooksInterface::hasPrimaryContext(c10::DeviceIndex) const’:
/home/duweiyue25/conda/envs/rl4scip/lib/python3.11/site-packages/torch/include/ATen/detail/HIPHooksInterface.h:62:38: warning: unused parameter ‘device_index’ [-Wunused-parameter]
   62 |   bool hasPrimaryContext(DeviceIndex device_index) const override {
      |                          ~~~~~~~~~~~~^~~~~~~~~~~~
In file included from /home/duweiyue25/conda/envs/rl4scip/lib/python3.11/site-packages/torch/include/torch/csrc/autograd/cpp_hook.h:2,
                 from /home/duweiyue25/conda/envs/rl4scip/lib/python3.11/site-packages/torch/include/torch/csrc/autograd/variable.h:6,
                 from /home/duweiyue25/conda/envs/rl4scip/lib/python3.11/site-packages/torch/include/torch/csrc/autograd/generated/variable_factories.h:11,
                 from /home/duweiyue25/conda/envs/rl4scip/lib/python3.11/site-packages/torch/include/torch/csrc/api/include/torch/types.h:7,
                 from /home/duweiyue25/conda/envs/rl4scip/lib/python3.11/site-packages/torch/include/torch/script.h:3,
                 from /home/duweiyue25/acyclic_cable_harness/src/rl/model_runner.cpp:9:
/home/duweiyue25/conda/envs/rl4scip/lib/python3.11/site-packages/torch/include/torch/csrc/autograd/function_hook.h: In member function ‘virtual void torch::autograd::FunctionPreHook::compiled_args(torch::dynamo::autograd::CompiledNodeArgs&)’:
/home/duweiyue25/conda/envs/rl4scip/lib/python3.11/site-packages/torch/include/torch/csrc/autograd/function_hook.h:24:73: warning: unused parameter ‘args’ [-Wunused-parameter]
   24 |   virtual void compiled_args(torch::dynamo::autograd::CompiledNodeArgs& args) {
      |                              ~~~~~~~~~~~~~~~~~~~~~~~~~~~~~~~~~~~~~~~~~~~^~~~
/home/duweiyue25/conda/envs/rl4scip/lib/python3.11/site-packages/torch/include/torch/csrc/autograd/function_hook.h: In member function ‘virtual void torch::autograd::FunctionPostHook::compiled_args(torch::dynamo::autograd::CompiledNodeArgs&)’:
/home/duweiyue25/conda/envs/rl4scip/lib/python3.11/site-packages/torch/include/torch/csrc/autograd/function_hook.h:37:73: warning: unused parameter ‘args’ [-Wunused-parameter]
   37 |   virtual void compiled_args(torch::dynamo::autograd::CompiledNodeArgs& args) {
      |                              ~~~~~~~~~~~~~~~~~~~~~~~~~~~~~~~~~~~~~~~~~~~^~~~
/home/duweiyue25/conda/envs/rl4scip/lib/python3.11/site-packages/torch/include/torch/csrc/autograd/function_hook.h: In member function ‘virtual void torch::autograd::PostAccumulateGradHook::compiled_args(torch::dynamo::autograd::CompiledNodeArgs&)’:
/home/duweiyue25/conda/envs/rl4scip/lib/python3.11/site-packages/torch/include/torch/csrc/autograd/function_hook.h:49:73: warning: unused parameter ‘args’ [-Wunused-parameter]
   49 |   virtual void compiled_args(torch::dynamo::autograd::CompiledNodeArgs& args) {
      |                              ~~~~~~~~~~~~~~~~~~~~~~~~~~~~~~~~~~~~~~~~~~~^~~~
In file included from /home/duweiyue25/conda/envs/rl4scip/lib/python3.11/site-packages/torch/include/torch/csrc/autograd/cpp_hook.h:2,
                 from /home/duweiyue25/conda/envs/rl4scip/lib/python3.11/site-packages/torch/include/torch/csrc/autograd/variable.h:6,
                 from /home/duweiyue25/conda/envs/rl4scip/lib/python3.11/site-packages/torch/include/torch/csrc/autograd/generated/variable_factories.h:11,
                 from /home/duweiyue25/conda/envs/rl4scip/lib/python3.11/site-packages/torch/include/torch/csrc/api/include/torch/types.h:7,
                 from /home/duweiyue25/conda/envs/rl4scip/lib/python3.11/site-packages/torch/include/torch/script.h:3,
                 from /home/duweiyue25/acyclic_cable_harness/src/rl/model_runner.cpp:9:
/home/duweiyue25/conda/envs/rl4scip/lib/python3.11/site-packages/torch/include/torch/csrc/autograd/function_hook.h: In member function ‘virtual void torch::autograd::FunctionPreHook::compiled_args(torch::dynamo::autograd::CompiledNodeArgs&)’:
/home/duweiyue25/conda/envs/rl4scip/lib/python3.11/site-packages/torch/include/torch/csrc/autograd/function_hook.h:24:73: warning: unused parameter ‘args’ [-Wunused-parameter]
   24 |   virtual void compiled_args(torch::dynamo::autograd::CompiledNodeArgs& args) {
      |                              ~~~~~~~~~~~~~~~~~~~~~~~~~~~~~~~~~~~~~~~~~~~^~~~
/home/duweiyue25/conda/envs/rl4scip/lib/python3.11/site-packages/torch/include/torch/csrc/autograd/function_hook.h: In member function ‘virtual void torch::autograd::FunctionPostHook::compiled_args(torch::dynamo::autograd::CompiledNodeArgs&)’:
/home/duweiyue25/conda/envs/rl4scip/lib/python3.11/site-packages/torch/include/torch/csrc/autograd/function_hook.h:37:73: warning: unused parameter ‘args’ [-Wunused-parameter]
   37 |   virtual void compiled_args(torch::dynamo::autograd::CompiledNodeArgs& args) {
      |                              ~~~~~~~~~~~~~~~~~~~~~~~~~~~~~~~~~~~~~~~~~~~^~~~
/home/duweiyue25/conda/envs/rl4scip/lib/python3.11/site-packages/torch/include/torch/csrc/autograd/function_hook.h: In member function ‘virtual void torch::autograd::PostAccumulateGradHook::compiled_args(torch::dynamo::autograd::CompiledNodeArgs&)’:
/home/duweiyue25/conda/envs/rl4scip/lib/python3.11/site-packages/torch/include/torch/csrc/autograd/function_hook.h:49:73: warning: unused parameter ‘args’ [-Wunused-parameter]
   49 |   virtual void compiled_args(torch::dynamo::autograd::CompiledNodeArgs& args) {
      |                              ~~~~~~~~~~~~~~~~~~~~~~~~~~~~~~~~~~~~~~~~~~~^~~~
In file included from /home/duweiyue25/conda/envs/rl4scip/lib/python3.11/site-packages/torch/include/torch/csrc/autograd/function.h:11,
                 from /home/duweiyue25/conda/envs/rl4scip/lib/python3.11/site-packages/torch/include/torch/csrc/autograd/custom_function.h:7,
                 from /home/duweiyue25/conda/envs/rl4scip/lib/python3.11/site-packages/torch/include/torch/script.h:5,
                 from /home/duweiyue25/acyclic_cable_harness/src/rl/model_runner.cpp:9:
/home/duweiyue25/conda/envs/rl4scip/lib/python3.11/site-packages/torch/include/torch/csrc/utils/variadic.h: In member function ‘void torch::CountTensors::operator()(const at::Tensor&)’:
/home/duweiyue25/conda/envs/rl4scip/lib/python3.11/site-packages/torch/include/torch/csrc/utils/variadic.h:16:37: warning: unused parameter ‘x’ [-Wunused-parameter]
   16 |   void operator()(const at::Tensor& x) {
      |                   ~~~~~~~~~~~~~~~~~~^
/home/duweiyue25/conda/envs/rl4scip/lib/python3.11/site-packages/torch/include/torch/csrc/utils/variadic.h: In member function ‘void torch::CountVariables::operator()(const Variable&)’:
/home/duweiyue25/conda/envs/rl4scip/lib/python3.11/site-packages/torch/include/torch/csrc/utils/variadic.h:34:45: warning: unused parameter ‘x’ [-Wunused-parameter]
   34 |   void operator()(const autograd::Variable& x) {
      |                   ~~~~~~~~~~~~~~~~~~~~~~~~~~^
In file included from /home/duweiyue25/conda/envs/rl4scip/lib/python3.11/site-packages/torch/include/torch/csrc/autograd/function.h:11,
                 from /home/duweiyue25/conda/envs/rl4scip/lib/python3.11/site-packages/torch/include/torch/csrc/autograd/custom_function.h:7,
                 from /home/duweiyue25/conda/envs/rl4scip/lib/python3.11/site-packages/torch/include/torch/script.h:5,
                 from /home/duweiyue25/acyclic_cable_harness/src/rl/model_runner.cpp:9:
/home/duweiyue25/conda/envs/rl4scip/lib/python3.11/site-packages/torch/include/torch/csrc/utils/variadic.h: In member function ‘void torch::CountTensors::operator()(const at::Tensor&)’:
/home/duweiyue25/conda/envs/rl4scip/lib/python3.11/site-packages/torch/include/torch/csrc/utils/variadic.h:16:37: warning: unused parameter ‘x’ [-Wunused-parameter]
   16 |   void operator()(const at::Tensor& x) {
      |                   ~~~~~~~~~~~~~~~~~~^
/home/duweiyue25/conda/envs/rl4scip/lib/python3.11/site-packages/torch/include/torch/csrc/utils/variadic.h: In member function ‘void torch::CountVariables::operator()(const Variable&)’:
/home/duweiyue25/conda/envs/rl4scip/lib/python3.11/site-packages/torch/include/torch/csrc/utils/variadic.h:34:45: warning: unused parameter ‘x’ [-Wunused-parameter]
   34 |   void operator()(const autograd::Variable& x) {
      |                   ~~~~~~~~~~~~~~~~~~~~~~~~~~^
In file included from /home/duweiyue25/conda/envs/rl4scip/lib/python3.11/site-packages/torch/include/torch/csrc/autograd/custom_function.h:7,
                 from /home/duweiyue25/conda/envs/rl4scip/lib/python3.11/site-packages/torch/include/torch/script.h:5,
                 from /home/duweiyue25/acyclic_cable_harness/src/rl/model_runner.cpp:9:
/home/duweiyue25/conda/envs/rl4scip/lib/python3.11/site-packages/torch/include/torch/csrc/autograd/function.h: In member function ‘uint32_t torch::autograd::Node::add_input_metadata(torch::autograd::Node::undefined_input)’:
/home/duweiyue25/conda/envs/rl4scip/lib/python3.11/site-packages/torch/include/torch/csrc/autograd/function.h:214:47: warning: unused parameter ‘u’ [-Wunused-parameter]
  214 |   uint32_t add_input_metadata(undefined_input u) noexcept {
      |                               ~~~~~~~~~~~~~~~~^
In file included from /home/duweiyue25/conda/envs/rl4scip/lib/python3.11/site-packages/torch/include/torch/csrc/autograd/custom_function.h:7,
                 from /home/duweiyue25/conda/envs/rl4scip/lib/python3.11/site-packages/torch/include/torch/script.h:5,
                 from /home/duweiyue25/acyclic_cable_harness/src/rl/model_runner.cpp:9:
/home/duweiyue25/conda/envs/rl4scip/lib/python3.11/site-packages/torch/include/torch/csrc/autograd/function.h: In member function ‘uint32_t torch::autograd::Node::add_input_metadata(torch::autograd::Node::undefined_input)’:
/home/duweiyue25/conda/envs/rl4scip/lib/python3.11/site-packages/torch/include/torch/csrc/autograd/function.h:214:47: warning: unused parameter ‘u’ [-Wunused-parameter]
  214 |   uint32_t add_input_metadata(undefined_input u) noexcept {
      |                               ~~~~~~~~~~~~~~~~^
/home/duweiyue25/conda/envs/rl4scip/lib/python3.11/site-packages/torch/include/torch/csrc/autograd/function.h: In member function ‘virtual void torch::autograd::Node::compiled_args(torch::dynamo::autograd::CompiledNodeArgs&)’:
/home/duweiyue25/conda/envs/rl4scip/lib/python3.11/site-packages/torch/include/torch/csrc/autograd/function.h:575:48: warning: unused parameter ‘args’ [-Wunused-parameter]
  575 |   virtual void compiled_args(CompiledNodeArgs& args) {
      |                              ~~~~~~~~~~~~~~~~~~^~~~
/home/duweiyue25/conda/envs/rl4scip/lib/python3.11/site-packages/torch/include/torch/csrc/autograd/function.h: In member function ‘virtual torch::autograd::variable_list torch::autograd::Node::apply_with_saved(const variable_list&, torch::dynamo::autograd::SwapSavedVariables&)’:
/home/duweiyue25/conda/envs/rl4scip/lib/python3.11/site-packages/torch/include/torch/csrc/autograd/function.h:584:28: warning: unused parameter ‘inputs’ [-Wunused-parameter]
  584 |       const variable_list& inputs,
      |       ~~~~~~~~~~~~~~~~~~~~~^~~~~~
/home/duweiyue25/conda/envs/rl4scip/lib/python3.11/site-packages/torch/include/torch/csrc/autograd/function.h:585:27: warning: unused parameter ‘saved’ [-Wunused-parameter]
  585 |       SwapSavedVariables& saved) {
      |       ~~~~~~~~~~~~~~~~~~~~^~~~~
/home/duweiyue25/conda/envs/rl4scip/lib/python3.11/site-packages/torch/include/torch/csrc/autograd/function.h: In member function ‘virtual void torch::autograd::Node::compiled_args(torch::dynamo::autograd::CompiledNodeArgs&)’:
/home/duweiyue25/conda/envs/rl4scip/lib/python3.11/site-packages/torch/include/torch/csrc/autograd/function.h:575:48: warning: unused parameter ‘args’ [-Wunused-parameter]
  575 |   virtual void compiled_args(CompiledNodeArgs& args) {
      |                              ~~~~~~~~~~~~~~~~~~^~~~
/home/duweiyue25/conda/envs/rl4scip/lib/python3.11/site-packages/torch/include/torch/csrc/autograd/function.h: In member function ‘virtual torch::autograd::variable_list torch::autograd::Node::apply_with_saved(const variable_list&, torch::dynamo::autograd::SwapSavedVariables&)’:
/home/duweiyue25/conda/envs/rl4scip/lib/python3.11/site-packages/torch/include/torch/csrc/autograd/function.h:584:28: warning: unused parameter ‘inputs’ [-Wunused-parameter]
  584 |       const variable_list& inputs,
      |       ~~~~~~~~~~~~~~~~~~~~~^~~~~~
/home/duweiyue25/conda/envs/rl4scip/lib/python3.11/site-packages/torch/include/torch/csrc/autograd/function.h:585:27: warning: unused parameter ‘saved’ [-Wunused-parameter]
  585 |       SwapSavedVariables& saved) {
      |       ~~~~~~~~~~~~~~~~~~~~^~~~~
In file included from /home/duweiyue25/conda/envs/rl4scip/lib/python3.11/site-packages/torch/include/torch/csrc/jit/runtime/custom_operator.h:5,
                 from /home/duweiyue25/conda/envs/rl4scip/lib/python3.11/site-packages/torch/include/torch/script.h:8,
                 from /home/duweiyue25/acyclic_cable_harness/src/rl/model_runner.cpp:9:
/home/duweiyue25/conda/envs/rl4scip/lib/python3.11/site-packages/torch/include/torch/csrc/jit/runtime/operator.h: In lambda function:
/home/duweiyue25/conda/envs/rl4scip/lib/python3.11/site-packages/torch/include/torch/csrc/jit/runtime/operator.h:154:39: warning: unused parameter ‘op’ [-Wunused-parameter]
  154 |             [](const JitOnlyOperator& op) {
      |                ~~~~~~~~~~~~~~~~~~~~~~~^~
/home/duweiyue25/conda/envs/rl4scip/lib/python3.11/site-packages/torch/include/torch/csrc/jit/runtime/operator.h: In lambda function:
/home/duweiyue25/conda/envs/rl4scip/lib/python3.11/site-packages/torch/include/torch/csrc/jit/runtime/operator.h:193:39: warning: unused parameter ‘op’ [-Wunused-parameter]
  193 |             [](const JitOnlyOperator& op) {
      |                ~~~~~~~~~~~~~~~~~~~~~~~^~
In file included from /home/duweiyue25/conda/envs/rl4scip/lib/python3.11/site-packages/torch/include/torch/csrc/jit/runtime/custom_operator.h:5,
                 from /home/duweiyue25/conda/envs/rl4scip/lib/python3.11/site-packages/torch/include/torch/script.h:8,
                 from /home/duweiyue25/acyclic_cable_harness/src/rl/model_runner.cpp:9:
/home/duweiyue25/conda/envs/rl4scip/lib/python3.11/site-packages/torch/include/torch/csrc/jit/runtime/operator.h: In lambda function:
/home/duweiyue25/conda/envs/rl4scip/lib/python3.11/site-packages/torch/include/torch/csrc/jit/runtime/operator.h:154:39: warning: unused parameter ‘op’ [-Wunused-parameter]
  154 |             [](const JitOnlyOperator& op) {
      |                ~~~~~~~~~~~~~~~~~~~~~~~^~
/home/duweiyue25/conda/envs/rl4scip/lib/python3.11/site-packages/torch/include/torch/csrc/jit/runtime/operator.h: In lambda function:
/home/duweiyue25/conda/envs/rl4scip/lib/python3.11/site-packages/torch/include/torch/csrc/jit/runtime/operator.h:193:39: warning: unused parameter ‘op’ [-Wunused-parameter]
  193 |             [](const JitOnlyOperator& op) {
      |                ~~~~~~~~~~~~~~~~~~~~~~~^~
In file included from /home/duweiyue25/conda/envs/rl4scip/lib/python3.11/site-packages/torch/include/torch/csrc/jit/runtime/graph_executor.h:9,
                 from /home/duweiyue25/conda/envs/rl4scip/lib/python3.11/site-packages/torch/include/torch/csrc/jit/api/function_impl.h:5,
                 from /home/duweiyue25/conda/envs/rl4scip/lib/python3.11/site-packages/torch/include/torch/csrc/jit/api/method.h:7,
                 from /home/duweiyue25/conda/envs/rl4scip/lib/python3.11/site-packages/torch/include/torch/csrc/jit/api/object.h:5,
                 from /home/duweiyue25/conda/envs/rl4scip/lib/python3.11/site-packages/torch/include/torch/csrc/jit/api/module.h:4,
                 from /home/duweiyue25/conda/envs/rl4scip/lib/python3.11/site-packages/torch/include/torch/csrc/jit/serialization/import.h:5,
                 from /home/duweiyue25/conda/envs/rl4scip/lib/python3.11/site-packages/torch/include/torch/script.h:9,
                 from /home/duweiyue25/acyclic_cable_harness/src/rl/model_runner.cpp:9:
/home/duweiyue25/conda/envs/rl4scip/lib/python3.11/site-packages/torch/include/torch/csrc/jit/runtime/interpreter.h: In constructor ‘torch::jit::InterpreterContinuation::InterpreterContinuation(torch::jit::InterpreterState, torch::jit::Stack, int64_t, std::optional<at::ThreadLocalState>)’:
/home/duweiyue25/conda/envs/rl4scip/lib/python3.11/site-packages/torch/include/torch/csrc/jit/runtime/interpreter.h:126:15: warning: unused parameter ‘dist_autograd_context_id’ [-Wunused-parameter]
  126 |       int64_t dist_autograd_context_id = 0,
      |       ~~~~~~~~^~~~~~~~~~~~~~~~~~~~~~~~~~~~
In file included from /home/duweiyue25/conda/envs/rl4scip/lib/python3.11/site-packages/torch/include/torch/csrc/jit/runtime/graph_executor.h:9,
                 from /home/duweiyue25/conda/envs/rl4scip/lib/python3.11/site-packages/torch/include/torch/csrc/jit/api/function_impl.h:5,
                 from /home/duweiyue25/conda/envs/rl4scip/lib/python3.11/site-packages/torch/include/torch/csrc/jit/api/method.h:7,
                 from /home/duweiyue25/conda/envs/rl4scip/lib/python3.11/site-packages/torch/include/torch/csrc/jit/api/object.h:5,
                 from /home/duweiyue25/conda/envs/rl4scip/lib/python3.11/site-packages/torch/include/torch/csrc/jit/api/module.h:4,
                 from /home/duweiyue25/conda/envs/rl4scip/lib/python3.11/site-packages/torch/include/torch/csrc/jit/serialization/import.h:5,
                 from /home/duweiyue25/conda/envs/rl4scip/lib/python3.11/site-packages/torch/include/torch/script.h:9,
                 from /home/duweiyue25/acyclic_cable_harness/src/rl/model_runner.cpp:9:
/home/duweiyue25/conda/envs/rl4scip/lib/python3.11/site-packages/torch/include/torch/csrc/jit/runtime/interpreter.h: In constructor ‘torch::jit::InterpreterContinuation::InterpreterContinuation(torch::jit::InterpreterState, torch::jit::Stack, int64_t, std::optional<at::ThreadLocalState>)’:
/home/duweiyue25/conda/envs/rl4scip/lib/python3.11/site-packages/torch/include/torch/csrc/jit/runtime/interpreter.h:126:15: warning: unused parameter ‘dist_autograd_context_id’ [-Wunused-parameter]
  126 |       int64_t dist_autograd_context_id = 0,
      |       ~~~~~~~~^~~~~~~~~~~~~~~~~~~~~~~~~~~~
In file included from /home/duweiyue25/conda/envs/rl4scip/lib/python3.11/site-packages/torch/include/torch/csrc/jit/api/module.h:13,
                 from /home/duweiyue25/conda/envs/rl4scip/lib/python3.11/site-packages/torch/include/torch/csrc/jit/serialization/import.h:5,
                 from /home/duweiyue25/conda/envs/rl4scip/lib/python3.11/site-packages/torch/include/torch/script.h:9,
                 from /home/duweiyue25/acyclic_cable_harness/src/rl/model_runner.cpp:9:
/home/duweiyue25/conda/envs/rl4scip/lib/python3.11/site-packages/torch/include/torch/csrc/jit/api/compilation_unit.h: In member function ‘void torch::jit::CompilationUnit::set_optimized(bool)’:
/home/duweiyue25/conda/envs/rl4scip/lib/python3.11/site-packages/torch/include/torch/csrc/jit/api/compilation_unit.h:73:27: warning: unused parameter ‘o’ [-Wunused-parameter]
   73 |   void set_optimized(bool o) {
      |                      ~~~~~^
In file included from /home/duweiyue25/conda/envs/rl4scip/lib/python3.11/site-packages/torch/include/torch/csrc/jit/api/module.h:13,
                 from /home/duweiyue25/conda/envs/rl4scip/lib/python3.11/site-packages/torch/include/torch/csrc/jit/serialization/import.h:5,
                 from /home/duweiyue25/conda/envs/rl4scip/lib/python3.11/site-packages/torch/include/torch/script.h:9,
                 from /home/duweiyue25/acyclic_cable_harness/src/rl/model_runner.cpp:9:
/home/duweiyue25/conda/envs/rl4scip/lib/python3.11/site-packages/torch/include/torch/csrc/jit/api/compilation_unit.h: In member function ‘void torch::jit::CompilationUnit::set_optimized(bool)’:
/home/duweiyue25/conda/envs/rl4scip/lib/python3.11/site-packages/torch/include/torch/csrc/jit/api/compilation_unit.h:73:27: warning: unused parameter ‘o’ [-Wunused-parameter]
   73 |   void set_optimized(bool o) {
      |                      ~~~~~^
In file included from /home/duweiyue25/conda/envs/rl4scip/lib/python3.11/site-packages/torch/include/torch/csrc/jit/serialization/import.h:5,
                 from /home/duweiyue25/conda/envs/rl4scip/lib/python3.11/site-packages/torch/include/torch/script.h:9,
                 from /home/duweiyue25/acyclic_cable_harness/src/rl/model_runner.cpp:9:
/home/duweiyue25/conda/envs/rl4scip/lib/python3.11/site-packages/torch/include/torch/csrc/jit/api/module.h: In member function ‘void torch::jit::Module::set_optimized(bool)’:
/home/duweiyue25/conda/envs/rl4scip/lib/python3.11/site-packages/torch/include/torch/csrc/jit/api/module.h:102:27: warning: unused parameter ‘o’ [-Wunused-parameter]
  102 |   void set_optimized(bool o) {
      |                      ~~~~~^
In file included from /home/duweiyue25/conda/envs/rl4scip/lib/python3.11/site-packages/torch/include/torch/csrc/jit/serialization/import.h:5,
                 from /home/duweiyue25/conda/envs/rl4scip/lib/python3.11/site-packages/torch/include/torch/script.h:9,
                 from /home/duweiyue25/acyclic_cable_harness/src/rl/model_runner.cpp:9:
/home/duweiyue25/conda/envs/rl4scip/lib/python3.11/site-packages/torch/include/torch/csrc/jit/api/module.h: In member function ‘void torch::jit::Module::set_optimized(bool)’:
/home/duweiyue25/conda/envs/rl4scip/lib/python3.11/site-packages/torch/include/torch/csrc/jit/api/module.h:102:27: warning: unused parameter ‘o’ [-Wunused-parameter]
  102 |   void set_optimized(bool o) {
      |                      ~~~~~^
/home/duweiyue25/conda/envs/rl4scip/lib/python3.11/site-packages/torch/include/torch/csrc/jit/api/module.h: In static member function ‘static torch::jit::detail::ModulePolicy::value_type torch::jit::detail::ModulePolicy::create(const std::vector<torch::jit::detail::SlotCursor>&, c10::IValue)’:
/home/duweiyue25/conda/envs/rl4scip/lib/python3.11/site-packages/torch/include/torch/csrc/jit/api/module.h:585:46: warning: unused parameter ‘cursors’ [-Wunused-parameter]
  585 |       const std::vector<detail::SlotCursor>& cursors,
      |       ~~~~~~~~~~~~~~~~~~~~~~~~~~~~~~~~~~~~~~~^~~~~~~
/home/duweiyue25/conda/envs/rl4scip/lib/python3.11/site-packages/torch/include/torch/csrc/jit/api/module.h: In static member function ‘static bool torch::jit::detail::ModulePolicy::valid(const ClassTypePtr&, size_t, const c10::IValue&)’:
/home/duweiyue25/conda/envs/rl4scip/lib/python3.11/site-packages/torch/include/torch/csrc/jit/api/module.h:591:70: warning: unused parameter ‘v’ [-Wunused-parameter]
  591 |   static bool valid(const ClassTypePtr& typ, size_t i, const IValue& v) {
      |                                                        ~~~~~~~~~~~~~~^
/home/duweiyue25/conda/envs/rl4scip/lib/python3.11/site-packages/torch/include/torch/csrc/jit/api/module.h: In static member function ‘static torch::jit::detail::ParameterPolicy::value_type torch::jit::detail::ParameterPolicy::create(const std::vector<torch::jit::detail::SlotCursor>&, c10::IValue)’:
/home/duweiyue25/conda/envs/rl4scip/lib/python3.11/site-packages/torch/include/torch/csrc/jit/api/module.h:602:46: warning: unused parameter ‘cursors’ [-Wunused-parameter]
  602 |       const std::vector<detail::SlotCursor>& cursors,
      |       ~~~~~~~~~~~~~~~~~~~~~~~~~~~~~~~~~~~~~~~^~~~~~~
/home/duweiyue25/conda/envs/rl4scip/lib/python3.11/site-packages/torch/include/torch/csrc/jit/api/module.h: In static member function ‘static torch::jit::detail::BufferPolicy::value_type torch::jit::detail::BufferPolicy::create(const std::vector<torch::jit::detail::SlotCursor>&, c10::IValue)’:
/home/duweiyue25/conda/envs/rl4scip/lib/python3.11/site-packages/torch/include/torch/csrc/jit/api/module.h:615:46: warning: unused parameter ‘cursors’ [-Wunused-parameter]
  615 |       const std::vector<detail::SlotCursor>& cursors,
      |       ~~~~~~~~~~~~~~~~~~~~~~~~~~~~~~~~~~~~~~~^~~~~~~
/home/duweiyue25/conda/envs/rl4scip/lib/python3.11/site-packages/torch/include/torch/csrc/jit/api/module.h: In static member function ‘static bool torch::jit::detail::BufferPolicy::valid(const ClassTypePtr&, size_t, const c10::IValue&)’:
/home/duweiyue25/conda/envs/rl4scip/lib/python3.11/site-packages/torch/include/torch/csrc/jit/api/module.h:619:70: warning: unused parameter ‘v’ [-Wunused-parameter]
  619 |   static bool valid(const ClassTypePtr& typ, size_t i, const IValue& v) {
      |                                                        ~~~~~~~~~~~~~~^
/home/duweiyue25/conda/envs/rl4scip/lib/python3.11/site-packages/torch/include/torch/csrc/jit/api/module.h: In static member function ‘static torch::jit::detail::AttributePolicy::value_type torch::jit::detail::AttributePolicy::create(const std::vector<torch::jit::detail::SlotCursor>&, c10::IValue)’:
/home/duweiyue25/conda/envs/rl4scip/lib/python3.11/site-packages/torch/include/torch/csrc/jit/api/module.h:629:46: warning: unused parameter ‘cursors’ [-Wunused-parameter]
  629 |       const std::vector<detail::SlotCursor>& cursors,
      |       ~~~~~~~~~~~~~~~~~~~~~~~~~~~~~~~~~~~~~~~^~~~~~~
/home/duweiyue25/conda/envs/rl4scip/lib/python3.11/site-packages/torch/include/torch/csrc/jit/api/module.h: In static member function ‘static bool torch::jit::detail::AttributePolicy::valid(const ClassTypePtr&, size_t, const c10::IValue&)’:
/home/duweiyue25/conda/envs/rl4scip/lib/python3.11/site-packages/torch/include/torch/csrc/jit/api/module.h:633:41: warning: unused parameter ‘typ’ [-Wunused-parameter]
  633 |   static bool valid(const ClassTypePtr& typ, size_t i, const IValue& v) {
      |                     ~~~~~~~~~~~~~~~~~~~~^~~
/home/duweiyue25/conda/envs/rl4scip/lib/python3.11/site-packages/torch/include/torch/csrc/jit/api/module.h:633:53: warning: unused parameter ‘i’ [-Wunused-parameter]
  633 |   static bool valid(const ClassTypePtr& typ, size_t i, const IValue& v) {
      |                                              ~~~~~~~^
/home/duweiyue25/conda/envs/rl4scip/lib/python3.11/site-packages/torch/include/torch/csrc/jit/api/module.h:633:70: warning: unused parameter ‘v’ [-Wunused-parameter]
  633 |   static bool valid(const ClassTypePtr& typ, size_t i, const IValue& v) {
      |                                                        ~~~~~~~~~~~~~~^
/home/duweiyue25/conda/envs/rl4scip/lib/python3.11/site-packages/torch/include/torch/csrc/jit/api/module.h: In static member function ‘static torch::jit::detail::ModulePolicy::value_type torch::jit::detail::ModulePolicy::create(const std::vector<torch::jit::detail::SlotCursor>&, c10::IValue)’:
/home/duweiyue25/conda/envs/rl4scip/lib/python3.11/site-packages/torch/include/torch/csrc/jit/api/module.h:585:46: warning: unused parameter ‘cursors’ [-Wunused-parameter]
  585 |       const std::vector<detail::SlotCursor>& cursors,
      |       ~~~~~~~~~~~~~~~~~~~~~~~~~~~~~~~~~~~~~~~^~~~~~~
/home/duweiyue25/conda/envs/rl4scip/lib/python3.11/site-packages/torch/include/torch/csrc/jit/api/module.h: In static member function ‘static bool torch::jit::detail::ModulePolicy::valid(const ClassTypePtr&, size_t, const c10::IValue&)’:
/home/duweiyue25/conda/envs/rl4scip/lib/python3.11/site-packages/torch/include/torch/csrc/jit/api/module.h:591:70: warning: unused parameter ‘v’ [-Wunused-parameter]
  591 |   static bool valid(const ClassTypePtr& typ, size_t i, const IValue& v) {
      |                                                        ~~~~~~~~~~~~~~^
/home/duweiyue25/conda/envs/rl4scip/lib/python3.11/site-packages/torch/include/torch/csrc/jit/api/module.h: In static member function ‘static torch::jit::detail::ParameterPolicy::value_type torch::jit::detail::ParameterPolicy::create(const std::vector<torch::jit::detail::SlotCursor>&, c10::IValue)’:
/home/duweiyue25/conda/envs/rl4scip/lib/python3.11/site-packages/torch/include/torch/csrc/jit/api/module.h:602:46: warning: unused parameter ‘cursors’ [-Wunused-parameter]
  602 |       const std::vector<detail::SlotCursor>& cursors,
      |       ~~~~~~~~~~~~~~~~~~~~~~~~~~~~~~~~~~~~~~~^~~~~~~
/home/duweiyue25/conda/envs/rl4scip/lib/python3.11/site-packages/torch/include/torch/csrc/jit/api/module.h: In static member function ‘static torch::jit::detail::BufferPolicy::value_type torch::jit::detail::BufferPolicy::create(const std::vector<torch::jit::detail::SlotCursor>&, c10::IValue)’:
/home/duweiyue25/conda/envs/rl4scip/lib/python3.11/site-packages/torch/include/torch/csrc/jit/api/module.h:615:46: warning: unused parameter ‘cursors’ [-Wunused-parameter]
  615 |       const std::vector<detail::SlotCursor>& cursors,
      |       ~~~~~~~~~~~~~~~~~~~~~~~~~~~~~~~~~~~~~~~^~~~~~~
/home/duweiyue25/conda/envs/rl4scip/lib/python3.11/site-packages/torch/include/torch/csrc/jit/api/module.h: In static member function ‘static bool torch::jit::detail::BufferPolicy::valid(const ClassTypePtr&, size_t, const c10::IValue&)’:
/home/duweiyue25/conda/envs/rl4scip/lib/python3.11/site-packages/torch/include/torch/csrc/jit/api/module.h:619:70: warning: unused parameter ‘v’ [-Wunused-parameter]
  619 |   static bool valid(const ClassTypePtr& typ, size_t i, const IValue& v) {
      |                                                        ~~~~~~~~~~~~~~^
/home/duweiyue25/conda/envs/rl4scip/lib/python3.11/site-packages/torch/include/torch/csrc/jit/api/module.h: In static member function ‘static torch::jit::detail::AttributePolicy::value_type torch::jit::detail::AttributePolicy::create(const std::vector<torch::jit::detail::SlotCursor>&, c10::IValue)’:
/home/duweiyue25/conda/envs/rl4scip/lib/python3.11/site-packages/torch/include/torch/csrc/jit/api/module.h:629:46: warning: unused parameter ‘cursors’ [-Wunused-parameter]
  629 |       const std::vector<detail::SlotCursor>& cursors,
      |       ~~~~~~~~~~~~~~~~~~~~~~~~~~~~~~~~~~~~~~~^~~~~~~
/home/duweiyue25/conda/envs/rl4scip/lib/python3.11/site-packages/torch/include/torch/csrc/jit/api/module.h: In static member function ‘static bool torch::jit::detail::AttributePolicy::valid(const ClassTypePtr&, size_t, const c10::IValue&)’:
/home/duweiyue25/conda/envs/rl4scip/lib/python3.11/site-packages/torch/include/torch/csrc/jit/api/module.h:633:41: warning: unused parameter ‘typ’ [-Wunused-parameter]
  633 |   static bool valid(const ClassTypePtr& typ, size_t i, const IValue& v) {
      |                     ~~~~~~~~~~~~~~~~~~~~^~~
/home/duweiyue25/conda/envs/rl4scip/lib/python3.11/site-packages/torch/include/torch/csrc/jit/api/module.h:633:53: warning: unused parameter ‘i’ [-Wunused-parameter]
  633 |   static bool valid(const ClassTypePtr& typ, size_t i, const IValue& v) {
      |                                              ~~~~~~~^
/home/duweiyue25/conda/envs/rl4scip/lib/python3.11/site-packages/torch/include/torch/csrc/jit/api/module.h:633:70: warning: unused parameter ‘v’ [-Wunused-parameter]
  633 |   static bool valid(const ClassTypePtr& typ, size_t i, const IValue& v) {
      |                                                        ~~~~~~~~~~~~~~^
In file included from /home/duweiyue25/conda/envs/rl4scip/lib/python3.11/site-packages/torch/include/torch/csrc/jit/frontend/resolver.h:5,
                 from /home/duweiyue25/conda/envs/rl4scip/lib/python3.11/site-packages/torch/include/torch/csrc/jit/frontend/script_type_parser.h:4,
                 from /home/duweiyue25/conda/envs/rl4scip/lib/python3.11/site-packages/torch/include/torch/csrc/jit/serialization/unpickler.h:7,
                 from /home/duweiyue25/conda/envs/rl4scip/lib/python3.11/site-packages/torch/include/torch/csrc/jit/serialization/pickle.h:8,
                 from /home/duweiyue25/conda/envs/rl4scip/lib/python3.11/site-packages/torch/include/torch/script.h:10,
                 from /home/duweiyue25/acyclic_cable_harness/src/rl/model_runner.cpp:9:
/home/duweiyue25/conda/envs/rl4scip/lib/python3.11/site-packages/torch/include/torch/csrc/jit/frontend/sugared_value.h: In member function ‘virtual torch::jit::Value* torch::jit::SugaredValue::asValue(const torch::jit::SourceRange&, torch::jit::GraphFunction&)’:
/home/duweiyue25/conda/envs/rl4scip/lib/python3.11/site-packages/torch/include/torch/csrc/jit/frontend/sugared_value.h:34:65: warning: unused parameter ‘m’ [-Wunused-parameter]
   34 |   virtual Value* asValue(const SourceRange& loc, GraphFunction& m) {
      |                                                  ~~~~~~~~~~~~~~~^
/home/duweiyue25/conda/envs/rl4scip/lib/python3.11/site-packages/torch/include/torch/csrc/jit/frontend/sugared_value.h: In member function ‘virtual std::shared_ptr<torch::jit::SugaredValue> torch::jit::SugaredValue::attr(const torch::jit::SourceRange&, torch::jit::GraphFunction&, const string&)’:
/home/duweiyue25/conda/envs/rl4scip/lib/python3.11/site-packages/torch/include/torch/csrc/jit/frontend/sugared_value.h:41:22: warning: unused parameter ‘m’ [-Wunused-parameter]
   41 |       GraphFunction& m,
      |       ~~~~~~~~~~~~~~~^
/home/duweiyue25/conda/envs/rl4scip/lib/python3.11/site-packages/torch/include/torch/csrc/jit/frontend/sugared_value.h:42:26: warning: unused parameter ‘field’ [-Wunused-parameter]
   42 |       const std::string& field) {
      |       ~~~~~~~~~~~~~~~~~~~^~~~~
/home/duweiyue25/conda/envs/rl4scip/lib/python3.11/site-packages/torch/include/torch/csrc/jit/frontend/sugared_value.h: In member function ‘virtual bool torch::jit::SugaredValue::hasAttr(const torch::jit::SourceRange&, torch::jit::GraphFunction&, const string&)’:
/home/duweiyue25/conda/envs/rl4scip/lib/python3.11/site-packages/torch/include/torch/csrc/jit/frontend/sugared_value.h:48:22: warning: unused parameter ‘m’ [-Wunused-parameter]
   48 |       GraphFunction& m,
      |       ~~~~~~~~~~~~~~~^
/home/duweiyue25/conda/envs/rl4scip/lib/python3.11/site-packages/torch/include/torch/csrc/jit/frontend/sugared_value.h:49:26: warning: unused parameter ‘field’ [-Wunused-parameter]
   49 |       const std::string& field) {
      |       ~~~~~~~~~~~~~~~~~~~^~~~~
/home/duweiyue25/conda/envs/rl4scip/lib/python3.11/site-packages/torch/include/torch/csrc/jit/frontend/sugared_value.h: In member function ‘virtual void torch::jit::SugaredValue::setAttr(const torch::jit::SourceRange&, torch::jit::GraphFunction&, const string&, torch::jit::Value*)’:
/home/duweiyue25/conda/envs/rl4scip/lib/python3.11/site-packages/torch/include/torch/csrc/jit/frontend/sugared_value.h:56:22: warning: unused parameter ‘m’ [-Wunused-parameter]
   56 |       GraphFunction& m,
      |       ~~~~~~~~~~~~~~~^
/home/duweiyue25/conda/envs/rl4scip/lib/python3.11/site-packages/torch/include/torch/csrc/jit/frontend/sugared_value.h:57:26: warning: unused parameter ‘field’ [-Wunused-parameter]
   57 |       const std::string& field,
      |       ~~~~~~~~~~~~~~~~~~~^~~~~
/home/duweiyue25/conda/envs/rl4scip/lib/python3.11/site-packages/torch/include/torch/csrc/jit/frontend/sugared_value.h:58:14: warning: unused parameter ‘newValue’ [-Wunused-parameter]
   58 |       Value* newValue) {
      |       ~~~~~~~^~~~~~~~
/home/duweiyue25/conda/envs/rl4scip/lib/python3.11/site-packages/torch/include/torch/csrc/jit/frontend/sugared_value.h: In member function ‘virtual std::vector<std::shared_ptr<torch::jit::SugaredValue> > torch::jit::SugaredValue::asTuple(const torch::jit::SourceRange&, torch::jit::GraphFunction&, const std::optional<long unsigned int>&)’:
/home/duweiyue25/conda/envs/rl4scip/lib/python3.11/site-packages/torch/include/torch/csrc/jit/frontend/sugared_value.h:68:22: warning: unused parameter ‘m’ [-Wunused-parameter]
   68 |       GraphFunction& m,
      |       ~~~~~~~~~~~~~~~^
/home/duweiyue25/conda/envs/rl4scip/lib/python3.11/site-packages/torch/include/torch/csrc/jit/frontend/sugared_value.h:69:36: warning: unused parameter ‘size_hint’ [-Wunused-parameter]
   69 |       const std::optional<size_t>& size_hint = {}) {
      |       ~~~~~~~~~~~~~~~~~~~~~~~~~~~~~^~~~~~~~~~~~~~
/home/duweiyue25/conda/envs/rl4scip/lib/python3.11/site-packages/torch/include/torch/csrc/jit/frontend/sugared_value.h: In member function ‘virtual torch::jit::SugaredValuePtr torch::jit::SugaredValue::asTupleValue(const torch::jit::SourceRange&, torch::jit::GraphFunction&)’:
/home/duweiyue25/conda/envs/rl4scip/lib/python3.11/site-packages/torch/include/torch/csrc/jit/frontend/sugared_value.h:76:22: warning: unused parameter ‘m’ [-Wunused-parameter]
   76 |       GraphFunction& m) {
      |       ~~~~~~~~~~~~~~~^
/home/duweiyue25/conda/envs/rl4scip/lib/python3.11/site-packages/torch/include/torch/csrc/jit/frontend/sugared_value.h: In member function ‘virtual std::vector<std::shared_ptr<torch::jit::SugaredValue> > torch::jit::SugaredValue::asType(const torch::jit::SourceRange&, torch::jit::Method&)’:
/home/duweiyue25/conda/envs/rl4scip/lib/python3.11/site-packages/torch/include/torch/csrc/jit/frontend/sugared_value.h:82:15: warning: unused parameter ‘m’ [-Wunused-parameter]
   82 |       Method& m) {
      |       ~~~~~~~~^
/home/duweiyue25/conda/envs/rl4scip/lib/python3.11/site-packages/torch/include/torch/csrc/jit/frontend/sugared_value.h: In member function ‘virtual std::shared_ptr<torch::jit::SugaredValue> torch::jit::SugaredValue::call(const torch::jit::SourceRange&, torch::jit::GraphFunction&, c10::ArrayRef<torch::jit::NamedValue>, c10::ArrayRef<torch::jit::NamedValue>, size_t)’:
/home/duweiyue25/conda/envs/rl4scip/lib/python3.11/site-packages/torch/include/torch/csrc/jit/frontend/sugared_value.h:89:22: warning: unused parameter ‘m’ [-Wunused-parameter]
   89 |       GraphFunction& m,
      |       ~~~~~~~~~~~~~~~^
/home/duweiyue25/conda/envs/rl4scip/lib/python3.11/site-packages/torch/include/torch/csrc/jit/frontend/sugared_value.h:91:32: warning: unused parameter ‘args’ [-Wunused-parameter]
   91 |       at::ArrayRef<NamedValue> args,
      |       ~~~~~~~~~~~~~~~~~~~~~~~~~^~~~
/home/duweiyue25/conda/envs/rl4scip/lib/python3.11/site-packages/torch/include/torch/csrc/jit/frontend/sugared_value.h:92:32: warning: unused parameter ‘kwargs’ [-Wunused-parameter]
   92 |       at::ArrayRef<NamedValue> kwargs,
      |       ~~~~~~~~~~~~~~~~~~~~~~~~~^~~~~~
/home/duweiyue25/conda/envs/rl4scip/lib/python3.11/site-packages/torch/include/torch/csrc/jit/frontend/sugared_value.h:93:14: warning: unused parameter ‘n_binders’ [-Wunused-parameter]
   93 |       size_t n_binders) {
      |       ~~~~~~~^~~~~~~~~
/home/duweiyue25/conda/envs/rl4scip/lib/python3.11/site-packages/torch/include/torch/csrc/jit/frontend/sugared_value.h: In member function ‘virtual std::shared_ptr<torch::jit::SugaredValue> torch::jit::SugaredValue::iter(const torch::jit::SourceRange&, torch::jit::GraphFunction&)’:
/home/duweiyue25/conda/envs/rl4scip/lib/python3.11/site-packages/torch/include/torch/csrc/jit/frontend/sugared_value.h:115:22: warning: unused parameter ‘m’ [-Wunused-parameter]
  115 |       GraphFunction& m) {
      |       ~~~~~~~~~~~~~~~^
/home/duweiyue25/conda/envs/rl4scip/lib/python3.11/site-packages/torch/include/torch/csrc/jit/frontend/sugared_value.h: In member function ‘virtual torch::jit::Value* torch::jit::SugaredValue::len(const torch::jit::SourceRange&, torch::jit::GraphFunction&)’:
/home/duweiyue25/conda/envs/rl4scip/lib/python3.11/site-packages/torch/include/torch/csrc/jit/frontend/sugared_value.h:137:61: warning: unused parameter ‘m’ [-Wunused-parameter]
  137 |   virtual Value* len(const SourceRange& loc, GraphFunction& m) {
      |                                              ~~~~~~~~~~~~~~~^
/home/duweiyue25/conda/envs/rl4scip/lib/python3.11/site-packages/torch/include/torch/csrc/jit/frontend/sugared_value.h: In member function ‘virtual std::shared_ptr<torch::jit::SugaredValue> torch::jit::SugaredValue::getitem(const torch::jit::SourceRange&, torch::jit::GraphFunction&, torch::jit::Value*, c10::TypePtr)’:
/home/duweiyue25/conda/envs/rl4scip/lib/python3.11/site-packages/torch/include/torch/csrc/jit/frontend/sugared_value.h:146:22: warning: unused parameter ‘m’ [-Wunused-parameter]
  146 |       GraphFunction& m,
      |       ~~~~~~~~~~~~~~~^
/home/duweiyue25/conda/envs/rl4scip/lib/python3.11/site-packages/torch/include/torch/csrc/jit/frontend/sugared_value.h:147:14: warning: unused parameter ‘idx’ [-Wunused-parameter]
  147 |       Value* idx,
      |       ~~~~~~~^~~
/home/duweiyue25/conda/envs/rl4scip/lib/python3.11/site-packages/torch/include/torch/csrc/jit/frontend/sugared_value.h:148:15: warning: unused parameter ‘type_hint’ [-Wunused-parameter]
  148 |       TypePtr type_hint = nullptr) {
      |       ~~~~~~~~^~~~~~~~~~~~~~~~~~~
/home/duweiyue25/conda/envs/rl4scip/lib/python3.11/site-packages/torch/include/torch/csrc/jit/frontend/sugared_value.h: In member function ‘virtual torch::jit::Value* torch::jit::SimpleValue::asValue(const torch::jit::SourceRange&, torch::jit::GraphFunction&)’:
/home/duweiyue25/conda/envs/rl4scip/lib/python3.11/site-packages/torch/include/torch/csrc/jit/frontend/sugared_value.h:167:37: warning: unused parameter ‘range’ [-Wunused-parameter]
  167 |   Value* asValue(const SourceRange& range, GraphFunction& m) override {
      |                  ~~~~~~~~~~~~~~~~~~~^~~~~
/home/duweiyue25/conda/envs/rl4scip/lib/python3.11/site-packages/torch/include/torch/csrc/jit/frontend/sugared_value.h:167:59: warning: unused parameter ‘m’ [-Wunused-parameter]
  167 |   Value* asValue(const SourceRange& range, GraphFunction& m) override {
      |                                            ~~~~~~~~~~~~~~~^
/home/duweiyue25/conda/envs/rl4scip/lib/python3.11/site-packages/torch/include/torch/csrc/jit/frontend/sugared_value.h: In member function ‘virtual std::vector<std::shared_ptr<torch::jit::SugaredValue> > torch::jit::SugaredTupleValue::asTuple(const torch::jit::SourceRange&, torch::jit::GraphFunction&, const std::optional<long unsigned int>&)’:
/home/duweiyue25/conda/envs/rl4scip/lib/python3.11/site-packages/torch/include/torch/csrc/jit/frontend/sugared_value.h:248:26: warning: unused parameter ‘loc’ [-Wunused-parameter]
  248 |       const SourceRange& loc,
      |       ~~~~~~~~~~~~~~~~~~~^~~
/home/duweiyue25/conda/envs/rl4scip/lib/python3.11/site-packages/torch/include/torch/csrc/jit/frontend/sugared_value.h:249:22: warning: unused parameter ‘m’ [-Wunused-parameter]
  249 |       GraphFunction& m,
      |       ~~~~~~~~~~~~~~~^
/home/duweiyue25/conda/envs/rl4scip/lib/python3.11/site-packages/torch/include/torch/csrc/jit/frontend/sugared_value.h:250:36: warning: unused parameter ‘size_hint’ [-Wunused-parameter]
  250 |       const std::optional<size_t>& size_hint = {}) override {
      |       ~~~~~~~~~~~~~~~~~~~~~~~~~~~~~^~~~~~~~~~~~~~
/home/duweiyue25/conda/envs/rl4scip/lib/python3.11/site-packages/torch/include/torch/csrc/jit/frontend/sugared_value.h: In member function ‘virtual torch::jit::SugaredValuePtr torch::jit::SugaredTupleValue::getitem(const torch::jit::SourceRange&, torch::jit::GraphFunction&, torch::jit::Value*, c10::TypePtr)’:
/home/duweiyue25/conda/envs/rl4scip/lib/python3.11/site-packages/torch/include/torch/csrc/jit/frontend/sugared_value.h:270:22: warning: unused parameter ‘m’ [-Wunused-parameter]
  270 |       GraphFunction& m,
      |       ~~~~~~~~~~~~~~~^
/home/duweiyue25/conda/envs/rl4scip/lib/python3.11/site-packages/torch/include/torch/csrc/jit/frontend/sugared_value.h:272:15: warning: unused parameter ‘type_hint’ [-Wunused-parameter]
  272 |       TypePtr type_hint = nullptr) override {
      |       ~~~~~~~~^~~~~~~~~~~~~~~~~~~
/home/duweiyue25/conda/envs/rl4scip/lib/python3.11/site-packages/torch/include/torch/csrc/jit/frontend/sugared_value.h: In member function ‘virtual std::shared_ptr<torch::jit::SugaredValue> torch::jit::SugaredTupleValue::iter(const torch::jit::SourceRange&, torch::jit::GraphFunction&)’:
/home/duweiyue25/conda/envs/rl4scip/lib/python3.11/site-packages/torch/include/torch/csrc/jit/frontend/sugared_value.h:295:57: warning: unused parameter ‘loc’ [-Wunused-parameter]
  295 |   std::shared_ptr<SugaredValue> iter(const SourceRange& loc, GraphFunction& m)
      |                                      ~~~~~~~~~~~~~~~~~~~^~~
/home/duweiyue25/conda/envs/rl4scip/lib/python3.11/site-packages/torch/include/torch/csrc/jit/frontend/sugared_value.h:295:77: warning: unused parameter ‘m’ [-Wunused-parameter]
  295 |   std::shared_ptr<SugaredValue> iter(const SourceRange& loc, GraphFunction& m)
      |                                                              ~~~~~~~~~~~~~~~^
/home/duweiyue25/conda/envs/rl4scip/lib/python3.11/site-packages/torch/include/torch/csrc/jit/frontend/sugared_value.h: In member function ‘virtual std::shared_ptr<torch::jit::SugaredValue> torch::jit::BuiltinModule::attr(const torch::jit::SourceRange&, torch::jit::GraphFunction&, const string&)’:
/home/duweiyue25/conda/envs/rl4scip/lib/python3.11/site-packages/torch/include/torch/csrc/jit/frontend/sugared_value.h:318:26: warning: unused parameter ‘loc’ [-Wunused-parameter]
  318 |       const SourceRange& loc,
      |       ~~~~~~~~~~~~~~~~~~~^~~
/home/duweiyue25/conda/envs/rl4scip/lib/python3.11/site-packages/torch/include/torch/csrc/jit/frontend/sugared_value.h:319:22: warning: unused parameter ‘m’ [-Wunused-parameter]
  319 |       GraphFunction& m,
      |       ~~~~~~~~~~~~~~~^
/home/duweiyue25/conda/envs/rl4scip/lib/python3.11/site-packages/torch/include/torch/csrc/jit/frontend/sugared_value.h: In member function ‘virtual std::shared_ptr<torch::jit::SugaredValue> torch::jit::FunctionValue::call(const torch::jit::SourceRange&, torch::jit::GraphFunction&, c10::ArrayRef<torch::jit::NamedValue>, c10::ArrayRef<torch::jit::NamedValue>, size_t)’:
/home/duweiyue25/conda/envs/rl4scip/lib/python3.11/site-packages/torch/include/torch/csrc/jit/frontend/sugared_value.h:403:14: warning: unused parameter ‘n_binders’ [-Wunused-parameter]
  403 |       size_t n_binders) override {
      |       ~~~~~~~^~~~~~~~~
In file included from /home/duweiyue25/conda/envs/rl4scip/lib/python3.11/site-packages/torch/include/torch/csrc/jit/frontend/resolver.h:5,
                 from /home/duweiyue25/conda/envs/rl4scip/lib/python3.11/site-packages/torch/include/torch/csrc/jit/frontend/script_type_parser.h:4,
                 from /home/duweiyue25/conda/envs/rl4scip/lib/python3.11/site-packages/torch/include/torch/csrc/jit/serialization/unpickler.h:7,
                 from /home/duweiyue25/conda/envs/rl4scip/lib/python3.11/site-packages/torch/include/torch/csrc/jit/serialization/pickle.h:8,
                 from /home/duweiyue25/conda/envs/rl4scip/lib/python3.11/site-packages/torch/include/torch/script.h:10,
                 from /home/duweiyue25/acyclic_cable_harness/src/rl/model_runner.cpp:9:
/home/duweiyue25/conda/envs/rl4scip/lib/python3.11/site-packages/torch/include/torch/csrc/jit/frontend/sugared_value.h: In member function ‘virtual torch::jit::Value* torch::jit::SugaredValue::asValue(const torch::jit::SourceRange&, torch::jit::GraphFunction&)’:
/home/duweiyue25/conda/envs/rl4scip/lib/python3.11/site-packages/torch/include/torch/csrc/jit/frontend/sugared_value.h:34:65: warning: unused parameter ‘m’ [-Wunused-parameter]
   34 |   virtual Value* asValue(const SourceRange& loc, GraphFunction& m) {
      |                                                  ~~~~~~~~~~~~~~~^
/home/duweiyue25/conda/envs/rl4scip/lib/python3.11/site-packages/torch/include/torch/csrc/jit/frontend/sugared_value.h: In member function ‘virtual std::shared_ptr<torch::jit::SugaredValue> torch::jit::SugaredValue::attr(const torch::jit::SourceRange&, torch::jit::GraphFunction&, const string&)’:
/home/duweiyue25/conda/envs/rl4scip/lib/python3.11/site-packages/torch/include/torch/csrc/jit/frontend/sugared_value.h:41:22: warning: unused parameter ‘m’ [-Wunused-parameter]
   41 |       GraphFunction& m,
      |       ~~~~~~~~~~~~~~~^
/home/duweiyue25/conda/envs/rl4scip/lib/python3.11/site-packages/torch/include/torch/csrc/jit/frontend/sugared_value.h:42:26: warning: unused parameter ‘field’ [-Wunused-parameter]
   42 |       const std::string& field) {
      |       ~~~~~~~~~~~~~~~~~~~^~~~~
/home/duweiyue25/conda/envs/rl4scip/lib/python3.11/site-packages/torch/include/torch/csrc/jit/frontend/sugared_value.h: In member function ‘virtual bool torch::jit::SugaredValue::hasAttr(const torch::jit::SourceRange&, torch::jit::GraphFunction&, const string&)’:
/home/duweiyue25/conda/envs/rl4scip/lib/python3.11/site-packages/torch/include/torch/csrc/jit/frontend/sugared_value.h:48:22: warning: unused parameter ‘m’ [-Wunused-parameter]
   48 |       GraphFunction& m,
      |       ~~~~~~~~~~~~~~~^
/home/duweiyue25/conda/envs/rl4scip/lib/python3.11/site-packages/torch/include/torch/csrc/jit/frontend/sugared_value.h:49:26: warning: unused parameter ‘field’ [-Wunused-parameter]
   49 |       const std::string& field) {
      |       ~~~~~~~~~~~~~~~~~~~^~~~~
/home/duweiyue25/conda/envs/rl4scip/lib/python3.11/site-packages/torch/include/torch/csrc/jit/frontend/sugared_value.h: In member function ‘virtual void torch::jit::SugaredValue::setAttr(const torch::jit::SourceRange&, torch::jit::GraphFunction&, const string&, torch::jit::Value*)’:
/home/duweiyue25/conda/envs/rl4scip/lib/python3.11/site-packages/torch/include/torch/csrc/jit/frontend/sugared_value.h:56:22: warning: unused parameter ‘m’ [-Wunused-parameter]
   56 |       GraphFunction& m,
      |       ~~~~~~~~~~~~~~~^
/home/duweiyue25/conda/envs/rl4scip/lib/python3.11/site-packages/torch/include/torch/csrc/jit/frontend/sugared_value.h:57:26: warning: unused parameter ‘field’ [-Wunused-parameter]
   57 |       const std::string& field,
      |       ~~~~~~~~~~~~~~~~~~~^~~~~
/home/duweiyue25/conda/envs/rl4scip/lib/python3.11/site-packages/torch/include/torch/csrc/jit/frontend/sugared_value.h:58:14: warning: unused parameter ‘newValue’ [-Wunused-parameter]
   58 |       Value* newValue) {
      |       ~~~~~~~^~~~~~~~
/home/duweiyue25/conda/envs/rl4scip/lib/python3.11/site-packages/torch/include/torch/csrc/jit/frontend/sugared_value.h: In member function ‘virtual std::vector<std::shared_ptr<torch::jit::SugaredValue> > torch::jit::SugaredValue::asTuple(const torch::jit::SourceRange&, torch::jit::GraphFunction&, const std::optional<long unsigned int>&)’:
/home/duweiyue25/conda/envs/rl4scip/lib/python3.11/site-packages/torch/include/torch/csrc/jit/frontend/sugared_value.h:68:22: warning: unused parameter ‘m’ [-Wunused-parameter]
   68 |       GraphFunction& m,
      |       ~~~~~~~~~~~~~~~^
/home/duweiyue25/conda/envs/rl4scip/lib/python3.11/site-packages/torch/include/torch/csrc/jit/frontend/sugared_value.h:69:36: warning: unused parameter ‘size_hint’ [-Wunused-parameter]
   69 |       const std::optional<size_t>& size_hint = {}) {
      |       ~~~~~~~~~~~~~~~~~~~~~~~~~~~~~^~~~~~~~~~~~~~
/home/duweiyue25/conda/envs/rl4scip/lib/python3.11/site-packages/torch/include/torch/csrc/jit/frontend/sugared_value.h: In member function ‘virtual torch::jit::SugaredValuePtr torch::jit::SugaredValue::asTupleValue(const torch::jit::SourceRange&, torch::jit::GraphFunction&)’:
/home/duweiyue25/conda/envs/rl4scip/lib/python3.11/site-packages/torch/include/torch/csrc/jit/frontend/sugared_value.h:76:22: warning: unused parameter ‘m’ [-Wunused-parameter]
   76 |       GraphFunction& m) {
      |       ~~~~~~~~~~~~~~~^
/home/duweiyue25/conda/envs/rl4scip/lib/python3.11/site-packages/torch/include/torch/csrc/jit/frontend/sugared_value.h: In member function ‘virtual std::vector<std::shared_ptr<torch::jit::SugaredValue> > torch::jit::SugaredValue::asType(const torch::jit::SourceRange&, torch::jit::Method&)’:
/home/duweiyue25/conda/envs/rl4scip/lib/python3.11/site-packages/torch/include/torch/csrc/jit/frontend/sugared_value.h:82:15: warning: unused parameter ‘m’ [-Wunused-parameter]
   82 |       Method& m) {
      |       ~~~~~~~~^
/home/duweiyue25/conda/envs/rl4scip/lib/python3.11/site-packages/torch/include/torch/csrc/jit/frontend/sugared_value.h: In member function ‘virtual std::shared_ptr<torch::jit::SugaredValue> torch::jit::SugaredValue::call(const torch::jit::SourceRange&, torch::jit::GraphFunction&, c10::ArrayRef<torch::jit::NamedValue>, c10::ArrayRef<torch::jit::NamedValue>, size_t)’:
/home/duweiyue25/conda/envs/rl4scip/lib/python3.11/site-packages/torch/include/torch/csrc/jit/frontend/sugared_value.h:89:22: warning: unused parameter ‘m’ [-Wunused-parameter]
   89 |       GraphFunction& m,
      |       ~~~~~~~~~~~~~~~^
/home/duweiyue25/conda/envs/rl4scip/lib/python3.11/site-packages/torch/include/torch/csrc/jit/frontend/sugared_value.h:91:32: warning: unused parameter ‘args’ [-Wunused-parameter]
   91 |       at::ArrayRef<NamedValue> args,
      |       ~~~~~~~~~~~~~~~~~~~~~~~~~^~~~
/home/duweiyue25/conda/envs/rl4scip/lib/python3.11/site-packages/torch/include/torch/csrc/jit/frontend/sugared_value.h:92:32: warning: unused parameter ‘kwargs’ [-Wunused-parameter]
   92 |       at::ArrayRef<NamedValue> kwargs,
      |       ~~~~~~~~~~~~~~~~~~~~~~~~~^~~~~~
/home/duweiyue25/conda/envs/rl4scip/lib/python3.11/site-packages/torch/include/torch/csrc/jit/frontend/sugared_value.h:93:14: warning: unused parameter ‘n_binders’ [-Wunused-parameter]
   93 |       size_t n_binders) {
      |       ~~~~~~~^~~~~~~~~
/home/duweiyue25/conda/envs/rl4scip/lib/python3.11/site-packages/torch/include/torch/csrc/jit/frontend/sugared_value.h: In member function ‘virtual std::shared_ptr<torch::jit::SugaredValue> torch::jit::SugaredValue::iter(const torch::jit::SourceRange&, torch::jit::GraphFunction&)’:
/home/duweiyue25/conda/envs/rl4scip/lib/python3.11/site-packages/torch/include/torch/csrc/jit/frontend/sugared_value.h:115:22: warning: unused parameter ‘m’ [-Wunused-parameter]
  115 |       GraphFunction& m) {
      |       ~~~~~~~~~~~~~~~^
/home/duweiyue25/conda/envs/rl4scip/lib/python3.11/site-packages/torch/include/torch/csrc/jit/frontend/sugared_value.h: In member function ‘virtual torch::jit::Value* torch::jit::SugaredValue::len(const torch::jit::SourceRange&, torch::jit::GraphFunction&)’:
/home/duweiyue25/conda/envs/rl4scip/lib/python3.11/site-packages/torch/include/torch/csrc/jit/frontend/sugared_value.h:137:61: warning: unused parameter ‘m’ [-Wunused-parameter]
  137 |   virtual Value* len(const SourceRange& loc, GraphFunction& m) {
      |                                              ~~~~~~~~~~~~~~~^
/home/duweiyue25/conda/envs/rl4scip/lib/python3.11/site-packages/torch/include/torch/csrc/jit/frontend/sugared_value.h: In member function ‘virtual std::shared_ptr<torch::jit::SugaredValue> torch::jit::SugaredValue::getitem(const torch::jit::SourceRange&, torch::jit::GraphFunction&, torch::jit::Value*, c10::TypePtr)’:
/home/duweiyue25/conda/envs/rl4scip/lib/python3.11/site-packages/torch/include/torch/csrc/jit/frontend/sugared_value.h:146:22: warning: unused parameter ‘m’ [-Wunused-parameter]
  146 |       GraphFunction& m,
      |       ~~~~~~~~~~~~~~~^
/home/duweiyue25/conda/envs/rl4scip/lib/python3.11/site-packages/torch/include/torch/csrc/jit/frontend/sugared_value.h:147:14: warning: unused parameter ‘idx’ [-Wunused-parameter]
  147 |       Value* idx,
      |       ~~~~~~~^~~
/home/duweiyue25/conda/envs/rl4scip/lib/python3.11/site-packages/torch/include/torch/csrc/jit/frontend/sugared_value.h:148:15: warning: unused parameter ‘type_hint’ [-Wunused-parameter]
  148 |       TypePtr type_hint = nullptr) {
      |       ~~~~~~~~^~~~~~~~~~~~~~~~~~~
/home/duweiyue25/conda/envs/rl4scip/lib/python3.11/site-packages/torch/include/torch/csrc/jit/frontend/sugared_value.h: In member function ‘virtual torch::jit::Value* torch::jit::SimpleValue::asValue(const torch::jit::SourceRange&, torch::jit::GraphFunction&)’:
/home/duweiyue25/conda/envs/rl4scip/lib/python3.11/site-packages/torch/include/torch/csrc/jit/frontend/sugared_value.h:167:37: warning: unused parameter ‘range’ [-Wunused-parameter]
  167 |   Value* asValue(const SourceRange& range, GraphFunction& m) override {
      |                  ~~~~~~~~~~~~~~~~~~~^~~~~
/home/duweiyue25/conda/envs/rl4scip/lib/python3.11/site-packages/torch/include/torch/csrc/jit/frontend/sugared_value.h:167:59: warning: unused parameter ‘m’ [-Wunused-parameter]
  167 |   Value* asValue(const SourceRange& range, GraphFunction& m) override {
      |                                            ~~~~~~~~~~~~~~~^
/home/duweiyue25/conda/envs/rl4scip/lib/python3.11/site-packages/torch/include/torch/csrc/jit/frontend/sugared_value.h: In member function ‘virtual std::vector<std::shared_ptr<torch::jit::SugaredValue> > torch::jit::SugaredTupleValue::asTuple(const torch::jit::SourceRange&, torch::jit::GraphFunction&, const std::optional<long unsigned int>&)’:
/home/duweiyue25/conda/envs/rl4scip/lib/python3.11/site-packages/torch/include/torch/csrc/jit/frontend/sugared_value.h:248:26: warning: unused parameter ‘loc’ [-Wunused-parameter]
  248 |       const SourceRange& loc,
      |       ~~~~~~~~~~~~~~~~~~~^~~
/home/duweiyue25/conda/envs/rl4scip/lib/python3.11/site-packages/torch/include/torch/csrc/jit/frontend/sugared_value.h:249:22: warning: unused parameter ‘m’ [-Wunused-parameter]
  249 |       GraphFunction& m,
      |       ~~~~~~~~~~~~~~~^
/home/duweiyue25/conda/envs/rl4scip/lib/python3.11/site-packages/torch/include/torch/csrc/jit/frontend/sugared_value.h:250:36: warning: unused parameter ‘size_hint’ [-Wunused-parameter]
  250 |       const std::optional<size_t>& size_hint = {}) override {
      |       ~~~~~~~~~~~~~~~~~~~~~~~~~~~~~^~~~~~~~~~~~~~
/home/duweiyue25/conda/envs/rl4scip/lib/python3.11/site-packages/torch/include/torch/csrc/jit/frontend/sugared_value.h: In member function ‘virtual torch::jit::SugaredValuePtr torch::jit::SugaredTupleValue::getitem(const torch::jit::SourceRange&, torch::jit::GraphFunction&, torch::jit::Value*, c10::TypePtr)’:
/home/duweiyue25/conda/envs/rl4scip/lib/python3.11/site-packages/torch/include/torch/csrc/jit/frontend/sugared_value.h:270:22: warning: unused parameter ‘m’ [-Wunused-parameter]
  270 |       GraphFunction& m,
      |       ~~~~~~~~~~~~~~~^
/home/duweiyue25/conda/envs/rl4scip/lib/python3.11/site-packages/torch/include/torch/csrc/jit/frontend/sugared_value.h:272:15: warning: unused parameter ‘type_hint’ [-Wunused-parameter]
  272 |       TypePtr type_hint = nullptr) override {
      |       ~~~~~~~~^~~~~~~~~~~~~~~~~~~
/home/duweiyue25/conda/envs/rl4scip/lib/python3.11/site-packages/torch/include/torch/csrc/jit/frontend/sugared_value.h: In member function ‘virtual std::shared_ptr<torch::jit::SugaredValue> torch::jit::SugaredTupleValue::iter(const torch::jit::SourceRange&, torch::jit::GraphFunction&)’:
/home/duweiyue25/conda/envs/rl4scip/lib/python3.11/site-packages/torch/include/torch/csrc/jit/frontend/sugared_value.h:295:57: warning: unused parameter ‘loc’ [-Wunused-parameter]
  295 |   std::shared_ptr<SugaredValue> iter(const SourceRange& loc, GraphFunction& m)
      |                                      ~~~~~~~~~~~~~~~~~~~^~~
/home/duweiyue25/conda/envs/rl4scip/lib/python3.11/site-packages/torch/include/torch/csrc/jit/frontend/sugared_value.h:295:77: warning: unused parameter ‘m’ [-Wunused-parameter]
  295 |   std::shared_ptr<SugaredValue> iter(const SourceRange& loc, GraphFunction& m)
      |                                                              ~~~~~~~~~~~~~~~^
/home/duweiyue25/conda/envs/rl4scip/lib/python3.11/site-packages/torch/include/torch/csrc/jit/frontend/sugared_value.h: In member function ‘virtual std::shared_ptr<torch::jit::SugaredValue> torch::jit::BuiltinModule::attr(const torch::jit::SourceRange&, torch::jit::GraphFunction&, const string&)’:
/home/duweiyue25/conda/envs/rl4scip/lib/python3.11/site-packages/torch/include/torch/csrc/jit/frontend/sugared_value.h:318:26: warning: unused parameter ‘loc’ [-Wunused-parameter]
  318 |       const SourceRange& loc,
      |       ~~~~~~~~~~~~~~~~~~~^~~
/home/duweiyue25/conda/envs/rl4scip/lib/python3.11/site-packages/torch/include/torch/csrc/jit/frontend/sugared_value.h:319:22: warning: unused parameter ‘m’ [-Wunused-parameter]
  319 |       GraphFunction& m,
      |       ~~~~~~~~~~~~~~~^
/home/duweiyue25/conda/envs/rl4scip/lib/python3.11/site-packages/torch/include/torch/csrc/jit/frontend/sugared_value.h: In member function ‘virtual std::shared_ptr<torch::jit::SugaredValue> torch::jit::FunctionValue::call(const torch::jit::SourceRange&, torch::jit::GraphFunction&, c10::ArrayRef<torch::jit::NamedValue>, c10::ArrayRef<torch::jit::NamedValue>, size_t)’:
/home/duweiyue25/conda/envs/rl4scip/lib/python3.11/site-packages/torch/include/torch/csrc/jit/frontend/sugared_value.h:403:14: warning: unused parameter ‘n_binders’ [-Wunused-parameter]
  403 |       size_t n_binders) override {
      |       ~~~~~~~^~~~~~~~~
/home/duweiyue25/conda/envs/rl4scip/lib/python3.11/site-packages/torch/include/torch/csrc/jit/frontend/sugared_value.h: In member function ‘virtual torch::jit::Value* torch::jit::ClosureValue::asValue(const torch::jit::SourceRange&, torch::jit::GraphFunction&)’:
/home/duweiyue25/conda/envs/rl4scip/lib/python3.11/site-packages/torch/include/torch/csrc/jit/frontend/sugared_value.h:440:37: warning: unused parameter ‘range’ [-Wunused-parameter]
  440 |   Value* asValue(const SourceRange& range, GraphFunction& m) override {
      |                  ~~~~~~~~~~~~~~~~~~~^~~~~
/home/duweiyue25/conda/envs/rl4scip/lib/python3.11/site-packages/torch/include/torch/csrc/jit/frontend/sugared_value.h:440:59: warning: unused parameter ‘m’ [-Wunused-parameter]
  440 |   Value* asValue(const SourceRange& range, GraphFunction& m) override {
      |                                            ~~~~~~~~~~~~~~~^
/home/duweiyue25/conda/envs/rl4scip/lib/python3.11/site-packages/torch/include/torch/csrc/jit/frontend/sugared_value.h: In member function ‘virtual std::shared_ptr<torch::jit::SugaredValue> torch::jit::MethodValue::call(const torch::jit::SourceRange&, torch::jit::GraphFunction&, c10::ArrayRef<torch::jit::NamedValue>, c10::ArrayRef<torch::jit::NamedValue>, size_t)’:
/home/duweiyue25/conda/envs/rl4scip/lib/python3.11/site-packages/torch/include/torch/csrc/jit/frontend/sugared_value.h:462:14: warning: unused parameter ‘n_binders’ [-Wunused-parameter]
  462 |       size_t n_binders) override {
      |       ~~~~~~~^~~~~~~~~
/home/duweiyue25/conda/envs/rl4scip/lib/python3.11/site-packages/torch/include/torch/csrc/jit/frontend/sugared_value.h: In member function ‘virtual std::shared_ptr<torch::jit::SugaredValue> torch::jit::TensorCastValue::call(const torch::jit::SourceRange&, torch::jit::GraphFunction&, c10::ArrayRef<torch::jit::NamedValue>, c10::ArrayRef<torch::jit::NamedValue>, size_t)’:
/home/duweiyue25/conda/envs/rl4scip/lib/python3.11/site-packages/torch/include/torch/csrc/jit/frontend/sugared_value.h:558:14: warning: unused parameter ‘n_binders’ [-Wunused-parameter]
  558 |       size_t n_binders) override {
      |       ~~~~~~~^~~~~~~~~
/home/duweiyue25/conda/envs/rl4scip/lib/python3.11/site-packages/torch/include/torch/csrc/jit/frontend/sugared_value.h: In member function ‘virtual std::shared_ptr<torch::jit::SugaredValue> torch::jit::IterableTree::iter(const torch::jit::SourceRange&, torch::jit::GraphFunction&)’:
/home/duweiyue25/conda/envs/rl4scip/lib/python3.11/site-packages/torch/include/torch/csrc/jit/frontend/sugared_value.h:704:57: warning: unused parameter ‘loc’ [-Wunused-parameter]
  704 |   std::shared_ptr<SugaredValue> iter(const SourceRange& loc, GraphFunction& m)
      |                                      ~~~~~~~~~~~~~~~~~~~^~~
/home/duweiyue25/conda/envs/rl4scip/lib/python3.11/site-packages/torch/include/torch/csrc/jit/frontend/sugared_value.h:704:77: warning: unused parameter ‘m’ [-Wunused-parameter]
  704 |   std::shared_ptr<SugaredValue> iter(const SourceRange& loc, GraphFunction& m)
      |                                                              ~~~~~~~~~~~~~~~^
In file included from /home/duweiyue25/conda/envs/rl4scip/lib/python3.11/site-packages/torch/include/torch/csrc/jit/frontend/script_type_parser.h:4,
                 from /home/duweiyue25/conda/envs/rl4scip/lib/python3.11/site-packages/torch/include/torch/csrc/jit/serialization/unpickler.h:7,
                 from /home/duweiyue25/conda/envs/rl4scip/lib/python3.11/site-packages/torch/include/torch/csrc/jit/serialization/pickle.h:8,
                 from /home/duweiyue25/conda/envs/rl4scip/lib/python3.11/site-packages/torch/include/torch/script.h:10,
                 from /home/duweiyue25/acyclic_cable_harness/src/rl/model_runner.cpp:9:
/home/duweiyue25/conda/envs/rl4scip/lib/python3.11/site-packages/torch/include/torch/csrc/jit/frontend/resolver.h: In member function ‘virtual std::shared_ptr<torch::jit::SugaredValue> torch::jit::Resolver::resolveValue(const string&, torch::jit::GraphFunction&, const torch::jit::SourceRange&)’:
/home/duweiyue25/conda/envs/rl4scip/lib/python3.11/site-packages/torch/include/torch/csrc/jit/frontend/resolver.h:33:26: warning: unused parameter ‘name’ [-Wunused-parameter]
   33 |       const std::string& name,
      |       ~~~~~~~~~~~~~~~~~~~^~~~
/home/duweiyue25/conda/envs/rl4scip/lib/python3.11/site-packages/torch/include/torch/csrc/jit/frontend/resolver.h:34:22: warning: unused parameter ‘m’ [-Wunused-parameter]
   34 |       GraphFunction& m,
      |       ~~~~~~~~~~~~~~~^
/home/duweiyue25/conda/envs/rl4scip/lib/python3.11/site-packages/torch/include/torch/csrc/jit/frontend/resolver.h:35:26: warning: unused parameter ‘loc’ [-Wunused-parameter]
   35 |       const SourceRange& loc) {
      |       ~~~~~~~~~~~~~~~~~~~^~~
/home/duweiyue25/conda/envs/rl4scip/lib/python3.11/site-packages/torch/include/torch/csrc/jit/frontend/resolver.h: In member function ‘virtual c10::TypePtr torch::jit::Resolver::resolveType(const string&, const torch::jit::SourceRange&)’:
/home/duweiyue25/conda/envs/rl4scip/lib/python3.11/site-packages/torch/include/torch/csrc/jit/frontend/resolver.h:40:50: warning: unused parameter ‘name’ [-Wunused-parameter]
   40 |   virtual TypePtr resolveType(const std::string& name, const SourceRange& loc) {
      |                               ~~~~~~~~~~~~~~~~~~~^~~~
/home/duweiyue25/conda/envs/rl4scip/lib/python3.11/site-packages/torch/include/torch/csrc/jit/frontend/resolver.h:40:75: warning: unused parameter ‘loc’ [-Wunused-parameter]
   40 |   virtual TypePtr resolveType(const std::string& name, const SourceRange& loc) {
      |                                                        ~~~~~~~~~~~~~~~~~~~^~~
/home/duweiyue25/conda/envs/rl4scip/lib/python3.11/site-packages/torch/include/torch/csrc/jit/frontend/resolver.h: In member function ‘virtual std::shared_ptr<torch::jit::SugaredValue> torch::jit::NativeResolver::resolveValue(const string&, torch::jit::GraphFunction&, const torch::jit::SourceRange&)’:
/home/duweiyue25/conda/envs/rl4scip/lib/python3.11/site-packages/torch/include/torch/csrc/jit/frontend/resolver.h:49:22: warning: unused parameter ‘m’ [-Wunused-parameter]
   49 |       GraphFunction& m,
      |       ~~~~~~~~~~~~~~~^
/home/duweiyue25/conda/envs/rl4scip/lib/python3.11/site-packages/torch/include/torch/csrc/jit/frontend/resolver.h:50:26: warning: unused parameter ‘loc’ [-Wunused-parameter]
   50 |       const SourceRange& loc) override {
      |       ~~~~~~~~~~~~~~~~~~~^~~
/home/duweiyue25/conda/envs/rl4scip/lib/python3.11/site-packages/torch/include/torch/csrc/jit/frontend/resolver.h: In member function ‘virtual c10::TypePtr torch::jit::NativeResolver::resolveType(const string&, const torch::jit::SourceRange&)’:
/home/duweiyue25/conda/envs/rl4scip/lib/python3.11/site-packages/torch/include/torch/csrc/jit/frontend/resolver.h:57:42: warning: unused parameter ‘name’ [-Wunused-parameter]
   57 |   TypePtr resolveType(const std::string& name, const SourceRange& loc)
      |                       ~~~~~~~~~~~~~~~~~~~^~~~
/home/duweiyue25/conda/envs/rl4scip/lib/python3.11/site-packages/torch/include/torch/csrc/jit/frontend/resolver.h:57:67: warning: unused parameter ‘loc’ [-Wunused-parameter]
   57 |   TypePtr resolveType(const std::string& name, const SourceRange& loc)
      |                                                ~~~~~~~~~~~~~~~~~~~^~~
/home/duweiyue25/conda/envs/rl4scip/lib/python3.11/site-packages/torch/include/torch/csrc/jit/frontend/sugared_value.h: In member function ‘virtual torch::jit::Value* torch::jit::ClosureValue::asValue(const torch::jit::SourceRange&, torch::jit::GraphFunction&)’:
/home/duweiyue25/conda/envs/rl4scip/lib/python3.11/site-packages/torch/include/torch/csrc/jit/frontend/sugared_value.h:440:37: warning: unused parameter ‘range’ [-Wunused-parameter]
  440 |   Value* asValue(const SourceRange& range, GraphFunction& m) override {
      |                  ~~~~~~~~~~~~~~~~~~~^~~~~
/home/duweiyue25/conda/envs/rl4scip/lib/python3.11/site-packages/torch/include/torch/csrc/jit/frontend/sugared_value.h:440:59: warning: unused parameter ‘m’ [-Wunused-parameter]
  440 |   Value* asValue(const SourceRange& range, GraphFunction& m) override {
      |                                            ~~~~~~~~~~~~~~~^
/home/duweiyue25/conda/envs/rl4scip/lib/python3.11/site-packages/torch/include/torch/csrc/jit/frontend/sugared_value.h: In member function ‘virtual std::shared_ptr<torch::jit::SugaredValue> torch::jit::MethodValue::call(const torch::jit::SourceRange&, torch::jit::GraphFunction&, c10::ArrayRef<torch::jit::NamedValue>, c10::ArrayRef<torch::jit::NamedValue>, size_t)’:
/home/duweiyue25/conda/envs/rl4scip/lib/python3.11/site-packages/torch/include/torch/csrc/jit/frontend/sugared_value.h:462:14: warning: unused parameter ‘n_binders’ [-Wunused-parameter]
  462 |       size_t n_binders) override {
      |       ~~~~~~~^~~~~~~~~
/home/duweiyue25/conda/envs/rl4scip/lib/python3.11/site-packages/torch/include/torch/csrc/jit/frontend/sugared_value.h: In member function ‘virtual std::shared_ptr<torch::jit::SugaredValue> torch::jit::TensorCastValue::call(const torch::jit::SourceRange&, torch::jit::GraphFunction&, c10::ArrayRef<torch::jit::NamedValue>, c10::ArrayRef<torch::jit::NamedValue>, size_t)’:
/home/duweiyue25/conda/envs/rl4scip/lib/python3.11/site-packages/torch/include/torch/csrc/jit/frontend/sugared_value.h:558:14: warning: unused parameter ‘n_binders’ [-Wunused-parameter]
  558 |       size_t n_binders) override {
      |       ~~~~~~~^~~~~~~~~
/home/duweiyue25/conda/envs/rl4scip/lib/python3.11/site-packages/torch/include/torch/csrc/jit/frontend/sugared_value.h: In member function ‘virtual std::shared_ptr<torch::jit::SugaredValue> torch::jit::IterableTree::iter(const torch::jit::SourceRange&, torch::jit::GraphFunction&)’:
/home/duweiyue25/conda/envs/rl4scip/lib/python3.11/site-packages/torch/include/torch/csrc/jit/frontend/sugared_value.h:704:57: warning: unused parameter ‘loc’ [-Wunused-parameter]
  704 |   std::shared_ptr<SugaredValue> iter(const SourceRange& loc, GraphFunction& m)
      |                                      ~~~~~~~~~~~~~~~~~~~^~~
/home/duweiyue25/conda/envs/rl4scip/lib/python3.11/site-packages/torch/include/torch/csrc/jit/frontend/sugared_value.h:704:77: warning: unused parameter ‘m’ [-Wunused-parameter]
  704 |   std::shared_ptr<SugaredValue> iter(const SourceRange& loc, GraphFunction& m)
      |                                                              ~~~~~~~~~~~~~~~^
In file included from /home/duweiyue25/conda/envs/rl4scip/lib/python3.11/site-packages/torch/include/torch/csrc/jit/frontend/script_type_parser.h:4,
                 from /home/duweiyue25/conda/envs/rl4scip/lib/python3.11/site-packages/torch/include/torch/csrc/jit/serialization/unpickler.h:7,
                 from /home/duweiyue25/conda/envs/rl4scip/lib/python3.11/site-packages/torch/include/torch/csrc/jit/serialization/pickle.h:8,
                 from /home/duweiyue25/conda/envs/rl4scip/lib/python3.11/site-packages/torch/include/torch/script.h:10,
                 from /home/duweiyue25/acyclic_cable_harness/src/rl/model_runner.cpp:9:
/home/duweiyue25/conda/envs/rl4scip/lib/python3.11/site-packages/torch/include/torch/csrc/jit/frontend/resolver.h: In member function ‘virtual std::shared_ptr<torch::jit::SugaredValue> torch::jit::Resolver::resolveValue(const string&, torch::jit::GraphFunction&, const torch::jit::SourceRange&)’:
/home/duweiyue25/conda/envs/rl4scip/lib/python3.11/site-packages/torch/include/torch/csrc/jit/frontend/resolver.h:33:26: warning: unused parameter ‘name’ [-Wunused-parameter]
   33 |       const std::string& name,
      |       ~~~~~~~~~~~~~~~~~~~^~~~
/home/duweiyue25/conda/envs/rl4scip/lib/python3.11/site-packages/torch/include/torch/csrc/jit/frontend/resolver.h:34:22: warning: unused parameter ‘m’ [-Wunused-parameter]
   34 |       GraphFunction& m,
      |       ~~~~~~~~~~~~~~~^
/home/duweiyue25/conda/envs/rl4scip/lib/python3.11/site-packages/torch/include/torch/csrc/jit/frontend/resolver.h:35:26: warning: unused parameter ‘loc’ [-Wunused-parameter]
   35 |       const SourceRange& loc) {
      |       ~~~~~~~~~~~~~~~~~~~^~~
/home/duweiyue25/conda/envs/rl4scip/lib/python3.11/site-packages/torch/include/torch/csrc/jit/frontend/resolver.h: In member function ‘virtual c10::TypePtr torch::jit::Resolver::resolveType(const string&, const torch::jit::SourceRange&)’:
/home/duweiyue25/conda/envs/rl4scip/lib/python3.11/site-packages/torch/include/torch/csrc/jit/frontend/resolver.h:40:50: warning: unused parameter ‘name’ [-Wunused-parameter]
   40 |   virtual TypePtr resolveType(const std::string& name, const SourceRange& loc) {
      |                               ~~~~~~~~~~~~~~~~~~~^~~~
/home/duweiyue25/conda/envs/rl4scip/lib/python3.11/site-packages/torch/include/torch/csrc/jit/frontend/resolver.h:40:75: warning: unused parameter ‘loc’ [-Wunused-parameter]
   40 |   virtual TypePtr resolveType(const std::string& name, const SourceRange& loc) {
      |                                                        ~~~~~~~~~~~~~~~~~~~^~~
/home/duweiyue25/conda/envs/rl4scip/lib/python3.11/site-packages/torch/include/torch/csrc/jit/frontend/resolver.h: In member function ‘virtual std::shared_ptr<torch::jit::SugaredValue> torch::jit::NativeResolver::resolveValue(const string&, torch::jit::GraphFunction&, const torch::jit::SourceRange&)’:
/home/duweiyue25/conda/envs/rl4scip/lib/python3.11/site-packages/torch/include/torch/csrc/jit/frontend/resolver.h:49:22: warning: unused parameter ‘m’ [-Wunused-parameter]
   49 |       GraphFunction& m,
      |       ~~~~~~~~~~~~~~~^
/home/duweiyue25/conda/envs/rl4scip/lib/python3.11/site-packages/torch/include/torch/csrc/jit/frontend/resolver.h:50:26: warning: unused parameter ‘loc’ [-Wunused-parameter]
   50 |       const SourceRange& loc) override {
      |       ~~~~~~~~~~~~~~~~~~~^~~
/home/duweiyue25/conda/envs/rl4scip/lib/python3.11/site-packages/torch/include/torch/csrc/jit/frontend/resolver.h: In member function ‘virtual c10::TypePtr torch::jit::NativeResolver::resolveType(const string&, const torch::jit::SourceRange&)’:
/home/duweiyue25/conda/envs/rl4scip/lib/python3.11/site-packages/torch/include/torch/csrc/jit/frontend/resolver.h:57:42: warning: unused parameter ‘name’ [-Wunused-parameter]
   57 |   TypePtr resolveType(const std::string& name, const SourceRange& loc)
      |                       ~~~~~~~~~~~~~~~~~~~^~~~
/home/duweiyue25/conda/envs/rl4scip/lib/python3.11/site-packages/torch/include/torch/csrc/jit/frontend/resolver.h:57:67: warning: unused parameter ‘loc’ [-Wunused-parameter]
   57 |   TypePtr resolveType(const std::string& name, const SourceRange& loc)
      |                                                ~~~~~~~~~~~~~~~~~~~^~~
In file included from /home/duweiyue25/SCIP/scipoptsuite-8.0.4/scip/src/objscip/objcloneable.h:37,
                 from /home/duweiyue25/SCIP/scipoptsuite-8.0.4/scip/src/objscip/objbranchrule.h:41,
                 from /home/duweiyue25/acyclic_cable_harness/src/rl/rl_mlp_branchrule.hpp:8,
                 from /home/duweiyue25/acyclic_cable_harness/src/rl/rl_mlp_branchrule.cpp:1:
/home/duweiyue25/SCIP/scipoptsuite-8.0.4/scip/src/objscip/objcloneable.h: In member function ‘virtual scip::ObjCloneable* scip::ObjCloneable::clone(SCIP*) const’:
/home/duweiyue25/SCIP/scipoptsuite-8.0.4/scip/src/objscip/type_objcloneable.h:41:49: warning: unused parameter ‘scip’ [-Wunused-parameter]
   41 | #define SCIP_DECL_OBJCLONEABLECLONE(x) x (SCIP* scip) const
      |                                           ~~~~~~^~~~
/home/duweiyue25/SCIP/scipoptsuite-8.0.4/scip/src/objscip/objcloneable.h:58:15: note: in expansion of macro ‘SCIP_DECL_OBJCLONEABLECLONE’
   58 |       virtual SCIP_DECL_OBJCLONEABLECLONE(ObjCloneable* clone)
      |               ^~~~~~~~~~~~~~~~~~~~~~~~~~~
In file included from /home/duweiyue25/SCIP/scipoptsuite-8.0.4/scip/src/scip/scip.h:61,
                 from /home/duweiyue25/SCIP/scipoptsuite-8.0.4/scip/src/objscip/objbranchrule.h:40,
                 from /home/duweiyue25/acyclic_cable_harness/src/rl/rl_mlp_branchrule.hpp:8,
                 from /home/duweiyue25/acyclic_cable_harness/src/rl/rl_mlp_branchrule.cpp:1:
/home/duweiyue25/SCIP/scipoptsuite-8.0.4/scip/src/objscip/objbranchrule.h: In member function ‘virtual SCIP_RETCODE scip::ObjBranchrule::scip_free(SCIP*, SCIP_BRANCHRULE*)’:
/home/duweiyue25/SCIP/scipoptsuite-8.0.4/scip/src/scip/type_branch.h:75:55: warning: unused parameter ‘scip’ [-Wunused-parameter]
   75 | #define SCIP_DECL_BRANCHFREE(x) SCIP_RETCODE x (SCIP* scip, SCIP_BRANCHRULE* branchrule)
      |                                                 ~~~~~~^~~~
/home/duweiyue25/SCIP/scipoptsuite-8.0.4/scip/src/objscip/objbranchrule.h:142:12: note: in expansion of macro ‘SCIP_DECL_BRANCHFREE’
  142 |    virtual SCIP_DECL_BRANCHFREE(scip_free)
      |            ^~~~~~~~~~~~~~~~~~~~
/home/duweiyue25/SCIP/scipoptsuite-8.0.4/scip/src/scip/type_branch.h:75:78: warning: unused parameter ‘branchrule’ [-Wunused-parameter]
   75 | #define SCIP_DECL_BRANCHFREE(x) SCIP_RETCODE x (SCIP* scip, SCIP_BRANCHRULE* branchrule)
      |                                                             ~~~~~~~~~~~~~~~~~^~~~~~~~~~
/home/duweiyue25/SCIP/scipoptsuite-8.0.4/scip/src/objscip/objbranchrule.h:142:12: note: in expansion of macro ‘SCIP_DECL_BRANCHFREE’
  142 |    virtual SCIP_DECL_BRANCHFREE(scip_free)
      |            ^~~~~~~~~~~~~~~~~~~~
/home/duweiyue25/SCIP/scipoptsuite-8.0.4/scip/src/objscip/objbranchrule.h: In member function ‘virtual SCIP_RETCODE scip::ObjBranchrule::scip_init(SCIP*, SCIP_BRANCHRULE*)’:
/home/duweiyue25/SCIP/scipoptsuite-8.0.4/scip/src/scip/type_branch.h:83:55: warning: unused parameter ‘scip’ [-Wunused-parameter]
   83 | #define SCIP_DECL_BRANCHINIT(x) SCIP_RETCODE x (SCIP* scip, SCIP_BRANCHRULE* branchrule)
      |                                                 ~~~~~~^~~~
/home/duweiyue25/SCIP/scipoptsuite-8.0.4/scip/src/objscip/objbranchrule.h:151:12: note: in expansion of macro ‘SCIP_DECL_BRANCHINIT’
  151 |    virtual SCIP_DECL_BRANCHINIT(scip_init)
      |            ^~~~~~~~~~~~~~~~~~~~
/home/duweiyue25/SCIP/scipoptsuite-8.0.4/scip/src/scip/type_branch.h:83:78: warning: unused parameter ‘branchrule’ [-Wunused-parameter]
   83 | #define SCIP_DECL_BRANCHINIT(x) SCIP_RETCODE x (SCIP* scip, SCIP_BRANCHRULE* branchrule)
      |                                                             ~~~~~~~~~~~~~~~~~^~~~~~~~~~
/home/duweiyue25/SCIP/scipoptsuite-8.0.4/scip/src/objscip/objbranchrule.h:151:12: note: in expansion of macro ‘SCIP_DECL_BRANCHINIT’
  151 |    virtual SCIP_DECL_BRANCHINIT(scip_init)
      |            ^~~~~~~~~~~~~~~~~~~~
/home/duweiyue25/SCIP/scipoptsuite-8.0.4/scip/src/objscip/objbranchrule.h: In member function ‘virtual SCIP_RETCODE scip::ObjBranchrule::scip_exit(SCIP*, SCIP_BRANCHRULE*)’:
/home/duweiyue25/SCIP/scipoptsuite-8.0.4/scip/src/scip/type_branch.h:91:55: warning: unused parameter ‘scip’ [-Wunused-parameter]
   91 | #define SCIP_DECL_BRANCHEXIT(x) SCIP_RETCODE x (SCIP* scip, SCIP_BRANCHRULE* branchrule)
      |                                                 ~~~~~~^~~~
/home/duweiyue25/SCIP/scipoptsuite-8.0.4/scip/src/objscip/objbranchrule.h:160:12: note: in expansion of macro ‘SCIP_DECL_BRANCHEXIT’
  160 |    virtual SCIP_DECL_BRANCHEXIT(scip_exit)
      |            ^~~~~~~~~~~~~~~~~~~~
/home/duweiyue25/SCIP/scipoptsuite-8.0.4/scip/src/scip/type_branch.h:91:78: warning: unused parameter ‘branchrule’ [-Wunused-parameter]
   91 | #define SCIP_DECL_BRANCHEXIT(x) SCIP_RETCODE x (SCIP* scip, SCIP_BRANCHRULE* branchrule)
      |                                                             ~~~~~~~~~~~~~~~~~^~~~~~~~~~
/home/duweiyue25/SCIP/scipoptsuite-8.0.4/scip/src/objscip/objbranchrule.h:160:12: note: in expansion of macro ‘SCIP_DECL_BRANCHEXIT’
  160 |    virtual SCIP_DECL_BRANCHEXIT(scip_exit)
      |            ^~~~~~~~~~~~~~~~~~~~
/home/duweiyue25/SCIP/scipoptsuite-8.0.4/scip/src/objscip/objbranchrule.h: In member function ‘virtual SCIP_RETCODE scip::ObjBranchrule::scip_initsol(SCIP*, SCIP_BRANCHRULE*)’:
/home/duweiyue25/SCIP/scipoptsuite-8.0.4/scip/src/scip/type_branch.h:102:58: warning: unused parameter ‘scip’ [-Wunused-parameter]
  102 | #define SCIP_DECL_BRANCHINITSOL(x) SCIP_RETCODE x (SCIP* scip, SCIP_BRANCHRULE* branchrule)
      |                                                    ~~~~~~^~~~
/home/duweiyue25/SCIP/scipoptsuite-8.0.4/scip/src/objscip/objbranchrule.h:169:12: note: in expansion of macro ‘SCIP_DECL_BRANCHINITSOL’
  169 |    virtual SCIP_DECL_BRANCHINITSOL(scip_initsol)
      |            ^~~~~~~~~~~~~~~~~~~~~~~
/home/duweiyue25/SCIP/scipoptsuite-8.0.4/scip/src/scip/type_branch.h:102:81: warning: unused parameter ‘branchrule’ [-Wunused-parameter]
  102 | #define SCIP_DECL_BRANCHINITSOL(x) SCIP_RETCODE x (SCIP* scip, SCIP_BRANCHRULE* branchrule)
      |                                                                ~~~~~~~~~~~~~~~~~^~~~~~~~~~
/home/duweiyue25/SCIP/scipoptsuite-8.0.4/scip/src/objscip/objbranchrule.h:169:12: note: in expansion of macro ‘SCIP_DECL_BRANCHINITSOL’
  169 |    virtual SCIP_DECL_BRANCHINITSOL(scip_initsol)
      |            ^~~~~~~~~~~~~~~~~~~~~~~
/home/duweiyue25/SCIP/scipoptsuite-8.0.4/scip/src/objscip/objbranchrule.h: In member function ‘virtual SCIP_RETCODE scip::ObjBranchrule::scip_exitsol(SCIP*, SCIP_BRANCHRULE*)’:
/home/duweiyue25/SCIP/scipoptsuite-8.0.4/scip/src/scip/type_branch.h:113:58: warning: unused parameter ‘scip’ [-Wunused-parameter]
  113 | #define SCIP_DECL_BRANCHEXITSOL(x) SCIP_RETCODE x (SCIP* scip, SCIP_BRANCHRULE* branchrule)
      |                                                    ~~~~~~^~~~
/home/duweiyue25/SCIP/scipoptsuite-8.0.4/scip/src/objscip/objbranchrule.h:178:12: note: in expansion of macro ‘SCIP_DECL_BRANCHEXITSOL’
  178 |    virtual SCIP_DECL_BRANCHEXITSOL(scip_exitsol)
      |            ^~~~~~~~~~~~~~~~~~~~~~~
/home/duweiyue25/SCIP/scipoptsuite-8.0.4/scip/src/scip/type_branch.h:113:81: warning: unused parameter ‘branchrule’ [-Wunused-parameter]
  113 | #define SCIP_DECL_BRANCHEXITSOL(x) SCIP_RETCODE x (SCIP* scip, SCIP_BRANCHRULE* branchrule)
      |                                                                ~~~~~~~~~~~~~~~~~^~~~~~~~~~
/home/duweiyue25/SCIP/scipoptsuite-8.0.4/scip/src/objscip/objbranchrule.h:178:12: note: in expansion of macro ‘SCIP_DECL_BRANCHEXITSOL’
  178 |    virtual SCIP_DECL_BRANCHEXITSOL(scip_exitsol)
      |            ^~~~~~~~~~~~~~~~~~~~~~~
/home/duweiyue25/SCIP/scipoptsuite-8.0.4/scip/src/objscip/objbranchrule.h: In member function ‘virtual SCIP_RETCODE scip::ObjBranchrule::scip_execlp(SCIP*, SCIP_BRANCHRULE*, unsigned int, SCIP_RESULT*)’:
/home/duweiyue25/SCIP/scipoptsuite-8.0.4/scip/src/scip/type_branch.h:134:57: warning: unused parameter ‘scip’ [-Wunused-parameter]
  134 | #define SCIP_DECL_BRANCHEXECLP(x) SCIP_RETCODE x (SCIP* scip, SCIP_BRANCHRULE* branchrule, SCIP_Bool allowaddcons, SCIP_RESULT* result)
      |                                                   ~~~~~~^~~~
/home/duweiyue25/SCIP/scipoptsuite-8.0.4/scip/src/objscip/objbranchrule.h:187:12: note: in expansion of macro ‘SCIP_DECL_BRANCHEXECLP’
  187 |    virtual SCIP_DECL_BRANCHEXECLP(scip_execlp)
      |            ^~~~~~~~~~~~~~~~~~~~~~
/home/duweiyue25/SCIP/scipoptsuite-8.0.4/scip/src/scip/type_branch.h:134:80: warning: unused parameter ‘branchrule’ [-Wunused-parameter]
  134 | #define SCIP_DECL_BRANCHEXECLP(x) SCIP_RETCODE x (SCIP* scip, SCIP_BRANCHRULE* branchrule, SCIP_Bool allowaddcons, SCIP_RESULT* result)
      |                                                               ~~~~~~~~~~~~~~~~~^~~~~~~~~~
/home/duweiyue25/SCIP/scipoptsuite-8.0.4/scip/src/objscip/objbranchrule.h:187:12: note: in expansion of macro ‘SCIP_DECL_BRANCHEXECLP’
  187 |    virtual SCIP_DECL_BRANCHEXECLP(scip_execlp)
      |            ^~~~~~~~~~~~~~~~~~~~~~
/home/duweiyue25/SCIP/scipoptsuite-8.0.4/scip/src/scip/type_branch.h:134:102: warning: unused parameter ‘allowaddcons’ [-Wunused-parameter]
  134 | #define SCIP_DECL_BRANCHEXECLP(x) SCIP_RETCODE x (SCIP* scip, SCIP_BRANCHRULE* branchrule, SCIP_Bool allowaddcons, SCIP_RESULT* result)
/home/duweiyue25/SCIP/scipoptsuite-8.0.4/scip/src/objscip/objbranchrule.h:187:12: note: in expansion of macro ‘SCIP_DECL_BRANCHEXECLP’
  187 |    virtual SCIP_DECL_BRANCHEXECLP(scip_execlp)
      |            ^~~~~~~~~~~~~~~~~~~~~~
In file included from /home/duweiyue25/SCIP/scipoptsuite-8.0.4/scip/src/scip/scip.h:61,
                 from /home/duweiyue25/SCIP/scipoptsuite-8.0.4/scip/src/objscip/objbranchrule.h:40,
                 from /home/duweiyue25/acyclic_cable_harness/src/rl/rl_mlp_branchrule.hpp:8,
                 from /home/duweiyue25/acyclic_cable_harness/src/rl/rl_mlp_branchrule.cpp:1:
/home/duweiyue25/SCIP/scipoptsuite-8.0.4/scip/src/objscip/objbranchrule.h: In member function ‘virtual SCIP_RETCODE scip::ObjBranchrule::scip_execext(SCIP*, SCIP_BRANCHRULE*, unsigned int, SCIP_RESULT*)’:
/home/duweiyue25/SCIP/scipoptsuite-8.0.4/scip/src/scip/type_branch.h:155:58: warning: unused parameter ‘scip’ [-Wunused-parameter]
  155 | #define SCIP_DECL_BRANCHEXECEXT(x) SCIP_RETCODE x (SCIP* scip, SCIP_BRANCHRULE* branchrule, SCIP_Bool allowaddcons, SCIP_RESULT* result)
      |                                                    ~~~~~~^~~~
/home/duweiyue25/SCIP/scipoptsuite-8.0.4/scip/src/objscip/objbranchrule.h:198:12: note: in expansion of macro ‘SCIP_DECL_BRANCHEXECEXT’
  198 |    virtual SCIP_DECL_BRANCHEXECEXT(scip_execext)
      |            ^~~~~~~~~~~~~~~~~~~~~~~
/home/duweiyue25/SCIP/scipoptsuite-8.0.4/scip/src/scip/type_branch.h:155:81: warning: unused parameter ‘branchrule’ [-Wunused-parameter]
  155 | #define SCIP_DECL_BRANCHEXECEXT(x) SCIP_RETCODE x (SCIP* scip, SCIP_BRANCHRULE* branchrule, SCIP_Bool allowaddcons, SCIP_RESULT* result)
      |                                                                ~~~~~~~~~~~~~~~~~^~~~~~~~~~
/home/duweiyue25/SCIP/scipoptsuite-8.0.4/scip/src/objscip/objbranchrule.h:198:12: note: in expansion of macro ‘SCIP_DECL_BRANCHEXECEXT’
  198 |    virtual SCIP_DECL_BRANCHEXECEXT(scip_execext)
      |            ^~~~~~~~~~~~~~~~~~~~~~~
/home/duweiyue25/SCIP/scipoptsuite-8.0.4/scip/src/scip/type_branch.h:155:103: warning: unused parameter ‘allowaddcons’ [-Wunused-parameter]
  155 | #define SCIP_DECL_BRANCHEXECEXT(x) SCIP_RETCODE x (SCIP* scip, SCIP_BRANCHRULE* branchrule, SCIP_Bool allowaddcons, SCIP_RESULT* result)
/home/duweiyue25/SCIP/scipoptsuite-8.0.4/scip/src/objscip/objbranchrule.h:198:12: note: in expansion of macro ‘SCIP_DECL_BRANCHEXECEXT’
  198 |    virtual SCIP_DECL_BRANCHEXECEXT(scip_execext)
      |            ^~~~~~~~~~~~~~~~~~~~~~~
/home/duweiyue25/SCIP/scipoptsuite-8.0.4/scip/src/objscip/objbranchrule.h: In member function ‘virtual SCIP_RETCODE scip::ObjBranchrule::scip_execps(SCIP*, SCIP_BRANCHRULE*, unsigned int, SCIP_RESULT*)’:
/home/duweiyue25/SCIP/scipoptsuite-8.0.4/scip/src/scip/type_branch.h:176:57: warning: unused parameter ‘scip’ [-Wunused-parameter]
  176 | #define SCIP_DECL_BRANCHEXECPS(x) SCIP_RETCODE x (SCIP* scip, SCIP_BRANCHRULE* branchrule, SCIP_Bool allowaddcons, SCIP_RESULT* result)
      |                                                   ~~~~~~^~~~
/home/duweiyue25/SCIP/scipoptsuite-8.0.4/scip/src/objscip/objbranchrule.h:209:12: note: in expansion of macro ‘SCIP_DECL_BRANCHEXECPS’
  209 |    virtual SCIP_DECL_BRANCHEXECPS(scip_execps)
      |            ^~~~~~~~~~~~~~~~~~~~~~
/home/duweiyue25/SCIP/scipoptsuite-8.0.4/scip/src/scip/type_branch.h:176:80: warning: unused parameter ‘branchrule’ [-Wunused-parameter]
  176 | #define SCIP_DECL_BRANCHEXECPS(x) SCIP_RETCODE x (SCIP* scip, SCIP_BRANCHRULE* branchrule, SCIP_Bool allowaddcons, SCIP_RESULT* result)
      |                                                               ~~~~~~~~~~~~~~~~~^~~~~~~~~~
/home/duweiyue25/SCIP/scipoptsuite-8.0.4/scip/src/objscip/objbranchrule.h:209:12: note: in expansion of macro ‘SCIP_DECL_BRANCHEXECPS’
  209 |    virtual SCIP_DECL_BRANCHEXECPS(scip_execps)
      |            ^~~~~~~~~~~~~~~~~~~~~~
/home/duweiyue25/SCIP/scipoptsuite-8.0.4/scip/src/scip/type_branch.h:176:102: warning: unused parameter ‘allowaddcons’ [-Wunused-parameter]
  176 | #define SCIP_DECL_BRANCHEXECPS(x) SCIP_RETCODE x (SCIP* scip, SCIP_BRANCHRULE* branchrule, SCIP_Bool allowaddcons, SCIP_RESULT* result)
/home/duweiyue25/SCIP/scipoptsuite-8.0.4/scip/src/objscip/objbranchrule.h:209:12: note: in expansion of macro ‘SCIP_DECL_BRANCHEXECPS’
  209 |    virtual SCIP_DECL_BRANCHEXECPS(scip_execps)
      |            ^~~~~~~~~~~~~~~~~~~~~~
In file included from /home/duweiyue25/SCIP/scipoptsuite-8.0.4/scip/src/scip/scip.h:45,
                 from /home/duweiyue25/SCIP/scipoptsuite-8.0.4/scip/src/objscip/objbranchrule.h:40,
                 from /home/duweiyue25/acyclic_cable_harness/src/rl/rl_mlp_branchrule.hpp:8,
                 from /home/duweiyue25/acyclic_cable_harness/src/rl/rl_mlp_branchrule.cpp:1:
/home/duweiyue25/SCIP/scipoptsuite-8.0.4/scip/src/blockmemshell/memory.h: In instantiation of ‘T1* docastcheck(T1*, void*, T2*) [with T1 = char; T2 = const char]’:
/home/duweiyue25/SCIP/scipoptsuite-8.0.4/scip/src/objscip/objbranchrule.h:100:7:   required from here
/home/duweiyue25/SCIP/scipoptsuite-8.0.4/scip/src/blockmemshell/memory.h:62:56: warning: unused parameter ‘v1’ [-Wunused-parameter]
   62 | template<typename T1, typename T2> T1* docastcheck(T1* v1, void* v, T2* v2)
      |                                                    ~~~~^~
/home/duweiyue25/SCIP/scipoptsuite-8.0.4/scip/src/blockmemshell/memory.h:62:73: warning: unused parameter ‘v2’ [-Wunused-parameter]
   62 | template<typename T1, typename T2> T1* docastcheck(T1* v1, void* v, T2* v2)
      |                                                                     ~~~~^~
In file included from /home/duweiyue25/conda/envs/rl4scip/lib/python3.11/site-packages/torch/include/ATen/Context.h:12,
                 from /home/duweiyue25/conda/envs/rl4scip/lib/python3.11/site-packages/torch/include/ATen/ATen.h:7,
                 from /home/duweiyue25/conda/envs/rl4scip/lib/python3.11/site-packages/torch/include/torch/csrc/api/include/torch/types.h:3,
                 from /home/duweiyue25/conda/envs/rl4scip/lib/python3.11/site-packages/torch/include/torch/script.h:3,
                 from /home/duweiyue25/acyclic_cable_harness/src/rl/gcnn_model_runner.cpp:10:
/home/duweiyue25/conda/envs/rl4scip/lib/python3.11/site-packages/torch/include/ATen/detail/CUDAHooksInterface.h: In member function ‘virtual bool at::CUDAHooksInterface::isPinnedPtr(const void*) const’:
/home/duweiyue25/conda/envs/rl4scip/lib/python3.11/site-packages/torch/include/ATen/detail/CUDAHooksInterface.h:80:32: warning: unused parameter ‘data’ [-Wunused-parameter]
   80 |   bool isPinnedPtr(const void* data) const override {
      |                    ~~~~~~~~~~~~^~~~
In file included from /home/duweiyue25/conda/envs/rl4scip/lib/python3.11/site-packages/torch/include/ATen/Context.h:13,
                 from /home/duweiyue25/conda/envs/rl4scip/lib/python3.11/site-packages/torch/include/ATen/ATen.h:7,
                 from /home/duweiyue25/conda/envs/rl4scip/lib/python3.11/site-packages/torch/include/torch/csrc/api/include/torch/types.h:3,
                 from /home/duweiyue25/conda/envs/rl4scip/lib/python3.11/site-packages/torch/include/torch/script.h:3,
                 from /home/duweiyue25/acyclic_cable_harness/src/rl/gcnn_model_runner.cpp:10:
/home/duweiyue25/conda/envs/rl4scip/lib/python3.11/site-packages/torch/include/ATen/detail/HIPHooksInterface.h: In member function ‘virtual bool at::HIPHooksInterface::isPinnedPtr(const void*) const’:
/home/duweiyue25/conda/envs/rl4scip/lib/python3.11/site-packages/torch/include/ATen/detail/HIPHooksInterface.h:46:32: warning: unused parameter ‘data’ [-Wunused-parameter]
   46 |   bool isPinnedPtr(const void* data) const override {
      |                    ~~~~~~~~~~~~^~~~
/home/duweiyue25/conda/envs/rl4scip/lib/python3.11/site-packages/torch/include/ATen/detail/HIPHooksInterface.h: In member function ‘virtual bool at::HIPHooksInterface::hasPrimaryContext(c10::DeviceIndex) const’:
/home/duweiyue25/conda/envs/rl4scip/lib/python3.11/site-packages/torch/include/ATen/detail/HIPHooksInterface.h:62:38: warning: unused parameter ‘device_index’ [-Wunused-parameter]
   62 |   bool hasPrimaryContext(DeviceIndex device_index) const override {
      |                          ~~~~~~~~~~~~^~~~~~~~~~~~
In file included from /home/duweiyue25/conda/envs/rl4scip/lib/python3.11/site-packages/torch/include/ATen/Context.h:12,
                 from /home/duweiyue25/conda/envs/rl4scip/lib/python3.11/site-packages/torch/include/ATen/ATen.h:7,
                 from /home/duweiyue25/conda/envs/rl4scip/lib/python3.11/site-packages/torch/include/torch/csrc/api/include/torch/types.h:3,
                 from /home/duweiyue25/conda/envs/rl4scip/lib/python3.11/site-packages/torch/include/torch/script.h:3,
                 from /home/duweiyue25/acyclic_cable_harness/src/rl/gcnn_model_runner.cpp:10:
/home/duweiyue25/conda/envs/rl4scip/lib/python3.11/site-packages/torch/include/ATen/detail/CUDAHooksInterface.h: In member function ‘virtual bool at::CUDAHooksInterface::isPinnedPtr(const void*) const’:
/home/duweiyue25/conda/envs/rl4scip/lib/python3.11/site-packages/torch/include/ATen/detail/CUDAHooksInterface.h:80:32: warning: unused parameter ‘data’ [-Wunused-parameter]
   80 |   bool isPinnedPtr(const void* data) const override {
      |                    ~~~~~~~~~~~~^~~~
In file included from /home/duweiyue25/conda/envs/rl4scip/lib/python3.11/site-packages/torch/include/ATen/Context.h:13,
                 from /home/duweiyue25/conda/envs/rl4scip/lib/python3.11/site-packages/torch/include/ATen/ATen.h:7,
                 from /home/duweiyue25/conda/envs/rl4scip/lib/python3.11/site-packages/torch/include/torch/csrc/api/include/torch/types.h:3,
                 from /home/duweiyue25/conda/envs/rl4scip/lib/python3.11/site-packages/torch/include/torch/script.h:3,
                 from /home/duweiyue25/acyclic_cable_harness/src/rl/gcnn_model_runner.cpp:10:
/home/duweiyue25/conda/envs/rl4scip/lib/python3.11/site-packages/torch/include/ATen/detail/HIPHooksInterface.h: In member function ‘virtual bool at::HIPHooksInterface::isPinnedPtr(const void*) const’:
/home/duweiyue25/conda/envs/rl4scip/lib/python3.11/site-packages/torch/include/ATen/detail/HIPHooksInterface.h:46:32: warning: unused parameter ‘data’ [-Wunused-parameter]
   46 |   bool isPinnedPtr(const void* data) const override {
      |                    ~~~~~~~~~~~~^~~~
/home/duweiyue25/conda/envs/rl4scip/lib/python3.11/site-packages/torch/include/ATen/detail/HIPHooksInterface.h: In member function ‘virtual bool at::HIPHooksInterface::hasPrimaryContext(c10::DeviceIndex) const’:
/home/duweiyue25/conda/envs/rl4scip/lib/python3.11/site-packages/torch/include/ATen/detail/HIPHooksInterface.h:62:38: warning: unused parameter ‘device_index’ [-Wunused-parameter]
   62 |   bool hasPrimaryContext(DeviceIndex device_index) const override {
      |                          ~~~~~~~~~~~~^~~~~~~~~~~~
In file included from /home/duweiyue25/conda/envs/rl4scip/lib/python3.11/site-packages/torch/include/torch/csrc/autograd/cpp_hook.h:2,
                 from /home/duweiyue25/conda/envs/rl4scip/lib/python3.11/site-packages/torch/include/torch/csrc/autograd/variable.h:6,
                 from /home/duweiyue25/conda/envs/rl4scip/lib/python3.11/site-packages/torch/include/torch/csrc/autograd/generated/variable_factories.h:11,
                 from /home/duweiyue25/conda/envs/rl4scip/lib/python3.11/site-packages/torch/include/torch/csrc/api/include/torch/types.h:7,
                 from /home/duweiyue25/conda/envs/rl4scip/lib/python3.11/site-packages/torch/include/torch/script.h:3,
                 from /home/duweiyue25/acyclic_cable_harness/src/rl/gcnn_model_runner.cpp:10:
/home/duweiyue25/conda/envs/rl4scip/lib/python3.11/site-packages/torch/include/torch/csrc/autograd/function_hook.h: In member function ‘virtual void torch::autograd::FunctionPreHook::compiled_args(torch::dynamo::autograd::CompiledNodeArgs&)’:
/home/duweiyue25/conda/envs/rl4scip/lib/python3.11/site-packages/torch/include/torch/csrc/autograd/function_hook.h:24:73: warning: unused parameter ‘args’ [-Wunused-parameter]
   24 |   virtual void compiled_args(torch::dynamo::autograd::CompiledNodeArgs& args) {
      |                              ~~~~~~~~~~~~~~~~~~~~~~~~~~~~~~~~~~~~~~~~~~~^~~~
/home/duweiyue25/conda/envs/rl4scip/lib/python3.11/site-packages/torch/include/torch/csrc/autograd/function_hook.h: In member function ‘virtual void torch::autograd::FunctionPostHook::compiled_args(torch::dynamo::autograd::CompiledNodeArgs&)’:
/home/duweiyue25/conda/envs/rl4scip/lib/python3.11/site-packages/torch/include/torch/csrc/autograd/function_hook.h:37:73: warning: unused parameter ‘args’ [-Wunused-parameter]
   37 |   virtual void compiled_args(torch::dynamo::autograd::CompiledNodeArgs& args) {
      |                              ~~~~~~~~~~~~~~~~~~~~~~~~~~~~~~~~~~~~~~~~~~~^~~~
/home/duweiyue25/conda/envs/rl4scip/lib/python3.11/site-packages/torch/include/torch/csrc/autograd/function_hook.h: In member function ‘virtual void torch::autograd::PostAccumulateGradHook::compiled_args(torch::dynamo::autograd::CompiledNodeArgs&)’:
/home/duweiyue25/conda/envs/rl4scip/lib/python3.11/site-packages/torch/include/torch/csrc/autograd/function_hook.h:49:73: warning: unused parameter ‘args’ [-Wunused-parameter]
   49 |   virtual void compiled_args(torch::dynamo::autograd::CompiledNodeArgs& args) {
      |                              ~~~~~~~~~~~~~~~~~~~~~~~~~~~~~~~~~~~~~~~~~~~^~~~
In file included from /home/duweiyue25/conda/envs/rl4scip/lib/python3.11/site-packages/torch/include/torch/csrc/autograd/cpp_hook.h:2,
                 from /home/duweiyue25/conda/envs/rl4scip/lib/python3.11/site-packages/torch/include/torch/csrc/autograd/variable.h:6,
                 from /home/duweiyue25/conda/envs/rl4scip/lib/python3.11/site-packages/torch/include/torch/csrc/autograd/generated/variable_factories.h:11,
                 from /home/duweiyue25/conda/envs/rl4scip/lib/python3.11/site-packages/torch/include/torch/csrc/api/include/torch/types.h:7,
                 from /home/duweiyue25/conda/envs/rl4scip/lib/python3.11/site-packages/torch/include/torch/script.h:3,
                 from /home/duweiyue25/acyclic_cable_harness/src/rl/gcnn_model_runner.cpp:10:
/home/duweiyue25/conda/envs/rl4scip/lib/python3.11/site-packages/torch/include/torch/csrc/autograd/function_hook.h: In member function ‘virtual void torch::autograd::FunctionPreHook::compiled_args(torch::dynamo::autograd::CompiledNodeArgs&)’:
/home/duweiyue25/conda/envs/rl4scip/lib/python3.11/site-packages/torch/include/torch/csrc/autograd/function_hook.h:24:73: warning: unused parameter ‘args’ [-Wunused-parameter]
   24 |   virtual void compiled_args(torch::dynamo::autograd::CompiledNodeArgs& args) {
      |                              ~~~~~~~~~~~~~~~~~~~~~~~~~~~~~~~~~~~~~~~~~~~^~~~
/home/duweiyue25/conda/envs/rl4scip/lib/python3.11/site-packages/torch/include/torch/csrc/autograd/function_hook.h: In member function ‘virtual void torch::autograd::FunctionPostHook::compiled_args(torch::dynamo::autograd::CompiledNodeArgs&)’:
/home/duweiyue25/conda/envs/rl4scip/lib/python3.11/site-packages/torch/include/torch/csrc/autograd/function_hook.h:37:73: warning: unused parameter ‘args’ [-Wunused-parameter]
   37 |   virtual void compiled_args(torch::dynamo::autograd::CompiledNodeArgs& args) {
      |                              ~~~~~~~~~~~~~~~~~~~~~~~~~~~~~~~~~~~~~~~~~~~^~~~
/home/duweiyue25/conda/envs/rl4scip/lib/python3.11/site-packages/torch/include/torch/csrc/autograd/function_hook.h: In member function ‘virtual void torch::autograd::PostAccumulateGradHook::compiled_args(torch::dynamo::autograd::CompiledNodeArgs&)’:
/home/duweiyue25/conda/envs/rl4scip/lib/python3.11/site-packages/torch/include/torch/csrc/autograd/function_hook.h:49:73: warning: unused parameter ‘args’ [-Wunused-parameter]
   49 |   virtual void compiled_args(torch::dynamo::autograd::CompiledNodeArgs& args) {
      |                              ~~~~~~~~~~~~~~~~~~~~~~~~~~~~~~~~~~~~~~~~~~~^~~~
In file included from /home/duweiyue25/conda/envs/rl4scip/lib/python3.11/site-packages/torch/include/torch/csrc/autograd/function.h:11,
                 from /home/duweiyue25/conda/envs/rl4scip/lib/python3.11/site-packages/torch/include/torch/csrc/autograd/custom_function.h:7,
                 from /home/duweiyue25/conda/envs/rl4scip/lib/python3.11/site-packages/torch/include/torch/script.h:5,
                 from /home/duweiyue25/acyclic_cable_harness/src/rl/gcnn_model_runner.cpp:10:
/home/duweiyue25/conda/envs/rl4scip/lib/python3.11/site-packages/torch/include/torch/csrc/utils/variadic.h: In member function ‘void torch::CountTensors::operator()(const at::Tensor&)’:
/home/duweiyue25/conda/envs/rl4scip/lib/python3.11/site-packages/torch/include/torch/csrc/utils/variadic.h:16:37: warning: unused parameter ‘x’ [-Wunused-parameter]
   16 |   void operator()(const at::Tensor& x) {
      |                   ~~~~~~~~~~~~~~~~~~^
/home/duweiyue25/conda/envs/rl4scip/lib/python3.11/site-packages/torch/include/torch/csrc/utils/variadic.h: In member function ‘void torch::CountVariables::operator()(const Variable&)’:
/home/duweiyue25/conda/envs/rl4scip/lib/python3.11/site-packages/torch/include/torch/csrc/utils/variadic.h:34:45: warning: unused parameter ‘x’ [-Wunused-parameter]
   34 |   void operator()(const autograd::Variable& x) {
      |                   ~~~~~~~~~~~~~~~~~~~~~~~~~~^
In file included from /home/duweiyue25/conda/envs/rl4scip/lib/python3.11/site-packages/torch/include/torch/csrc/autograd/custom_function.h:7,
                 from /home/duweiyue25/conda/envs/rl4scip/lib/python3.11/site-packages/torch/include/torch/script.h:5,
                 from /home/duweiyue25/acyclic_cable_harness/src/rl/gcnn_model_runner.cpp:10:
/home/duweiyue25/conda/envs/rl4scip/lib/python3.11/site-packages/torch/include/torch/csrc/autograd/function.h: In member function ‘uint32_t torch::autograd::Node::add_input_metadata(torch::autograd::Node::undefined_input)’:
/home/duweiyue25/conda/envs/rl4scip/lib/python3.11/site-packages/torch/include/torch/csrc/autograd/function.h:214:47: warning: unused parameter ‘u’ [-Wunused-parameter]
  214 |   uint32_t add_input_metadata(undefined_input u) noexcept {
      |                               ~~~~~~~~~~~~~~~~^
/home/duweiyue25/conda/envs/rl4scip/lib/python3.11/site-packages/torch/include/torch/csrc/autograd/function.h: In member function ‘virtual void torch::autograd::Node::compiled_args(torch::dynamo::autograd::CompiledNodeArgs&)’:
/home/duweiyue25/conda/envs/rl4scip/lib/python3.11/site-packages/torch/include/torch/csrc/autograd/function.h:575:48: warning: unused parameter ‘args’ [-Wunused-parameter]
  575 |   virtual void compiled_args(CompiledNodeArgs& args) {
      |                              ~~~~~~~~~~~~~~~~~~^~~~
/home/duweiyue25/conda/envs/rl4scip/lib/python3.11/site-packages/torch/include/torch/csrc/autograd/function.h: In member function ‘virtual torch::autograd::variable_list torch::autograd::Node::apply_with_saved(const variable_list&, torch::dynamo::autograd::SwapSavedVariables&)’:
/home/duweiyue25/conda/envs/rl4scip/lib/python3.11/site-packages/torch/include/torch/csrc/autograd/function.h:584:28: warning: unused parameter ‘inputs’ [-Wunused-parameter]
  584 |       const variable_list& inputs,
      |       ~~~~~~~~~~~~~~~~~~~~~^~~~~~
/home/duweiyue25/conda/envs/rl4scip/lib/python3.11/site-packages/torch/include/torch/csrc/autograd/function.h:585:27: warning: unused parameter ‘saved’ [-Wunused-parameter]
  585 |       SwapSavedVariables& saved) {
      |       ~~~~~~~~~~~~~~~~~~~~^~~~~
In file included from /home/duweiyue25/conda/envs/rl4scip/lib/python3.11/site-packages/torch/include/torch/csrc/jit/runtime/custom_operator.h:5,
                 from /home/duweiyue25/conda/envs/rl4scip/lib/python3.11/site-packages/torch/include/torch/script.h:8,
                 from /home/duweiyue25/acyclic_cable_harness/src/rl/gcnn_model_runner.cpp:10:
/home/duweiyue25/conda/envs/rl4scip/lib/python3.11/site-packages/torch/include/torch/csrc/jit/runtime/operator.h: In lambda function:
/home/duweiyue25/conda/envs/rl4scip/lib/python3.11/site-packages/torch/include/torch/csrc/jit/runtime/operator.h:154:39: warning: unused parameter ‘op’ [-Wunused-parameter]
  154 |             [](const JitOnlyOperator& op) {
      |                ~~~~~~~~~~~~~~~~~~~~~~~^~
/home/duweiyue25/conda/envs/rl4scip/lib/python3.11/site-packages/torch/include/torch/csrc/jit/runtime/operator.h: In lambda function:
/home/duweiyue25/conda/envs/rl4scip/lib/python3.11/site-packages/torch/include/torch/csrc/jit/runtime/operator.h:193:39: warning: unused parameter ‘op’ [-Wunused-parameter]
  193 |             [](const JitOnlyOperator& op) {
      |                ~~~~~~~~~~~~~~~~~~~~~~~^~
In file included from /home/duweiyue25/conda/envs/rl4scip/lib/python3.11/site-packages/torch/include/torch/csrc/autograd/function.h:11,
                 from /home/duweiyue25/conda/envs/rl4scip/lib/python3.11/site-packages/torch/include/torch/csrc/autograd/custom_function.h:7,
                 from /home/duweiyue25/conda/envs/rl4scip/lib/python3.11/site-packages/torch/include/torch/script.h:5,
                 from /home/duweiyue25/acyclic_cable_harness/src/rl/gcnn_model_runner.cpp:10:
/home/duweiyue25/conda/envs/rl4scip/lib/python3.11/site-packages/torch/include/torch/csrc/utils/variadic.h: In member function ‘void torch::CountTensors::operator()(const at::Tensor&)’:
/home/duweiyue25/conda/envs/rl4scip/lib/python3.11/site-packages/torch/include/torch/csrc/utils/variadic.h:16:37: warning: unused parameter ‘x’ [-Wunused-parameter]
   16 |   void operator()(const at::Tensor& x) {
      |                   ~~~~~~~~~~~~~~~~~~^
/home/duweiyue25/conda/envs/rl4scip/lib/python3.11/site-packages/torch/include/torch/csrc/utils/variadic.h: In member function ‘void torch::CountVariables::operator()(const Variable&)’:
/home/duweiyue25/conda/envs/rl4scip/lib/python3.11/site-packages/torch/include/torch/csrc/utils/variadic.h:34:45: warning: unused parameter ‘x’ [-Wunused-parameter]
   34 |   void operator()(const autograd::Variable& x) {
      |                   ~~~~~~~~~~~~~~~~~~~~~~~~~~^
In file included from /home/duweiyue25/conda/envs/rl4scip/lib/python3.11/site-packages/torch/include/torch/csrc/autograd/custom_function.h:7,
                 from /home/duweiyue25/conda/envs/rl4scip/lib/python3.11/site-packages/torch/include/torch/script.h:5,
                 from /home/duweiyue25/acyclic_cable_harness/src/rl/gcnn_model_runner.cpp:10:
/home/duweiyue25/conda/envs/rl4scip/lib/python3.11/site-packages/torch/include/torch/csrc/autograd/function.h: In member function ‘uint32_t torch::autograd::Node::add_input_metadata(torch::autograd::Node::undefined_input)’:
/home/duweiyue25/conda/envs/rl4scip/lib/python3.11/site-packages/torch/include/torch/csrc/autograd/function.h:214:47: warning: unused parameter ‘u’ [-Wunused-parameter]
  214 |   uint32_t add_input_metadata(undefined_input u) noexcept {
      |                               ~~~~~~~~~~~~~~~~^
/home/duweiyue25/conda/envs/rl4scip/lib/python3.11/site-packages/torch/include/torch/csrc/autograd/function.h: In member function ‘virtual void torch::autograd::Node::compiled_args(torch::dynamo::autograd::CompiledNodeArgs&)’:
/home/duweiyue25/conda/envs/rl4scip/lib/python3.11/site-packages/torch/include/torch/csrc/autograd/function.h:575:48: warning: unused parameter ‘args’ [-Wunused-parameter]
  575 |   virtual void compiled_args(CompiledNodeArgs& args) {
      |                              ~~~~~~~~~~~~~~~~~~^~~~
/home/duweiyue25/conda/envs/rl4scip/lib/python3.11/site-packages/torch/include/torch/csrc/autograd/function.h: In member function ‘virtual torch::autograd::variable_list torch::autograd::Node::apply_with_saved(const variable_list&, torch::dynamo::autograd::SwapSavedVariables&)’:
/home/duweiyue25/conda/envs/rl4scip/lib/python3.11/site-packages/torch/include/torch/csrc/autograd/function.h:584:28: warning: unused parameter ‘inputs’ [-Wunused-parameter]
  584 |       const variable_list& inputs,
      |       ~~~~~~~~~~~~~~~~~~~~~^~~~~~
/home/duweiyue25/conda/envs/rl4scip/lib/python3.11/site-packages/torch/include/torch/csrc/autograd/function.h:585:27: warning: unused parameter ‘saved’ [-Wunused-parameter]
  585 |       SwapSavedVariables& saved) {
      |       ~~~~~~~~~~~~~~~~~~~~^~~~~
In file included from /home/duweiyue25/conda/envs/rl4scip/lib/python3.11/site-packages/torch/include/torch/csrc/jit/runtime/custom_operator.h:5,
                 from /home/duweiyue25/conda/envs/rl4scip/lib/python3.11/site-packages/torch/include/torch/script.h:8,
                 from /home/duweiyue25/acyclic_cable_harness/src/rl/gcnn_model_runner.cpp:10:
/home/duweiyue25/conda/envs/rl4scip/lib/python3.11/site-packages/torch/include/torch/csrc/jit/runtime/operator.h: In lambda function:
/home/duweiyue25/conda/envs/rl4scip/lib/python3.11/site-packages/torch/include/torch/csrc/jit/runtime/operator.h:154:39: warning: unused parameter ‘op’ [-Wunused-parameter]
  154 |             [](const JitOnlyOperator& op) {
      |                ~~~~~~~~~~~~~~~~~~~~~~~^~
In file included from /home/duweiyue25/conda/envs/rl4scip/lib/python3.11/site-packages/torch/include/torch/csrc/jit/runtime/graph_executor.h:9,
                 from /home/duweiyue25/conda/envs/rl4scip/lib/python3.11/site-packages/torch/include/torch/csrc/jit/api/function_impl.h:5,
                 from /home/duweiyue25/conda/envs/rl4scip/lib/python3.11/site-packages/torch/include/torch/csrc/jit/api/method.h:7,
                 from /home/duweiyue25/conda/envs/rl4scip/lib/python3.11/site-packages/torch/include/torch/csrc/jit/api/object.h:5,
                 from /home/duweiyue25/conda/envs/rl4scip/lib/python3.11/site-packages/torch/include/torch/csrc/jit/api/module.h:4,
                 from /home/duweiyue25/conda/envs/rl4scip/lib/python3.11/site-packages/torch/include/torch/csrc/jit/serialization/import.h:5,
                 from /home/duweiyue25/conda/envs/rl4scip/lib/python3.11/site-packages/torch/include/torch/script.h:9,
                 from /home/duweiyue25/acyclic_cable_harness/src/rl/gcnn_model_runner.cpp:10:
/home/duweiyue25/conda/envs/rl4scip/lib/python3.11/site-packages/torch/include/torch/csrc/jit/runtime/interpreter.h: In constructor ‘torch::jit::InterpreterContinuation::InterpreterContinuation(torch::jit::InterpreterState, torch::jit::Stack, int64_t, std::optional<at::ThreadLocalState>)’:
/home/duweiyue25/conda/envs/rl4scip/lib/python3.11/site-packages/torch/include/torch/csrc/jit/runtime/interpreter.h:126:15: warning: unused parameter ‘dist_autograd_context_id’ [-Wunused-parameter]
  126 |       int64_t dist_autograd_context_id = 0,
      |       ~~~~~~~~^~~~~~~~~~~~~~~~~~~~~~~~~~~~
/home/duweiyue25/conda/envs/rl4scip/lib/python3.11/site-packages/torch/include/torch/csrc/jit/runtime/operator.h: In lambda function:
/home/duweiyue25/conda/envs/rl4scip/lib/python3.11/site-packages/torch/include/torch/csrc/jit/runtime/operator.h:193:39: warning: unused parameter ‘op’ [-Wunused-parameter]
  193 |             [](const JitOnlyOperator& op) {
      |                ~~~~~~~~~~~~~~~~~~~~~~~^~
In file included from /home/duweiyue25/conda/envs/rl4scip/lib/python3.11/site-packages/torch/include/torch/csrc/jit/api/module.h:13,
                 from /home/duweiyue25/conda/envs/rl4scip/lib/python3.11/site-packages/torch/include/torch/csrc/jit/serialization/import.h:5,
                 from /home/duweiyue25/conda/envs/rl4scip/lib/python3.11/site-packages/torch/include/torch/script.h:9,
                 from /home/duweiyue25/acyclic_cable_harness/src/rl/gcnn_model_runner.cpp:10:
/home/duweiyue25/conda/envs/rl4scip/lib/python3.11/site-packages/torch/include/torch/csrc/jit/api/compilation_unit.h: In member function ‘void torch::jit::CompilationUnit::set_optimized(bool)’:
/home/duweiyue25/conda/envs/rl4scip/lib/python3.11/site-packages/torch/include/torch/csrc/jit/api/compilation_unit.h:73:27: warning: unused parameter ‘o’ [-Wunused-parameter]
   73 |   void set_optimized(bool o) {
      |                      ~~~~~^
In file included from /home/duweiyue25/conda/envs/rl4scip/lib/python3.11/site-packages/torch/include/torch/csrc/jit/serialization/import.h:5,
                 from /home/duweiyue25/conda/envs/rl4scip/lib/python3.11/site-packages/torch/include/torch/script.h:9,
                 from /home/duweiyue25/acyclic_cable_harness/src/rl/gcnn_model_runner.cpp:10:
/home/duweiyue25/conda/envs/rl4scip/lib/python3.11/site-packages/torch/include/torch/csrc/jit/api/module.h: In member function ‘void torch::jit::Module::set_optimized(bool)’:
/home/duweiyue25/conda/envs/rl4scip/lib/python3.11/site-packages/torch/include/torch/csrc/jit/api/module.h:102:27: warning: unused parameter ‘o’ [-Wunused-parameter]
  102 |   void set_optimized(bool o) {
      |                      ~~~~~^
/home/duweiyue25/conda/envs/rl4scip/lib/python3.11/site-packages/torch/include/torch/csrc/jit/api/module.h: In static member function ‘static torch::jit::detail::ModulePolicy::value_type torch::jit::detail::ModulePolicy::create(const std::vector<torch::jit::detail::SlotCursor>&, c10::IValue)’:
/home/duweiyue25/conda/envs/rl4scip/lib/python3.11/site-packages/torch/include/torch/csrc/jit/api/module.h:585:46: warning: unused parameter ‘cursors’ [-Wunused-parameter]
  585 |       const std::vector<detail::SlotCursor>& cursors,
      |       ~~~~~~~~~~~~~~~~~~~~~~~~~~~~~~~~~~~~~~~^~~~~~~
/home/duweiyue25/conda/envs/rl4scip/lib/python3.11/site-packages/torch/include/torch/csrc/jit/api/module.h: In static member function ‘static bool torch::jit::detail::ModulePolicy::valid(const ClassTypePtr&, size_t, const c10::IValue&)’:
/home/duweiyue25/conda/envs/rl4scip/lib/python3.11/site-packages/torch/include/torch/csrc/jit/api/module.h:591:70: warning: unused parameter ‘v’ [-Wunused-parameter]
  591 |   static bool valid(const ClassTypePtr& typ, size_t i, const IValue& v) {
      |                                                        ~~~~~~~~~~~~~~^
/home/duweiyue25/conda/envs/rl4scip/lib/python3.11/site-packages/torch/include/torch/csrc/jit/api/module.h: In static member function ‘static torch::jit::detail::ParameterPolicy::value_type torch::jit::detail::ParameterPolicy::create(const std::vector<torch::jit::detail::SlotCursor>&, c10::IValue)’:
/home/duweiyue25/conda/envs/rl4scip/lib/python3.11/site-packages/torch/include/torch/csrc/jit/api/module.h:602:46: warning: unused parameter ‘cursors’ [-Wunused-parameter]
  602 |       const std::vector<detail::SlotCursor>& cursors,
      |       ~~~~~~~~~~~~~~~~~~~~~~~~~~~~~~~~~~~~~~~^~~~~~~
/home/duweiyue25/conda/envs/rl4scip/lib/python3.11/site-packages/torch/include/torch/csrc/jit/api/module.h: In static member function ‘static torch::jit::detail::BufferPolicy::value_type torch::jit::detail::BufferPolicy::create(const std::vector<torch::jit::detail::SlotCursor>&, c10::IValue)’:
/home/duweiyue25/conda/envs/rl4scip/lib/python3.11/site-packages/torch/include/torch/csrc/jit/api/module.h:615:46: warning: unused parameter ‘cursors’ [-Wunused-parameter]
  615 |       const std::vector<detail::SlotCursor>& cursors,
      |       ~~~~~~~~~~~~~~~~~~~~~~~~~~~~~~~~~~~~~~~^~~~~~~
/home/duweiyue25/conda/envs/rl4scip/lib/python3.11/site-packages/torch/include/torch/csrc/jit/api/module.h: In static member function ‘static bool torch::jit::detail::BufferPolicy::valid(const ClassTypePtr&, size_t, const c10::IValue&)’:
/home/duweiyue25/conda/envs/rl4scip/lib/python3.11/site-packages/torch/include/torch/csrc/jit/api/module.h:619:70: warning: unused parameter ‘v’ [-Wunused-parameter]
  619 |   static bool valid(const ClassTypePtr& typ, size_t i, const IValue& v) {
      |                                                        ~~~~~~~~~~~~~~^
/home/duweiyue25/conda/envs/rl4scip/lib/python3.11/site-packages/torch/include/torch/csrc/jit/api/module.h: In static member function ‘static torch::jit::detail::AttributePolicy::value_type torch::jit::detail::AttributePolicy::create(const std::vector<torch::jit::detail::SlotCursor>&, c10::IValue)’:
/home/duweiyue25/conda/envs/rl4scip/lib/python3.11/site-packages/torch/include/torch/csrc/jit/api/module.h:629:46: warning: unused parameter ‘cursors’ [-Wunused-parameter]
  629 |       const std::vector<detail::SlotCursor>& cursors,
      |       ~~~~~~~~~~~~~~~~~~~~~~~~~~~~~~~~~~~~~~~^~~~~~~
/home/duweiyue25/conda/envs/rl4scip/lib/python3.11/site-packages/torch/include/torch/csrc/jit/api/module.h: In static member function ‘static bool torch::jit::detail::AttributePolicy::valid(const ClassTypePtr&, size_t, const c10::IValue&)’:
/home/duweiyue25/conda/envs/rl4scip/lib/python3.11/site-packages/torch/include/torch/csrc/jit/api/module.h:633:41: warning: unused parameter ‘typ’ [-Wunused-parameter]
  633 |   static bool valid(const ClassTypePtr& typ, size_t i, const IValue& v) {
      |                     ~~~~~~~~~~~~~~~~~~~~^~~
/home/duweiyue25/conda/envs/rl4scip/lib/python3.11/site-packages/torch/include/torch/csrc/jit/api/module.h:633:53: warning: unused parameter ‘i’ [-Wunused-parameter]
  633 |   static bool valid(const ClassTypePtr& typ, size_t i, const IValue& v) {
      |                                              ~~~~~~~^
/home/duweiyue25/conda/envs/rl4scip/lib/python3.11/site-packages/torch/include/torch/csrc/jit/api/module.h:633:70: warning: unused parameter ‘v’ [-Wunused-parameter]
  633 |   static bool valid(const ClassTypePtr& typ, size_t i, const IValue& v) {
      |                                                        ~~~~~~~~~~~~~~^
In file included from /home/duweiyue25/conda/envs/rl4scip/lib/python3.11/site-packages/torch/include/torch/csrc/jit/frontend/resolver.h:5,
                 from /home/duweiyue25/conda/envs/rl4scip/lib/python3.11/site-packages/torch/include/torch/csrc/jit/frontend/script_type_parser.h:4,
                 from /home/duweiyue25/conda/envs/rl4scip/lib/python3.11/site-packages/torch/include/torch/csrc/jit/serialization/unpickler.h:7,
                 from /home/duweiyue25/conda/envs/rl4scip/lib/python3.11/site-packages/torch/include/torch/csrc/jit/serialization/pickle.h:8,
                 from /home/duweiyue25/conda/envs/rl4scip/lib/python3.11/site-packages/torch/include/torch/script.h:10,
                 from /home/duweiyue25/acyclic_cable_harness/src/rl/gcnn_model_runner.cpp:10:
/home/duweiyue25/conda/envs/rl4scip/lib/python3.11/site-packages/torch/include/torch/csrc/jit/frontend/sugared_value.h: In member function ‘virtual torch::jit::Value* torch::jit::SugaredValue::asValue(const torch::jit::SourceRange&, torch::jit::GraphFunction&)’:
/home/duweiyue25/conda/envs/rl4scip/lib/python3.11/site-packages/torch/include/torch/csrc/jit/frontend/sugared_value.h:34:65: warning: unused parameter ‘m’ [-Wunused-parameter]
   34 |   virtual Value* asValue(const SourceRange& loc, GraphFunction& m) {
      |                                                  ~~~~~~~~~~~~~~~^
/home/duweiyue25/conda/envs/rl4scip/lib/python3.11/site-packages/torch/include/torch/csrc/jit/frontend/sugared_value.h: In member function ‘virtual std::shared_ptr<torch::jit::SugaredValue> torch::jit::SugaredValue::attr(const torch::jit::SourceRange&, torch::jit::GraphFunction&, const string&)’:
/home/duweiyue25/conda/envs/rl4scip/lib/python3.11/site-packages/torch/include/torch/csrc/jit/frontend/sugared_value.h:41:22: warning: unused parameter ‘m’ [-Wunused-parameter]
   41 |       GraphFunction& m,
      |       ~~~~~~~~~~~~~~~^
/home/duweiyue25/conda/envs/rl4scip/lib/python3.11/site-packages/torch/include/torch/csrc/jit/frontend/sugared_value.h:42:26: warning: unused parameter ‘field’ [-Wunused-parameter]
   42 |       const std::string& field) {
      |       ~~~~~~~~~~~~~~~~~~~^~~~~
/home/duweiyue25/conda/envs/rl4scip/lib/python3.11/site-packages/torch/include/torch/csrc/jit/frontend/sugared_value.h: In member function ‘virtual bool torch::jit::SugaredValue::hasAttr(const torch::jit::SourceRange&, torch::jit::GraphFunction&, const string&)’:
/home/duweiyue25/conda/envs/rl4scip/lib/python3.11/site-packages/torch/include/torch/csrc/jit/frontend/sugared_value.h:48:22: warning: unused parameter ‘m’ [-Wunused-parameter]
   48 |       GraphFunction& m,
      |       ~~~~~~~~~~~~~~~^
/home/duweiyue25/conda/envs/rl4scip/lib/python3.11/site-packages/torch/include/torch/csrc/jit/frontend/sugared_value.h:49:26: warning: unused parameter ‘field’ [-Wunused-parameter]
   49 |       const std::string& field) {
      |       ~~~~~~~~~~~~~~~~~~~^~~~~
/home/duweiyue25/conda/envs/rl4scip/lib/python3.11/site-packages/torch/include/torch/csrc/jit/frontend/sugared_value.h: In member function ‘virtual void torch::jit::SugaredValue::setAttr(const torch::jit::SourceRange&, torch::jit::GraphFunction&, const string&, torch::jit::Value*)’:
/home/duweiyue25/conda/envs/rl4scip/lib/python3.11/site-packages/torch/include/torch/csrc/jit/frontend/sugared_value.h:56:22: warning: unused parameter ‘m’ [-Wunused-parameter]
   56 |       GraphFunction& m,
      |       ~~~~~~~~~~~~~~~^
/home/duweiyue25/conda/envs/rl4scip/lib/python3.11/site-packages/torch/include/torch/csrc/jit/frontend/sugared_value.h:57:26: warning: unused parameter ‘field’ [-Wunused-parameter]
   57 |       const std::string& field,
      |       ~~~~~~~~~~~~~~~~~~~^~~~~
/home/duweiyue25/conda/envs/rl4scip/lib/python3.11/site-packages/torch/include/torch/csrc/jit/frontend/sugared_value.h:58:14: warning: unused parameter ‘newValue’ [-Wunused-parameter]
   58 |       Value* newValue) {
      |       ~~~~~~~^~~~~~~~
/home/duweiyue25/conda/envs/rl4scip/lib/python3.11/site-packages/torch/include/torch/csrc/jit/frontend/sugared_value.h: In member function ‘virtual std::vector<std::shared_ptr<torch::jit::SugaredValue> > torch::jit::SugaredValue::asTuple(const torch::jit::SourceRange&, torch::jit::GraphFunction&, const std::optional<long unsigned int>&)’:
/home/duweiyue25/conda/envs/rl4scip/lib/python3.11/site-packages/torch/include/torch/csrc/jit/frontend/sugared_value.h:68:22: warning: unused parameter ‘m’ [-Wunused-parameter]
   68 |       GraphFunction& m,
      |       ~~~~~~~~~~~~~~~^
/home/duweiyue25/conda/envs/rl4scip/lib/python3.11/site-packages/torch/include/torch/csrc/jit/frontend/sugared_value.h:69:36: warning: unused parameter ‘size_hint’ [-Wunused-parameter]
   69 |       const std::optional<size_t>& size_hint = {}) {
      |       ~~~~~~~~~~~~~~~~~~~~~~~~~~~~~^~~~~~~~~~~~~~
/home/duweiyue25/conda/envs/rl4scip/lib/python3.11/site-packages/torch/include/torch/csrc/jit/frontend/sugared_value.h: In member function ‘virtual torch::jit::SugaredValuePtr torch::jit::SugaredValue::asTupleValue(const torch::jit::SourceRange&, torch::jit::GraphFunction&)’:
/home/duweiyue25/conda/envs/rl4scip/lib/python3.11/site-packages/torch/include/torch/csrc/jit/frontend/sugared_value.h:76:22: warning: unused parameter ‘m’ [-Wunused-parameter]
   76 |       GraphFunction& m) {
      |       ~~~~~~~~~~~~~~~^
/home/duweiyue25/conda/envs/rl4scip/lib/python3.11/site-packages/torch/include/torch/csrc/jit/frontend/sugared_value.h: In member function ‘virtual std::vector<std::shared_ptr<torch::jit::SugaredValue> > torch::jit::SugaredValue::asType(const torch::jit::SourceRange&, torch::jit::Method&)’:
/home/duweiyue25/conda/envs/rl4scip/lib/python3.11/site-packages/torch/include/torch/csrc/jit/frontend/sugared_value.h:82:15: warning: unused parameter ‘m’ [-Wunused-parameter]
   82 |       Method& m) {
      |       ~~~~~~~~^
/home/duweiyue25/conda/envs/rl4scip/lib/python3.11/site-packages/torch/include/torch/csrc/jit/frontend/sugared_value.h: In member function ‘virtual std::shared_ptr<torch::jit::SugaredValue> torch::jit::SugaredValue::call(const torch::jit::SourceRange&, torch::jit::GraphFunction&, c10::ArrayRef<torch::jit::NamedValue>, c10::ArrayRef<torch::jit::NamedValue>, size_t)’:
/home/duweiyue25/conda/envs/rl4scip/lib/python3.11/site-packages/torch/include/torch/csrc/jit/frontend/sugared_value.h:89:22: warning: unused parameter ‘m’ [-Wunused-parameter]
   89 |       GraphFunction& m,
      |       ~~~~~~~~~~~~~~~^
/home/duweiyue25/conda/envs/rl4scip/lib/python3.11/site-packages/torch/include/torch/csrc/jit/frontend/sugared_value.h:91:32: warning: unused parameter ‘args’ [-Wunused-parameter]
   91 |       at::ArrayRef<NamedValue> args,
      |       ~~~~~~~~~~~~~~~~~~~~~~~~~^~~~
/home/duweiyue25/conda/envs/rl4scip/lib/python3.11/site-packages/torch/include/torch/csrc/jit/frontend/sugared_value.h:92:32: warning: unused parameter ‘kwargs’ [-Wunused-parameter]
   92 |       at::ArrayRef<NamedValue> kwargs,
      |       ~~~~~~~~~~~~~~~~~~~~~~~~~^~~~~~
/home/duweiyue25/conda/envs/rl4scip/lib/python3.11/site-packages/torch/include/torch/csrc/jit/frontend/sugared_value.h:93:14: warning: unused parameter ‘n_binders’ [-Wunused-parameter]
   93 |       size_t n_binders) {
      |       ~~~~~~~^~~~~~~~~
/home/duweiyue25/conda/envs/rl4scip/lib/python3.11/site-packages/torch/include/torch/csrc/jit/frontend/sugared_value.h: In member function ‘virtual std::shared_ptr<torch::jit::SugaredValue> torch::jit::SugaredValue::iter(const torch::jit::SourceRange&, torch::jit::GraphFunction&)’:
/home/duweiyue25/conda/envs/rl4scip/lib/python3.11/site-packages/torch/include/torch/csrc/jit/frontend/sugared_value.h:115:22: warning: unused parameter ‘m’ [-Wunused-parameter]
  115 |       GraphFunction& m) {
      |       ~~~~~~~~~~~~~~~^
/home/duweiyue25/conda/envs/rl4scip/lib/python3.11/site-packages/torch/include/torch/csrc/jit/frontend/sugared_value.h: In member function ‘virtual torch::jit::Value* torch::jit::SugaredValue::len(const torch::jit::SourceRange&, torch::jit::GraphFunction&)’:
/home/duweiyue25/conda/envs/rl4scip/lib/python3.11/site-packages/torch/include/torch/csrc/jit/frontend/sugared_value.h:137:61: warning: unused parameter ‘m’ [-Wunused-parameter]
  137 |   virtual Value* len(const SourceRange& loc, GraphFunction& m) {
      |                                              ~~~~~~~~~~~~~~~^
/home/duweiyue25/conda/envs/rl4scip/lib/python3.11/site-packages/torch/include/torch/csrc/jit/frontend/sugared_value.h: In member function ‘virtual std::shared_ptr<torch::jit::SugaredValue> torch::jit::SugaredValue::getitem(const torch::jit::SourceRange&, torch::jit::GraphFunction&, torch::jit::Value*, c10::TypePtr)’:
/home/duweiyue25/conda/envs/rl4scip/lib/python3.11/site-packages/torch/include/torch/csrc/jit/frontend/sugared_value.h:146:22: warning: unused parameter ‘m’ [-Wunused-parameter]
  146 |       GraphFunction& m,
      |       ~~~~~~~~~~~~~~~^
/home/duweiyue25/conda/envs/rl4scip/lib/python3.11/site-packages/torch/include/torch/csrc/jit/frontend/sugared_value.h:147:14: warning: unused parameter ‘idx’ [-Wunused-parameter]
  147 |       Value* idx,
      |       ~~~~~~~^~~
/home/duweiyue25/conda/envs/rl4scip/lib/python3.11/site-packages/torch/include/torch/csrc/jit/frontend/sugared_value.h:148:15: warning: unused parameter ‘type_hint’ [-Wunused-parameter]
  148 |       TypePtr type_hint = nullptr) {
      |       ~~~~~~~~^~~~~~~~~~~~~~~~~~~
/home/duweiyue25/conda/envs/rl4scip/lib/python3.11/site-packages/torch/include/torch/csrc/jit/frontend/sugared_value.h: In member function ‘virtual torch::jit::Value* torch::jit::SimpleValue::asValue(const torch::jit::SourceRange&, torch::jit::GraphFunction&)’:
/home/duweiyue25/conda/envs/rl4scip/lib/python3.11/site-packages/torch/include/torch/csrc/jit/frontend/sugared_value.h:167:37: warning: unused parameter ‘range’ [-Wunused-parameter]
  167 |   Value* asValue(const SourceRange& range, GraphFunction& m) override {
      |                  ~~~~~~~~~~~~~~~~~~~^~~~~
/home/duweiyue25/conda/envs/rl4scip/lib/python3.11/site-packages/torch/include/torch/csrc/jit/frontend/sugared_value.h:167:59: warning: unused parameter ‘m’ [-Wunused-parameter]
  167 |   Value* asValue(const SourceRange& range, GraphFunction& m) override {
      |                                            ~~~~~~~~~~~~~~~^
/home/duweiyue25/conda/envs/rl4scip/lib/python3.11/site-packages/torch/include/torch/csrc/jit/frontend/sugared_value.h: In member function ‘virtual std::vector<std::shared_ptr<torch::jit::SugaredValue> > torch::jit::SugaredTupleValue::asTuple(const torch::jit::SourceRange&, torch::jit::GraphFunction&, const std::optional<long unsigned int>&)’:
/home/duweiyue25/conda/envs/rl4scip/lib/python3.11/site-packages/torch/include/torch/csrc/jit/frontend/sugared_value.h:248:26: warning: unused parameter ‘loc’ [-Wunused-parameter]
  248 |       const SourceRange& loc,
      |       ~~~~~~~~~~~~~~~~~~~^~~
/home/duweiyue25/conda/envs/rl4scip/lib/python3.11/site-packages/torch/include/torch/csrc/jit/frontend/sugared_value.h:249:22: warning: unused parameter ‘m’ [-Wunused-parameter]
  249 |       GraphFunction& m,
      |       ~~~~~~~~~~~~~~~^
/home/duweiyue25/conda/envs/rl4scip/lib/python3.11/site-packages/torch/include/torch/csrc/jit/frontend/sugared_value.h:250:36: warning: unused parameter ‘size_hint’ [-Wunused-parameter]
  250 |       const std::optional<size_t>& size_hint = {}) override {
      |       ~~~~~~~~~~~~~~~~~~~~~~~~~~~~~^~~~~~~~~~~~~~
/home/duweiyue25/conda/envs/rl4scip/lib/python3.11/site-packages/torch/include/torch/csrc/jit/frontend/sugared_value.h: In member function ‘virtual torch::jit::SugaredValuePtr torch::jit::SugaredTupleValue::getitem(const torch::jit::SourceRange&, torch::jit::GraphFunction&, torch::jit::Value*, c10::TypePtr)’:
/home/duweiyue25/conda/envs/rl4scip/lib/python3.11/site-packages/torch/include/torch/csrc/jit/frontend/sugared_value.h:270:22: warning: unused parameter ‘m’ [-Wunused-parameter]
  270 |       GraphFunction& m,
      |       ~~~~~~~~~~~~~~~^
/home/duweiyue25/conda/envs/rl4scip/lib/python3.11/site-packages/torch/include/torch/csrc/jit/frontend/sugared_value.h:272:15: warning: unused parameter ‘type_hint’ [-Wunused-parameter]
  272 |       TypePtr type_hint = nullptr) override {
      |       ~~~~~~~~^~~~~~~~~~~~~~~~~~~
/home/duweiyue25/conda/envs/rl4scip/lib/python3.11/site-packages/torch/include/torch/csrc/jit/frontend/sugared_value.h: In member function ‘virtual std::shared_ptr<torch::jit::SugaredValue> torch::jit::SugaredTupleValue::iter(const torch::jit::SourceRange&, torch::jit::GraphFunction&)’:
/home/duweiyue25/conda/envs/rl4scip/lib/python3.11/site-packages/torch/include/torch/csrc/jit/frontend/sugared_value.h:295:57: warning: unused parameter ‘loc’ [-Wunused-parameter]
  295 |   std::shared_ptr<SugaredValue> iter(const SourceRange& loc, GraphFunction& m)
      |                                      ~~~~~~~~~~~~~~~~~~~^~~
/home/duweiyue25/conda/envs/rl4scip/lib/python3.11/site-packages/torch/include/torch/csrc/jit/frontend/sugared_value.h:295:77: warning: unused parameter ‘m’ [-Wunused-parameter]
  295 |   std::shared_ptr<SugaredValue> iter(const SourceRange& loc, GraphFunction& m)
      |                                                              ~~~~~~~~~~~~~~~^
/home/duweiyue25/conda/envs/rl4scip/lib/python3.11/site-packages/torch/include/torch/csrc/jit/frontend/sugared_value.h: In member function ‘virtual std::shared_ptr<torch::jit::SugaredValue> torch::jit::BuiltinModule::attr(const torch::jit::SourceRange&, torch::jit::GraphFunction&, const string&)’:
/home/duweiyue25/conda/envs/rl4scip/lib/python3.11/site-packages/torch/include/torch/csrc/jit/frontend/sugared_value.h:318:26: warning: unused parameter ‘loc’ [-Wunused-parameter]
  318 |       const SourceRange& loc,
      |       ~~~~~~~~~~~~~~~~~~~^~~
/home/duweiyue25/conda/envs/rl4scip/lib/python3.11/site-packages/torch/include/torch/csrc/jit/frontend/sugared_value.h:319:22: warning: unused parameter ‘m’ [-Wunused-parameter]
  319 |       GraphFunction& m,
      |       ~~~~~~~~~~~~~~~^
/home/duweiyue25/conda/envs/rl4scip/lib/python3.11/site-packages/torch/include/torch/csrc/jit/frontend/sugared_value.h: In member function ‘virtual std::shared_ptr<torch::jit::SugaredValue> torch::jit::FunctionValue::call(const torch::jit::SourceRange&, torch::jit::GraphFunction&, c10::ArrayRef<torch::jit::NamedValue>, c10::ArrayRef<torch::jit::NamedValue>, size_t)’:
/home/duweiyue25/conda/envs/rl4scip/lib/python3.11/site-packages/torch/include/torch/csrc/jit/frontend/sugared_value.h:403:14: warning: unused parameter ‘n_binders’ [-Wunused-parameter]
  403 |       size_t n_binders) override {
      |       ~~~~~~~^~~~~~~~~
In file included from /home/duweiyue25/conda/envs/rl4scip/lib/python3.11/site-packages/torch/include/torch/csrc/jit/runtime/graph_executor.h:9,
                 from /home/duweiyue25/conda/envs/rl4scip/lib/python3.11/site-packages/torch/include/torch/csrc/jit/api/function_impl.h:5,
                 from /home/duweiyue25/conda/envs/rl4scip/lib/python3.11/site-packages/torch/include/torch/csrc/jit/api/method.h:7,
                 from /home/duweiyue25/conda/envs/rl4scip/lib/python3.11/site-packages/torch/include/torch/csrc/jit/api/object.h:5,
                 from /home/duweiyue25/conda/envs/rl4scip/lib/python3.11/site-packages/torch/include/torch/csrc/jit/api/module.h:4,
                 from /home/duweiyue25/conda/envs/rl4scip/lib/python3.11/site-packages/torch/include/torch/csrc/jit/serialization/import.h:5,
                 from /home/duweiyue25/conda/envs/rl4scip/lib/python3.11/site-packages/torch/include/torch/script.h:9,
                 from /home/duweiyue25/acyclic_cable_harness/src/rl/gcnn_model_runner.cpp:10:
/home/duweiyue25/conda/envs/rl4scip/lib/python3.11/site-packages/torch/include/torch/csrc/jit/runtime/interpreter.h: In constructor ‘torch::jit::InterpreterContinuation::InterpreterContinuation(torch::jit::InterpreterState, torch::jit::Stack, int64_t, std::optional<at::ThreadLocalState>)’:
/home/duweiyue25/conda/envs/rl4scip/lib/python3.11/site-packages/torch/include/torch/csrc/jit/runtime/interpreter.h:126:15: warning: unused parameter ‘dist_autograd_context_id’ [-Wunused-parameter]
  126 |       int64_t dist_autograd_context_id = 0,
      |       ~~~~~~~~^~~~~~~~~~~~~~~~~~~~~~~~~~~~
In file included from /home/duweiyue25/conda/envs/rl4scip/lib/python3.11/site-packages/torch/include/torch/csrc/jit/api/module.h:13,
                 from /home/duweiyue25/conda/envs/rl4scip/lib/python3.11/site-packages/torch/include/torch/csrc/jit/serialization/import.h:5,
                 from /home/duweiyue25/conda/envs/rl4scip/lib/python3.11/site-packages/torch/include/torch/script.h:9,
                 from /home/duweiyue25/acyclic_cable_harness/src/rl/gcnn_model_runner.cpp:10:
/home/duweiyue25/conda/envs/rl4scip/lib/python3.11/site-packages/torch/include/torch/csrc/jit/api/compilation_unit.h: In member function ‘void torch::jit::CompilationUnit::set_optimized(bool)’:
/home/duweiyue25/conda/envs/rl4scip/lib/python3.11/site-packages/torch/include/torch/csrc/jit/api/compilation_unit.h:73:27: warning: unused parameter ‘o’ [-Wunused-parameter]
   73 |   void set_optimized(bool o) {
      |                      ~~~~~^
In file included from /home/duweiyue25/conda/envs/rl4scip/lib/python3.11/site-packages/torch/include/torch/csrc/jit/serialization/import.h:5,
                 from /home/duweiyue25/conda/envs/rl4scip/lib/python3.11/site-packages/torch/include/torch/script.h:9,
                 from /home/duweiyue25/acyclic_cable_harness/src/rl/gcnn_model_runner.cpp:10:
/home/duweiyue25/conda/envs/rl4scip/lib/python3.11/site-packages/torch/include/torch/csrc/jit/api/module.h: In member function ‘void torch::jit::Module::set_optimized(bool)’:
/home/duweiyue25/conda/envs/rl4scip/lib/python3.11/site-packages/torch/include/torch/csrc/jit/api/module.h:102:27: warning: unused parameter ‘o’ [-Wunused-parameter]
  102 |   void set_optimized(bool o) {
      |                      ~~~~~^
/home/duweiyue25/conda/envs/rl4scip/lib/python3.11/site-packages/torch/include/torch/csrc/jit/api/module.h: In static member function ‘static torch::jit::detail::ModulePolicy::value_type torch::jit::detail::ModulePolicy::create(const std::vector<torch::jit::detail::SlotCursor>&, c10::IValue)’:
/home/duweiyue25/conda/envs/rl4scip/lib/python3.11/site-packages/torch/include/torch/csrc/jit/api/module.h:585:46: warning: unused parameter ‘cursors’ [-Wunused-parameter]
  585 |       const std::vector<detail::SlotCursor>& cursors,
      |       ~~~~~~~~~~~~~~~~~~~~~~~~~~~~~~~~~~~~~~~^~~~~~~
/home/duweiyue25/conda/envs/rl4scip/lib/python3.11/site-packages/torch/include/torch/csrc/jit/api/module.h: In static member function ‘static bool torch::jit::detail::ModulePolicy::valid(const ClassTypePtr&, size_t, const c10::IValue&)’:
/home/duweiyue25/conda/envs/rl4scip/lib/python3.11/site-packages/torch/include/torch/csrc/jit/api/module.h:591:70: warning: unused parameter ‘v’ [-Wunused-parameter]
  591 |   static bool valid(const ClassTypePtr& typ, size_t i, const IValue& v) {
      |                                                        ~~~~~~~~~~~~~~^
/home/duweiyue25/conda/envs/rl4scip/lib/python3.11/site-packages/torch/include/torch/csrc/jit/api/module.h: In static member function ‘static torch::jit::detail::ParameterPolicy::value_type torch::jit::detail::ParameterPolicy::create(const std::vector<torch::jit::detail::SlotCursor>&, c10::IValue)’:
/home/duweiyue25/conda/envs/rl4scip/lib/python3.11/site-packages/torch/include/torch/csrc/jit/api/module.h:602:46: warning: unused parameter ‘cursors’ [-Wunused-parameter]
  602 |       const std::vector<detail::SlotCursor>& cursors,
      |       ~~~~~~~~~~~~~~~~~~~~~~~~~~~~~~~~~~~~~~~^~~~~~~
/home/duweiyue25/conda/envs/rl4scip/lib/python3.11/site-packages/torch/include/torch/csrc/jit/api/module.h: In static member function ‘static torch::jit::detail::BufferPolicy::value_type torch::jit::detail::BufferPolicy::create(const std::vector<torch::jit::detail::SlotCursor>&, c10::IValue)’:
/home/duweiyue25/conda/envs/rl4scip/lib/python3.11/site-packages/torch/include/torch/csrc/jit/api/module.h:615:46: warning: unused parameter ‘cursors’ [-Wunused-parameter]
  615 |       const std::vector<detail::SlotCursor>& cursors,
      |       ~~~~~~~~~~~~~~~~~~~~~~~~~~~~~~~~~~~~~~~^~~~~~~
/home/duweiyue25/conda/envs/rl4scip/lib/python3.11/site-packages/torch/include/torch/csrc/jit/api/module.h: In static member function ‘static bool torch::jit::detail::BufferPolicy::valid(const ClassTypePtr&, size_t, const c10::IValue&)’:
/home/duweiyue25/conda/envs/rl4scip/lib/python3.11/site-packages/torch/include/torch/csrc/jit/api/module.h:619:70: warning: unused parameter ‘v’ [-Wunused-parameter]
  619 |   static bool valid(const ClassTypePtr& typ, size_t i, const IValue& v) {
      |                                                        ~~~~~~~~~~~~~~^
/home/duweiyue25/conda/envs/rl4scip/lib/python3.11/site-packages/torch/include/torch/csrc/jit/api/module.h: In static member function ‘static torch::jit::detail::AttributePolicy::value_type torch::jit::detail::AttributePolicy::create(const std::vector<torch::jit::detail::SlotCursor>&, c10::IValue)’:
/home/duweiyue25/conda/envs/rl4scip/lib/python3.11/site-packages/torch/include/torch/csrc/jit/api/module.h:629:46: warning: unused parameter ‘cursors’ [-Wunused-parameter]
  629 |       const std::vector<detail::SlotCursor>& cursors,
      |       ~~~~~~~~~~~~~~~~~~~~~~~~~~~~~~~~~~~~~~~^~~~~~~
/home/duweiyue25/conda/envs/rl4scip/lib/python3.11/site-packages/torch/include/torch/csrc/jit/api/module.h: In static member function ‘static bool torch::jit::detail::AttributePolicy::valid(const ClassTypePtr&, size_t, const c10::IValue&)’:
/home/duweiyue25/conda/envs/rl4scip/lib/python3.11/site-packages/torch/include/torch/csrc/jit/api/module.h:633:41: warning: unused parameter ‘typ’ [-Wunused-parameter]
  633 |   static bool valid(const ClassTypePtr& typ, size_t i, const IValue& v) {
      |                     ~~~~~~~~~~~~~~~~~~~~^~~
/home/duweiyue25/conda/envs/rl4scip/lib/python3.11/site-packages/torch/include/torch/csrc/jit/api/module.h:633:53: warning: unused parameter ‘i’ [-Wunused-parameter]
  633 |   static bool valid(const ClassTypePtr& typ, size_t i, const IValue& v) {
      |                                              ~~~~~~~^
/home/duweiyue25/conda/envs/rl4scip/lib/python3.11/site-packages/torch/include/torch/csrc/jit/api/module.h:633:70: warning: unused parameter ‘v’ [-Wunused-parameter]
  633 |   static bool valid(const ClassTypePtr& typ, size_t i, const IValue& v) {
      |                                                        ~~~~~~~~~~~~~~^
In file included from /home/duweiyue25/conda/envs/rl4scip/lib/python3.11/site-packages/torch/include/torch/csrc/jit/frontend/resolver.h:5,
                 from /home/duweiyue25/conda/envs/rl4scip/lib/python3.11/site-packages/torch/include/torch/csrc/jit/frontend/script_type_parser.h:4,
                 from /home/duweiyue25/conda/envs/rl4scip/lib/python3.11/site-packages/torch/include/torch/csrc/jit/serialization/unpickler.h:7,
                 from /home/duweiyue25/conda/envs/rl4scip/lib/python3.11/site-packages/torch/include/torch/csrc/jit/serialization/pickle.h:8,
                 from /home/duweiyue25/conda/envs/rl4scip/lib/python3.11/site-packages/torch/include/torch/script.h:10,
                 from /home/duweiyue25/acyclic_cable_harness/src/rl/gcnn_model_runner.cpp:10:
/home/duweiyue25/conda/envs/rl4scip/lib/python3.11/site-packages/torch/include/torch/csrc/jit/frontend/sugared_value.h: In member function ‘virtual torch::jit::Value* torch::jit::SugaredValue::asValue(const torch::jit::SourceRange&, torch::jit::GraphFunction&)’:
/home/duweiyue25/conda/envs/rl4scip/lib/python3.11/site-packages/torch/include/torch/csrc/jit/frontend/sugared_value.h:34:65: warning: unused parameter ‘m’ [-Wunused-parameter]
   34 |   virtual Value* asValue(const SourceRange& loc, GraphFunction& m) {
      |                                                  ~~~~~~~~~~~~~~~^
/home/duweiyue25/conda/envs/rl4scip/lib/python3.11/site-packages/torch/include/torch/csrc/jit/frontend/sugared_value.h: In member function ‘virtual std::shared_ptr<torch::jit::SugaredValue> torch::jit::SugaredValue::attr(const torch::jit::SourceRange&, torch::jit::GraphFunction&, const string&)’:
/home/duweiyue25/conda/envs/rl4scip/lib/python3.11/site-packages/torch/include/torch/csrc/jit/frontend/sugared_value.h:41:22: warning: unused parameter ‘m’ [-Wunused-parameter]
   41 |       GraphFunction& m,
      |       ~~~~~~~~~~~~~~~^
/home/duweiyue25/conda/envs/rl4scip/lib/python3.11/site-packages/torch/include/torch/csrc/jit/frontend/sugared_value.h:42:26: warning: unused parameter ‘field’ [-Wunused-parameter]
   42 |       const std::string& field) {
      |       ~~~~~~~~~~~~~~~~~~~^~~~~
/home/duweiyue25/conda/envs/rl4scip/lib/python3.11/site-packages/torch/include/torch/csrc/jit/frontend/sugared_value.h: In member function ‘virtual bool torch::jit::SugaredValue::hasAttr(const torch::jit::SourceRange&, torch::jit::GraphFunction&, const string&)’:
/home/duweiyue25/conda/envs/rl4scip/lib/python3.11/site-packages/torch/include/torch/csrc/jit/frontend/sugared_value.h:48:22: warning: unused parameter ‘m’ [-Wunused-parameter]
   48 |       GraphFunction& m,
      |       ~~~~~~~~~~~~~~~^
/home/duweiyue25/conda/envs/rl4scip/lib/python3.11/site-packages/torch/include/torch/csrc/jit/frontend/sugared_value.h:49:26: warning: unused parameter ‘field’ [-Wunused-parameter]
   49 |       const std::string& field) {
      |       ~~~~~~~~~~~~~~~~~~~^~~~~
/home/duweiyue25/conda/envs/rl4scip/lib/python3.11/site-packages/torch/include/torch/csrc/jit/frontend/sugared_value.h: In member function ‘virtual void torch::jit::SugaredValue::setAttr(const torch::jit::SourceRange&, torch::jit::GraphFunction&, const string&, torch::jit::Value*)’:
/home/duweiyue25/conda/envs/rl4scip/lib/python3.11/site-packages/torch/include/torch/csrc/jit/frontend/sugared_value.h:56:22: warning: unused parameter ‘m’ [-Wunused-parameter]
   56 |       GraphFunction& m,
      |       ~~~~~~~~~~~~~~~^
/home/duweiyue25/conda/envs/rl4scip/lib/python3.11/site-packages/torch/include/torch/csrc/jit/frontend/sugared_value.h:57:26: warning: unused parameter ‘field’ [-Wunused-parameter]
   57 |       const std::string& field,
      |       ~~~~~~~~~~~~~~~~~~~^~~~~
/home/duweiyue25/conda/envs/rl4scip/lib/python3.11/site-packages/torch/include/torch/csrc/jit/frontend/sugared_value.h:58:14: warning: unused parameter ‘newValue’ [-Wunused-parameter]
   58 |       Value* newValue) {
      |       ~~~~~~~^~~~~~~~
/home/duweiyue25/conda/envs/rl4scip/lib/python3.11/site-packages/torch/include/torch/csrc/jit/frontend/sugared_value.h: In member function ‘virtual std::vector<std::shared_ptr<torch::jit::SugaredValue> > torch::jit::SugaredValue::asTuple(const torch::jit::SourceRange&, torch::jit::GraphFunction&, const std::optional<long unsigned int>&)’:
/home/duweiyue25/conda/envs/rl4scip/lib/python3.11/site-packages/torch/include/torch/csrc/jit/frontend/sugared_value.h:68:22: warning: unused parameter ‘m’ [-Wunused-parameter]
   68 |       GraphFunction& m,
      |       ~~~~~~~~~~~~~~~^
/home/duweiyue25/conda/envs/rl4scip/lib/python3.11/site-packages/torch/include/torch/csrc/jit/frontend/sugared_value.h:69:36: warning: unused parameter ‘size_hint’ [-Wunused-parameter]
   69 |       const std::optional<size_t>& size_hint = {}) {
      |       ~~~~~~~~~~~~~~~~~~~~~~~~~~~~~^~~~~~~~~~~~~~
/home/duweiyue25/conda/envs/rl4scip/lib/python3.11/site-packages/torch/include/torch/csrc/jit/frontend/sugared_value.h: In member function ‘virtual torch::jit::SugaredValuePtr torch::jit::SugaredValue::asTupleValue(const torch::jit::SourceRange&, torch::jit::GraphFunction&)’:
/home/duweiyue25/conda/envs/rl4scip/lib/python3.11/site-packages/torch/include/torch/csrc/jit/frontend/sugared_value.h:76:22: warning: unused parameter ‘m’ [-Wunused-parameter]
   76 |       GraphFunction& m) {
      |       ~~~~~~~~~~~~~~~^
/home/duweiyue25/conda/envs/rl4scip/lib/python3.11/site-packages/torch/include/torch/csrc/jit/frontend/sugared_value.h: In member function ‘virtual std::vector<std::shared_ptr<torch::jit::SugaredValue> > torch::jit::SugaredValue::asType(const torch::jit::SourceRange&, torch::jit::Method&)’:
/home/duweiyue25/conda/envs/rl4scip/lib/python3.11/site-packages/torch/include/torch/csrc/jit/frontend/sugared_value.h:82:15: warning: unused parameter ‘m’ [-Wunused-parameter]
   82 |       Method& m) {
      |       ~~~~~~~~^
/home/duweiyue25/conda/envs/rl4scip/lib/python3.11/site-packages/torch/include/torch/csrc/jit/frontend/sugared_value.h: In member function ‘virtual std::shared_ptr<torch::jit::SugaredValue> torch::jit::SugaredValue::call(const torch::jit::SourceRange&, torch::jit::GraphFunction&, c10::ArrayRef<torch::jit::NamedValue>, c10::ArrayRef<torch::jit::NamedValue>, size_t)’:
/home/duweiyue25/conda/envs/rl4scip/lib/python3.11/site-packages/torch/include/torch/csrc/jit/frontend/sugared_value.h:89:22: warning: unused parameter ‘m’ [-Wunused-parameter]
   89 |       GraphFunction& m,
      |       ~~~~~~~~~~~~~~~^
/home/duweiyue25/conda/envs/rl4scip/lib/python3.11/site-packages/torch/include/torch/csrc/jit/frontend/sugared_value.h:91:32: warning: unused parameter ‘args’ [-Wunused-parameter]
   91 |       at::ArrayRef<NamedValue> args,
      |       ~~~~~~~~~~~~~~~~~~~~~~~~~^~~~
/home/duweiyue25/conda/envs/rl4scip/lib/python3.11/site-packages/torch/include/torch/csrc/jit/frontend/sugared_value.h:92:32: warning: unused parameter ‘kwargs’ [-Wunused-parameter]
   92 |       at::ArrayRef<NamedValue> kwargs,
      |       ~~~~~~~~~~~~~~~~~~~~~~~~~^~~~~~
/home/duweiyue25/conda/envs/rl4scip/lib/python3.11/site-packages/torch/include/torch/csrc/jit/frontend/sugared_value.h:93:14: warning: unused parameter ‘n_binders’ [-Wunused-parameter]
   93 |       size_t n_binders) {
      |       ~~~~~~~^~~~~~~~~
/home/duweiyue25/conda/envs/rl4scip/lib/python3.11/site-packages/torch/include/torch/csrc/jit/frontend/sugared_value.h: In member function ‘virtual std::shared_ptr<torch::jit::SugaredValue> torch::jit::SugaredValue::iter(const torch::jit::SourceRange&, torch::jit::GraphFunction&)’:
/home/duweiyue25/conda/envs/rl4scip/lib/python3.11/site-packages/torch/include/torch/csrc/jit/frontend/sugared_value.h:115:22: warning: unused parameter ‘m’ [-Wunused-parameter]
  115 |       GraphFunction& m) {
      |       ~~~~~~~~~~~~~~~^
/home/duweiyue25/conda/envs/rl4scip/lib/python3.11/site-packages/torch/include/torch/csrc/jit/frontend/sugared_value.h: In member function ‘virtual torch::jit::Value* torch::jit::SugaredValue::len(const torch::jit::SourceRange&, torch::jit::GraphFunction&)’:
/home/duweiyue25/conda/envs/rl4scip/lib/python3.11/site-packages/torch/include/torch/csrc/jit/frontend/sugared_value.h:137:61: warning: unused parameter ‘m’ [-Wunused-parameter]
  137 |   virtual Value* len(const SourceRange& loc, GraphFunction& m) {
      |                                              ~~~~~~~~~~~~~~~^
/home/duweiyue25/conda/envs/rl4scip/lib/python3.11/site-packages/torch/include/torch/csrc/jit/frontend/sugared_value.h: In member function ‘virtual std::shared_ptr<torch::jit::SugaredValue> torch::jit::SugaredValue::getitem(const torch::jit::SourceRange&, torch::jit::GraphFunction&, torch::jit::Value*, c10::TypePtr)’:
/home/duweiyue25/conda/envs/rl4scip/lib/python3.11/site-packages/torch/include/torch/csrc/jit/frontend/sugared_value.h:146:22: warning: unused parameter ‘m’ [-Wunused-parameter]
  146 |       GraphFunction& m,
      |       ~~~~~~~~~~~~~~~^
/home/duweiyue25/conda/envs/rl4scip/lib/python3.11/site-packages/torch/include/torch/csrc/jit/frontend/sugared_value.h:147:14: warning: unused parameter ‘idx’ [-Wunused-parameter]
  147 |       Value* idx,
      |       ~~~~~~~^~~
/home/duweiyue25/conda/envs/rl4scip/lib/python3.11/site-packages/torch/include/torch/csrc/jit/frontend/sugared_value.h:148:15: warning: unused parameter ‘type_hint’ [-Wunused-parameter]
  148 |       TypePtr type_hint = nullptr) {
      |       ~~~~~~~~^~~~~~~~~~~~~~~~~~~
/home/duweiyue25/conda/envs/rl4scip/lib/python3.11/site-packages/torch/include/torch/csrc/jit/frontend/sugared_value.h: In member function ‘virtual torch::jit::Value* torch::jit::SimpleValue::asValue(const torch::jit::SourceRange&, torch::jit::GraphFunction&)’:
/home/duweiyue25/conda/envs/rl4scip/lib/python3.11/site-packages/torch/include/torch/csrc/jit/frontend/sugared_value.h:167:37: warning: unused parameter ‘range’ [-Wunused-parameter]
  167 |   Value* asValue(const SourceRange& range, GraphFunction& m) override {
      |                  ~~~~~~~~~~~~~~~~~~~^~~~~
/home/duweiyue25/conda/envs/rl4scip/lib/python3.11/site-packages/torch/include/torch/csrc/jit/frontend/sugared_value.h:167:59: warning: unused parameter ‘m’ [-Wunused-parameter]
  167 |   Value* asValue(const SourceRange& range, GraphFunction& m) override {
      |                                            ~~~~~~~~~~~~~~~^
/home/duweiyue25/conda/envs/rl4scip/lib/python3.11/site-packages/torch/include/torch/csrc/jit/frontend/sugared_value.h: In member function ‘virtual std::vector<std::shared_ptr<torch::jit::SugaredValue> > torch::jit::SugaredTupleValue::asTuple(const torch::jit::SourceRange&, torch::jit::GraphFunction&, const std::optional<long unsigned int>&)’:
/home/duweiyue25/conda/envs/rl4scip/lib/python3.11/site-packages/torch/include/torch/csrc/jit/frontend/sugared_value.h:248:26: warning: unused parameter ‘loc’ [-Wunused-parameter]
  248 |       const SourceRange& loc,
      |       ~~~~~~~~~~~~~~~~~~~^~~
/home/duweiyue25/conda/envs/rl4scip/lib/python3.11/site-packages/torch/include/torch/csrc/jit/frontend/sugared_value.h:249:22: warning: unused parameter ‘m’ [-Wunused-parameter]
  249 |       GraphFunction& m,
      |       ~~~~~~~~~~~~~~~^
/home/duweiyue25/conda/envs/rl4scip/lib/python3.11/site-packages/torch/include/torch/csrc/jit/frontend/sugared_value.h:250:36: warning: unused parameter ‘size_hint’ [-Wunused-parameter]
  250 |       const std::optional<size_t>& size_hint = {}) override {
      |       ~~~~~~~~~~~~~~~~~~~~~~~~~~~~~^~~~~~~~~~~~~~
/home/duweiyue25/conda/envs/rl4scip/lib/python3.11/site-packages/torch/include/torch/csrc/jit/frontend/sugared_value.h: In member function ‘virtual torch::jit::SugaredValuePtr torch::jit::SugaredTupleValue::getitem(const torch::jit::SourceRange&, torch::jit::GraphFunction&, torch::jit::Value*, c10::TypePtr)’:
/home/duweiyue25/conda/envs/rl4scip/lib/python3.11/site-packages/torch/include/torch/csrc/jit/frontend/sugared_value.h:270:22: warning: unused parameter ‘m’ [-Wunused-parameter]
  270 |       GraphFunction& m,
      |       ~~~~~~~~~~~~~~~^
/home/duweiyue25/conda/envs/rl4scip/lib/python3.11/site-packages/torch/include/torch/csrc/jit/frontend/sugared_value.h:272:15: warning: unused parameter ‘type_hint’ [-Wunused-parameter]
  272 |       TypePtr type_hint = nullptr) override {
      |       ~~~~~~~~^~~~~~~~~~~~~~~~~~~
/home/duweiyue25/conda/envs/rl4scip/lib/python3.11/site-packages/torch/include/torch/csrc/jit/frontend/sugared_value.h: In member function ‘virtual std::shared_ptr<torch::jit::SugaredValue> torch::jit::SugaredTupleValue::iter(const torch::jit::SourceRange&, torch::jit::GraphFunction&)’:
/home/duweiyue25/conda/envs/rl4scip/lib/python3.11/site-packages/torch/include/torch/csrc/jit/frontend/sugared_value.h:295:57: warning: unused parameter ‘loc’ [-Wunused-parameter]
  295 |   std::shared_ptr<SugaredValue> iter(const SourceRange& loc, GraphFunction& m)
      |                                      ~~~~~~~~~~~~~~~~~~~^~~
/home/duweiyue25/conda/envs/rl4scip/lib/python3.11/site-packages/torch/include/torch/csrc/jit/frontend/sugared_value.h:295:77: warning: unused parameter ‘m’ [-Wunused-parameter]
  295 |   std::shared_ptr<SugaredValue> iter(const SourceRange& loc, GraphFunction& m)
      |                                                              ~~~~~~~~~~~~~~~^
/home/duweiyue25/conda/envs/rl4scip/lib/python3.11/site-packages/torch/include/torch/csrc/jit/frontend/sugared_value.h: In member function ‘virtual std::shared_ptr<torch::jit::SugaredValue> torch::jit::BuiltinModule::attr(const torch::jit::SourceRange&, torch::jit::GraphFunction&, const string&)’:
/home/duweiyue25/conda/envs/rl4scip/lib/python3.11/site-packages/torch/include/torch/csrc/jit/frontend/sugared_value.h:318:26: warning: unused parameter ‘loc’ [-Wunused-parameter]
  318 |       const SourceRange& loc,
      |       ~~~~~~~~~~~~~~~~~~~^~~
/home/duweiyue25/conda/envs/rl4scip/lib/python3.11/site-packages/torch/include/torch/csrc/jit/frontend/sugared_value.h:319:22: warning: unused parameter ‘m’ [-Wunused-parameter]
  319 |       GraphFunction& m,
      |       ~~~~~~~~~~~~~~~^
/home/duweiyue25/conda/envs/rl4scip/lib/python3.11/site-packages/torch/include/torch/csrc/jit/frontend/sugared_value.h: In member function ‘virtual std::shared_ptr<torch::jit::SugaredValue> torch::jit::FunctionValue::call(const torch::jit::SourceRange&, torch::jit::GraphFunction&, c10::ArrayRef<torch::jit::NamedValue>, c10::ArrayRef<torch::jit::NamedValue>, size_t)’:
/home/duweiyue25/conda/envs/rl4scip/lib/python3.11/site-packages/torch/include/torch/csrc/jit/frontend/sugared_value.h:403:14: warning: unused parameter ‘n_binders’ [-Wunused-parameter]
  403 |       size_t n_binders) override {
      |       ~~~~~~~^~~~~~~~~
/home/duweiyue25/conda/envs/rl4scip/lib/python3.11/site-packages/torch/include/torch/csrc/jit/frontend/sugared_value.h: In member function ‘virtual torch::jit::Value* torch::jit::ClosureValue::asValue(const torch::jit::SourceRange&, torch::jit::GraphFunction&)’:
/home/duweiyue25/conda/envs/rl4scip/lib/python3.11/site-packages/torch/include/torch/csrc/jit/frontend/sugared_value.h:440:37: warning: unused parameter ‘range’ [-Wunused-parameter]
  440 |   Value* asValue(const SourceRange& range, GraphFunction& m) override {
      |                  ~~~~~~~~~~~~~~~~~~~^~~~~
/home/duweiyue25/conda/envs/rl4scip/lib/python3.11/site-packages/torch/include/torch/csrc/jit/frontend/sugared_value.h:440:59: warning: unused parameter ‘m’ [-Wunused-parameter]
  440 |   Value* asValue(const SourceRange& range, GraphFunction& m) override {
      |                                            ~~~~~~~~~~~~~~~^
/home/duweiyue25/conda/envs/rl4scip/lib/python3.11/site-packages/torch/include/torch/csrc/jit/frontend/sugared_value.h: In member function ‘virtual std::shared_ptr<torch::jit::SugaredValue> torch::jit::MethodValue::call(const torch::jit::SourceRange&, torch::jit::GraphFunction&, c10::ArrayRef<torch::jit::NamedValue>, c10::ArrayRef<torch::jit::NamedValue>, size_t)’:
/home/duweiyue25/conda/envs/rl4scip/lib/python3.11/site-packages/torch/include/torch/csrc/jit/frontend/sugared_value.h:462:14: warning: unused parameter ‘n_binders’ [-Wunused-parameter]
  462 |       size_t n_binders) override {
      |       ~~~~~~~^~~~~~~~~
/home/duweiyue25/conda/envs/rl4scip/lib/python3.11/site-packages/torch/include/torch/csrc/jit/frontend/sugared_value.h: In member function ‘virtual std::shared_ptr<torch::jit::SugaredValue> torch::jit::TensorCastValue::call(const torch::jit::SourceRange&, torch::jit::GraphFunction&, c10::ArrayRef<torch::jit::NamedValue>, c10::ArrayRef<torch::jit::NamedValue>, size_t)’:
/home/duweiyue25/conda/envs/rl4scip/lib/python3.11/site-packages/torch/include/torch/csrc/jit/frontend/sugared_value.h:558:14: warning: unused parameter ‘n_binders’ [-Wunused-parameter]
  558 |       size_t n_binders) override {
      |       ~~~~~~~^~~~~~~~~
/home/duweiyue25/conda/envs/rl4scip/lib/python3.11/site-packages/torch/include/torch/csrc/jit/frontend/sugared_value.h: In member function ‘virtual std::shared_ptr<torch::jit::SugaredValue> torch::jit::IterableTree::iter(const torch::jit::SourceRange&, torch::jit::GraphFunction&)’:
/home/duweiyue25/conda/envs/rl4scip/lib/python3.11/site-packages/torch/include/torch/csrc/jit/frontend/sugared_value.h:704:57: warning: unused parameter ‘loc’ [-Wunused-parameter]
  704 |   std::shared_ptr<SugaredValue> iter(const SourceRange& loc, GraphFunction& m)
      |                                      ~~~~~~~~~~~~~~~~~~~^~~
/home/duweiyue25/conda/envs/rl4scip/lib/python3.11/site-packages/torch/include/torch/csrc/jit/frontend/sugared_value.h:704:77: warning: unused parameter ‘m’ [-Wunused-parameter]
  704 |   std::shared_ptr<SugaredValue> iter(const SourceRange& loc, GraphFunction& m)
      |                                                              ~~~~~~~~~~~~~~~^
In file included from /home/duweiyue25/conda/envs/rl4scip/lib/python3.11/site-packages/torch/include/torch/csrc/jit/frontend/script_type_parser.h:4,
                 from /home/duweiyue25/conda/envs/rl4scip/lib/python3.11/site-packages/torch/include/torch/csrc/jit/serialization/unpickler.h:7,
                 from /home/duweiyue25/conda/envs/rl4scip/lib/python3.11/site-packages/torch/include/torch/csrc/jit/serialization/pickle.h:8,
                 from /home/duweiyue25/conda/envs/rl4scip/lib/python3.11/site-packages/torch/include/torch/script.h:10,
                 from /home/duweiyue25/acyclic_cable_harness/src/rl/gcnn_model_runner.cpp:10:
/home/duweiyue25/conda/envs/rl4scip/lib/python3.11/site-packages/torch/include/torch/csrc/jit/frontend/resolver.h: In member function ‘virtual std::shared_ptr<torch::jit::SugaredValue> torch::jit::Resolver::resolveValue(const string&, torch::jit::GraphFunction&, const torch::jit::SourceRange&)’:
/home/duweiyue25/conda/envs/rl4scip/lib/python3.11/site-packages/torch/include/torch/csrc/jit/frontend/resolver.h:33:26: warning: unused parameter ‘name’ [-Wunused-parameter]
   33 |       const std::string& name,
      |       ~~~~~~~~~~~~~~~~~~~^~~~
/home/duweiyue25/conda/envs/rl4scip/lib/python3.11/site-packages/torch/include/torch/csrc/jit/frontend/resolver.h:34:22: warning: unused parameter ‘m’ [-Wunused-parameter]
   34 |       GraphFunction& m,
      |       ~~~~~~~~~~~~~~~^
/home/duweiyue25/conda/envs/rl4scip/lib/python3.11/site-packages/torch/include/torch/csrc/jit/frontend/resolver.h:35:26: warning: unused parameter ‘loc’ [-Wunused-parameter]
   35 |       const SourceRange& loc) {
      |       ~~~~~~~~~~~~~~~~~~~^~~
/home/duweiyue25/conda/envs/rl4scip/lib/python3.11/site-packages/torch/include/torch/csrc/jit/frontend/resolver.h: In member function ‘virtual c10::TypePtr torch::jit::Resolver::resolveType(const string&, const torch::jit::SourceRange&)’:
/home/duweiyue25/conda/envs/rl4scip/lib/python3.11/site-packages/torch/include/torch/csrc/jit/frontend/resolver.h:40:50: warning: unused parameter ‘name’ [-Wunused-parameter]
   40 |   virtual TypePtr resolveType(const std::string& name, const SourceRange& loc) {
      |                               ~~~~~~~~~~~~~~~~~~~^~~~
/home/duweiyue25/conda/envs/rl4scip/lib/python3.11/site-packages/torch/include/torch/csrc/jit/frontend/resolver.h:40:75: warning: unused parameter ‘loc’ [-Wunused-parameter]
   40 |   virtual TypePtr resolveType(const std::string& name, const SourceRange& loc) {
      |                                                        ~~~~~~~~~~~~~~~~~~~^~~
/home/duweiyue25/conda/envs/rl4scip/lib/python3.11/site-packages/torch/include/torch/csrc/jit/frontend/resolver.h: In member function ‘virtual std::shared_ptr<torch::jit::SugaredValue> torch::jit::NativeResolver::resolveValue(const string&, torch::jit::GraphFunction&, const torch::jit::SourceRange&)’:
/home/duweiyue25/conda/envs/rl4scip/lib/python3.11/site-packages/torch/include/torch/csrc/jit/frontend/resolver.h:49:22: warning: unused parameter ‘m’ [-Wunused-parameter]
   49 |       GraphFunction& m,
      |       ~~~~~~~~~~~~~~~^
/home/duweiyue25/conda/envs/rl4scip/lib/python3.11/site-packages/torch/include/torch/csrc/jit/frontend/resolver.h:50:26: warning: unused parameter ‘loc’ [-Wunused-parameter]
   50 |       const SourceRange& loc) override {
      |       ~~~~~~~~~~~~~~~~~~~^~~
/home/duweiyue25/conda/envs/rl4scip/lib/python3.11/site-packages/torch/include/torch/csrc/jit/frontend/resolver.h: In member function ‘virtual c10::TypePtr torch::jit::NativeResolver::resolveType(const string&, const torch::jit::SourceRange&)’:
/home/duweiyue25/conda/envs/rl4scip/lib/python3.11/site-packages/torch/include/torch/csrc/jit/frontend/resolver.h:57:42: warning: unused parameter ‘name’ [-Wunused-parameter]
   57 |   TypePtr resolveType(const std::string& name, const SourceRange& loc)
      |                       ~~~~~~~~~~~~~~~~~~~^~~~
/home/duweiyue25/conda/envs/rl4scip/lib/python3.11/site-packages/torch/include/torch/csrc/jit/frontend/resolver.h:57:67: warning: unused parameter ‘loc’ [-Wunused-parameter]
   57 |   TypePtr resolveType(const std::string& name, const SourceRange& loc)
      |                                                ~~~~~~~~~~~~~~~~~~~^~~
/home/duweiyue25/conda/envs/rl4scip/lib/python3.11/site-packages/torch/include/torch/csrc/jit/frontend/sugared_value.h: In member function ‘virtual torch::jit::Value* torch::jit::ClosureValue::asValue(const torch::jit::SourceRange&, torch::jit::GraphFunction&)’:
/home/duweiyue25/conda/envs/rl4scip/lib/python3.11/site-packages/torch/include/torch/csrc/jit/frontend/sugared_value.h:440:37: warning: unused parameter ‘range’ [-Wunused-parameter]
  440 |   Value* asValue(const SourceRange& range, GraphFunction& m) override {
      |                  ~~~~~~~~~~~~~~~~~~~^~~~~
/home/duweiyue25/conda/envs/rl4scip/lib/python3.11/site-packages/torch/include/torch/csrc/jit/frontend/sugared_value.h:440:59: warning: unused parameter ‘m’ [-Wunused-parameter]
  440 |   Value* asValue(const SourceRange& range, GraphFunction& m) override {
      |                                            ~~~~~~~~~~~~~~~^
/home/duweiyue25/conda/envs/rl4scip/lib/python3.11/site-packages/torch/include/torch/csrc/jit/frontend/sugared_value.h: In member function ‘virtual std::shared_ptr<torch::jit::SugaredValue> torch::jit::MethodValue::call(const torch::jit::SourceRange&, torch::jit::GraphFunction&, c10::ArrayRef<torch::jit::NamedValue>, c10::ArrayRef<torch::jit::NamedValue>, size_t)’:
/home/duweiyue25/conda/envs/rl4scip/lib/python3.11/site-packages/torch/include/torch/csrc/jit/frontend/sugared_value.h:462:14: warning: unused parameter ‘n_binders’ [-Wunused-parameter]
  462 |       size_t n_binders) override {
      |       ~~~~~~~^~~~~~~~~
/home/duweiyue25/conda/envs/rl4scip/lib/python3.11/site-packages/torch/include/torch/csrc/jit/frontend/sugared_value.h: In member function ‘virtual std::shared_ptr<torch::jit::SugaredValue> torch::jit::TensorCastValue::call(const torch::jit::SourceRange&, torch::jit::GraphFunction&, c10::ArrayRef<torch::jit::NamedValue>, c10::ArrayRef<torch::jit::NamedValue>, size_t)’:
/home/duweiyue25/conda/envs/rl4scip/lib/python3.11/site-packages/torch/include/torch/csrc/jit/frontend/sugared_value.h:558:14: warning: unused parameter ‘n_binders’ [-Wunused-parameter]
  558 |       size_t n_binders) override {
      |       ~~~~~~~^~~~~~~~~
/home/duweiyue25/conda/envs/rl4scip/lib/python3.11/site-packages/torch/include/torch/csrc/jit/frontend/sugared_value.h: In member function ‘virtual std::shared_ptr<torch::jit::SugaredValue> torch::jit::IterableTree::iter(const torch::jit::SourceRange&, torch::jit::GraphFunction&)’:
/home/duweiyue25/conda/envs/rl4scip/lib/python3.11/site-packages/torch/include/torch/csrc/jit/frontend/sugared_value.h:704:57: warning: unused parameter ‘loc’ [-Wunused-parameter]
  704 |   std::shared_ptr<SugaredValue> iter(const SourceRange& loc, GraphFunction& m)
      |                                      ~~~~~~~~~~~~~~~~~~~^~~
/home/duweiyue25/conda/envs/rl4scip/lib/python3.11/site-packages/torch/include/torch/csrc/jit/frontend/sugared_value.h:704:77: warning: unused parameter ‘m’ [-Wunused-parameter]
  704 |   std::shared_ptr<SugaredValue> iter(const SourceRange& loc, GraphFunction& m)
      |                                                              ~~~~~~~~~~~~~~~^
In file included from /home/duweiyue25/conda/envs/rl4scip/lib/python3.11/site-packages/torch/include/torch/csrc/jit/frontend/script_type_parser.h:4,
                 from /home/duweiyue25/conda/envs/rl4scip/lib/python3.11/site-packages/torch/include/torch/csrc/jit/serialization/unpickler.h:7,
                 from /home/duweiyue25/conda/envs/rl4scip/lib/python3.11/site-packages/torch/include/torch/csrc/jit/serialization/pickle.h:8,
                 from /home/duweiyue25/conda/envs/rl4scip/lib/python3.11/site-packages/torch/include/torch/script.h:10,
                 from /home/duweiyue25/acyclic_cable_harness/src/rl/gcnn_model_runner.cpp:10:
/home/duweiyue25/conda/envs/rl4scip/lib/python3.11/site-packages/torch/include/torch/csrc/jit/frontend/resolver.h: In member function ‘virtual std::shared_ptr<torch::jit::SugaredValue> torch::jit::Resolver::resolveValue(const string&, torch::jit::GraphFunction&, const torch::jit::SourceRange&)’:
/home/duweiyue25/conda/envs/rl4scip/lib/python3.11/site-packages/torch/include/torch/csrc/jit/frontend/resolver.h:33:26: warning: unused parameter ‘name’ [-Wunused-parameter]
   33 |       const std::string& name,
      |       ~~~~~~~~~~~~~~~~~~~^~~~
/home/duweiyue25/conda/envs/rl4scip/lib/python3.11/site-packages/torch/include/torch/csrc/jit/frontend/resolver.h:34:22: warning: unused parameter ‘m’ [-Wunused-parameter]
   34 |       GraphFunction& m,
      |       ~~~~~~~~~~~~~~~^
/home/duweiyue25/conda/envs/rl4scip/lib/python3.11/site-packages/torch/include/torch/csrc/jit/frontend/resolver.h:35:26: warning: unused parameter ‘loc’ [-Wunused-parameter]
   35 |       const SourceRange& loc) {
      |       ~~~~~~~~~~~~~~~~~~~^~~
/home/duweiyue25/conda/envs/rl4scip/lib/python3.11/site-packages/torch/include/torch/csrc/jit/frontend/resolver.h: In member function ‘virtual c10::TypePtr torch::jit::Resolver::resolveType(const string&, const torch::jit::SourceRange&)’:
/home/duweiyue25/conda/envs/rl4scip/lib/python3.11/site-packages/torch/include/torch/csrc/jit/frontend/resolver.h:40:50: warning: unused parameter ‘name’ [-Wunused-parameter]
   40 |   virtual TypePtr resolveType(const std::string& name, const SourceRange& loc) {
      |                               ~~~~~~~~~~~~~~~~~~~^~~~
/home/duweiyue25/conda/envs/rl4scip/lib/python3.11/site-packages/torch/include/torch/csrc/jit/frontend/resolver.h:40:75: warning: unused parameter ‘loc’ [-Wunused-parameter]
   40 |   virtual TypePtr resolveType(const std::string& name, const SourceRange& loc) {
      |                                                        ~~~~~~~~~~~~~~~~~~~^~~
/home/duweiyue25/conda/envs/rl4scip/lib/python3.11/site-packages/torch/include/torch/csrc/jit/frontend/resolver.h: In member function ‘virtual std::shared_ptr<torch::jit::SugaredValue> torch::jit::NativeResolver::resolveValue(const string&, torch::jit::GraphFunction&, const torch::jit::SourceRange&)’:
/home/duweiyue25/conda/envs/rl4scip/lib/python3.11/site-packages/torch/include/torch/csrc/jit/frontend/resolver.h:49:22: warning: unused parameter ‘m’ [-Wunused-parameter]
   49 |       GraphFunction& m,
      |       ~~~~~~~~~~~~~~~^
/home/duweiyue25/conda/envs/rl4scip/lib/python3.11/site-packages/torch/include/torch/csrc/jit/frontend/resolver.h:50:26: warning: unused parameter ‘loc’ [-Wunused-parameter]
   50 |       const SourceRange& loc) override {
      |       ~~~~~~~~~~~~~~~~~~~^~~
/home/duweiyue25/conda/envs/rl4scip/lib/python3.11/site-packages/torch/include/torch/csrc/jit/frontend/resolver.h: In member function ‘virtual c10::TypePtr torch::jit::NativeResolver::resolveType(const string&, const torch::jit::SourceRange&)’:
/home/duweiyue25/conda/envs/rl4scip/lib/python3.11/site-packages/torch/include/torch/csrc/jit/frontend/resolver.h:57:42: warning: unused parameter ‘name’ [-Wunused-parameter]
   57 |   TypePtr resolveType(const std::string& name, const SourceRange& loc)
      |                       ~~~~~~~~~~~~~~~~~~~^~~~
/home/duweiyue25/conda/envs/rl4scip/lib/python3.11/site-packages/torch/include/torch/csrc/jit/frontend/resolver.h:57:67: warning: unused parameter ‘loc’ [-Wunused-parameter]
   57 |   TypePtr resolveType(const std::string& name, const SourceRange& loc)
      |                                                ~~~~~~~~~~~~~~~~~~~^~~
In file included from /home/duweiyue25/SCIP/scipoptsuite-8.0.4/scip/src/objscip/objcloneable.h:37,
                 from /home/duweiyue25/SCIP/scipoptsuite-8.0.4/scip/src/objscip/objbranchrule.h:41,
                 from /home/duweiyue25/acyclic_cable_harness/src/rl/rl_gcnn_branchrule.hpp:8,
                 from /home/duweiyue25/acyclic_cable_harness/src/rl/rl_gcnn_branchrule.cpp:1:
/home/duweiyue25/SCIP/scipoptsuite-8.0.4/scip/src/objscip/objcloneable.h: In member function ‘virtual scip::ObjCloneable* scip::ObjCloneable::clone(SCIP*) const’:
/home/duweiyue25/SCIP/scipoptsuite-8.0.4/scip/src/objscip/type_objcloneable.h:41:49: warning: unused parameter ‘scip’ [-Wunused-parameter]
   41 | #define SCIP_DECL_OBJCLONEABLECLONE(x) x (SCIP* scip) const
      |                                           ~~~~~~^~~~
/home/duweiyue25/SCIP/scipoptsuite-8.0.4/scip/src/objscip/objcloneable.h:58:15: note: in expansion of macro ‘SCIP_DECL_OBJCLONEABLECLONE’
   58 |       virtual SCIP_DECL_OBJCLONEABLECLONE(ObjCloneable* clone)
      |               ^~~~~~~~~~~~~~~~~~~~~~~~~~~
In file included from /home/duweiyue25/SCIP/scipoptsuite-8.0.4/scip/src/scip/scip.h:61,
                 from /home/duweiyue25/SCIP/scipoptsuite-8.0.4/scip/src/objscip/objbranchrule.h:40,
                 from /home/duweiyue25/acyclic_cable_harness/src/rl/rl_gcnn_branchrule.hpp:8,
                 from /home/duweiyue25/acyclic_cable_harness/src/rl/rl_gcnn_branchrule.cpp:1:
/home/duweiyue25/SCIP/scipoptsuite-8.0.4/scip/src/objscip/objbranchrule.h: In member function ‘virtual SCIP_RETCODE scip::ObjBranchrule::scip_free(SCIP*, SCIP_BRANCHRULE*)’:
/home/duweiyue25/SCIP/scipoptsuite-8.0.4/scip/src/scip/type_branch.h:75:55: warning: unused parameter ‘scip’ [-Wunused-parameter]
   75 | #define SCIP_DECL_BRANCHFREE(x) SCIP_RETCODE x (SCIP* scip, SCIP_BRANCHRULE* branchrule)
      |                                                 ~~~~~~^~~~
/home/duweiyue25/SCIP/scipoptsuite-8.0.4/scip/src/objscip/objbranchrule.h:142:12: note: in expansion of macro ‘SCIP_DECL_BRANCHFREE’
  142 |    virtual SCIP_DECL_BRANCHFREE(scip_free)
      |            ^~~~~~~~~~~~~~~~~~~~
/home/duweiyue25/SCIP/scipoptsuite-8.0.4/scip/src/scip/type_branch.h:75:78: warning: unused parameter ‘branchrule’ [-Wunused-parameter]
   75 | #define SCIP_DECL_BRANCHFREE(x) SCIP_RETCODE x (SCIP* scip, SCIP_BRANCHRULE* branchrule)
      |                                                             ~~~~~~~~~~~~~~~~~^~~~~~~~~~
/home/duweiyue25/SCIP/scipoptsuite-8.0.4/scip/src/objscip/objbranchrule.h:142:12: note: in expansion of macro ‘SCIP_DECL_BRANCHFREE’
  142 |    virtual SCIP_DECL_BRANCHFREE(scip_free)
      |            ^~~~~~~~~~~~~~~~~~~~
/home/duweiyue25/SCIP/scipoptsuite-8.0.4/scip/src/objscip/objbranchrule.h: In member function ‘virtual SCIP_RETCODE scip::ObjBranchrule::scip_init(SCIP*, SCIP_BRANCHRULE*)’:
/home/duweiyue25/SCIP/scipoptsuite-8.0.4/scip/src/scip/type_branch.h:83:55: warning: unused parameter ‘scip’ [-Wunused-parameter]
   83 | #define SCIP_DECL_BRANCHINIT(x) SCIP_RETCODE x (SCIP* scip, SCIP_BRANCHRULE* branchrule)
      |                                                 ~~~~~~^~~~
/home/duweiyue25/SCIP/scipoptsuite-8.0.4/scip/src/objscip/objbranchrule.h:151:12: note: in expansion of macro ‘SCIP_DECL_BRANCHINIT’
  151 |    virtual SCIP_DECL_BRANCHINIT(scip_init)
      |            ^~~~~~~~~~~~~~~~~~~~
/home/duweiyue25/SCIP/scipoptsuite-8.0.4/scip/src/scip/type_branch.h:83:78: warning: unused parameter ‘branchrule’ [-Wunused-parameter]
   83 | #define SCIP_DECL_BRANCHINIT(x) SCIP_RETCODE x (SCIP* scip, SCIP_BRANCHRULE* branchrule)
      |                                                             ~~~~~~~~~~~~~~~~~^~~~~~~~~~
/home/duweiyue25/SCIP/scipoptsuite-8.0.4/scip/src/objscip/objbranchrule.h:151:12: note: in expansion of macro ‘SCIP_DECL_BRANCHINIT’
  151 |    virtual SCIP_DECL_BRANCHINIT(scip_init)
      |            ^~~~~~~~~~~~~~~~~~~~
/home/duweiyue25/SCIP/scipoptsuite-8.0.4/scip/src/objscip/objbranchrule.h: In member function ‘virtual SCIP_RETCODE scip::ObjBranchrule::scip_exit(SCIP*, SCIP_BRANCHRULE*)’:
/home/duweiyue25/SCIP/scipoptsuite-8.0.4/scip/src/scip/type_branch.h:91:55: warning: unused parameter ‘scip’ [-Wunused-parameter]
   91 | #define SCIP_DECL_BRANCHEXIT(x) SCIP_RETCODE x (SCIP* scip, SCIP_BRANCHRULE* branchrule)
      |                                                 ~~~~~~^~~~
/home/duweiyue25/SCIP/scipoptsuite-8.0.4/scip/src/objscip/objbranchrule.h:160:12: note: in expansion of macro ‘SCIP_DECL_BRANCHEXIT’
  160 |    virtual SCIP_DECL_BRANCHEXIT(scip_exit)
      |            ^~~~~~~~~~~~~~~~~~~~
/home/duweiyue25/SCIP/scipoptsuite-8.0.4/scip/src/scip/type_branch.h:91:78: warning: unused parameter ‘branchrule’ [-Wunused-parameter]
   91 | #define SCIP_DECL_BRANCHEXIT(x) SCIP_RETCODE x (SCIP* scip, SCIP_BRANCHRULE* branchrule)
      |                                                             ~~~~~~~~~~~~~~~~~^~~~~~~~~~
/home/duweiyue25/SCIP/scipoptsuite-8.0.4/scip/src/objscip/objbranchrule.h:160:12: note: in expansion of macro ‘SCIP_DECL_BRANCHEXIT’
  160 |    virtual SCIP_DECL_BRANCHEXIT(scip_exit)
      |            ^~~~~~~~~~~~~~~~~~~~
/home/duweiyue25/SCIP/scipoptsuite-8.0.4/scip/src/objscip/objbranchrule.h: In member function ‘virtual SCIP_RETCODE scip::ObjBranchrule::scip_initsol(SCIP*, SCIP_BRANCHRULE*)’:
/home/duweiyue25/SCIP/scipoptsuite-8.0.4/scip/src/scip/type_branch.h:102:58: warning: unused parameter ‘scip’ [-Wunused-parameter]
  102 | #define SCIP_DECL_BRANCHINITSOL(x) SCIP_RETCODE x (SCIP* scip, SCIP_BRANCHRULE* branchrule)
      |                                                    ~~~~~~^~~~
/home/duweiyue25/SCIP/scipoptsuite-8.0.4/scip/src/objscip/objbranchrule.h:169:12: note: in expansion of macro ‘SCIP_DECL_BRANCHINITSOL’
  169 |    virtual SCIP_DECL_BRANCHINITSOL(scip_initsol)
      |            ^~~~~~~~~~~~~~~~~~~~~~~
/home/duweiyue25/SCIP/scipoptsuite-8.0.4/scip/src/scip/type_branch.h:102:81: warning: unused parameter ‘branchrule’ [-Wunused-parameter]
  102 | #define SCIP_DECL_BRANCHINITSOL(x) SCIP_RETCODE x (SCIP* scip, SCIP_BRANCHRULE* branchrule)
      |                                                                ~~~~~~~~~~~~~~~~~^~~~~~~~~~
/home/duweiyue25/SCIP/scipoptsuite-8.0.4/scip/src/objscip/objbranchrule.h:169:12: note: in expansion of macro ‘SCIP_DECL_BRANCHINITSOL’
  169 |    virtual SCIP_DECL_BRANCHINITSOL(scip_initsol)
      |            ^~~~~~~~~~~~~~~~~~~~~~~
/home/duweiyue25/SCIP/scipoptsuite-8.0.4/scip/src/objscip/objbranchrule.h: In member function ‘virtual SCIP_RETCODE scip::ObjBranchrule::scip_exitsol(SCIP*, SCIP_BRANCHRULE*)’:
/home/duweiyue25/SCIP/scipoptsuite-8.0.4/scip/src/scip/type_branch.h:113:58: warning: unused parameter ‘scip’ [-Wunused-parameter]
  113 | #define SCIP_DECL_BRANCHEXITSOL(x) SCIP_RETCODE x (SCIP* scip, SCIP_BRANCHRULE* branchrule)
      |                                                    ~~~~~~^~~~
/home/duweiyue25/SCIP/scipoptsuite-8.0.4/scip/src/objscip/objbranchrule.h:178:12: note: in expansion of macro ‘SCIP_DECL_BRANCHEXITSOL’
  178 |    virtual SCIP_DECL_BRANCHEXITSOL(scip_exitsol)
      |            ^~~~~~~~~~~~~~~~~~~~~~~
/home/duweiyue25/SCIP/scipoptsuite-8.0.4/scip/src/scip/type_branch.h:113:81: warning: unused parameter ‘branchrule’ [-Wunused-parameter]
  113 | #define SCIP_DECL_BRANCHEXITSOL(x) SCIP_RETCODE x (SCIP* scip, SCIP_BRANCHRULE* branchrule)
      |                                                                ~~~~~~~~~~~~~~~~~^~~~~~~~~~
/home/duweiyue25/SCIP/scipoptsuite-8.0.4/scip/src/objscip/objbranchrule.h:178:12: note: in expansion of macro ‘SCIP_DECL_BRANCHEXITSOL’
  178 |    virtual SCIP_DECL_BRANCHEXITSOL(scip_exitsol)
      |            ^~~~~~~~~~~~~~~~~~~~~~~
/home/duweiyue25/SCIP/scipoptsuite-8.0.4/scip/src/objscip/objbranchrule.h: In member function ‘virtual SCIP_RETCODE scip::ObjBranchrule::scip_execlp(SCIP*, SCIP_BRANCHRULE*, unsigned int, SCIP_RESULT*)’:
/home/duweiyue25/SCIP/scipoptsuite-8.0.4/scip/src/scip/type_branch.h:134:57: warning: unused parameter ‘scip’ [-Wunused-parameter]
  134 | #define SCIP_DECL_BRANCHEXECLP(x) SCIP_RETCODE x (SCIP* scip, SCIP_BRANCHRULE* branchrule, SCIP_Bool allowaddcons, SCIP_RESULT* result)
      |                                                   ~~~~~~^~~~
/home/duweiyue25/SCIP/scipoptsuite-8.0.4/scip/src/objscip/objbranchrule.h:187:12: note: in expansion of macro ‘SCIP_DECL_BRANCHEXECLP’
  187 |    virtual SCIP_DECL_BRANCHEXECLP(scip_execlp)
      |            ^~~~~~~~~~~~~~~~~~~~~~
/home/duweiyue25/SCIP/scipoptsuite-8.0.4/scip/src/scip/type_branch.h:134:80: warning: unused parameter ‘branchrule’ [-Wunused-parameter]
  134 | #define SCIP_DECL_BRANCHEXECLP(x) SCIP_RETCODE x (SCIP* scip, SCIP_BRANCHRULE* branchrule, SCIP_Bool allowaddcons, SCIP_RESULT* result)
      |                                                               ~~~~~~~~~~~~~~~~~^~~~~~~~~~
/home/duweiyue25/SCIP/scipoptsuite-8.0.4/scip/src/objscip/objbranchrule.h:187:12: note: in expansion of macro ‘SCIP_DECL_BRANCHEXECLP’
  187 |    virtual SCIP_DECL_BRANCHEXECLP(scip_execlp)
      |            ^~~~~~~~~~~~~~~~~~~~~~
/home/duweiyue25/SCIP/scipoptsuite-8.0.4/scip/src/scip/type_branch.h:134:102: warning: unused parameter ‘allowaddcons’ [-Wunused-parameter]
  134 | #define SCIP_DECL_BRANCHEXECLP(x) SCIP_RETCODE x (SCIP* scip, SCIP_BRANCHRULE* branchrule, SCIP_Bool allowaddcons, SCIP_RESULT* result)
/home/duweiyue25/SCIP/scipoptsuite-8.0.4/scip/src/objscip/objbranchrule.h:187:12: note: in expansion of macro ‘SCIP_DECL_BRANCHEXECLP’
  187 |    virtual SCIP_DECL_BRANCHEXECLP(scip_execlp)
      |            ^~~~~~~~~~~~~~~~~~~~~~
In file included from /home/duweiyue25/SCIP/scipoptsuite-8.0.4/scip/src/scip/scip.h:61,
                 from /home/duweiyue25/SCIP/scipoptsuite-8.0.4/scip/src/objscip/objbranchrule.h:40,
                 from /home/duweiyue25/acyclic_cable_harness/src/rl/rl_gcnn_branchrule.hpp:8,
                 from /home/duweiyue25/acyclic_cable_harness/src/rl/rl_gcnn_branchrule.cpp:1:
/home/duweiyue25/SCIP/scipoptsuite-8.0.4/scip/src/objscip/objbranchrule.h: In member function ‘virtual SCIP_RETCODE scip::ObjBranchrule::scip_execext(SCIP*, SCIP_BRANCHRULE*, unsigned int, SCIP_RESULT*)’:
/home/duweiyue25/SCIP/scipoptsuite-8.0.4/scip/src/scip/type_branch.h:155:58: warning: unused parameter ‘scip’ [-Wunused-parameter]
  155 | #define SCIP_DECL_BRANCHEXECEXT(x) SCIP_RETCODE x (SCIP* scip, SCIP_BRANCHRULE* branchrule, SCIP_Bool allowaddcons, SCIP_RESULT* result)
      |                                                    ~~~~~~^~~~
/home/duweiyue25/SCIP/scipoptsuite-8.0.4/scip/src/objscip/objbranchrule.h:198:12: note: in expansion of macro ‘SCIP_DECL_BRANCHEXECEXT’
  198 |    virtual SCIP_DECL_BRANCHEXECEXT(scip_execext)
      |            ^~~~~~~~~~~~~~~~~~~~~~~
/home/duweiyue25/SCIP/scipoptsuite-8.0.4/scip/src/scip/type_branch.h:155:81: warning: unused parameter ‘branchrule’ [-Wunused-parameter]
  155 | #define SCIP_DECL_BRANCHEXECEXT(x) SCIP_RETCODE x (SCIP* scip, SCIP_BRANCHRULE* branchrule, SCIP_Bool allowaddcons, SCIP_RESULT* result)
      |                                                                ~~~~~~~~~~~~~~~~~^~~~~~~~~~
/home/duweiyue25/SCIP/scipoptsuite-8.0.4/scip/src/objscip/objbranchrule.h:198:12: note: in expansion of macro ‘SCIP_DECL_BRANCHEXECEXT’
  198 |    virtual SCIP_DECL_BRANCHEXECEXT(scip_execext)
      |            ^~~~~~~~~~~~~~~~~~~~~~~
/home/duweiyue25/SCIP/scipoptsuite-8.0.4/scip/src/scip/type_branch.h:155:103: warning: unused parameter ‘allowaddcons’ [-Wunused-parameter]
  155 | #define SCIP_DECL_BRANCHEXECEXT(x) SCIP_RETCODE x (SCIP* scip, SCIP_BRANCHRULE* branchrule, SCIP_Bool allowaddcons, SCIP_RESULT* result)
/home/duweiyue25/SCIP/scipoptsuite-8.0.4/scip/src/objscip/objbranchrule.h:198:12: note: in expansion of macro ‘SCIP_DECL_BRANCHEXECEXT’
  198 |    virtual SCIP_DECL_BRANCHEXECEXT(scip_execext)
      |            ^~~~~~~~~~~~~~~~~~~~~~~
/home/duweiyue25/SCIP/scipoptsuite-8.0.4/scip/src/objscip/objbranchrule.h: In member function ‘virtual SCIP_RETCODE scip::ObjBranchrule::scip_execps(SCIP*, SCIP_BRANCHRULE*, unsigned int, SCIP_RESULT*)’:
/home/duweiyue25/SCIP/scipoptsuite-8.0.4/scip/src/scip/type_branch.h:176:57: warning: unused parameter ‘scip’ [-Wunused-parameter]
  176 | #define SCIP_DECL_BRANCHEXECPS(x) SCIP_RETCODE x (SCIP* scip, SCIP_BRANCHRULE* branchrule, SCIP_Bool allowaddcons, SCIP_RESULT* result)
      |                                                   ~~~~~~^~~~
/home/duweiyue25/SCIP/scipoptsuite-8.0.4/scip/src/objscip/objbranchrule.h:209:12: note: in expansion of macro ‘SCIP_DECL_BRANCHEXECPS’
  209 |    virtual SCIP_DECL_BRANCHEXECPS(scip_execps)
      |            ^~~~~~~~~~~~~~~~~~~~~~
/home/duweiyue25/SCIP/scipoptsuite-8.0.4/scip/src/scip/type_branch.h:176:80: warning: unused parameter ‘branchrule’ [-Wunused-parameter]
  176 | #define SCIP_DECL_BRANCHEXECPS(x) SCIP_RETCODE x (SCIP* scip, SCIP_BRANCHRULE* branchrule, SCIP_Bool allowaddcons, SCIP_RESULT* result)
      |                                                               ~~~~~~~~~~~~~~~~~^~~~~~~~~~
/home/duweiyue25/SCIP/scipoptsuite-8.0.4/scip/src/objscip/objbranchrule.h:209:12: note: in expansion of macro ‘SCIP_DECL_BRANCHEXECPS’
  209 |    virtual SCIP_DECL_BRANCHEXECPS(scip_execps)
      |            ^~~~~~~~~~~~~~~~~~~~~~
/home/duweiyue25/SCIP/scipoptsuite-8.0.4/scip/src/scip/type_branch.h:176:102: warning: unused parameter ‘allowaddcons’ [-Wunused-parameter]
  176 | #define SCIP_DECL_BRANCHEXECPS(x) SCIP_RETCODE x (SCIP* scip, SCIP_BRANCHRULE* branchrule, SCIP_Bool allowaddcons, SCIP_RESULT* result)
/home/duweiyue25/SCIP/scipoptsuite-8.0.4/scip/src/objscip/objbranchrule.h:209:12: note: in expansion of macro ‘SCIP_DECL_BRANCHEXECPS’
  209 |    virtual SCIP_DECL_BRANCHEXECPS(scip_execps)
      |            ^~~~~~~~~~~~~~~~~~~~~~
In file included from /home/duweiyue25/SCIP/scipoptsuite-8.0.4/scip/src/scip/scip.h:45,
                 from /home/duweiyue25/SCIP/scipoptsuite-8.0.4/scip/src/objscip/objbranchrule.h:40,
                 from /home/duweiyue25/acyclic_cable_harness/src/rl/rl_gcnn_branchrule.hpp:8,
                 from /home/duweiyue25/acyclic_cable_harness/src/rl/rl_gcnn_branchrule.cpp:1:
/home/duweiyue25/SCIP/scipoptsuite-8.0.4/scip/src/blockmemshell/memory.h: In instantiation of ‘T1* docastcheck(T1*, void*, T2*) [with T1 = char; T2 = const char]’:
/home/duweiyue25/SCIP/scipoptsuite-8.0.4/scip/src/objscip/objbranchrule.h:100:7:   required from here
/home/duweiyue25/SCIP/scipoptsuite-8.0.4/scip/src/blockmemshell/memory.h:62:56: warning: unused parameter ‘v1’ [-Wunused-parameter]
   62 | template<typename T1, typename T2> T1* docastcheck(T1* v1, void* v, T2* v2)
      |                                                    ~~~~^~
/home/duweiyue25/SCIP/scipoptsuite-8.0.4/scip/src/blockmemshell/memory.h:62:73: warning: unused parameter ‘v2’ [-Wunused-parameter]
   62 | template<typename T1, typename T2> T1* docastcheck(T1* v1, void* v, T2* v2)
      |                                                                     ~~~~^~
[ 10%] Building CXX object CMakeFiles/test_custom_branchrule.dir/tests/test_custom_branchrule.cpp.o
[ 10%] Building CXX object CMakeFiles/scip_tree.dir/code/scip_tree.cpp.o
[ 15%] Building CXX object CMakeFiles/test_custom_branchrule.dir/src/rl/rl_branchrule.cpp.o
[ 21%] Building CXX object CMakeFiles/test_custom_branchrule.dir/src/rl/scip_feature_extractor.cpp.o
[ 26%] Linking CXX executable test_custom_branchrule
[ 26%] Built target test_custom_branchrule
[ 31%] Building CXX object CMakeFiles/model_runner_parity.dir/tests/model_runner_parity.cpp.o
[ 36%] Building CXX object CMakeFiles/model_runner_parity.dir/src/rl/model_runner.cpp.o
[ 42%] Building CXX object CMakeFiles/scip_tree.dir/src/rl/rl_branchrule.cpp.o
[ 47%] Building CXX object CMakeFiles/scip_tree.dir/src/rl/scip_feature_extractor.cpp.o
[ 52%] Building CXX object CMakeFiles/scip_tree.dir/src/rl/model_runner.cpp.o
[ 57%] Linking CXX executable model_runner_parity
[ 63%] Building CXX object CMakeFiles/scip_tree.dir/src/rl/rl_mlp_branchrule.cpp.o
[ 68%] Building CXX object CMakeFiles/scip_tree.dir/src/rl/scip_graph_feature_extractor.cpp.o
[ 68%] Built target model_runner_parity
[ 73%] Building CXX object CMakeFiles/gcnn_model_runner_parity.dir/tests/gcnn_model_runner_parity.cpp.o
[ 84%] Building CXX object CMakeFiles/gcnn_model_runner_parity.dir/src/rl/gcnn_model_runner.cpp.o
[ 84%] Building CXX object CMakeFiles/scip_tree.dir/src/rl/gcnn_model_runner.cpp.o
[ 89%] Linking CXX executable gcnn_model_runner_parity
[ 94%] Building CXX object CMakeFiles/scip_tree.dir/src/rl/rl_gcnn_branchrule.cpp.o
[ 94%] Built target gcnn_model_runner_parity
[100%] Linking CXX executable scip_tree
[100%] Built target scip_tree
