event_index,node_id,depth,candidate_count,selected_candidate_index,selected_variable_index,selected_variable_name,variable_family,lp_value,fractionality,selected_q,selected_bias,selected_biased,q_mean,q_std,q_min,q_max,q_top1_top2_margin,bias_mode,lambda_prim,primal_bound,dual_bound,gap,lp_iterations,nodes,graph_extract_time_seconds,inference_time_seconds,selection_time_seconds,selected_is_candidate,result,fallback_reason
0,1,0,1221,123,270,t_m_67_2,m,0.0035999999999996035,0.0035999999999996035,-16.161197662353516,0,-16.161197662353516,-17.048538311107738,0.9300755295783617,-22.014314651489258,-16.161197662353516,0.023672103881835938,none,0,1e+20,3.0719589999999921,1e+20,59508,1,0.16599225100000001,0.075200521000000006,0.24119938099999999,true,branched,
1,2,1,1225,217,460,t_m_115_0,m,0.0010000000000000009,0.0010000000000000009,-15.323520660400391,0,-15.323520660400391,-16.132091347830634,0.79597159140708318,-20.528251647949219,-15.323520660400391,0.011068344116210938,none,0,1e+20,3.0719589999999921,1e+20,59532,2,0.16287560000000001,0.507912692,0.67079425599999998,true,branched,
2,5,2,1258,133,282,t_m_70_2,m,0.0020000000000006679,0.0020000000000006679,-14.664435386657715,0,-14.664435386657715,-15.460007402210811,0.81687608112149857,-20.01446533203125,-14.664435386657715,0.0032968521118164062,none,0,1e+20,3.0719589999999921,1e+20,59624,3,0.16668158299999999,0.75720702600000001,0.92389663700000002,true,branched,
3,7,3,1233,3,33,t_m_8_1,m,0.00099999999999988987,0.00099999999999988987,-14.121440887451172,0,-14.121440887451172,-14.917561379469031,0.82117495944128849,-19.522396087646484,-14.121440887451172,0.00028228759765625,none,0,1e+20,3.0719589999999921,1e+20,59687,4,0.17220032699999999,0.031607163000000001,0.203816997,true,branched,
4,9,4,1221,175,408,t_m_102_0,m,0.0041344407257001836,0.0041344407257001836,-13.473909378051758,0,-13.473909378051758,-14.298646437155234,0.83289692886636335,-19.006790161132812,-13.473909378051758,0.016041755676269531,none,0,1e+20,3.0719589999999921,1e+20,59709,5,0.16850041499999999,0.031092102999999999,0.19959814400000001,true,branched,
5,11,5,1240,161,384,t_m_96_0,m,0.0082641235553499448,0.0082641235553499448,-12.933226585388184,0,-12.933226585388184,-13.730890409408078,0.82003582830171529,-18.44573974609375,-12.933226585388184,0.0055513381958007812,none,0,1e+20,3.0719589999999921,1e+20,59770,6,0.17230625099999999,0.029818645000000001,0.202131797,true,branched,
6,12,6,1242,327,712,t_m_178_0,m,0.0053609074437084292,0.0053609074437084292,-12.420841217041016,0,-12.420841217041016,-13.207815135734668,0.81875224199525931,-17.929025650024414,-12.420841217041016,0.0010700225830078125,none,0,1e+20,3.0719589999999921,1e+20,59775,7,0.17615029500000001,0.029814819999999999,0.20597121400000001,true,branched,
7,15,7,1252,267,604,t_m_151_0,m,0.0020000000000001128,0.0020000000000001128,-11.873801231384277,0,-11.873801231384277,-12.674692997155478,0.82739383575723779,-17.368740081787109,-11.873801231384277,0.0032091140747070312,none,0,1e+20,3.0719589999999921,1e+20,59862,8,0.161623091,0.029835257,0.19146806199999999,true,branched,
8,17,8,1261,0,8,t_m_2_0,m,0.0010000000000000009,0.0010000000000000009,-11.29921817779541,0,-11.29921817779541,-12.142833628038108,0.83375218275534491,-16.831693649291992,-11.29921817779541,0.034756660461425781,none,0,1e+20,3.0719589999999921,1e+20,59944,9,0.17505674700000001,0.030521465000000001,0.20558707200000001,true,branched,
9,19,9,1245,175,432,t_m_108_0,m,0.0010000000000000009,0.0010000000000000009,-10.812429428100586,0,-10.812429428100586,-11.624002100473428,0.81973543025544504,-16.310100555419922,-10.812429428100586,0.0038995742797851562,none,0,1e+20,3.0719589999999921,1e+20,59978,10,0.16095915499999999,0.029772259999999998,0.190738406,true,branched,
10,20,10,1236,153,400,t_m_100_0,m,0.032163048548985662,0.032163048548985662,-10.38990306854248,0,-10.38990306854248,-11.235426729936815,0.84074806777178712,-15.878436088562012,-10.38990306854248,0.0064115524291992188,none,0,1e+20,3.0719589999999921,1e+20,60057,11,0.17665557500000001,0.031736361999999997,0.20839888500000001,true,branched,
11,23,11,1254,121,332,t_m_83_0,m,0.00099999999999994538,0.00099999999999994538,-9.9251060485839844,0,-9.9251060485839844,-10.721167280723414,0.78921857668054884,-15.398978233337402,-9.9251060485839844,0.0034942626953125,none,0,1e+20,3.0719589999999921,1e+20,60066,12,0.165576379,0.030414340000000002,0.19600061299999999,true,branched,
12,25,12,1290,167,393,t_m_98_1,m,0.0010000000000000009,0.0010000000000000009,-9.4308576583862305,0,-9.4308576583862305,-10.239738351984542,0.77868186184794963,-14.912909507751465,-9.4308576583862305,0.024195671081542969,none,0,1e+20,3.0719589999999921,1e+20,60164,13,0.17485318799999999,0.030391939999999999,0.20525518500000001,true,branched,
13,27,13,1325,162,364,t_m_91_0,m,0.016814054916558158,0.016814054916558158,-8.9563159942626953,0,-8.9563159942626953,-9.759125140927873,0.78483799371879825,-14.435616493225098,-8.9563159942626953,0.00067043304443359375,none,0,1e+20,3.0719589999999921,1e+20,60195,14,0.18773398299999999,0.031080327000000001,0.21882375800000001,true,branched,
14,29,14,1288,262,597,t_m_149_1,m,0.0010000000000000009,0.0010000000000000009,-8.5068826675415039,0,-8.5068826675415039,-9.2778675356266653,0.74373812225207403,-14.078986167907715,-8.5068826675415039,0.0073652267456054688,none,0,1e+20,3.0719589999999921,1e+20,60379,15,0.16312301300000001,0.029738243000000001,0.19286677899999999,true,branched,
15,31,15,1292,0,0,t_m_0_0,m,0.0016666666666667052,0.0016666666666667052,-7.9915804862976074,0,-7.9915804862976074,-8.8182535057097393,0.75931472567607516,-13.389555931091309,-7.9915804862976074,0.027830600738525391,none,0,1e+20,3.0719589999999921,1e+20,60696,16,0.17029517899999999,0.031492305999999998,0.201798056,true,branched,
16,33,16,1315,0,4,t_m_1_0,m,0.0016666666666667052,0.0016666666666667052,-7.5616054534912109,0,-7.5616054534912109,-8.3540929953861607,0.75263057220949781,-12.924494743347168,-7.5616054534912109,0.0051522254943847656,none,0,1e+20,3.0719589999999921,1e+20,60728,17,0.165576591,0.029842052000000001,0.195425396,true,branched,
17,34,17,1310,295,684,t_m_171_0,m,0.00066666666666659324,0.00066666666666659324,-7.1094794273376465,0,-7.1094794273376465,-7.8968409585588759,0.75210135368570719,-12.462932586669922,-7.1094794273376465,0.0045332908630371094,none,0,1e+20,3.0719589999999921,1e+20,60730,18,0.16242078300000001,0.029988569999999999,0.19241756099999999,true,branched,
18,37,18,1329,223,504,t_m_126_0,m,0.0040000000000000036,0.0040000000000000036,-6.6481976509094238,0,-6.6481976509094238,-7.416797704316334,0.72978174981955679,-11.982462882995605,-6.6481976509094238,0.009845733642578125,none,0,1e+20,3.0719589999999921,1e+20,60768,19,0.16197097799999999,0.030250678999999999,0.192229237,true,branched,
19,38,19,1329,0,36,t_m_9_0,m,0.0016666666666667052,0.0016666666666667052,-6.1968479156494141,0,-6.1968479156494141,-6.9439187128800395,0.72961834049099716,-11.503793716430664,-6.1968479156494141,0.0051217079162597656,none,0,1e+20,3.0719589999999921,1e+20,60769,20,0.16094972299999999,0.030220567,0.19118085900000001,true,branched,
20,41,20,1257,285,734,t_m_183_2,m,0.00050000000000005596,0.00050000000000005596,-5.8416032791137695,0,-5.8416032791137695,-6.545953543867113,0.70160791848432436,-10.910614013671875,-5.8416032791137695,0.0042695999145507812,none,0,1e+20,3.0719589999999921,1e+20,60866,21,0.159395539,0.028603321000000001,0.18800661699999999,true,branched,
21,43,21,1282,294,696,t_m_174_0,m,0.00027230320699700439,0.00027230320699700439,-5.4759912490844727,0,-5.4759912490844727,-6.148586658531344,0.68658905172589302,-10.441160202026367,-5.4759912490844727,0.0001678466796875,none,0,1e+20,3.0719589999999921,1e+20,60912,22,0.16337305999999999,0.029269216000000001,0.19264975500000001,true,branched,
22,44,22,1287,174,413,t_m_103_1,m,0.0069608507977807488,0.0069608507977807488,-5.1763629913330078,0,-5.1763629913330078,-5.7885902815302304,0.64388318752067086,-9.9647741317749023,-5.1763629913330078,0.0011119842529296875,none,0,1e+20,3.0719589999999921,1e+20,60918,23,0.17603061,0.029289310999999998,0.20532725499999999,true,branched,
23,46,23,1301,253,584,t_m_146_0,m,0.0046418164114477942,0.0046418164114477942,-4.889310359954834,0,-4.889310359954834,-5.4767304001910055,0.60905594991250078,-9.4897279739379883,-4.889310359954834,0.015028953552246094,none,0,1e+20,3.0719589999999921,1e+20,60922,24,0.16764452199999999,0.029740065999999999,0.197390335,true,branched,
24,21,10,1301,127,308,t_m_77_0,m,0.0019999999999998908,0.0019999999999998908,3.0047929286956787,0,3.0047929286956787,2.5453113669287601,0.44757134100311402,-0.085857667028903961,3.0047929286956787,0.027724981307983398,none,0,3.1408977119999921,3.0719589999999921,0.02244128648852416,66852,25,0.17995335300000001,0.031309736999999997,0.21127048800000001,true,branched,
25,50,11,1300,123,304,t_m_76_0,m,0.028330729088726553,0.028330729088726553,3.1409320831298828,0,3.1409320831298828,2.7112876201535645,0.44169023104248645,0.12108143419027328,3.1409320831298828,0.0011556148529052734,none,0,3.1408977119999921,3.0719589999999921,0.02244128648852416,66853,26,0.16675306500000001,0.031054776999999999,0.19781594,true,branched,
26,52,12,1298,313,700,t_m_175_0,m,0.029303252650352885,0.029303252650352885,3.4810543060302734,0,3.4810543060302734,3.0513439977481296,0.43583022211791012,0.5146489143371582,3.4810543060302734,0.012253046035766602,none,0,3.1408977119999921,3.0719589999999921,0.02244128648852416,66855,27,0.16525142400000001,0.030769388000000002,0.196026277,true,branched,
27,22,11,1236,929,3179,t_z_409_408_1,z,0.88857878786438405,0.88857878786438405,4.3810820579528809,0,4.3810820579528809,3.9574272641279165,0.43572283597220735,1.4164482355117798,4.3810820579528809,0.00085926055908203125,none,0,3.1408977119999921,3.0719589999999921,0.02244128648852416,67033,28,0.176268017,0.031409326000000001,0.20768567800000001,true,branched,
28,57,12,1235,1024,3779,t_z_467_407_1,z,0.88857878786438405,0.88857878786438405,4.5370039939880371,0,4.5370039939880371,4.1205957865425447,0.43239054946557087,1.6009624004364014,4.5370039939880371,0.00316619873046875,none,0,3.1408977119999921,3.0719589999999921,0.02244128648852416,67035,29,0.164671647,0.029442671,0.194121143,true,branched,
29,59,13,1245,996,3650,t_z_537_539_1,z,0.92544111254672612,0.92544111254672612,4.8640542030334473,0,4.8640542030334473,4.4547771325551837,0.42618108682417705,1.9664316177368164,4.8640542030334473,0.0039834976196289062,none,0,3.1408977119999921,3.0719589999999921,0.02244128648852416,67053,30,0.166108213,0.029725957000000001,0.19584341199999999,true,branched,
30,60,14,1246,526,1794,t_z_527_529_1,z,0.99933333333333341,0.99933333333333341,5.1832842826843262,0,5.1832842826843262,4.7810735597273704,0.42229932654099933,2.307671070098877,5.1832842826843262,0.0019235610961914062,none,0,3.1408977119999921,3.0719589999999921,0.02244128648852416,67059,31,0.16401938499999999,0.029565101999999999,0.193594397,true,branched,
31,18,9,1264,1152,4137,t_z_221_220_0,z,0.94548079367464466,0.94548079367464466,6.5633254051208496,0,6.5633254051208496,6.1540863779903967,0.42456335195843736,3.6914188861846924,6.5633254051208496,0.033567428588867188,none,0,3.1408977119999921,3.0719589999999921,0.02244128648852416,76213,32,0.173375528,0.030458053999999998,0.203845312,true,branched,
32,65,10,1277,1035,3650,t_z_537_539_1,z,0.90722737966936451,0.90722737966936451,6.7584633827209473,0,6.7584633827209473,6.388590901740006,0.42306566338962787,3.9743106365203857,6.7584633827209473,0.0032176971435546875,none,0,3.1408977119999921,3.0719589999999921,0.02244128648852416,76261,33,0.16842769699999999,0.030535360000000001,0.19896899200000001,true,branched,
33,66,11,1278,114,300,t_m_75_0,m,0.013656649311373337,0.013656649311373337,7.0842771530151367,0,7.0842771530151367,6.7336910304515758,0.40758997840279299,4.3590025901794434,7.0842771530151367,0.0027923583984375,none,0,3.1408977119999921,3.0719589999999921,0.02244128648852416,76265,34,0.16702892499999999,0.030465784999999999,0.197500435,true,branched,
34,6,3,1264,1158,4137,t_z_221_220_0,z,0.7239871100334182,0.7239871100334182,7.6866621971130371,0,7.6866621971130371,7.3182641346997857,0.37121703068494871,5.0733146667480469,7.6866621971130371,0.013563632965087891,none,0,3.1408977119999921,3.0719589999999921,0.02244128648852416,76576,35,0.185674266,0.034065202000000003,0.21974735400000001,true,branched,
35,70,4,1285,1117,3893,t_z_472_358_2,z,0.97459580643389832,0.97459580643389832,8.0284767150878906,0,8.0284767150878906,7.6899474737709133,0.33988217829997391,5.4947237968444824,8.0284767150878906,0.0047473907470703125,none,0,3.1408977119999921,3.0719589999999921,0.02244128648852416,76628,36,0.17741100900000001,0.031302976000000003,0.20872041999999999,true,branched,
36,73,5,1284,557,1794,t_z_527_529_1,z,0.99933333333333341,0.99933333333333341,8.4574222564697266,0,8.4574222564697266,8.1312032778315082,0.32725929940789067,6.0119919776916504,8.4574222564697266,0.00045490264892578125,none,0,3.1408977119999921,3.0719589999999921,0.02244128648852416,76630,37,0.168370986,0.031606438000000001,0.19998600699999999,true,branched,
37,24,12,1255,400,1179,t_z_94_93_1,z,0.2185939667487346,0.2185939667487346,9.0199060440063477,0,9.0199060440063477,8.6479203816904011,0.342696094382687,6.7270870208740234,9.0199060440063477,0.00038909912109375,none,0,3.1396862819999845,3.0719589999999921,0.022046935522248998,136518,38,0.174673353,0.030396637000000001,0.20507694300000001,true,branched,
38,76,13,1255,253,597,t_m_149_1,m,0.0010000000000000009,0.0010000000000000009,9.227299690246582,0,9.227299690246582,8.8583517640710348,0.3400708258080703,6.9684944152832031,9.227299690246582,0.015320777893066406,none,0,3.1396862819999845,3.0719589999999921,0.022046935522248998,136519,39,0.16096481300000001,0.029966519,0.19093898100000001,true,branched,
39,79,14,1251,1028,3730,t_z_14_15_1,z,0.24957981776957583,0.24957981776957583,9.5233650207519531,0,9.5233650207519531,9.1748966473183753,0.33568778871275989,7.3592114448547363,9.5233650207519531,0.00023651123046875,none,0,3.1396862819999845,3.0719589999999921,0.022046935522248998,136698,40,0.161015615,0.029954806,0.19098181,true,branched,
40,81,15,1265,142,364,t_m_91_0,m,0.00040993237142733507,0.00040993237142733507,9.8600654602050781,0,9.8600654602050781,9.4842413823123977,0.33458794440094486,7.712982177734375,9.8600654602050781,0.036139488220214844,none,0,3.1396862819999845,3.0719589999999921,0.022046935522248998,136713,41,0.16076106500000001,0.030153576000000001,0.19092621100000001,true,branched,
41,8,4,1234,325,712,t_m_178_0,m,0.0010000000000000009,0.0010000000000000009,10.894895553588867,0,10.894895553588867,10.538923016243661,0.34632421403437919,8.6176872253417969,10.894895553588867,0.0072689056396484375,none,0,3.1396862819999845,3.0719589999999921,0.022046935522248998,146716,42,0.178313946,0.029446489999999999,0.20776675999999999,true,branched,
42,85,5,1241,151,364,t_m_91_0,m,0.032893230483758785,0.032893230483758785,11.230952262878418,0,11.230952262878418,10.878895693493888,0.347474083313282,8.9611349105834961,11.230952262878418,0.00446319580078125,none,0,3.1396862819999845,3.0719589999999921,0.022046935522248998,146776,43,0.16470732900000001,0.029452213000000001,0.194179198,true,branched,
43,87,6,1233,260,597,t_m_149_1,m,0.0035000000000002807,0.0035000000000002807,11.627592086791992,0,11.627592086791992,11.285532549930025,0.33576505247306343,9.4061145782470703,11.627592086791992,0.0055189132690429688,none,0,3.1396862819999845,3.0719589999999921,0.022046935522248998,147000,44,0.16648798300000001,0.029757744999999999,0.196258979,true,branched,
44,42,21,1257,486,1689,t_z_216_215_0,z,0.16847893940384584,0.16847893940384584,10.765205383300781,0,10.765205383300781,10.407831797451848,0.3031069577548961,8.7030477523803711,10.765205383300781,0.02075958251953125,none,0,3.1396862819999845,3.0719589999999921,0.022046935522248998,148055,45,0.16357927999999999,0.029419471999999999,0.193006702,true,branched,
45,91,22,1256,1024,3730,t_z_14_15_1,z,0.013297142730751221,0.013297142730751221,10.867688179016113,0,10.867688179016113,10.531177853323092,0.30251084124985217,8.8300933837890625,10.867688179016113,0.032299995422363281,none,0,3.1396862819999845,3.0719589999999921,0.022046935522248998,148056,46,0.158662311,0.028153279,0.18682347799999999,true,branched,
46,93,23,1290,178,426,t_m_106_2,m,0.06078691882939645,0.06078691882939645,11.12541389465332,0,11.12541389465332,10.81565007202385,0.29861888608681908,9.1304311752319336,11.12541389465332,0.009906768798828125,none,0,3.1396862819999845,3.0719589999999921,0.022046935522248998,148118,47,0.16037697300000001,0.033558895999999998,0.19394192699999999,true,branched,
47,14,7,1245,148,364,t_m_91_0,m,0.036092789810750092,0.036092789810750092,13.280586242675781,0,13.280586242675781,12.94894643040546,0.32093102484078884,11.111668586730957,13.280586242675781,0.0067663192749023438,none,0,3.1396862819999845,3.0719589999999921,0.022046935522248998,148862,48,0.16190373,0.029405292999999999,0.191315027,true,branched,
48,97,8,1303,470,1421,t_z_145_144_2,z,0.1111111111111111,0.1111111111111111,13.610383987426758,0,13.610383987426758,13.254873392861894,0.32410052596506883,11.482111930847168,13.610383987426758,0.0047101974487304688,none,0,3.1396862819999845,3.0719589999999921,0.022046935522248998,149170,49,0.16213745600000001,0.029672705000000001,0.19181938500000001,true,branched,
49,99,9,1302,165,400,t_m_100_0,m,0.023198301411065825,0.023198301411065825,13.98664665222168,0,13.98664665222168,13.635878629581903,0.32256945404859161,11.88099193572998,13.98664665222168,0.01862335205078125,none,0,3.1396862819999845,3.0719589999999921,0.022046935522248998,149171,50,0.16179985399999999,0.029695702000000001,0.191504274,true,branched,
50,101,10,1258,792,2634,t_z_342_343_1,z,0.14271807715945406,0.14271807715945406,14.346062660217285,0,14.346062660217285,14.005553189445944,0.32251941084611246,12.163403511047363,14.346062660217285,0.0087747573852539062,none,0,3.1396862819999845,3.0719589999999921,0.022046935522248998,149430,51,0.16966757099999999,0.030067964999999999,0.199742471,true,branched,
51,13,6,1168,347,1179,t_z_94_93_1,z,0.14262076634271104,0.14262076634271104,14.843768119812012,0,14.843768119812012,14.48651403433656,0.31977498717533176,12.662074089050293,14.843768119812012,0.013279914855957031,none,0,3.1396862819999845,3.0719589999999921,0.022046935522248998,150231,52,0.16027148199999999,0.028305226999999999,0.18858186900000001,true,branched,
52,104,7,1169,97,298,t_m_74_2,m,0.0011989875824339746,0.0011989875824339746,15.145576477050781,0,15.145576477050781,14.81577946570717,0.3030121265018616,13.127360343933105,15.145576477050781,0.003879547119140625,none,0,3.1396862819999845,3.0719589999999921,0.022046935522248998,150233,53,0.15429699899999999,0.026628315,0.18093036000000001,true,branched,
53,107,8,1238,31,96,t_m_24_0,m,0.0011867426113789901,0.0011867426113789901,15.556870460510254,0,15.556870460510254,15.221205469479662,0.29971950464323516,13.547196388244629,15.556870460510254,0.016491889953613281,none,0,3.1396862819999845,3.0719589999999921,0.022046935522248998,150337,54,0.15894319800000001,0.028556188999999999,0.187508536,true,branched,
54,28,14,1328,280,597,t_m_149_1,m,0.0010000000000000009,0.0010000000000000009,15.889328956604004,0,15.889328956604004,15.570349550390818,0.30527490242852467,13.933200836181641,15.889328956604004,0.0035390853881835938,none,0,3.1396862819999845,3.0719589999999921,0.022046935522248998,154401,55,0.1636399,0.032343176000000001,0.195991632,true,branched,
55,111,15,1303,4,36,t_m_9_0,m,0.0016666666666667052,0.0016666666666667052,16.134485244750977,0,16.134485244750977,15.833588229813945,0.30041148467811357,14.220156669616699,16.134485244750977,0.00045013427734375,none,0,3.1396862819999845,3.0719589999999921,0.022046935522248998,154570,56,0.16084352399999999,0.029805831000000001,0.190658626,true,branched,
56,113,16,1326,407,1113,t_z_77_76_0,z,0.053276311814580958,0.053276311814580958,16.473384857177734,0,16.473384857177734,16.167761274772172,0.30784625840809621,14.538512229919434,16.473384857177734,0.0026836395263671875,none,0,3.1396862819999845,3.0719589999999921,0.022046935522248998,154646,57,0.16294586899999999,0.029821650000000002,0.19277538299999999,true,branched,
57,36,18,1293,1055,3730,t_z_14_15_1,z,0.013442085862235609,0.013442085862235609,16.831060409545898,0,16.831060409545898,16.524397080016524,0.28686789477442759,14.942925453186035,16.831060409545898,0.0002346038818359375,none,0,3.1396862819999845,3.0719589999999921,0.022046935522248998,154923,58,0.16178658700000001,0.029626461,0.19142246199999999,true,branched,
58,117,19,1299,76,188,t_m_47_0,m,0.062972357194774009,0.062972357194774009,17.062145233154297,0,17.062145233154297,16.766303802472613,0.28542215684187516,15.19236946105957,17.062145233154297,0.0032062530517578125,none,0,3.1396862819999845,3.0719589999999921,0.022046935522248998,155033,59,0.16213523199999999,0.029632283999999998,0.19177725500000001,true,branched,
59,118,20,1342,0,36,t_m_9_0,m,0.0016666666666667052,0.0016666666666667052,17.36381721496582,0,17.36381721496582,17.072473273724984,0.28714851474897973,15.501209259033203,17.36381721496582,0.0034027099609375,none,0,3.1396862819999845,3.0719589999999921,0.022046935522248998,155066,60,0.163666066,0.030703899999999999,0.19437515399999999,true,branched,
60,121,21,1331,513,1689,t_z_216_215_0,z,0.2162985123818737,0.2162985123818737,17.693426132202148,0,17.693426132202148,17.377252984279803,0.28126098845195707,15.801517486572266,17.693426132202148,0.027462005615234375,none,0,3.1396862819999845,3.0719589999999921,0.022046935522248998,155186,61,0.16379086100000001,0.030199142000000002,0.19399619500000001,true,branched,
61,26,13,1286,265,597,t_m_149_1,m,0.0010000000000000009,0.0010000000000000009,18.661531448364258,0,18.661531448364258,18.35659083756466,0.29051174037509137,16.75933837890625,18.661531448364258,0.0036907196044921875,none,0,3.1396862819999845,3.0719589999999921,0.022046935522248998,159952,62,0.165132685,0.030039453000000001,0.19517952799999999,true,branched,
62,125,14,1350,0,0,t_m_0_0,m,0.0016666666666667052,0.0016666666666667052,18.964094161987305,0,18.964094161987305,18.637254197862415,0.28923124545759787,16.994497299194336,18.964094161987305,0.020580291748046875,none,0,3.1396862819999845,3.0719589999999921,0.022046935522248998,160154,63,0.17374783399999999,0.031286926,0.20504230900000001,true,branched,
63,127,15,1357,168,364,t_m_91_0,m,0.035564855026147334,0.035564855026147334,19.31517219543457,0,19.31517219543457,19.000953436776303,0.28686739643394726,17.23546028137207,19.31517219543457,0.021314620971679688,none,0,3.1396862819999845,3.0719589999999921,0.022046935522248998,160253,64,0.162350035,0.031567246,0.19392489299999999,true,branched,
64,35,17,1282,281,684,t_m_171_0,m,0.00066666666666659324,0.00066666666666659324,19.693378448486328,0,19.693378448486328,19.388966927848255,0.27492161549259975,17.815095901489258,19.693378448486328,0.005771636962890625,none,0,3.1396862819999845,3.0719589999999921,0.022046935522248998,160953,65,0.17414481800000001,0.030432496999999999,0.20458293599999999,true,branched,
65,131,18,1309,527,1689,t_z_216_215_0,z,0.28254188195036789,0.28254188195036789,19.93528938293457,0,19.93528938293457,19.641102851302321,0.27505265133378332,18.125642776489258,19.93528938293457,1.1444091796875e-05,none,0,3.1396862819999845,3.0719589999999921,0.022046935522248998,160985,66,0.159997576,0.028989489,0.188995101,true,branched,
66,133,19,1308,80,188,t_m_47_0,m,0.037474070736521314,0.037474070736521314,20.268356323242188,0,20.268356323242188,19.97704491921521,0.27349020673080954,18.471088409423828,20.268356323242188,0.001514434814453125,none,0,3.1396862819999845,3.0719589999999921,0.022046935522248998,160986,67,0.15949113600000001,0.028950450999999999,0.18844686499999999,true,branched,
67,32,16,1283,285,684,t_m_171_0,m,0.00066666666666659324,0.00066666666666659324,20.908851623535156,0,20.908851623535156,20.611955217523494,0.27497429063745615,19.104831695556641,20.908851623535156,0.0038013458251953125,none,0,3.1396862819999845,3.0719589999999921,0.022046935522248998,161886,68,0.16635982599999999,0.028692846000000001,0.19505947700000001,true,branched,
68,137,17,1260,502,1689,t_z_216_215_0,z,0.26612019086124411,0.26612019086124411,21.169479370117188,0,21.169479370117188,20.873708718920511,0.27113861818869539,19.382516860961914,21.169479370117188,0.0065479278564453125,none,0,3.1396862819999845,3.0719589999999921,0.022046935522248998,161926,69,0.162993685,0.028217874,0.191231234,true,branched,
69,139,18,1259,1032,3730,t_z_14_15_1,z,0.029080318534128735,0.029080318534128735,21.507007598876953,0,21.507007598876953,21.218590237206179,0.26904904136492791,19.739446640014648,21.507007598876953,0.012655258178710938,none,0,3.1396862819999845,3.0719589999999921,0.022046935522248998,161927,70,0.15924549700000001,0.028168001000000002,0.187422855,true,branched,
70,141,19,1259,0,36,t_m_9_0,m,0.0016666666666667052,0.0016666666666667052,21.833662033081055,0,21.833662033081055,21.559873929375975,0.26423688156877972,20.091398239135742,21.833662033081055,0.0055179595947265625,none,0,3.1396862819999845,3.0719589999999921,0.022046935522248998,161992,71,0.16606411099999999,0.028421894,0.194492467,true,branched,
71,40,20,1331,530,1689,t_z_216_215_0,z,0.27972234388338896,0.27972234388338896,22.266983032226562,0,22.266983032226562,21.980890367194103,0.2591991648279251,20.525272369384766,22.266983032226562,0.0031375885009765625,none,0,3.1396862819999845,3.0719589999999921,0.022046935522248998,162844,72,0.176319114,0.030106593000000001,0.20643625900000001,true,branched,
72,145,21,1330,1095,3730,t_z_14_15_1,z,0.029179916805414707,0.029179916805414707,22.512598037719727,0,22.512598037719727,22.229424650149237,0.25843046963068889,20.784156799316406,22.512598037719727,0.004016876220703125,none,0,3.1396862819999845,3.0719589999999921,0.022046935522248998,162845,73,0.161670233,0.029910289999999999,0.19158983900000001,true,branched,
73,147,22,1309,262,614,t_m_153_2,m,0.0040000000000000036,0.0040000000000000036,22.832935333251953,0,22.832935333251953,22.559310837316549,0.25468812310145428,21.126188278198242,22.832935333251953,0.00893402099609375,none,0,3.1396862819999845,3.0719589999999921,0.022046935522248998,162896,74,0.16192907200000001,0.029701086000000002,0.19163583300000001,true,branched,
74,47,23,1265,468,1689,t_z_216_215_0,z,0.17197528951342042,0.17197528951342042,23.272068023681641,0,23.272068023681641,22.961410587295713,0.24873433342958723,21.522184371948242,23.272068023681641,0.025234222412109375,none,0,3.1396862819999845,3.0719589999999921,0.022046935522248998,163502,75,0.158488499,0.029409773,0.18790454400000001,true,branched,
75,151,24,1264,49,188,t_m_47_0,m,0.021136905192554067,0.021136905192554067,23.48785400390625,0,23.48785400390625,23.202377218234389,0.24818210541709082,21.766151428222656,23.48785400390625,0.014120101928710938,none,0,3.1396862819999845,3.0719589999999921,0.022046935522248998,163503,76,0.15923314399999999,0.027816054,0.18705708700000001,true,branched,
76,153,25,1332,1089,3730,t_z_14_15_1,z,0.068751187830934701,0.068751187830934701,23.790369033813477,0,23.790369033813477,23.513071591431672,0.24563160662433189,22.080535888671875,23.790369033813477,0.0044708251953125,none,0,3.1396862819999845,3.0719589999999921,0.022046935522248998,163582,77,0.16031614299999999,0.029560402,0.18988824000000001,true,branched,
77,48,24,1065,438,1689,t_z_216_215_0,z,0.20677006899036243,0.20677006899036243,24.383882522583008,0,24.383882522583008,24.07055091320629,0.24723871204335179,22.64299201965332,24.383882522583008,0.029294967651367188,none,0,3.1396862819999845,3.0719589999999921,0.022046935522248998,164513,78,0.16042848900000001,0.032394075000000001,0.19282803000000001,true,branched,
78,157,25,1064,886,3730,t_z_14_15_1,z,0.023221941756920605,0.023221941756920605,24.595935821533203,0,24.595935821533203,24.310809101377213,0.24675828585725088,22.886917114257812,24.595935821533203,0.024738311767578125,none,0,3.1396862819999845,3.0719589999999921,0.022046935522248998,164518,79,0.156294449,0.026143950999999999,0.18244622499999999,true,branched,
79,159,26,1094,1011,4137,t_z_221_220_0,z,0.22855388226120385,0.22855388226120385,24.877891540527344,0,24.877891540527344,24.62107663790966,0.24478600748734047,23.197238922119141,24.877891540527344,0.000850677490234375,none,0,3.1396862819999845,3.0719589999999921,0.022046935522248998,164597,80,0.160209929,0.026890318,0.187108104,true,branched,
80,161,27,1070,175,426,t_m_106_2,m,0.012526249887619634,0.012526249887619634,25.188959121704102,0,25.188959121704102,24.926232783593864,0.25013616407389311,23.508367538452148,25.188959121704102,0.004375457763671875,none,0,3.1396862819999845,3.0719589999999921,0.022046935522248998,164651,81,0.15752361100000001,0.026794953,0.184326508,true,branched,
81,45,22,1294,518,1689,t_z_216_215_0,z,0.1782102155901073,0.1782102155901073,26.115776062011719,0,26.115776062011719,25.798514658000776,0.26011380619674862,24.272706985473633,26.115776062011719,0.03299713134765625,none,0,3.1396862819999845,3.0719589999999921,0.022046935522248998,164775,82,0.16370765200000001,0.029321559000000001,0.19303864600000001,true,branched,
82,165,23,1293,1062,3730,t_z_14_15_1,z,0.011067631995332117,0.011067631995332117,26.331417083740234,0,26.331417083740234,26.046635042855836,0.25982816066950531,24.52400016784668,26.331417083740234,0.027776718139648438,none,0,3.1396862819999845,3.0719589999999921,0.022046935522248998,164776,83,0.15806696100000001,0.029449080999999998,0.18752603300000001,true,branched,
83,167,24,1300,319,744,t_m_186_0,m,0.1534095993029409,0.1534095993029409,26.641498565673828,0,26.641498565673828,26.377384460155781,0.25966515590528477,24.857746124267578,26.641498565673828,0.0081005096435546875,none,0,3.1396862819999845,3.0719589999999921,0.022046935522248998,164813,84,0.16112400499999999,0.029559302999999999,0.19069299000000001,true,branched,
84,39,19,1328,532,1689,t_z_216_215_0,z,0.24468949284734193,0.24468949284734193,27.381723403930664,0,27.381723403930664,27.08585381795125,0.25174638698731344,25.676956176757812,27.381723403930664,0.015506744384765625,none,0,3.1396862819999845,3.0719589999999921,0.022046935522248998,165121,85,0.18805017600000001,0.029050639,0.21711797099999999,true,branched,
85,171,20,1311,1077,3730,t_z_14_15_1,z,0.015669257561191696,0.015669257561191696,27.639745712280273,0,27.639745712280273,27.357976511905068,0.25038772452261188,25.956871032714844,27.639745712280273,0.0003833770751953125,none,0,3.1396862819999845,3.0719589999999921,0.022046935522248998,165188,86,0.15816737,0.03287905,0.191065289,true,branched,
86,173,21,1300,181,426,t_m_106_2,m,0.029865145815529126,0.029865145815529126,27.983638763427734,0,27.983638763427734,27.71164608001709,0.25369234040298672,26.277193069458008,27.983638763427734,0.0017490386962890625,none,0,3.1396862819999845,3.0719589999999921,0.022046935522248998,165229,87,0.15805158499999999,0.028732074999999999,0.186790699,true,branched,
87,49,24,1114,459,1689,t_z_216_215_0,z,0.14209177272918022,0.14209177272918022,28.36439323425293,0,28.36439323425293,28.03333040884624,0.24531751647180991,26.643293380737305,28.36439323425293,0.048065185546875,none,0,3.1396862819999845,3.0719589999999921,0.022046935522248998,169789,88,0.154636211,0.028375219,0.183018344,true,branched,
88,177,25,1113,929,3730,t_z_14_15_1,z,0.030658324628410005,0.030658324628410005,28.566240310668945,0,28.566240310668945,28.282526386394654,0.24529344354734056,26.896295547485352,28.566240310668945,0.0032329559326171875,none,0,3.1396862819999845,3.0719589999999921,0.022046935522248998,169790,89,0.151281944,0.026610279000000001,0.17790044999999999,true,branched,
89,179,26,1094,1008,4137,t_z_221_220_0,z,0.17080777953261972,0.17080777953261972,28.873405456542969,0,28.873405456542969,28.610384522669928,0.24665984844916275,27.200008392333984,28.873405456542969,0.0089092254638671875,none,0,3.1396862819999845,3.0719589999999921,0.022046935522248998,169888,90,0.15638349100000001,0.026313611000000001,0.182705759,true,branched,
90,180,27,1122,284,744,t_m_186_0,m,0.0010000000000000009,0.0010000000000000009,29.240791320800781,0,29.240791320800781,28.941061285090321,0.24601075201721456,27.528629302978516,29.240791320800781,0.0476531982421875,none,0,3.1396862819999845,3.0719589999999921,0.022046935522248998,169916,91,0.15045655699999999,0.026629327000000001,0.177092638,true,branched,
91,16,8,1259,421,1179,t_z_94_93_1,z,0.23822911702961425,0.23822911702961425,29.886417388916016,0,29.886417388916016,29.622006697347942,0.27231711859516083,28.122564315795898,29.886417388916016,0.0013942718505859375,none,0,3.1396862819999845,3.0719589999999921,0.022046935522248998,170606,92,0.15696727499999999,0.029058555999999999,0.18603117799999999,true,branched,
92,185,9,1258,147,364,t_m_91_0,m,0.038048233276679999,0.038048233276679999,30.195966720581055,0,30.195966720581055,29.934201278443936,0.27146911980653843,28.440662384033203,30.195966720581055,0.0025920867919921875,none,0,3.1396862819999845,3.0719589999999921,0.022046935522248998,170607,93,0.15581421000000001,0.028801414000000001,0.18462293199999999,true,branched,
93,187,10,1371,147,400,t_m_100_0,m,0.0050178311607583792,0.0050178311607583792,30.602361679077148,0,30.602361679077148,30.340286791889795,0.24379951999396277,28.987749099731445,30.602361679077148,0.0081043243408203125,none,0,3.1396862819999845,3.0719589999999921,0.022046935522248998,171743,94,0.15912932699999999,0.036760255999999998,0.195901152,true,branched,
94,10,5,1221,323,712,t_m_178_0,m,0.0010000000000000009,0.0010000000000000009,30.793184280395508,0,30.793184280395508,30.536444322678225,0.25162423163403486,29.210367202758789,30.793184280395508,0.003688812255859375,none,0,3.1396862819999845,3.0719589999999921,0.022046935522248998,175933,95,0.159522945,0.028554552,0.18808388000000001,true,branched,
95,191,6,1222,146,364,t_m_91_0,m,0.038755336993196637,0.038755336993196637,31.136112213134766,0,31.136112213134766,30.88215606770617,0.24940567828573629,29.565309524536133,31.136112213134766,0.0024433135986328125,none,0,3.1396862819999845,3.0719589999999921,0.022046935522248998,176017,96,0.16070757199999999,0.028390983000000002,0.189105368,true,branched,
96,193,7,1211,154,400,t_m_100_0,m,0.020738749191396622,0.020738749191396622,31.565959930419922,0,31.565959930419922,31.305037463036182,0.24175165670204415,30.007696151733398,31.565959930419922,0.010744094848632812,none,0,3.1396862819999845,3.0719589999999921,0.022046935522248998,176190,97,0.15965821399999999,0.028157504999999999,0.187822137,true,branched,
97,30,15,1311,884,2923,t_z_131_94_1,z,0.68020408094183493,0.68020408094183493,32.25372314453125,0,32.25372314453125,32.000570806449467,0.2366016861873963,30.729452133178711,32.25372314453125,0.010227203369140625,none,0,3.1396862819999845,3.0719589999999921,0.022046935522248998,176421,98,0.17094857499999999,0.029160934999999999,0.20011675200000001,true,branched,
98,197,16,1310,537,1689,t_z_216_215_0,z,0.23810204086589445,0.23810204086589445,32.545928955078125,0,32.545928955078125,32.303002399706656,0.23659369039527461,31.036212921142578,32.545928955078125,0.013736724853515625,none,0,3.1396862819999845,3.0719589999999921,0.022046935522248998,176425,99,0.16256671,0.028963160000000002,0.19153641699999999,true,branched,
99,199,17,1309,410,1113,t_z_77_76_0,z,0.012288893141533225,0.012288893141533225,32.914680480957031,0,32.914680480957031,32.688263539779811,0.23322901670069943,31.429716110229492,32.914680480957031,0.005886077880859375,none,0,3.1396862819999845,3.0719589999999921,0.022046935522248998,176426,100,0.15750905800000001,0.028944549,0.18645935799999999,true,branched,
100,201,18,1308,467,1421,t_z_145_144_2,z,0.28374149679691096,0.28374149679691096,33.29119873046875,0,33.29119873046875,33.073159041390142,0.22977630982106223,31.850658416748047,33.29119873046875,0.00154876708984375,none,0,3.1396862819999845,3.0719589999999921,0.022046935522248998,176427,101,0.15491919500000001,0.028911414,0.18383825500000001,true,branched,
101,192,7,1221,416,1179,t_z_94_93_1,z,0.27807842375344061,0.27807842375344061,33.460548400878906,0,33.460548400878906,33.220045855160528,0.23290241113844898,31.936395645141602,33.460548400878906,0.005680084228515625,none,0,3.1396862819999845,3.0719589999999921,0.022046935522248998,176660,102,0.15658414000000001,0.028805924,0.18539649,true,branched,
102,205,8,1220,264,604,t_m_151_0,m,0.014392915243094162,0.014392915243094162,33.785167694091797,0,33.785167694091797,33.552414359421029,0.23126613502398555,32.274906158447266,33.785167694091797,0.0023651123046875,none,0,3.1396862819999845,3.0719589999999921,0.022046935522248998,176661,103,0.15436071500000001,0.028392520000000001,0.18276228999999999,true,branched,
103,207,9,1255,442,1377,t_z_134_95_0,z,0.020600095002057617,0.020600095002057617,34.218002319335938,0,34.218002319335938,33.969851851748281,0.23071214440011129,32.470626831054688,34.218002319335938,0.020099639892578125,none,0,3.1396862819999845,3.0719589999999921,0.022046935522248998,176929,104,0.15673194600000001,0.028432393,0.18516985399999999,true,branched,
104,209,10,1354,912,2985,t_z_384_383_0,z,0.0010000000000000009,0.0010000000000000009,34.598731994628906,0,34.598731994628906,34.353891747388744,0.25455664919677035,32.891006469726562,34.598731994628906,4.1961669921875e-05,none,0,3.1396862819999845,3.0719589999999921,0.022046935522248998,177267,105,0.17562317499999999,0.030222907,0.20586216600000001,true,branched,
105,210,11,1345,1098,3730,t_z_14_15_1,z,0.16616666666666646,0.16616666666666646,34.980232238769531,0,34.980232238769531,34.756767179354419,0.22435025074985218,33.284309387207031,34.980232238769531,0.000209808349609375,none,0,3.1396862819999845,3.0719589999999921,0.022046935522248998,177272,106,0.15871215999999999,0.029928321000000001,0.188650391,true,branched,
106,213,12,1344,278,597,t_m_149_1,m,0.0010000000000000009,0.0010000000000000009,35.360393524169922,0,35.360393524169922,35.140499143373397,0.2219121735568603,33.677619934082031,35.360393524169922,0.0070343017578125,none,0,3.1396862819999845,3.0719589999999921,0.022046935522248998,177280,107,0.15772898699999999,0.029927939000000001,0.18766680599999999,true,branched,
107,215,13,1309,846,2708,t_z_154_155_2,z,0.10047318936937111,0.10047318936937111,35.735424041748047,0,35.735424041748047,35.522522144594475,0.21850064167502783,34.074508666992188,35.735424041748047,0.00365447998046875,none,0,3.1396862819999845,3.0719589999999921,0.022046935522248998,177353,108,0.15972026,0.029385088,0.18911495,true,branched,
108,217,14,1307,453,1421,t_z_145_144_2,z,0.33299999999999996,0.33299999999999996,36.114067077636719,0,36.114067077636719,35.904254189500755,0.21625586175616676,34.467948913574219,36.114067077636719,0.003021240234375,none,0,3.1396862819999845,3.0719589999999921,0.022046935522248998,177361,109,0.15697729899999999,0.029394083000000001,0.18637927600000001,true,branched,
109,219,15,1306,838,2697,t_z_350_154_0,z,0.87053508079166231,0.87053508079166231,36.493282318115234,0,36.493282318115234,36.286923915284696,0.21404151295305474,34.861255645751953,36.493282318115234,0.003421783447265625,none,0,3.1396862819999845,3.0719589999999921,0.022046935522248998,177362,110,0.16012506500000001,0.037068385000000002,0.19720180700000001,true,branched,
110,220,16,1398,446,1113,t_z_77_76_0,z,0.021314559259141084,0.021314559259141084,36.907413482666016,0,36.907413482666016,36.669530767569043,0.21592612179247728,35.247180938720703,36.907413482666016,0.025745391845703125,none,0,3.1396862819999845,3.0719589999999921,0.022046935522248998,177499,111,0.159812643,0.031034559,0.19086430800000001,true,branched,
111,223,17,1397,345,684,t_m_171_0,m,0.021314559259141084,0.021314559259141084,37.261676788330078,0,37.261676788330078,37.052183868036835,0.21384440986340486,35.640537261962891,37.261676788330078,0.0066986083984375,none,0,3.1396862819999845,3.0719589999999921,0.022046935522248998,177500,112,0.16076737199999999,0.030658792000000001,0.19143195800000001,true,branched,
112,221,16,1304,580,1929,t_z_346_34_0,z,0.99850000000000005,0.99850000000000005,37.6822509765625,0,37.6822509765625,37.480148136981427,0.20886555497326403,36.088294982910156,37.6822509765625,0.000148773193359375,none,0,3.1396862819999845,3.0719589999999921,0.022046935522248998,178788,113,0.15940058900000001,0.029802476000000001,0.18920851,true,branched,
113,226,17,1337,566,1807,t_z_530_528_3,z,0.99890118784385684,0.99890118784385684,37.987014770507812,0,37.987014770507812,37.782913461940538,0.20637243627334717,36.394142150878906,37.987014770507812,0.0031890869140625,none,0,3.1396862819999845,3.0719589999999921,0.022046935522248998,178866,114,0.16001910799999999,0.030326769,0.190354407,true,branched,
114,229,18,1335,856,2684,t_z_348_349_2,z,0.068047504125722913,0.068047504125722913,38.366008758544922,0,38.366008758544922,38.165063419413478,0.20489582869515779,36.787456512451172,38.366008758544922,0.000118255615234375,none,0,3.1396862819999845,3.0719589999999921,0.022046935522248998,178867,115,0.157619392,0.030005385999999998,0.18763052299999999,true,branched,
115,227,17,1303,828,2684,t_z_348_349_2,z,0.095678119319463351,0.095678119319463351,38.792423248291016,0,38.792423248291016,38.590623406200159,0.20567413922712882,37.227405548095703,38.792423248291016,0.00012969970703125,none,0,3.1396862819999845,3.0719589999999921,0.022046935522248998,179198,116,0.15931988799999999,0.029258571000000001,0.188585377,true,branched,
116,232,18,1325,568,1837,t_z_342_221_2,z,7.1428571428500121e-05,7.1428571428500121e-05,39.092758178710938,0,39.092758178710938,38.892371051716353,0.20507505033794043,37.53436279296875,39.092758178710938,0.00054931640625,none,0,3.1396862819999845,3.0719589999999921,0.022046935522248998,179205,117,0.15758649,0.036222491000000002,0.19381504799999999,true,branched,
117,234,19,1324,875,2769,t_z_357_356_0,z,0.999,0.999,39.474391937255859,0,39.474391937255859,39.274566146182153,0.20386961325224984,37.927761077880859,39.474391937255859,0.000202178955078125,none,0,3.1396862819999845,3.0719589999999921,0.022046935522248998,179206,118,0.158873509,0.029784807,0.188664002,true,branched,
118,236,20,1343,940,3042,t_z_389_390_1,z,0.00044444444444446951,0.00044444444444446951,39.874221801757812,0,39.874221801757812,39.65811773599836,0.20511107464772277,38.312381744384766,39.874221801757812,0.014415740966796875,none,0,3.1396862819999845,3.0719589999999921,0.022046935522248998,179335,119,0.16025921800000001,0.029765476999999999,0.190031019,true,branched,
119,239,21,1329,425,1113,t_z_77_76_0,z,0.00066666666666659324,0.00066666666666659324,40.266197204589844,0,40.266197204589844,40.03905990807251,0.20739734349584052,38.7193603515625,40.266197204589844,0.012683868408203125,none,0,3.1396862819999845,3.0719589999999921,0.022046935522248998,179420,120,0.160140634,0.029639526999999999,0.18978998799999999,true,branched,
120,238,21,1342,295,614,t_m_153_2,m,0.00066666666666659324,0.00066666666666659324,40.685104370117188,0,40.685104370117188,40.484946491110698,0.20348762735256062,39.164466857910156,40.685104370117188,0.0008392333984375,none,0,3.1396862819999845,3.0719589999999921,0.022046935522248998,179423,121,0.15946080700000001,0.029771817999999999,0.18923804899999999,true,branched,
121,237,20,1322,841,2676,t_z_347_348_2,z,0.040976768110216111,0.040976768110216111,41.029548645019531,0,41.029548645019531,40.828564391374229,0.20347775496753165,39.523548126220703,41.029548645019531,7.62939453125e-06,none,0,3.1396862819999845,3.0719589999999921,0.022046935522248998,180630,122,0.163496792,0.031646509000000003,0.19515047299999999,true,branched,
122,245,21,1301,554,1794,t_z_527_529_1,z,0.99899999999999978,0.99899999999999978,41.328525543212891,0,41.328525543212891,41.124736269834315,0.20747102597541123,39.83526611328125,41.328525543212891,0.000213623046875,none,0,3.1396862819999845,3.0719589999999921,0.022046935522248998,180772,123,0.15860221099999999,0.029614041000000001,0.18822575699999999,true,branched,
123,247,22,1300,419,1022,t_z_54_56_3,z,0.00092857142857138975,0.00092857142857138975,41.708877563476562,0,41.708877563476562,41.505814807598405,0.20621824122038451,40.227710723876953,41.708877563476562,0.00038909912109375,none,0,3.1396862819999845,3.0719589999999921,0.022046935522248998,180773,124,0.15908054799999999,0.029326478999999999,0.18841513200000001,true,branched,
124,249,23,1299,979,3179,t_z_409_408_1,z,0.91406095652207497,0.91406095652207497,42.088912963867188,0,42.088912963867188,41.886304395762288,0.20616885730072917,40.620018005371094,42.088912963867188,0.0016632080078125,none,0,3.1396862819999845,3.0719589999999921,0.022046935522248998,180775,125,0.15621919500000001,0.02941115,0.18563977600000001,true,branched,
125,244,21,1329,347,727,t_m_181_3,m,0.0010000000000000698,0.0010000000000000698,42.511516571044922,0,42.511516571044922,42.306017465928697,0.20034552799620808,41.036487579345703,42.511516571044922,0.002704620361328125,none,0,3.1396862819999845,3.0719589999999921,0.022046935522248998,182893,126,0.166035872,0.031855387999999998,0.1978972,true,branched,
126,253,22,1311,686,2270,t_z_297_298_3,z,0.10433013843145056,0.10433013843145056,42.820972442626953,0,42.820972442626953,42.603908486442656,0.20069136612105873,41.352645874023438,42.820972442626953,0.013568878173828125,none,0,3.1396862819999845,3.0719589999999921,0.022046935522248998,182965,127,0.15917673800000001,0.029912958,0.18909505400000001,true,branched,
127,254,23,1302,419,1022,t_z_54_56_3,z,0.00092857142857027952,0.00092857142857027952,43.187980651855469,0,43.187980651855469,42.985201766780264,0.19891816649673461,41.744884490966797,43.187980651855469,0.00623321533203125,none,0,3.1396862819999845,3.0719589999999921,0.022046935522248998,182970,128,0.158814911,0.029793222000000001,0.188617963,true,branched,
128,257,24,1301,544,1695,t_z_216_215_3,z,0.00099999999999997205,0.00099999999999997205,43.562381744384766,0,43.562381744384766,43.36526426803507,0.19924929792585416,42.137172698974609,43.562381744384766,0.00279998779296875,none,0,3.1396862819999845,3.0719589999999921,0.022046935522248998,182972,129,0.15914531300000001,0.029871506999999999,0.189024949,true,branched,
129,259,25,1301,979,3179,t_z_409_408_1,z,0.91595676020935279,0.91595676020935279,43.940006256103516,0,43.940006256103516,43.745522460233786,0.19852924219260798,42.529613494873047,43.940006256103516,0.000110626220703125,none,0,3.1396862819999845,3.0719589999999921,0.022046935522248998,182974,130,0.159023622,0.029720342,0.18875322999999999,true,branched,
130,261,26,1300,739,2465,t_z_536_513_0,z,0.87412111974345463,0.87412111974345463,44.314529418945312,0,44.314529418945312,44.119770789513218,0.19769830230787933,42.916385650634766,44.314529418945312,0.000518798828125,none,0,3.1396862819999845,3.0719589999999921,0.022046935522248998,182978,131,0.15724268499999999,0.029977683000000001,0.187226161,true,branched,
131,263,27,1299,557,1794,t_z_527_529_1,z,0.91598415251872334,0.91598415251872334,44.668369293212891,0,44.668369293212891,44.473855709460629,0.19687067850784759,43.282760620117188,44.668369293212891,0.000972747802734375,none,0,3.1396862819999845,3.0719589999999921,0.022046935522248998,182981,132,0.16020456599999999,0.029770215999999999,0.18998284700000001,true,branched,
132,265,28,1298,1074,3779,t_z_467_407_1,z,0.91598415251872334,0.91598415251872334,45.016487121582031,0,45.016487121582031,44.822639230219721,0.19619292878200065,43.638111114501953,45.016487121582031,0.000263214111328125,none,0,3.1396862819999845,3.0719589999999921,0.022046935522248998,182982,133,0.161951972,0.029732811000000001,0.191690254,true,branched,
133,267,29,1306,597,1930,t_z_34_346_1,z,0.998,0.998,45.365398406982422,0,45.365398406982422,45.171887425514676,0.19515468436668942,43.992164611816406,45.365398406982422,7.2479248046875e-05,none,0,3.1396862819999845,3.0719589999999921,0.022046935522248998,182997,134,0.164068307,0.029991488,0.19406931599999999,true,branched,
134,269,30,1304,1087,3825,t_z_470_333_0,z,0.91662329567624534,0.91662329567624534,45.714347839355469,0,45.714347839355469,45.520546322219943,0.19472449020837285,44.345893859863281,45.714347839355469,0.00078582763671875,none,0,3.1396862819999845,3.0719589999999921,0.022046935522248998,182998,135,0.15894076500000001,0.029887226999999999,0.18883728499999999,true,branched,
135,271,31,1303,841,2713,t_z_155_67_0,z,0.87375611398124264,0.87375611398124264,46.062484741210938,0,46.062484741210938,45.8687883378539,0.19429541526409788,44.69952392578125,46.062484741210938,0.00028228759765625,none,0,3.1396862819999845,3.0719589999999921,0.022046935522248998,182999,136,0.15745418,0.029940548000000001,0.18740036199999999,true,branched,
136,272,32,1338,0,0,t_m_0_0,m,0.0024999999999999467,0.0024999999999999467,46.427528381347656,0,46.427528381347656,46.21519322815854,0.19163381475925387,45.055809020996094,46.427528381347656,0.009700775146484375,none,0,3.1396862819999845,3.0719589999999921,0.022046935522248998,183074,137,0.15840027800000001,0.030764660999999999,0.18917119099999999,true,branched,
137,275,33,1340,450,1113,t_z_77_76_0,z,0.075887197319214311,0.075887197319214311,46.775901794433594,0,46.775901794433594,46.55307698036308,0.19275344271679723,45.409942626953125,46.775901794433594,0.020908355712890625,none,0,3.1396862819999845,3.0719589999999921,0.022046935522248998,183165,138,0.16353041900000001,0.030330981999999999,0.19386973399999999,true,branched,
138,277,34,1339,592,1807,t_z_530_528_3,z,0.99808062584978963,0.99808062584978963,47.093517303466797,0,47.093517303466797,46.893546929904289,0.19122475123051288,45.759899139404297,47.093517303466797,0.000179290771484375,none,0,3.1396862819999845,3.0719589999999921,0.022046935522248998,183169,139,0.15921796499999999,0.030325304000000001,0.18954917299999999,true,branched,
139,279,35,1337,886,2720,t_z_67_68_0,z,0.0010000000000000009,0.0010000000000000009,47.431720733642578,0,47.431720733642578,47.233280190444297,0.18925307595025787,46.110237121582031,47.431720733642578,0.0126190185546875,none,0,3.1396862819999845,3.0719589999999921,0.022046935522248998,183170,140,0.159475072,0.030334089000000002,0.18981458600000001,true,branched,
140,280,36,1336,1118,3829,t_z_470_333_2,z,0.27835246082477261,0.27835246082477261,47.755241394042969,0,47.755241394042969,47.570230361230358,0.18728957379067188,46.457675933837891,47.755241394042969,6.4849853515625e-05,none,0,3.1396862819999845,3.0719589999999921,0.022046935522248998,183171,141,0.16207205799999999,0.030314674999999999,0.19239608999999999,true,branched,
141,273,32,1307,1036,3617,t_z_538_537_0,z,0.66666666666666674,0.66666666666666674,48.348098754882812,0,48.348098754882812,48.160776764359653,0.19471612428720145,47.003856658935547,48.348098754882812,0.000194549560546875,none,0,3.1396862819999845,3.0719589999999921,0.022046935522248998,183521,142,0.16049743999999999,0.030090641000000001,0.190593813,true,branched,
142,285,33,1311,903,3034,t_z_388_389_1,z,0.00099999999999988987,0.00099999999999988987,48.606723785400391,0,48.606723785400391,48.421507683353148,0.19306126616666522,47.272651672363281,48.606723785400391,2.6702880859375e-05,none,0,3.1396862819999845,3.0719589999999921,0.022046935522248998,183537,143,0.15764521200000001,0.03009935,0.18775429099999999,true,branched,
143,286,34,1309,870,2776,t_z_357_358_0,z,0.0010000000000000009,0.0010000000000000009,48.945442199707031,0,48.945442199707031,48.761767309435093,0.19091941962979964,47.620826721191406,48.945442199707031,0.000171661376953125,none,0,3.1396862819999845,3.0719589999999921,0.022046935522248998,183540,144,0.15907159100000001,0.030202115000000002,0.18927938599999999,true,branched,
144,288,35,1305,607,1935,t_z_346_34_3,z,0.99939999999999984,0.99939999999999984,49.283618927001953,0,49.283618927001953,49.102203968384259,0.18757544625645842,47.969211578369141,49.283618927001953,0.00202178955078125,none,0,3.1396862819999845,3.0719589999999921,0.022046935522248998,183541,145,0.15908276499999999,0.030085568,0.18917776,true,branched,
145,270,31,1318,853,2713,t_z_155_67_0,z,0.86964462049563951,0.86964462049563951,49.865928649902344,0,49.865928649902344,49.677653441479791,0.19675040175676672,48.508518218994141,49.865928649902344,0.000164031982421875,none,0,3.1396862819999845,3.0719589999999921,0.022046935522248998,183873,146,0.159857638,0.030197736999999999,0.19006065,true,branched,
146,292,32,1357,944,3034,t_z_388_389_1,z,0.00099999999999988987,0.00099999999999988987,50.129993438720703,0,50.129993438720703,49.944095833651176,0.19575447276978244,48.781307220458984,50.129993438720703,0.001857757568359375,none,0,3.1396862819999845,3.0719589999999921,0.022046935522248998,183961,147,0.15853598099999999,0.030513055000000001,0.18905485999999999,true,branched,
147,294,33,1355,1078,3617,t_z_538_537_0,z,0.66666666666666663,0.66666666666666663,50.471504211425781,0,50.471504211425781,50.289181600197658,0.1937199769182541,49.133354187011719,50.471504211425781,0.00078582763671875,none,0,3.1396862819999845,3.0719589999999921,0.022046935522248998,183964,148,0.159662252,0.030502075,0.19017044899999999,true,branched,
148,297,34,1358,638,1935,t_z_346_34_3,z,0.99939999999999984,0.99939999999999984,50.8111572265625,0,50.8111572265625,50.630298069545198,0.19185217712800517,49.480937957763672,50.8111572265625,0.002166748046875,none,0,3.1396862819999845,3.0719589999999921,0.022046935522248998,183976,149,0.15847569,0.030521075000000002,0.18900229399999999,true,branched,
149,268,30,1314,435,1113,t_z_77_76_0,z,0.016083052044874258,0.016083052044874258,51.408115386962891,0,51.408115386962891,51.170343843224927,0.20027595779234714,49.993026733398438,51.408115386962891,0.039134979248046875,none,0,3.1396862819999845,3.0719589999999921,0.022046935522248998,184310,150,0.16187653299999999,0.030109106,0.19199360300000001,true,branched,
150,301,31,1313,335,684,t_m_171_0,m,0.016083052044874258,0.016083052044874258,51.636627197265625,0,51.636627197265625,51.444801391578316,0.19848908536335794,50.27392578125,51.636627197265625,0.003520965576171875,none,0,3.1396862819999845,3.0719589999999921,0.022046935522248998,184311,151,0.159173864,0.030134391,0.189314344,true,branched,
151,303,32,1299,0,0,t_m_0_0,m,0.00016666666666675933,0.00016666666666675933,52.010997772216797,0,52.010997772216797,51.797096643014719,0.19673019979842565,50.624717712402344,52.010997772216797,0.0126495361328125,none,0,3.1396862819999845,3.0719589999999921,0.022046935522248998,184384,152,0.16064772299999999,0.029901688999999999,0.19055919099999999,true,branched,
152,305,33,1305,572,1807,t_z_530_528_3,z,0.99983333333333324,0.99983333333333324,52.347335815429688,0,52.347335815429688,52.148711664192518,0.19372129955769535,50.986320495605469,52.347335815429688,0.00225830078125,none,0,3.1396862819999845,3.0719589999999921,0.022046935522248998,184411,153,0.15905836800000001,0.030146421999999999,0.18921064800000001,true,branched,
153,307,34,1303,204,419,t_m_104_3,m,0.010741125774400562,0.010741125774400562,52.685710906982422,0,52.685710906982422,52.492783538396779,0.19193452215910287,51.338306427001953,52.685710906982422,0.007537841796875,none,0,3.1396862819999845,3.0719589999999921,0.022046935522248998,184412,154,0.16057116199999999,0.030142937000000002,0.19072124200000001,true,branched,
154,309,35,1298,861,2728,t_z_68_351_0,z,0.0010000000000000009,0.0010000000000000009,53.036041259765625,0,53.036041259765625,52.831044842171927,0.19268750557463973,51.684825897216797,53.036041259765625,0.004913330078125,none,0,3.1396862819999845,3.0719589999999921,0.022046935522248998,184511,155,0.15819476599999999,0.029764328,0.187967299,true,branched,
155,311,36,1308,610,1935,t_z_346_34_3,z,0.9993333333333333,0.9993333333333333,53.356113433837891,0,53.356113433837891,53.169585566272794,0.19026360966966477,52.030239105224609,53.356113433837891,0.00203704833984375,none,0,3.1396862819999845,3.0719589999999921,0.022046935522248998,184541,156,0.16063691099999999,0.029985520000000002,0.19063192300000001,true,branched,
156,313,37,1307,457,1261,t_z_108_107_2,z,0.022329800695803703,0.022329800695803703,53.692794799804688,0,53.692794799804688,53.508248341566933,0.18894222669640909,52.375587463378906,53.692794799804688,0.00070953369140625,none,0,3.1396862819999845,3.0719589999999921,0.022046935522248998,184542,157,0.15737736199999999,0.029781249999999999,0.18716656000000001,true,branched,
157,308,35,1300,842,2713,t_z_155_67_0,z,0.91727070194760452,0.91727070194760452,54.219245910644531,0,54.219245910644531,54.033966381366433,0.19057250631735345,52.877758026123047,54.219245910644531,0.0011138916015625,none,0,3.1396862819999845,3.0719589999999921,0.022046935522248998,184874,158,0.16064409900000001,0.030019179,0.19067299800000001,true,branched,
158,317,36,1301,1088,3825,t_z_470_333_0,z,0.91955151741236563,0.91955151741236563,54.477016448974609,0,54.477016448974609,54.292791907554587,0.18930557076358409,53.144924163818359,54.477016448974609,0.000370025634765625,none,0,3.1396862819999845,3.0719589999999921,0.022046935522248998,184883,159,0.15742434699999999,0.029831432000000001,0.18726568399999999,true,branched,
159,318,37,1303,607,1935,t_z_346_34_3,z,0.99940000000000007,0.99940000000000007,54.814746856689453,0,54.814746856689453,54.631952111572829,0.18774514094537825,53.489662170410156,54.814746856689453,0.00023651123046875,none,0,3.1396862819999845,3.0719589999999921,0.022046935522248998,184890,160,0.159443219,0.029826980999999999,0.189274951,true,branched,
160,321,38,1302,304,614,t_m_153_2,m,0.001499999999999696,0.001499999999999696,55.152988433837891,0,55.152988433837891,54.970425279092865,0.1866309266416456,53.835071563720703,55.152988433837891,0.001750946044921875,none,0,3.1396862819999845,3.0719589999999921,0.022046935522248998,184891,161,0.15797624099999999,0.029878747000000001,0.187862114,true,branched,
161,323,39,1332,966,3108,t_z_397_398_2,z,0.0010000000000001119,0.0010000000000001119,55.514213562011719,0,55.514213562011719,55.312663854421437,0.18504939178259527,54.177501678466797,55.514213562011719,0.00067138671875,none,0,3.1396862819999845,3.0719589999999921,0.022046935522248998,185005,162,0.15900160699999999,0.030055429000000002,0.189066809,true,branched,
162,324,40,1335,967,3116,t_z_398_399_2,z,0.00099999999999997205,0.00099999999999997205,55.849288940429688,0,55.849288940429688,55.637693392292839,0.19527396525676533,54.527423858642578,55.849288940429688,0.0059661865234375,none,0,3.1396862819999845,3.0719589999999921,0.022046935522248998,185104,163,0.16783427000000001,0.030193929000000001,0.19803349200000001,true,branched,
163,326,41,1333,952,3082,t_z_394_395_1,z,0.11527313136790407,0.11527313136790407,56.178226470947266,0,56.178226470947266,55.972458546803757,0.1944221403925451,54.869525909423828,56.178226470947266,0.00498199462890625,none,0,3.1396862819999845,3.0719589999999921,0.022046935522248998,185105,164,0.16391635099999999,0.030196902000000001,0.194121351,true,branched,
164,316,36,1293,91,188,t_m_47_0,m,0.0049703628897417307,0.0049703628897417307,56.812278747558594,0,56.812278747558594,56.61258231662358,0.19213775105280359,55.453453063964844,56.812278747558594,0.004276275634765625,none,0,3.1396862819999845,3.0719589999999921,0.022046935522248998,191596,165,0.17481676900000001,0.029617812,0.20444056699999999,true,branched,
165,331,37,1370,947,3025,t_z_388_216_0,z,0.0010963724960024734,0.0010963724960024734,57.069419860839844,0,57.069419860839844,56.877037346276055,0.18786784458120664,55.726810455322266,57.069419860839844,0.0072174072265625,none,0,3.1396862819999845,3.0719589999999921,0.022046935522248998,191661,166,0.16463930900000001,0.031018202000000002,0.195667322,true,branched,
166,332,38,1373,315,614,t_m_153_2,m,9.6059451091853876e-05,9.6059451091853876e-05,57.401256561279297,0,57.401256561279297,57.216116353012055,0.18666711583692108,56.072193145751953,57.401256561279297,0.005367279052734375,none,0,3.1396862819999845,3.0719589999999921,0.022046935522248998,191664,167,0.160562801,0.031065565,0.19163448299999999,true,branched,
167,335,39,1379,984,3076,t_z_393_394_2,z,0.022952144635441041,0.022952144635441041,57.759910583496094,0,57.759910583496094,57.555237239646772,0.18808423659821136,56.424449920654297,57.759910583496094,0.00025177001953125,none,0,3.1396862819999845,3.0719589999999921,0.022046935522248998,191792,168,0.160708289,0.030706758000000001,0.19142073600000001,true,branched,
168,336,40,1366,1006,3108,t_z_397_398_2,z,0.0010000000000000009,0.0010000000000000009,58.098857879638672,0,58.098857879638672,57.887153108856516,0.18627975006185327,56.772228240966797,58.098857879638672,3.0517578125e-05,none,0,3.1396862819999845,3.0719589999999921,0.022046935522248998,192023,169,0.16739942999999999,0.034559627000000002,0.20196450299999999,true,branched,
169,319,37,1293,900,3034,t_z_388_389_1,z,0.0010000000000001119,0.0010000000000001119,58.626987457275391,0,58.626987457275391,58.441637444846499,0.18843964884333328,57.281093597412109,58.626987457275391,0.00026702880859375,none,0,3.1396862819999845,3.0719589999999921,0.022046935522248998,193752,170,0.16815424700000001,0.033054356999999999,0.201214112,true,branched,
170,340,38,1291,303,614,t_m_153_2,m,0.00099999999999958455,0.00099999999999958455,58.889438629150391,0,58.889438629150391,58.703558223733232,0.18729970995054224,57.550071716308594,58.889438629150391,0.0007171630859375,none,0,3.1396862819999845,3.0719589999999921,0.022046935522248998,193755,171,0.167372404,0.030008966000000002,0.197387426,true,branched,
171,343,39,1312,945,3076,t_z_393_394_2,z,0.0010000000000001119,0.0010000000000001119,59.255943298339844,0,59.255943298339844,59.045091474928505,0.18875338995590882,57.891834259033203,59.255943298339844,0.000270843505859375,none,0,3.1396862819999845,3.0719589999999921,0.022046935522248998,193832,172,0.173796956,0.030007537000000001,0.20381005599999999,true,branched,
172,345,40,1301,503,1508,t_z_35_393_2,z,0.0020000000000000018,0.0020000000000000018,59.623832702636719,0,59.623832702636719,59.374934267576251,0.19253095749218968,58.237190246582031,59.623832702636719,0.03104400634765625,none,0,3.1396862819999845,3.0719589999999921,0.022046935522248998,193997,173,0.168229306,0.034263355000000002,0.20249877699999999,true,branched,
173,347,41,1300,809,2588,t_z_34_35_2,z,0.00099999999999997205,0.00099999999999997205,59.955192565917969,0,59.955192565917969,59.713495034437912,0.1921735665513114,58.581378936767578,59.955192565917969,0.022853851318359375,none,0,3.1396862819999845,3.0719589999999921,0.022046935522248998,194000,174,0.16022045300000001,0.030211425,0.190437358,true,branched,
174,349,42,1297,195,400,t_m_100_0,m,0.0040000000000006697,0.0040000000000006697,60.271663665771484,0,60.271663665771484,60.051772247761512,0.19224141541496925,58.926311492919922,60.271663665771484,0.00676727294921875,none,0,3.1396862819999845,3.0719589999999921,0.022046935522248998,194004,175,0.160134422,0.030242745000000001,0.190382828,true,branched,
175,351,43,1297,937,3082,t_z_394_395_1,z,0.099281086183894973,0.099281086183894973,60.606704711914062,0,60.606704711914062,60.390683911631633,0.19123146695220417,59.271652221679688,60.606704711914062,0.01151275634765625,none,0,3.1396862819999845,3.0719589999999921,0.022046935522248998,194020,176,0.16416900800000001,0.030173671999999999,0.19434831399999999,true,branched,
176,353,44,1297,756,2496,t_z_326_327_0,z,0.35181156220512844,0.35181156220512844,60.931838989257812,0,60.931838989257812,60.728236178572395,0.1911390769632221,59.613182067871094,60.931838989257812,0.00257110595703125,none,0,3.1396862819999845,3.0719589999999921,0.022046935522248998,194050,177,0.161257132,0.030277823999999998,0.19154063399999999,true,branched,
177,355,45,1298,453,1261,t_z_108_107_2,z,0.0020000000000002238,0.0020000000000002238,61.264575958251953,0,61.264575958251953,61.061983743323751,0.19202422536590216,59.954521179199219,61.264575958251953,0.001384735107421875,none,0,3.1396862819999845,3.0719589999999921,0.022046935522248998,194051,178,0.159613488,0.030196961000000001,0.189818126,true,branched,
178,357,46,1297,1072,3777,t_z_467_407_0,z,0.66666666666666674,0.66666666666666674,61.598384857177734,0,61.598384857177734,61.396784612557113,0.19232338024503384,60.295883178710938,61.598384857177734,7.62939453125e-06,none,0,3.1396862819999845,3.0719589999999921,0.022046935522248998,194052,179,0.15824427999999999,0.030202720999999998,0.18845271099999999,true,branched,
179,359,47,1296,878,2776,t_z_357_358_0,z,0.0010000000000000009,0.0010000000000000009,61.932025909423828,0,61.932025909423828,61.731236631487626,0.19255717859650479,60.637218475341797,61.932025909423828,0.00136566162109375,none,0,3.1396862819999845,3.0719589999999921,0.022046935522248998,194053,180,0.16190443099999999,0.030173898000000001,0.192084638,true,branched,
180,360,48,1292,897,2983,t_z_383_382_3,z,0.32835529569088695,0.32835529569088695,62.262874603271484,0,62.262874603271484,62.063733588062206,0.19194771414072392,60.974773406982422,62.262874603271484,0.001010894775390625,none,0,3.1396862819999845,3.0719589999999921,0.022046935522248998,194054,181,0.159249106,0.030135909999999998,0.189391485,true,branched,
181,352,44,1295,932,3074,t_z_393_394_1,z,0.11785291350491955,0.11785291350491955,62.892414093017578,0,62.892414093017578,62.677284579479554,0.19248574245132472,61.5626220703125,62.892414093017578,0.006015777587890625,none,0,3.1396862819999845,3.0719589999999921,0.022046935522248998,197854,182,0.163116804,0.030214141,0.19333663100000001,true,branched,
182,365,45,1284,882,2983,t_z_383_382_3,z,0.18368461340438291,0.18368461340438291,63.151939392089844,0,63.151939392089844,62.939224644242046,0.1899251104396755,61.829605102539062,63.151939392089844,0.00376129150390625,none,0,3.1396862819999845,3.0719589999999921,0.022046935522248998,197936,183,0.161568503,0.03022524,0.191799054,true,branched,
183,366,46,1263,428,1261,t_z_108_107_2,z,0.0020000000000002238,0.0020000000000002238,63.486255645751953,0,63.486255645751953,63.275621119700816,0.1916121534786695,62.1708984375,63.486255645751953,0.009998321533203125,none,0,3.1396862819999845,3.0719589999999921,0.022046935522248998,197965,184,0.16018997700000001,0.029660333000000001,0.18985690999999999,true,branched,
184,369,47,1262,517,1693,t_z_216_215_2,z,0.12807735565853676,0.12807735565853676,63.811592102050781,0,63.811592102050781,63.610532500664519,0.19186992315139453,62.510932922363281,63.811592102050781,0.00576019287109375,none,0,3.1396862819999845,3.0719589999999921,0.022046935522248998,197966,185,0.15955023500000001,0.029647712,0.189203501,true,branched,
185,371,48,1262,843,2776,t_z_357_358_0,z,0.0010000000000000009,0.0010000000000000009,64.14105224609375,0,64.14105224609375,63.945408505229679,0.19201312435993645,62.848365783691406,64.14105224609375,0.00017547607421875,none,0,3.1396862819999845,3.0719589999999921,0.022046935522248998,197968,186,0.16054818100000001,0.029638589999999999,0.19019232599999999,true,branched,
186,372,49,1258,1007,3650,t_z_537_539_1,z,0.99799999999999989,0.99799999999999989,64.476066589355469,0,64.476066589355469,64.281094443437979,0.19131309232524799,63.182300567626953,64.476066589355469,0.0006256103515625,none,0,3.1396862819999845,3.0719589999999921,0.022046935522248998,197969,187,0.161237398,0.029645808999999999,0.19088902399999999,true,branched,
187,374,50,1259,996,3617,t_z_538_537_0,z,0.66666666666666674,0.66666666666666674,64.807266235351562,0,64.807266235351562,64.612616250399469,0.19146852731445524,63.513252258300781,64.807266235351562,0.00238800048828125,none,0,3.1396862819999845,3.0719589999999921,0.022046935522248998,197972,188,0.163203023,0.029721032000000001,0.19292954900000001,true,branched,
188,377,51,1224,247,556,t_m_139_0,m,0.0024999999999999467,0.0024999999999999467,65.147720336914062,0,65.147720336914062,64.940471131817191,0.19314955843146731,63.841110229492188,65.147720336914062,0.011444091796875,none,0,3.1396862819999845,3.0719589999999921,0.022046935522248998,198012,189,0.15740590099999999,0.028720900000000001,0.18613469599999999,true,branched,
189,364,45,1294,452,1261,t_z_108_107_2,z,0.0020000000000002238,0.0020000000000002238,65.847381591796875,0,65.847381591796875,65.636000230839301,0.19405707952676887,64.526069641113281,65.847381591796875,0.006195068359375,none,0,3.1396862819999845,3.0719589999999921,0.022046935522248998,198431,190,0.15946332299999999,0.030276778000000001,0.18975043,true,branched,
190,381,46,1293,545,1693,t_z_216_215_2,z,0.15119811635386626,0.15119811635386626,66.1005859375,0,66.1005859375,65.895070830519956,0.19430979288618402,64.791435241699219,66.1005859375,0.00061798095703125,none,0,3.1396862819999845,3.0719589999999921,0.022046935522248998,198432,191,0.158854579,0.030210849000000001,0.18907542899999999,true,branched,
191,383,47,1293,496,1506,t_z_35_393_1,z,0.1564635152520979,0.1564635152520979,66.439376831054688,0,66.439376831054688,66.23422731545574,0.19441189720478033,65.134979248046875,66.439376831054688,0.0037689208984375,none,0,3.1396862819999845,3.0719589999999921,0.022046935522248998,198434,192,0.16076796400000001,0.030297919,0.19107411299999999,true,branched,
192,384,48,1300,976,3169,t_z_407_406_0,z,0.66666666666666674,0.66666666666666674,66.771720886230469,0,66.771720886230469,66.570460997361408,0.19407836200307854,65.47027587890625,66.771720886230469,7.62939453125e-06,none,0,3.1396862819999845,3.0719589999999921,0.022046935522248998,198443,193,0.16327148499999999,0.030255661999999999,0.193536706,true,branched,
193,387,49,1299,903,2983,t_z_383_382_3,z,0.32768149426813409,0.32768149426813409,67.104789733886719,0,67.104789733886719,66.905069293931774,0.19421754559288357,65.804229736328125,67.104789733886719,0.0006256103515625,none,0,3.1396862819999845,3.0719589999999921,0.022046935522248998,198444,194,0.15941037999999999,0.030172310000000001,0.189588438,true,branched,
194,388,50,1270,857,2776,t_z_357_358_0,z,0.0010000000000000009,0.0010000000000000009,67.43707275390625,0,67.43707275390625,67.237542958897862,0.19586013799813448,66.135887145996094,67.43707275390625,0.000213623046875,none,0,3.1396862819999845,3.0719589999999921,0.022046935522248998,198507,195,0.15929394299999999,0.029635307999999999,0.188934888,true,branched,
195,390,51,1266,1015,3650,t_z_537_539_1,z,0.99799999999999989,0.99799999999999989,67.772109985351562,0,67.772109985351562,67.573292989866431,0.19511092675866379,66.469818115234375,67.772109985351562,0.00147247314453125,none,0,3.1396862819999845,3.0719589999999921,0.022046935522248998,198508,196,0.16143279999999999,0.029658894000000002,0.19110115799999999,true,branched,
196,392,52,1267,578,1935,t_z_346_34_3,z,0.99933333333333318,0.99933333333333318,68.105850219726562,0,68.105850219726562,67.908280611226388,0.19520936481972567,66.803764343261719,68.105850219726562,0.000885009765625,none,0,3.1396862819999845,3.0719589999999921,0.022046935522248998,198510,197,0.15932447699999999,0.029692204,0.18902513100000001,true,branched,
197,395,53,1266,1003,3617,t_z_538_537_0,z,0.66666666666666652,0.66666666666666652,68.4373779296875,0,68.4373779296875,68.240218646153451,0.19537754978400027,67.134880065917969,68.4373779296875,0.0010833740234375,none,0,3.1396862819999845,3.0719589999999921,0.022046935522248998,198511,198,0.159406245,0.029689225999999999,0.189104358,true,branched,
198,397,54,1266,266,556,t_m_139_0,m,0.0025000000000000577,0.0025000000000000577,68.778358459472656,0,68.778358459472656,68.571191844970315,0.19559167177816691,67.460525512695312,68.778358459472656,0.0107421875,none,0,3.1396862819999845,3.0719589999999921,0.022046935522248998,198528,199,0.157277202,0.029721742999999998,0.18700450499999999,true,branched,
199,399,55,1256,952,3543,t_z_452_7_3,z,0.999,0.999,69.093795776367188,0,69.093795776367188,68.893114794591426,0.19887299181727203,67.766616821289062,69.093795776367188,0.00113677978515625,none,0,3.1396862819999845,3.0719589999999921,0.022046935522248998,198671,200,0.15915943699999999,0.029437662,0.18860274699999999,true,branched,
200,401,56,1254,1244,4455,t_z_398_59_3,z,0.81678830199085306,0.81678830199085306,69.419692993164062,0,69.419692993164062,69.2195526135215,0.19916385865009889,68.092628479003906,69.419692993164062,0.002685546875,none,0,3.1396862819999845,3.0719589999999921,0.022046935522248998,198671,201,0.15753268300000001,0.029442764999999999,0.186981338,true,branched,
201,402,57,1254,1248,4463,t_z_155_59_3,z,0.999,0.999,69.739692687988281,0,69.739692687988281,69.53623086299622,0.19931064489188746,68.408187866210938,69.739692687988281,0.00588226318359375,none,0,3.1396862819999845,3.0719589999999921,0.022046935522248998,198674,202,0.15786831400000001,0.029305389000000001,0.18718345,true,branched,
202,405,58,1252,1030,3703,t_z_465_451_3,z,0.999,0.999,70.049026489257812,0,70.049026489257812,69.850861972894151,0.19943753075867801,68.722343444824219,70.049026489257812,0.00232696533203125,none,0,3.1396862819999845,3.0719589999999921,0.022046935522248998,198674,203,0.157007551,0.029289550000000001,0.18630274199999999,true,branched,
203,407,59,1251,916,3119,t_z_399_398_3,z,0.99505982488864986,0.99505982488864986,70.359001159667969,0,70.359001159667969,70.162881053799538,0.19956047453939393,69.033546447753906,70.359001159667969,0.00467681884765625,none,0,3.1396862819999845,3.0719589999999921,0.022046935522248998,198674,204,0.15918997900000001,0.029426252999999999,0.188621703,true,branched,
204,409,60,1269,1098,3947,t_z_479_478_1,z,0.99958241902653355,0.99958241902653355,70.685348510742188,0,70.685348510742188,70.47555814942946,0.19867420917139009,69.34405517578125,70.685348510742188,0.01863861083984375,none,0,3.1396862819999845,3.0719589999999921,0.022046935522248998,198693,205,0.15855675799999999,0.029639972000000001,0.18820600200000001,true,branched,
205,411,61,1267,556,1867,t_z_515_323_1,z,0.99850000000000005,0.99850000000000005,70.973152160644531,0,70.973152160644531,70.78154093464623,0.198813028743906,69.649269104003906,70.973152160644531,0.00060272216796875,none,0,3.1396862819999845,3.0719589999999921,0.022046935522248998,198694,206,0.15951991800000001,0.029615666999999998,0.18914492299999999,true,branched,
206,398,55,1265,961,3543,t_z_452_7_3,z,0.999,0.999,71.806503295898438,0,71.806503295898438,71.609488898115202,0.19640687611291252,70.492889404296875,71.806503295898438,0.00104522705078125,none,0,3.1396862819999845,3.0719589999999921,0.022046935522248998,199066,207,0.16722255799999999,0.029863561,0.19709411800000001,true,branched,
207,415,56,1263,1254,4455,t_z_398_59_3,z,0.85254167914703038,0.85254167914703038,72.068038940429688,0,72.068038940429688,71.871485664083764,0.19669671280447981,70.754066467285156,72.068038940429688,0.00054931640625,none,0,3.1396862819999845,3.0719589999999921,0.022046935522248998,199066,208,0.16400344,0.029834194000000001,0.19384288499999999,true,branched,
208,416,57,1263,1257,4463,t_z_155_59_3,z,0.999,0.999,72.399711608886719,0,72.399711608886719,72.200136603010336,0.19681427160714329,71.081558227539062,72.399711608886719,0.0034332275390625,none,0,3.1396862819999845,3.0719589999999921,0.022046935522248998,199069,209,0.163865489,0.029793567999999999,0.19366465399999999,true,branched,
209,419,58,1261,846,2736,t_z_351_352_0,z,0.043143381468036424,0.043143381468036424,72.722465515136719,0,72.722465515136719,72.525767520720009,0.19690127785112382,71.406707763671875,72.722465515136719,0.002410888671875,none,0,3.1396862819999845,3.0719589999999921,0.022046935522248998,199069,210,0.16039699900000001,0.029725722,0.19013195799999999,true,branched,
210,421,59,1262,792,2634,t_z_342_343_1,z,0.0022000000000000908,0.0022000000000000908,73.083770751953125,0,73.083770751953125,72.854663208056181,0.19548838474451632,71.753997802734375,73.083770751953125,0.00958251953125,none,0,3.1396862819999845,3.0719589999999921,0.022046935522248998,199194,211,0.160047248,0.029551141999999999,0.18960796899999999,true,branched,
211,423,60,1276,1066,3829,t_z_470_333_2,z,0.0010000000000001119,0.0010000000000001119,73.391639709472656,0,73.391639709472656,73.17042371098151,0.19896377459381628,72.069854736328125,73.391639709472656,0.02246856689453125,none,0,3.1396862819999845,3.0719589999999921,0.022046935522248998,199311,212,0.16651997399999999,0.030560159,0.197091762,true,branched,
212,425,61,1278,832,2699,t_z_350_154_1,z,0.998,0.998,73.682563781738281,0,73.682563781738281,73.483485011427618,0.19783240332737351,72.382133483886719,73.682563781738281,0.00038909912109375,none,0,3.1396862819999845,3.0719589999999921,0.022046935522248998,199329,213,0.16040533900000001,0.029680084999999998,0.190094925,true,branched,
213,427,62,1276,511,1683,t_z_514_350_1,z,0.0010000000000001119,0.0010000000000001119,73.994377136230469,0,73.994377136230469,73.794706864790484,0.19791914851360121,72.692588806152344,73.994377136230469,0.0003662109375,none,0,3.1396862819999845,3.0719589999999921,0.022046935522248998,199330,214,0.16157500499999999,0.029701809999999999,0.19128255199999999,true,branched,
214,429,63,1313,455,1259,t_z_108_107_1,z,0.0016538828574177156,0.0016538828574177156,74.316055297851562,0,74.316055297851562,74.105340317016513,0.19632520112500243,73.004714965820312,74.316055297851562,0.01218414306640625,none,0,3.1396862819999845,3.0719589999999921,0.022046935522248998,199399,215,0.16646449999999999,0.030665351,0.197139657,true,branched,
215,431,64,1312,1301,4441,t_z_337_155_0,z,0.0015000000000000568,0.0015000000000000568,74.609298706054688,0,74.609298706054688,74.410620666131734,0.19636088603606949,73.308975219726562,74.609298706054688,0.00045013427734375,none,0,3.1396862819999845,3.0719589999999921,0.022046935522248998,199400,216,0.16361942600000001,0.030480924,0.19411024900000001,true,branched,
216,432,65,1310,1100,3827,t_z_470_333_1,z,0.999,0.999,74.914291381835938,0,74.914291381835938,74.715783231312997,0.19647178017865197,73.613204956054688,74.914291381835938,0.0040283203125,none,0,3.1396862819999845,3.0719589999999921,0.022046935522248998,199402,217,0.16192010600000001,0.030327936999999999,0.192254376,true,branched,
217,435,66,1305,1076,3703,t_z_465_451_3,z,0.999,0.999,75.2161865234375,0,75.2161865234375,75.020623469444075,0.19673301563060908,73.917900085449219,75.2161865234375,0.00028228759765625,none,0,3.1396862819999845,3.0719589999999921,0.022046935522248998,199402,218,0.164781486,0.030507783,0.19529517199999999,true,branched,
218,422,60,1257,794,2643,t_z_343_28_1,z,0.00070000000000003393,0.00070000000000003393,76.129142761230469,0,76.129142761230469,75.908009088314429,0.19602445944722408,74.800994873046875,76.129142761230469,0.02703094482421875,none,0,3.1396862819999845,3.0719589999999921,0.022046935522248998,199767,219,0.16639042400000001,0.031152191999999999,0.197548267,true,branched,
219,439,61,1253,1243,4441,t_z_337_155_0,z,0.0015000000000000568,0.0015000000000000568,76.350936889648438,0,76.350936889648438,76.156057949933825,0.19515393787633814,75.04730224609375,76.350936889648438,0.001983642578125,none,0,3.1396862819999845,3.0719589999999921,0.022046935522248998,199799,220,0.16099626,0.029450301000000002,0.19045590300000001,true,branched,
220,440,62,1251,1026,3703,t_z_465_451_3,z,0.999,0.999,76.675453186035156,0,76.675453186035156,76.482352624980095,0.19525190673283105,75.372589111328125,76.675453186035156,0.00150299072265625,none,0,3.1396862819999845,3.0719589999999921,0.022046935522248998,199802,221,0.16017788599999999,0.030176298000000001,0.19036389500000001,true,branched,
221,443,63,1250,836,2725,t_z_68_67_2,z,0.99849999999999994,0.99849999999999994,76.99407958984375,0,76.99407958984375,76.802235565185541,0.19525224668203772,75.691642761230469,76.99407958984375,0.000274658203125,none,0,3.1396862819999845,3.0719589999999921,0.022046935522248998,199802,222,0.15974597800000001,0.029316884000000001,0.189068019,true,branched,
222,445,64,1242,909,3119,t_z_399_398_3,z,0.99580676804242862,0.99580676804242862,77.305915832519531,0,77.305915832519531,77.113983381581576,0.19564317280863913,76.002403259277344,77.305915832519531,0.002044677734375,none,0,3.1396862819999845,3.0719589999999921,0.022046935522248998,199806,223,0.16303620099999999,0.030264831999999998,0.19330586899999999,true,branched,
223,447,65,1240,1031,3791,t_z_467_408_3,z,0.65544281808385285,0.65544281808385285,77.615638732910156,0,77.615638732910156,77.425056359075725,0.1955667566402613,76.312904357910156,77.615638732910156,0,none,0,3.1396862819999845,3.0719589999999921,0.022046935522248998,199808,224,0.16150403799999999,0.029122608000000001,0.190634631,true,branched,
224,448,66,1239,540,1867,t_z_515_323_1,z,0.99850000000000005,0.99850000000000005,77.921249389648438,0,77.921249389648438,77.730299610202593,0.19554946776455684,76.617340087890625,77.921249389648438,0.0046539306640625,none,0,3.1396862819999845,3.0719589999999921,0.022046935522248998,199810,225,0.16027348999999999,0.029160353,0.18943839900000001,true,branched,
225,451,67,1234,544,1883,t_z_208_207_1,z,0.99849999999999983,0.99849999999999983,78.22894287109375,0,78.22894287109375,78.035008212542422,0.19571483936289,76.921470642089844,78.22894287109375,0.0069580078125,none,0,3.1396862819999845,3.0719589999999921,0.022046935522248998,199814,226,0.16295802300000001,0.029123908,0.19208731100000001,true,branched,
226,438,61,1257,1247,4441,t_z_337_155_0,z,0.0015000000000000568,0.0015000000000000568,79.066734313964844,0,79.066734313964844,78.872485292081137,0.19604144856746161,77.758491516113281,79.066734313964844,0.0022125244140625,none,0,3.1396862819999845,3.0719589999999921,0.022046935522248998,200165,227,0.16251159900000001,0.029655336000000001,0.19217266999999999,true,branched,
227,454,62,1255,1030,3703,t_z_465_451_3,z,0.999,0.999,79.327186584472656,0,79.327186584472656,79.13500540683944,0.19611844989084173,78.019683837890625,79.327186584472656,0.0006866455078125,none,0,3.1396862819999845,3.0719589999999921,0.022046935522248998,200168,228,0.16107969599999999,0.029289709000000001,0.190377136,true,branched,
228,457,63,1254,1045,3791,t_z_467_408_3,z,0.67763505942649271,0.67763505942649271,79.650520324707031,0,79.650520324707031,79.458778101481514,0.19611546919005413,78.342666625976562,79.650520324707031,0.00045013427734375,none,0,3.1396862819999845,3.0719589999999921,0.022046935522248998,200168,229,0.160649287,0.029295967999999999,0.189950748,true,branched,
229,458,64,1253,842,2725,t_z_68_67_2,z,0.99849999999999994,0.99849999999999994,79.976547241210938,0,79.976547241210938,79.784903134333064,0.19609217818668151,78.66796875,79.976547241210938,0.00041961669921875,none,0,3.1396862819999845,3.0719589999999921,0.022046935522248998,200170,230,0.16345178599999999,0.029305692000000001,0.192762663,true,branched,
230,461,65,1244,914,3119,t_z_399_398_3,z,0.99640841003327174,0.99640841003327174,80.302597045898438,0,80.302597045898438,80.110946029712153,0.19653233828252575,78.993194580078125,80.302597045898438,0.00286865234375,none,0,3.1396862819999845,3.0719589999999921,0.022046935522248998,200178,231,0.16605619899999999,0.029252014,0.19531700499999999,true,branched,
231,463,66,1242,541,1867,t_z_515_323_1,z,0.99849999999999983,0.99849999999999983,80.619827270507812,0,80.619827270507812,80.430367388395098,0.19644270890552606,79.313102722167969,80.619827270507812,0.0045928955078125,none,0,3.1396862819999845,3.0719589999999921,0.022046935522248998,200180,232,0.16346646200000001,0.029120513000000001,0.19259261599999999,true,branched,
232,465,67,1237,545,1883,t_z_208_207_1,z,0.99849999999999983,0.99849999999999983,80.933837890625,0,80.933837890625,80.74145293794723,0.19659699453611529,79.624595642089844,80.933837890625,0.00688934326171875,none,0,3.1396862819999845,3.0719589999999921,0.022046935522248998,200183,233,0.160542346,0.029160331000000001,0.18970774800000001,true,branched,
233,466,68,1254,524,1682,t_z_350_514_1,z,0.99850000000000005,0.99850000000000005,81.240325927734375,0,81.240325927734375,81.050417971572998,0.19568436970044994,79.933769226074219,81.240325927734375,0.002960205078125,none,0,3.1396862819999845,3.0719589999999921,0.022046935522248998,200205,234,0.16252024200000001,0.029515100999999998,0.192040881,true,branched,
234,469,69,1253,835,2698,t_z_154_350_1,z,0.0015000000000000568,0.0015000000000000568,81.562896728515625,0,81.562896728515625,81.355413724590278,0.19558930049236245,80.238937377929688,81.562896728515625,0.01999664306640625,none,0,3.1396862819999845,3.0719589999999921,0.022046935522248998,200206,235,0.16071828699999999,0.029534495000000001,0.19025831000000001,true,branched,
235,470,70,1250,1084,3937,t_z_477_473_0,z,0.999,0.999,81.848602294921875,0,81.848602294921875,81.660499792480465,0.19571681600340865,80.544143676757812,81.848602294921875,0.0013885498046875,none,0,3.1396862819999845,3.0719589999999921,0.022046935522248998,200208,236,0.16475013199999999,0.029468591999999998,0.19422414800000001,true,branched,
236,473,71,1244,1099,4017,t_z_192_191_0,z,0.99774999999999991,0.99774999999999991,82.1529541015625,0,82.1529541015625,81.964963465258236,0.19581822924610373,80.849296569824219,82.1529541015625,0.000579833984375,none,0,3.1396862819999845,3.0719589999999921,0.022046935522248998,200214,237,0.16118893200000001,0.029326015,0.19052398300000001,true,branched,
237,475,72,1243,842,2729,t_z_351_68_0,z,0.0012499999999999734,0.0012499999999999734,82.566909790039062,0,82.566909790039062,82.310999728361637,0.19607693486008879,81.196258544921875,82.566909790039062,0.0411529541015625,none,0,3.0794086059999843,3.0719589999999921,0.0024250343184893564,200215,238,0.16945131199999999,0.029714198000000001,0.19917126299999999,true,branched,
238,476,73,1242,1053,3838,t_z_292_470_3,z,0.0044046453943639152,0.0044046453943639152,82.831558227539062,0,82.831558227539062,82.616132972705003,0.19602616779235882,81.501434326171875,82.831558227539062,0.01618194580078125,none,0,3.0794086059999843,3.0719589999999921,0.0024250343184893564,200217,239,0.16139094800000001,0.029264094000000001,0.190660304,true,branched,
239,478,74,1242,877,3024,t_z_216_388_0,z,0.99517410847410792,0.99517410847410792,83.12109375,0,83.12109375,82.921335696406217,0.19593791167925834,81.806617736816406,83.12109375,0.00205230712890625,none,0,3.0794086059999843,3.0719589999999921,0.0024250343184893564,200219,240,0.16261424999999999,0.029343781999999999,0.191963039,true,branched,
240,481,75,1253,742,2497,t_z_327_326_0,z,0.31905724281063852,0.31905724281063852,83.424713134765625,0,83.424713134765625,83.226558274301837,0.19698799723096408,82.111663818359375,83.424713134765625,0.00244140625,none,0,3.0794086059999843,3.0719589999999921,0.0024250343184893564,200236,241,0.16234863299999999,0.029430009,0.19178789399999999,true,branched,
241,467,68,1235,827,2729,t_z_351_68_0,z,0.0012499999999999734,0.0012499999999999734,84.42431640625,0,84.42431640625,84.17080524768906,0.19762105634162547,83.052764892578125,84.42431640625,0.0370635986328125,none,0,3.0794086059999843,3.0719589999999921,0.0024250343184893564,200802,242,0.159442002,0.029155298999999999,0.188604301,true,branched,
242,484,69,1234,1039,3838,t_z_292_470_3,z,0.0052866163181997106,0.0052866163181997106,84.640556335449219,0,84.640556335449219,84.423893549840301,0.19749313151095058,83.306076049804688,84.640556335449219,0.0164794921875,none,0,3.0794086059999843,3.0719589999999921,0.0024250343184893564,200806,243,0.15861203500000001,0.028981759999999999,0.187601974,true,branched,
243,486,70,1234,839,2914,t_z_354_509_1,z,0.73496010013285695,0.73496010013285695,84.950225830078125,0,84.950225830078125,84.749800436307396,0.19741523410831369,83.631927490234375,84.950225830078125,0.00206756591796875,none,0,3.0794086059999843,3.0719589999999921,0.0024250343184893564,200808,244,0.15915865100000001,0.028863689000000001,0.18803145700000001,true,branched,
244,489,71,1233,861,3024,t_z_216_388_0,z,0.9953737412223882,0.9953737412223882,85.266685485839844,0,85.266685485839844,85.068120215447664,0.19749634409833483,83.950180053710938,85.266685485839844,0.0010986328125,none,0,3.0794086059999843,3.0719589999999921,0.0024250343184893564,200812,245,0.157679291,0.028955755,0.186644384,true,branched,
245,491,72,1233,717,2497,t_z_327_326_0,z,0.30984840007819936,0.30984840007819936,85.581680297851562,0,85.581680297851562,85.383792608033716,0.19767708377668641,84.265708923339844,85.581680297851562,0.00339508056640625,none,0,3.0794086059999843,3.0719589999999921,0.0024250343184893564,200820,246,0.15896964999999999,0.029015929999999999,0.18799321199999999,true,branched,
246,493,73,1233,1028,3827,t_z_470_333_1,z,0.84254087766108554,0.84254087766108554,85.894416809082031,0,85.894416809082031,85.699303477736677,0.1976769729752606,84.58123779296875,85.894416809082031,0.0030059814453125,none,0,3.0794086059999843,3.0719589999999921,0.0024250343184893564,200825,247,0.157289606,0.02896261,0.186257642,true,branched,
247,495,74,1247,276,602,t_m_150_2,m,0.0024999999999999467,0.0024999999999999467,86.20587158203125,0,86.20587158203125,86.013619454268365,0.19697761498715757,84.894149780273438,86.20587158203125,9.918212890625e-05,none,0,3.0794086059999843,3.0719589999999921,0.0024250343184893564,200841,248,0.16024126599999999,0.029406845000000001,0.189654764,true,branched,
248,497,75,1274,1098,3937,t_z_477_473_0,z,0.999,0.999,86.518074035644531,0,86.518074035644531,86.323844999496004,0.19634724673638723,85.210884094238281,86.518074035644531,0.0006866455078125,none,0,3.0794086059999843,3.0719589999999921,0.0024250343184893564,200918,249,0.16136851399999999,0.029681843999999999,0.19105607199999999,true,branched,
249,499,76,1268,1023,3652,t_z_537_539_2,z,0.999,0.999,86.8231201171875,0,86.8231201171875,86.628534792349541,0.19657188640477138,85.516014099121094,86.8231201171875,0.000396728515625,none,0,3.0794086059999843,3.0719589999999921,0.0024250343184893564,200924,250,0.16267890600000001,0.029656714000000001,0.192341344,true,branched,
250,500,77,1271,294,625,t_m_156_1,m,0.00050000000000038902,0.00050000000000038902,87.144813537597656,0,87.144813537597656,86.933810980651998,0.1972634945758277,85.8226318359375,87.144813537597656,0.0145416259765625,none,0,3.0794086059999843,3.0719589999999921,0.0024250343184893564,200934,251,0.158901297,0.029715247,0.18862174300000001,true,branched,
251,503,78,1308,183,378,t_m_94_2,m,0.0012879732967067681,0.0012879732967067681,87.439697265625,0,87.439697265625,87.24089606748808,0.19970789179755191,86.127349853515625,87.439697265625,0.00331878662109375,none,0,3.0794086059999843,3.0719589999999921,0.0024250343184893564,201052,252,0.16372598199999999,0.030212254000000001,0.19394366399999999,true,branched,
252,505,79,1249,1071,3947,t_z_479_478_1,z,0.99782818399914019,0.99782818399914019,87.76171875,0,87.76171875,87.542972121838091,0.19974295182242077,86.428108215332031,87.76171875,0.020904541015625,none,0,3.0794086059999843,3.0719589999999921,0.0024250343184893564,201138,253,0.16056789199999999,0.029215911000000001,0.18978932200000001,true,branched,
253,507,80,1245,780,2581,t_z_334_81_2,z,0.87530357142857151,0.87530357142857151,88.046524047851562,0,88.046524047851562,87.848125197322489,0.20002576980487502,86.733299255371094,88.046524047851562,0.0030059814453125,none,0,3.0794086059999843,3.0719589999999921,0.0024250343184893564,201143,254,0.16091871099999999,0.029151333000000001,0.19007544500000001,true,branched,
254,509,81,1244,882,2987,t_z_384_383_1,z,0.99967386964920646,0.99967386964920646,88.349220275878906,0,88.349220275878906,88.153099041659729,0.20025685302158955,87.038276672363281,88.349220275878906,0.0001068115234375,none,0,3.0794086059999843,3.0719589999999921,0.0024250343184893564,201144,255,0.158717581,0.029171005999999999,0.187894378,true,branched,
255,511,82,1242,1085,4017,t_z_192_191_0,z,0.997,0.997,88.654830932617188,0,88.654830932617188,88.457907610661351,0.20044082938908234,87.343437194824219,88.654830932617188,0.0006866455078125,none,0,3.0794086059999843,3.0719589999999921,0.0024250343184893564,201145,256,0.15998770600000001,0.028994691999999999,0.18898758600000001,true,branched,
256,513,83,1241,1056,3893,t_z_472_358_2,z,0.66633333333333356,0.66633333333333356,88.954132080078125,0,88.954132080078125,88.757318058674798,0.20059832220594173,87.642654418945312,88.954132080078125,0.000274658203125,none,0,3.0794086059999843,3.0719589999999921,0.0024250343184893564,201146,257,0.15889089300000001,0.029036607999999998,0.18793288999999999,true,branched,
257,515,84,1242,1038,3830,t_z_333_470_3,z,0.96080877471866466,0.96080877471866466,89.250221252441406,0,89.250221252441406,89.053665437560156,0.20061233678373158,87.938529968261719,89.250221252441406,0.00113677978515625,none,0,3.0794086059999843,3.0719589999999921,0.0024250343184893564,201150,258,0.159392752,0.029209302999999999,0.18861191899999999,true,branched,
258,516,85,1287,962,3147,t_z_403_402_1,z,0.93400522199482516,0.93400522199482516,89.557472229003906,0,89.557472229003906,89.348591956410559,0.20303875940793861,88.240837097167969,89.557472229003906,0.011505126953125,none,0,3.0794086059999843,3.0719589999999921,0.0024250343184893564,201205,259,0.16057660500000001,0.030089909000000001,0.19067213399999999,true,branched,
259,519,86,1285,947,3107,t_z_398_397_1,z,0.82834494244539725,0.82834494244539725,89.841361999511719,0,89.841361999511719,89.640791142682616,0.2030322268670853,88.532752990722656,89.841361999511719,0.00144195556640625,none,0,3.0794086059999843,3.0719589999999921,0.0024250343184893564,201208,260,0.160913638,0.030128762,0.19104834000000001,true,branched,
260,521,87,1284,902,2971,t_z_382_381_1,z,0.80591092247282792,0.80591092247282792,90.132835388183594,0,90.132835388183594,89.933030897954538,0.20309655922228503,88.824951171875,90.132835388183594,7.62939453125e-05,none,0,3.0794086059999843,3.0719589999999921,0.0024250343184893564,201209,261,0.16133445499999999,0.029971540000000001,0.19131418,true,branched,
261,504,79,1302,123,242,t_m_60_2,m,0.0013053920860716106,0.0013053920860716106,91.309234619140625,0,91.309234619140625,91.114114207606164,0.19743350755169092,89.990982055664062,91.309234619140625,0.00301361083984375,none,0,3.0794086059999843,3.0719589999999921,0.0024250343184893564,201627,262,0.16570368599999999,0.030080185999999998,0.19578964800000001,true,branched,
262,525,80,1265,781,2581,t_z_334_81_2,z,0.8753035714285714,0.8753035714285714,91.532478332519531,0,91.532478332519531,91.338203032120418,0.19826189568363217,90.220726013183594,91.532478332519531,0.0001983642578125,none,0,3.0794086059999843,3.0719589999999921,0.0024250343184893564,201668,263,0.16198884399999999,0.029546589000000002,0.19154347399999999,true,branched,
263,527,81,1264,121,248,t_m_62_0,m,0.0035899277026382346,0.0035899277026382346,91.838027954101562,0,91.838027954101562,91.643414968176728,0.19844031229527012,90.525688171386719,91.838027954101562,0.0008392333984375,none,0,3.0794086059999843,3.0719589999999921,0.0024250343184893564,201669,264,0.162194329,0.029458452999999999,0.19165843399999999,true,branched,
264,529,82,1279,448,1263,t_z_108_107_3,z,0.0010000000000001119,0.0010000000000001119,92.166435241699219,0,92.166435241699219,91.95023042322417,0.19936671030220587,90.832656860351562,92.166435241699219,0.0091552734375,none,0,3.0794086059999843,3.0719589999999921,0.0024250343184893564,201709,265,0.16281815699999999,0.029551276000000001,0.192375186,true,branched,
265,531,83,1278,350,744,t_m_186_0,m,0.0010000000000000009,0.0010000000000000009,92.4630126953125,0,92.4630126953125,92.255805652839285,0.19943867674789939,91.137809753417969,92.4630126953125,0.0065155029296875,none,0,3.0794086059999843,3.0719589999999921,0.0024250343184893564,201710,266,0.16092031000000001,0.029605565,0.19053530499999999,true,branched,
266,532,84,1277,954,3147,t_z_403_402_1,z,0.93058692318280434,0.93058692318280434,92.76226806640625,0,92.76226806640625,92.561248868913879,0.19950318883836712,91.442916870117188,92.76226806640625,0.00506591796875,none,0,3.0794086059999843,3.0719589999999921,0.0024250343184893564,201711,267,0.15922223499999999,0.029724916000000001,0.188952653,true,branched,
267,535,85,1275,1093,3893,t_z_472_358_2,z,0.6864021873130286,0.6864021873130286,93.064208984375,0,93.064208984375,92.866022344851032,0.19948513365860229,91.744407653808594,93.064208984375,0.00467681884765625,none,0,3.0794086059999843,3.0719589999999921,0.0024250343184893564,201714,268,0.160187934,0.029638405999999999,0.18983197499999999,true,branched,
268,537,86,1276,1074,3830,t_z_333_470_3,z,0.96049504274293918,0.96049504274293918,93.363800048828125,0,93.363800048828125,93.170344385607493,0.19947372205737346,92.048202514648438,93.363800048828125,5.340576171875e-05,none,0,3.0794086059999843,3.0719589999999921,0.0024250343184893564,201718,269,0.159321293,0.029655125000000001,0.18898588199999999,true,branched,
269,538,87,1265,1112,4017,t_z_192_191_0,z,0.99774999999999991,0.99774999999999991,93.662796020507812,0,93.662796020507812,93.470645382847238,0.19740943225733434,92.356010437011719,93.662796020507812,0.0022125244140625,none,0,3.0794086059999843,3.0719589999999921,0.0024250343184893564,201746,270,0.160545408,0.029554888000000001,0.19010779899999999,true,branched,
270,541,88,1264,1051,3724,t_z_14_466_2,z,0.94734548888854997,0.94734548888854997,93.957069396972656,0,93.957069396972656,93.766634904885592,0.19770353716048863,92.651954650878906,93.957069396972656,0.00011444091796875,none,0,3.0794086059999843,3.0719589999999921,0.0024250343184893564,201747,271,0.160974165,0.02948897,0.19046939900000001,true,branched,
271,543,89,1263,934,3107,t_z_398_397_1,z,0.80559725088052336,0.80559725088052336,94.253463745117188,0,94.253463745117188,94.062779369943215,0.19793207907432248,92.947944641113281,94.253463745117188,0.00058746337890625,none,0,3.0794086059999843,3.0719589999999921,0.0024250343184893564,201748,272,0.15989262200000001,0.029597430000000001,0.189498997,true,branched,
272,545,90,1271,564,1870,t_z_323_515_3,z,0.66121378053239432,0.66121378053239432,94.545913696289062,0,94.545913696289062,94.354791720770734,0.19867309149621099,93.236427307128906,94.545913696289062,0.000396728515625,none,0,3.0794086059999843,3.0719589999999921,0.0024250343184893564,201758,273,0.16260606599999999,0.029698709,0.19231195700000001,true,branched,
273,547,91,1270,1052,3714,t_z_168_466_1,z,0.86646666666666639,0.86646666666666639,94.839073181152344,0,94.839073181152344,94.64811406173105,0.19872667718373788,93.531036376953125,94.839073181152344,0.00179290771484375,none,0,3.0794086059999843,3.0719589999999921,0.0024250343184893564,201766,274,0.16463877199999999,0.029710140999999999,0.19435518500000001,true,branched,
274,528,82,1267,1085,3893,t_z_472_358_2,z,0.65329954918305522,0.65329954918305522,96.092399597167969,0,96.092399597167969,95.900466340869642,0.19830098338560306,94.7685546875,96.092399597167969,0.0002593994140625,none,0,3.0794086059999843,3.0719589999999921,0.0024250343184893564,202151,275,0.158487454,0.029574836,0.18807249200000001,true,branched,
275,551,83,1268,1114,4017,t_z_192_191_0,z,0.99774999999999991,0.99774999999999991,96.320747375488281,0,96.320747375488281,96.129124939253657,0.1982685510701496,94.996688842773438,96.320747375488281,0.00061798095703125,none,0,3.0794086059999843,3.0719589999999921,0.0024250343184893564,202155,276,0.16003229399999999,0.029471345999999999,0.189508972,true,branched,
276,553,84,1267,1052,3724,t_z_14_466_2,z,0.95339506822666786,0.95339506822666786,96.624534606933594,0,96.624534606933594,96.433027296058754,0.19864560976218207,95.300498962402344,96.624534606933594,0.0003662109375,none,0,3.0794086059999843,3.0719589999999921,0.0024250343184893564,202156,277,0.15863169499999999,0.029527985,0.18816836100000001,true,branched,
277,555,85,1266,931,3107,t_z_398_397_1,z,0.80648146198666282,0.80648146198666282,96.928459167480469,0,96.928459167480469,96.73697586421153,0.19887595497728799,95.604255676269531,96.928459167480469,1.52587890625e-05,none,0,3.0794086059999843,3.0719589999999921,0.0024250343184893564,202157,278,0.160216144,0.029610269000000002,0.18983297199999999,true,branched,
278,557,86,1265,1066,3830,t_z_333_470_3,z,0.9766723191618758,0.9766723191618758,97.232711791992188,0,97.232711791992188,97.040661325567797,0.19886645306196118,95.907936096191406,97.232711791992188,8.392333984375e-05,none,0,3.0794086059999843,3.0719589999999921,0.0024250343184893564,202158,279,0.15855338099999999,0.029463739999999999,0.188024316,true,branched,
279,558,87,1284,959,3147,t_z_403_402_1,z,0.92899746398998495,0.92899746398998495,97.547744750976562,0,97.547744750976562,97.347301447502915,0.19734840318944258,96.218391418457031,97.547744750976562,0.01079559326171875,none,0,3.0794086059999843,3.0719589999999921,0.0024250343184893564,202198,280,0.16262620999999999,0.030108570000000001,0.192740038,true,branched,
280,561,88,1294,571,1858,t_z_507_508_1,z,0.025835405436383491,0.025835405436383491,97.857391357421875,0,97.857391357421875,97.650503532963896,0.19841389570336693,96.521629333496094,97.857391357421875,0.0159454345703125,none,0,3.0794086059999843,3.0719589999999921,0.0024250343184893564,202221,281,0.160339598,0.030159959,0.190507547,true,branched,
281,563,89,1294,1278,4418,t_z_354_507_1,z,0.025835405436383685,0.025835405436383685,98.209274291992188,0,98.209274291992188,97.954730297719493,0.19850791100543153,96.825416564941406,98.209274291992188,0.038604736328125,none,0,3.0794086059999843,3.0719589999999921,0.0024250343184893564,202229,282,0.16073500800000001,0.030165384,0.19090648199999999,true,branched,
282,565,90,1292,1265,4386,t_z_406_512_1,z,0.97416459456361615,0.97416459456361615,98.474876403808594,0,98.474876403808594,98.258810905480161,0.19854293980079021,97.129180908203125,98.474876403808594,0.02489471435546875,none,0,3.0794086059999843,3.0719589999999921,0.0024250343184893564,202231,283,0.16113071900000001,0.030121578999999999,0.191257444,true,branched,
283,566,91,1266,956,3154,t_z_403_404_1,z,0.0020000000000000018,0.0020000000000000018,98.780563354492188,0,98.780563354492188,98.559180032208815,0.19864206755712291,97.410476684570312,98.780563354492188,0.0177154541015625,none,0,3.0794086059999843,3.0719589999999921,0.0024250343184893564,202344,284,0.15798356399999999,0.029610125000000001,0.187603098,true,branched,
284,567,91,1293,578,1870,t_z_323_515_3,z,0.65833972896061443,0.65833972896061443,99.220855712890625,0,99.220855712890625,99.029842769094699,0.19858655196390984,97.898689270019531,99.220855712890625,0.00127410888671875,none,0,3.0794086059999843,3.0719589999999921,0.0024250343184893564,202350,285,0.16090405299999999,0.030147645000000001,0.191059964,true,branched,
285,571,92,1293,1037,3618,t_z_537_538_1,z,0.1812928748402822,0.1812928748402822,99.43804931640625,0,99.43804931640625,99.247656365650528,0.19848241634159325,98.116584777832031,99.43804931640625,0.00244903564453125,none,0,3.0794086059999843,3.0719589999999921,0.0024250343184893564,202358,286,0.16182231599999999,0.030358522999999998,0.19218706099999999,true,branched,
286,573,93,1292,864,2699,t_z_350_154_1,z,0.99849999999999994,0.99849999999999994,99.731300354003906,0,99.731300354003906,99.543633021068274,0.19849919384531201,98.412406921386719,99.731300354003906,0.0002899169921875,none,0,3.0794086059999843,3.0719589999999921,0.0024250343184893564,202362,287,0.16249871699999999,0.030202561999999999,0.19271036,true,branched,
287,575,94,1290,551,1683,t_z_514_350_1,z,0.0010000000000001119,0.0010000000000001119,100.04578399658203,0,100.04578399658203,99.839593588659,0.19854276688026087,98.708366394042969,100.04578399658203,0.018341064453125,none,0,3.0794086059999843,3.0719589999999921,0.0024250343184893564,202363,288,0.160300944,0.030155788999999999,0.190462201,true,branched,
288,577,95,1249,445,1263,t_z_108_107_3,z,0.0020000000000000018,0.0020000000000000018,100.35884094238281,0,100.35884094238281,100.13154291133102,0.19843022769812318,99.009880065917969,100.35884094238281,0.03626251220703125,none,0,3.0794086059999843,3.0719589999999921,0.0024250343184893564,202411,289,0.162212409,0.029409475000000001,0.191627621,true,branched,
289,579,96,1248,96,199,t_m_49_3,m,0.0093975881880782076,0.0093975881880782076,100.61653900146484,0,100.61653900146484,100.42529270587823,0.19845267664401406,99.303123474121094,100.61653900146484,0.00104522705078125,none,0,3.0794086059999843,3.0719589999999921,0.0024250343184893564,202412,290,0.15858492199999999,0.029418405000000002,0.188009648,true,branched,
290,581,97,1320,903,2935,t_z_376_94_3,z,0.063381869878739949,0.063381869878739949,101.07957458496094,0,101.07957458496094,100.7209708589496,0.20608688728998284,99.608062744140625,101.07957458496094,0.10330963134765625,none,0,3.0794086059999843,3.0719589999999921,0.0024250343184893564,203157,291,0.15997160499999999,0.029176150000000001,0.189158572,true,branched,
291,582,98,1342,607,2120,t_z_120_281_0,z,0.0010000000000000009,0.0010000000000000009,101.26998138427734,0,101.26998138427734,101.01402505001973,0.20704590008176274,99.901382446289062,101.26998138427734,0.0278167724609375,none,0,3.0794086059999843,3.0719589999999921,0.0024250343184893564,203170,292,0.159076204,0.029709415999999999,0.18879574399999999,true,branched,
292,585,99,1341,468,1359,t_z_131_130_3,z,0.15236306502776245,0.15236306502776245,101.53596496582031,0,101.53596496582031,101.3074223904535,0.2069646442592227,100.19461059570312,101.53596496582031,0.01024627685546875,none,0,3.0794086059999843,3.0719589999999921,0.0024250343184893564,203172,293,0.16164435299999999,0.029694782999999999,0.191344399,true,branched,
293,587,100,1340,911,2771,t_z_357_356_1,z,0.79882805658320311,0.79882805658320311,101.81960296630859,0,101.81960296630859,101.60117087862385,0.20699700616129743,100.48783874511719,101.81960296630859,0.00023651123046875,none,0,3.0794086059999843,3.0719589999999921,0.0024250343184893564,203173,294,0.16239294100000001,0.029748565000000001,0.192149868,true,branched,
294,588,101,1340,1001,3162,t_z_405_406_1,z,0.016292607594057373,0.016292607594057373,102.11323547363281,0,102.11323547363281,101.89478773999571,0.20699234062897595,100.78105926513672,102.11323547363281,0.0209503173828125,none,0,3.0794086059999843,3.0719589999999921,0.0024250343184893564,203174,295,0.158605527,0.029723464000000002,0.188340111,true,branched,
295,591,102,1283,1189,4210,t_z_404_405_1,z,0.0020000000000000018,0.0020000000000000018,102.42300415039062,0,102.42300415039062,102.1851207290138,0.20793600198353102,101.07768249511719,102.42300415039062,0.008056640625,none,0,3.0794086059999843,3.0719589999999921,0.0024250343184893564,203372,296,0.15828476899999999,0.028878052000000001,0.18717267800000001,true,branched,
296,592,103,1278,190,480,t_m_120_0,m,0.0011069825962692903,0.0011069825962692903,102.69134521484375,0,102.69134521484375,102.47520664674762,0.20814830573555457,101.36772155761719,102.69134521484375,0.01538848876953125,none,0,3.0794086059999843,3.0719589999999921,0.0024250343184893564,203376,297,0.16003642800000001,0.028568113999999999,0.18861191299999999,true,branched,
297,595,104,1181,868,3154,t_z_403_404_1,z,0.00071428571428555632,0.00071428571428555632,102.99645233154297,0,102.99645233154297,102.76037336021636,0.2023775458039021,101.71824645996094,102.99645233154297,0.01849365234375,none,0,3.0794086059999843,3.0719589999999921,0.0024250343184893564,203881,298,0.154944208,0.026526337000000001,0.18147698200000001,true,branched,
298,597,105,1351,548,1681,t_z_514_350_0,z,0.0011999999999989797,0.0011999999999989797,103.26734161376953,0,103.26734161376953,103.06115158498949,0.19887290796605459,101.95269775390625,103.26734161376953,0.0059661865234375,none,0,3.0794086059999843,3.0719589999999921,0.0024250343184893564,204149,299,0.16038081900000001,0.029420056,0.18980714600000001,true,branched,
299,576,95,1290,1063,3690,t_z_236_464_1,z,0.999,0.999,104.70023345947266,0,104.70023345947266,104.50737367970075,0.19862436456927865,103.36705780029297,104.70023345947266,0.00585174560546875,none,0,3.0794086059999843,3.0719589999999921,0.0024250343184893564,204696,300,0.16702473600000001,0.030219639999999999,0.19725452800000001,true,branched,
300,601,96,1285,1062,3714,t_z_168_466_1,z,0.80464202589843459,0.80464202589843459,104.91937255859375,0,104.91937255859375,104.73076616576674,0.19866777250951517,103.59107971191406,104.91937255859375,0.0010528564453125,none,0,3.0794086059999843,3.0719589999999921,0.0024250343184893564,204701,301,0.161342235,0.030159852000000001,0.19151169000000001,true,branched,
301,602,97,1282,462,1263,t_z_108_107_3,z,0.0014250369666765628,0.0014250369666765628,105.25895690917969,0,105.25895690917969,105.02604690170884,0.19941512228153491,103.89061737060547,105.25895690917969,0.04381561279296875,none,0,3.0794086059999843,3.0719589999999921,0.0024250343184893564,204715,302,0.15998359400000001,0.030151739,0.19014342100000001,true,branched,
302,605,98,1281,895,2971,t_z_382_381_1,z,0.75107546353382382,0.75107546353382382,105.51160430908203,0,105.51160430908203,105.32244160136239,0.19939287595993266,104.18662261962891,105.51160430908203,0.00128173828125,none,0,3.0794086059999843,3.0719589999999921,0.0024250343184893564,204716,303,0.16220183299999999,0.030167429999999999,0.19237501300000001,true,branched,
303,607,99,1280,891,2955,t_z_380_379_1,z,0.75107546353382382,0.75107546353382382,105.80680084228516,0,105.80680084228516,105.61847785115242,0.19932734531685548,104.48261260986328,105.80680084228516,4.57763671875e-05,none,0,3.0794086059999843,3.0719589999999921,0.0024250343184893564,204718,304,0.16385244299999999,0.031650096000000003,0.195510618,true,branched,
304,609,100,1279,102,199,t_m_49_3,m,0.01559048722389747,0.01559048722389747,106.10224914550781,0,106.10224914550781,105.91352083088366,0.1993412969873343,104.77749633789062,106.10224914550781,0.00040435791015625,none,0,3.0794086059999843,3.0719589999999921,0.0024250343184893564,204719,305,0.16231248300000001,0.030111545,0.19243158799999999,true,branched,
305,611,101,1313,932,3021,t_z_387_216_2,z,0.0010000000000000009,0.0010000000000000009,106.43418884277344,0,106.43418884277344,106.21028233082896,0.19923409594961719,105.07373809814453,106.43418884277344,0.00301361083984375,none,0,3.0794086059999843,3.0719589999999921,0.0024250343184893564,205505,306,0.163862861,0.031445397,0.19531869700000001,true,branched,
306,613,102,1319,1109,3828,t_z_333_470_2,z,0.22829366246468541,0.22829366246468541,106.72264862060547,0,106.72264862060547,106.50292064097002,0.20132446888566521,105.36918640136719,106.72264862060547,0.01007843017578125,none,0,3.0794086059999843,3.0719589999999921,0.0024250343184893564,205594,307,0.16194808699999999,0.031956740999999997,0.19391539099999999,true,branched,
307,614,103,1318,1005,3181,t_z_409_408_2,z,0.77170633753531348,0.77170633753531348,107.00644683837891,0,107.00644683837891,106.79656125127998,0.20127613599341188,105.66254425048828,107.00644683837891,0.0009613037109375,none,0,3.0794086059999843,3.0719589999999921,0.0024250343184893564,205595,308,0.16066440500000001,0.030220161999999998,0.190894229,true,branched,
308,617,104,1316,481,1359,t_z_131_130_3,z,0.31426186974879766,0.31426186974879766,107.29930114746094,0,107.29930114746094,107.09011985755619,0.20131145070937256,105.95587921142578,107.29930114746094,0.0031280517578125,none,0,3.0794086059999843,3.0719589999999921,0.0024250343184893564,205596,309,0.16037189900000001,0.030182022999999999,0.19056255699999999,true,branched,
309,619,105,1315,996,3162,t_z_405_406_1,z,0.076097887488228877,0.076097887488228877,107.59001159667969,0,107.59001159667969,107.38387962312299,0.20130975642650192,106.24923706054688,107.59001159667969,0.00485992431640625,none,0,3.0794086059999843,3.0719589999999921,0.0024250343184893564,205597,310,0.15983773400000001,0.030209006,0.19005639199999999,true,branched,
310,621,106,1091,743,2923,t_z_131_94_1,z,0.5,0.5,107.90191650390625,0,107.90191650390625,107.66691688656479,0.19955507583814974,106.53870391845703,107.90191650390625,0.02939605712890625,none,0,3.0794086059999843,3.0719589999999921,0.0024250343184893564,205854,311,0.15514546500000001,0.026761665,0.18191481000000001,true,branched,
311,623,107,1156,790,2927,t_z_131_94_3,z,0.25,0.25,108.20046997070312,0,108.20046997070312,107.9603320125065,0.20741153365469908,106.76438903808594,108.20046997070312,0.0336151123046875,none,0,3.0794086059999843,3.0719589999999921,0.0024250343184893564,205919,312,0.15531567900000001,0.027063502999999999,0.182387778,true,branched,
312,603,97,1284,886,2923,t_z_131_94_1,z,0.66666666666666674,0.66666666666666674,109.56375122070312,0,109.56375122070312,109.37570197559963,0.19882052896909522,108.22667694091797,109.56375122070312,0.0001068115234375,none,0,3.0794086059999843,3.0719589999999921,0.0024250343184893564,206700,313,0.15986245299999999,0.030288698999999999,0.190161161,true,branched,
313,627,98,1283,1027,3606,t_z_185_330_3,z,0.9793460169911743,0.9793460169911743,109.78860473632812,0,109.78860473632812,109.60036493481275,0.19890197872280602,108.45108795166016,109.78860473632812,0.00048828125,none,0,3.0794086059999843,3.0719589999999921,0.0024250343184893564,206701,314,0.15977375999999999,0.03025943,0.190044139,true,branched,
314,628,99,1158,532,2120,t_z_120_281_0,z,0.00099999999999997205,0.00099999999999997205,110.15582275390625,0,110.15582275390625,109.90041541064959,0.19852606705458925,108.77211761474609,110.15582275390625,0.0224761962890625,none,0,3.0794086059999843,3.0719589999999921,0.0024250343184893564,207151,315,0.154678342,0.027195356,0.18188152199999999,true,branched,
315,631,100,1157,690,2504,t_z_27_327_0,z,0.00099999999999997205,0.00099999999999997205,110.43764495849609,0,110.43764495849609,110.2042321656012,0.19836186781744797,109.07585144042969,110.43764495849609,0.01805877685546875,none,0,3.0794086059999843,3.0719589999999921,0.0024250343184893564,207152,316,0.15592402,0.027298557000000001,0.183227538,true,branched,
316,632,101,1176,419,1259,t_z_108_107_1,z,0.024248391182367213,0.024248391182367213,110.72118377685547,0,110.72118377685547,110.50702963069993,0.19847863882890607,109.37753295898438,110.72118377685547,0.00048065185546875,none,0,3.0794086059999843,3.0719589999999921,0.0024250343184893564,207157,317,0.15826335499999999,0.027734785000000001,0.18600689500000001,true,branched,
317,635,102,1174,430,1359,t_z_131_130_3,z,0.24490007751158527,0.24490007751158527,111.01712799072266,0,111.01712799072266,110.8032949860295,0.19848175785976399,109.67353820800781,111.01712799072266,0.01383209228515625,none,0,3.0794086059999843,3.0719589999999921,0.0024250343184893564,207159,318,0.15687646999999999,0.027792982000000001,0.18467720700000001,true,branched,
318,637,103,1173,516,1839,t_z_342_221_3,z,0.97158786184499513,0.97158786184499513,111.29985046386719,0,111.29985046386719,111.0996901438161,0.19844742237760973,109.96950531005859,111.29985046386719,0.0041656494140625,none,0,3.0794086059999843,3.0719589999999921,0.0024250343184893564,207160,319,0.15551105500000001,0.027751163999999998,0.18327148400000001,true,branched,
319,639,104,1257,765,2532,t_z_145_329_2,z,0.0010000000000000564,0.0010000000000000564,111.59919738769531,0,111.59919738769531,111.39875210782509,0.19751134416710636,110.26655578613281,111.59919738769531,0.0078582763671875,none,0,3.0794086059999843,3.0719589999999921,0.0024250343184893564,207187,320,0.160814922,0.029622622000000001,0.190446219,true,branched,
320,641,105,1263,102,199,t_m_49_3,m,0.00068750000000000755,0.00068750000000000755,111.88809967041016,0,111.88809967041016,111.69274019194518,0.1974466705683092,110.56642150878906,111.88809967041016,0.00135040283203125,none,0,3.0794086059999843,3.0719589999999921,0.0024250343184893564,207257,321,0.16323280300000001,0.030037218000000001,0.19327639999999999,true,branched,
321,643,106,1243,945,3162,t_z_405_406_1,z,0.045654330708661428,0.045654330708661428,112.20146179199219,0,112.20146179199219,111.98673451455102,0.19981469017476422,110.8544921875,112.20146179199219,0.0102081298828125,none,0,3.0794086059999843,3.0719589999999921,0.0024250343184893564,207689,322,0.15875113800000001,0.029199795000000001,0.187960232,true,branched,
322,645,107,1245,1158,4210,t_z_404_405_1,z,0.0020000000000000018,0.0020000000000000018,112.51250457763672,0,112.51250457763672,112.27940355783485,0.20033753004064561,111.15087890625,112.51250457763672,0.00788116455078125,none,0,3.0794086059999843,3.0719589999999921,0.0024250343184893564,207742,323,0.162164373,0.029272975,0.191446752,true,branched,
323,646,108,1244,947,3154,t_z_403_404_1,z,0.0015000000000000568,0.0015000000000000568,112.79903411865234,0,112.79903411865234,112.57295920687856,0.20028050653528542,111.44405364990234,112.79903411865234,0.02178192138671875,none,0,3.0794086059999843,3.0719589999999921,0.0024250343184893564,207743,324,0.16369167800000001,0.029033778,0.192735725,true,branched,
324,649,109,1289,1033,3591,t_z_457_456_3,z,0.25050050050050043,0.25050050050050043,113.07566833496094,0,113.07566833496094,112.86693088836314,0.19752965200716621,111.74464416503906,113.07566833496094,0.00415802001953125,none,0,3.0794086059999843,3.0719589999999921,0.0024250343184893564,207851,325,0.163371618,0.030023049,0.19340495299999999,true,branched,
325,629,99,1276,507,1517,t_z_167_166_2,z,0.93776414032859656,0.93776414032859656,114.43466186523438,0,114.43466186523438,114.24360587380149,0.19889289391586962,113.08636474609375,114.43466186523438,0.0033416748046875,none,0,3.0794086059999843,3.0719589999999921,0.0024250343184893564,208474,326,0.160883045,0.030117376000000001,0.19100800000000001,true,branched,
326,653,100,1275,91,186,t_m_46_2,m,0.0030000000000001137,0.0030000000000001137,114.65592193603516,0,114.65592193603516,114.46830770455155,0.19885229371049665,113.31079864501953,114.65592193603516,0.000457763671875,none,0,3.0794086059999843,3.0719589999999921,0.0024250343184893564,208475,327,0.160576202,0.030009134999999999,0.19059174100000001,true,branched,
327,655,101,1277,473,1422,t_z_144_145_3,z,0.012310321680230163,0.012310321680230163,114.97818756103516,0,114.97818756103516,114.77418516871514,0.1967054027400221,113.62165832519531,114.97818756103516,0.0060272216796875,none,0,3.0794086059999843,3.0719589999999921,0.0024250343184893564,208541,328,0.16477935899999999,0.030047560000000001,0.194834968,true,branched,
328,657,102,1242,743,2532,t_z_145_329_2,z,0.0010000000000001119,0.0010000000000001119,115.276123046875,0,115.276123046875,115.07592786951726,0.19757672408796192,113.92378997802734,115.276123046875,0.00081634521484375,none,0,3.0794086059999843,3.0719589999999921,0.0024250343184893564,208583,329,0.16308994499999999,0.029484421,0.19258048699999999,true,branched,
329,659,103,1259,579,2120,t_z_120_281_0,z,0.0010000000000000009,0.0010000000000000009,115.63421630859375,0,115.63421630859375,115.38038587986807,0.1963029848481426,114.229736328125,115.63421630859375,0.03705596923828125,none,0,3.0794086059999843,3.0719589999999921,0.0024250343184893564,208655,330,0.15999881399999999,0.029561833999999999,0.189568827,true,branched,
330,661,104,1258,1140,4121,t_z_487_7_0,z,0.99299999999999999,0.99299999999999999,115.90122985839844,0,115.90122985839844,115.68415813718957,0.19613145853437347,114.53343963623047,115.90122985839844,0.0161590576171875,none,0,3.0794086059999843,3.0719589999999921,0.0024250343184893564,208657,331,0.15866497199999999,0.029542468999999998,0.188216355,true,branched,
331,663,105,1260,1145,4129,t_z_492_491_0,z,0.998,0.998,116.20234680175781,0,116.20234680175781,115.98854652283684,0.1961279349120679,114.83713531494141,116.20234680175781,0.00042724609375,none,0,3.0794086059999843,3.0719589999999921,0.0024250343184893564,208666,332,0.159072449,0.029694776999999999,0.18877501799999999,true,branched,
332,665,106,1259,1138,4113,t_z_489_488_0,z,0.995,0.995,116.50184631347656,0,116.50184631347656,116.28872753382676,0.19606572895032381,115.13704681396484,116.50184631347656,0.0125732421875,none,0,3.0794086059999843,3.0719589999999921,0.0024250343184893564,208667,333,0.160333483,0.029596821999999998,0.18994028700000001,true,branched,
333,667,107,1260,751,2519,t_z_328_27_3,z,0.998,0.998,116.78558349609375,0,116.78558349609375,116.58501187279111,0.19590157995203547,115.43301391601562,116.78558349609375,0.00807952880859375,none,0,3.0794086059999843,3.0719589999999921,0.0024250343184893564,208669,334,0.160647968,0.029641659000000001,0.190294929,true,branched,
334,669,108,1259,878,2971,t_z_382_381_1,z,0.83852069730206624,0.83852069730206624,117.07376098632812,0,117.07376098632812,116.88103417236717,0.19578779469426091,115.72895050048828,117.07376098632812,0.00014495849609375,none,0,3.0794086059999843,3.0719589999999921,0.0024250343184893564,208671,335,0.15953266999999999,0.029641783000000001,0.189184032,true,branched,
335,671,109,1258,1190,4291,t_z_401_85_1,z,0.90109496532552513,0.90109496532552513,117.36994171142578,0,117.36994171142578,117.17703131840983,0.19567277112355716,116.02494049072266,117.36994171142578,0.0012054443359375,none,0,3.0794086059999843,3.0719589999999921,0.0024250343184893564,208673,336,0.16083225700000001,0.029549631999999999,0.19039197899999999,true,branched,
336,673,110,1257,874,2955,t_z_380_379_1,z,0.83857511356767356,0.83857511356767356,117.66499328613281,0,117.66499328613281,117.47317707604991,0.19563135909148574,116.32085418701172,117.66499328613281,0.00247955322265625,none,0,3.0794086059999843,3.0719589999999921,0.0024250343184893564,208674,337,0.16230377800000001,0.029546769000000001,0.191860528,true,branched,
337,675,111,1256,1172,4213,t_z_405_404_2,z,0.15859288346652622,0.15859288346652622,117.95691680908203,0,117.95691680908203,117.76721656702126,0.19560541018296534,116.61473083496094,117.95691680908203,0.0008087158203125,none,0,3.0794086059999843,3.0719589999999921,0.0024250343184893564,208675,338,0.159893483,0.029501224,0.18940394699999999,true,branched,
338,677,112,1255,584,2143,t_z_283_282_3,z,0.96405415855469001,0.96405415855469001,118.24938201904297,0,118.24938201904297,118.06038105269353,0.19548113938912262,116.90763092041016,118.24938201904297,0.00052642822265625,none,0,3.0794086059999843,3.0719589999999921,0.0024250343184893564,208676,339,0.159308328,0.029458539999999998,0.188774845,true,branched,
339,679,113,1255,204,448,t_m_112_0,m,0.10193140958079205,0.10193140958079205,118.54377746582031,0,118.54377746582031,118.35404327514162,0.19532760593958556,117.20156860351562,118.54377746582031,0.0015411376953125,none,0,3.0794086059999843,3.0719589999999921,0.0024250343184893564,208684,340,0.15906711900000001,0.029437194999999999,0.188512554,true,branched,
340,680,114,1250,821,2665,t_z_346_345_0,z,0.0012499999999999734,0.0012499999999999734,118.83527374267578,0,118.83527374267578,118.64632106323242,0.19718943218671814,117.49396514892578,118.83527374267578,0.00018310546875,none,0,3.0794086059999843,3.0719589999999921,0.0024250343184893564,208694,341,0.157897645,0.029326010999999999,0.187232599,true,branched,
341,658,103,1241,737,2519,t_z_328_27_3,z,0.998,0.998,120.29894256591797,0,120.29894256591797,120.10427450691856,0.19666960899891395,118.94454193115234,120.29894256591797,0.00200653076171875,none,0,3.0794086059999843,3.0719589999999921,0.0024250343184893564,209104,342,0.160496255,0.029558988000000001,0.19006503299999999,true,branched,
342,685,104,1240,738,2524,t_z_328_329_2,z,0.998,0.998,120.52106475830078,0,120.52106475830078,120.32843904802876,0.19635652986826399,119.169189453125,120.52106475830078,0.00726318359375,none,0,3.0794086059999843,3.0719589999999921,0.0024250343184893564,209106,343,0.16066101199999999,0.029455752000000002,0.19012625899999999,true,branched,
343,687,105,1239,1170,4291,t_z_401_85_1,z,0.86641214877755635,0.86641214877755635,120.81714630126953,0,120.81714630126953,120.63211444426776,0.19605932529658393,119.47322082519531,120.81714630126953,0.0012664794921875,none,0,3.0794086059999843,3.0719589999999921,0.0024250343184893564,209116,344,0.15783250800000001,0.029415747999999999,0.187253365,true,branched,
344,689,106,1238,1152,4213,t_z_405_404_2,z,0.066050783576857924,0.066050783576857924,121.11928558349609,0,121.11928558349609,120.93562083945328,0.19576469283595016,119.77716827392578,121.11928558349609,0.001220703125,none,0,3.0794086059999843,3.0719589999999921,0.0024250343184893564,209117,345,0.159612539,0.029482944000000001,0.18910286200000001,true,branched,
345,691,107,1237,401,991,t_z_50_49_3,z,0.94927955579158363,0.94927955579158363,121.42155456542969,0,121.42155456542969,121.23916546413757,0.19538598933728613,120.08123016357422,121.42155456542969,0.0003509521484375,none,0,3.0794086059999843,3.0719589999999921,0.0024250343184893564,209118,346,0.15965722399999999,0.029397109000000001,0.189063644,true,branched,
346,693,108,1257,880,2971,t_z_382_381_1,z,0.76730817199237067,0.76730817199237067,121.72435760498047,0,121.72435760498047,121.54238984465314,0.1951257744028545,120.38547515869141,121.72435760498047,9.918212890625e-05,none,0,3.0794086059999843,3.0719589999999921,0.0024250343184893564,209126,347,0.15948613,0.029723363999999999,0.189219153,true,branched,
347,695,109,1256,585,2143,t_z_283_282_3,z,0.96930546497442438,0.96930546497442438,122.02759552001953,0,122.02759552001953,121.84567234622445,0.19472507530815145,120.68950653076172,122.02759552001953,0.000457763671875,none,0,3.0794086059999843,3.0719589999999921,0.0024250343184893564,209128,348,0.166963741,0.029536809000000001,0.19650859500000001,true,branched,
348,697,110,1246,629,2225,t_z_293_292_0,z,0.998,0.998,122.33049774169922,0,122.33049774169922,122.14768100205815,0.19535113963087841,120.99405670166016,122.33049774169922,0.0006103515625,none,0,3.0794086059999843,3.0719589999999921,0.0024250343184893564,209138,349,0.16420241499999999,0.029589443999999999,0.193800525,true,branched,
349,699,111,1244,538,1832,t_z_221_342_0,z,0.0010000000000000009,0.0010000000000000009,122.63169860839844,0,122.63169860839844,122.44922233164502,0.19503097662497859,121.29635620117188,122.63169860839844,0.0001678466796875,none,0,3.0794086059999843,3.0719589999999921,0.0024250343184893564,209140,350,0.15926923200000001,0.029563169,0.18884131400000001,true,branched,
350,700,112,1239,591,2169,t_z_286_125_0,z,0.99866666666666737,0.99866666666666737,122.92784118652344,0,122.92784118652344,122.74490110752946,0.19505453458113989,121.59264373779297,122.92784118652344,0.00061798095703125,none,0,3.0794086059999843,3.0719589999999921,0.0024250343184893564,209141,351,0.159379354,0.029410229,0.18879881000000001,true,branched,
351,703,113,1238,812,2665,t_z_346_345_0,z,0.0012499999999999734,0.0012499999999999734,123.22396087646484,0,123.22396087646484,123.04062799259611,0.19492703498473152,121.88887786865234,123.22396087646484,0.00066375732421875,none,0,3.0794086059999843,3.0719589999999921,0.0024250343184893564,209142,352,0.158961254,0.029345553,0.188311277,true,branched,
352,704,114,1237,640,2248,t_z_295_296_0,z,0.99799999999999978,0.99799999999999978,123.51964569091797,0,123.51964569091797,123.33675461617226,0.19484422236488744,122.18517303466797,123.51964569091797,0.001312255859375,none,0,3.0794086059999843,3.0719589999999921,0.0024250343184893564,209146,353,0.16031598799999999,0.029373498000000001,0.18969750399999999,true,branched,
353,707,115,1227,859,2955,t_z_380_379_1,z,0.75142168864359771,0.75142168864359771,123.8145751953125,0,123.8145751953125,123.63340352625019,0.19490268704340119,122.48110961914062,123.8145751953125,0.000213623046875,none,0,3.0794086059999843,3.0719589999999921,0.0024250343184893564,209150,354,0.160214631,0.029327226000000001,0.18955303500000001,true,branched,
354,709,116,1203,1195,4439,t_z_297_208_3,z,0.83464992383684589,0.83464992383684589,124.11367797851562,0,124.11367797851562,123.92926173792813,0.19607529240619939,122.77208709716797,124.11367797851562,0.001068115234375,none,0,3.0794086059999843,3.0719589999999921,0.0024250343184893564,209212,355,0.15799692800000001,0.02888224,0.186889099,true,branched,
355,711,117,1200,564,1943,t_z_536_346_3,z,0.014511586481054911,0.014511586481054911,124.40724945068359,0,124.40724945068359,124.22260206858317,0.19626407330727011,123.06617736816406,124.40724945068359,0.0026092529296875,none,0,3.0794086059999843,3.0719589999999921,0.0024250343184893564,209224,356,0.158816139,0.028734162000000001,0.18755759699999999,true,branched,
356,713,118,1199,877,3047,t_z_390_389_3,z,0.97689472180655668,0.97689472180655668,124.6978759765625,0,124.6978759765625,124.51557821189492,0.19617431095205254,123.35933685302734,124.6978759765625,0.0004425048828125,none,0,3.0794086059999843,3.0719589999999921,0.0024250343184893564,209225,357,0.158435412,0.028890473999999999,0.18733329000000001,true,branched,
357,715,119,1218,876,3021,t_z_387_216_2,z,0.00099999999999997205,0.00099999999999997205,125.02964019775391,0,125.02964019775391,124.80989931604545,0.19497179873024711,123.65322875976562,125.02964019775391,0.02860260009765625,none,0,3.0794086059999843,3.0719589999999921,0.0024250343184893564,209237,358,0.159088697,0.029230058999999999,0.188327467,true,branched,
358,717,120,1207,575,2120,t_z_120_281_0,z,0.0010000000000000009,0.0010000000000000009,125.35179901123047,0,125.35179901123047,125.10167401431509,0.19394664007795795,123.95426177978516,125.35179901123047,0.0567626953125,none,0,3.0794086059999843,3.0719589999999921,0.0024250343184893564,209274,359,0.16215858,0.028920827999999999,0.19108665399999999,true,branched,
359,719,121,1206,886,3054,t_z_390_391_3,z,0.026041756650249992,0.026041756650249992,125.58872985839844,0,125.58872985839844,125.39495162584295,0.19371073801748812,124.24789428710938,125.58872985839844,0.000457763671875,none,0,3.0794086059999843,3.0719589999999921,0.0024250343184893564,209276,360,0.15858671599999999,0.028922175000000001,0.18751800699999999,true,branched,
360,721,122,1216,563,1894,t_z_399_529_3,z,0.0040000000000000036,0.0040000000000000036,125.92951202392578,0,125.92951202392578,125.68827968522122,0.19253361779108427,124.55076599121094,125.92951202392578,0.04022979736328125,none,0,3.0794086059999843,3.0719589999999921,0.0024250343184893564,209355,361,0.15899089399999999,0.029239336000000001,0.18823928000000001,true,branched,
361,722,123,1215,913,3103,t_z_397_396_3,z,0.99750000000000005,0.99750000000000005,126.18128204345703,0,126.18128204345703,125.98173447597173,0.19238335636763385,124.84439849853516,126.18128204345703,0.00074005126953125,none,0,3.0794086059999843,3.0719589999999921,0.0024250343184893564,209357,362,0.15910533499999999,0.029121188999999999,0.188235493,true,branched,
362,725,124,1213,1019,3727,t_z_466_14_3,z,0.999,0.999,126.47419738769531,0,126.47419738769531,126.27503457820229,0.19231009717798503,125.13811492919922,126.47419738769531,0.00186920166015625,none,0,3.0794086059999843,3.0719589999999921,0.0024250343184893564,209360,363,0.16196238700000001,0.029120466000000001,0.191090433,true,branched,
363,727,125,1212,977,3591,t_z_457_456_3,z,0.35421865202963509,0.35421865202963509,126.76622772216797,0,126.76622772216797,126.56838232613239,0.19263056774464518,125.43172454833984,126.76622772216797,0.001861572265625,none,0,3.0794086059999843,3.0719589999999921,0.0024250343184893564,209362,364,0.159113854,0.029089869000000001,0.18821217900000001,true,branched,
364,728,126,1213,928,3162,t_z_405_406_1,z,0.10354710257776545,0.10354710257776545,127.05953979492188,0,127.05953979492188,126.86292193885293,0.19279879392918239,125.72572326660156,127.05953979492188,0.009002685546875,none,0,3.0794086059999843,3.0719589999999921,0.0024250343184893564,209366,365,0.160343808,0.029073024999999999,0.18942667999999999,true,branched,
365,731,127,1169,891,3154,t_z_403_404_1,z,0.00099999999999997205,0.00099999999999997205,127.37802124023438,0,127.37802124023438,127.15499798307263,0.19290304544901893,126.01266479492188,127.37802124023438,0.02896881103515625,none,0,3.0794086059999843,3.0719589999999921,0.0024250343184893564,209439,366,0.16263777700000001,0.028412390999999999,0.19105911,true,branched,
366,733,128,1165,381,985,t_z_50_49_0,z,0.36588982670408826,0.36588982670408826,127.64115142822266,0,127.64115142822266,127.44649944387281,0.19313605670480422,126.3031005859375,127.64115142822266,0.0043792724609375,none,0,3.0794086059999843,3.0719589999999921,0.0024250343184893564,209443,367,0.156943687,0.028207052,0.18515751,true,branched,
367,690,107,1253,406,991,t_z_50_49_3,z,0.95054264295625024,0.95054264295625024,129.98768615722656,0,129.98768615722656,129.80444007136779,0.19083441215902916,128.64756774902344,129.98768615722656,0.0040283203125,none,0,3.0794086059999843,3.0719589999999921,0.0024250343184893564,210178,368,0.159839445,0.029647803,0.189495107,true,branched,
368,737,108,1252,947,3157,t_z_404_403_2,z,0.071457980340368876,0.071457980340368876,130.22271728515625,0,130.22271728515625,130.0429646915521,0.19091151318963445,128.88887023925781,130.22271728515625,0.0016632080078125,none,0,3.0794086059999843,3.0719589999999921,0.0024250343184893564,210181,369,0.159322033,0.029573097999999999,0.188904301,true,branched,
369,739,109,1251,635,2225,t_z_293_292_0,z,0.99799999999999989,0.99799999999999989,130.52944946289062,0,130.52944946289062,130.35118094489252,0.19045338189425512,129.19839477539062,130.52944946289062,0.00048828125,none,0,3.0794086059999843,3.0719589999999921,0.0024250343184893564,210182,370,0.15959996200000001,0.029642959,0.18925176599999999,true,branched,
370,741,110,1249,583,2143,t_z_283_282_3,z,0.96890044068999326,0.96890044068999326,130.8331298828125,0,130.8331298828125,130.65500389813803,0.18988511370650776,129.50311279296875,130.8331298828125,0.000396728515625,none,0,3.0794086059999843,3.0719589999999921,0.0024250343184893564,210189,371,0.15972614399999999,0.029640957999999999,0.18937457299999999,true,branched,
371,743,111,1250,1041,3727,t_z_466_14_3,z,0.999,0.999,131.14794921875,0,131.14794921875,130.9577166381836,0.19022521397805442,129.807861328125,131.14794921875,0.0118408203125,none,0,3.0794086059999843,3.0719589999999921,0.0024250343184893564,210210,372,0.158296886,0.029673940999999999,0.18798036200000001,true,branched,
372,745,112,1249,543,1832,t_z_221_342_0,z,0.0010000000000000009,0.0010000000000000009,131.43954467773438,0,131.43954467773438,131.26073943871896,0.19035111688172324,130.11186218261719,131.43954467773438,0.00091552734375,none,0,3.0794086059999843,3.0719589999999921,0.0024250343184893564,210212,373,0.15887886000000001,0.029502496,0.18838658699999999,true,branched,
373,746,113,1244,596,2169,t_z_286_125_0,z,0.99866666666666715,0.99866666666666715,131.74200439453125,0,131.74200439453125,131.56348739329641,0.19022176601544616,130.41595458984375,131.74200439453125,0.000335693359375,none,0,3.0794086059999843,3.0719589999999921,0.0024250343184893564,210213,374,0.15837490800000001,0.029516351999999999,0.18789607,true,branched,
374,749,114,1243,645,2248,t_z_295_296_0,z,0.99799999999999978,0.99799999999999978,132.04507446289062,0,132.04507446289062,131.86627745992794,0.1899420789945708,130.71995544433594,132.04507446289062,0.0001068115234375,none,0,3.0794086059999843,3.0719589999999921,0.0024250343184893564,210214,375,0.161474428,0.029661317,0.19114078600000001,true,branched,
375,751,115,1233,813,2665,t_z_346_345_0,z,0.0012499999999999734,0.0012499999999999734,132.34941101074219,0,132.34941101074219,132.16992154086594,0.18988535355717145,131.02366638183594,132.34941101074219,0.0025177001953125,none,0,3.0794086059999843,3.0719589999999921,0.0024250343184893564,210218,376,0.16029278199999999,0.029563665999999999,0.18986178100000001,true,branched,
376,752,116,1232,866,2971,t_z_382_381_1,z,0.75920310007720593,0.75920310007720593,132.65019226074219,0,132.65019226074219,132.47310596317439,0.189668229508522,131.3277587890625,132.65019226074219,0.00018310546875,none,0,3.0794086059999843,3.0719589999999921,0.0024250343184893564,210222,377,0.16064632300000001,0.029471895000000001,0.19012337700000001,true,branched,
377,755,117,1206,1198,4439,t_z_297_208_3,z,0.85182945836858004,0.85182945836858004,132.95689392089844,0,132.95689392089844,132.7748572000026,0.19135581242681807,131.628662109375,132.95689392089844,0.0010986328125,none,0,3.0794086059999843,3.0719589999999921,0.0024250343184893564,210272,378,0.16266699800000001,0.028936608999999999,0.191608311,true,branched,
378,757,118,1206,849,2955,t_z_380_379_1,z,0.79960568740762161,0.79960568740762161,133.25877380371094,0,133.25877380371094,133.07798191405846,0.19132019144628998,131.93382263183594,133.25877380371094,0.0023651123046875,none,0,3.0794086059999843,3.0719589999999921,0.0024250343184893564,210279,379,0.15711735199999999,0.028982449,0.18610694999999999,true,branched,
379,759,119,1205,873,3047,t_z_390_389_3,z,0.9769105186676813,0.9769105186676813,133.55982971191406,0,133.55982971191406,133.3810162556122,0.19109866198544651,132.23788452148438,133.55982971191406,0.0002593994140625,none,0,3.0794086059999843,3.0719589999999921,0.0024250343184893564,210280,380,0.157171268,0.028818189000000001,0.18599405899999999,true,branched,
380,761,120,1227,874,3021,t_z_387_216_2,z,0.00099999999999997205,0.00099999999999997205,133.90229797363281,0,133.90229797363281,133.68522741042605,0.18958222847102174,132.54231262207031,133.90229797363281,0.029388427734375,none,0,3.0794086059999843,3.0719589999999921,0.0024250343184893564,210288,381,0.158687625,0.02940837,0.18810399999999999,true,branched,
381,763,121,1212,883,3054,t_z_390_391_3,z,0.026959680583987011,0.026959680583987011,134.17311096191406,0,134.17311096191406,133.98310411409182,0.19026117420550484,132.84527587890625,134.17311096191406,0.008636474609375,none,0,3.0794086059999843,3.0719589999999921,0.0024250343184893564,210315,382,0.159092542,0.028940476999999999,0.18804116600000001,true,branched,
382,765,122,1195,546,1894,t_z_399_529_3,z,0.032074729945894886,0.032074729945894886,134.516357421875,0,134.516357421875,134.27755547048656,0.18944408949911967,133.14408874511719,134.516357421875,0.055572509765625,none,0,3.0794086059999843,3.0719589999999921,0.0024250343184893564,210351,383,0.15885206499999999,0.028783596000000002,0.187643278,true,branched,
383,766,123,1196,887,3087,t_z_395_394_3,z,0.99849999999999994,0.99849999999999994,134.76751708984375,0,134.76751708984375,134.57389534277263,0.18927952916125171,133.44039916992188,134.76751708984375,0.010345458984375,none,0,3.0794086059999843,3.0719589999999921,0.0024250343184893564,210355,384,0.15968553999999999,0.028983152000000002,0.18867355,true,branched,
384,768,124,1207,567,2120,t_z_120_281_0,z,0.0010000000000000009,0.0010000000000000009,135.11894226074219,0,135.11894226074219,134.8702633659407,0.18870447077989297,133.73728942871094,135.11894226074219,0.0604705810546875,none,0,3.0794086059999843,3.0719589999999921,0.0024250343184893564,210369,385,0.158585698,0.028750062999999999,0.18734310100000001,true,branched,
385,770,125,1202,1071,4021,t_z_192_191_2,z,0.73651999899524312,0.73651999899524312,135.3499755859375,0,135.3499755859375,135.16656593157725,0.18861632479060331,134.03364562988281,135.3499755859375,0.001708984375,none,0,3.0794086059999843,3.0719589999999921,0.0024250343184893564,210370,386,0.15784530099999999,0.028880757,0.186733486,true,branched,
386,772,126,1203,1060,3981,t_z_191_72_2,z,0.999,0.999,135.65798950195312,0,135.65798950195312,135.46296416652868,0.18859485397615958,134.330078125,135.65798950195312,0.013397216796875,none,0,3.0794086059999843,3.0719589999999921,0.0024250343184893564,210374,387,0.16314630399999999,0.028867308000000001,0.19202277600000001,true,branched,
387,775,127,1202,557,1943,t_z_536_346_3,z,0.03119747618549723,0.03119747618549723,135.94151306152344,0,135.94151306152344,135.7593723493884,0.1884938682763313,134.62712097167969,135.94151306152344,0.000701904296875,none,0,3.0794086059999843,3.0719589999999921,0.0024250343184893564,210374,388,0.15721344600000001,0.028806004,0.18602353999999999,true,branched,
388,777,128,1201,937,3547,t_z_453_282_1,z,0.66666666666666674,0.66666666666666674,136.23420715332031,0,136.23420715332031,136.05238983891192,0.18846521259778684,134.92030334472656,136.23420715332031,9.1552734375e-05,none,0,3.0794086059999843,3.0719589999999921,0.0024250343184893564,210375,389,0.156895171,0.028683230000000001,0.18558743799999999,true,branched,
389,778,129,1198,361,843,t_z_20_19_1,z,0.998,0.998,136.52841186523438,0,136.52841186523438,136.34484887481332,0.18819623551186979,135.21461486816406,136.52841186523438,0.000823974609375,none,0,3.0794086059999843,3.0719589999999921,0.0024250343184893564,210416,390,0.15760202100000001,0.028632379999999999,0.186241727,true,branched,
390,781,130,1197,962,3591,t_z_457_456_3,z,0.39062109312726634,0.39062109312726634,136.82954406738281,0,136.82954406738281,136.63766804554109,0.18814987935243546,135.5074462890625,136.82954406738281,0.0086669921875,none,0,3.0794086059999843,3.0719589999999921,0.0024250343184893564,210419,391,0.157761388,0.028559721,0.18633069599999999,true,branched,
391,782,131,1199,974,3613,t_z_459_330_2,z,0.029210293617517369,0.029210293617517369,137.11479187011719,0,137.11479187011719,136.93157914442455,0.18795404327566892,135.80085754394531,137.11479187011719,0.0018463134765625,none,0,3.0794086059999843,3.0719589999999921,0.0024250343184893564,210423,392,0.160404665,0.028848241,0.18926159400000001,true,branched,
392,785,132,1191,771,2625,t_z_342_341_0,z,0.998,0.998,137.40663146972656,0,137.40663146972656,137.22449878401159,0.18826319593185087,136.09445190429688,137.40663146972656,0.0005645751953125,none,0,3.0794086059999843,3.0719589999999921,0.0024250343184893564,210434,393,0.162129045,0.028623350999999998,0.19076085800000001,true,branched,
393,787,133,1191,774,2632,t_z_342_343_0,z,0.00099999999999997205,0.00099999999999997205,137.71929931640625,0,137.71929931640625,137.51786419846849,0.18809669606684351,136.38812255859375,137.71929931640625,0.0194091796875,none,0,3.0794086059999843,3.0719589999999921,0.0024250343184893564,210435,394,0.15797187600000001,0.028665122000000001,0.18664592799999999,true,branched,
394,789,134,1191,591,2193,t_z_289_288_0,z,0.99883333333333324,0.99883333333333324,137.99508666992188,0,137.99508666992188,137.81159624665051,0.18789335675201732,136.68190002441406,137.99508666992188,0.001007080078125,none,0,3.0794086059999843,3.0719589999999921,0.0024250343184893564,210440,395,0.159627197,0.028851463000000001,0.18848630799999999,true,branched,
395,762,121,1225,886,3054,t_z_390_391_3,z,0.030185972356977731,0.030185972356977731,139.66801452636719,0,139.66801452636719,139.48053126743861,0.18760585716705838,138.34306335449219,139.66801452636719,0.0087890625,none,0,3.0794086059999843,3.0719589999999921,0.0024250343184893564,210865,396,0.16645264400000001,0.029470729000000001,0.19592858099999999,true,branched,
396,793,122,1223,1062,3947,t_z_479_478_1,z,0.99949999999999994,0.99949999999999994,139.91146850585938,0,139.91146850585938,139.70322038302729,0.18718133834531098,138.57221984863281,139.91146850585938,0.02606201171875,none,0,3.0794086059999843,3.0719589999999921,0.0024250343184893564,210962,397,0.159469254,0.029290538000000001,0.18876913000000001,true,branched,
397,795,123,1221,613,2207,t_z_290_289_3,z,0.84773469544452662,0.84773469544452662,140.1888427734375,0,140.1888427734375,140.00622366140556,0.18701112195930636,138.87629699707031,140.1888427734375,0.001312255859375,none,0,3.0794086059999843,3.0719589999999921,0.0024250343184893564,210963,398,0.15826438800000001,0.029297991999999998,0.18756993899999999,true,branched,
398,797,124,1225,991,3613,t_z_459_330_2,z,0.061808040137179401,0.061808040137179401,140.49107360839844,0,140.49107360839844,140.3091634820432,0.1875810869901165,139.18020629882812,140.49107360839844,0.000701904296875,none,0,3.0794086059999843,3.0719589999999921,0.0024250343184893564,210976,399,0.15950706000000001,0.029433694,0.18895010200000001,true,branched,
399,799,125,1224,375,843,t_z_20_19_1,z,0.998,0.998,140.79396057128906,0,140.79396057128906,140.61229543748246,0.18741460929453507,139.48434448242188,140.79396057128906,0.0013580322265625,none,0,3.0794086059999843,3.0719589999999921,0.0024250343184893564,210978,400,0.160217265,0.029284522,0.18951145,true,branched,
400,801,126,1223,795,2625,t_z_342_341_0,z,0.998,0.998,141.09603881835938,0,141.09603881835938,140.91560206565327,0.1872603923025582,139.7884521484375,141.09603881835938,0,none,0,3.0794086059999843,3.0719589999999921,0.0024250343184893564,210979,401,0.15876293699999999,0.029302945,0.188074303,true,branched,
401,803,127,1228,617,2193,t_z_289_288_0,z,0.99883333333333324,0.99883333333333324,141.39730834960938,0,141.39730834960938,141.21608766437743,0.18685219234287667,140.08946228027344,141.39730834960938,0.000457763671875,none,0,3.0794086059999843,3.0719589999999921,0.0024250343184893564,210985,402,0.15929980899999999,0.029562669,0.18887162099999999,true,branched,
402,805,128,1227,756,2529,t_z_329_145_0,z,0.28452335223949909,0.28452335223949909,141.69322204589844,0,141.69322204589844,141.51181046440044,0.18673413574092143,140.38566589355469,141.69322204589844,0.0001220703125,none,0,3.0794086059999843,3.0719589999999921,0.0024250343184893564,210986,403,0.15830864,0.02944213,0.18775910900000001,true,branched,
403,807,129,1226,956,3547,t_z_453_282_1,z,0.66666666666666674,0.66666666666666674,141.98954772949219,0,141.98954772949219,141.80776731108375,0.18679294397050258,140.68205261230469,141.98954772949219,0.0004730224609375,none,0,3.0794086059999843,3.0719589999999921,0.0024250343184893564,210987,404,0.16290610599999999,0.031047859000000001,0.19396228099999999,true,branched,
404,808,130,1231,1123,4121,t_z_487_7_0,z,0.99806834760024454,0.99806834760024454,142.31501770019531,0,142.31501770019531,142.10391203123413,0.18644007960779099,140.9822998046875,142.31501770019531,0.029510498046875,none,0,3.0794086059999843,3.0719589999999921,0.0024250343184893564,211022,405,0.15935422299999999,0.029534991,0.18889508699999999,true,branched,
405,811,131,1230,649,2235,t_z_294_293_1,z,0.75024999999999997,0.75024999999999997,142.58195495605469,0,142.58195495605469,142.39979653707366,0.1864179870915858,141.2786865234375,142.58195495605469,9.1552734375e-05,none,0,3.0794086059999843,3.0719589999999921,0.0024250343184893564,211023,406,0.158460775,0.029731453000000001,0.18820099700000001,true,branched,
406,812,132,1231,915,3091,t_z_396_395_1,z,0.999,0.999,142.87841796875,0,142.87841796875,142.69469683079291,0.18749125452701562,141.57406616210938,142.87841796875,0.000152587890625,none,0,3.0794086059999843,3.0719589999999921,0.0024250343184893564,211041,407,0.15910711299999999,0.029784636999999999,0.188898381,true,branched,
407,815,133,1230,879,2976,t_z_382_383_0,z,0.999,0.999,143.17518615722656,0,143.17518615722656,142.99120149689961,0.18739167428600603,141.87118530273438,143.17518615722656,0.000152587890625,none,0,3.0794086059999843,3.0719589999999921,0.0024250343184893564,211041,408,0.15811785,0.029595354000000001,0.187721681,true,branched,
408,817,134,1228,1213,4417,t_z_507_354_0,z,0.66666666666666652,0.66666666666666652,143.47181701660156,0,143.47181701660156,143.28762491828843,0.18735936047988799,142.168212890625,143.47181701660156,0.0008087158203125,none,0,3.0794086059999843,3.0719589999999921,0.0024250343184893564,211041,409,0.15875325900000001,0.029529123000000001,0.18829220999999999,true,branched,
409,819,135,1227,417,989,t_z_50_49_2,z,0.998,0.998,143.7642822265625,0,143.7642822265625,143.58027520836518,0.18722864046309026,142.46122741699219,143.7642822265625,0.000762939453125,none,0,3.0794086059999843,3.0719589999999921,0.0024250343184893564,211043,410,0.158763178,0.029519088999999998,0.188289656,true,branched,
410,821,136,1227,1221,4447,t_z_337_155_3,z,0.0020000000000000018,0.0020000000000000018,144.05677795410156,0,144.05677795410156,143.87333881903589,0.18715922898185947,142.75450134277344,144.05677795410156,0.0003204345703125,none,0,3.0794086059999843,3.0719589999999921,0.0024250343184893564,211044,411,0.15960379399999999,0.029588244999999999,0.189200904,true,branched,
411,792,122,1224,994,3613,t_z_459_330_2,z,0.01003382477245196,0.01003382477245196,145.76153564453125,0,145.76153564453125,145.58089192708334,0.18605891360683258,144.44955444335938,145.76153564453125,0.00079345703125,none,0,3.0794086059999843,3.0719589999999921,0.0024250343184893564,211458,412,0.16239421300000001,0.029425732,0.191829533,true,branched,
412,825,123,1223,371,843,t_z_20_19_1,z,0.998,0.998,145.98832702636719,0,145.98832702636719,145.80835955316476,0.18622463302102041,144.68196105957031,145.98832702636719,0.0016632080078125,none,0,3.0794086059999843,3.0719589999999921,0.0024250343184893564,211496,413,0.16338913199999999,0.029343972999999999,0.19273998000000001,true,branched,
413,827,124,1222,401,989,t_z_50_49_2,z,0.998,0.998,146.29026794433594,0,146.29026794433594,146.11167759122708,0.18610911963597479,144.98606872558594,146.29026794433594,0.0005035400390625,none,0,3.0794086059999843,3.0719589999999921,0.0024250343184893564,211497,414,0.15958092400000001,0.029282332000000001,0.18887196000000001,true,branched,
414,829,125,1222,560,1943,t_z_536_346_3,z,0.019123501088879391,0.019123501088879391,146.59312438964844,0,146.59312438964844,146.41488230404019,0.18597047267804825,145.29019165039062,146.59312438964844,0.0005645751953125,none,0,3.0794086059999843,3.0719589999999921,0.0024250343184893564,211498,415,0.15784949500000001,0.029382907,0.18724304999999999,true,branched,
415,831,126,1221,906,3103,t_z_397_396_3,z,0.9888767001954164,0.9888767001954164,146.89601135253906,0,146.89601135253906,146.71798261162886,0.18587393003627051,145.59425354003906,146.89601135253906,0.00018310546875,none,0,3.0794086059999843,3.0719589999999921,0.0024250343184893564,211499,416,0.157831741,0.029223882999999999,0.18706526000000001,true,branched,
416,833,127,1219,779,2625,t_z_342_341_0,z,0.998,0.998,147.19929504394531,0,147.19929504394531,147.02080993401995,0.18567404282720498,145.89817810058594,147.19929504394531,0,none,0,3.0794086059999843,3.0719589999999921,0.0024250343184893564,211506,417,0.161363389,0.029327087000000002,0.190699796,true,branched,
417,835,128,1219,782,2632,t_z_342_343_0,z,0.00099999999999997205,0.00099999999999997205,147.52159118652344,0,147.52159118652344,147.32383726775598,0.18546744104353935,146.20219421386719,147.52159118652344,0.0188446044921875,none,0,3.0794086059999843,3.0719589999999921,0.0024250343184893564,211507,418,0.161071834,0.029263668999999999,0.19034474800000001,true,branched,
418,837,129,1219,600,2193,t_z_289_288_0,z,0.99883333333333313,0.99883333333333313,147.80722045898438,0,147.80722045898438,147.62712105930194,0.18525388622069461,146.50642395019531,147.80722045898438,0.0009918212890625,none,0,3.0794086059999843,3.0719589999999921,0.0024250343184893564,211512,419,0.16162727900000001,0.029503391,0.19113992599999999,true,branched,
419,839,130,1218,947,3547,t_z_453_282_1,z,0.66666666666666674,0.66666666666666674,148.10969543457031,0,148.10969543457031,147.9299015239346,0.18508383522052391,146.81040954589844,148.10969543457031,0.0001220703125,none,0,3.0794086059999843,3.0719589999999921,0.0024250343184893564,211513,420,0.159719324,0.02925266,0.18898029199999999,true,branched,
420,840,131,1200,910,3162,t_z_405_406_1,z,0.14332087139888838,0.14332087139888838,148.41299438476562,0,148.41299438476562,148.23052017211913,0.18658028258047854,147.11183166503906,148.41299438476562,0.0002288818359375,none,0,3.0794086059999843,3.0719589999999921,0.0024250343184893564,211565,421,0.156569508,0.028836481000000001,0.185415309,true,branched,
421,843,132,1209,912,3154,t_z_403_404_1,z,0.00099999999999997205,0.00099999999999997205,148.75387573242188,0,148.75387573242188,148.53439907834391,0.1870271803961488,147.41667175292969,148.75387573242188,0.0372314453125,none,0,3.0794086059999843,3.0719589999999921,0.0024250343184893564,211645,422,0.161519368,0.02884169,0.19036936400000001,true,branched,
422,845,133,1205,1189,4417,t_z_507_354_0,z,0.66666666666666652,0.66666666666666652,149.02009582519531,0,149.02009582519531,148.83735687129231,0.1870857887748994,147.72077941894531,149.02009582519531,4.57763671875e-05,none,0,3.0794086059999843,3.0719589999999921,0.0024250343184893564,211649,423,0.15828520200000001,0.028897272000000002,0.18719139600000001,true,branched,
423,847,134,1204,853,2976,t_z_382_383_0,z,0.999,0.999,149.31771850585938,0,149.31771850585938,149.13466214658413,0.18700337836099865,148.0185546875,149.31771850585938,0.0015716552734375,none,0,3.0794086059999843,3.0719589999999921,0.0024250343184893564,211650,424,0.15699707700000001,0.028644512,0.18565035299999999,true,branched,
424,849,135,1202,885,3079,t_z_394_393_3,z,0.91491666666666627,0.91491666666666627,149.61306762695312,0,149.61306762695312,149.43114595841647,0.18720086399872649,148.31568908691406,149.61306762695312,0.0002288818359375,none,0,3.0794086059999843,3.0719589999999921,0.0024250343184893564,211650,425,0.15888708500000001,0.028742070000000002,0.187638051,true,branched,
425,851,136,1207,888,3086,t_z_394_395_3,z,0.056722222222222451,0.056722222222222451,149.90972900390625,0,149.90972900390625,149.72753834191096,0.18675168389838137,148.61184692382812,149.90972900390625,0.00042724609375,none,0,3.0794086059999843,3.0719589999999921,0.0024250343184893564,211657,426,0.15858044099999999,0.028919457999999999,0.18750726600000001,true,branched,
426,853,137,1205,881,3063,t_z_392_391_3,z,0.997,0.997,150.22026062011719,0,150.22026062011719,150.02500971244083,0.18568703091479891,148.91781616210938,150.22026062011719,0.01470947265625,none,0,3.0794086059999843,3.0719589999999921,0.0024250343184893564,211715,427,0.157350346,0.028873146999999998,0.18623161699999999,true,branched,
427,855,138,1205,769,2579,t_z_334_81_1,z,0.96329132256212868,0.96329132256212868,150.50198364257812,0,150.50198364257812,150.32115912852942,0.18559480130781658,149.21420288085938,150.50198364257812,0.0001068115234375,none,0,3.0794086059999843,3.0719589999999921,0.0024250343184893564,211716,428,0.15781932300000001,0.028888282000000001,0.18671178599999999,true,branched,
428,857,139,1197,817,2689,t_z_350_349_0,z,0.0010000000000002229,0.0010000000000002229,150.79829406738281,0,150.79829406738281,150.61742627391641,0.18484383129496318,149.5103759765625,150.79829406738281,0.000213623046875,none,0,3.0794086059999843,3.0719589999999921,0.0024250343184893564,211723,429,0.15848638000000001,0.028802054000000001,0.18729295700000001,true,branched,
429,859,140,1211,551,1865,t_z_515_323_0,z,0.999,0.999,151.11245727539062,0,151.11245727539062,150.91507300732059,0.18398200693557651,149.80532836914062,151.11245727539062,0.0143890380859375,none,0,3.0794086059999843,3.0719589999999921,0.0024250343184893564,211823,430,0.15892726800000001,0.029194082999999999,0.18812904,true,branched,
430,860,141,1203,767,2583,t_z_334_81_3,z,0.77796216245611438,0.77796216245611438,151.39439392089844,0,151.39439392089844,151.21036078626676,0.18416921142560497,150.10273742675781,151.39439392089844,0.00140380859375,none,0,3.0794086059999843,3.0719589999999921,0.0024250343184893564,211839,431,0.15781314299999999,0.029009759999999999,0.18682795599999999,true,branched,
431,830,126,1222,950,3547,t_z_453_282_1,z,0.66666666666666674,0.66666666666666674,153.13096618652344,0,153.13096618652344,152.95322970126537,0.18511701936711733,151.83258056640625,153.13096618652344,0.0001220703125,none,0,3.0794086059999843,3.0719589999999921,0.0024250343184893564,212546,432,0.16079320899999999,0.029473539999999999,0.19027571700000001,true,branched,
432,864,127,1208,917,3162,t_z_405_406_1,z,0.14328109993854854,0.14328109993854854,153.36782836914062,0,153.36782836914062,153.18779441378763,0.1864322508813866,152.06837463378906,153.36782836914062,3.0517578125e-05,none,0,3.0794086059999843,3.0719589999999921,0.0024250343184893564,212598,433,0.15802005499999999,0.029117211,0.18714607999999999,true,branched,
433,867,128,1214,916,3154,t_z_403_404_1,z,0.0010000000000000009,0.0010000000000000009,153.72027587890625,0,153.72027587890625,153.50126514717618,0.18714810666729298,152.37947082519531,153.72027587890625,0.0372772216796875,none,0,3.0794086059999843,3.0719589999999921,0.0024250343184893564,212668,434,0.15794048899999999,0.029035766000000001,0.18698437900000001,true,branched,
434,869,129,1212,898,3103,t_z_397_396_3,z,0.96269458432544219,0.96269458432544219,153.99313354492188,0,153.99313354492188,153.81086495528521,0.18708010171072484,152.69087219238281,153.99313354492188,0.001556396484375,none,0,3.0794086059999843,3.0719589999999921,0.0024250343184893564,212669,435,0.15907039100000001,0.028881938999999999,0.18796106200000001,true,branched,
435,871,130,1210,764,2579,t_z_334_81_1,z,0.932205701488241,0.932205701488241,154.29690551757812,0,154.29690551757812,154.11547107538902,0.18689500069731088,152.99713134765625,154.29690551757812,0.000335693359375,none,0,3.0794086059999843,3.0719589999999921,0.0024250343184893564,212673,436,0.15864054299999999,0.029042684999999999,0.18769195899999999,true,branched,
436,873,131,1204,766,2625,t_z_342_341_0,z,0.999,0.999,154.60110473632812,0,154.60110473632812,154.42114498607344,0.18534594266131713,153.30018615722656,154.60110473632812,1.52587890625e-05,none,0,3.0794086059999843,3.0719589999999921,0.0024250343184893564,212723,437,0.16049723399999999,0.028890331000000002,0.18939560799999999,true,branched,
437,875,132,1199,995,3695,t_z_464_236_3,z,9.5802016779278354e-05,9.5802016779278354e-05,154.9959716796875,0,154.9959716796875,154.75680190747335,0.18594339094872761,153.63288879394531,154.9959716796875,0.0008392333984375,none,0,3.0794086059999843,3.0719589999999921,0.0024250343184893564,212725,438,0.167781188,0.029288416000000001,0.197076212,true,branched,
438,877,133,1203,354,817,t_z_9_6_0,z,0.0010000000000000009,0.0010000000000000009,155.3001708984375,0,155.3001708984375,155.05876041707256,0.1872929050472194,153.93666076660156,155.3001708984375,0.0114288330078125,none,0,3.0794086059999843,3.0719589999999921,0.0024250343184893564,212788,439,0.16185344900000001,0.028875114,0.19073633600000001,true,branched,
439,879,134,1198,430,1320,t_z_121_282_0,z,0.0010000000000000009,0.0010000000000000009,155.5919189453125,0,155.5919189453125,155.36155054923489,0.18703042321493848,154.24156188964844,155.5919189453125,0.0001220703125,none,0,3.0794086059999843,3.0719589999999921,0.0024250343184893564,212807,440,0.159296202,0.028800018,0.188101453,true,branched,
440,880,135,1200,782,2649,t_z_344_28_0,z,0.00025000000000008349,0.00025000000000008349,155.89527893066406,0,155.89527893066406,155.66483552296955,0.18710389583381595,154.54573059082031,155.89527893066406,0.001190185546875,none,0,3.0794086059999843,3.0719589999999921,0.0024250343184893564,212810,441,0.16356794399999999,0.028889811000000001,0.19246529100000001,true,branched,
441,883,136,1204,773,2619,t_z_341_340_1,z,0.54717684801709376,0.54717684801709376,156.19761657714844,0,156.19761657714844,155.96693497717973,0.18956695290619138,154.84521484375,156.19761657714844,0.0010223388671875,none,0,3.0794086059999843,3.0719589999999921,0.0024250343184893564,212822,442,0.16525780900000001,0.029019069000000002,0.194284601,true,branched,
442,885,137,1203,913,3165,t_z_406_405_2,z,0.3193301675300555,0.3193301675300555,156.50003051757812,0,156.50003051757812,156.26989492414796,0.18936245233573806,155.14936828613281,156.50003051757812,0.0014801025390625,none,0,3.0794086059999843,3.0719589999999921,0.0024250343184893564,212823,443,0.16113640700000001,0.029077048000000001,0.190221531,true,branched,
443,887,138,1166,771,2657,t_z_345_344_0,z,0.0020000000000000018,0.0020000000000000018,156.8011474609375,0,156.8011474609375,156.57376814461082,0.18903183261999421,155.45462036132812,156.8011474609375,9.1552734375e-05,none,0,3.0794086059999843,3.0719589999999921,0.0024250343184893564,212912,444,0.165466684,0.028480045999999998,0.19395111800000001,true,branched,
444,889,139,1164,560,2154,t_z_284_285_1,z,0.33533333333333315,0.33533333333333315,157.10455322265625,0,157.10455322265625,156.87689582588746,0.18903928947129858,155.75901794433594,157.10455322265625,0.0019378662109375,none,0,3.0794086059999843,3.0719589999999921,0.0024250343184893564,212913,445,0.15847847800000001,0.028400880999999999,0.18688664799999999,true,branched,
445,890,140,1162,928,3591,t_z_457_456_3,z,0.5781489907684596,0.5781489907684596,157.40888977050781,0,157.40888977050781,157.18035578768757,0.18830832011215604,156.06451416015625,157.40888977050781,0.0030517578125,none,0,3.0794086059999843,3.0719589999999921,0.0024250343184893564,212935,446,0.15906622000000001,0.028337601,0.18741271100000001,true,branched,
446,892,141,1162,546,2120,t_z_120_281_0,z,0.00049950049950042708,0.00049950049950042708,157.70936584472656,0,157.70936584472656,157.4835339675877,0.18813564517092221,156.3690185546875,157.70936584472656,0.0011138916015625,none,0,3.0794086059999843,3.0719589999999921,0.0024250343184893564,212939,447,0.15947394000000001,0.028377229,0.187856572,true,branched,
447,865,127,1218,364,817,t_z_9_6_0,z,0.0055518580711590992,0.0055518580711590992,159.23521423339844,0,159.23521423339844,158.98282018201104,0.18542166456322562,157.85220336914062,159.23521423339844,0.0271759033203125,none,0,3.0794086059999843,3.0719589999999921,0.0024250343184893564,213351,448,0.19204876900000001,0.029413979999999999,0.22147177100000001,true,branched,
448,897,128,1219,438,1320,t_z_121_282_0,z,0.0010000000000000009,0.0010000000000000009,159.45365905761719,0,159.45365905761719,159.22828302547714,0.18484115037084373,158.10501098632812,159.45365905761719,0.0002288818359375,none,0,3.0794086059999843,3.0719589999999921,0.0024250343184893564,213365,449,0.161861806,0.029455003,0.19132545500000001,true,branched,
449,898,129,1222,790,2649,t_z_344_28_0,z,0.00025000000000008349,0.00025000000000008349,159.77142333984375,0,159.77142333984375,159.54614467589633,0.18474649911953847,158.42567443847656,159.77142333984375,0.003204345703125,none,0,3.0794086059999843,3.0719589999999921,0.0024250343184893564,213368,450,0.165194855,0.029473683000000001,0.194673031,true,branched,
450,901,130,1217,774,2619,t_z_341_340_1,z,0.66666666666666652,0.66666666666666652,160.08486938476562,0,160.08486938476562,159.86207774905955,0.18472715894400935,158.74478149414062,160.08486938476562,0.0018157958984375,none,0,3.0794086059999843,3.0719589999999921,0.0024250343184893564,213372,451,0.16402637,0.029489837000000001,0.193524998,true,branched,
451,903,131,1216,576,2154,t_z_284_285_1,z,0.33483333333333332,0.33483333333333332,160.402099609375,0,160.402099609375,160.18056045080485,0.18446558499376756,159.06613159179688,160.402099609375,0.0012054443359375,none,0,3.0794086059999843,3.0719589999999921,0.0024250343184893564,213373,452,0.166140233,0.029393319000000001,0.19554084499999999,true,branched,
452,904,132,1221,794,2657,t_z_345_344_0,z,0.0020000000000000018,0.0020000000000000018,160.72018432617188,0,160.72018432617188,160.49910414287245,0.18588038147939995,159.3841552734375,160.72018432617188,0.002044677734375,none,0,3.0794086059999843,3.0719589999999921,0.0024250343184893564,213401,453,0.161617129,0.029475378999999999,0.191098557,true,branched,
453,907,133,1219,565,2120,t_z_120_281_0,z,0.0004995004995005381,0.0004995004995005381,161.03720092773438,0,161.03720092773438,160.81779448686808,0.18586513806246183,159.70587158203125,161.03720092773438,0.000396728515625,none,0,3.0794086059999843,3.0719589999999921,0.0024250343184893564,213402,454,0.160872867,0.029429996999999999,0.19031192899999999,true,branched,
454,908,134,1215,570,2146,t_z_283_284_1,z,0.5,0.5,161.35585021972656,0,161.35585021972656,161.13650270312903,0.18569998982601557,160.02719116210938,161.35585021972656,0.000701904296875,none,0,3.0794086059999843,3.0719589999999921,0.0024250343184893564,213403,455,0.16332026199999999,0.029423149999999999,0.19275071099999999,true,branched,
455,910,135,1147,895,3561,t_z_285_237_0,z,0.0010000000000000009,0.0010000000000000009,161.67195129394531,0,161.67195129394531,161.44917378512901,0.1867983234853865,160.34347534179688,161.67195129394531,0.0031890869140625,none,0,3.0794086059999843,3.0719589999999921,0.0024250343184893564,213460,456,0.158505221,0.028028330000000001,0.18653809900000001,true,branched,
456,912,136,1144,603,2250,t_z_295_296_1,z,0.0010000000000000009,0.0010000000000000009,161.97891235351562,0,161.97891235351562,161.75892085628911,0.18687996874755944,160.65484619140625,161.97891235351562,0.000946044921875,none,0,3.0794086059999843,3.0719589999999921,0.0024250343184893564,213462,457,0.15813152999999999,0.028023075000000001,0.18616255900000001,true,branched,
457,915,137,1144,914,3591,t_z_457_456_3,z,0.66666666666666663,0.66666666666666663,162.28254699707031,0,162.28254699707031,162.06385953943212,0.18643469983058111,160.96125793457031,162.28254699707031,0.0023956298828125,none,0,3.0794086059999843,3.0719589999999921,0.0024250343184893564,213499,458,0.16299538299999999,0.028013399000000001,0.191013344,true,branched,
458,916,138,1161,886,3165,t_z_406_405_2,z,0.050445188526215823,0.050445188526215823,162.5859375,0,162.5859375,162.36970966874679,0.18570860886762164,161.26913452148438,162.5859375,0.00018310546875,none,0,3.0794086059999843,3.0719589999999921,0.0024250343184893564,213534,459,0.16052491699999999,0.028421084999999999,0.18895393199999999,true,branched,
459,919,139,1157,467,1535,t_z_172_167_3,z,0.0044999999999999485,0.0044999999999999485,162.89109802246094,0,162.89109802246094,162.67446109438725,0.18582300194580564,161.57525634765625,162.89109802246094,0.000274658203125,none,0,3.0794086059999843,3.0719589999999921,0.0024250343184893564,213549,460,0.15738434200000001,0.028348700000000001,0.18574223400000001,true,branched,
460,921,140,1172,1064,4123,t_z_487_7_1,z,0.66666666666666652,0.66666666666666652,163.19566345214844,0,163.19566345214844,162.97934863510392,0.18475385761805768,161.87995910644531,163.19566345214844,7.62939453125e-05,none,0,3.0794086059999843,3.0719589999999921,0.0024250343184893564,213635,461,0.15839835099999999,0.028618642,0.18702566800000001,true,branched,
461,923,141,1171,1057,4099,t_z_490_489_1,z,0.66666666666666652,0.66666666666666652,163.49905395507812,0,163.49905395507812,163.28221543439935,0.18475785603989914,162.18409729003906,163.49905395507812,0,none,0,3.0794086059999843,3.0719589999999921,0.0024250343184893564,213636,462,0.164843569,0.028662397999999999,0.19351496600000001,true,branched,
462,925,142,1170,535,1907,t_z_545_492_1,z,0.66666666666666652,0.66666666666666652,163.80252075195312,0,163.80252075195312,163.58514838585486,0.18453262435376558,162.48831176757812,163.80252075195312,0.00048828125,none,0,3.0794086059999843,3.0719589999999921,0.0024250343184893564,213637,463,0.15748178500000001,0.028621460000000001,0.18611040500000001,true,branched,
463,927,143,1169,534,1901,t_z_298_277_2,z,0.25,0.25,164.10530090332031,0,164.10530090332031,163.8881450878238,0.18436970465750616,162.79248046875,164.10530090332031,0.0009765625,none,0,3.0794086059999843,3.0719589999999921,0.0024250343184893564,213638,464,0.162206036,0.028653422000000001,0.19086830799999999,true,branched,
464,929,144,1169,988,3785,t_z_467_408_0,z,0.0020000000000000018,0.0020000000000000018,164.40786743164062,0,164.40786743164062,164.19134436640809,0.18435277400157909,163.09613037109375,164.40786743164062,0.0008087158203125,none,0,3.0794086059999843,3.0719589999999921,0.0024250343184893564,213642,465,0.16077538499999999,0.028727618,0.18951127200000001,true,branched,
465,931,145,1168,527,1881,t_z_208_207_0,z,0.19789415897490403,0.19789415897490403,164.71047973632812,0,164.71047973632812,164.49463724110225,0.18435804230287883,163.39939880371094,164.71047973632812,0.0039520263671875,none,0,3.0794086059999843,3.0719589999999921,0.0024250343184893564,213645,466,0.16068537599999999,0.02860014,0.18929457699999999,true,branched,
466,933,146,1147,986,3861,t_z_280_117_2,z,0.0011666666666666492,0.0011666666666666492,165.01008605957031,0,165.01008605957031,164.79717239339973,0.18334501357245159,163.70970153808594,165.01008605957031,0.0015716552734375,none,0,3.0794086059999843,3.0719589999999921,0.0024250343184893564,213662,467,0.15845104300000001,0.028104179,0.18655962400000001,true,branched,
467,935,147,1146,813,2977,t_z_383_382_0,z,0.00099999999999997205,0.00099999999999997205,165.31201171875,0,165.31201171875,165.10005921635121,0.18336352608093301,164.01213073730469,165.31201171875,0.0009613037109375,none,0,3.0794086059999843,3.0719589999999921,0.0024250343184893564,213664,468,0.16064015200000001,0.028105692000000002,0.18875020000000001,true,branched,
468,936,148,1144,974,3836,t_z_292_470_2,z,0.0010000000000000009,0.0010000000000000009,165.61460876464844,0,165.61460876464844,165.40317915536306,0.18335993899526842,164.31535339355469,165.61460876464844,0.0006103515625,none,0,3.0794086059999843,3.0719589999999921,0.0024250343184893564,213665,469,0.15787559200000001,0.028123741000000001,0.18600838,true,branched,
469,939,149,1145,409,1227,t_z_103_98_1,z,0.15352380221130235,0.15352380221130235,165.91606140136719,0,165.91606140136719,165.70700996765405,0.18249590134372792,164.6143798828125,165.91606140136719,0.0019378662109375,none,0,3.0794086059999843,3.0719589999999921,0.0024250343184893564,213697,470,0.158335689,0.028082625,0.18642383400000001,true,branched,
470,941,150,1141,865,3142,t_z_401_402_3,z,0.086580612117509226,0.086580612117509226,166.21452331542969,0,166.21452331542969,166.00696228722748,0.18263650137390791,164.91448974609375,166.21452331542969,0.0001068115234375,none,0,3.0794086059999843,3.0719589999999921,0.0024250343184893564,213698,471,0.160893494,0.028028067,0.18892951399999999,true,branched,
471,942,151,1151,1134,4417,t_z_507_354_0,z,0.66666666666666663,0.66666666666666663,166.51094055175781,0,166.51094055175781,166.3036456866227,0.18381786302712058,165.21092224121094,166.51094055175781,0.0003814697265625,none,0,3.0794086059999843,3.0719589999999921,0.0024250343184893564,213717,472,0.164649879,0.028547558000000001,0.19320322200000001,true,branched,
472,914,137,1143,912,3591,t_z_457_456_3,z,0.66666666666666674,0.66666666666666674,168.08576965332031,0,168.08576965332031,167.86642424015236,0.18697538778619871,166.76109313964844,168.08576965332031,0.0002288818359375,none,0,3.0794086059999843,3.0719589999999921,0.0024250343184893564,214127,473,0.16319759,0.028653026000000002,0.191857689,true,branched,
473,946,138,1144,469,1599,t_z_191_190_3,z,0.75050050050050043,0.75050050050050043,168.32568359375,0,168.32568359375,168.10612581159685,0.18675095621576546,167.00439453125,168.32568359375,0.0012969970703125,none,0,3.0794086059999843,3.0719589999999921,0.0024250343184893564,214132,474,0.15825824999999999,0.027878723000000001,0.186142219,true,branched,
474,949,139,1143,454,1535,t_z_172_167_3,z,0.0020000000000001661,0.0020000000000001661,168.64349365234375,0,168.64349365234375,168.42479355379041,0.18662789092786544,167.32577514648438,168.64349365234375,0.0009307861328125,none,0,3.0794086059999843,3.0719589999999921,0.0024250343184893564,214134,475,0.15781978899999999,0.027769194000000001,0.18559431500000001,true,branched,
475,951,140,1167,983,3785,t_z_467_408_0,z,0.0020000000000000018,0.0020000000000000018,168.95887756347656,0,168.95887756347656,168.74489224130718,0.18557910561910984,167.64427185058594,168.95887756347656,0.001922607421875,none,0,3.0794086059999843,3.0719589999999921,0.0024250343184893564,214219,476,0.16021317400000001,0.028693837,0.18891221,true,branched,
476,953,141,1166,1058,4123,t_z_487_7_1,z,0.66666666666666652,0.66666666666666652,169.27500915527344,0,169.27500915527344,169.06279935231544,0.1855821436273502,167.96217346191406,169.27500915527344,7.62939453125e-05,none,0,3.0794086059999843,3.0719589999999921,0.0024250343184893564,214220,477,0.16226907099999999,0.028485018000000001,0.19075984900000001,true,branched,
477,955,142,1165,1048,4099,t_z_490_489_1,z,0.66666666666666652,0.66666666666666652,169.58845520019531,0,169.58845520019531,169.37577594544243,0.18559411957230026,168.2755126953125,169.58845520019531,0,none,0,3.0794086059999843,3.0719589999999921,0.0024250343184893564,214221,478,0.159964354,0.028499439000000001,0.18846986099999999,true,branched,
478,957,143,1164,532,1907,t_z_545_492_1,z,0.66666666666666652,0.66666666666666652,169.89634704589844,0,169.89634704589844,169.68316031649351,0.18538179102575383,168.583251953125,169.89634704589844,0.000152587890625,none,0,3.0794086059999843,3.0719589999999921,0.0024250343184893564,214222,479,0.15712468700000001,0.028390826000000001,0.18552287000000001,true,branched,
479,959,144,1163,524,1881,t_z_208_207_0,z,0.16254644612147395,0.16254644612147395,170.201416015625,0,170.201416015625,169.98795669568784,0.18523103261258916,168.88835144042969,170.201416015625,0.0009307861328125,none,0,3.0794086059999843,3.0719589999999921,0.0024250343184893564,214223,480,0.16284342299999999,0.028437387000000001,0.19128896300000001,true,branched,
480,961,145,1161,881,3165,t_z_406_405_2,z,0.0072171506629654233,0.0072171506629654233,170.5052490234375,0,170.5052490234375,170.29256417523368,0.18541510015540205,169.19557189941406,170.5052490234375,0.000579833984375,none,0,3.0794086059999843,3.0719589999999921,0.0024250343184893564,214227,481,0.15974490899999999,0.028308052,0.188057681,true,branched,
481,963,146,1157,993,3861,t_z_280_117_2,z,0.0011666666666667602,0.0011666666666667602,170.8099365234375,0,170.8099365234375,170.59734196114766,0.18554261563693175,169.50068664550781,170.8099365234375,0.001678466796875,none,0,3.0794086059999843,3.0719589999999921,0.0024250343184893564,214229,482,0.15862210099999999,0.028188602,0.18681657500000001,true,branched,
482,965,147,1156,984,3836,t_z_292_470_2,z,0.0071949277451600624,0.0071949277451600624,171.11270141601562,0,171.11270141601562,170.90109206730932,0.18554779998880341,169.80397033691406,171.11270141601562,0.00054931640625,none,0,3.0794086059999843,3.0719589999999921,0.0024250343184893564,214232,483,0.16096769599999999,0.028154321,0.18912773699999999,true,branched,
483,967,148,1145,810,2977,t_z_383_382_0,z,0.00099999999999997205,0.00099999999999997205,171.41567993164062,0,171.41567993164062,171.2029112703415,0.18562753868171397,170.1107177734375,171.41567993164062,0.0004119873046875,none,0,3.0794086059999843,3.0719589999999921,0.0024250343184893564,214256,484,0.16097025300000001,0.027953204999999998,0.18893226499999999,true,branched,
484,968,149,1143,403,1227,t_z_103_98_1,z,0.19391666666666574,0.19391666666666574,171.7188720703125,0,171.7188720703125,171.50601169589518,0.18562178931049753,170.41397094726562,171.7188720703125,0.003387451171875,none,0,3.0794086059999843,3.0719589999999921,0.0024250343184893564,214257,485,0.16187760100000001,0.028242995999999999,0.19012957899999999,true,branched,
485,971,150,1165,1056,4137,t_z_221_220_0,z,0.99694841611007246,0.99694841611007246,172.02388000488281,0,172.02388000488281,171.8072370930291,0.19098644350517943,170.70954895019531,172.02388000488281,0.0067138671875,none,0,3.0794086059999843,3.0719589999999921,0.0024250343184893564,214528,486,0.15976798,0.028016174000000001,0.18778910200000001,true,branched,
486,973,151,1164,530,1901,t_z_298_277_2,z,0.0010000000000000009,0.0010000000000000009,172.32066345214844,0,172.32066345214844,172.11033092905157,0.1908971213348126,171.01304626464844,172.32066345214844,0.0038909912109375,none,0,3.0794086059999843,3.0719589999999921,0.0024250343184893564,214529,487,0.165892078,0.028682609000000001,0.19458086099999999,true,branched,
487,974,152,1163,1148,4417,t_z_507_354_0,z,0.66666666666666652,0.66666666666666652,172.62022399902344,0,172.62022399902344,172.4136009445912,0.1908723601764041,171.31637573242188,172.62022399902344,0.0018463134765625,none,0,3.0794086059999843,3.0719589999999921,0.0024250343184893564,214530,488,0.16135885,0.028017011000000001,0.18938159399999999,true,branched,
488,977,153,1145,874,3544,t_z_282_453_0,z,0.0010000000000000009,0.0010000000000000009,172.92204284667969,0,172.92204284667969,172.7151923433662,0.19173522940181029,171.61878967285156,172.92204284667969,0.0014190673828125,none,0,3.0794086059999843,3.0719589999999921,0.0024250343184893564,214542,489,0.160826048,0.027764566000000001,0.18859757899999999,true,branched,
489,979,154,1144,906,3599,t_z_458_457_3,z,0.24577015515839329,0.24577015515839329,173.22409057617188,0,173.22409057617188,173.01835369563602,0.19144695677571222,171.92538452148438,173.22409057617188,0.0023345947265625,none,0,3.0794086059999843,3.0719589999999921,0.0024250343184893564,214545,490,0.158153917,0.027626819,0.18578826100000001,true,branched,
490,981,155,1186,984,3777,t_z_467_407_0,z,0.45731419010665225,0.45731419010665225,173.56063842773438,0,173.56063842773438,173.32350751802852,0.18916588265090545,172.21974182128906,173.56063842773438,0.0149383544921875,none,0,3.0794086059999843,3.0719589999999921,0.0024250343184893564,215042,491,0.161975379,0.027710920999999999,0.18969261900000001,true,branched,
491,950,140,1141,867,3165,t_z_406_405_2,z,0.074184178830851488,0.074184178830851488,175.12884521484375,0,175.12884521484375,174.91164767961561,0.18633259319000606,173.80909729003906,175.12884521484375,0.0023193359375,none,0,3.0794086059999843,3.0719589999999921,0.0024250343184893564,215752,492,0.16492343100000001,0.027987049999999999,0.19291652400000001,true,branched,
492,985,141,1139,970,3836,t_z_292_470_2,z,0.10094568332777215,0.10094568332777215,175.36277770996094,0,175.36277770996094,175.14733022634559,0.18638303591587746,174.04447937011719,175.36277770996094,0.000274658203125,none,0,3.0794086059999843,3.0719589999999921,0.0024250343184893564,215762,493,0.16417079100000001,0.027987926,0.192167485,true,branched,
493,987,142,1145,953,3695,t_z_464_236_3,z,0.00025555555555567544,0.00025555555555567544,175.71136474609375,0,175.71136474609375,175.46463656363008,0.18616780313557607,174.35752868652344,175.71136474609375,0.0323486328125,none,0,3.0794086059999843,3.0719589999999921,0.0024250343184893564,215794,494,0.16318687300000001,0.027861973000000002,0.19105455499999999,true,branched,
494,989,143,1142,1008,4006,t_z_167_464_3,z,0.0020000000000000018,0.0020000000000000018,176.02363586425781,0,176.02363586425781,175.78141609632823,0.18607877270219458,174.67495727539062,176.02363586425781,0.0270538330078125,none,0,3.0794086059999843,3.0719589999999921,0.0024250343184893564,215799,495,0.16056544,0.02788413,0.18845858800000001,true,branched,
495,990,144,1140,963,3785,t_z_467_408_0,z,0.0020000000000000018,0.0020000000000000018,176.31559753417969,0,176.31559753417969,176.10008959853857,0.18609171201503436,174.99383544921875,176.31559753417969,0.002655029296875,none,0,3.0794086059999843,3.0719589999999921,0.0024250343184893564,215801,496,0.158568603,0.027703843999999998,0.186281366,true,branched,
496,993,145,1139,1033,4123,t_z_487_7_1,z,0.66666666666666652,0.66666666666666652,176.6318359375,0,176.6318359375,176.41889586544957,0.18607733832283302,175.31269836425781,176.6318359375,9.1552734375e-05,none,0,3.0794086059999843,3.0719589999999921,0.0024250343184893564,215802,497,0.16020205100000001,0.027656337,0.18786698299999999,true,branched,
497,995,146,1138,1026,4099,t_z_490_489_1,z,0.66666666666666652,0.66666666666666652,176.95068359375,0,176.95068359375,176.73725475452068,0.18607416379382252,175.63150024414062,176.95068359375,0,none,0,3.0794086059999843,3.0719589999999921,0.0024250343184893564,215803,498,0.159236773,0.027629850000000001,0.186873019,true,branched,
498,997,147,1137,520,1907,t_z_545_492_1,z,0.66666666666666652,0.66666666666666652,177.26959228515625,0,177.26959228515625,177.05569898190998,0.18583973656281172,175.95037841796875,177.26959228515625,0.0004730224609375,none,0,3.0794086059999843,3.0719589999999921,0.0024250343184893564,215804,499,0.16025167300000001,0.027517162000000001,0.18777385599999999,true,branched,
499,999,148,1136,512,1881,t_z_208_207_0,z,0.17304482247415098,0.17304482247415098,177.58441162109375,0,177.58441162109375,177.37095737457275,0.18566610472526771,176.26603698730469,177.58441162109375,0.00048828125,none,0,3.0794086059999843,3.0719589999999921,0.0024250343184893564,215805,500,0.15990747599999999,0.027557115,0.18747314700000001,true,branched,
500,1001,149,1132,975,3861,t_z_280_117_2,z,0.0011666666666667047,0.0011666666666667047,177.8974609375,0,177.8974609375,177.68425992015395,0.18504199571239799,176.58132934570312,177.8974609375,0.00054931640625,none,0,3.0794086059999843,3.0719589999999921,0.0024250343184893564,215808,501,0.15921141699999999,0.027517405000000002,0.18673408,true,branched,
501,1003,150,1157,414,1227,t_z_103_98_1,z,0.19391666666666574,0.19391666666666574,178.20596313476562,0,178.20596313476562,177.99433468989287,0.1833590020648613,176.88902282714844,178.20596313476562,0.002105712890625,none,0,3.0794086059999843,3.0719589999999921,0.0024250343184893564,215859,502,0.15841712099999999,0.028227489000000001,0.186649657,true,branched,
502,1005,151,1096,998,4137,t_z_221_220_0,z,0.99571311475409818,0.99571311475409818,178.51176452636719,0,178.51176452636719,178.29645667807029,0.18207227724331862,177.20414733886719,178.51176452636719,0.0019378662109375,none,0,3.0794086059999843,3.0719589999999921,0.0024250343184893564,216074,503,0.16063797899999999,0.026982559999999999,0.187629043,true,branched,
503,1007,152,1087,776,2977,t_z_383_382_0,z,0.00099999999999997205,0.00099999999999997205,178.81500244140625,0,178.81500244140625,178.60047487260667,0.1823223966583222,177.50947570800781,178.81500244140625,0.006103515625,none,0,3.0794086059999843,3.0719589999999921,0.0024250343184893564,216081,504,0.16045826999999999,0.026739411000000001,0.187206021,true,branched,
504,1008,153,1085,1073,4417,t_z_507_354_0,z,0.66666666666666652,0.66666666666666652,179.11410522460938,0,179.11410522460938,178.90531084614415,0.18228433345300427,177.81455993652344,179.11410522460938,0.0013427734375,none,0,3.0794086059999843,3.0719589999999921,0.0024250343184893564,216082,505,0.16043816999999999,0.02669322,0.18713619300000001,true,branched,
505,1011,154,1084,842,3544,t_z_282_453_0,z,0.0010000000000000009,0.0010000000000000009,179.41740417480469,0,179.41740417480469,179.20955567870192,0.18218646587471826,178.11924743652344,179.41740417480469,0.0032806396484375,none,0,3.0794086059999843,3.0719589999999921,0.0024250343184893564,216083,506,0.159234345,0.026793287999999998,0.186032422,true,branched,
506,1013,155,1124,906,3599,t_z_458_457_3,z,0.11362289746294163,0.11362289746294163,179.71969604492188,0,179.71969604492188,179.51262139425583,0.18244724882306976,178.42634582519531,179.71969604492188,0.0037841796875,none,0,3.0794086059999843,3.0719589999999921,0.0024250343184893564,216100,507,0.15736745899999999,0.027431535,0.184808265,true,branched,
507,1015,156,1172,888,3142,t_z_401_402_3,z,0.023721761093148053,0.023721761093148053,180.02871704101562,0,180.02871704101562,179.82095357745175,0.17642069328597657,178.69792175292969,180.02871704101562,0.006317138671875,none,0,3.0794086059999843,3.0719589999999921,0.0024250343184893564,216524,508,0.158769155,0.027756860000000001,0.18653406,true,branched,
508,984,141,1141,400,1227,t_z_103_98_1,z,0.1939166666666659,0.1939166666666659,181.52180480957031,0,181.52180480957031,181.29931280886677,0.18582968237134675,180.19184875488281,181.52180480957031,0.0077667236328125,none,0,3.0794086059999843,3.0719589999999921,0.0024250343184893564,216983,509,0.15711441500000001,0.027708955,0.18482811299999999,true,branched,
509,1019,142,1040,858,3695,t_z_464_236_3,z,0.0010000000000000009,0.0010000000000000009,181.79257202148438,0,181.79257202148438,181.53904043344352,0.18557992362441031,180.44491577148438,181.79257202148438,0.0377655029296875,none,0,3.0794086059999843,3.0719589999999921,0.0024250343184893564,217207,510,0.15619092200000001,0.025452569000000001,0.18164846000000001,true,branched,
510,1021,143,1115,975,4006,t_z_167_464_3,z,0.0020000000000000018,0.0020000000000000018,182.10980224609375,0,182.10980224609375,181.86283740398596,0.18640689630059001,180.76885986328125,182.10980224609375,0.028289794921875,none,0,3.0794086059999843,3.0719589999999921,0.0024250343184893564,217274,511,0.15345720800000001,0.027049743000000001,0.18051196999999999,true,branched,
511,1022,144,1114,931,3785,t_z_467_408_0,z,0.0020000000000000018,0.0020000000000000018,182.40325927734375,0,182.40325927734375,182.18428558678343,0.18632186083882782,181.090576171875,182.40325927734375,0.0035552978515625,none,0,3.0794086059999843,3.0719589999999921,0.0024250343184893564,217275,512,0.153949218,0.027093125999999999,0.18104781,true,branched,
512,1025,145,1113,1006,4137,t_z_221_220_0,z,0.99319354838709661,0.99319354838709661,182.71963500976562,0,182.71963500976562,182.50396945127366,0.18628308103735589,181.41044616699219,182.71963500976562,0.00146484375,none,0,3.0794086059999843,3.0719589999999921,0.0024250343184893564,217277,513,0.155445902,0.027098285999999999,0.18254894399999999,true,branched,
513,1027,146,1094,493,1881,t_z_208_207_0,z,0.19700000000000006,0.19700000000000006,183.03623962402344,0,183.03623962402344,182.81984946409571,0.18546602380067054,181.7265625,183.03623962402344,0.0006103515625,none,0,3.0794086059999843,3.0719589999999921,0.0024250343184893564,217311,514,0.15977961299999999,0.026659535000000002,0.186444531,true,branched,
514,1029,147,1087,765,2977,t_z_383_382_0,z,0.00099999999999997205,0.00099999999999997205,183.35202026367188,0,183.35202026367188,183.13492596160413,0.18574281642657475,182.05165100097656,183.35202026367188,0.001800537109375,none,0,3.0794086059999843,3.0719589999999921,0.0024250343184893564,217317,515,0.15946819100000001,0.026595371999999999,0.18606861099999999,true,branched,
515,1030,148,1085,980,4123,t_z_487_7_1,z,0.66666666666666652,0.66666666666666652,183.6666259765625,0,183.6666259765625,183.45094874509468,0.18571147136378638,182.367919921875,183.6666259765625,0.0001068115234375,none,0,3.0794086059999843,3.0719589999999921,0.0024250343184893564,217318,516,0.16216688600000001,0.026567411999999999,0.18873904999999999,true,branched,
516,1033,149,1084,973,4099,t_z_490_489_1,z,0.66666666666666652,0.66666666666666652,183.98286437988281,0,183.98286437988281,183.76670365843825,0.18569250385881261,182.68421936035156,183.98286437988281,0,none,0,3.0794086059999843,3.0719589999999921,0.0024250343184893564,217319,517,0.166647816,0.026594283999999999,0.19324980899999999,true,branched,
517,1035,150,1057,479,1907,t_z_545_492_1,z,0.66666666666666652,0.66666666666666652,184.30099487304688,0,184.30099487304688,184.08272867915534,0.1856862228837752,183.00265502929688,184.30099487304688,0.0004730224609375,none,0,3.0794086059999843,3.0719589999999921,0.0024250343184893564,217332,518,0.16221287700000001,0.026597293000000001,0.188814695,true,branched,
518,1037,151,1056,1044,4417,t_z_507_354_0,z,0.66666666666666652,0.66666666666666652,184.61592102050781,0,184.61592102050781,184.40118541139546,0.18549053140639959,183.32156372070312,184.61592102050781,0.00189208984375,none,0,3.0794086059999843,3.0719589999999921,0.0024250343184893564,217333,519,0.16345884299999999,0.025862205999999999,0.18932942,true,branched,
519,1039,152,1055,901,3861,t_z_280_117_2,z,0.0010000000000000009,0.0010000000000000009,184.93295288085938,0,184.93295288085938,184.71975841070238,0.18539408211359376,183.64064025878906,184.93295288085938,0.0032806396484375,none,0,3.0794086059999843,3.0719589999999921,0.0024250343184893564,217334,520,0.15963322699999999,0.025810006,0.185450805,true,branched,
520,1041,153,1156,979,3836,t_z_292_470_2,z,0.049502362350847519,0.049502362350847519,185.26339721679688,0,185.26339721679688,185.04367015271038,0.18793511552722472,183.95918273925781,185.26339721679688,0.0084228515625,none,0,3.0794086059999843,3.0719589999999921,0.0024250343184893564,217412,521,0.159079042,0.027807616,0.186894701,true,branched,
521,1043,154,1071,805,3142,t_z_401_402_3,z,0.084146453061354043,0.084146453061354043,185.56985473632812,0,185.56985473632812,185.35350682020857,0.19021727884456888,184.26948547363281,185.56985473632812,0.0016326904296875,none,0,3.0794086059999843,3.0719589999999921,0.0024250343184893564,217614,522,0.160484179,0.026173061000000001,0.186665263,true,branched,
522,1044,155,1097,874,3599,t_z_458_457_3,z,0.24949949949949923,0.24949949949949923,185.8818359375,0,185.8818359375,185.66900997805183,0.19061078134675072,184.58198547363281,185.8818359375,0.001739501953125,none,0,3.0794086059999843,3.0719589999999921,0.0024250343184893564,217637,523,0.16234759200000001,0.026718540999999998,0.18907131299999999,true,branched,
523,1047,156,1206,968,3620,t_z_537_538_2,z,0.999,0.999,186.20150756835938,0,186.20150756835938,185.98732241350621,0.18802083921322982,184.88461303710938,186.20150756835938,0.0054931640625,none,0,3.0794086059999843,3.0719589999999921,0.0024250343184893564,217947,524,0.164747649,0.030071311999999999,0.19482399,true,branched,
524,1048,157,1196,538,1839,t_z_342_221_3,z,0.99950000000000006,0.99950000000000006,186.50593566894531,0,186.50593566894531,186.29603281946086,0.18583339675163246,185.19619750976562,186.50593566894531,0.0013580322265625,none,0,3.0794086059999843,3.0719589999999921,0.0024250343184893564,218020,525,0.165897659,0.028332992000000001,0.19423700699999999,true,branched,
525,1018,142,1148,977,3836,t_z_292_470_2,z,0.068495966848081347,0.068495966848081347,187.90232849121094,0,187.90232849121094,187.68777973560506,0.18496631891701693,186.57472229003906,187.90232849121094,0.0028533935546875,none,0,3.0794086059999843,3.0719589999999921,0.0024250343184893564,218490,526,0.16421622899999999,0.027949185000000001,0.19217137500000001,true,branched,
526,1053,143,1162,959,3695,t_z_464_236_3,z,0.0010000000000000009,0.0010000000000000009,188.17671203613281,0,188.17671203613281,187.93333198691809,0.18941101251109352,186.81698608398438,188.17671203613281,0.03155517578125,none,0,3.0794086059999843,3.0719589999999921,0.0024250343184893564,218813,527,0.157102505,0.027512766000000001,0.184620798,true,branched,
527,1055,144,1160,1024,4006,t_z_167_464_3,z,0.0020000000000000018,0.0020000000000000018,188.49386596679688,0,188.49386596679688,188.25429353385135,0.18930293962666522,187.14093017578125,188.49386596679688,0.0269012451171875,none,0,3.0794086059999843,3.0719589999999921,0.0024250343184893564,218816,528,0.16129924700000001,0.027671000000000001,0.18897854,true,branched,
528,1056,145,1159,971,3785,t_z_467_408_0,z,0.0020000000000000018,0.0020000000000000018,188.78874206542969,0,188.78874206542969,188.57578941786258,0.18923979460408047,187.46263122558594,188.78874206542969,0.0004119873046875,none,0,3.0794086059999843,3.0719589999999921,0.0024250343184893564,218818,529,0.15745287699999999,0.027488972,0.18494740600000001,true,branched,
529,1059,146,1158,1051,4123,t_z_487_7_1,z,0.66666666666666652,0.66666666666666652,189.11015319824219,0,189.11015319824219,188.89743476828144,0.18922190366894559,187.784423828125,189.11015319824219,0.0001220703125,none,0,3.0794086059999843,3.0719589999999921,0.0024250343184893564,218819,530,0.15783854899999999,0.027545006,0.18538858799999999,true,branched,
530,1061,147,1157,1044,4099,t_z_490_489_1,z,0.66666666666666652,0.66666666666666652,189.43180847167969,0,189.43180847167969,189.21864725045324,0.18922156356215195,188.10612487792969,189.43180847167969,0,none,0,3.0794086059999843,3.0719589999999921,0.0024250343184893564,218820,531,0.15752846100000001,0.027380485,0.184915418,true,branched,
531,1063,148,1156,535,1907,t_z_545_492_1,z,0.66666666666666652,0.66666666666666652,189.75360107421875,0,189.75360107421875,189.53992533436283,0.18899514279239793,188.4278564453125,189.75360107421875,0.0004730224609375,none,0,3.0794086059999843,3.0719589999999921,0.0024250343184893564,218821,532,0.15736663200000001,0.027654194,0.18502812399999999,true,branched,
532,1065,149,1155,879,3154,t_z_403_404_1,z,0.013434385458983789,0.013434385458983789,190.07467651367188,0,190.07467651367188,189.86127118527631,0.18882662644366494,188.7496337890625,190.07467651367188,0.001922607421875,none,0,3.0794086059999843,3.0719589999999921,0.0024250343184893564,218822,533,0.15500556500000001,0.027489349999999999,0.18250000899999999,true,branched,
533,1067,150,1155,1002,3971,t_z_481_479_1,z,0.99673617693522909,0.99673617693522909,190.39532470703125,0,190.39532470703125,190.18403326918036,0.18520696244076726,189.07113647460938,190.39532470703125,0.000457763671875,none,0,3.0794086059999843,3.0719589999999921,0.0024250343184893564,218957,534,0.15820807200000001,0.027962062999999999,0.18617725900000001,true,branched,
534,1069,151,1154,727,2595,t_z_481_382_1,z,0.0047803532008829919,0.0047803532008829919,190.720947265625,0,190.720947265625,190.50080503995952,0.18555843460222457,189.38865661621094,190.720947265625,0.000518798828125,none,0,3.0794086059999843,3.0719589999999921,0.0024250343184893564,218960,535,0.16090438400000001,0.028035510999999999,0.18894623499999999,true,branched,
535,1071,152,1225,1063,3959,t_z_480_478_3,z,0.66666666666666674,0.66666666666666674,191.05076599121094,0,191.05076599121094,190.81927997199855,0.18421610399266364,189.71138000488281,191.05076599121094,0.0195770263671875,none,0,3.0794086059999843,3.0719589999999921,0.0024250343184893564,219071,536,0.166710207,0.030002761999999999,0.19671926000000001,true,branched,
536,1073,153,1238,1133,4137,t_z_221_220_0,z,0.997,0.997,191.34786987304688,0,191.34786987304688,191.13815480172153,0.18192101618408404,190.02706909179688,191.34786987304688,0.0019683837890625,none,0,3.0794086059999843,3.0719589999999921,0.0024250343184893564,219087,537,0.16667874099999999,0.029570020999999998,0.19625371,true,branched,
537,1075,154,1238,1064,3861,t_z_280_117_2,z,0.0010000000000000009,0.0010000000000000009,191.66227722167969,0,191.66227722167969,191.45450412090838,0.18183530059261707,190.34339904785156,191.66227722167969,0.0005340576171875,none,0,3.0794086059999843,3.0719589999999921,0.0024250343184893564,219088,538,0.16271664999999999,0.029539228000000001,0.19226501100000001,true,branched,
538,1077,155,1237,882,2977,t_z_383_382_0,z,0.00099999999999997205,0.00099999999999997205,191.9781494140625,0,191.9781494140625,191.7702977543602,0.18180484227412358,190.65896606445312,191.9781494140625,0.0029296875,none,0,3.0794086059999843,3.0719589999999921,0.0024250343184893564,219090,539,0.16314246499999999,0.029543827000000002,0.19269125000000001,true,branched,
539,1078,156,1235,573,1881,t_z_208_207_0,z,0.28711172076434566,0.28711172076434566,192.29261779785156,0,192.29261779785156,192.08745662056,0.1817825148333147,190.97633361816406,192.29261779785156,0.0008544921875,none,0,3.0794086059999843,3.0719589999999921,0.0024250343184893564,219091,540,0.16424254899999999,0.029462561000000002,0.193709614,true,branched,
540,1081,157,1228,570,1901,t_z_298_277_2,z,0.00050000000000001486,0.00050000000000001486,192.61051940917969,0,192.61051940917969,192.40723473862639,0.17967249605018004,191.29759216308594,192.61051940917969,0.0002288818359375,none,0,3.0794086059999843,3.0719589999999921,0.0024250343184893564,219137,541,0.163015884,0.029370002999999999,0.19239124599999999,true,branched,
541,1082,158,1228,923,3142,t_z_401_402_3,z,0.24075622167730648,0.24075622167730648,192.92922973632812,0,192.92922973632812,192.72606849049123,0.17955550699437897,191.61654663085938,192.92922973632812,0,none,0,3.0794086059999843,3.0719589999999921,0.0024250343184893564,219138,542,0.161213301,0.029159867999999999,0.19038243999999999,true,branched,
542,1052,143,1148,968,3785,t_z_467_408_0,z,0.0020000000000000018,0.0020000000000000018,194.23497009277344,0,194.23497009277344,194.02427240032767,0.18472274986854367,192.90501403808594,194.23497009277344,0.002288818359375,none,0,3.0794086059999843,3.0719589999999921,0.0024250343184893564,219592,543,0.15830317999999999,0.027746831,0.186056097,true,branched,
543,1087,144,1147,1013,4006,t_z_167_464_3,z,0.0020000000000000018,0.0020000000000000018,194.49659729003906,0,194.49659729003906,194.28795996934514,0.18464820854375946,193.17326354980469,194.49659729003906,0.0001373291015625,none,0,3.0794086059999843,3.0719589999999921,0.0024250343184893564,219593,544,0.15676558900000001,0.027772946,0.184543542,true,branched,
544,1088,145,1149,1043,4123,t_z_487_7_1,z,0.66666666666666652,0.66666666666666652,194.83529663085938,0,194.83529663085938,194.62624833893008,0.18478638670402678,193.51612854003906,194.83529663085938,0.0001068115234375,none,0,3.0794086059999843,3.0719589999999921,0.0024250343184893564,219595,545,0.15710027800000001,0.027906710000000001,0.18501183199999999,true,branched,
545,1091,146,1148,1036,4099,t_z_490_489_1,z,0.66666666666666652,0.66666666666666652,195.1719970703125,0,195.1719970703125,194.96249267365459,0.18475396120596208,193.85418701171875,195.1719970703125,0,none,0,3.0794086059999843,3.0719589999999921,0.0024250343184893564,219596,546,0.15736376699999999,0.027891109000000001,0.185261537,true,branched,
546,1093,147,1147,526,1907,t_z_545_492_1,z,0.66666666666666652,0.66666666666666652,195.49368286132812,0,195.49368286132812,195.28375075189777,0.1845063751156748,194.17594909667969,195.49368286132812,0.0004730224609375,none,0,3.0794086059999843,3.0719589999999921,0.0024250343184893564,219597,547,0.157859478,0.027776661000000001,0.18564101699999999,true,branched,
547,1095,148,1146,525,1901,t_z_298_277_2,z,0.0011666666666666492,0.0011666666666666492,195.814208984375,0,195.814208984375,195.60509721313264,0.18432536676855166,194.49774169921875,195.814208984375,0.0002899169921875,none,0,3.0794086059999843,3.0719589999999921,0.0024250343184893564,219598,548,0.15915096400000001,0.027686321,0.186844385,true,branched,
548,1096,149,1146,815,2977,t_z_383_382_0,z,0.00099999999999997205,0.00099999999999997205,196.13569641113281,0,196.13569641113281,195.92674877173405,0.18420063056870253,194.81951904296875,196.13569641113281,0.0001983642578125,none,0,3.0794086059999843,3.0719589999999921,0.0024250343184893564,219601,549,0.157214571,0.027664264000000001,0.18488782500000001,true,branched,
549,1098,150,1144,986,3861,t_z_280_117_2,z,0.0011666666666666492,0.0011666666666666492,196.45732116699219,0,196.45732116699219,196.24823604930532,0.1841829083913798,195.14125061035156,196.45732116699219,0.0013275146484375,none,0,3.0794086059999843,3.0719589999999921,0.0024250343184893564,219602,550,0.15862198999999999,0.027748405,0.18637875700000001,true,branched,
550,1101,151,1150,526,1881,t_z_208_207_0,z,0.15819743195946678,0.15819743195946678,196.77665710449219,0,196.77665710449219,196.56927954632303,0.18542186849900574,195.45932006835938,196.77665710449219,0.0038909912109375,none,0,3.0794086059999843,3.0719589999999921,0.0024250343184893564,219627,551,0.157278743,0.027880518999999999,0.185164355,true,branched,
551,1103,152,1141,1125,4417,t_z_507_354_0,z,0.66666666666666674,0.66666666666666674,197.09443664550781,0,197.09443664550781,196.89010957121118,0.18495327382036797,195.79591369628906,197.09443664550781,0.0008392333984375,none,0,3.0794086059999843,3.0719589999999921,0.0024250343184893564,219658,552,0.15711282600000001,0.027666037000000001,0.18478356000000001,true,branched,
552,1105,153,1140,887,3544,t_z_282_453_0,z,0.0010000000000000009,0.0010000000000000009,197.41546630859375,0,197.41546630859375,197.21157756604646,0.18488326329728008,196.11788940429688,197.41546630859375,0.002197265625,none,0,3.0794086059999843,3.0719589999999921,0.0024250343184893564,219659,553,0.158508709,0.027662507999999999,0.186176221,true,branched,
553,1107,154,1159,876,3142,t_z_401_402_3,z,0.10363181820052034,0.10363181820052034,197.73542785644531,0,197.73542785644531,197.53494469393317,0.1836502793975463,196.44302368164062,197.73542785644531,0.0003204345703125,none,0,3.0794086059999843,3.0719589999999921,0.0024250343184893564,219663,554,0.161325197,0.028117234000000001,0.18944761700000001,true,branched,
554,1108,155,1158,928,3599,t_z_458_457_3,z,0.24949949949949957,0.24949949949949957,198.05699157714844,0,198.05699157714844,197.85701215411302,0.18296179587633801,196.76515197753906,198.05699157714844,0.00048828125,none,0,3.0794086059999843,3.0719589999999921,0.0024250343184893564,219669,555,0.163409525,0.028086690000000001,0.191504218,true,branched,
555,1111,156,1109,930,3777,t_z_467_407_0,z,0.35717733282229303,0.35717733282229303,198.41468811035156,0,198.41468811035156,198.17145517003547,0.18812930758432192,197.08027648925781,198.41468811035156,0.027008056640625,none,0,3.0794086059999843,3.0719589999999921,0.0024250343184893564,219996,556,0.16410424000000001,0.027127154000000001,0.19123983999999999,true,branched,
556,1113,157,1108,677,2504,t_z_27_327_0,z,0.0030000000000000027,0.0030000000000000027,198.70413208007812,0,198.70413208007812,198.48761300317648,0.18804452246834033,197.39666748046875,198.70413208007812,0.0061492919921875,none,0,3.0794086059999843,3.0719589999999921,0.0024250343184893564,219997,557,0.163225697,0.026924004000000001,0.19015625799999999,true,branched,
557,1114,158,1106,451,1531,t_z_172_167_1,z,0.0010000000000000009,0.0010000000000000009,199.01466369628906,0,199.01466369628906,198.80375836943202,0.1880365010713749,197.71316528320312,199.01466369628906,0.0033721923828125,none,0,3.0794086059999843,3.0719589999999921,0.0024250343184893564,220000,558,0.16357053299999999,0.027033260999999999,0.19061018900000001,true,branched,
558,1117,159,1187,1081,4137,t_z_221_220_0,z,0.99599999999999933,0.99599999999999933,199.32914733886719,0,199.32914733886719,199.12488670959729,0.18713390050635734,198.02180480957031,199.32914733886719,0.0040283203125,none,0,3.0794086059999843,3.0719589999999921,0.0024250343184893564,220217,559,0.16223548199999999,0.028307167000000001,0.19055129900000001,true,branched,
559,1119,160,1240,407,823,t_z_9_6_3,z,0.999,0.999,199.68869018554688,0,199.68869018554688,199.42535849540465,0.20094530493434201,198.33335876464844,199.68869018554688,0.0274658203125,none,0,3.0794086059999843,3.0719589999999921,0.0024250343184893564,220493,560,0.162582543,0.029696252999999999,0.19228513999999999,true,branched,
560,1121,161,1238,1083,3947,t_z_479_478_1,z,0.99949999999999994,0.99949999999999994,199.97769165039062,0,199.97769165039062,199.76042808816197,0.18173692286493906,198.64970397949219,199.97769165039062,0.0161590576171875,none,0,3.0794086059999843,3.0719589999999921,0.0024250343184893564,220494,561,0.16175572099999999,0.029459537000000001,0.19122472400000001,true,branched,
561,1123,162,1236,599,1884,t_z_207_208_2,z,0.0062491853559520361,0.0062491853559520361,200.27801513671875,0,200.27801513671875,200.07646979174567,0.18170079320915006,198.96612548828125,200.27801513671875,0.0036468505859375,none,0,3.0794086059999843,3.0719589999999921,0.0024250343184893564,220495,562,0.164980237,0.029413129999999999,0.19440329100000001,true,branched,
562,1125,163,1236,829,2617,t_z_341_340_0,z,0.74987500000000029,0.74987500000000029,200.59310913085938,0,200.59310913085938,200.3950555671766,0.18169130140141596,199.28448486328125,200.59310913085938,0.0018157958984375,none,0,3.0794086059999843,3.0719589999999921,0.0024250343184893564,220501,563,0.164093716,0.029567458000000001,0.19367067700000001,true,branched,
563,1127,164,1226,1122,4121,t_z_487_7_0,z,0.99299999999999999,0.99299999999999999,200.91595458984375,0,200.91595458984375,200.71186032069645,0.18388019868187019,199.60298156738281,200.91595458984375,0.0054931640625,none,0,3.0794086059999843,3.0719589999999921,0.0024250343184893564,220557,564,0.163369077,0.029209582000000001,0.19258488600000001,true,branched,
564,1129,165,1222,1071,3959,t_z_480_478_3,z,0.999,0.999,201.22958374023438,0,201.22958374023438,201.03056091957905,0.18401655579578435,199.92202758789062,201.22958374023438,0.00469970703125,none,0,3.0794086059999843,3.0719589999999921,0.0024250343184893564,220569,565,0.16211140399999999,0.029204460000000002,0.19132545400000001,true,branched,
565,1131,166,1221,1218,4475,t_z_388_220_1,z,0.0080000000000000071,0.0080000000000000071,201.54385375976562,0,201.54385375976562,201.34926029739566,0.18392993021538356,200.24104309082031,201.54385375976562,0.0009002685546875,none,0,3.0794086059999843,3.0719589999999921,0.0024250343184893564,220570,566,0.15920963399999999,0.028976398,0.18819533599999999,true,branched,
566,1100,151,1209,547,1881,t_z_208_207_0,z,0.17817063609626427,0.17817063609626427,202.89830017089844,0,202.89830017089844,202.69678224069801,0.18217294432987927,201.58561706542969,202.89830017089844,0.0003814697265625,none,0,3.0794086059999843,3.0719589999999921,0.0024250343184893564,221458,567,0.16073500099999999,0.028950091000000001,0.189692466,true,branched,
567,1135,152,1207,483,1531,t_z_172_167_1,z,0.0015000000000000568,0.0015000000000000568,203.16139221191406,0,203.16139221191406,202.95945320034579,0.18225366967264736,201.85964965820312,203.16139221191406,0.0028533935546875,none,0,3.0794086059999843,3.0719589999999921,0.0024250343184893564,221460,568,0.15986187499999999,0.029058023999999998,0.18892510700000001,true,branched,
568,1137,153,1079,1066,4417,t_z_507_354_0,z,0.75,0.75,203.48452758789062,0,203.48452758789062,203.27411854543323,0.18609851781208903,202.16490173339844,203.48452758789062,0.00128173828125,none,0,3.0794086059999843,3.0719589999999921,0.0024250343184893564,221657,569,0.17565334499999999,0.026358083000000001,0.20201639599999999,true,branched,
569,1139,154,1078,814,3142,t_z_401_402_3,z,0.13213187738594018,0.13213187738594018,203.80499267578125,0,203.80499267578125,203.59552084050506,0.18599022524420439,202.48689270019531,203.80499267578125,0.0005950927734375,none,0,3.0794086059999843,3.0719589999999921,0.0024250343184893564,221658,570,0.17935770400000001,0.026639728000000001,0.206003251,true,branched,
570,1140,155,1159,488,1593,t_z_191_190_0,z,0.0046666666666667078,0.0046666666666667078,204.12664794921875,0,204.12664794921875,203.9244248634582,0.18416827058012575,202.80715942382812,204.12664794921875,0.0014190673828125,none,0,3.0794086059999843,3.0719589999999921,0.0024250343184893564,221751,571,0.15891108300000001,0.028091548000000001,0.18701094900000001,true,branched,
571,1143,156,1168,1061,4137,t_z_221_220_0,z,0.99399999999999999,0.99399999999999999,204.44709777832031,0,204.44709777832031,204.24535693861034,0.18373103373892419,203.10194396972656,204.44709777832031,0.00189208984375,none,0,3.0794086059999843,3.0719589999999921,0.0024250343184893564,221821,572,0.15927739499999999,0.028149500000000001,0.18743553800000001,true,branched,
572,1145,157,1163,932,3599,t_z_458_457_3,z,0.24949949949949957,0.24949949949949957,204.76702880859375,0,204.76702880859375,204.56642907914269,0.18390922659937806,203.42388916015625,204.76702880859375,0.001617431640625,none,0,3.0794086059999843,3.0719589999999921,0.0024250343184893564,221834,573,0.15963318200000001,0.028258872000000001,0.18789646400000001,true,branched,
573,1147,158,1166,981,3777,t_z_467_407_0,z,0.52776799432510202,0.52776799432510202,205.10157775878906,0,205.10157775878906,204.88748782699349,0.18282296849516919,203.74418640136719,205.10157775878906,0.01312255859375,none,0,3.0794086059999843,3.0719589999999921,0.0024250343184893564,221956,574,0.15743066999999999,0.028191725000000001,0.185630569,true,branched,
574,1149,159,1165,1057,4121,t_z_487_7_0,z,0.84409124698042848,0.84409124698042848,205.41023254394531,0,205.41023254394531,205.20910324948028,0.18278076733460011,204.0660400390625,205.41023254394531,0.0015869140625,none,0,3.0794086059999843,3.0719589999999921,0.0024250343184893564,221957,575,0.159195736,0.028108899999999999,0.18731292699999999,true,branched,
575,1151,160,1148,344,823,t_z_9_6_3,z,0.66666666666666674,0.66666666666666674,205.74006652832031,0,205.74006652832031,205.52937919005285,0.18223528709671474,204.36610412597656,205.74006652832031,0.0011138916015625,none,0,3.0794086059999843,3.0719589999999921,0.0024250343184893564,222206,576,0.16209500800000001,0.027800898000000001,0.189900863,true,branched,
576,1153,161,1160,752,2632,t_z_342_343_0,z,0.0020000000000001128,0.0020000000000001128,206.05055236816406,0,206.05055236816406,205.85204501974172,0.18171414342543424,204.69009399414062,206.05055236816406,0.0010986328125,none,0,3.0794086059999843,3.0719589999999921,0.0024250343184893564,222239,577,0.158315399,0.028100367000000001,0.18642469,true,branched,
577,1155,162,1169,712,2520,t_z_328_329_0,z,0.69926415570329592,0.69926415570329592,206.367431640625,0,206.367431640625,206.17135180235928,0.18129168854307762,205.00630187988281,206.367431640625,0.001220703125,none,0,3.0794086059999843,3.0719589999999921,0.0024250343184893564,222255,578,0.158693266,0.028116201,0.186818393,true,branched,
578,1157,163,1169,606,2235,t_z_294_293_1,z,0.7777407530823055,0.7777407530823055,206.68272399902344,0,206.68272399902344,206.48712125570984,0.18103121104277084,205.32290649414062,206.68272399902344,0.0014190673828125,none,0,3.0794086059999843,3.0719589999999921,0.0024250343184893564,222258,579,0.157741241,0.028178254,0.18592679500000001,true,branched,
579,1158,164,1171,1156,4411,t_z_504_265_1,z,0.75,0.75,206.99966430664062,0,206.99966430664062,206.802663436616,0.18166935620829591,205.64212036132812,206.99966430664062,0.001739501953125,none,0,3.0794086059999843,3.0719589999999921,0.0024250343184893564,222296,580,0.16044154599999999,0.028246455,0.188692729,true,branched,
580,1161,165,1176,358,841,t_z_20_19_0,z,0.99883333333333324,0.99883333333333324,207.31449890136719,0,207.31449890136719,207.1187420410364,0.18204272441642841,205.95901489257812,207.31449890136719,0.0018157958984375,none,0,3.0794086059999843,3.0719589999999921,0.0024250343184893564,222306,581,0.15907738799999999,0.028457265999999998,0.18754400800000001,true,branched,
581,1163,166,1175,396,1089,t_z_72_70_0,z,0.997,0.997,207.62930297851562,0,207.62930297851562,207.43505198377244,0.1820276110870046,206.27557373046875,207.62930297851562,0.0004425048828125,none,0,3.0794086059999843,3.0719589999999921,0.0024250343184893564,222307,582,0.15730045100000001,0.028326403999999999,0.18563570800000001,true,branched,
582,1165,167,1174,541,1912,t_z_339_544_0,z,0.0010000000000000378,0.0010000000000000378,207.94538879394531,0,207.94538879394531,207.75133526101834,0.1820023839381168,206.59214782714844,207.94538879394531,0.000946044921875,none,0,3.0794086059999843,3.0719589999999921,0.0024250343184893564,222309,583,0.15972898199999999,0.02840353,0.18814029299999999,true,branched,
583,1097,149,1145,450,1531,t_z_172_167_1,z,0.0015000000000000568,0.0015000000000000568,209.2972412109375,0,209.2972412109375,209.08508771205052,0.18858666564441051,207.97052001953125,209.2972412109375,0.0030975341796875,none,0,3.0794086059999843,3.0719589999999921,0.0024250343184893564,222937,584,0.19469040500000001,0.027453302999999998,0.22215083699999999,true,branched,
584,1169,150,1127,460,1593,t_z_191_190_0,z,0.0046666666666667078,0.0046666666666667078,209.56507873535156,0,209.56507873535156,209.34686689537611,0.18572990813134049,208.24790954589844,209.56507873535156,0.0080108642578125,none,0,3.0794086059999843,3.0719589999999921,0.0024250343184893564,223064,585,0.15972802,0.027044652999999998,0.186780683,true,branched,
585,1171,151,1083,302,823,t_z_9_6_3,z,0.99849999999999994,0.99849999999999994,209.96418762207031,0,209.96418762207031,209.68393669938555,0.18437690404114174,208.56932067871094,209.96418762207031,0.06964111328125,none,0,3.0794086059999843,3.0719589999999921,0.0024250343184893564,223205,586,0.16051718400000001,0.026186748999999999,0.186709817,true,branched,
586,1173,152,1068,764,2977,t_z_383_382_0,z,0.00099999999999997205,0.00099999999999997205,210.23342895507812,0,210.23342895507812,210.0210865749402,0.18480526215904972,208.90914916992188,210.23342895507812,0.00238037109375,none,0,3.0794086059999843,3.0719589999999921,0.0024250343184893564,223208,587,0.158877306,0.025857738000000002,0.18474444500000001,true,branched,
587,1174,153,1066,344,1103,t_z_74_71_3,z,0.5,0.5,210.57012939453125,0,210.57012939453125,210.35957274875318,0.18477522272076935,209.24803161621094,210.57012939453125,0.0004119873046875,none,0,3.0794086059999843,3.0719589999999921,0.0024250343184893564,223209,588,0.158117588,0.025554879999999999,0.18367772299999999,true,branched,
588,1177,154,1091,565,2235,t_z_294_293_1,z,0.999,0.999,210.90870666503906,0,210.90870666503906,210.69949286274687,0.18526425909448277,209.58738708496094,210.90870666503906,0.0004425048828125,none,0,3.0794086059999843,3.0719589999999921,0.0024250343184893564,223224,589,0.15833593300000001,0.026412802999999999,0.18475419500000001,true,branched,
589,1178,155,1091,877,3599,t_z_458_457_3,z,0.24949949949949957,0.24949949949949957,211.24740600585938,0,211.24740600585938,211.03698527670912,0.1851194796603175,209.92430114746094,211.24740600585938,0.000274658203125,none,0,3.0794086059999843,3.0719589999999921,0.0024250343184893564,223255,590,0.158307121,0.026245021,0.18456051200000001,true,branched,
590,1181,156,1166,499,1779,t_z_232_142_1,z,0.9993333333333333,0.9993333333333333,211.65988159179688,0,211.65988159179688,211.37823907711493,0.18661775571094499,210.25755310058594,211.65988159179688,0.0279083251953125,none,0,3.0794086059999843,3.0719589999999921,0.0024250343184893564,223683,591,0.15524484399999999,0.027177176000000001,0.182427321,true,branched,
591,1182,157,1259,1045,3695,t_z_464_236_3,z,0.00038571428571482214,0.00038571428571482214,211.97538757324219,0,211.97538757324219,211.72070717300281,0.1869736759927102,210.59561157226562,211.97538757324219,0.03155517578125,none,0,3.0794086059999843,3.0719589999999921,0.0024250343184893564,223729,592,0.16065843799999999,0.029268222,0.18993204499999999,true,branched,
592,1185,158,1266,446,1195,t_z_98_97_1,z,0.85431773035803493,0.85431773035803493,212.30755615234375,0,212.30755615234375,212.05885809104402,0.18348133961848567,210.93389892578125,212.30755615234375,0.0172882080078125,none,0,3.0794086059999843,3.0719589999999921,0.0024250343184893564,223794,593,0.16186677799999999,0.029382616,0.19125471099999999,true,branched,
593,1187,159,1262,957,3142,t_z_401_402_3,z,0.065266666666666806,0.065266666666666806,212.62898254394531,0,212.62898254394531,212.39713326044583,0.1833853936742178,211.27354431152344,212.62898254394531,0.0100860595703125,none,0,3.0794086059999843,3.0719589999999921,0.0024250343184893564,223802,594,0.16209638300000001,0.029396227,0.191499485,true,branched,
594,1188,160,1281,1090,3861,t_z_280_117_2,z,0.4776328743020149,0.4776328743020149,212.95466613769531,0,212.95466613769531,212.72818056295665,0.18230592410521843,211.61061096191406,212.95466613769531,0.0047607421875,none,0,3.0794086059999843,3.0719589999999921,0.0024250343184893564,224132,595,0.16404561000000001,0.029819010999999999,0.193871505,true,branched,
595,1191,161,1277,1166,4137,t_z_221_220_0,z,0.97937170661532869,0.97937170661532869,213.27320861816406,0,213.27320861816406,213.05005007081417,0.18211660669710583,211.93316650390625,213.27320861816406,0.0019989013671875,none,0,3.0794086059999843,3.0719589999999921,0.0024250343184893564,224145,596,0.16152353799999999,0.029631492999999998,0.19116488200000001,true,branched,
596,1193,162,1268,588,1884,t_z_207_208_2,z,0.0015000000000000568,0.0015000000000000568,213.59307861328125,0,213.59307861328125,213.3716164958966,0.18148522573959264,212.25474548339844,213.59307861328125,0.00323486328125,none,0,3.0794086059999843,3.0719589999999921,0.0024250343184893564,224149,597,0.16045920299999999,0.029463224999999999,0.189931825,true,branched,
597,1195,163,1262,405,923,t_z_37_34_1,z,0.999,0.999,213.91192626953125,0,213.91192626953125,213.69322012343611,0.18148243770630354,212.57527160644531,213.91192626953125,0.0069732666015625,none,0,3.0794086059999843,3.0719589999999921,0.0024250343184893564,224165,598,0.16445991800000001,0.029603233999999999,0.194068294,true,branched,
598,1197,164,1259,946,3103,t_z_397_396_3,z,0.96066967715088791,0.96066967715088791,214.22718811035156,0,214.22718811035156,214.01528317403756,0.18147346501639436,212.89749145507812,214.22718811035156,0.0028228759765625,none,0,3.0794086059999843,3.0719589999999921,0.0024250343184893564,224165,599,0.16361136400000001,0.02943055,0.19305170199999999,true,branched,
599,1199,165,1258,1145,4121,t_z_487_7_0,z,0.99299999999999999,0.99299999999999999,214.54615783691406,0,214.54615783691406,214.33668149332553,0.18128926417390082,213.21934509277344,214.54615783691406,0.0015716552734375,none,0,3.0794086059999843,3.0719589999999921,0.0024250343184893564,224172,600,0.16720237099999999,0.029361745000000002,0.19657439800000001,true,branched,
600,1201,166,1255,1240,4417,t_z_507_354_0,z,0.61263724224283311,0.61263724224283311,214.86579895019531,0,214.86579895019531,214.65831404606183,0.18132415829769924,213.54121398925781,214.86579895019531,0.0002899169921875,none,0,3.0794086059999843,3.0719589999999921,0.0024250343184893564,224176,601,0.17363616800000001,0.029493116,0.203136237,true,branched,
601,1094,148,1064,325,923,t_z_37_34_1,z,0.70000000000000007,0.70000000000000007,216.08686828613281,0,216.08686828613281,215.82466607344779,0.18388949531586268,214.69082641601562,216.08686828613281,0.0482330322265625,none,0,3.0794086059999843,3.0719589999999921,0.0024250343184893564,224882,602,0.16532081600000001,0.026433378,0.191760554,true,branched,
602,1205,149,1090,360,1103,t_z_74_71_3,z,0.5,0.5,216.30308532714844,0,216.30308532714844,216.09025288153131,0.18308833039703784,214.95913696289062,216.30308532714844,0.0013885498046875,none,0,3.0794086059999843,3.0719589999999921,0.0024250343184893564,224895,603,0.16203268500000001,0.027680679999999999,0.18971945700000001,true,branched,
603,1207,150,1141,453,1593,t_z_191_190_0,z,0.035091509321175107,0.035091509321175107,216.64015197753906,0,216.64015197753906,216.42651894090471,0.18473022054815091,215.30589294433594,216.64015197753906,0.0002593994140625,none,0,3.0794086059999843,3.0719589999999921,0.0024250343184893564,225042,604,0.16202971799999999,0.028389026000000001,0.190423597,true,branched,
604,1209,151,1139,438,1531,t_z_172_167_1,z,0.0015000000000000568,0.0015000000000000568,216.97904968261719,0,216.97904968261719,216.76478442693616,0.18499045734193761,215.64321899414062,216.97904968261719,0.0001678466796875,none,0,3.0794086059999843,3.0719589999999921,0.0024250343184893564,225087,605,0.15988754999999999,0.026941527999999999,0.18683456700000001,true,branched,
605,1211,152,1109,364,1195,t_z_98_97_1,z,0.61859429044267178,0.61859429044267178,217.33306884765625,0,217.33306884765625,217.10375567918646,0.18384771479722972,215.98426818847656,217.33306884765625,0.0028839111328125,none,0,3.0794086059999843,3.0719589999999921,0.0024250343184893564,225174,606,0.168583023,0.026664651000000001,0.19525345799999999,true,branched,
606,1213,153,1108,1025,4187,t_z_310_91_1,z,0.99883333333333324,0.99883333333333324,217.66938781738281,0,217.66938781738281,217.44241710346097,0.18374768600777339,216.32707214355469,217.66938781738281,0.01043701171875,none,0,3.0794086059999843,3.0719589999999921,0.0024250343184893564,225175,607,0.15989962899999999,0.027292021,0.18719653,true,branched,
607,1215,154,1106,1005,4137,t_z_221_220_0,z,0.99112350758440571,0.99112350758440571,217.99787902832031,0,217.99787902832031,217.78089449504833,0.1842628167767332,216.66984558105469,217.99787902832031,0.0035858154296875,none,0,3.0794086059999843,3.0719589999999921,0.0024250343184893564,225176,608,0.16511916600000001,0.026769670999999998,0.19189466399999999,true,branched,
608,1217,155,1114,677,2504,t_z_27_327_0,z,0.0016111111111111187,0.0016111111111111187,218.33372497558594,0,218.33372497558594,218.1198934284532,0.18365269767813819,217.00894165039062,218.33372497558594,0.00128173828125,none,0,3.0794086059999843,3.0719589999999921,0.0024250343184893564,225187,609,0.15940183999999999,0.026828461000000001,0.18623893599999999,true,branched,
609,1218,156,1112,1010,4131,t_z_492_491_1,z,0.5278194444444454,0.5278194444444454,218.67131042480469,0,218.67131042480469,218.45838858240799,0.18362966601120184,217.34786987304688,218.67131042480469,0.0019378662109375,none,0,3.0794086059999843,3.0719589999999921,0.0024250343184893564,225189,610,0.16115878,0.026680282,0.18784758100000001,true,branched,
610,1221,157,1111,782,2977,t_z_383_382_0,z,0.00099999999999997205,0.00099999999999997205,219.00827026367188,0,219.00827026367188,218.79691855141326,0.18353078047959612,217.68682861328125,219.00827026367188,0.0037994384765625,none,0,3.0794086059999843,3.0719589999999921,0.0024250343184893564,225190,611,0.18025023500000001,0.026655275999999999,0.206911015,true,branched,
611,1222,158,1109,957,3861,t_z_280_117_2,z,0.0010000000000000009,0.0010000000000000009,219.34336853027344,0,219.34336853027344,219.13543705299591,0.18351002180014034,218.02569580078125,219.34336853027344,0.0012969970703125,none,0,3.0794086059999843,3.0719589999999921,0.0024250343184893564,225191,612,0.16504423500000001,0.026594988999999999,0.191648344,true,branched,
612,1225,159,1108,856,3544,t_z_282_453_0,z,0.0010000000000000009,0.0010000000000000009,219.68099975585938,0,219.68099975585938,219.47374502243977,0.183515121408246,218.36369323730469,219.68099975585938,0.0006256103515625,none,0,3.0794086059999843,3.0719589999999921,0.0024250343184893564,225193,613,0.16292686200000001,0.026543415000000001,0.189475002,true,branched,
613,1227,160,1149,520,1901,t_z_298_277_2,z,0.18104040541209021,0.18104040541209021,220.02946472167969,0,220.02946472167969,219.81658315368068,0.17579123776427025,218.71011352539062,220.02946472167969,0.006317138671875,none,0,3.0794086059999843,3.0719589999999921,0.0024250343184893564,225329,614,0.16092193900000001,0.027774018000000001,0.188702649,true,branched,
614,1228,161,1149,806,2927,t_z_131_94_3,z,0.22505038437612568,0.22505038437612568,220.36199951171875,0,220.36199951171875,220.15529094061921,0.17564729676499569,219.04913330078125,220.36199951171875,0.006195068359375,none,0,3.0794086059999843,3.0719589999999921,0.0024250343184893564,225331,615,0.159419322,0.027742798999999999,0.18717056900000001,true,branched,
615,1231,162,1148,600,2235,t_z_294_293_1,z,0.83350000000000002,0.83350000000000002,220.69474792480469,0,220.69474792480469,220.49404834122609,0.17559794907119253,219.38810729980469,220.69474792480469,0.0013275146484375,none,0,3.0794086059999843,3.0719589999999921,0.0024250343184893564,225332,616,0.158556589,0.027739906000000002,0.18630558,true,branched,
616,1232,163,1147,926,3599,t_z_458_457_3,z,0.24949949949949923,0.24949949949949923,221.0323486328125,0,221.0323486328125,220.83188927807595,0.17624716548742037,219.72718811035156,221.0323486328125,0.0005950927734375,none,0,3.0794086059999843,3.0719589999999921,0.0024250343184893564,225347,617,0.15676847499999999,0.027690560999999999,0.18446396300000001,true,branched,
617,1235,164,1168,884,3142,t_z_401_402_3,z,0.14232817667457853,0.14232817667457853,221.37294006347656,0,221.37294006347656,221.17203992033657,0.17602265731132002,220.0841064453125,221.37294006347656,0.0071563720703125,none,0,3.0794086059999843,3.0719589999999921,0.0024250343184893564,225478,618,0.15727265200000001,0.028256236000000001,0.185537339,true,branched,
618,1086,144,1032,309,923,t_z_37_34_1,z,0.73534546259093525,0.73534546259093525,222.55149841308594,0,222.55149841308594,222.28705256853917,0.18191237407239183,221.12030029296875,222.55149841308594,0.0146942138671875,none,0,3.0794086059999843,3.0719589999999921,0.0024250343184893564,226152,619,0.15639525600000001,0.0253379,0.18173811300000001,true,branched,
619,1239,145,1084,903,3695,t_z_464_236_3,z,0.0010000000000000009,0.0010000000000000009,222.80088806152344,0,222.80088806152344,222.55414928985257,0.18072922527080187,221.38925170898438,222.80088806152344,0.01214599609375,none,0,3.0794086059999843,3.0719589999999921,0.0024250343184893564,226155,620,0.16165770800000001,0.026305967999999999,0.18796896499999999,true,branched,
620,1241,146,1083,1001,4187,t_z_310_91_1,z,0.95398575075254977,0.95398575075254977,223.1405029296875,0,223.1405029296875,222.89223748627131,0.1801581128868304,221.73207092285156,223.1405029296875,0.00726318359375,none,0,3.0794086059999843,3.0719589999999921,0.0024250343184893564,226167,621,0.160471216,0.026248648999999999,0.18672475999999999,true,branched,
621,1243,147,1081,951,4006,t_z_167_464_3,z,0.0020000000000000018,0.0020000000000000018,223.47218322753906,0,223.47218322753906,223.23052473182926,0.18059739257304139,222.07473754882812,223.47218322753906,0.0108489990234375,none,0,3.0794086059999843,3.0719589999999921,0.0024250343184893564,226168,622,0.16114819399999999,0.026167552,0.187323991,true,branched,
622,1244,148,1080,479,1907,t_z_545_492_1,z,0.66666666666666652,0.66666666666666652,223.80024719238281,0,223.80024719238281,223.56914593731915,0.1802210832866718,222.41751098632812,223.80024719238281,0.0142364501953125,none,0,3.0794086059999843,3.0719589999999921,0.0024250343184893564,226169,623,0.158262509,0.026056573999999999,0.184323552,true,branched,
623,1247,149,1079,352,1103,t_z_74_71_3,z,0.5,0.5,224.12518310546875,0,224.12518310546875,223.90760070687648,0.17972421309091222,222.76026916503906,224.12518310546875,0.000701904296875,none,0,3.0794086059999843,3.0719589999999921,0.0024250343184893564,226170,624,0.15790483499999999,0.026123457999999999,0.184034908,true,branched,
624,1249,150,1143,793,2927,t_z_131_94_3,z,0.29303866422424052,0.29303866422424052,224.46604919433594,0,224.46604919433594,224.24927259763916,0.17713489337656288,223.09425354003906,224.46604919433594,0.002532958984375,none,0,3.0794086059999843,3.0719589999999921,0.0024250343184893564,226340,625,0.15811466499999999,0.028252780000000002,0.18637605700000001,true,branched,
625,1251,151,1142,446,1531,t_z_172_167_1,z,0.0015000000000000568,0.0015000000000000568,224.80259704589844,0,224.80259704589844,224.58799564608759,0.17701804046225916,223.43705749511719,224.80259704589844,0.008544921875,none,0,3.0794086059999843,3.0719589999999921,0.0024250343184893564,226341,626,0.158510393,0.027411722999999999,0.18593051799999999,true,branched,
626,1253,152,1109,672,2504,t_z_27_327_0,z,0.00099999999999997205,0.00099999999999997205,225.13336181640625,0,225.13336181640625,224.9235728395426,0.17600076224646424,223.78306579589844,225.13336181640625,0.0004425048828125,none,0,3.0794086059999843,3.0719589999999921,0.0024250343184893564,226424,627,0.162560755,0.026961888,0.189529959,true,branched,
627,1254,153,1107,883,3599,t_z_458_457_3,z,0.17429079565001904,0.17429079565001904,225.47189331054688,0,225.47189331054688,225.26211474796835,0.17593083518798996,224.12583923339844,225.47189331054688,0.001220703125,none,0,3.0794086059999843,3.0719589999999921,0.0024250343184893564,226427,628,0.162558375,0.026968782,0.18953234199999999,true,branched,
628,1257,154,1099,741,2731,t_z_351_68_1,z,0.76735458268150558,0.76735458268150558,225.83108520507812,0,225.83108520507812,225.60205136438844,0.18010121521976066,224.48487854003906,225.83108520507812,0.0200347900390625,none,0,3.0794086059999843,3.0719589999999921,0.0024250343184893564,226937,629,0.164547886,0.026146000999999999,0.19070177399999999,true,branched,
629,1258,155,1202,1088,4107,t_z_491_490_1,z,0.5211980470861044,0.5211980470861044,226.150390625,0,226.150390625,225.94332242131034,0.17729695196178463,224.83270263671875,226.150390625,0.00115966796875,none,0,3.0794086059999843,3.0719589999999921,0.0024250343184893564,227052,630,0.15846787400000001,0.028052437999999999,0.186529467,true,branched,
630,1261,156,1201,849,2977,t_z_383_382_0,z,0.00099999999999997205,0.00099999999999997205,226.48822021484375,0,226.48822021484375,226.28210966315098,0.17714333308936056,225.17457580566406,226.48822021484375,0.0015716552734375,none,0,3.0794086059999843,3.0719589999999921,0.0024250343184893564,227062,631,0.158946059,0.027965047999999999,0.18691888800000001,true,branched,
631,1262,157,1199,1088,4115,t_z_489_488_1,z,0.56244277940709342,0.56244277940709342,226.82550048828125,0,226.82550048828125,226.62068790948024,0.17710295199366918,225.51730346679688,226.82550048828125,0.00018310546875,none,0,3.0794086059999843,3.0719589999999921,0.0024250343184893564,227063,632,0.15898220399999999,0.027996166999999999,0.186983646,true,branched,
632,1265,158,1198,1091,4123,t_z_487_7_1,z,0.56244277940709342,0.56244277940709342,227.16416931152344,0,227.16416931152344,226.95923628512529,0.177043738601765,225.85694885253906,227.16416931152344,9.1552734375e-05,none,0,3.0794086059999843,3.0719589999999921,0.0024250343184893564,227064,633,0.16288533499999999,0.027989632,0.19088043099999999,true,branched,
633,1267,159,1197,624,2235,t_z_294_293_1,z,0.999,0.999,227.50308227539062,0,227.50308227539062,227.29772752906845,0.17706507200409571,226.19578552246094,227.50308227539062,0.0030975341796875,none,0,3.0794086059999843,3.0719589999999921,0.0024250343184893564,227065,634,0.16017462700000001,0.027933446000000001,0.188113273,true,branched,
634,1268,160,1287,1179,4137,t_z_221_220_0,z,0.98799742948666358,0.98799742948666358,227.84989929199219,0,227.84989929199219,227.64008337819678,0.17486387283645963,226.53921508789062,227.84989929199219,0.006561279296875,none,0,3.0794086059999843,3.0719589999999921,0.0024250343184893564,227323,635,0.16603440699999999,0.029644549999999999,0.19568569899999999,true,branched,
635,1271,161,1279,592,1901,t_z_298_277_2,z,0.00050000000000000044,0.00050000000000000044,228.18232727050781,0,228.18232727050781,227.97840351644581,0.17524308852260742,226.87809753417969,228.18232727050781,0.0005035400390625,none,0,3.0794086059999843,3.0719589999999921,0.0024250343184893564,227329,636,0.16220436699999999,0.029520570999999999,0.19173031300000001,true,branched,
636,1272,162,1269,981,3544,t_z_282_453_0,z,0.0010000000000000009,0.0010000000000000009,228.52076721191406,0,228.52076721191406,228.3162939193401,0.17554667390983758,227.21693420410156,228.52076721191406,0.0037078857421875,none,0,3.0794086059999843,3.0719589999999921,0.0024250343184893564,227334,637,0.15991227399999999,0.029323337000000001,0.189241305,true,branched,
637,1238,145,1139,1049,4187,t_z_310_91_1,z,0.99883333333333324,0.99883333333333324,229.57284545898438,0,229.57284545898438,229.33836942141886,0.18026640303352304,228.15190124511719,229.57284545898438,0.0110015869140625,none,0,3.0794086059999843,3.0719589999999921,0.0024250343184893564,227983,638,0.159556535,0.027360737999999999,0.18692498099999999,true,branched,
638,1277,146,1137,505,1907,t_z_545_492_1,z,0.66666666666666652,0.66666666666666652,229.82575988769531,0,229.82575988769531,229.60182820691702,0.18024621276971625,228.42001342773438,229.82575988769531,0.0090789794921875,none,0,3.0794086059999843,3.0719589999999921,0.0024250343184893564,227984,639,0.15799242399999999,0.027564539999999998,0.18556208499999999,true,branched,
639,1279,147,1136,374,1103,t_z_74_71_3,z,0.5,0.5,230.15580749511719,0,230.15580749511719,229.94042135963977,0.17947078819262696,228.7628173828125,230.15580749511719,0.0030975341796875,none,0,3.0794086059999843,3.0719589999999921,0.0024250343184893564,227985,640,0.15810348499999999,0.027430967000000001,0.18553915500000001,true,branched,
640,1281,148,1149,445,1531,t_z_172_167_1,z,0.0015000000000000568,0.0015000000000000568,230.49179077148438,0,230.49179077148438,230.27839403011365,0.17999009897926915,229.10673522949219,230.49179077148438,0.0046539306640625,none,0,3.0794086059999843,3.0719589999999921,0.0024250343184893564,228016,641,0.157716419,0.027555263,0.18527802700000001,true,branched,
641,1283,149,1085,399,1483,t_z_161_27_1,z,0.999,0.999,230.82893371582031,0,230.82893371582031,230.61475299887942,0.17760342914989627,229.44163513183594,230.82893371582031,0.001800537109375,none,0,3.0794086059999843,3.0719589999999921,0.0024250343184893564,228103,642,0.160140752,0.026143231999999999,0.18628890300000001,true,branched,
642,1285,150,1060,300,823,t_z_9_6_3,z,0.78098354937929926,0.78098354937929926,231.1712646484375,0,231.1712646484375,230.95308326865143,0.17554263212434432,229.78578186035156,231.1712646484375,0.00885009765625,none,0,3.0794086059999843,3.0719589999999921,0.0024250343184893564,228219,643,0.16021803900000001,0.025693081999999999,0.185916846,true,branched,
643,1287,151,1061,930,4006,t_z_167_464_3,z,0.0020000000000000018,0.0020000000000000018,231.50091552734375,0,231.50091552734375,231.29197587886023,0.17580783703025196,230.12908935546875,231.50091552734375,0.002838134765625,none,0,3.0794086059999843,3.0719589999999921,0.0024250343184893564,228235,644,0.15958125400000001,0.025705111999999999,0.18529409199999999,true,branched,
644,1288,152,1059,635,2504,t_z_27_327_0,z,0.00099999999999997205,0.00099999999999997205,231.83706665039062,0,231.83706665039062,231.63058199355689,0.17550484514463593,230.471923828125,231.83706665039062,0.001800537109375,none,0,3.0794086059999843,3.0719589999999921,0.0024250343184893564,228237,645,0.15618357999999999,0.025722752000000002,0.18191408100000001,true,branched,
645,1290,153,1055,949,4107,t_z_491_490_1,z,0.63657718322706014,0.63657718322706014,232.17410278320312,0,232.17410278320312,231.96893478321238,0.1753994102063049,230.81474304199219,232.17410278320312,0.001953125,none,0,3.0794086059999843,3.0719589999999921,0.0024250343184893564,228239,646,0.15953956499999999,0.02570012,0.18524769499999999,true,branched,
646,1293,154,1054,738,2977,t_z_383_382_0,z,0.00099999999999997205,0.00099999999999997205,232.5111083984375,0,232.5111083984375,232.30746297818209,0.17513346615286304,231.15751647949219,232.5111083984375,0.0009765625,none,0,3.0794086059999843,3.0719589999999921,0.0024250343184893564,228240,647,0.15714708399999999,0.025696516999999999,0.182852025,true,branched,
647,1294,155,1052,526,2235,t_z_294_293_1,z,0.99899999999999989,0.99899999999999989,232.84910583496094,0,232.84910583496094,232.64601290452617,0.17504367968303722,231.50025939941406,232.84910583496094,0.000244140625,none,0,3.0794086059999843,3.0719589999999921,0.0024250343184893564,228241,648,0.16104913000000001,0.025648826999999999,0.186706276,true,branched,
648,1296,156,1066,961,4115,t_z_489_488_1,z,0.62273113842328098,0.62273113842328098,233.18769836425781,0,233.18769836425781,232.98682745670513,0.1727929231658055,231.84365844726562,233.18769836425781,0.000152587890625,none,0,3.0794086059999843,3.0719589999999921,0.0024250343184893564,228269,649,0.160569823,0.026173511,0.18674785799999999,true,branched,
649,1299,157,1065,963,4123,t_z_487_7_1,z,0.62273113842328098,0.62273113842328098,233.52644348144531,0,233.52644348144531,233.32534093722492,0.17269782310141982,232.18634033203125,233.52644348144531,0.0032196044921875,none,0,3.0794086059999843,3.0719589999999921,0.0024250343184893564,228270,650,0.17005474700000001,0.026085601,0.196148144,true,branched,
650,1301,158,1064,821,3544,t_z_282_453_0,z,0.0010000000000000009,0.0010000000000000009,233.8621826171875,0,233.8621826171875,233.66377335742004,0.17271918892732938,232.52912902832031,233.8621826171875,0.0019683837890625,none,0,3.0794086059999843,3.0719589999999921,0.0024250343184893564,228271,651,0.156988919,0.026077823,0.18307164400000001,true,branched,
651,1303,159,1063,853,3599,t_z_458_457_3,z,0.20593679396240283,0.20593679396240283,234.19915771484375,0,234.19915771484375,234.00231320658386,0.17248750494475984,232.87532043457031,234.19915771484375,0.000457763671875,none,0,3.0794086059999843,3.0719589999999921,0.0024250343184893564,228275,652,0.16050515200000001,0.026152580000000002,0.18666180900000001,true,branched,
652,1305,160,1156,387,1195,t_z_98_97_1,z,0.40935384866664526,0.40935384866664526,234.5748291015625,0,234.5748291015625,234.34605865742509,0.16831448347352584,233.22819519042969,234.5748291015625,0.024139404296875,none,0,3.0794086059999843,3.0719589999999921,0.0024250343184893564,228636,653,0.160822099,0.028179040999999998,0.18900636300000001,true,branched,
653,1307,161,1155,510,1901,t_z_298_277_2,z,0.28782485556123116,0.28782485556123116,234.88957214355469,0,234.88957214355469,234.68472554260518,0.1681958168673022,233.56855773925781,234.88957214355469,0.0130462646484375,none,0,3.0794086059999843,3.0719589999999921,0.0024250343184893564,228640,654,0.16290650300000001,0.028117422,0.19102956500000001,true,branched,
654,1240,146,1102,1016,4187,t_z_310_91_1,z,0.99883333333333324,0.99883333333333324,235.86227416992188,0,235.86227416992188,235.61889134734164,0.18161708136453902,234.43165588378906,235.86227416992188,0.0158233642578125,none,0,3.0794086059999843,3.0719589999999921,0.0024250343184893564,229141,655,0.16015487,0.026560911999999999,0.18672032399999999,true,branched,
655,1311,147,1100,488,1907,t_z_545_492_1,z,0.66666666666666652,0.66666666666666652,236.12226867675781,0,236.12226867675781,235.89445802168413,0.18144420218123261,234.71183776855469,236.12226867675781,0.007293701171875,none,0,3.0794086059999843,3.0719589999999921,0.0024250343184893564,229142,656,0.16177950799999999,0.026697274,0.188482544,true,branched,
656,1313,148,1099,360,1103,t_z_74_71_3,z,0.5,0.5,236.45411682128906,0,236.45411682128906,236.23311993336006,0.18052617859575096,235.05464172363281,236.45411682128906,0.0023956298828125,none,0,3.0794086059999843,3.0719589999999921,0.0024250343184893564,229143,657,0.160060799,0.026553705,0.18661957300000001,true,branched,
657,1315,149,1098,430,1531,t_z_172_167_1,z,0.0015000000000000568,0.0015000000000000568,236.79081726074219,0,236.79081726074219,236.57162158736764,0.17985606637194976,235.39707946777344,236.79081726074219,0.0119171142578125,none,0,3.0794086059999843,3.0719589999999921,0.0024250343184893564,229152,658,0.161842295,0.026501080999999999,0.18834917500000001,true,branched,
658,1317,150,1097,754,2921,t_z_131_94_0,z,0.0010000000000000009,0.0010000000000000009,237.13192749023438,0,237.13192749023438,236.90576932728018,0.18221716632090337,235.742919921875,237.13192749023438,0.009857177734375,none,0,3.0794086059999843,3.0719589999999921,0.0024250343184893564,229464,659,0.16141573000000001,0.026806488999999999,0.188227432,true,branched,
659,1319,151,1094,956,4006,t_z_167_464_3,z,0.0010000000000000009,0.0010000000000000009,237.46099853515625,0,237.46099853515625,237.24516659027043,0.18102743430032273,236.08549499511719,237.46099853515625,0.006805419921875,none,0,3.0794086059999843,3.0719589999999921,0.0024250343184893564,229466,660,0.16214103599999999,0.026872197,0.189018833,true,branched,
660,1320,152,1093,663,2504,t_z_27_327_0,z,0.00099999999999997205,0.00099999999999997205,237.79313659667969,0,237.79313659667969,237.58389268266097,0.18053238476334466,236.4283447265625,237.79313659667969,0.0021209716796875,none,0,3.0794086059999843,3.0719589999999921,0.0024250343184893564,229467,661,0.16085096500000001,0.026882994,0.18774041,true,branched,
661,1322,153,1090,978,4107,t_z_491_490_1,z,0.66666666666666674,0.66666666666666674,238.1298828125,0,238.1298828125,237.92244810051875,0.18021533279761592,236.77114868164062,238.1298828125,0.0009002685546875,none,0,3.0794086059999843,3.0719589999999921,0.0024250343184893564,229468,662,0.16476486100000001,0.026959387000000001,0.19173309499999999,true,branched,
662,1325,154,1089,389,1257,t_z_108_107_0,z,0.99933333333333341,0.99933333333333341,238.4681396484375,0,238.4681396484375,238.2610511464521,0.17973347878857027,237.11398315429688,238.4681396484375,0.000274658203125,none,0,3.0794086059999843,3.0719589999999921,0.0024250343184893564,229469,663,0.16081271599999999,0.026692357,0.18751069100000001,true,branched,
663,1327,155,1088,1058,4370,t_z_41_322_1,z,0.80549295392203657,0.80549295392203657,238.8070068359375,0,238.8070068359375,238.59968238718369,0.17940674014489733,237.45674133300781,238.8070068359375,0.0008697509765625,none,0,3.0794086059999843,3.0719589999999921,0.0024250343184893564,229470,664,0.162582532,0.026699588999999999,0.18928647100000001,true,branched,
664,1329,156,1088,864,3599,t_z_458_457_3,z,0.29167697825334704,0.29167697825334704,239.14509582519531,0,239.14509582519531,238.93836271061616,0.17912647574578139,237.79959106445312,239.14509582519531,0.0001220703125,none,0,3.0794086059999843,3.0719589999999921,0.0024250343184893564,229472,665,0.159790864,0.026758733999999999,0.18655704400000001,true,branched,
665,1331,157,1063,748,2927,t_z_131_94_3,z,0.00083333333333285298,0.00083333333333285298,239.52713012695312,0,239.52713012695312,239.27805916184204,0.18185751270651052,238.325439453125,239.52713012695312,0.0389862060546875,none,0,3.0794086059999843,3.0719589999999921,0.0024250343184893564,229726,666,0.15700593900000001,0.025798834,0.18281278200000001,true,branched,
666,1333,158,1062,551,2243,t_z_295_294_1,z,0.99899999999999989,0.99899999999999989,239.82733154296875,0,239.82733154296875,239.61727511590934,0.18164440208406751,238.66749572753906,239.82733154296875,0.0008087158203125,none,0,3.0794086059999843,3.0719589999999921,0.0024250343184893564,229732,667,0.160061915,0.025538635000000001,0.185605413,true,branched,
667,1334,159,1124,470,1593,t_z_191_190_0,z,0.023936622907317573,0.023936622907317573,240.19418334960938,0,240.19418334960938,239.95766826371707,0.18158891089196808,239.01275634765625,240.19418334960938,0.0294342041015625,none,0,3.0794086059999843,3.0719589999999921,0.0024250343184893564,229812,668,0.15709225900000001,0.026997862000000001,0.184094812,true,branched,
668,1337,160,1117,456,1629,t_z_201_200_2,z,0.55319390362824961,0.55319390362824961,240.55982971191406,0,240.55982971191406,240.29464283177333,0.17827857034556599,239.19137573242188,240.55982971191406,0.0526885986328125,none,0,3.0794086059999843,3.0719589999999921,0.0024250343184893564,230113,669,0.15437245799999999,0.026545438000000001,0.18092697199999999,true,branched,
669,1339,161,1116,1099,4411,t_z_504_265_1,z,0.65384135726468673,0.65384135726468673,240.84625244140625,0,240.84625244140625,240.63739098442926,0.1770960725023252,239.53413391113281,240.84625244140625,0.0036163330078125,none,0,3.0794086059999843,3.0719589999999921,0.0024250343184893564,230114,670,0.157905137,0.026471150999999998,0.184381974,true,branched,
670,1341,162,1118,474,1779,t_z_232_142_1,z,0.83333333333333337,0.83333333333333337,241.30197143554688,0,241.30197143554688,240.97606134841183,0.17792406996952079,239.87712097167969,241.30197143554688,0.1201629638671875,none,0,3.0794086059999843,3.0719589999999921,0.0024250343184893564,230127,671,0.15456515200000001,0.026586895999999999,0.18115695900000001,true,branched,
671,1248,150,1171,465,1593,t_z_191_190_0,z,0.0050476190476183014,0.0050476190476183014,242.070556640625,0,242.070556640625,241.81621024427406,0.18588273643292738,240.64091491699219,242.070556640625,0.0303802490234375,none,0,3.0794086059999843,3.0719589999999921,0.0024250343184893564,231017,672,0.15874506599999999,0.027251655999999999,0.186001945,true,branched,
672,1345,151,1166,470,1629,t_z_201_200_2,z,0.999,0.999,242.31587219238281,0,242.31587219238281,242.09095354554583,0.18625155101822211,240.91964721679688,242.31587219238281,0.0019683837890625,none,0,3.0794086059999843,3.0719589999999921,0.0024250343184893564,231060,673,0.15770194400000001,0.027133742999999998,0.184844383,true,branched,
673,1347,152,1165,450,1531,t_z_172_167_1,z,0.0015000000000000568,0.0015000000000000568,242.65321350097656,0,242.65321350097656,242.43023786422009,0.18562058667536116,241.26284790039062,242.65321350097656,0.01708984375,none,0,3.0794086059999843,3.0719589999999921,0.0024250343184893564,231060,674,0.153870012,0.027297946,0.18117276800000001,true,branched,
674,1349,153,1228,752,2504,t_z_27_327_0,z,0.00099999999999997205,0.00099999999999997205,242.97967529296875,0,242.97967529296875,242.77097198784546,0.18384403679771016,241.6099853515625,242.97967529296875,0.004119873046875,none,0,3.0794086059999843,3.0719589999999921,0.0024250343184893564,231173,675,0.159235448,0.029803026,0.18904389899999999,true,branched,
675,1350,154,1243,887,2977,t_z_383_382_0,z,0.00099999999999997205,0.00099999999999997205,243.31657409667969,0,243.31657409667969,243.11052196254101,0.18281635430867368,241.95297241210938,243.31657409667969,0.00189208984375,none,0,3.0794086059999843,3.0719589999999921,0.0024250343184893564,231175,676,0.15913741200000001,0.028659568999999999,0.18780247,true,branched,
676,1352,155,1241,375,863,t_z_23_20_3,z,0.10120000000000029,0.10120000000000029,243.65386962890625,0,243.65386962890625,243.4492157007013,0.18244945555831804,242.29573059082031,243.65386962890625,0.00140380859375,none,0,3.0794086059999843,3.0719589999999921,0.0024250343184893564,231176,677,0.160435363,0.028619797999999998,0.189061068,true,branched,
677,1355,156,1235,366,823,t_z_9_6_3,z,0.94194221073198181,0.94194221073198181,243.99702453613281,0,243.99702453613281,243.7872267255899,0.18082908784411986,242.65071105957031,243.99702453613281,0.00604248046875,none,0,3.0794086059999843,3.0719589999999921,0.0024250343184893564,231250,678,0.15997620600000001,0.028784614,0.18876659500000001,true,branched,
678,1357,157,1231,463,1483,t_z_161_27_1,z,0.63200410237578597,0.63200410237578597,244.33006286621094,0,244.33006286621094,244.12597069945596,0.18064349717677708,242.99356079101562,244.33006286621094,0.0006256103515625,none,0,3.0794086059999843,3.0719589999999921,0.0024250343184893564,231256,679,0.16206619799999999,0.028625673000000001,0.19069946300000001,true,branched,
679,1359,158,1228,1118,4137,t_z_221_220_0,z,0.93723623345958251,0.93723623345958251,244.67344665527344,0,244.67344665527344,244.46541611612426,0.17749748057071865,243.52310180664062,244.67344665527344,0.0047760009765625,none,0,3.0794086059999843,3.0719589999999921,0.0024250343184893564,231288,680,0.16343532799999999,0.028655831999999999,0.19210094599999999,true,branched,
680,1361,159,1238,1070,3947,t_z_479_478_1,z,0.99950000000000006,0.99950000000000006,245.01872253417969,0,245.01872253417969,244.80483054806612,0.1789617034879723,243.65045166015625,245.01872253417969,0.01055908203125,none,0,3.0794086059999843,3.0719589999999921,0.0024250343184893564,231305,681,0.15987933300000001,0.028833642,0.18872251300000001,true,branched,
681,1363,160,1314,556,1681,t_z_514_350_0,z,0.0011999999999989797,0.0011999999999989797,245.34890747070312,0,245.34890747070312,245.13037132599945,0.19343834963710052,243.99627685546875,245.34890747070312,6.103515625e-05,none,0,3.0794086059999843,3.0719589999999921,0.0024250343184893564,231569,682,0.16654542999999999,0.030359164000000001,0.19691378900000001,true,branched,
682,1365,161,1289,583,1884,t_z_207_208_2,z,0.0015000000000000568,0.0015000000000000568,245.68800354003906,0,245.68800354003906,245.4676420745968,0.1953301114134374,244.33917236328125,245.68800354003906,0.000823974609375,none,0,3.0794086059999843,3.0719589999999921,0.0024250343184893564,231645,683,0.16236377299999999,0.029769324999999999,0.192141219,true,branched,
683,1367,162,1290,995,3544,t_z_282_453_0,z,0.0010000000000000276,0.0010000000000000276,246.02618408203125,0,246.02618408203125,245.806340038684,0.19523257579415684,244.68194580078125,246.02618408203125,0.0030364990234375,none,0,3.0794086059999843,3.0719589999999921,0.0024250343184893564,231650,684,0.16529811899999999,0.029732196999999998,0.19503557299999999,true,branched,
684,1369,163,1291,1171,4107,t_z_491_490_1,z,0.43375708921954925,0.43375708921954925,246.36204528808594,0,246.36204528808594,246.14489917474418,0.19480970814952928,245.027099609375,246.36204528808594,0.001556396484375,none,0,3.0794086059999843,3.0719589999999921,0.0024250343184893564,231658,685,0.16568812099999999,0.029896922999999999,0.19559457799999999,true,branched,
685,1371,164,1290,428,1089,t_z_72_70_0,z,0.99699999999999989,0.99699999999999989,246.69963073730469,0,246.69963073730469,246.48352874046148,0.19466691531596308,245.369873046875,246.69963073730469,0.00042724609375,none,0,3.0794086059999843,3.0719589999999921,0.0024250343184893564,231659,686,0.16682623399999999,0.029852402,0.196688641,true,branched,
686,1373,165,1289,1213,4260,t_z_383_498_2,z,0.59319310496172495,0.59319310496172495,247.03843688964844,0,247.03843688964844,246.82225664018938,0.19462535962257257,245.712646484375,247.03843688964844,0.0004119873046875,none,0,3.0794086059999843,3.0719589999999921,0.0024250343184893564,231660,687,0.161487142,0.029816775,0.19131357199999999,true,branched,
687,1374,166,1312,917,2771,t_z_357_356_1,z,0.80020000000000002,0.80020000000000002,247.38496398925781,0,247.38496398925781,247.1623346049611,0.19367955758708716,246.05233764648438,247.38496398925781,0.008148193359375,none,0,3.0794086059999843,3.0719589999999921,0.0024250343184893564,231672,688,0.16427910800000001,0.03022348,0.19451234100000001,true,branched,
688,1246,149,1121,378,1103,t_z_74_71_3,z,0.40100060060060039,0.40100060060060039,248.34321594238281,0,248.34321594238281,248.08416602400985,0.18533590978580441,246.89549255371094,248.34321594238281,0.0267333984375,none,0,3.0794086059999843,3.0719589999999921,0.0024250343184893564,232392,689,0.15497718199999999,0.028629598999999999,0.183612053,true,branched,
689,1379,150,1107,460,1629,t_z_201_200_2,z,0.90060216492032252,0.90060216492032252,248.60481262207031,0,248.60481262207031,248.36287494166649,0.17919101141384033,247.35780334472656,248.60481262207031,0.0114593505859375,none,0,3.0794086059999843,3.0719589999999921,0.0024250343184893564,232516,690,0.16328422200000001,0.026855044000000002,0.19014725599999999,true,branched,
690,1381,151,1126,340,823,t_z_9_6_3,z,0.5,0.5,248.94752502441406,0,248.94752502441406,248.71615748295352,0.18262285297706463,247.54206848144531,248.94752502441406,0.0066070556640625,none,0,3.0794086059999843,3.0719589999999921,0.0024250343184893564,232526,691,0.16045720299999999,0.027296404,0.18776097899999999,true,branched,
691,1383,152,1124,448,1531,t_z_172_167_1,z,0.0015000000000000568,0.0015000000000000568,249.295166015625,0,249.295166015625,249.07066533913391,0.18179437392834705,247.89878845214844,249.295166015625,0.0063323974609375,none,0,3.0794086059999843,3.0719589999999921,0.0024250343184893564,232534,692,0.15885191400000001,0.027348832,0.18620698299999999,true,branched,
692,1385,153,1090,424,1483,t_z_161_27_1,z,0.52696980144619854,0.52696980144619854,249.64024353027344,0,249.64024353027344,249.42404470181248,0.17710723388444422,248.25444030761719,249.64024353027344,0.0072479248046875,none,0,3.0794086059999843,3.0719589999999921,0.0024250343184893564,232651,693,0.15771667,0.026916903999999998,0.184638527,true,branched,
693,1387,154,1099,1027,4260,t_z_383_498_2,z,0.98970000000000002,0.98970000000000002,249.98745727539062,0,249.98745727539062,249.77734788750604,0.17950857330219688,248.61280822753906,249.98745727539062,0.0058135986328125,none,0,3.0794086059999843,3.0719589999999921,0.0024250343184893564,232725,694,0.159136958,0.026593153000000001,0.185737291,true,branched,
694,1388,155,1094,358,1089,t_z_72_70_0,z,0.99800025025025019,0.99800025025025019,250.34043884277344,0,250.34043884277344,250.13069759557192,0.1758111896747106,248.97189331054688,250.34043884277344,0.0030517578125,none,0,3.0794086059999843,3.0719589999999921,0.0024250343184893564,232840,695,0.15969682900000001,0.026290147999999999,0.18599524100000001,true,branched,
695,1391,156,1093,675,2504,t_z_27_327_0,z,0.0012500000000001954,0.0012500000000001954,250.68977355957031,0,250.68977355957031,250.48291567063396,0.17525998640444701,249.32826232910156,250.68977355957031,0.001251220703125,none,0,3.0794086059999843,3.0719589999999921,0.0024250343184893564,232841,696,0.16322746799999999,0.026212748000000001,0.18944868500000001,true,branched,
696,1392,157,1090,880,3599,t_z_458_457_3,z,0.19884179832695925,0.19884179832695925,251.03358459472656,0,251.03358459472656,250.82755098955346,0.17495189247079421,249.67723083496094,251.03358459472656,0.0009002685546875,none,0,3.0794086059999843,3.0719589999999921,0.0024250343184893564,232846,697,0.157916678,0.026187398000000001,0.18411159199999999,true,branched,
697,1395,158,1201,419,1197,t_z_98_97_2,z,0.62336444964926385,0.62336444964926385,251.38206481933594,0,251.38206481933594,251.16741896350615,0.18152813997817754,250.03729248046875,251.38206481933594,0.0012664794921875,none,0,3.0794086059999843,3.0719589999999921,0.0024250343184893564,233024,698,0.158788176,0.028385011000000002,0.18717794200000001,true,branched,
698,1397,159,1200,374,863,t_z_23_20_3,z,0.090296666666666581,0.090296666666666581,251.71998596191406,0,251.71998596191406,251.50620611826579,0.18114668335370829,250.38009643554688,251.71998596191406,0.0019073486328125,none,0,3.0794086059999843,3.0719589999999921,0.0024250343184893564,233025,699,0.15734616400000001,0.028369727000000001,0.185721469,true,branched,
699,1399,160,1181,1128,4278,t_z_81_82_3,z,0.95221917206149953,0.95221917206149953,252.06439208984375,0,252.06439208984375,251.83422006579599,0.18813103947621351,250.7225341796875,252.06439208984375,0.0062255859375,none,0,3.0794086059999843,3.0719589999999921,0.0024250343184893564,233203,700,0.15772144799999999,0.028251466999999999,0.18597788100000001,true,branched,
700,1401,161,1180,1021,3861,t_z_280_117_2,z,0.078972020617896432,0.078972020617896432,252.39422607421875,0,252.39422607421875,252.17263175835043,0.18785130085523583,251.06538391113281,252.39422607421875,0.00042724609375,none,0,3.0794086059999843,3.0719589999999921,0.0024250343184893564,233204,701,0.159172229,0.028187015999999999,0.18736808799999999,true,branched,
701,1403,162,1179,479,1593,t_z_191_190_0,z,0.18198338806353428,0.18198338806353428,252.73298645019531,0,252.73298645019531,252.51100858861454,0.18773358688354388,251.40733337402344,252.73298645019531,0.0012969970703125,none,0,3.0794086059999843,3.0719589999999921,0.0024250343184893564,233207,702,0.15719476299999999,0.028066499000000002,0.18526621099999999,true,branched,
702,1405,163,1204,789,2617,t_z_341_340_0,z,0.78983572673755054,0.78983572673755054,253.07246398925781,0,253.07246398925781,252.84957704512385,0.18985123290801825,251.74501037597656,253.07246398925781,0.0021209716796875,none,0,3.0794086059999843,3.0719589999999921,0.0024250343184893564,233287,703,0.15788818099999999,0.028677742999999999,0.18657437800000001,true,branched,
703,1407,164,1187,847,2977,t_z_383_382_0,z,0.00099999999999997205,0.00099999999999997205,253.40939331054688,0,253.40939331054688,253.18979375464835,0.18829446806051914,252.09017944335938,253.40939331054688,0.0041046142578125,none,0,3.0794086059999843,3.0719589999999921,0.0024250343184893564,233314,704,0.15818268299999999,0.029361348999999998,0.18755027499999999,true,branched,
704,1408,165,1185,914,3544,t_z_282_453_0,z,0.0010000000000000009,0.0010000000000000009,253.7442626953125,0,253.7442626953125,253.52837004198807,0.18825755367773486,252.43295288085938,253.7442626953125,0.0007171630859375,none,0,3.0794086059999843,3.0719589999999921,0.0024250343184893564,233315,705,0.15722608900000001,0.028521339,0.185753209,true,branched,
705,1242,147,1082,353,1103,t_z_74_71_3,z,0.5,0.5,254.6138916015625,0,254.6138916015625,254.35125322042242,0.19576637904224425,253.1512451171875,254.6138916015625,0.007080078125,none,0,3.0794086059999843,3.0719589999999921,0.0024250343184893564,233809,706,0.15969720200000001,0.026154078000000001,0.18585795799999999,true,branched,
706,1413,148,1080,947,4006,t_z_167_464_3,z,0.0020000000000000018,0.0020000000000000018,254.88435363769531,0,254.88435363769531,254.63203735351561,0.19419180419230364,253.43278503417969,254.88435363769531,0.010101318359375,none,0,3.0794086059999843,3.0719589999999921,0.0024250343184893564,233817,707,0.15774807800000001,0.026116250000000001,0.18386951700000001,true,branched,
707,1414,149,1079,481,1907,t_z_545_492_1,z,0.66666666666666674,0.66666666666666674,255.22819519042969,0,255.22819519042969,254.98776065518837,0.19284862850056117,253.79066467285156,255.22819519042969,0.004638671875,none,0,3.0794086059999843,3.0719589999999921,0.0024250343184893564,233818,708,0.15952200599999999,0.026091040999999999,0.18561994600000001,true,branched,
708,1417,150,1122,324,823,t_z_9_6_3,z,0.66741666666666677,0.66741666666666677,255.59584045410156,0,255.59584045410156,255.34724645223633,0.18717094425729855,254.15301513671875,255.59584045410156,0.0181884765625,none,0,3.0794086059999843,3.0719589999999921,0.0024250343184893564,233968,709,0.15554173199999999,0.027050827,0.18260130099999999,true,branched,
709,1419,151,1114,431,1531,t_z_172_167_1,z,0.0015000000000000568,0.0015000000000000568,255.93174743652344,0,255.93174743652344,255.70248122703237,0.18644976199098237,254.5079345703125,255.93174743652344,0.00994873046875,none,0,3.0794086059999843,3.0719589999999921,0.0024250343184893564,233979,710,0.155674335,0.026659311000000002,0.18234039299999999,true,branched,
710,1421,152,1127,340,863,t_z_23_20_3,z,0.0024999999999999467,0.0024999999999999467,256.28289794921875,0,256.28289794921875,256.05647197950174,0.18770741587264328,254.8731689453125,256.28289794921875,0.00665283203125,none,0,3.0794086059999843,3.0719589999999921,0.0024250343184893564,234148,711,0.155848561,0.027100787000000001,0.18295592299999999,true,branched,
711,1423,153,1088,756,2731,t_z_351_68_1,z,0.68376864566179063,0.68376864566179063,256.6500244140625,0,256.6500244140625,256.40840517773347,0.18483876540021527,255.23640441894531,256.6500244140625,0.0162353515625,none,0,3.0794086059999843,3.0719589999999921,0.0024250343184893564,234294,712,0.159630047,0.026626192999999999,0.18626363300000001,true,branched,
712,1424,154,1084,1060,4370,t_z_41_322_1,z,0.83343749999999994,0.83343749999999994,256.988037109375,0,256.988037109375,256.76241957041611,0.18407108368031505,255.59452819824219,256.988037109375,0.00677490234375,none,0,3.0794086059999843,3.0719589999999921,0.0024250343184893564,234316,713,0.15985750200000001,0.026115254000000001,0.185980848,true,branched,
713,1427,155,1084,1017,4260,t_z_383_498_2,z,0.98975206611570232,0.98975206611570232,257.33541870117188,0,257.33541870117188,257.11631399063168,0.18309868684647726,255.95234680175781,257.33541870117188,0.00225830078125,none,0,3.0794086059999843,3.0719589999999921,0.0024250343184893564,234318,714,0.15924765900000001,0.026198992000000001,0.185454595,true,branched,
714,1428,156,1103,428,1483,t_z_161_27_1,z,0.50049999999999983,0.50049999999999983,257.6873779296875,0,257.6873779296875,257.47022884365435,0.18450175459298568,256.30667114257812,257.6873779296875,0.003875732421875,none,0,3.0794086059999843,3.0719589999999921,0.0024250343184893564,234365,715,0.16369782999999999,0.026632093999999999,0.190338216,true,branched,
715,1431,157,1092,577,2243,t_z_295_294_1,z,0.999,0.999,258.03665161132812,0,258.03665161132812,257.82458456968652,0.18244581816892941,256.6666259765625,258.03665161132812,0.00103759765625,none,0,3.0794086059999843,3.0719589999999921,0.0024250343184893564,234388,716,0.163052957,0.026548436000000002,0.189610003,true,branched,
716,1432,158,1082,363,1089,t_z_72_70_0,z,0.997,0.997,258.38983154296875,0,258.38983154296875,258.17726820630196,0.18168701775790599,257.02484130859375,258.38983154296875,0.001922607421875,none,0,3.0794086059999843,3.0719589999999921,0.0024250343184893564,234428,717,0.158190943,0.026288644999999999,0.18448747500000001,true,branched,
717,1435,159,1081,568,2235,t_z_294_293_1,z,0.999,0.999,258.74185180664062,0,258.74185180664062,258.53105718310951,0.18113042570538007,257.38265991210938,258.74185180664062,0.000396728515625,none,0,3.0794086059999843,3.0719589999999921,0.0024250343184893564,234429,718,0.161306805,0.026309595000000002,0.18762308,true,branched,
718,1437,160,1106,367,1135,t_z_81_80_3,z,0.19999999999999996,0.19999999999999996,259.10498046875,0,259.10498046875,258.88637820031715,0.18171408722365864,257.74917602539062,259.10498046875,0.00634765625,none,0,3.0794086059999843,3.0719589999999921,0.0024250343184893564,234596,719,0.160494319,0.026669122999999999,0.187169998,true,branched,
719,1439,161,1105,799,2977,t_z_383_382_0,z,0.00099999999999997205,0.00099999999999997205,259.44766235351562,0,259.44766235351562,259.23789780560662,0.18063943230984086,258.1051025390625,259.44766235351562,0.0040283203125,none,0,3.0794086059999843,3.0719589999999921,0.0024250343184893564,234631,720,0.160362334,0.026688937999999999,0.18705940600000001,true,branched,
720,1440,162,1103,857,3544,t_z_282_453_0,z,0.0010000000000000009,0.0010000000000000009,259.7960205078125,0,259.7960205078125,259.58994980065904,0.18029407873971728,258.46142578125,259.7960205078125,0.000274658203125,none,0,3.0794086059999843,3.0719589999999921,0.0024250343184893564,234632,721,0.15972695000000001,0.026652972,0.18638814000000001,true,branched,
721,1443,163,1121,1028,4121,t_z_487_7_0,z,0.99649999999999994,0.99649999999999994,260.13897705078125,0,260.13897705078125,259.93345311323941,0.17920259135555314,258.81173706054688,260.13897705078125,0.001495361328125,none,0,3.0794086059999843,3.0719589999999921,0.0024250343184893564,234664,722,0.154311111,0.027034570000000001,0.181353866,true,branched,
722,1445,164,1118,904,3599,t_z_458_457_3,z,0.24949949949949934,0.24949949949949934,260.47647094726562,0,260.47647094726562,260.27200331031105,0.17895352596262673,259.15457153320312,260.47647094726562,0.00079345703125,none,0,3.0794086059999843,3.0719589999999921,0.0024250343184893564,234665,723,0.156535438,0.026932457999999999,0.183476048,true,branched,
723,1447,165,1142,462,1593,t_z_191_190_0,z,0.0061833662343127038,0.0061833662343127038,260.87301635742188,0,260.87301635742188,260.61067867780105,0.18381425958056971,259.5213623046875,260.87301635742188,0.0328369140625,none,0,3.0794086059999843,3.0719589999999921,0.0024250343184893564,235239,724,0.16008077400000001,0.027258907999999998,0.187348976,true,branched,
724,1449,166,1159,1125,4367,t_z_95_94_3,z,0.15014823591866888,0.15014823591866888,261.1749267578125,0,261.1749267578125,260.95063912076512,0.18251826197242238,259.86114501953125,261.1749267578125,0.019134521484375,none,0,3.0794086059999843,3.0719589999999921,0.0024250343184893564,235308,725,0.15707447999999999,0.027620063,0.184699632,true,branched,
725,1450,167,1205,1042,3861,t_z_280_117_2,z,0.0010000000000000009,0.0010000000000000009,261.49526977539062,0,261.49526977539062,261.29223984840996,0.18030758077394318,260.20462036132812,261.49526977539062,0.000518798828125,none,0,3.0794086059999843,3.0719589999999921,0.0024250343184893564,235331,726,0.159135214,0.028428730999999999,0.187569656,true,branched,
726,1453,168,1204,798,2617,t_z_341_340_0,z,0.82651341357572972,0.82651341357572972,261.833740234375,0,261.833740234375,261.63061619755439,0.18029714881481254,260.546630859375,261.833740234375,6.103515625e-05,none,0,3.0794086059999843,3.0719589999999921,0.0024250343184893564,235333,727,0.160147289,0.028509838999999999,0.18866585799999999,true,branched,
727,1455,169,1204,1102,4107,t_z_491_490_1,z,0.82577863895248904,0.82577863895248904,262.17266845703125,0,262.17266845703125,261.96937223922373,0.18013985084808531,260.88916015625,262.17266845703125,0.000640869140625,none,0,3.0794086059999843,3.0719589999999921,0.0024250343184893564,235356,728,0.15761471599999999,0.028514389000000001,0.186137736,true,branched,
728,1422,153,1139,1110,4370,t_z_41_322_1,z,0.89417489651863202,0.89417489651863202,262.96701049804688,0,262.96701049804688,262.74233499716206,0.19147217621413776,261.55410766601562,262.96701049804688,0.00311279296875,none,0,3.0794086059999843,3.0719589999999921,0.0024250343184893564,236180,729,0.16177201299999999,0.027231386,0.18900924199999999,true,branched,
729,1459,154,1139,1068,4260,t_z_383_498_2,z,0.98975206611570243,0.98975206611570243,263.2418212890625,0,263.2418212890625,263.02101718008362,0.18980397522757628,261.83612060546875,263.2418212890625,0.004150390625,none,0,3.0794086059999843,3.0719589999999921,0.0024250343184893564,236182,730,0.155070929,0.027206681,0.182286479,true,branched,
730,1460,155,1149,434,1483,t_z_161_27_1,z,0.49999999999999989,0.49999999999999989,263.59207153320312,0,263.59207153320312,263.37364280441722,0.19094461747947752,262.19137573242188,263.59207153320312,0.00408935546875,none,0,3.0794086059999843,3.0719589999999921,0.0024250343184893564,236276,731,0.155741188,0.027399884999999999,0.18314855699999999,true,branched,
731,1463,156,1183,413,1257,t_z_108_107_0,z,0.99933333333333341,0.99933333333333341,263.9468994140625,0,263.9468994140625,263.73065833045786,0.1869707304865221,262.54864501953125,263.9468994140625,0.004608154296875,none,0,3.0794086059999843,3.0719589999999921,0.0024250343184893564,236389,732,0.16073206900000001,0.028172361,0.188911677,true,branched,
732,1465,157,1182,1080,4137,t_z_221_220_0,z,0.98980211753816194,0.98980211753816194,264.29623413085938,0,264.29623413085938,264.08461587199099,0.18600022937883939,262.90652465820312,264.29623413085938,0.000640869140625,none,0,3.0794086059999843,3.0719589999999921,0.0024250343184893564,236390,733,0.158671127,0.028196964000000001,0.18687508,true,branched,
733,1467,158,1140,1070,4258,t_z_383_498_1,z,0.995,0.995,264.6806640625,0,264.6806640625,264.43742603502773,0.18562690271875637,263.26397705078125,264.6806640625,0.031097412109375,none,0,3.0794086059999843,3.0719589999999921,0.0024250343184893564,236418,734,0.154509754,0.027188137000000001,0.18170541600000001,true,branched,
734,1468,159,1240,1072,3947,t_z_479_478_1,z,0.999,0.999,265.01150512695312,0,265.01150512695312,264.79578089560232,0.18189062640266609,263.62673950195312,265.01150512695312,0.006561279296875,none,0,3.0794086059999843,3.0719589999999921,0.0024250343184893564,236552,735,0.162084586,0.028973552,0.19106953700000001,true,branched,
735,1471,160,1212,731,2504,t_z_27_327_0,z,0.0012500000000000844,0.0012500000000000844,265.3592529296875,0,265.3592529296875,265.135234291404,0.18962661345613313,263.98065185546875,265.3592529296875,0.000946044921875,none,0,3.0794086059999843,3.0719589999999921,0.0024250343184893564,236680,736,0.15962316200000001,0.028626078999999999,0.188258698,true,branched,
736,1473,161,1212,388,1089,t_z_72_70_0,z,0.99699999999999989,0.99699999999999989,265.71243286132812,0,265.71243286132812,265.49422797275457,0.18399069305718244,264.34060668945312,265.71243286132812,0.000640869140625,none,0,3.0794086059999843,3.0719589999999921,0.0024250343184893564,236686,737,0.157022774,0.028566177000000002,0.18559832600000001,true,branched,
737,1475,162,1211,625,2243,t_z_295_294_1,z,0.99900000000000011,0.99900000000000011,266.06573486328125,0,266.06573486328125,265.84805829578153,0.18346034252958762,264.69842529296875,266.06573486328125,0.00164794921875,none,0,3.0794086059999843,3.0719589999999921,0.0024250343184893564,236687,738,0.15676921499999999,0.028547871999999998,0.18532704699999999,true,branched,
738,1476,163,1217,619,2235,t_z_294_293_1,z,0.999,0.999,266.416259765625,0,266.416259765625,266.20097999290647,0.18411281094071738,265.05575561523438,266.416259765625,0.0003662109375,none,0,3.0794086059999843,3.0719589999999921,0.0024250343184893564,236738,739,0.15878287999999999,0.028634682000000002,0.18742297799999999,true,branched,
739,1479,164,1215,622,2240,t_z_294_295_0,z,0.00033333333333340764,0.00033333333333340764,266.7701416015625,0,266.7701416015625,266.55479005413292,0.18379334902699596,265.41397094726562,266.7701416015625,0.0001220703125,none,0,3.0794086059999843,3.0719589999999921,0.0024250343184893564,236738,740,0.16170968299999999,0.028518379999999999,0.190237196,true,branched,
740,1481,165,1214,847,2977,t_z_383_382_0,z,0.00099999999999997205,0.00099999999999997205,267.12362670898438,0,267.12362670898438,266.90787997552161,0.1837929098126794,265.771728515625,267.12362670898438,0.00244140625,none,0,3.0794086059999843,3.0719589999999921,0.0024250343184893564,236742,741,0.15711886899999999,0.028565205,0.18569384799999999,true,branched,
741,1482,166,1212,1151,4278,t_z_81_82_3,z,0.76266417268629216,0.76266417268629216,267.47378540039062,0,267.47378540039062,267.25994059748382,0.18350593981557212,266.12808227539062,267.47378540039062,0.001495361328125,none,0,3.0794086059999843,3.0719589999999921,0.0024250343184893564,236743,742,0.162410728,0.028652604000000002,0.19107153599999999,true,branched,
742,1484,167,1212,967,3599,t_z_458_457_3,z,0.17920887657455242,0.17920887657455242,267.82931518554688,0,267.82931518554688,267.61005295857342,0.1861396699516778,266.48306274414062,267.82931518554688,0.004791259765625,none,0,3.0794086059999843,3.0719589999999921,0.0024250343184893564,236775,743,0.15808723399999999,0.030241743000000001,0.18833364599999999,true,branched,
743,1487,168,1258,811,2617,t_z_341_340_0,z,0.89850354609929028,0.89850354609929028,268.1717529296875,0,268.1717529296875,267.95665358890602,0.18787745816497489,266.84310913085938,268.1717529296875,0.000335693359375,none,0,3.0794086059999843,3.0719589999999921,0.0024250343184893564,237052,744,0.16248253400000001,0.029449241000000001,0.191941213,true,branched,
744,1489,169,1267,507,1581,t_z_185_184_2,z,0.999,0.999,268.51058959960938,0,268.51058959960938,268.29637164060961,0.18683058878111727,267.18692016601562,268.51058959960938,0.000335693359375,none,0,3.0794086059999843,3.0719589999999921,0.0024250343184893564,237083,745,0.161148455,0.029661390999999999,0.190817869,true,branched,
745,1420,152,1156,1079,4258,t_z_383_498_1,z,0.79016636288645992,0.79016636288645992,269.29888916015625,0,269.29888916015625,269.00419925570901,0.19255841919288263,267.80426025390625,269.29888916015625,0.03759765625,none,0,3.0794086059999843,3.0719589999999921,0.0024250343184893564,237839,746,0.15701019199999999,0.027618861000000001,0.184634145,true,branched,
746,1492,153,1180,1104,4260,t_z_383_498_2,z,0.99399999999999999,0.99399999999999999,269.53915405273438,0,269.53915405273438,269.28713518562961,0.19155057637320727,268.08804321289062,269.53915405273438,0.0159912109375,none,0,3.0794086059999843,3.0719589999999921,0.0024250343184893564,237895,747,0.15597641400000001,0.027970709999999999,0.18395162600000001,true,branched,
747,1494,154,1185,463,1593,t_z_191_190_0,z,0.0020000000000000018,0.0020000000000000018,269.92227172851562,0,269.92227172851562,269.64258263181534,0.19198163571041774,268.44772338867188,269.92227172851562,0.044891357421875,none,0,3.0794086059999843,3.0719589999999921,0.0024250343184893564,237936,748,0.157447631,0.028025925,0.185482603,true,branched,
748,1497,155,1167,375,1133,t_z_81_80_2,z,0.24975000000000003,0.24975000000000003,270.2315673828125,0,270.2315673828125,269.99719818821296,0.19285444472598814,268.79791259765625,270.2315673828125,0.005035400390625,none,0,3.0794086059999843,3.0719589999999921,0.0024250343184893564,237987,749,0.15603800100000001,0.027608833999999999,0.18365378700000001,true,branched,
749,1499,156,1166,1136,4370,t_z_41_322_1,z,0.95933613725663791,0.95933613725663791,270.58071899414062,0,270.58071899414062,270.35242581244808,0.19140233306156451,269.15585327148438,270.58071899414062,0.01080322265625,none,0,3.0794086059999843,3.0719589999999921,0.0024250343184893564,237988,750,0.15650265299999999,0.027557011999999999,0.184066639,true,branched,
750,1501,157,1166,341,863,t_z_23_20_3,z,0.17226859504132297,0.17226859504132297,270.92401123046875,0,270.92401123046875,270.707209068547,0.18990782616998139,269.513671875,270.92401123046875,0.00238037109375,none,0,3.0794086059999843,3.0719589999999921,0.0024250343184893564,237990,751,0.156094542,0.027576473000000001,0.183678272,true,branched,
751,1503,158,1165,434,1483,t_z_161_27_1,z,0.41947167578637112,0.41947167578637112,271.29159545898438,0,271.29159545898438,271.0612048497016,0.19003895308918559,269.88922119140625,271.29159545898438,0.011474609375,none,0,3.0794086059999843,3.0719589999999921,0.0024250343184893564,238324,752,0.15646843099999999,0.02745363,0.18393087299999999,true,branched,
752,1505,159,1157,1002,3947,t_z_479_478_1,z,0.99950000000000006,0.99950000000000006,271.63668823242188,0,271.63668823242188,271.41286313544089,0.19314962756845358,270.24359130859375,271.63668823242188,0.00537109375,none,0,3.0794086059999843,3.0719589999999921,0.0024250343184893564,238449,753,0.15702423900000001,0.026915798000000001,0.183948311,true,branched,
753,1507,160,1159,466,1629,t_z_201_200_2,z,0.96724096245920499,0.96724096245920499,272.01568603515625,0,272.01568603515625,271.75149046377027,0.20543180977304248,270.56491088867188,272.01568603515625,0.029937744140625,none,0,3.0794086059999843,3.0719589999999921,0.0024250343184893564,238638,754,0.15717864100000001,0.027433888999999999,0.184621593,true,branched,
754,1509,161,1160,373,1089,t_z_72_70_0,z,0.99699999999999989,0.99699999999999989,272.33987426757812,0,272.33987426757812,272.10588147393588,0.20438303804075461,270.92291259765625,272.33987426757812,0.006256103515625,none,0,3.0794086059999843,3.0719589999999921,0.0024250343184893564,238640,755,0.157362163,0.027538811999999999,0.18491054400000001,true,branched,
755,1511,162,1160,340,841,t_z_20_19_0,z,0.99900000000000044,0.99900000000000044,272.6876220703125,0,272.6876220703125,272.45920381217167,0.2047310146071217,271.28115844726562,272.6876220703125,0.00103759765625,none,0,3.0794086059999843,3.0719589999999921,0.0024250343184893564,238642,756,0.157842486,0.027418913,0.18527038200000001,true,branched,
756,1513,163,1159,705,2504,t_z_27_327_0,z,0.00099999999999997205,0.00099999999999997205,273.04046630859375,0,273.04046630859375,272.81320061408002,0.20386322300846388,271.63943481445312,273.04046630859375,0.001739501953125,none,0,3.0794086059999843,3.0719589999999921,0.0024250343184893564,238643,757,0.157039489,0.027407187,0.18445353,true,branched,
757,1514,164,1155,597,2243,t_z_295_294_1,z,0.999,0.999,273.39276123046875,0,273.39276123046875,273.16659086153106,0.20342629139106608,271.99737548828125,273.39276123046875,0.001983642578125,none,0,3.0794086059999843,3.0719589999999921,0.0024250343184893564,238648,758,0.15703426700000001,0.027325618999999999,0.18436839199999999,true,branched,
758,1516,165,1148,664,2360,t_z_310_311_0,z,0.999,0.999,273.74478149414062,0,273.74478149414062,273.51925265747496,0.20293716544063109,272.35476684570312,273.74478149414062,0.00091552734375,none,0,3.0794086059999843,3.0719589999999921,0.0024250343184893564,238663,759,0.157182497,0.027345576,0.18453650299999999,true,branched,
759,1519,166,1146,804,2977,t_z_383_382_0,z,0.00099999999999997205,0.00099999999999997205,274.09780883789062,0,274.09780883789062,273.87260695319316,0.20267433477630281,272.71304321289062,274.09780883789062,0.0006103515625,none,0,3.0794086059999843,3.0719589999999921,0.0024250343184893564,238664,760,0.15701989799999999,0.027236380000000001,0.184264712,true,branched,
760,1520,167,1144,1047,4107,t_z_491_490_1,z,0.83349966633299932,0.83349966633299932,274.4510498046875,0,274.4510498046875,274.22626927515842,0.20218522697846303,273.07095336914062,274.4510498046875,0.00030517578125,none,0,3.0794086059999843,3.0719589999999921,0.0024250343184893564,238665,761,0.15573046300000001,0.027351059,0.183086161,true,branched,
761,1523,168,1143,1140,4475,t_z_388_220_1,z,0.79999999999999993,0.79999999999999993,274.80465698242188,0,274.80465698242188,274.57983921748553,0.20165451544485549,273.42901611328125,274.80465698242188,0.000946044921875,none,0,3.0794086059999843,3.0719589999999921,0.0024250343184893564,238669,762,0.155697115,0.027478861,0.18318442700000001,true,branched,
762,1525,169,1143,683,2391,t_z_314_313_3,z,0.99950000000000017,0.99950000000000017,275.1578369140625,0,275.1578369140625,274.93357484672327,0.2012735815928296,273.78695678710938,275.1578369140625,0.0020751953125,none,0,3.0794086059999843,3.0719589999999921,0.0024250343184893564,238672,763,0.15706894299999999,0.027318820000000001,0.18439646500000001,true,branched,
763,1493,153,1154,1077,4260,t_z_383_498_2,z,0.9921089537095954,0.9921089537095954,275.87069702148438,0,275.87069702148438,275.6043838686092,0.19336271079387254,274.40768432617188,275.87069702148438,0.014892578125,none,0,3.0794086059999843,3.0719589999999921,0.0024250343184893564,239248,764,0.16216169499999999,0.028990997000000001,0.191162049,true,branched,
764,1528,154,1170,465,1593,t_z_191_190_0,z,0.0056522375937295699,0.0056522375937295699,276.1651611328125,0,276.1651611328125,275.8897270528679,0.19167487034643083,274.69326782226562,276.1651611328125,0.028289794921875,none,0,3.0794086059999843,3.0719589999999921,0.0024250343184893564,239307,765,0.15677555500000001,0.029177425,0.18596045,true,branched,
765,1531,155,1150,371,1133,t_z_81_80_2,z,0.24975000000000014,0.24975000000000014,276.49111938476562,0,276.49111938476562,276.24458827806558,0.19538063127056937,275.04241943359375,276.49111938476562,0.004364013671875,none,0,3.0794086059999843,3.0719589999999921,0.0024250343184893564,239358,766,0.15809272199999999,0.027588774,0.18568943399999999,true,branched,
766,1533,156,1149,1118,4370,t_z_41_322_1,z,0.91470493073081238,0.91470493073081238,276.84091186523438,0,276.84091186523438,276.60164712054302,0.19475247453044001,275.40032958984375,276.84091186523438,0.012847900390625,none,0,3.0794086059999843,3.0719589999999921,0.0024250343184893564,239359,767,0.158107687,0.027515515000000001,0.18563280400000001,true,branched,
767,1535,157,1149,336,863,t_z_23_20_3,z,0.16875790367510857,0.16875790367510857,277.18215942382812,0,277.18215942382812,276.95776223762851,0.19346652016847665,275.75827026367188,277.18215942382812,0.0028076171875,none,0,3.0794086059999843,3.0719589999999921,0.0024250343184893564,239361,768,0.162700874,0.027692767,0.19040274800000001,true,branched,
768,1537,158,1168,389,1089,t_z_72_70_0,z,0.99699999999999989,0.99699999999999989,277.53396606445312,0,277.53396606445312,277.31636807689927,0.19222870872669759,276.12203979492188,277.53396606445312,0.0037841796875,none,0,3.0794086059999843,3.0719589999999921,0.0024250343184893564,239522,769,0.157547781,0.028603503999999998,0.186160351,true,branched,
769,1539,159,1167,719,2504,t_z_27_327_0,z,0.00099999999999997205,0.00099999999999997205,277.884033203125,0,277.884033203125,277.67144665558726,0.1907845923326581,276.47988891601562,277.884033203125,0.000823974609375,none,0,3.0794086059999843,3.0719589999999921,0.0024250343184893564,239523,770,0.158191998,0.027790738999999998,0.18599201800000001,true,branched,
770,1540,160,1192,1133,4278,t_z_81_82_3,z,0.78995134125659283,0.78995134125659283,278.24810791015625,0,278.24810791015625,278.02630305450236,0.18559130938821861,276.83993530273438,278.24810791015625,0.0113525390625,none,0,3.0794086059999843,3.0719589999999921,0.0024250343184893564,239639,771,0.15878054899999999,0.028958581000000001,0.18774870799999999,true,branched,
771,1542,161,1197,721,2360,t_z_310_311_0,z,0.94663837078438751,0.94663837078438751,278.59170532226562,0,278.59170532226562,278.38148887334711,0.18279097391875934,277.201171875,278.59170532226562,0.002838134765625,none,0,3.0794086059999843,3.0719589999999921,0.0024250343184893564,239731,772,0.16283699500000001,0.029081932000000001,0.19192624,true,branched,
772,1545,162,1196,864,2977,t_z_383_382_0,z,0.00099999999999997205,0.00099999999999997205,278.94314575195312,0,278.94314575195312,278.73531308381456,0.18226158969730877,277.55960083007812,278.94314575195312,0.003997802734375,none,0,3.0794086059999843,3.0719589999999921,0.0024250343184893564,239738,773,0.15862275000000001,0.029007531999999999,0.18763940900000001,true,branched,
773,1546,163,1194,957,3599,t_z_458_457_3,z,0.24899949949949962,0.24899949949949962,279.2930908203125,0,279.2930908203125,279.08920349427802,0.18142619789378925,277.91751098632812,279.2930908203125,0.000152587890625,none,0,3.0794086059999843,3.0719589999999921,0.0024250343184893564,239739,774,0.15896297500000001,0.029128362000000001,0.188100195,true,branched,
774,1549,164,1165,482,1581,t_z_185_184_2,z,0.999,0.999,279.65231323242188,0,279.65231323242188,279.44005973062804,0.18247063558156193,278.22598266601562,279.65231323242188,0.004547119140625,none,0,3.0794086059999843,3.0719589999999921,0.0024250343184893564,240006,775,0.160506856,0.028332929,0.18884632800000001,true,branched,
775,1551,165,1164,895,3544,t_z_282_453_0,z,0.0010000000000000009,0.0010000000000000009,280.00204467773438,0,280.00204467773438,279.79434301107608,0.18168331242326885,278.584228515625,280.00204467773438,0.001708984375,none,0,3.0794086059999843,3.0719589999999921,0.0024250343184893564,240006,776,0.155245261,0.02829013,0.183544558,true,branched,
776,1553,166,1160,752,2617,t_z_341_340_0,z,0.84297846499632678,0.84297846499632678,280.35421752929688,0,280.35421752929688,280.14744265326141,0.18087209157700898,278.94540405273438,280.35421752929688,0.00311279296875,none,0,3.0794086059999843,3.0719589999999921,0.0024250343184893564,240019,777,0.15821600199999999,0.028340713,0.18656520200000001,true,branched,
777,1555,167,1207,378,841,t_z_20_19_0,z,0.99883333333333368,0.99883333333333368,280.7049560546875,0,280.7049560546875,280.50428113328985,0.17910153060968531,279.30514526367188,280.7049560546875,0,none,0,3.0794086059999843,3.0719589999999921,0.0024250343184893564,240075,778,0.161562074,0.029177224000000002,0.19074909300000001,true,branched,
778,1557,168,1206,1204,4475,t_z_388_220_1,z,0.73963863675545782,0.73963863675545782,281.05889892578125,0,281.05889892578125,280.85816452001063,0.1786142551792069,279.66302490234375,281.05889892578125,0.0023193359375,none,0,3.0794086059999843,3.0719589999999921,0.0024250343184893564,240077,779,0.16157904300000001,0.029219542000000001,0.19080480799999999,true,branched,
779,1559,169,1184,460,1483,t_z_161_27_1,z,0.71207654810382603,0.71207654810382603,281.41302490234375,0,281.41302490234375,281.21070096299457,0.17729950400922326,280.02001953125,281.41302490234375,0.0023193359375,none,0,3.0794086059999843,3.0719589999999921,0.0024250343184893564,240099,780,0.162153352,0.028686960000000001,0.19084746499999999,true,branched,
780,1561,170,1182,1076,4107,t_z_491_490_1,z,0.84564256445616404,0.84564256445616404,281.76449584960938,0,281.76449584960938,281.56393040174561,0.17808865628233894,280.38018798828125,281.76449584960938,0.0032958984375,none,0,3.0794086059999843,3.0719589999999921,0.0024250343184893564,240163,781,0.159240206,0.02859221,0.187841011,true,branched,
781,1563,171,1181,1080,4123,t_z_487_7_1,z,0.84564256445616404,0.84564256445616404,282.1151123046875,0,282.1151123046875,281.91751170986089,0.17769759778926802,280.7381591796875,282.1151123046875,3.0517578125e-05,none,0,3.0794086059999843,3.0719589999999921,0.0024250343184893564,240164,782,0.15727411899999999,0.028597418999999999,0.18587895400000001,true,branched,
782,1565,172,1180,1029,3959,t_z_480_478_3,z,0.99849999999999994,0.99849999999999994,282.46896362304688,0,282.46896362304688,282.27077233266021,0.17761055419692101,281.09597778320312,282.46896362304688,0.000457763671875,none,0,3.0794086059999843,3.0719589999999921,0.0024250343184893564,240165,783,0.15751472799999999,0.028631962,0.186155137,true,branched,
783,1529,154,1157,373,1133,t_z_81_80_2,z,0.24975000000000003,0.24975000000000003,283.19287109375,0,283.19287109375,282.93602355060233,0.1928544812215241,281.73883056640625,283.19287109375,0.00836181640625,none,0,3.0794086059999843,3.0719589999999921,0.0024250343184893564,240850,784,0.157515184,0.027546689999999999,0.18506655699999999,true,branched,
784,1569,155,1156,1125,4370,t_z_41_322_1,z,0.90952210880940731,0.90952210880940731,283.47238159179688,0,283.47238159179688,283.22340826014744,0.19280057507766077,282.02642822265625,283.47238159179688,0.016510009765625,none,0,3.0794086059999843,3.0719589999999921,0.0024250343184893564,240851,785,0.159112421,0.027551434,0.186670067,true,branched,
785,1571,156,1156,370,1089,t_z_72_70_0,z,0.99700000000000011,0.99700000000000011,283.81399536132812,0,283.81399536132812,283.58105854179621,0.19264338130922951,282.38433837890625,283.81399536132812,0.00238037109375,none,0,3.0794086059999843,3.0719589999999921,0.0024250343184893564,240853,786,0.15785111299999999,0.027508957000000001,0.18536492099999999,true,branched,
786,1573,157,1155,338,863,t_z_23_20_3,z,0.22632595633286612,0.22632595633286612,284.16964721679688,0,284.16964721679688,283.93871853650904,0.19258593834898013,282.7421875,284.16964721679688,0.006103515625,none,0,3.0794086059999843,3.0719589999999921,0.0024250343184893564,240854,787,0.15618600399999999,0.027617243999999999,0.18381293000000001,true,branched,
787,1575,158,1160,444,1483,t_z_161_27_1,z,0.53456119076711939,0.53456119076711939,284.52825927734375,0,284.52825927734375,284.29848998497272,0.19071575757864495,283.1065673828125,284.52825927734375,0.00970458984375,none,0,3.0794086059999843,3.0719589999999921,0.0024250343184893564,240963,788,0.16167013199999999,0.028113156,0.18978849,true,branched,
788,1577,159,1158,710,2504,t_z_27_327_0,z,0.00099999999999997205,0.00099999999999997205,284.87249755859375,0,284.87249755859375,284.6552540675346,0.18998864020093756,283.46258544921875,284.87249755859375,0.005157470703125,none,0,3.0794086059999843,3.0719589999999921,0.0024250343184893564,240988,789,0.160524693,0.027896975000000001,0.18842982999999999,true,branched,
789,1579,160,1174,477,1593,t_z_191_190_0,z,0.0030000000000000027,0.0030000000000000027,285.2791748046875,0,285.2791748046875,285.00241629553409,0.19603543123652889,283.83282470703125,285.2791748046875,0.05572509765625,none,0,3.0794086059999843,3.0719589999999921,0.0024250343184893564,241098,790,0.16089978199999999,0.028219310000000001,0.18912774199999999,true,branched,
790,1581,161,1183,694,2360,t_z_310_311_0,z,0.78434826929926871,0.78434826929926871,285.57708740234375,0,285.57708740234375,285.35707604351029,0.19602674943834839,284.18106079101562,285.57708740234375,0.001556396484375,none,0,3.0794086059999843,3.0719589999999921,0.0024250343184893564,241123,791,0.15731614499999999,0.028474504000000001,0.18579535899999999,true,branched,
791,1583,162,1181,839,2977,t_z_383_382_0,z,0.00099999999999997205,0.00099999999999997205,285.92950439453125,0,285.92950439453125,285.71182142446651,0.19494715902493837,284.53900146484375,285.92950439453125,0.00048828125,none,0,3.0794086059999843,3.0719589999999921,0.0024250343184893564,241124,792,0.161372714,0.028553933,0.18993378999999999,true,branched,
792,1584,163,1179,626,2243,t_z_295_294_1,z,0.999,0.999,286.282958984375,0,286.282958984375,286.06650546448429,0.1936167659935229,284.89691162109375,286.282958984375,0.0029296875,none,0,3.0794086059999843,3.0719589999999921,0.0024250343184893564,241125,793,0.15958841700000001,0.028393807,0.18799086600000001,true,branched,
793,1586,164,1176,478,1581,t_z_185_184_2,z,0.999,0.999,286.6341552734375,0,286.6341552734375,286.42035542702189,0.19222644579671438,285.25466918945312,286.6341552734375,0.000762939453125,none,0,3.0794086059999843,3.0719589999999921,0.0024250343184893564,241139,794,0.15790262899999999,0.028337828999999998,0.18624995899999999,true,branched,
794,1589,165,1175,915,3544,t_z_282_453_0,z,0.0010000000000000009,0.0010000000000000009,286.9876708984375,0,286.9876708984375,286.77481266102893,0.19118039976157999,285.61288452148438,286.9876708984375,0.000213623046875,none,0,3.0794086059999843,3.0719589999999921,0.0024250343184893564,241139,795,0.159609955,0.028385298999999999,0.18800012099999999,true,branched,
795,1591,166,1171,352,841,t_z_20_19_0,z,0.99883333333333324,0.99883333333333324,287.34152221679688,0,287.34152221679688,287.12875353180374,0.190384291967478,285.97418212890625,287.34152221679688,0.000579833984375,none,0,3.0794086059999843,3.0719589999999921,0.0024250343184893564,241158,796,0.160662365,0.028456387999999999,0.189123244,true,branched,
796,1593,167,1170,447,1481,t_z_161_27_0,z,0.0020000000000000018,0.0020000000000000018,287.69497680664062,0,287.69497680664062,287.48283091488048,0.1895339879541198,286.3321533203125,287.69497680664062,0.000274658203125,none,0,3.0794086059999843,3.0719589999999921,0.0024250343184893564,241159,797,0.15882094299999999,0.028291777000000001,0.187117959,true,branched,
797,1595,168,1165,1062,4107,t_z_491_490_1,z,0.7663454108799066,0.7663454108799066,288.04962158203125,0,288.04962158203125,287.83584453271692,0.1887354813038154,286.69036865234375,288.04962158203125,0.003265380859375,none,0,3.0794086059999843,3.0719589999999921,0.0024250343184893564,241175,798,0.160438529,0.028316233,0.188763032,true,branched,
798,1597,169,1164,1067,4123,t_z_487_7_1,z,0.7663454108799066,0.7663454108799066,288.4002685546875,0,288.4002685546875,288.1895758245409,0.18786733028541944,287.04833984375,288.4002685546875,6.103515625e-05,none,0,3.0794086059999843,3.0719589999999921,0.0024250343184893564,241176,799,0.16101484199999999,0.028296021000000001,0.18931911800000001,true,branched,
799,1599,170,1140,925,3599,t_z_458_457_3,z,0.19959959959959939,0.19959959959959939,288.75955200195312,0,288.75955200195312,288.5432463261119,0.18545009660568576,287.40701293945312,288.75955200195312,0.0067138671875,none,0,3.0794086059999843,3.0719589999999921,0.0024250343184893564,241251,800,0.16064846899999999,0.027874274000000001,0.188527521,true,branched,
800,1601,171,1193,1175,4411,t_z_504_265_1,z,0.5,0.5,289.14825439453125,0,289.14825439453125,288.90005539209028,0.18347027576460989,287.78289794921875,289.14825439453125,0.00433349609375,none,0,3.0794086059999843,3.0719589999999921,0.0024250343184893564,241797,801,0.162087546,0.028789721000000001,0.19088534600000001,true,branched,
801,1603,172,1216,507,1629,t_z_201_200_2,z,0.42172784399001978,0.42172784399001978,289.49758911132812,0,289.49758911132812,289.25525236129761,0.18256524294003618,288.14190673828125,289.49758911132812,0.00457763671875,none,0,3.0794086059999843,3.0719589999999921,0.0024250343184893564,241813,802,0.16018745200000001,0.029262148000000002,0.189458511,true,branched,
802,1605,173,1214,423,1197,t_z_98_97_2,z,0.63375631754112594,0.63375631754112594,289.8482666015625,0,289.8482666015625,289.60890396344405,0.18317435450466915,288.50033569335938,289.8482666015625,0.005523681640625,none,0,3.0794086059999843,3.0719589999999921,0.0024250343184893564,241822,803,0.16078931299999999,0.028970421,0.189768891,true,branched,
803,1607,174,1213,528,1781,t_z_232_142_2,z,0.023064112865799902,0.023064112865799902,290.19680786132812,0,290.19680786132812,289.96263581705995,0.18299998347332885,288.85824584960938,290.19680786132812,0.0050048828125,none,0,3.0794086059999843,3.0719589999999921,0.0024250343184893564,241823,804,0.160551956,0.028972044999999998,0.18953281399999999,true,branched,
804,1609,175,1216,531,1779,t_z_232_142_1,z,0.83333333333333337,0.83333333333333337,290.68112182617188,0,290.68112182617188,290.31555158213564,0.18399569539624919,289.21832275390625,290.68112182617188,0.134918212890625,none,0,3.0794086059999843,3.0719589999999921,0.0024250343184893564,241890,805,0.158630252,0.029008961999999999,0.18764776899999999,true,branched,
805,1574,158,1159,694,2504,t_z_27_327_0,z,0.00099999999999997205,0.00099999999999997205,291.20736694335938,0,291.20736694335938,290.98203233483537,0.19254990284177076,289.78561401367188,291.20736694335938,0.0001220703125,none,0,3.0794086059999843,3.0719589999999921,0.0024250343184893564,243930,806,0.15730936400000001,0.027621775000000001,0.18493813200000001,true,branched,
806,1612,159,1155,672,2383,t_z_313_312_3,z,0.99899999999999989,0.99899999999999989,291.4962158203125,0,291.4962158203125,291.27020102496789,0.19263289316410617,290.07440185546875,291.4962158203125,0.005950927734375,none,0,3.0794086059999843,3.0719589999999921,0.0024250343184893564,243935,807,0.15576625099999999,0.027570976000000001,0.18334239799999999,true,branched,
807,1615,160,1168,669,2360,t_z_310_311_0,z,0.91213070692295051,0.91213070692295051,291.86297607421875,0,291.86297607421875,291.63365369300323,0.18489034535102766,290.4404296875,291.86297607421875,0.014129638671875,none,0,3.0794086059999843,3.0719589999999921,0.0024250343184893564,244035,808,0.170957057,0.028483481000000001,0.19944859100000001,true,branched,
808,1617,161,1166,600,2243,t_z_295_294_1,z,0.999,0.999,292.20449829101562,0,292.20449829101562,291.99086964314432,0.18509073190503322,290.79837036132812,292.20449829101562,0.001373291015625,none,0,3.0794086059999843,3.0719589999999921,0.0024250343184893564,244036,809,0.15850144499999999,0.028356915,0.18686379,true,branched,
809,1618,162,1173,446,1483,t_z_161_27_1,z,0.64648556046404759,0.64648556046404759,292.55917358398438,0,292.55917358398438,292.34828065057548,0.18475203454389408,291.15475463867188,292.55917358398438,0.00250244140625,none,0,3.0794086059999843,3.0719589999999921,0.0024250343184893564,244068,810,0.16146592900000001,0.028712422000000001,0.19018685499999999,true,branched,
810,1621,163,1169,809,2977,t_z_383_382_0,z,0.00099999999999997205,0.00099999999999997205,292.91058349609375,0,292.91058349609375,292.70363581048002,0.18375572904940168,291.5113525390625,292.91058349609375,0.0010986328125,none,0,3.0794086059999843,3.0719589999999921,0.0024250343184893564,244075,811,0.159147184,0.028534627,0.18768834300000001,true,branched,
811,1622,164,1167,345,841,t_z_20_19_0,z,0.99883333333333368,0.99883333333333368,293.26345825195312,0,293.26345825195312,293.05897858005972,0.18235514275920273,291.8692626953125,293.26345825195312,0.00018310546875,none,0,3.0794086059999843,3.0719589999999921,0.0024250343184893564,244076,812,0.15935692500000001,0.028606269,0.187970261,true,branched,
812,1625,165,1166,470,1581,t_z_185_184_2,z,0.999,0.999,293.61734008789062,0,293.61734008789062,293.41411091982809,0.18093427373258447,292.2271728515625,293.61734008789062,0.00189208984375,none,0,3.0794086059999843,3.0719589999999921,0.0024250343184893564,244077,813,0.15840976200000001,0.028459762999999999,0.18687658900000001,true,branched,
813,1627,166,1165,927,3599,t_z_458_457_3,z,0.29198105135858765,0.29198105135858765,293.96966552734375,0,293.96966552734375,293.76916702990877,0.17956888123628789,292.58541870117188,293.96966552734375,0.00079345703125,none,0,3.0794086059999843,3.0719589999999921,0.0024250343184893564,244077,814,0.15621802400000001,0.02836588,0.18459281,true,branched,
814,1629,167,1206,1172,4367,t_z_95_94_3,z,0.075105655566665153,0.075105655566665153,294.38412475585938,0,294.38412475585938,294.12398803609716,0.18068437336478368,292.94589233398438,294.38412475585938,0.0372314453125,none,0,3.0794086059999843,3.0719589999999921,0.0024250343184893564,244344,815,0.159914531,0.029351629000000001,0.189273256,true,branched,
815,1631,168,1143,459,1593,t_z_191_190_0,z,0.27677360542477103,0.27677360542477103,294.69366455078125,0,294.69366455078125,294.47645746399621,0.18180875132247037,293.30233764648438,294.69366455078125,0.00689697265625,none,0,3.0794086059999843,3.0719589999999921,0.0024250343184893564,244381,816,0.15832918300000001,0.028159472000000001,0.186496789,true,branched,
816,1633,169,1145,489,1629,t_z_201_200_2,z,0.59528764149304614,0.59528764149304614,295.03262329101562,0,295.03262329101562,294.82891608492258,0.18031451584727934,293.65853881835938,295.03262329101562,0.00347900390625,none,0,3.0794086059999843,3.0719589999999921,0.0024250343184893564,244538,817,0.15677709100000001,0.028422419000000001,0.18520674500000001,true,branched,
817,1635,170,1235,428,1229,t_z_103_98_2,z,0.63027021405899875,0.63027021405899875,295.40505981445312,0,295.40505981445312,295.18653346999935,0.17747848840607833,294.00973510742188,295.40505981445312,0.006011962890625,none,0,3.0794086059999843,3.0719589999999921,0.0024250343184893564,245025,818,0.16288514400000001,0.029590208,0.19248428300000001,true,branched,
818,1637,171,1225,1056,3861,t_z_280_117_2,z,0.21870268064977683,0.21870268064977683,295.75189208984375,0,295.75189208984375,295.5402723662707,0.17674872892687238,294.36968994140625,295.75189208984375,0.00335693359375,none,0,3.0794086059999843,3.0719589999999921,0.0024250343184893564,245085,819,0.16313327999999999,0.029655844000000001,0.19279800799999999,true,branched,
819,1639,172,1224,555,1901,t_z_298_277_2,z,0.21870268064977696,0.21870268064977696,296.10247802734375,0,296.10247802734375,295.89383253708382,0.17612808687545209,294.72671508789062,296.10247802734375,0.005035400390625,none,0,3.0794086059999843,3.0719589999999921,0.0024250343184893564,245088,820,0.16630730899999999,0.029939503999999999,0.19625192299999999,true,branched,
820,1641,173,1226,947,3544,t_z_282_453_0,z,0.0010000000000000009,0.0010000000000000009,296.451416015625,0,296.451416015625,296.24876391362602,0.17510738781768564,295.08615112304688,296.451416015625,0.000732421875,none,0,3.0794086059999843,3.0719589999999921,0.0024250343184893564,245112,821,0.16602091799999999,0.029745042999999999,0.19577428599999999,true,branched,
821,1643,174,1225,800,2617,t_z_341_340_0,z,0.997,0.997,296.80465698242188,0,296.80465698242188,296.60252620774872,0.17449062127623344,295.44732666015625,296.80465698242188,0.00018310546875,none,0,3.0794086059999843,3.0719589999999921,0.0024250343184893564,245119,822,0.161097552,0.029701537,0.190807596,true,branched,
822,1645,175,1228,552,1881,t_z_208_207_0,z,0.00050000000000005596,0.00050000000000005596,297.158447265625,0,297.158447265625,296.95660494826126,0.17391180322464264,295.80538940429688,297.158447265625,0.000579833984375,none,0,3.0794086059999843,3.0719589999999921,0.0024250343184893564,245133,823,0.16086107499999999,0.029748151,0.19061629299999999,true,branched,
823,1647,176,1220,729,2448,t_z_321_322_0,z,0.00075000000000002842,0.00075000000000002842,297.51199340820312,0,297.51199340820312,297.30930210801421,0.17475777804489123,296.1474609375,297.51199340820312,0.0013427734375,none,0,3.0794086059999843,3.0719589999999921,0.0024250343184893564,245144,824,0.16215860600000001,0.029512203000000001,0.19168042099999999,true,branched,
824,1648,177,1218,1171,4316,t_z_502_504_2,z,0.99928571428571478,0.99928571428571478,297.86474609375,0,297.86474609375,297.66302392517991,0.17450154630532394,296.50540161132812,297.86474609375,0.001434326171875,none,0,3.0794086059999843,3.0719589999999921,0.0024250343184893564,245145,825,0.16031843600000001,0.029634126,0.189956811,true,branched,
825,1651,178,1219,1114,4107,t_z_491_490_1,z,0.66666666666666663,0.66666666666666663,298.21728515625,0,298.21728515625,298.01615528986042,0.17531213714426278,296.8634033203125,298.21728515625,0.00018310546875,none,0,3.0794086059999843,3.0719589999999921,0.0024250343184893564,245147,826,0.160824086,0.029649629,0.19048326600000001,true,branched,
826,1653,179,1218,1130,4160,t_z_186_496_0,z,0.11666991938189075,0.11666991938189075,298.57122802734375,0,298.57122802734375,298.36973927565202,0.17507781897585376,297.22128295898438,298.57122802734375,0.00042724609375,none,0,3.0794086059999843,3.0719589999999921,0.0024250343184893564,245149,827,0.162050692,0.029657382999999999,0.19171716899999999,true,branched,
827,1619,162,1176,1069,4120,t_z_7_487_0,z,0.0035000000000000586,0.0035000000000000586,299.52850341796875,0,299.52850341796875,299.27068749252629,0.19046149536562026,298.080322265625,299.52850341796875,0.01422119140625,none,0,3.0794086059999843,3.0719589999999921,0.0024250343184893564,286810,828,0.173973445,0.030473534,0.204452095,true,branched,
828,1657,163,1184,855,3078,t_z_393_394_3,z,0.03311500719895033,0.03311500719895033,299.799560546875,0,299.799560546875,299.55983435141076,0.18853172049052741,298.36981201171875,299.799560546875,0.010406494140625,none,0,3.0794086059999843,3.0719589999999921,0.0024250343184893564,286845,829,0.16070467699999999,0.028842396999999999,0.18955232899999999,true,branched,
829,1659,164,1184,528,1894,t_z_399_529_3,z,0.054551855266091409,0.054551855266091409,300.18374633789062,0,300.18374633789062,299.91988481057655,0.18740324059983299,298.73568725585938,300.18374633789062,0.0350341796875,none,0,3.0794086059999843,3.0719589999999921,0.0024250343184893564,286881,830,0.16135124000000001,0.028899162999999999,0.19025697899999999,true,branched,
830,1660,165,1184,606,2236,t_z_293_294_2,z,0.10348202809075358,0.10348202809075358,300.5076904296875,0,300.5076904296875,300.28022224838668,0.18587310301865057,299.09878540039062,300.5076904296875,0,none,0,3.0794086059999843,3.0719589999999921,0.0024250343184893564,286884,831,0.159103614,0.028925861000000001,0.188037494,true,branched,
831,1663,166,1182,441,1483,t_z_161_27_1,z,0.68126228419228674,0.68126228419228674,300.85772705078125,0,300.85772705078125,300.63437295000364,0.18492591689358021,299.45904541015625,300.85772705078125,0.001434326171875,none,0,3.0794086059999843,3.0719589999999921,0.0024250343184893564,286931,832,0.16243281000000001,0.028912442999999999,0.19135028700000001,true,branched,
832,1665,167,1186,454,1510,t_z_35_393_3,z,0.0020000000000000018,0.0020000000000000018,301.21612548828125,0,301.21612548828125,300.98868402542189,0.18415331198201923,299.81771850585938,301.21612548828125,0.006072998046875,none,0,3.0794086059999843,3.0719589999999921,0.0024250343184893564,286955,833,0.160127463,0.028989197000000001,0.18912594399999999,true,branched,
833,1666,168,1185,872,3127,t_z_400_399_3,z,0.12497639699745688,0.12497639699745688,301.56396484375,0,301.56396484375,301.3427353484721,0.18313139522200447,300.175537109375,301.56396484375,6.103515625e-05,none,0,3.0794086059999843,3.0719589999999921,0.0024250343184893564,286957,834,0.15938965299999999,0.028989376000000001,0.18838730400000001,true,branched,
834,1669,169,1181,1162,4400,t_z_508_512_0,z,0.0010000000000001119,0.0010000000000001119,301.922607421875,0,301.922607421875,301.70239387014777,0.17487637751023027,300.71316528320312,301.922607421875,0.0010986328125,none,0,3.0794086059999843,3.0719589999999921,0.0024250343184893564,287155,835,0.16358711500000001,0.029135393999999998,0.19273116100000001,true,branched,
835,1671,170,1220,1112,4107,t_z_491_490_1,z,0.78993593358020342,0.78993593358020342,302.27511596679688,0,302.27511596679688,302.05821313076331,0.17587366156909121,300.90606689453125,302.27511596679688,0.002044677734375,none,0,3.0794086059999843,3.0719589999999921,0.0024250343184893564,287183,836,0.16393428600000001,0.030090998000000001,0.194031589,true,branched,
836,1673,171,1219,1051,3861,t_z_280_117_2,z,0.00099999999999997205,0.00099999999999997205,302.62701416015625,0,302.62701416015625,302.41196079269798,0.17498771507185587,301.26397705078125,302.62701416015625,0.00042724609375,none,0,3.0794086059999843,3.0719589999999921,0.0024250343184893564,287184,837,0.161592024,0.029991475,0.191589958,true,branched,
837,1675,172,1206,1103,4123,t_z_487_7_1,z,0.75644675779865533,0.75644675779865533,302.9844970703125,0,302.9844970703125,302.76550950893318,0.17543081503179644,301.61688232421875,302.9844970703125,0.0001220703125,none,0,3.0794086059999843,3.0719589999999921,0.0024250343184893564,287224,838,0.16498057199999999,0.029747342,0.194733347,true,branched,
838,1677,173,1205,1099,4115,t_z_489_488_1,z,0.75644675779865544,0.75644675779865544,303.33782958984375,0,303.33782958984375,303.11890869140626,0.17493569773230666,301.9747314453125,303.33782958984375,0.0018310546875,none,0,3.0794086059999843,3.0719589999999921,0.0024250343184893564,287228,839,0.16190812500000001,0.029686110000000002,0.191599453,true,branched,
839,1679,174,1204,762,2578,t_z_81_334_1,z,0.25850841437769345,0.25850841437769345,303.69000244140625,0,303.69000244140625,303.47268899809876,0.17449004504664065,302.3326416015625,303.69000244140625,0.00360107421875,none,0,3.0794086059999843,3.0719589999999921,0.0024250343184893564,287229,840,0.16595674299999999,0.029758832999999998,0.195721125,true,branched,
840,1680,175,1192,820,2775,t_z_357_356_3,z,0.19764020674820937,0.19764020674820937,304.03961181640625,0,304.03961181640625,303.82381001414871,0.1764134797514591,302.68692016601562,304.03961181640625,0.00421142578125,none,0,3.0794086059999843,3.0719589999999921,0.0024250343184893564,287310,841,0.16224328199999999,0.029404580999999999,0.19165322700000001,true,branched,
841,1683,176,1191,821,2783,t_z_358_357_3,z,0.011635339501330333,0.011635339501330333,304.39825439453125,0,304.39825439453125,304.17726277464283,0.17596557258296272,303.04489135742188,304.39825439453125,0.008880615234375,none,0,3.0794086059999843,3.0719589999999921,0.0024250343184893564,287313,842,0.161151298,0.029434419,0.19059213799999999,true,branched,
842,1685,177,1190,534,1901,t_z_298_277_2,z,0.0010000000000000009,0.0010000000000000009,304.7432861328125,0,304.7432861328125,304.53096654555378,0.17569442389603102,303.40283203125,304.7432861328125,0.000823974609375,none,0,3.0794086059999843,3.0719589999999921,0.0024250343184893564,287314,843,0.16286162600000001,0.029323420999999999,0.192192697,true,branched,
843,1686,178,1187,755,2617,t_z_341_340_0,z,0.999,0.999,305.096435546875,0,305.096435546875,304.88445751829715,0.17544936458021498,303.76077270507812,305.096435546875,0.00531005859375,none,0,3.0794086059999843,3.0719589999999921,0.0024250343184893564,287315,844,0.16191999900000001,0.029292629000000001,0.19121777100000001,true,branched,
844,1689,179,1185,1067,4080,t_z_329_341_0,z,0.0050000000000000044,0.0050000000000000044,305.48388671875,0,305.48388671875,305.23833141729301,0.17534964167272835,304.11898803710938,305.48388671875,0.038482666015625,none,0,3.0794086059999843,3.0719589999999921,0.0024250343184893564,287315,845,0.15954565000000001,0.02930021,0.18885115099999999,true,branched,
845,1656,163,1173,848,3078,t_z_393_394_3,z,0.033013592215013876,0.033013592215013876,306.10891723632812,0,306.10891723632812,305.85698404011316,0.19059595803479548,304.66525268554688,306.10891723632812,0.011932373046875,none,0,3.0794086059999843,3.0719589999999921,0.0024250343184893564,287816,846,0.16026694699999999,0.028592855,0.18886491,true,branched,
846,1693,164,1165,522,1894,t_z_399_529_3,z,0.068226101389981642,0.068226101389981642,306.41839599609375,0,306.41839599609375,306.14562663458958,0.19045103884490994,304.95770263671875,306.41839599609375,0.03564453125,none,0,3.0794086059999843,3.0719589999999921,0.0024250343184893564,287849,847,0.160443629,0.028778709999999999,0.18922763300000001,true,branched,
847,1694,165,1165,598,2236,t_z_293_294_2,z,0.10346579210254503,0.10346579210254503,306.74188232421875,0,306.74188232421875,306.50800438090965,0.18980288540369564,305.32089233398438,306.74188232421875,6.103515625e-05,none,0,3.0794086059999843,3.0719589999999921,0.0024250343184893564,287852,848,0.16269125400000001,0.028608562000000001,0.19130503200000001,true,branched,
848,1697,166,1184,459,1510,t_z_35_393_3,z,0.0020000000000000018,0.0020000000000000018,307.10101318359375,0,307.10101318359375,306.8703993977727,0.18968635095912179,305.6861572265625,307.10101318359375,0.001007080078125,none,0,3.0794086059999843,3.0719589999999921,0.0024250343184893564,287919,849,0.16880167700000001,0.029052959999999999,0.19785924099999999,true,branched,
849,1698,167,1183,450,1483,t_z_161_27_1,z,0.66653861351727517,0.66653861351727517,307.459228515625,0,307.459228515625,307.23101094649792,0.18823143820666682,306.0491943359375,307.459228515625,0.001800537109375,none,0,3.0794086059999843,3.0719589999999921,0.0024250343184893564,287920,850,0.161115861,0.029021075,0.19014536500000001,true,branched,
850,1701,168,1182,873,3127,t_z_400_399_3,z,0.081900107773316799,0.081900107773316799,307.81640625,0,307.81640625,307.58978274066237,0.18702404127708089,306.41256713867188,307.81640625,0.003265380859375,none,0,3.0794086059999843,3.0719589999999921,0.0024250343184893564,287938,851,0.160221631,0.028924834,0.18915111600000001,true,branched,
851,1703,169,1195,1166,4367,t_z_95_94_3,z,0.15917335546191791,0.15917335546191791,308.23101806640625,0,308.23101806640625,307.95223378456785,0.18768175029027087,306.78631591796875,308.23101806640625,0.0303955078125,none,0,3.0794086059999843,3.0719589999999921,0.0024250343184893564,288291,852,0.15970916499999999,0.028767167,0.18848528000000001,true,branched,
852,1705,170,1235,1136,4137,t_z_221_220_0,z,0.65508845617140199,0.65508845617140199,308.5543212890625,0,308.5543212890625,308.3060662767665,0.18831027692670063,307.1436767578125,308.5543212890625,0.0238037109375,none,0,3.0794086059999843,3.0719589999999921,0.0024250343184893564,288457,853,0.16193443199999999,0.029528504000000001,0.191471639,true,branched,
853,1707,171,1234,509,1593,t_z_191_190_0,z,0.0015000000000001679,0.0015000000000001679,308.93896484375,0,308.93896484375,308.66007322932757,0.18928419172924779,307.50167846679688,308.93896484375,0.035400390625,none,0,3.0794086059999843,3.0719589999999921,0.0024250343184893564,288520,854,0.16065770800000001,0.029462988999999998,0.19012584299999999,true,branched,
854,1709,172,1213,804,2632,t_z_342_343_0,z,0.0020000000000001128,0.0020000000000001128,309.25778198242188,0,309.25778198242188,309.01422431109273,0.18687963681300276,307.85678100585938,309.25778198242188,0.024566650390625,none,0,3.0794086059999843,3.0719589999999921,0.0024250343184893564,288571,855,0.160781268,0.029254402999999998,0.19004068199999999,true,branched,
855,1711,173,1172,1005,3861,t_z_280_117_2,z,0.0010000000000000009,0.0010000000000000009,309.587158203125,0,309.587158203125,309.36669783868888,0.18616541402217399,308.20993041992188,309.587158203125,0.000762939453125,none,0,3.0794086059999843,3.0719589999999921,0.0024250343184893564,288596,856,0.159241085,0.028381817,0.18763153900000001,true,branched,
856,1713,174,1171,823,2775,t_z_357_356_3,z,0.22668503864609732,0.22668503864609732,309.94027709960938,0,309.94027709960938,309.72031119173147,0.18539911979597615,308.5667724609375,309.94027709960938,0.00323486328125,none,0,3.0794086059999843,3.0719589999999921,0.0024250343184893564,288598,857,0.15773975500000001,0.028346406000000001,0.18609082399999999,true,branched,
857,1715,175,1170,819,2770,t_z_356_357_1,z,0.43985893343374305,0.43985893343374305,310.29098510742188,0,310.29098510742188,310.07398637298843,0.1846219098225311,308.9246826171875,310.29098510742188,0.002655029296875,none,0,3.0794086059999843,3.0719589999999921,0.0024250343184893564,288599,858,0.15804871600000001,0.028385791,0.186439403,true,branched,
858,1716,176,1168,482,1629,t_z_201_200_2,z,0.83893973119600862,0.83893973119600862,310.64239501953125,0,310.64239501953125,310.42764608827355,0.18395728649235601,309.28265380859375,310.64239501953125,0.0013427734375,none,0,3.0794086059999843,3.0719589999999921,0.0024250343184893564,288601,859,0.16042978699999999,0.028502487999999999,0.188940092,true,branched,
859,1719,177,1168,930,3599,t_z_458_457_3,z,0.29965485008818327,0.29965485008818327,310.9951171875,0,310.9951171875,310.78190278353759,0.18321260238792117,309.63986206054688,310.9951171875,0.006072998046875,none,0,3.0794086059999843,3.0719589999999921,0.0024250343184893564,288617,860,0.160944481,0.028450649000000001,0.18940183499999999,true,branched,
860,1721,178,1211,848,2783,t_z_358_357_3,z,0.00030313588850172657,0.00030313588850172657,311.36068725585938,0,311.36068725585938,311.13395772818984,0.18552782512238788,310.00244140625,311.36068725585938,0.010772705078125,none,0,3.0794086059999843,3.0719589999999921,0.0024250343184893564,288892,861,0.15944224200000001,0.028847323000000001,0.18829472899999999,true,branched,
861,1723,179,1219,427,1134,t_z_80_81_3,z,0.015756692449366498,0.015756692449366498,311.70263671875,0,311.70263671875,311.49499401565066,0.18264471933711315,310.35977172851562,311.70263671875,0.001861572265625,none,0,3.0794086059999843,3.0719589999999921,0.0024250343184893564,288984,862,0.17427283199999999,0.031535731999999997,0.20581655800000001,true,branched,
862,1724,180,1219,1062,3895,t_z_472_358_3,z,0.014562232497378281,0.014562232497378281,312.05484008789062,0,312.05484008789062,311.84902641164956,0.18233535142822396,310.71771240234375,312.05484008789062,0.000885009765625,none,0,3.0794086059999843,3.0719589999999921,0.0024250343184893564,288985,863,0.16058535800000001,0.029713449999999999,0.190304166,true,branched,
863,1727,181,1218,445,1257,t_z_108_107_0,z,0.83497804790177155,0.83497804790177155,312.42474365234375,0,312.42474365234375,312.20098994713896,0.18241489084223292,311.08804321289062,312.42474365234375,0.01416015625,none,0,3.072480477999985,3.0719589999999921,0.00016975421872261824,288986,864,0.16847967999999999,0.030328153,0.19881402100000001,true,branched,
864,1729,182,1216,1019,3688,t_z_236_464_0,z,0.20731811821499024,0.20731811821499024,312.7646484375,0,312.7646484375,312.55532746565967,0.1810619038048277,311.44610595703125,312.7646484375,0.00067138671875,none,0,3.072480477999985,3.0719589999999921,0.00016975421872261824,288996,865,0.163427825,0.030039785999999999,0.19347531800000001,true,branched,
865,1692,164,1168,967,3688,t_z_236_464_0,z,0.067955675757069622,0.067955675757069622,313.40536499023438,0,313.40536499023438,313.18078187393814,0.18109032299474942,311.99319458007812,313.40536499023438,0.012451171875,none,0,3.072480477999985,3.0719589999999921,0.00016975421872261824,289483,866,0.16311714799999999,0.029916281999999999,0.193038615,true,branched,
866,1732,165,1166,372,985,t_z_50_49_0,z,0.999,0.999,313.68283081054688,0,313.68283081054688,313.47031893329392,0.18110092311895487,312.28302001953125,313.68283081054688,0.0001220703125,none,0,3.072480477999985,3.0719589999999921,0.00016975421872261824,289486,867,0.15679389699999999,0.028665261000000001,0.18546460200000001,true,branched,
867,1735,166,1165,735,2579,t_z_334_81_1,z,0.33269536922361792,0.33269536922361792,314.0458984375,0,314.0458984375,313.83322539104415,0.18123118230306234,312.64614868164062,314.0458984375,3.0517578125e-05,none,0,3.072480477999985,3.0719589999999921,0.00016975421872261824,289487,868,0.15881195000000001,0.028770627999999999,0.187593186,true,branched,
868,1736,167,1204,481,1593,t_z_191_190_0,z,0.066148765426462752,0.066148765426462752,314.4346923828125,0,314.4346923828125,314.19738356377991,0.18517258930786917,313.00521850585938,314.4346923828125,0.028778076171875,none,0,3.072480477999985,3.0719589999999921,0.00016975421872261824,289689,869,0.16092916500000001,0.029056373,0.18999158199999999,true,branched,
869,1739,168,1220,425,1257,t_z_108_107_0,z,0.94444080300546762,0.94444080300546762,314.76840209960938,0,314.76840209960938,314.56070146404329,0.18177934701588588,313.35867309570312,314.76840209960938,0.003753662109375,none,0,3.072480477999985,3.0719589999999921,0.00016975421872261824,289778,870,0.16537353299999999,0.030962046,0.19634213,true,branched,
870,1741,169,1219,789,2617,t_z_341_340_0,z,0.84633951437740296,0.84633951437740296,315.12371826171875,0,315.12371826171875,314.92197554027376,0.1804751482993909,313.7218017578125,315.12371826171875,0.00103759765625,none,0,3.072480477999985,3.0719589999999921,0.00016975421872261824,289779,871,0.16193892600000001,0.029394475999999999,0.19133863300000001,true,branched,
871,1743,170,1224,831,2731,t_z_351_68_1,z,0.99833333333333329,0.99833333333333329,315.48361206054688,0,315.48361206054688,315.28491203457702,0.17836291270017079,314.08660888671875,315.48361206054688,0.00244140625,none,0,3.072480477999985,3.0719589999999921,0.00016975421872261824,289889,872,0.16361413599999999,0.029755874000000002,0.193375987,true,branched,
872,1745,171,1222,386,953,t_z_44_41_0,z,0.022193284411515579,0.022193284411515579,315.84042358398438,0,315.84042358398438,315.64521484874467,0.17688237889501521,314.44976806640625,315.84042358398438,0.00213623046875,none,0,3.072480477999985,3.0719589999999921,0.00016975421872261824,289892,873,0.164849574,0.030052026999999999,0.19490808300000001,true,branched,
873,1747,172,1235,331,720,t_m_180_0,m,0.0020000000000002238,0.0020000000000002238,316.1973876953125,0,316.1973876953125,316.0057934718576,0.17502281110942514,314.8128662109375,316.1973876953125,0.00115966796875,none,0,3.072480477999985,3.0719589999999921,0.00016975421872261824,289904,874,0.167364396,0.030221606000000002,0.197591775,true,branched,
874,1749,173,1189,908,3183,t_z_409_408_3,z,0.999,0.999,316.55413818359375,0,316.55413818359375,316.36275439186193,0.17605025833911964,315.18209838867188,316.55413818359375,0.0003662109375,none,0,3.072480477999985,3.0719589999999921,0.00016975421872261824,289964,875,0.16238857700000001,0.029139066000000002,0.191533389,true,branched,
875,1751,174,1188,848,3026,t_z_216_388_1,z,0.025281085002936909,0.025281085002936909,316.91265869140625,0,316.91265869140625,316.72151392156428,0.17512630294555992,315.54513549804688,316.91265869140625,0.000274658203125,none,0,3.072480477999985,3.0719589999999921,0.00016975421872261824,289964,876,0.160566599,0.029105579999999999,0.18967756499999999,true,branched,
876,1753,175,1194,640,2252,t_z_295_296_2,z,0.73419041311169031,0.73419041311169031,317.2659912109375,0,317.2659912109375,317.07387428986567,0.17388869610944721,315.91317749023438,317.2659912109375,0.000244140625,none,0,3.072480477999985,3.0719589999999921,0.00016975421872261824,290040,877,0.197874892,0.031728912999999997,0.22961182499999999,true,branched,
877,1755,176,1190,533,1881,t_z_208_207_0,z,0.0010000000000000009,0.0010000000000000009,317.61972045898438,0,317.61972045898438,317.42773555467107,0.17368699038739271,316.27194213867188,317.61972045898438,0.000213623046875,none,0,3.072480477999985,3.0719589999999921,0.00016975421872261824,290054,878,0.169496804,0.029347112000000002,0.19885154199999999,true,branched,
878,1757,177,1190,1069,4089,t_z_488_487_0,z,0.99399999999999999,0.99399999999999999,317.97348022460938,0,317.97348022460938,317.78140763996026,0.17285962288254389,316.64083862304688,317.97348022460938,0.00042724609375,none,0,3.072480477999985,3.0719589999999921,0.00016975421872261824,290067,879,0.16148615299999999,0.029312331,0.19080459599999999,true,branched,
879,1759,178,1189,724,2508,t_z_27_327_2,z,0.99850000000000005,0.99850000000000005,318.32699584960938,0,318.32699584960938,318.13517875446803,0.17222280231310727,316.99887084960938,318.32699584960938,0.001129150390625,none,0,3.072480477999985,3.0719589999999921,0.00016975421872261824,290068,880,0.160805534,0.029178471000000001,0.1899911,true,branched,
880,1761,179,1188,732,2545,t_z_331_330_0,z,0.88890003563088893,0.88890003563088893,318.67990112304688,0,318.67990112304688,318.48882661042393,0.17171789961043354,317.35678100585938,318.67990112304688,0.000946044921875,none,0,3.072480477999985,3.0719589999999921,0.00016975421872261824,290069,881,0.159951026,0.029286275000000001,0.18924642799999999,true,branched,
881,1763,180,1188,451,1483,t_z_161_27_1,z,0.64774685570235324,0.64774685570235324,319.03323364257812,0,319.03323364257812,318.84299831197717,0.1711356414394907,317.71701049804688,319.03323364257812,0.001190185546875,none,0,3.072480477999985,3.0719589999999921,0.00016975421872261824,290092,882,0.16199157,0.029193792999999999,0.191192581,true,branched,
882,1765,181,1226,544,1865,t_z_515_323_0,z,0.90219488673267689,0.90219488673267689,319.38751220703125,0,319.38751220703125,319.19679656036527,0.17056080105325833,318.075439453125,319.38751220703125,0.000823974609375,none,0,3.072480477999985,3.0719589999999921,0.00016975421872261824,290122,883,0.16224973200000001,0.029956153999999999,0.19221384599999999,true,branched,
883,1766,182,1225,886,3063,t_z_392_391_3,z,0.98310186698076008,0.98310186698076008,319.74606323242188,0,319.74606323242188,319.55025358238998,0.17017932359084606,318.43154907226562,319.74606323242188,0.00518798828125,none,0,3.072480477999985,3.0719589999999921,0.00016975421872261824,290135,884,0.162267087,0.029861563000000001,0.192138735,true,branched,
884,1769,183,1224,585,2111,t_z_280_279_3,z,0.99899999999999989,0.99899999999999989,320.09487915039062,0,320.09487915039062,319.90398795931947,0.16995926225755825,318.78958129882812,320.09487915039062,0.000823974609375,none,0,3.072480477999985,3.0719589999999921,0.00016975421872261824,290136,885,0.16564748100000001,0.03011666,0.19577187099999999,true,branched,
885,1771,184,1217,629,2207,t_z_290_289_3,z,0.94903754038851162,0.94903754038851162,320.44808959960938,0,320.44808959960938,320.25682535539812,0.16978969051754272,319.1474609375,320.44808959960938,0.0020751953125,none,0,3.072480477999985,3.0719589999999921,0.00016975421872261824,290137,886,0.160669109,0.029742836000000002,0.190419745,true,branched,
886,1773,185,1224,847,2775,t_z_357_356_3,z,0.15486120788343299,0.15486120788343299,320.80050659179688,0,320.80050659179688,320.60994947346205,0.16995297644023749,319.50674438476562,320.80050659179688,0.0006103515625,none,0,3.072480477999985,3.0719589999999921,0.00016975421872261824,290153,887,0.16128392699999999,0.029922483999999999,0.19121597500000001,true,branched,
887,1737,167,1104,345,953,t_z_44_41_0,z,0.011652925002650916,0.011652925002650916,321.45281982421875,0,321.45281982421875,321.22845060929006,0.17920121418747986,320.03219604492188,321.45281982421875,0.015869140625,none,0,3.072480477999985,3.0719589999999921,0.00016975421872261824,290859,888,0.16610823499999999,0.029996984000000001,0.19611129099999999,true,branched,
888,1777,168,1102,740,2731,t_z_351_68_1,z,0.99833333333333329,0.99833333333333329,321.72689819335938,0,321.72689819335938,321.51785245088831,0.17926863235466728,320.32199096679688,321.72689819335938,0.000946044921875,none,0,3.072480477999985,3.0719589999999921,0.00016975421872261824,290862,889,0.166215265,0.028095577,0.194318976,true,branched,
889,1779,169,1100,381,1257,t_z_108_107_0,z,0.96967028179394854,0.96967028179394854,322.08920288085938,0,322.08920288085938,321.88066714200107,0.17920474652345986,320.68515014648438,322.08920288085938,0.00372314453125,none,0,3.072480477999985,3.0719589999999921,0.00016975421872261824,290864,890,0.16320153900000001,0.027791944999999998,0.19099914000000001,true,branched,
890,1781,170,1096,691,2617,t_z_341_340_0,z,0.80657640889482085,0.80657640889482085,322.44705200195312,0,322.44705200195312,322.24247647027897,0.178692145899781,321.04891967773438,322.44705200195312,0.0003662109375,none,0,3.072480477999985,3.0719589999999921,0.00016975421872261824,290879,891,0.159243248,0.027731173000000001,0.18697968600000001,true,branched,
891,1783,171,1109,675,2553,t_z_332_331_0,z,0.96109013216318329,0.96109013216318329,322.8055419921875,0,322.8055419921875,322.60623592724124,0.17743788193533955,321.41253662109375,322.8055419921875,0.000823974609375,none,0,3.072480477999985,3.0719589999999921,0.00016975421872261824,290896,892,0.169607272,0.028578727000000002,0.19819131200000001,true,branched,
892,1785,172,1108,776,3026,t_z_216_388_1,z,0.017112630532716055,0.017112630532716055,323.163818359375,0,323.163818359375,322.96727303735616,0.17613709017890924,321.77584838867188,323.163818359375,0.0001220703125,none,0,3.072480477999985,3.0719589999999921,0.00016975421872261824,290899,893,0.16300082099999999,0.027970299000000001,0.19097646500000001,true,branched,
893,1787,173,1152,445,1483,t_z_161_27_1,z,0.59895953123524415,0.59895953123524415,323.52871704101562,0,323.52871704101562,323.32782806290521,0.17178220483363887,322.15359497070312,323.52871704101562,0.00439453125,none,0,3.072480477999985,3.0719589999999921,0.00016975421872261824,291011,894,0.16124870799999999,0.029063486999999999,0.19031901600000001,true,branched,
894,1789,174,1152,825,3071,t_z_393_392_3,z,0.99899999999999989,0.99899999999999989,323.8834228515625,0,323.8834228515625,323.68786973423425,0.17005154315807267,322.51708984375,323.8834228515625,0.002197265625,none,0,3.072480477999985,3.0719589999999921,0.00016975421872261824,291016,895,0.16302949,0.028856646999999999,0.191891849,true,branched,
895,1791,175,1150,453,1510,t_z_35_393_3,z,0.017793153011351981,0.017793153011351981,324.24380493164062,0,324.24380493164062,324.04705574367358,0.16864619386615537,322.8802490234375,324.24380493164062,0.003509521484375,none,0,3.072480477999985,3.0719589999999921,0.00016975421872261824,291017,896,0.15917494900000001,0.028767912,0.18794815400000001,true,branched,
896,1792,176,1131,850,3183,t_z_409_408_3,z,0.998,0.998,324.59927368164062,0,324.59927368164062,324.40459830016817,0.1681852889759218,323.24276733398438,324.59927368164062,0.001861572265625,none,0,3.072480477999985,3.0719589999999921,0.00016975421872261824,291029,897,0.159554469,0.028603021999999999,0.18816237899999999,true,branched,
897,1795,177,1147,603,2252,t_z_295_296_2,z,0.72638725750110011,0.72638725750110011,324.95706176757812,0,324.95706176757812,324.76453975022309,0.1667484756655872,323.60635375976562,324.95706176757812,0.00048828125,none,0,3.072480477999985,3.0719589999999921,0.00016975421872261824,291032,898,0.163172552,0.029004663,0.19218258899999999,true,branched,
898,1797,178,1173,1053,4089,t_z_488_487_0,z,0.99399999999999999,0.99399999999999999,325.31570434570312,0,325.31570434570312,325.12411207636501,0.16765396520696482,323.96981811523438,325.31570434570312,0.000213623046875,none,0,3.072480477999985,3.0719589999999921,0.00016975421872261824,291046,899,0.16367986500000001,0.029366438000000002,0.193051794,true,branched,
899,1799,179,1172,705,2508,t_z_27_327_2,z,0.99850000000000005,0.99850000000000005,325.6708984375,0,325.6708984375,325.47940802981014,0.16687924866175599,324.32928466796875,325.6708984375,0.0001220703125,none,0,3.072480477999985,3.0719589999999921,0.00016975421872261824,291047,900,0.16253657599999999,0.029340425,0.191882521,true,branched,
900,1801,180,1167,560,2111,t_z_280_279_3,z,0.99899999999999989,0.99899999999999989,326.02450561523438,0,326.02450561523438,325.83271448287377,0.16606956754065416,324.68667602539062,326.02450561523438,0.0009765625,none,0,3.072480477999985,3.0719589999999921,0.00016975421872261824,291065,901,0.15851399099999999,0.029290182000000001,0.18780933299999999,true,branched,
901,1803,181,1160,0,4,t_m_1_0,m,0.0010000000000000009,0.0010000000000000009,326.37744140625,0,326.37744140625,326.18563766479491,0.16551441138391201,325.04458618164062,326.37744140625,0.001617431640625,none,0,3.072480477999985,3.0719589999999921,0.00016975421872261824,291066,902,0.15946544400000001,0.029074562000000002,0.18854497100000001,true,branched,
902,1805,182,1134,981,3959,t_z_480_478_3,z,0.9986666666666667,0.9986666666666667,326.729248046875,0,326.729248046875,326.53830378564368,0.16090050190217403,325.52810668945312,326.729248046875,0.001495361328125,none,0,3.072480477999985,3.0719589999999921,0.00016975421872261824,291114,903,0.160779799,0.028793187000000001,0.18957956000000001,true,branched,
903,1807,183,1127,775,2775,t_z_357_356_3,z,0.18633958146371968,0.18633958146371968,327.08172607421875,0,327.08172607421875,326.89189834391635,0.16017715844232344,325.8861083984375,327.08172607421875,0.0006103515625,none,0,3.072480477999985,3.0719589999999921,0.00016975421872261824,291117,904,0.161978608,0.028889959,0.190877147,true,branched,
904,1809,184,1126,821,3087,t_z_395_394_3,z,0.94020320570347071,0.94020320570347071,327.43511962890625,0,327.43511962890625,327.24532609468667,0.15976852864593338,326.24407958984375,327.43511962890625,0.0020751953125,none,0,3.072480477999985,3.0719589999999921,0.00016975421872261824,291118,905,0.158019936,0.028990051999999999,0.187015612,true,branched,
905,1810,185,1150,531,1894,t_z_399_529_3,z,0.099397118931055239,0.099397118931055239,327.84017944335938,0,327.84017944335938,327.60120857570485,0.15876327979005347,326.60568237304688,327.84017944335938,0.039947509765625,none,0,3.072480477999985,3.0719589999999921,0.00016975421872261824,291182,906,0.16043513500000001,0.029205821999999999,0.18964576799999999,true,branched,
906,1613,159,1137,1030,4120,t_z_7_487_0,z,0.0035000000000000586,0.0035000000000000586,328.43569946289062,0,328.43569946289062,328.19743837005961,0.18670773959078296,326.99874877929688,328.43569946289062,0.006591796875,none,0,3.072480477999985,3.0719589999999921,0.00016975421872261824,291669,907,0.15654030599999999,0.027977318000000001,0.18452397000000001,true,branched,
907,1815,160,1162,464,1629,t_z_201_200_2,z,0.86846306531249384,0.86846306531249384,328.74966430664062,0,328.74966430664062,328.48859535519307,0.18197453233284472,327.29763793945312,328.74966430664062,0.028533935546875,none,0,3.072480477999985,3.0719589999999921,0.00016975421872261824,291797,908,0.16341670899999999,0.028604436,0.19202712,true,branched,
908,1817,161,1166,430,1481,t_z_161_27_0,z,0.0020000000000000018,0.0020000000000000018,329.08795166015625,0,329.08795166015625,328.85592546675667,0.18178554036362318,327.66427612304688,329.08795166015625,0.00250244140625,none,0,3.072480477999985,3.0719589999999921,0.00016975421872261824,291812,909,0.16055186799999999,0.028732625000000001,0.18929203,true,branched,
909,1819,162,1164,353,953,t_z_44_41_0,z,0.013699557961540654,0.013699557961540654,329.4488525390625,0,329.4488525390625,329.21871932511476,0.18176941305471403,328.02737426757812,329.4488525390625,0.004486083984375,none,0,3.072480477999985,3.0719589999999921,0.00016975421872261824,291813,910,0.171942026,0.028687524999999998,0.20063829799999999,true,branched,
910,1821,163,1162,583,2235,t_z_294_293_1,z,0.80027988804478212,0.80027988804478212,329.80764770507812,0,329.80764770507812,329.58137527964817,0.18176312363853322,328.39053344726562,329.80764770507812,0.0018310546875,none,0,3.072480477999985,3.0719589999999921,0.00016975421872261824,291816,911,0.15917163100000001,0.028658268000000001,0.187835269,true,branched,
911,1822,164,1164,395,1257,t_z_108_107_0,z,0.99933333333333341,0.99933333333333341,330.16912841796875,0,330.16912841796875,329.94444301120194,0.18126300008611299,328.753662109375,330.16912841796875,0.00213623046875,none,0,3.072480477999985,3.0719589999999921,0.00016975421872261824,291825,912,0.162652875,0.028757267,0.191415485,true,branched,
912,1825,165,1163,958,3688,t_z_236_464_0,z,0.032726547304937736,0.032726547304937736,330.53018188476562,0,330.53018188476562,330.30732324260737,0.18112457816807689,329.11685180664062,330.53018188476562,0.0050048828125,none,0,3.072480477999985,3.0719589999999921,0.00016975421872261824,291826,913,0.15802192500000001,0.028720778999999998,0.186750112,true,branched,
913,1826,166,1161,839,3078,t_z_393_394_3,z,0.031621550334107074,0.031621550334107074,330.88836669921875,0,330.88836669921875,330.6702056017341,0.18114063183268717,329.48004150390625,330.88836669921875,0.004638671875,none,0,3.072480477999985,3.0719589999999921,0.00016975421872261824,291829,914,0.158447751,0.028623262999999999,0.187078892,true,branched,
914,1829,167,1164,514,1894,t_z_399_529_3,z,0.090270412390654253,0.090270412390654253,331.27667236328125,0,331.27667236328125,331.03179079560482,0.18051055648640491,329.84490966796875,331.27667236328125,0.029632568359375,none,0,3.072480477999985,3.0719589999999921,0.00016975421872261824,291866,915,0.15747630600000001,0.028887076000000001,0.18637046400000001,true,branched,
915,1830,168,1164,365,985,t_z_50_49_0,z,0.999,0.999,331.61032104492188,0,331.61032104492188,331.39478899768949,0.18041239008495374,330.20806884765625,331.61032104492188,0.0009765625,none,0,3.072480477999985,3.0719589999999921,0.00016975421872261824,291869,916,0.15911280699999999,0.028851742999999999,0.18797076200000001,true,branched,
916,1833,169,1163,781,2731,t_z_351_68_1,z,0.99833333333333329,0.99833333333333329,331.97259521484375,0,331.97259521484375,331.7577142822056,0.18053803235181526,330.57125854492188,331.97259521484375,0.000457763671875,none,0,3.072480477999985,3.0719589999999921,0.00016975421872261824,291870,917,0.15838765399999999,0.028858768,0.18725504700000001,true,branched,
917,1835,170,1166,659,2360,t_z_310_311_0,z,0.92796911913991365,0.92796911913991365,332.3353271484375,0,332.3353271484375,332.11922508488391,0.18084131184001473,330.93399047851562,332.3353271484375,0.0052490234375,none,0,3.072480477999985,3.0719589999999921,0.00016975421872261824,291904,918,0.159677282,0.028858618999999999,0.188541081,true,branched,
918,1837,171,1164,819,3026,t_z_216_388_1,z,0.0014999999999999458,0.0014999999999999458,332.69326782226562,0,332.69326782226562,332.48173722204882,0.1812731367058629,331.297119140625,332.69326782226562,9.1552734375e-05,none,0,3.072480477999985,3.0719589999999921,0.00016975421872261824,291905,919,0.163321246,0.028942432000000001,0.19227059099999999,true,branched,
919,1839,172,1177,1144,4362,t_z_94_95_1,z,0.015177797790888681,0.015177797790888681,333.08578491210938,0,333.08578491210938,332.8479333713891,0.18086846947605548,331.66775512695312,333.08578491210938,0.015899658203125,none,0,3.072480477999985,3.0719589999999921,0.00016975421872261824,292044,920,0.159314868,0.029148797000000001,0.188468575,true,branched,
920,1840,173,1166,723,2579,t_z_334_81_1,z,0.25,0.25,333.43310546875,0,333.43310546875,333.21111908744172,0.17963902749161906,332.03408813476562,333.43310546875,0.007354736328125,none,0,3.072480477999985,3.0719589999999921,0.00016975421872261824,292069,921,0.160313603,0.029087832000000001,0.189408772,true,branched,
921,1842,174,1145,423,1483,t_z_161_27_1,z,0.5913991519132169,0.5913991519132169,333.78982543945312,0,333.78982543945312,333.57007736805747,0.18642904127980095,332.3907470703125,333.78982543945312,0,none,0,3.072480477999985,3.0719589999999921,0.00016975421872261824,292184,922,0.159364589,0.028646194,0.18802047899999999,true,branched,
922,1845,175,1167,468,1593,t_z_191_190_0,z,0.24949949949949957,0.24949949949949957,334.14920043945312,0,334.14920043945312,333.93000120082877,0.18901901659501832,332.75259399414062,334.14920043945312,0.00640869140625,none,0,3.072480477999985,3.0719589999999921,0.00016975421872261824,292224,923,0.16066085899999999,0.028931083999999999,0.189600413,true,branched,
923,1847,176,1163,733,2617,t_z_341_340_0,z,0.999,0.999,334.50180053710938,0,334.50180053710938,334.29122775234441,0.1874187380699146,333.11367797851562,334.50180053710938,0.00341796875,none,0,3.072480477999985,3.0719589999999921,0.00016975421872261824,292239,924,0.16162842199999999,0.028834972,0.19046990699999999,true,branched,
924,1849,177,1161,873,3183,t_z_409_408_3,z,0.998,0.998,334.85769653320312,0,334.85769653320312,334.65236122992201,0.18606711301417872,333.47720336914062,334.85769653320312,0.00140380859375,none,0,3.072480477999985,3.0719589999999921,0.00016975421872261824,292239,925,0.16368848499999999,0.028970692999999999,0.19266736200000001,true,branched,
925,1851,178,1160,390,1195,t_z_98_97_1,z,0.17105687193372887,0.17105687193372887,335.21539306640625,0,335.21539306640625,335.01283979744744,0.18462860905557704,333.84036254882812,335.21539306640625,0.00054931640625,none,0,3.072480477999985,3.0719589999999921,0.00016975421872261824,292240,926,0.158081693,0.028815411999999999,0.18690209099999999,true,branched,
926,1853,179,1198,517,1865,t_z_515_323_0,z,0.83699090535070608,0.83699090535070608,335.57498168945312,0,335.57498168945312,335.37733393240853,0.17952030895409171,334.20278930664062,335.57498168945312,0.00189208984375,none,0,3.072480477999985,3.0719589999999921,0.00016975421872261824,292282,927,0.16790577500000001,0.029425817999999999,0.19734057799999999,true,branched,
927,1854,180,1201,857,3063,t_z_392_391_3,z,0.84959226620655215,0.84959226620655215,335.93295288085938,0,335.93295288085938,335.73597728719722,0.17969700645575259,334.5672607421875,335.93295288085938,0.001251220703125,none,0,3.072480477999985,3.0719589999999921,0.00016975421872261824,292296,928,0.16221704100000001,0.029310851999999998,0.19153354,true,branched,
928,1816,161,1153,346,953,t_z_44_41_0,z,0.014126012881666039,0.014126012881666039,336.47271728515625,0,336.47271728515625,336.24074213668149,0.17876938732924411,335.04672241210938,336.47271728515625,0.00079345703125,none,0,3.072480477999985,3.0719589999999921,0.00016975421872261824,292836,929,0.16311674400000001,0.028407663999999999,0.19152978000000001,true,branched,
929,1859,162,1151,420,1481,t_z_161_27_0,z,0.0020000000000000018,0.0020000000000000018,336.75738525390625,0,336.75738525390625,336.52548647299733,0.17875481775970398,335.33181762695312,336.75738525390625,0.007598876953125,none,0,3.072480477999985,3.0719589999999921,0.00016975421872261824,292839,930,0.160666278,0.028329182000000001,0.18900054099999999,true,branched,
930,1861,163,1149,573,2235,t_z_294_293_1,z,0.80027988804478212,0.80027988804478212,337.11770629882812,0,337.11770629882812,336.89295429598258,0.1787421012665221,335.69961547851562,337.11770629882812,0.005828857421875,none,0,3.072480477999985,3.0719589999999921,0.00016975421872261824,292840,931,0.161293404,0.028242372000000002,0.189543557,true,branched,
931,1862,164,1151,950,3688,t_z_236_464_0,z,0.0018044441670310718,0.0018044441670310718,337.47979736328125,0,337.47979736328125,337.260686879361,0.17824811154568243,336.067138671875,337.47979736328125,0.004302978515625,none,0,3.072480477999985,3.0719589999999921,0.00016975421872261824,292849,932,0.16046144400000001,0.029356220999999998,0.189823459,true,branched,
932,1864,165,1149,830,3078,t_z_393_394_3,z,0.034303836119469189,0.034303836119469189,337.84341430664062,0,337.84341430664062,337.62825382720706,0.1782673245296735,336.43496704101562,337.84341430664062,0.00238037109375,none,0,3.072480477999985,3.0719589999999921,0.00016975421872261824,292852,933,0.16026562599999999,0.028348683999999999,0.18861995300000001,true,branched,
933,1867,166,1185,526,1894,t_z_399_529_3,z,0.094009691165224896,0.094009691165224896,338.2381591796875,0,338.2381591796875,337.99170833539358,0.17718864355320518,336.80172729492188,338.2381591796875,0.03253173828125,none,0,3.072480477999985,3.0719589999999921,0.00016975421872261824,292926,934,0.162521205,0.028925813000000002,0.191452228,true,branched,
934,1868,167,1185,677,2360,t_z_310_311_0,z,0.929158259864588,0.929158259864588,338.56900024414062,0,338.56900024414062,338.35470032510881,0.17708842376322773,337.16494750976562,338.56900024414062,0.00048828125,none,0,3.072480477999985,3.0719589999999921,0.00016975421872261824,292930,935,0.161602524,0.02897392,0.19058147,true,branched,
935,1871,168,1183,375,985,t_z_50_49_0,z,0.999,0.999,338.93182373046875,0,338.93182373046875,338.71721155806711,0.1775748833481233,337.52810668945312,338.93182373046875,0.00189208984375,none,0,3.072480477999985,3.0719589999999921,0.00016975421872261824,292939,936,0.16023557499999999,0.028908797,0.189154138,true,branched,
936,1873,169,1182,798,2731,t_z_351_68_1,z,0.99833333333333329,0.99833333333333329,339.29318237304688,0,339.29318237304688,339.08016815443733,0.17769914949442275,337.89129638671875,339.29318237304688,0.00311279296875,none,0,3.072480477999985,3.0719589999999921,0.00016975421872261824,292940,937,0.16168732,0.028894822000000001,0.19058846500000001,true,branched,
937,1875,170,1159,441,1510,t_z_35_393_3,z,0.0020000000000000018,0.0020000000000000018,339.65240478515625,0,339.65240478515625,339.44126656427784,0.17889425974946369,338.25341796875,339.65240478515625,0.001434326171875,none,0,3.072480477999985,3.0719589999999921,0.00016975421872261824,292976,938,0.16197224299999999,0.028853607,0.19083208500000001,true,branched,
938,1876,171,1158,821,3026,t_z_216_388_1,z,0.0014999999999999458,0.0014999999999999458,340.01422119140625,0,340.01422119140625,339.80417088852852,0.17886771370634172,338.61654663085938,340.01422119140625,0.001068115234375,none,0,3.072480477999985,3.0719589999999921,0.00016975421872261824,292977,939,0.16432096900000001,0.028763743000000001,0.19309034999999999,true,branched,
939,1879,172,1175,734,2579,t_z_334_81_1,z,0.25,0.25,340.39053344726562,0,340.39053344726562,340.16634448761636,0.17868400265225151,338.98696899414062,340.39053344726562,0.01141357421875,none,0,3.072480477999985,3.0719589999999921,0.00016975421872261824,293062,940,0.16756521299999999,0.029120687999999999,0.19669344599999999,true,branched,
940,1880,173,1194,467,1593,t_z_191_190_0,z,0.27611064051731948,0.27611064051731948,340.752197265625,0,340.752197265625,340.52878150109268,0.18521610994552634,339.3499755859375,340.752197265625,0.01129150390625,none,0,3.072480477999985,3.0719589999999921,0.00016975421872261824,293197,941,0.16639563600000001,0.029269281000000001,0.195670714,true,branched,
941,1883,174,1189,1157,4362,t_z_94_95_1,z,0.074328935428269405,0.074328935428269405,341.10980224609375,0,341.10980224609375,340.89129844004611,0.18353713612478964,339.71188354492188,341.10980224609375,0.005706787109375,none,0,3.072480477999985,3.0719589999999921,0.00016975421872261824,293218,942,0.16368391199999999,0.028942602000000001,0.192632315,true,branched,
942,1885,175,1193,442,1483,t_z_161_27_1,z,0.62336781571097855,0.62336781571097855,341.46810913085938,0,341.46810913085938,341.2558313643143,0.18157743901952986,340.07568359375,341.46810913085938,0.00152587890625,none,0,3.072480477999985,3.0719589999999921,0.00016975421872261824,293246,943,0.16117748900000001,0.030574226999999999,0.191760873,true,branched,
943,1887,176,1170,300,720,t_m_180_0,m,0.00066666666666659324,0.00066666666666659324,341.83010864257812,0,341.83010864257812,341.61810021033654,0.18177306942176832,340.43716430664062,341.83010864257812,0.00018310546875,none,0,3.072480477999985,3.0719589999999921,0.00016975421872261824,293305,944,0.15888792400000001,0.029078811,0.187972853,true,branched,
944,1889,177,1169,735,2617,t_z_341_340_0,z,0.999,0.999,342.19259643554688,0,342.19259643554688,341.98118791017293,0.1816339975089285,340.80322265625,342.19259643554688,0.005828857421875,none,0,3.072480477999985,3.0719589999999921,0.00016975421872261824,293330,945,0.16256752899999999,0.029036604000000001,0.19161236400000001,true,branched,
945,1891,178,1167,398,1257,t_z_108_107_0,z,0.999,0.999,342.54794311523438,0,342.54794311523438,342.34417039467519,0.18147389248366966,341.166748046875,342.54794311523438,0.0010986328125,none,0,3.072480477999985,3.0719589999999921,0.00016975421872261824,293330,946,0.15823614899999999,0.029024917000000001,0.18726638000000001,true,branched,
946,1893,179,1166,882,3183,t_z_409_408_3,z,0.999,0.999,342.9058837890625,0,342.9058837890625,342.70622460183722,0.18063942926714888,341.52987670898438,342.9058837890625,0.000518798828125,none,0,3.072480477999985,3.0719589999999921,0.00016975421872261824,293331,947,0.15867163500000001,0.029053410000000002,0.18773273500000001,true,branched,
947,1820,163,1164,395,1257,t_z_108_107_0,z,0.99933333333333341,0.99933333333333341,343.40371704101562,0,343.40371704101562,343.17702680764739,0.18156688868377638,341.98617553710938,343.40371704101562,0.000946044921875,none,0,3.072480477999985,3.0719589999999921,0.00016975421872261824,293983,948,0.15663653999999999,0.028484868999999999,0.18512743500000001,true,branched,
948,1897,164,1163,584,2235,t_z_294_293_1,z,0.80027988804478212,0.80027988804478212,343.693115234375,0,343.693115234375,343.46700698183412,0.18142569868928951,342.27642822265625,343.693115234375,0.00421142578125,none,0,3.072480477999985,3.0719589999999921,0.00016975421872261824,293984,949,0.15446991199999999,0.028461134999999999,0.182936294,true,branched,
949,1898,165,1166,961,3688,t_z_236_464_0,z,0.025962158505357436,0.025962158505357436,344.05685424804688,0,344.05685424804688,343.83491288409226,0.18089681576464581,342.64413452148438,344.05685424804688,0.004913330078125,none,0,3.072480477999985,3.0719589999999921,0.00016975421872261824,293995,950,0.15751047100000001,0.028511765000000001,0.18602759099999999,true,branched,
950,1900,166,1164,840,3078,t_z_393_394_3,z,0.031937589592236471,0.031937589592236471,344.41983032226562,0,344.41983032226562,344.20250159194791,0.18091363477119465,343.01205444335938,344.41983032226562,0.00140380859375,none,0,3.072480477999985,3.0719589999999921,0.00016975421872261824,293998,951,0.161206977,0.02880166,0.190013713,true,branched,
951,1903,167,1194,532,1894,t_z_399_529_3,z,0.090808254566853486,0.090808254566853486,344.81784057617188,0,344.81784057617188,344.57076533076349,0.17933434216330479,343.38186645507812,344.81784057617188,0.0311279296875,none,0,3.072480477999985,3.0719589999999921,0.00016975421872261824,294052,952,0.16306025800000001,0.029268043000000001,0.19233468100000001,true,branched,
952,1904,168,1194,683,2360,t_z_310_311_0,z,0.92638342178054867,0.92638342178054867,345.15475463867188,0,345.15475463867188,344.93842973820927,0.1792339606059275,343.749755859375,345.15475463867188,0.001861572265625,none,0,3.072480477999985,3.0719589999999921,0.00016975421872261824,294055,953,0.162210622,0.029268835999999999,0.19148764900000001,true,branched,
953,1907,169,1192,381,985,t_z_50_49_0,z,0.999,0.999,345.52056884765625,0,345.52056884765625,345.30540248691636,0.17965789428012402,344.11734008789062,345.52056884765625,0.00244140625,none,0,3.072480477999985,3.0719589999999921,0.00016975421872261824,294056,954,0.16801417299999999,0.029249553000000001,0.19726967200000001,true,branched,
954,1909,170,1166,702,2526,t_z_328_329_3,z,0.00099999999999997205,0.00099999999999997205,345.88418579101562,0,345.88418579101562,345.66635493021681,0.18121435574017697,344.47872924804688,345.88418579101562,0.00299072265625,none,0,3.072480477999985,3.0719589999999921,0.00016975421872261824,294092,955,0.162806389,0.028805441000000001,0.19161683099999999,true,branched,
955,1911,171,1165,784,2731,t_z_351_68_1,z,0.99833333333333329,0.99833333333333329,346.244384765625,0,346.244384765625,346.02909234173819,0.18115637399252463,344.8419189453125,346.244384765625,0.001678466796875,none,0,3.072480477999985,3.0719589999999921,0.00016975421872261824,294094,956,0.159709669,0.028910031999999999,0.18862811800000001,true,branched,
956,1913,172,1163,722,2579,t_z_334_81_1,z,0.34903198072526409,0.34903198072526409,346.6053466796875,0,346.6053466796875,346.39194654495884,0.18108479125907728,345.205078125,346.6053466796875,0.00152587890625,none,0,3.072480477999985,3.0719589999999921,0.00016975421872261824,294096,957,0.15846553399999999,0.028762092,0.187235242,true,branched,
957,1914,173,1140,450,1593,t_z_191_190_0,z,0.058923379915425622,0.058923379915425622,347.01876831054688,0,347.01876831054688,346.75223158451547,0.18707829018322428,345.565673828125,347.01876831054688,0.034759521484375,none,0,3.072480477999985,3.0719589999999921,0.00016975421872261824,294242,958,0.15699123800000001,0.027969304,0.184965609,true,branched,
958,1917,174,1149,720,2617,t_z_341_340_0,z,0.999,0.999,347.34872436523438,0,347.34872436523438,347.11637672577035,0.18566184955615234,345.92306518554688,347.34872436523438,0.003662109375,none,0,3.072480477999985,3.0719589999999921,0.00016975421872261824,294369,959,0.15748063000000001,0.028677434000000002,0.18616300399999999,true,branched,
959,1919,175,1147,380,1195,t_z_98_97_1,z,0.26954976493698823,0.26954976493698823,347.7086181640625,0,347.7086181640625,347.47956641944677,0.18570175306401904,346.28656005859375,347.7086181640625,0.006805419921875,none,0,3.072480477999985,3.0719589999999921,0.00016975421872261824,294369,960,0.15717816200000001,0.028471448999999999,0.18565459100000001,true,branched,
960,1921,176,1142,1112,4362,t_z_94_95_1,z,0.081107792522803313,0.081107792522803313,348.07696533203125,0,348.07696533203125,347.8425190887184,0.18608832432829756,346.64425659179688,348.07696533203125,0.012115478515625,none,0,3.072480477999985,3.0719589999999921,0.00016975421872261824,294409,961,0.159290916,0.028465556999999999,0.187764705,true,branched,
961,1923,177,1141,977,3959,t_z_480_478_3,z,0.999,0.999,348.42800903320312,0,348.42800903320312,348.20603572434231,0.18484630142594319,347.0067138671875,348.42800903320312,0.0111083984375,none,0,3.072480477999985,3.0719589999999921,0.00016975421872261824,294412,962,0.157055422,0.028469204000000001,0.18552864299999999,true,branched,
962,1925,178,1140,292,720,t_m_180_0,m,0.00066666666666659324,0.00066666666666659324,348.78045654296875,0,348.78045654296875,348.56925948293588,0.18481981570529693,347.37020874023438,348.78045654296875,0.000152587890625,none,0,3.072480477999985,3.0719589999999921,0.00016975421872261824,294412,963,0.158115494,0.028435135,0.186555313,true,branched,
963,1927,179,1134,1009,4080,t_z_329_341_0,z,0.0050071169217728029,0.0050071169217728029,349.15798950195312,0,349.15798950195312,348.93181571085825,0.18516065250316918,347.7418212890625,349.15798950195312,0.0159912109375,none,0,3.072480477999985,3.0719589999999921,0.00016975421872261824,294441,964,0.16049471100000001,0.028338029000000001,0.18884135599999999,true,branched,
964,1929,180,1127,787,3026,t_z_216_388_1,z,0.0014999999999999458,0.0014999999999999458,349.504638671875,0,349.504638671875,349.29163480418492,0.18513807886677947,348.10003662109375,349.504638671875,0.00408935546875,none,0,3.072480477999985,3.0719589999999921,0.00016975421872261824,294484,965,0.16088877200000001,0.028265173000000001,0.18916039400000001,true,branched,
965,1931,181,1146,655,2375,t_z_312_311_3,z,0.99922222222222223,0.99922222222222223,349.86102294921875,0,349.86102294921875,349.6538632377904,0.18687981564118353,348.47125244140625,349.86102294921875,0.000335693359375,none,0,3.072480477999985,3.0719589999999921,0.00016975421872261824,294554,966,0.16128736599999999,0.028573802999999998,0.189868646,true,branched,
966,1933,182,1146,420,1483,t_z_161_27_1,z,0.74124162712466424,0.74124162712466424,350.21990966796875,0,350.21990966796875,350.01569735275723,0.18594500964448504,348.83447265625,350.21990966796875,0.000152587890625,none,0,3.072480477999985,3.0719589999999921,0.00016975421872261824,294558,967,0.15865859600000001,0.028672497000000002,0.18733651600000001,true,branched,
967,1935,183,1142,857,3183,t_z_409_408_3,z,0.999,0.999,350.57876586914062,0,350.57876586914062,350.37669121363115,0.18473786330538033,349.1981201171875,350.57876586914062,0.00103759765625,none,0,3.072480477999985,3.0719589999999921,0.00016975421872261824,294565,968,0.16000150499999999,0.028644920000000001,0.18865601000000001,true,branched,
968,1899,165,1167,962,3688,t_z_236_464_0,z,0.029112823785544473,0.029112823785544473,351.06216430664062,0,351.06216430664062,350.83933049506783,0.18109268280823093,349.6483154296875,351.06216430664062,0.003509521484375,none,0,3.072480477999985,3.0719589999999921,0.00016975421872261824,295045,969,0.163335598,0.028622399,0.191962986,true,branched,
969,1938,166,1165,660,2360,t_z_310_311_0,z,0.92170736824099553,0.92170736824099553,351.3504638671875,0,351.3504638671875,351.13069785449636,0.18110498462863078,349.93997192382812,351.3504638671875,0.00164794921875,none,0,3.072480477999985,3.0719589999999921,0.00016975421872261824,295048,970,0.160739834,0.028697398999999998,0.18944356000000001,true,branched,
970,1941,167,1163,839,3078,t_z_393_394_3,z,0.031558455812736419,0.031558455812736419,351.72091674804688,0,351.72091674804688,351.50210838941081,0.18152971925469,350.31204223632812,351.72091674804688,0.001068115234375,none,0,3.072480477999985,3.0719589999999921,0.00016975421872261824,295049,971,0.15766954599999999,0.028572622999999998,0.18624679,true,branched,
971,1943,168,1196,533,1894,t_z_399_529_3,z,0.090207912349663633,0.090207912349663633,352.12091064453125,0,352.12091064453125,351.87282945001402,0.17978868301627532,350.6839599609375,352.12091064453125,0.030975341796875,none,0,3.072480477999985,3.0719589999999921,0.00016975421872261824,295101,972,0.15900777799999999,0.030710298,0.18972440700000001,true,branched,
972,1944,169,1196,382,985,t_z_50_49_0,z,0.999,0.999,352.45791625976562,0,352.45791625976562,352.24050403199465,0.17968683388171325,351.05184936523438,352.45791625976562,0.001495361328125,none,0,3.072480477999985,3.0719589999999921,0.00016975421872261824,295104,973,0.16217820599999999,0.029190889000000001,0.19137447199999999,true,branched,
973,1947,170,1195,613,2242,t_z_294_295_1,z,0.31225916889800032,0.31225916889800032,352.8243408203125,0,352.8243408203125,352.60812949974667,0.17980513275778306,351.41964721679688,352.8243408203125,0.002777099609375,none,0,3.072480477999985,3.0719589999999921,0.00016975421872261824,295105,974,0.16384378799999999,0.028981595999999998,0.19283098500000001,true,branched,
974,1949,171,1124,367,1135,t_z_81_80_3,z,0.20039999999999988,0.20039999999999988,353.24420166015625,0,353.24420166015625,352.97300921131284,0.18617278821253772,351.7755126953125,353.24420166015625,0.0013427734375,none,0,3.072480477999985,3.0719589999999921,0.00016975421872261824,295521,975,0.15658569,0.027628746999999999,0.184220523,true,branched,
975,1951,172,1123,422,1483,t_z_161_27_1,z,0.20203945317234218,0.20203945317234218,353.61093139648438,0,353.61093139648438,353.34055937769574,0.18602654935301902,352.1434326171875,353.61093139648438,0.01336669921875,none,0,3.072480477999985,3.0719589999999921,0.00016975421872261824,295523,976,0.156212033,0.027749976999999999,0.18396873,true,branched,
976,1953,173,1233,868,3023,t_z_387_216_3,z,0.028349707653479883,0.028349707653479883,353.98171997070312,0,353.98171997070312,353.71624921688874,0.1824429115334866,352.52529907226562,353.98171997070312,0.0478515625,none,0,3.072480477999985,3.0719589999999921,0.00016975421872261824,295667,977,0.16309289399999999,0.030002812,0.19310176000000001,true,branched,
977,1955,174,1230,1068,3959,t_z_480_478_3,z,0.999,0.999,354.298095703125,0,354.298095703125,354.07950687563516,0.18228411210115392,352.8900146484375,354.298095703125,0.008544921875,none,0,3.072480477999985,3.0719589999999921,0.00016975421872261824,295692,978,0.16234780600000001,0.030054851,0.192408943,true,branched,
978,1957,175,1229,761,2579,t_z_334_81_1,z,0.33333333333333337,0.33333333333333337,354.65304565429688,0,354.65304565429688,354.44269943547692,0.18225159444836561,353.25350952148438,354.65304565429688,0.0003662109375,none,0,3.072480477999985,3.0719589999999921,0.00016975421872261824,295692,979,0.16336256499999999,0.029975923000000002,0.193347407,true,branched,
979,1958,176,1214,625,2252,t_z_295_296_2,z,0.80209244285795922,0.80209244285795922,355.01165771484375,0,355.01165771484375,354.80672312804069,0.18217425705711179,353.60345458984375,355.01165771484375,0.000518798828125,none,0,3.072480477999985,3.0719589999999921,0.00016975421872261824,295787,980,0.16214084100000001,0.029301532000000002,0.19145142000000001,true,branched,
980,1961,177,1209,519,1839,t_z_342_221_3,z,0.869352531022476,0.869352531022476,355.37393188476562,0,355.37393188476562,355.16900904855027,0.18252962453757082,353.96636962890625,355.37393188476562,9.1552734375e-05,none,0,3.072480477999985,3.0719589999999921,0.00016975421872261824,295799,981,0.16306210199999999,0.02946344,0.19253469500000001,true,branched,
981,1963,178,1209,717,2499,t_z_327_326_1,z,0.83863715981738407,0.83863715981738407,355.73739624023438,0,355.73739624023438,355.5331269446437,0.18119764032933253,354.33123779296875,355.73739624023438,0.00164794921875,none,0,3.072480477999985,3.0719589999999921,0.00016975421872261824,295807,982,0.161792304,0.029612686999999999,0.19141333999999999,true,branched,
982,1965,179,1208,852,3026,t_z_216_388_1,z,0.0014999999999999458,0.0014999999999999458,356.09893798828125,0,356.09893798828125,355.89578772538545,0.18111990064412253,354.69439697265625,356.09893798828125,0.00299072265625,none,0,3.072480477999985,3.0719589999999921,0.00016975421872261824,295808,983,0.16053171699999999,0.029317421,0.18985845000000001,true,branched,
983,1967,180,1206,696,2375,t_z_312_311_3,z,0.997,0.997,356.45941162109375,0,356.45941162109375,356.25545292944457,0.1826426262275454,355.05783081054688,356.45941162109375,0.000244140625,none,0,3.072480477999985,3.0719589999999921,0.00016975421872261824,295906,984,0.162641017,0.029270224000000001,0.19191704400000001,true,branched,
984,1969,181,1206,915,3183,t_z_409_408_3,z,0.999,0.999,356.8223876953125,0,356.8223876953125,356.61836103499428,0.18255139346868865,355.42108154296875,356.8223876953125,0.000762939453125,none,0,3.072480477999985,3.0719589999999921,0.00016975421872261824,295909,985,0.16158873800000001,0.029284112000000001,0.19087882,true,branched,
985,1971,182,1205,560,2111,t_z_280_279_3,z,0.99899999999999989,0.99899999999999989,357.18511962890625,0,357.18511962890625,356.98136406736256,0.18251227968921627,355.78451538085938,357.18511962890625,0.005950927734375,none,0,3.072480477999985,3.0719589999999921,0.00016975421872261824,295909,986,0.16243679,0.029249862000000001,0.19169290999999999,true,branched,
986,1973,183,1198,821,2775,t_z_357_356_3,z,0.15243985783508629,0.15243985783508629,357.54241943359375,0,357.54241943359375,357.34333159330492,0.18250395171312961,356.147705078125,357.54241943359375,0.00128173828125,none,0,3.072480477999985,3.0719589999999921,0.00016975421872261824,295910,987,0.16305272100000001,0.029448406,0.192506078,true,branched,
987,1818,162,1169,354,953,t_z_44_41_0,z,0.013596998473880184,0.013596998473880184,357.96221923828125,0,357.96221923828125,357.72021202433302,0.18132698908346376,356.52682495117188,357.96221923828125,0.01287841796875,none,0,3.072480477999985,3.0719589999999921,0.00016975421872261824,296412,988,0.159862378,0.030406727000000001,0.19027469899999999,true,branched,
988,1977,163,1167,394,1257,t_z_108_107_0,z,0.99933333333333341,0.99933333333333341,358.24118041992188,0,358.24118041992188,358.01131401944588,0.18133778334894443,356.81851196289062,358.24118041992188,0.00360107421875,none,0,3.072480477999985,3.0719589999999921,0.00016975421872261824,296415,989,0.159522728,0.028726844000000001,0.18825499800000001,true,branched,
989,1979,164,1166,584,2235,t_z_294_293_1,z,0.80027988804478212,0.80027988804478212,358.61297607421875,0,358.61297607421875,358.38639575048745,0.18119340617749327,357.19390869140625,358.61297607421875,0.004791259765625,none,0,3.072480477999985,3.0719589999999921,0.00016975421872261824,296416,990,0.15988809300000001,0.028625747999999999,0.18851883699999999,true,branched,
990,1980,165,1169,964,3688,t_z_236_464_0,z,0.030777074424908957,0.030777074424908957,358.983642578125,0,358.983642578125,358.76183400672147,0.18065237277462209,357.56918334960938,358.983642578125,0.001617431640625,none,0,3.072480477999985,3.0719589999999921,0.00016975421872261824,296427,991,0.15887135199999999,0.028753574,0.187629989,true,branched,
991,1982,166,1167,661,2360,t_z_310_311_0,z,0.92114719030933678,0.92114719030933678,359.357666015625,0,359.357666015625,359.13694563132634,0.1806714144943409,357.94454956054688,359.357666015625,0.003326416015625,none,0,3.072480477999985,3.0719589999999921,0.00016975421872261824,296430,992,0.16011177200000001,0.028622089,0.188742418,true,branched,
992,1985,167,1165,363,985,t_z_50_49_0,z,0.999,0.999,359.72970581054688,0,359.72970581054688,359.51167049817263,0.18106353383386647,358.31991577148438,359.72970581054688,0.000213623046875,none,0,3.072480477999985,3.0719589999999921,0.00016975421872261824,296431,993,0.15771364199999999,0.028534800999999999,0.186253524,true,branched,
993,1987,168,1164,840,3078,t_z_393_394_3,z,0.031530701501679914,0.031530701501679914,360.10491943359375,0,360.10491943359375,359.88683853935947,0.18119110129262869,358.69528198242188,360.10491943359375,0.00506591796875,none,0,3.072480477999985,3.0719589999999921,0.00016975421872261824,296433,994,0.15798227000000001,0.028568920000000001,0.186557894,true,branched,
994,1989,169,1194,531,1894,t_z_399_529_3,z,0.089022151842672481,0.089022151842672481,360.509765625,0,360.509765625,360.26197342097856,0.17966096576931395,359.07180786132812,360.509765625,0.0355224609375,none,0,3.072480477999985,3.0719589999999921,0.00016975421872261824,296494,995,0.163142011,0.028898933000000002,0.19205008100000001,true,branched,
995,1990,170,1175,713,2526,t_z_328_329_3,z,0.00099999999999997205,0.00099999999999997205,360.85211181640625,0,360.85211181640625,360.63171467233212,0.18063328232608666,359.44223022460938,360.85211181640625,0.0057373046875,none,0,3.072480477999985,3.0719589999999921,0.00016975421872261824,296522,996,0.16137291500000001,0.028870643000000001,0.19024987700000001,true,branched,
996,1993,171,1174,439,1483,t_z_161_27_1,z,0.63543669617539855,0.63543669617539855,361.21865844726562,0,361.21865844726562,361.00344123385429,0.18058762326463604,359.81427001953125,361.21865844726562,0.0003662109375,none,0,3.072480477999985,3.0719589999999921,0.00016975421872261824,296523,997,0.16130145800000001,0.028862632999999999,0.19017097799999999,true,branched,
997,1995,172,1173,735,2579,t_z_334_81_1,z,0.31962070361051165,0.31962070361051165,361.59075927734375,0,361.59075927734375,361.37368470018782,0.1804804189093171,360.1851806640625,361.59075927734375,0.0018310546875,none,0,3.072480477999985,3.0719589999999921,0.00016975421872261824,296527,998,0.15823477399999999,0.028901646999999999,0.18714214700000001,true,branched,
998,1996,173,1126,450,1593,t_z_191_190_0,z,0.0082181603050577312,0.0082181603050577312,362.04708862304688,0,362.04708862304688,361.74270795208946,0.18614264405683806,360.55252075195312,362.04708862304688,0.073394775390625,none,0,3.072480477999985,3.0719589999999921,0.00016975421872261824,296844,999,0.157708342,0.028011978999999999,0.18572548699999999,true,branched,
999,1999,174,1135,523,2123,t_z_281_120_1,z,0.0017997597116538033,0.0017997597116538033,362.34060668945312,0,362.34060668945312,362.10780419169021,0.18698387550998261,360.91159057617188,362.34060668945312,0.010498046875,none,0,3.072480477999985,3.0719589999999921,0.00016975421872261824,296952,1000,0.159188784,0.028288214999999999,0.187484123,true,branched,
1000,2000,175,1140,993,3959,t_z_480_478_3,z,0.999,0.999,362.6983642578125,0,362.6983642578125,362.47573180616945,0.1865118664834276,361.279541015625,362.6983642578125,0.002288818359375,none,0,3.072480477999985,3.0719589999999921,0.00016975421872261824,296956,1001,0.15601063300000001,0.028452488000000001,0.18446826499999999,true,branched,
1001,2003,176,1139,1111,4367,t_z_95_94_3,z,0.34012261958824552,0.34012261958824552,363.06427001953125,0,363.06427001953125,362.84361606025192,0.18649735535136863,361.64773559570312,363.06427001953125,0.00830078125,none,0,3.072480477999985,3.0719589999999921,0.00016975421872261824,296956,1002,0.15684226100000001,0.028302167,0.18515126700000001,true,branched,
1002,2005,177,1141,694,2508,t_z_27_327_2,z,0.84714615812401461,0.84714615812401461,363.42349243164062,0,363.42349243164062,363.21080732554537,0.18767779394056927,362.01483154296875,363.42349243164062,0.002288818359375,none,0,3.072480477999985,3.0719589999999921,0.00016975421872261824,296959,1003,0.15757499799999999,0.028255888,0.185835112,true,branched,
1003,2007,178,1142,813,3026,t_z_216_388_1,z,0.0014999999999999458,0.0014999999999999458,363.7891845703125,0,363.7891845703125,363.57848252598751,0.18767827922182781,362.382568359375,363.7891845703125,0.00030517578125,none,0,3.072480477999985,3.0719589999999921,0.00016975421872261824,296964,1004,0.15738637899999999,0.028529525,0.18592086599999999,true,branched,
1004,2009,179,1196,470,1510,t_z_35_393_3,z,0.0020000000000000018,0.0020000000000000018,364.15402221679688,0,364.15402221679688,363.9430258250157,0.18862528993637365,362.75454711914062,364.15402221679688,0.00079345703125,none,0,3.072480477999985,3.0719589999999921,0.00016975421872261824,297038,1005,0.162324469,0.029463538000000001,0.19179379299999999,true,branched,
1005,2010,180,1198,874,3063,t_z_392_391_3,z,0.88858981523462077,0.88858981523462077,364.51608276367188,0,364.51608276367188,364.30577133255133,0.18800905719890593,363.11862182617188,364.51608276367188,6.103515625e-05,none,0,3.072480477999985,3.0719589999999921,0.00016975421872261824,297056,1006,0.16210318300000001,0.029323311000000001,0.191432197,true,branched,
1006,2013,181,1197,326,720,t_m_180_0,m,0.00066666666666659324,0.00066666666666659324,364.87921142578125,0,364.87921142578125,364.66874288178127,0.18797321126940644,363.48190307617188,364.87921142578125,0.001953125,none,0,3.072480477999985,3.0719589999999921,0.00016975421872261824,297059,1007,0.16010706599999999,0.029253568000000001,0.189365745,true,branched,
1007,2015,182,1198,598,2183,t_z_287_286_3,z,0.9987499999999998,0.9987499999999998,365.23983764648438,0,365.23983764648438,365.03121206955439,0.18791725292074205,363.84735107421875,365.23983764648438,0.0023193359375,none,0,3.072480477999985,3.0719589999999921,0.00016975421872261824,297087,1008,0.160960083,0.029477646,0.190442836,true,branched,
1008,2017,183,1196,564,2111,t_z_280_279_3,z,0.99899999999999989,0.99899999999999989,365.60079956054688,0,365.60079956054688,365.3941985420559,0.18772953865379918,364.21041870117188,365.60079956054688,6.103515625e-05,none,0,3.072480477999985,3.0719589999999921,0.00016975421872261824,297093,1009,0.159879152,0.029267307999999999,0.18915179400000001,true,branched,
1009,1976,163,1169,395,1257,t_z_108_107_0,z,0.99933333333333341,0.99933333333333341,365.96694946289062,0,365.96694946289062,365.7353805659468,0.18128603105130464,364.54159545898438,365.96694946289062,0.005340576171875,none,0,3.072480477999985,3.0719589999999921,0.00016975421872261824,297550,1010,0.159613898,0.028790517000000002,0.188410311,true,branched,
1010,2021,164,1168,586,2235,t_z_294_293_1,z,0.80027988804478212,0.80027988804478212,366.25335693359375,0,366.25335693359375,366.0267358283474,0.18119115861276178,364.83331298828125,366.25335693359375,0.002716064453125,none,0,3.072480477999985,3.0719589999999921,0.00016975421872261824,297551,1011,0.158222525,0.028667077999999999,0.18689550199999999,true,branched,
1011,2022,165,1171,663,2360,t_z_310_311_0,z,0.92081264900998816,0.92081264900998816,366.6260986328125,0,366.6260986328125,366.40217742789616,0.18065030127416901,365.20858764648438,366.6260986328125,0.0020751953125,none,0,3.072480477999985,3.0719589999999921,0.00016975421872261824,297562,1012,0.159313335,0.028619001000000002,0.18794076600000001,true,branched,
1012,2025,166,1169,964,3688,t_z_236_464_0,z,0.02951687315733853,0.02951687315733853,366.99948120117188,0,366.99948120117188,366.77693866765634,0.18103337989912685,365.58401489257812,366.99948120117188,0.003875732421875,none,0,3.072480477999985,3.0719589999999921,0.00016975421872261824,297563,1013,0.15848125099999999,0.028741355,0.18722738899999999,true,branched,
1013,2026,167,1167,364,985,t_z_50_49_0,z,0.999,0.999,367.37106323242188,0,367.37106323242188,367.15203909722783,0.18104885329235126,365.95941162109375,367.37106323242188,0.00115966796875,none,0,3.072480477999985,3.0719589999999921,0.00016975421872261824,297566,1014,0.157361631,0.028645832,0.186012554,true,branched,
1014,2029,168,1166,842,3078,t_z_393_394_3,z,0.031699452632716785,0.031699452632716785,367.74533081054688,0,367.74533081054688,367.52718807370951,0.1811737409587314,366.33474731445312,367.74533081054688,0.00323486328125,none,0,3.072480477999985,3.0719589999999921,0.00016975421872261824,297567,1015,0.15862564900000001,0.028614989,0.18724904000000001,true,branched,
1015,2031,169,1199,536,1894,t_z_399_529_3,z,0.087533588627343034,0.087533588627343034,368.1513671875,0,368.1513671875,367.90335856764591,0.17960120320211051,366.7120361328125,368.1513671875,0.0333251953125,none,0,3.072480477999985,3.0719589999999921,0.00016975421872261824,297630,1016,0.15917542900000001,0.029167578999999999,0.18835083399999999,true,branched,
1016,2032,170,1190,451,1483,t_z_161_27_1,z,0.63479717126492252,0.63479717126492252,368.4937744140625,0,368.4937744140625,368.27666092560071,0.18028522274496489,367.08584594726562,368.4937744140625,0.003143310546875,none,0,3.072480477999985,3.0719589999999921,0.00016975421872261824,297657,1017,0.15828461999999999,0.028817499,0.18710897300000001,true,branched,
1017,2035,171,1188,747,2579,t_z_334_81_1,z,0.31728196644838758,0.31728196644838758,368.86825561523438,0,368.86825561523438,368.65163092821939,0.18022678663681285,367.46160888671875,368.86825561523438,0.002105712890625,none,0,3.072480477999985,3.0719589999999921,0.00016975421872261824,297661,1018,0.15697435100000001,0.028960626,0.18594259599999999,true,branched,
1018,2036,172,1169,479,1593,t_z_191_190_0,z,0.0035000000000000586,0.0035000000000000586,369.30926513671875,0,369.30926513671875,369.02249466608077,0.18392912374291551,367.83432006835938,369.30926513671875,0.0045166015625,none,0,3.072480477999985,3.0719589999999921,0.00016975421872261824,297840,1019,0.162948065,0.028590603999999999,0.19154728900000001,true,branched,
1019,2039,173,1163,385,1135,t_z_81_80_3,z,0.053066810767357975,0.053066810767357975,369.6767578125,0,369.6767578125,369.39431594756792,0.18357859287412145,368.19528198242188,369.6767578125,0.065704345703125,none,0,3.072480477999985,3.0719589999999921,0.00016975421872261824,297930,1020,0.160437885,0.028351811000000001,0.188794823,true,branched,
1020,2041,174,1162,1140,4362,t_z_94_95_1,z,0.13855680875766163,0.13855680875766163,369.983154296875,0,369.983154296875,369.76607709086903,0.18343264038149948,368.56744384765625,369.983154296875,0.000823974609375,none,0,3.072480477999985,3.0719589999999921,0.00016975421872261824,297932,1021,0.157916841,0.028270980000000001,0.18619602099999999,true,branched,
1021,2043,175,1165,803,2731,t_z_351_68_1,z,0.99933333333333318,0.99933333333333318,370.35421752929688,0,370.35421752929688,370.1379825968599,0.18383476620025579,368.94094848632812,370.35421752929688,0.000518798828125,none,0,3.072480477999985,3.0719589999999921,0.00016975421872261824,297940,1022,0.15670281799999999,0.028496540000000001,0.185204338,true,branched,
1022,2045,176,1160,685,2375,t_z_312_311_3,z,0.98048947142456755,0.98048947142456755,370.72418212890625,0,370.72418212890625,370.50773044454638,0.18394182061042136,369.31124877929688,370.72418212890625,0.003143310546875,none,0,3.072480477999985,3.0719589999999921,0.00016975421872261824,297941,1023,0.15728957099999999,0.028282636999999999,0.185577774,true,branched,
1023,2047,177,1158,395,1195,t_z_98_97_1,z,0.1340039152216197,0.1340039152216197,371.08895874023438,0,371.08895874023438,370.87553355689698,0.18396557560781254,369.67916870117188,371.08895874023438,0.00054931640625,none,0,3.072480477999985,3.0719589999999921,0.00016975421872261824,297942,1024,0.157423972,0.028320557999999999,0.185749308,true,branched,
1024,2049,178,1151,739,2617,t_z_341_340_0,z,0.999,0.999,371.45632934570312,0,371.45632934570312,371.24277207998477,0.18421888239105683,370.04571533203125,371.45632934570312,0.001434326171875,none,0,3.072480477999985,3.0719589999999921,0.00016975421872261824,297964,1025,0.15745673199999999,0.028203217999999999,0.185667426,true,branched,
1025,2050,179,1150,822,3026,t_z_216_388_1,z,0.0014999999999999458,0.0014999999999999458,371.82284545898438,0,371.82284545898438,371.61020621921705,0.18407702292163988,370.41363525390625,371.82284545898438,0.00286865234375,none,0,3.072480477999985,3.0719589999999921,0.00016975421872261824,297966,1026,0.15547768300000001,0.028271444999999999,0.18375420200000001,true,branched,
1026,2053,180,1138,562,2183,t_z_287_286_3,z,0.99875000000000003,0.99875000000000003,372.18780517578125,0,372.18780517578125,371.97546542256492,0.1843604355731962,370.7847900390625,372.18780517578125,0.001861572265625,none,0,3.072480477999985,3.0719589999999921,0.00016975421872261824,298029,1027,0.159775416,0.028213815,0.18799449100000001,true,branched,
1027,2055,181,1137,299,720,t_m_180_0,m,0.0010000000000000009,0.0010000000000000009,372.55380249023438,0,372.55380249023438,372.34265069617652,0.18461125814672441,371.152587890625,372.55380249023438,0.0013427734375,none,0,3.072480477999985,3.0719589999999921,0.00016975421872261824,298031,1028,0.16715201499999999,0.028171145000000002,0.195329367,true,branched,
1028,1981,165,1168,660,2360,t_z_310_311_0,z,0.92203637540566896,0.92203637540566896,372.897216796875,0,372.897216796875,372.67087084626496,0.18077690242222141,371.47760009765625,372.897216796875,0.00384521484375,none,0,3.072480477999985,3.0719589999999921,0.00016975421872261824,298615,1029,0.16070320399999999,0.028766696000000001,0.18947676799999999,true,branched,
1029,2059,166,1166,961,3688,t_z_236_464_0,z,0.030361239244474536,0.030361239244474536,373.18505859375,0,373.18505859375,372.9619216788081,0.1811515249866851,371.76931762695312,373.18505859375,0.003021240234375,none,0,3.072480477999985,3.0719589999999921,0.00016975421872261824,298616,1030,0.158952653,0.028618434000000002,0.18757601400000001,true,branched,
1030,2060,167,1164,363,985,t_z_50_49_0,z,0.999,0.999,373.55755615234375,0,373.55755615234375,373.33702194895534,0.18116851012656066,372.14471435546875,373.55755615234375,0.00201416015625,none,0,3.072480477999985,3.0719589999999921,0.00016975421872261824,298619,1031,0.15764218899999999,0.028687667,0.186335431,true,branched,
1031,2063,168,1163,839,3078,t_z_393_394_3,z,0.031391788858968983,0.031391788858968983,373.93096923828125,0,373.93096923828125,373.71215164302652,0.18129197983487061,372.52008056640625,373.93096923828125,0.00103759765625,none,0,3.072480477999985,3.0719589999999921,0.00016975421872261824,298620,1032,0.15819277800000001,0.028805457999999999,0.187004273,true,branched,
1032,2065,169,1192,531,1894,t_z_399_529_3,z,0.089094797802489745,0.089094797802489745,374.33706665039062,0,374.33706665039062,374.08787526380297,0.17971077541508906,372.89739990234375,374.33706665039062,0.031219482421875,none,0,3.072480477999985,3.0719589999999921,0.00016975421872261824,298685,1033,0.16409544500000001,0.029176968000000001,0.193280218,true,branched,
1033,2066,170,1192,449,1483,t_z_161_27_1,z,0.64036798983700094,0.64036798983700094,374.68136596679688,0,374.68136596679688,374.46305716597794,0.17960827072492219,373.272705078125,374.68136596679688,0.000518798828125,none,0,3.072480477999985,3.0719589999999921,0.00016975421872261824,298688,1034,0.16844381999999999,0.029062369000000001,0.19751247199999999,true,branched,
1034,2069,171,1176,603,2242,t_z_294_295_1,z,0.31167432716103005,0.31167432716103005,375.056640625,0,375.056640625,374.83788852302393,0.18003830982612221,373.6483154296875,375.056640625,0.004364013671875,none,0,3.072480477999985,3.0719589999999921,0.00016975421872261824,298701,1035,0.16117588499999999,0.029268229999999999,0.19045155999999999,true,branched,
1035,2071,172,1194,531,1779,t_z_232_142_1,z,0.9993333333333333,0.9993333333333333,375.55569458007812,0,375.55569458007812,375.21857492009201,0.18083307435504242,374.03427124023438,375.55569458007812,0.09149169921875,none,0,3.072480477999985,3.0719589999999921,0.00016975421872261824,299548,1036,0.15996676500000001,0.0290148,0.18898795199999999,true,branched,
1036,2073,173,1190,1164,4362,t_z_94_95_1,z,0.020660507183840049,0.020660507183840049,375.83981323242188,0,375.83981323242188,375.59369976139868,0.18072955669156018,374.4095458984375,375.83981323242188,0.01910400390625,none,0,3.072480477999985,3.0719589999999921,0.00016975421872261824,299549,1037,0.15975693799999999,0.029014811000000001,0.188780792,true,branched,
1037,2075,174,1208,433,1229,t_z_103_98_2,z,0.91751286081858585,0.91751286081858585,376.19357299804688,0,376.19357299804688,375.96727891631474,0.17992882362402396,374.78390502929688,376.19357299804688,0.006072998046875,none,0,3.072480477999985,3.0719589999999921,0.00016975421872261824,299589,1038,0.16119166900000001,0.029247888999999999,0.19044443899999999,true,branched,
1038,2077,175,1256,836,2632,t_z_342_343_0,z,0.0015531805391532094,0.0015531805391532094,376.58148193359375,0,376.58148193359375,376.34138114589035,0.17846953238272353,375.1552734375,376.58148193359375,0.0201416015625,none,0,3.072480477999985,3.0719589999999921,0.00016975421872261824,299640,1039,0.16415854599999999,0.030346093000000001,0.194511456,true,branched,
1039,2079,176,1254,1021,3620,t_z_537_538_2,z,0.96860273253743356,0.96860273253743356,376.9337158203125,0,376.9337158203125,376.71254096266944,0.18018343249605959,375.52508544921875,376.9337158203125,0.00494384765625,none,0,3.072480477999985,3.0719589999999921,0.00016975421872261824,299662,1040,0.16561099300000001,0.030170237999999999,0.19579086000000001,true,branched,
1040,2080,177,1240,1093,3959,t_z_480_478_3,z,0.999,0.999,377.30087280273438,0,377.30087280273438,377.08220261604555,0.18052895760951021,375.90341186523438,377.30087280273438,0.001495361328125,none,0,3.072480477999985,3.0719589999999921,0.00016975421872261824,299747,1041,0.16252961499999999,0.029764274,0.19230386799999999,true,branched,
1041,2083,178,1239,871,2731,t_z_351_68_1,z,0.90788125872148617,0.90788125872148617,377.6717529296875,0,377.6717529296875,377.45426072681789,0.18048946520139938,376.27581787109375,377.6717529296875,0.004974365234375,none,0,3.072480477999985,3.0719589999999921,0.00016975421872261824,299747,1042,0.16320785099999999,0.029716981999999999,0.19293022800000001,true,branched,
1042,2085,179,1263,834,2617,t_z_341_340_0,z,0.90763811621374102,0.90763811621374102,378.04141235351562,0,378.04141235351562,377.8273149914715,0.17943124397412205,376.64773559570312,378.04141235351562,0.003265380859375,none,0,3.072480477999985,3.0719589999999921,0.00016975421872261824,299774,1043,0.16335195399999999,0.030299131999999999,0.19366140100000001,true,branched,
1043,2086,180,1262,765,2375,t_z_312_311_3,z,0.997,0.997,378.40625,0,378.40625,378.19468147289922,0.17928299948216869,377.01553344726562,378.40625,0.0010986328125,none,0,3.072480477999985,3.0719589999999921,0.00016975421872261824,299781,1044,0.16515121699999999,0.030226658,0.195387435,true,branched,
1044,2089,181,1262,893,2770,t_z_356_357_1,z,0.11647706102087996,0.11647706102087996,378.77310180664062,0,378.77310180664062,378.56230451339019,0.17917790864834832,377.38348388671875,378.77310180664062,0.003265380859375,none,0,3.072480477999985,3.0719589999999921,0.00016975421872261824,299784,1045,0.163637913,0.031710294999999999,0.19535565199999999,true,branched,
1045,2090,182,1262,1124,4021,t_z_192_191_2,z,0.74728689723109998,0.74728689723109998,379.13775634765625,0,379.13775634765625,378.93001784915589,0.17901724261418517,377.7513427734375,379.13775634765625,0.001800537109375,none,0,3.072480477999985,3.0719589999999921,0.00016975421872261824,299785,1046,0.164526544,0.030246426999999999,0.19477898599999999,true,branched,
1046,2092,183,1270,824,2579,t_z_334_81_1,z,0.35921691542573064,0.35921691542573064,379.50543212890625,0,379.50543212890625,379.2977572223333,0.17980560047902081,378.11929321289062,379.50543212890625,0.0052490234375,none,0,3.072480477999985,3.0719589999999921,0.00016975421872261824,299819,1047,0.16619873900000001,0.030277551,0.19648211199999999,true,branched,
1047,1823,164,1164,395,1257,t_z_108_107_0,z,0.99933333333333341,0.99933333333333341,379.80972290039062,0,379.80972290039062,379.57513876059619,0.18076840211242287,378.37994384765625,379.80972290039062,0.004913330078125,none,0,3.072480477999985,3.0719589999999921,0.00016975421872261824,300498,1048,0.15989177399999999,0.028709379,0.188607202,true,branched,
1048,2097,165,1163,658,2360,t_z_310_311_0,z,0.9215074237406764,0.9215074237406764,380.09671020507812,0,380.09671020507812,379.86654762799435,0.1806173055503463,378.67169189453125,380.09671020507812,0.0072021484375,none,0,3.072480477999985,3.0719589999999921,0.00016975421872261824,300499,1049,0.16156959900000001,0.028678722,0.190253377,true,branched,
1049,1,0,1177,611,1807,t_z_530_528_3,z,0.67585220468735652,0.67585220468735652,-260.79193115234375,0,-260.79193115234375,-262.26105589368331,0.98009568126969127,-266.41275024414062,-260.79193115234375,0.030517578125,none,0,3.0724804780000006,3.071958999999993,0.00016975421872738873,365577,1,0.193017468,0.031091751000000001,0.22411449,true,branched,
1050,3,1,1177,453,1057,t_z_488_487_0,z,0.99949999999999961,0.99949999999999961,-260.32650756835938,0,-260.32650756835938,-261.60605128052487,0.73937350563298532,-264.79885864257812,-260.32650756835938,0.0758056640625,none,0,3.0724804780000006,3.071958999999993,0.00016975421872738873,365579,2,0.16296708800000001,0.02828085,0.19125514599999999,true,branched,
1051,5,2,1177,886,2784,t_z_81_85_0,z,0.11246472290678244,0.11246472290678244,-259.68231201171875,0,-259.68231201171875,-260.88867807185738,0.73830340943420869,-264.07931518554688,-259.68231201171875,0.03375244140625,none,0,3.0724804780000006,3.071958999999993,0.00016975421872738873,365580,3,0.16213960599999999,0.028060697999999999,0.19020553600000001,true,branched,
1052,6,3,1209,1183,3959,t_z_480_478_3,z,0.66905874607874449,0.66905874607874449,-258.98983764648438,0,-258.98983764648438,-260.1461942939348,0.74236365956865524,-263.3564453125,-258.98983764648438,0.0225830078125,none,0,3.0724804780000006,3.071958999999993,0.00016975421872738873,365663,4,0.16282444400000001,0.028164720000000001,0.190994513,true,branched,
1053,9,4,1190,632,1847,t_z_545_544_3,z,0.66666666666666674,0.66666666666666674,-258.29345703125,0,-258.29345703125,-259.43838801023338,0.74050682084727915,-262.63656616210938,-258.29345703125,0.006622314453125,none,0,3.0724804780000006,3.071958999999993,0.00016975421872738873,365696,5,0.162015676,0.027847625000000001,0.18986851900000001,true,branched,
1054,8,4,1204,1175,3950,t_z_478_479_3,z,0.00066666666666670427,0.00066666666666670427,-257.02279663085938,0,-257.02279663085938,-258.22802853505078,0.74844947390691541,-261.43338012695312,-257.02279663085938,0.05169677734375,none,0,3.0724804780000006,3.071958999999993,0.00016975421872738873,365770,6,0.16534658899999999,0.027758211000000001,0.19311033,true,branched,
1055,12,5,1202,631,1847,t_z_545_544_3,z,0.71025247483898246,0.71025247483898246,-256.68820190429688,0,-256.68820190429688,-257.84426369563909,0.74743673796238552,-261.04751586914062,-256.68820190429688,0.00653076171875,none,0,3.0724804780000006,3.071958999999993,0.00016975421872738873,365771,7,0.16184663799999999,0.027697527999999999,0.18954957,true,branched,
1056,15,6,1201,276,537,t_m_134_1,m,0.00014583333333367809,0.00014583333333367809,-255.98564147949219,0,-255.98564147949219,-257.12622816100111,0.74525178328509589,-260.32797241210938,-255.98564147949219,0.00714111328125,none,0,3.0724804780000006,3.071958999999993,0.00016975421872738873,365773,8,0.161503017,0.027803079000000001,0.189314016,true,branched,
1057,16,7,1198,582,1613,t_z_514_323_2,z,0.93368294340121327,0.93368294340121327,-255.2728271484375,0,-255.2728271484375,-256.40738655052121,0.74494241909643777,-259.60870361328125,-255.2728271484375,0.0019378662109375,none,0,3.0724804780000006,3.071958999999993,0.00016975421872738873,365775,9,0.163979394,0.027845347999999999,0.19183066300000001,true,branched,
1058,19,8,1196,577,1609,t_z_514_323_0,z,0.26593166117228484,0.26593166117228484,-254.56219482421875,0,-254.56219482421875,-255.6937195385579,0.74346069428364381,-258.889892578125,-254.56219482421875,0.0011138916015625,none,0,3.0724804780000006,3.071958999999993,0.00016975421872738873,365791,10,0.16290940500000001,0.027746164,0.19066091600000001,true,branched,
1059,21,9,1195,159,302,t_m_75_2,m,0.0010000000000000009,0.0010000000000000009,-253.84335327148438,0,-253.84335327148438,-254.97589923427694,0.74291472754029353,-258.17034912109375,-253.84335327148438,9.1552734375e-05,none,0,3.0724804780000006,3.071958999999993,0.00016975421872738873,365792,11,0.15990079700000001,0.027540861,0.18744680599999999,true,branched,
1060,22,10,1224,464,1062,t_z_487_488_3,z,0.0015000000000001679,0.0015000000000001679,-253.11993408203125,0,-253.11993408203125,-254.31202079423892,0.80594688237784251,-258.25927734375,-253.11993408203125,0.00054931640625,none,0,3.0724804780000006,3.071958999999993,0.00016975421872738873,365931,12,0.17767764,0.028545844000000001,0.20623133799999999,true,branched,
1061,25,11,1240,495,1190,t_z_7_487_3,z,0.0020000000000000018,0.0020000000000000018,-252.26841735839844,0,-252.26841735839844,-253.6032676819832,0.8330335996700432,-257.53036499023438,-252.26841735839844,0.0223388671875,none,0,3.0724804780000006,3.071958999999993,0.00016975421872738873,366022,13,0.16337043600000001,0.030221741999999999,0.193597359,true,branched,
1062,26,12,1239,493,1187,t_z_487_7_1,z,0.49899999999999989,0.49899999999999989,-251.57073974609375,0,-251.57073974609375,-252.88513195909158,0.83222839815299698,-256.81069946289062,-251.57073974609375,0.0019073486328125,none,0,3.0724804780000006,3.071958999999993,0.00016975421872738873,366023,14,0.16379290399999999,0.028734729000000001,0.192533122,true,branched,
1063,24,11,1223,473,1126,t_z_489_490_3,z,0.00033333333333329662,0.00033333333333329662,-250.09396362304688,0,-250.09396362304688,-251.29484185057396,0.82684444749445341,-255.23393249511719,-250.09396362304688,0.000457763671875,none,0,3.0724804780000006,3.071958999999993,0.00016975421872738873,376026,15,0.173177462,0.029736446999999999,0.202920929,true,branched,
1064,30,12,1221,487,1190,t_z_7_487_3,z,0.00049999999999983391,0.00049999999999983391,-249.70858764648438,0,-249.70858764648438,-250.91083394768393,0.82612188699040334,-254.84765625,-249.70858764648438,3.0517578125e-05,none,0,3.0724804780000006,3.071958999999993,0.00016975421872738873,376027,16,0.16599449199999999,0.028506068999999998,0.194505864,true,branched,
1065,32,13,1220,481,1166,t_z_488_489_3,z,0.0010000000000000009,0.0010000000000000009,-248.95758056640625,0,-248.95758056640625,-250.15811068425413,0.82347635747051484,-254.08500671386719,-248.95758056640625,0.000518798828125,none,0,3.0724804780000006,3.071958999999993,0.00016975421872738873,376028,17,0.162717746,0.029849489999999999,0.19257649199999999,true,branched,
1066,35,14,1253,502,1187,t_z_487_7_1,z,0.5,0.5,-248.07659912109375,0,-248.07659912109375,-249.38962952536957,0.8320457092696808,-253.30622863769531,-248.07659912109375,0.002197265625,none,0,3.0724804780000006,3.071958999999993,0.00016975421872738873,376151,18,0.16385149199999999,0.028876164999999999,0.19273654200000001,true,branched,
1067,34,14,1222,1057,3541,t_z_452_7_2,z,0.99950000000000006,0.99950000000000006,-246.90422058105469,0,-246.90422058105469,-248.1148244729799,0.81833126829540237,-252.00596618652344,-246.90422058105469,0.012786865234375,none,0,3.0724804780000006,3.071958999999993,0.00016975421872738873,376160,19,0.163391166,0.029231225,0.19262842599999999,true,branched,
1068,39,15,1222,842,2623,t_z_341_340_3,z,0.0010000000000000009,0.0010000000000000009,-246.49165344238281,0,-246.49165344238281,-247.6837540172321,0.81570664011351934,-251.56837463378906,-246.49165344238281,0.0269317626953125,none,0,3.0724804780000006,3.071958999999993,0.00016975421872738873,376161,20,0.164699187,0.028435384000000001,0.19314010400000001,true,branched,
1069,41,16,1214,475,1141,t_z_491_490_2,z,0.0015000000000000568,0.0015000000000000568,-245.713623046875,0,-245.713623046875,-246.8868767425688,0.82007439564821127,-250.76176452636719,-245.713623046875,0.003875732421875,none,0,3.0724804780000006,3.071958999999993,0.00016975421872738873,376188,21,0.16283668600000001,0.028411937000000002,0.19125550999999999,true,branched,
1070,43,17,1215,479,1165,t_z_489_488_2,z,0.0015000000000000568,0.0015000000000000568,-244.88285827636719,0,-244.88285827636719,-246.05054250960487,0.8191276197423214,-249.9228515625,-244.88285827636719,0.00018310546875,none,0,3.0724804780000006,3.071958999999993,0.00016975421872738873,376191,22,0.16487185300000001,0.028282246,0.19316271099999999,true,branched,
1071,45,18,1214,1054,3538,t_z_7_452_1,z,0.36224827446711927,0.36224827446711927,-244.02212524414062,0,-244.02212524414062,-245.19223415871232,0.81790833159568044,-249.06221008300781,-244.02212524414062,0.001220703125,none,0,3.0724804780000006,3.071958999999993,0.00016975421872738873,376195,23,0.163904879,0.028568584000000001,0.19248036600000001,true,branched,
1072,46,19,1214,1043,3169,t_z_407_406_0,z,0.00087500000000007017,0.00087500000000007017,-243.16264343261719,0,-243.16264343261719,-244.33219336520702,0.81740780626616516,-248.20176696777344,-243.16264343261719,0.0009307861328125,none,0,3.0724804780000006,3.071958999999993,0.00016975421872738873,376196,24,0.16171637899999999,0.028426475999999999,0.19014925699999999,true,branched,
1073,49,20,1222,1207,3999,t_z_507_354_3,z,0.78936945720333429,0.78936945720333429,-242.2142333984375,0,-242.2142333984375,-243.47216231225946,0.81348387960322155,-247.44706726074219,-242.2142333984375,0.08740234375,none,0,3.0724804780000006,3.071958999999993,0.00016975421872738873,376393,25,0.16308799299999999,0.028474763,0.191570568,true,branched,
1074,51,21,1224,952,2943,t_z_512_508_3,z,0.999,0.999,-241.42678833007812,0,-241.42678833007812,-242.61060020347045,0.81308774167990694,-246.586669921875,-241.42678833007812,0.0139312744140625,none,0,3.0724804780000006,3.071958999999993,0.00016975421872738873,376398,26,0.163006754,0.028589329,0.19160201499999999,true,branched,
1075,48,20,1207,1192,3999,t_z_507_354_3,z,0.99977272727272737,0.99977272727272737,-239.7943115234375,0,-239.7943115234375,-240.97430618399909,0.82550008007758324,-244.96194458007812,-239.7943115234375,0.008514404296875,none,0,3.0724804780000006,3.071958999999993,0.00016975421872738873,376840,27,0.16451580800000001,0.028335039999999999,0.19285660499999999,true,branched,
1076,55,21,1206,610,1801,t_z_530_528_0,z,0.055468055292036134,0.055468055292036134,-239.35359191894531,0,-239.35359191894531,-240.5037601654407,0.82253552041099554,-244.48773193359375,-239.35359191894531,0.0061798095703125,none,0,3.0724804780000006,3.071958999999993,0.00016975421872738873,376841,28,0.161806282,0.028161234,0.18997340600000001,true,branched,
1077,57,22,1193,1170,3966,t_z_15_480_3,z,0.45480419313955034,0.45480419313955034,-238.55517578125,0,-238.55517578125,-239.68460112425427,0.80283455217415967,-243.62814331054688,-238.55517578125,0.024993896484375,none,0,3.0724804780000006,3.071958999999993,0.00016975421872738873,376862,29,0.16234206200000001,0.028039523,0.190387845,true,branched,
1078,58,23,1199,570,1584,t_z_155_337_0,z,0.999,0.999,-237.77508544921875,0,-237.77508544921875,-238.87446834764648,0.7861865395907367,-242.76533508300781,-237.77508544921875,0.0041961669921875,none,0,3.0724804780000006,3.071958999999993,0.00016975421872738873,376881,30,0.16411077700000001,0.028155282,0.192271788,true,branched,
1079,61,24,1198,818,2579,t_z_334_81_1,z,0.34770685676897761,0.34770685676897761,-236.97506713867188,0,-236.97506713867188,-238.07082878966165,0.78172027603646366,-241.90518188476562,-236.97506713867188,0.00244140625,none,0,3.0724804780000006,3.071958999999993,0.00016975421872738873,376882,31,0.16201175900000001,0.028106414,0.19012393299999999,true,branched,
1080,63,25,1202,998,3099,t_z_397_396_1,z,0.99959999999999993,0.99959999999999993,-236.16560363769531,0,-236.16560363769531,-237.27098276452494,0.78490370849079016,-241.04800415039062,-236.16560363769531,0.0068817138671875,none,0,3.0724804780000006,3.071958999999993,0.00016975421872738873,376888,32,0.16269832400000001,0.028305752,0.19101011300000001,true,branched,
1081,65,26,1200,1186,4000,t_z_167_464_0,z,0.66666666666666674,0.66666666666666674,-235.36819458007812,0,-235.36819458007812,-236.46923032124838,0.78235701390240886,-240.24420166015625,-235.36819458007812,0.016387939453125,none,0,3.0724804780000006,3.071958999999993,0.00016975421872738873,376890,33,0.16231752799999999,0.028292844000000001,0.19061609800000001,true,branched,
1082,67,27,1205,1131,3782,t_z_407_467_3,z,0.66666666666666674,0.66666666666666674,-234.58036804199219,0,-234.58036804199219,-235.66805621261912,0.78243649767526025,-239.44044494628906,-234.58036804199219,0.0001068115234375,none,0,3.0724804780000006,3.071958999999993,0.00016975421872738873,376894,34,0.162310381,0.028148368999999999,0.19046834500000001,true,branched,
1083,69,28,1205,659,2111,t_z_280_279_3,z,0.60907330965816808,0.60907330965816808,-233.77629089355469,0,-233.77629089355469,-234.86530773115356,0.78176636147637735,-238.63670349121094,-233.77629089355469,0.0163116455078125,none,0,3.0724804780000006,3.071958999999993,0.00016975421872738873,376896,35,0.16343185299999999,0.02817619,0.19161793699999999,true,branched,
1084,70,29,1206,1002,3111,t_z_398_397_3,z,0.75,0.75,-232.98828125,0,-232.98828125,-234.06133095660613,0.78132013814845058,-237.83287048339844,-232.98828125,0.000274658203125,none,0,3.0724804780000006,3.071958999999993,0.00016975421872738873,376900,36,0.16301121299999999,0.028204915000000001,0.19122515800000001,true,branched,
1085,72,30,1213,1036,3166,t_z_405_406_3,z,0.74999999999999967,0.74999999999999967,-232.19345092773438,0,-232.19345092773438,-233.2541938398067,0.77310871757612165,-236.91395568847656,-232.19345092773438,0.0161895751953125,none,0,3.0724804780000006,3.071958999999993,0.00016975421872738873,376917,37,0.162795787,0.029625098999999998,0.19243010699999999,true,branched,
1086,75,31,1213,1163,3861,t_z_280_117_2,z,0.72726566388432767,0.72726566388432767,-231.42918395996094,0,-231.42918395996094,-232.46409681151943,0.76422809920780865,-236.11024475097656,-231.42918395996094,0.0042877197265625,none,0,3.0724804780000006,3.071958999999993,0.00016975421872738873,376919,38,0.162166057,0.028254062,0.19042953700000001,true,branched,
1087,77,32,1237,660,1876,t_z_207_515_2,z,0.0013333333333332975,0.0013333333333332975,-230.64071655273438,0,-230.64071655273438,-231.68104746887158,0.75771130142566878,-235.30476379394531,-230.64071655273438,0.0091094970703125,none,0,3.0724804780000006,3.071958999999993,0.00016975421872738873,376951,39,0.164050696,0.030332114,0.19438842100000001,true,branched,
1088,78,33,1234,648,1835,t_z_342_221_1,z,0.99963636363636366,0.99963636363636366,-229.86923217773438,0,-229.86923217773438,-230.90267061453005,0.75496793799945794,-234.50108337402344,-229.86923217773438,0.005645751953125,none,0,3.0724804780000006,3.071958999999993,0.00016975421872738873,376952,40,0.16462143000000001,0.029319151000000002,0.193950393,true,branched,
1089,81,34,1232,476,1044,t_z_329_341_2,z,0.99199999999999999,0.99199999999999999,-229.12738037109375,0,-229.12738037109375,-230.12975580042058,0.7503114395943814,-233.69741821289062,-229.12738037109375,0.0002288818359375,none,0,3.0724804780000006,3.071958999999993,0.00016975421872738873,376954,41,0.163292567,0.029420697999999999,0.19271925200000001,true,branched,
1090,83,35,1231,1015,3074,t_z_393_394_1,z,0.0012000000000000899,0.0012000000000000899,-228.401611328125,0,-228.401611328125,-229.38479599383282,0.73151859649931572,-232.91397094726562,-228.401611328125,0.0007171630859375,none,0,3.0724804780000006,3.071958999999993,0.00016975421872738873,376956,42,0.16487436599999999,0.029327506,0.194211669,true,branched,
1091,85,36,1227,566,1506,t_z_35_393_1,z,0.0020000000000000018,0.0020000000000000018,-227.61810302734375,0,-227.61810302734375,-228.65806652961365,0.7147372310015031,-232.13261413574219,-227.61810302734375,0.001373291015625,none,0,3.0724804780000006,3.071958999999993,0.00016975421872738873,377005,43,0.164193912,0.029916762,0.19412051399999999,true,branched,
1092,87,37,1225,652,1875,t_z_515_207_1,z,0.023383429747537154,0.023383429747537154,-226.89581298828125,0,-226.89581298828125,-227.93848857023278,0.71470674716035765,-231.35270690917969,-226.89581298828125,0.06011962890625,none,0,3.0724804780000006,3.071958999999993,0.00016975421872738873,377007,44,0.166455505,0.029274818000000001,0.19573685099999999,true,branched,
1093,89,38,1224,650,1873,t_z_515_207_0,z,0.0010000000000000009,0.0010000000000000009,-226.23223876953125,0,-226.23223876953125,-227.21609639186485,0.71319582188431241,-230.58076477050781,-226.23223876953125,0.0003662109375,none,0,3.0724804780000006,3.071958999999993,0.00016975421872738873,377009,45,0.16679965599999999,0.029242990999999999,0.19605071700000001,true,branched,
1094,84,36,1230,1017,3082,t_z_394_395_1,z,0.0010000000000001119,0.0010000000000001119,-224.68206787109375,0,-224.68206787109375,-225.65634815247077,0.71191978454097027,-229.02516174316406,-224.68206787109375,0.0016937255859375,none,0,3.0724804780000006,3.071958999999993,0.00016975421872738873,378961,46,0.16345943299999999,0.029711957000000001,0.19317843200000001,true,branched,
1095,93,37,1216,1124,3711,t_z_168_167_3,z,0.0048970281467767274,0.0048970281467767274,-224.23649597167969,0,-224.23649597167969,-225.26687630854155,0.71891002144295157,-228.73184204101562,-224.23649597167969,0.047088623046875,none,0,3.0724804780000006,3.071958999999993,0.00016975421872738873,379092,47,0.16325488199999999,0.029679494000000001,0.192943687,true,branched,
1096,95,38,1229,861,2592,t_z_382_481_0,z,0.15136029919646976,0.15136029919646976,-223.56036376953125,0,-223.56036376953125,-224.54330520071181,0.71730757751328977,-228.00433349609375,-223.56036376953125,0.0076904296875,none,0,3.0724804780000006,3.071958999999993,0.00016975421872738873,379159,48,0.164266199,0.030097875999999999,0.194372816,true,branched,
1097,96,39,1208,970,2998,t_z_384_385_3,z,0.13201647982813358,0.13201647982813358,-222.84187316894531,0,-222.84187316894531,-223.82644681109497,0.72180192121990272,-227.27516174316406,-222.84187316894531,0.005645751953125,none,0,3.0724804780000006,3.071958999999993,0.00016975421872738873,379237,49,0.17311944200000001,0.029405006000000001,0.202533617,true,branched,
1098,99,40,1193,1101,3718,t_z_168_466_3,z,0.0032117943488378931,0.0032117943488378931,-221.95567321777344,0,-221.95567321777344,-223.20885741880534,0.89936754492138171,-228.25634765625,-221.95567321777344,0.1363677978515625,none,0,3.0724804780000006,3.071958999999993,0.00016975421872738873,379432,50,0.16310539600000001,0.029054004000000001,0.192168752,true,branched,
1099,101,41,1195,1098,3696,t_z_451_465_0,z,0.0010000000000000009,0.0010000000000000009,-221.36763000488281,0,-221.36763000488281,-222.46450476227446,0.87637393452698353,-227.35649108886719,-221.36763000488281,0.026947021484375,none,0,3.0724804780000006,3.071958999999993,0.00016975421872738873,379453,51,0.162570359,0.029452275,0.19203167700000001,true,branched,
1100,102,42,1197,1172,3947,t_z_479_478_1,z,0.46475295304060815,0.46475295304060815,-220.67080688476562,0,-220.67080688476562,-221.74119753984979,0.87500120014977389,-226.63319396972656,-220.67080688476562,0.0004425048828125,none,0,3.0724804780000006,3.071958999999993,0.00016975421872738873,379454,52,0.16237547399999999,0.029683915000000002,0.19206878999999999,true,branched,
1101,105,43,1196,485,1273,t_z_297_208_0,z,0.23237647652030402,0.23237647652030402,-219.94760131835938,0,-219.94760131835938,-221.01925234332131,0.874384072719391,-225.91009521484375,-219.94760131835938,0.001983642578125,none,0,3.0724804780000006,3.071958999999993,0.00016975421872738873,379456,53,0.16206532700000001,0.029609521,0.19168364099999999,true,branched,
1102,106,44,1195,656,2109,t_z_280_279_2,z,0.00099999999999997205,0.00099999999999997205,-219.22596740722656,0,-219.22596740722656,-220.29717112265871,0.87392324964165136,-225.18685913085938,-219.22596740722656,0.0030517578125,none,0,3.0724804780000006,3.071958999999993,0.00016975421872738873,379458,54,0.162135056,0.028947603999999998,0.191088746,true,branched,
1103,109,45,1208,1198,4023,t_z_192_191_3,z,0.0077978918650396523,0.0077978918650396523,-218.43971252441406,0,-218.43971252441406,-219.5736643557517,0.87212156430477661,-224.46087646484375,-218.43971252441406,0.06561279296875,none,0,3.0724804780000006,3.071958999999993,0.00016975421872738873,379491,55,0.164698817,0.029953180999999999,0.19466154299999999,true,branched,
1104,100,41,1192,1096,3696,t_z_451_465_0,z,0.0010000000000000009,0.0010000000000000009,-216.53250122070312,0,-216.53250122070312,-217.62782273516558,0.8664645775347295,-222.44522094726562,-216.53250122070312,0.0233001708984375,none,0,3.0724804780000006,3.071958999999993,0.00016975421872738873,385474,56,0.167095351,0.030636112,0.19774072000000001,true,branched,
1105,113,42,1191,482,1273,t_z_297_208_0,z,0.2256423588064842,0.2256423588064842,-216.16964721679688,0,-216.16964721679688,-217.24146426414663,0.86566931727823015,-222.05697631835938,-216.16964721679688,0.0036468505859375,none,0,3.0724804780000006,3.071958999999993,0.00016975421872738873,385476,57,0.16163414300000001,0.028744228,0.19038356400000001,true,branched,
1106,114,43,1190,651,2109,t_z_280_279_2,z,0.00099999999999997205,0.00099999999999997205,-215.4569091796875,0,-215.4569091796875,-216.52663561396238,0.86519527165669219,-221.3409423828125,-215.4569091796875,0.0028533935546875,none,0,3.0724804780000006,3.071958999999993,0.00016975421872738873,385478,58,0.164548256,0.028872136,0.19342606700000001,true,branched,
1107,117,44,1196,1018,3158,t_z_403_404_3,z,0.99959999999999993,0.99959999999999993,-214.74226379394531,0,-214.74226379394531,-215.81460545772694,0.87046560115103078,-220.70390319824219,-214.74226379394531,0.005157470703125,none,0,3.0724804780000006,3.071958999999993,0.00016975421872738873,385522,59,0.16285044000000001,0.029009620999999999,0.19186498599999999,true,branched,
1108,119,45,1195,1170,3947,t_z_479_478_1,z,0.44657530277379887,0.44657530277379887,-214.03097534179688,0,-214.03097534179688,-215.09975539969599,0.87039306450944365,-219.98811340332031,-214.03097534179688,0.0070953369140625,none,0,3.0724804780000006,3.071958999999993,0.00016975421872738873,385524,60,0.162256224,0.028930924,0.19119709900000001,true,branched,
1109,121,46,1194,1176,3977,t_z_191_72_0,z,0.70394750514110738,0.70394750514110738,-213.32145690917969,0,-213.32145690917969,-214.38508148448952,0.86974978992915808,-219.27224731445312,-213.32145690917969,0.00067138671875,none,0,3.0724804780000006,3.071958999999993,0.00016975421872738873,385526,61,0.16257058399999999,0.029610108,0.192189797,true,branched,
1110,123,47,1193,935,2951,t_z_509_196_3,z,0.66666666666666674,0.66666666666666674,-212.60577392578125,0,-212.60577392578125,-213.67214278982951,0.86914179268453573,-218.55659484863281,-212.60577392578125,0.012542724609375,none,0,3.0724804780000006,3.071958999999993,0.00016975421872738873,385527,62,0.16367983999999999,0.028922916999999999,0.19261180899999999,true,branched,
1111,125,48,1184,498,1320,t_z_121_282_0,z,0.063058222971390965,0.063058222971390965,-211.90171813964844,0,-211.90171813964844,-212.96200281864887,0.86991511753164463,-217.84056091308594,-211.90171813964844,0.01116943359375,none,0,3.0724804780000006,3.071958999999993,0.00016975421872738873,385539,63,0.16335553,0.029110852999999999,0.19247076499999999,true,branched,
1112,116,44,1189,1011,3158,t_z_403_404_3,z,0.99959999999999993,0.99959999999999993,-210.06997680664062,0,-210.06997680664062,-211.13954870995602,0.86494965028708737,-215.95199584960938,-210.06997680664062,0.0028076171875,none,0,3.0724804780000006,3.071958999999993,0.00016975421872738873,385871,64,0.162368341,0.028905100999999999,0.19128007,true,branched,
1113,129,45,1188,1163,3947,t_z_479_478_1,z,0.45127492347917841,0.45127492347917841,-209.68367004394531,0,-209.68367004394531,-210.75206087414264,0.86487348896400351,-215.56350708007812,-209.68367004394531,0.0038299560546875,none,0,3.0724804780000006,3.071958999999993,0.00016975421872738873,385873,65,0.16324354999999999,0.028759903999999999,0.19201211700000001,true,branched,
1114,131,46,1187,1169,3977,t_z_191_72_0,z,0.72071179673204022,0.72071179673204022,-208.970947265625,0,-208.970947265625,-210.03743786960464,0.86422000552483014,-214.84767150878906,-208.970947265625,0.0065155029296875,none,0,3.0724804780000006,3.071958999999993,0.00016975421872738873,385875,66,0.164670121,0.028693901000000001,0.19336882599999999,true,branched,
1115,133,47,1186,929,2951,t_z_509_196_3,z,0.66666666666666674,0.66666666666666674,-208.26109313964844,0,-208.26109313964844,-209.32452739953592,0.86360389630449019,-214.13203430175781,-208.26109313964844,0.0106201171875,none,0,3.0724804780000006,3.071958999999993,0.00016975421872738873,385876,67,0.16513973700000001,0.029001846000000001,0.19414688699999999,true,branched,
1116,135,48,1177,493,1320,t_z_121_282_0,z,0.045088767376350702,0.045088767376350702,-207.55513000488281,0,-207.55513000488281,-208.61441480819715,0.86436290118146708,-213.41600036621094,-207.55513000488281,0.0145721435546875,none,0,3.0724804780000006,3.071958999999993,0.00016975421872738873,385888,68,0.16662914400000001,0.028901985000000002,0.19553626199999999,true,branched,
1117,136,49,1176,594,1686,t_z_350_514_3,z,0.21838065888692948,0.21838065888692948,-206.85334777832031,0,-206.85334777832031,-207.89917461888319,0.86420312804677835,-212.70014953613281,-206.85334777832031,0.0043487548828125,none,0,3.0724804780000006,3.071958999999993,0.00016975421872738873,385889,69,0.165539294,0.029796087999999998,0.19534068399999999,true,branched,
1118,138,50,1174,617,1839,t_z_342_221_3,z,0.90364978522417672,0.90364978522417672,-206.14085388183594,0,-206.14085388183594,-207.18778642072792,0.87266919869385551,-212.06611633300781,-206.14085388183594,0.000335693359375,none,0,3.0724804780000006,3.071958999999993,0.00016975421872738873,385904,70,0.167197608,0.029499996000000001,0.196702773,true,branched,
1119,141,51,1173,623,1873,t_z_515_207_0,z,0.22591244630604412,0.22591244630604412,-205.42475891113281,0,-205.42475891113281,-206.47327803589803,0.87345819773455291,-211.35029602050781,-205.42475891113281,0.000732421875,none,0,3.0724804780000006,3.071958999999993,0.00016975421872738873,385906,71,0.165662848,0.029401941000000001,0.19506996400000001,true,branched,
1120,143,52,1177,1167,4023,t_z_192_191_3,z,0.097233113113568803,0.097233113113568803,-204.60206604003906,0,-204.60206604003906,-205.76161699448994,0.87940967914868073,-210.63189697265625,-204.60206604003906,0.0763092041015625,none,0,3.0724804780000006,3.071958999999993,0.00016975421872738873,385919,72,0.16590268499999999,0.029601568000000002,0.19550910499999999,true,branched,
1121,145,53,1177,929,2959,t_z_380_379_3,z,0.999,0.999,-203.94436645507812,0,-203.94436645507812,-205.04590386947334,0.87913614888058567,-209.91098022460938,-203.94436645507812,0.017547607421875,none,0,3.0724804780000006,3.071958999999993,0.00016975421872738873,385922,73,0.16478029999999999,0.028167508000000001,0.19295302,true,branched,
1122,147,54,1176,625,1874,t_z_207_515_1,z,0.43056644644690201,0.43056644644690201,-203.24542236328125,0,-203.24542236328125,-204.32982273491061,0.87601697274225576,-209.18354797363281,-203.24542236328125,0.0303955078125,none,0,3.0724804780000006,3.071958999999993,0.00016975421872738873,385922,74,0.164197643,0.028851462000000001,0.19305419300000001,true,branched,
1123,149,55,1205,881,2687,t_z_349_348_3,z,0.00080000000000002292,0.00080000000000002292,-202.51922607421875,0,-202.51922607421875,-203.5930200727154,0.87266172200218384,-208.45487976074219,-202.51922607421875,0.0300750732421875,none,0,3.0724804780000006,3.071958999999993,0.00016975421872738873,385947,75,0.168418079,0.029576664999999999,0.19800056499999999,true,branched,
1124,151,56,1215,504,1187,t_z_487_7_1,z,0.038705227764661343,0.038705227764661343,-201.42897033691406,0,-201.42897033691406,-202.86128028901027,0.86727729164444656,-207.70777893066406,-201.42897033691406,0.0019378662109375,none,0,3.0724804780000006,3.071958999999993,0.00016975421872738873,386055,76,0.166708312,0.030542117000000001,0.19725622400000001,true,branched,
1125,153,57,1216,860,2619,t_z_341_340_1,z,0.038583948814616242,0.038583948814616242,-200.70880126953125,0,-200.70880126953125,-202.13470712460969,0.86237747300990819,-206.97703552246094,-200.70880126953125,0.37457275390625,none,0,3.0724804780000006,3.071958999999993,0.00016975421872738873,386076,77,0.17267438199999999,0.030662568000000001,0.20334276300000001,true,branched,
1126,154,58,1224,1177,3862,t_z_117_280_3,z,0.65526379622503272,0.65526379622503272,-200.35542297363281,0,-200.35542297363281,-201.40770666583691,0.8651381693759832,-206.24763488769531,-200.35542297363281,0.0080413818359375,none,0,3.0724804780000006,3.071958999999993,0.00016975421872738873,386085,78,0.16778837699999999,0.029801846,0.19759549100000001,true,branched,
1127,157,59,1220,1201,3968,t_z_479_481_0,z,0.996,0.996,-199.63374328613281,0,-199.63374328613281,-200.67692240730662,0.86111406977880367,-205.50099182128906,-199.63374328613281,0.0003509521484375,none,0,3.0724804780000006,3.071958999999993,0.00016975421872738873,386163,79,0.168212578,0.030471044999999999,0.19868903600000001,true,branched,
1128,159,60,1221,852,2577,t_z_334_81_0,z,0.66666666666666663,0.66666666666666663,-198.90576171875,0,-198.90576171875,-199.94869891392415,0.85918757445406579,-204.76576232910156,-198.90576171875,0.002655029296875,none,0,3.0724804780000006,3.071958999999993,0.00016975421872738873,386176,80,0.167051641,0.030392143999999999,0.197452396,true,branched,
1129,161,61,1218,647,1803,t_z_530_528_1,z,0.66666666666666674,0.66666666666666674,-198.16632080078125,0,-198.16632080078125,-199.22303426206992,0.85725942763827623,-204.02349853515625,-198.16632080078125,0.015869140625,none,0,3.0724804780000006,3.071958999999993,0.00016975421872738873,386210,81,0.16545826599999999,0.029858137999999999,0.19532302200000001,true,branched,
1130,163,62,1218,965,2953,t_z_380_379_0,z,0.92197792170129433,0.92197792170129433,-197.46455383300781,0,-197.46455383300781,-198.49577303981937,0.85334633493193068,-203.28851318359375,-197.46455383300781,0,none,0,3.0724804780000006,3.071958999999993,0.00016975421872738873,386213,82,0.168529489,0.030517928999999999,0.19906123100000001,true,branched,
1131,150,56,1202,1182,3968,t_z_479_481_0,z,0.996,0.996,-194.50543212890625,0,-194.50543212890625,-195.53050332220144,0.85379905580965754,-200.29898071289062,-194.50543212890625,0.001556396484375,none,0,3.0724804780000006,3.071958999999993,0.00016975421872738873,420282,83,0.190414958,0.032473562999999997,0.22289490000000001,true,branched,
1132,167,57,1201,838,2577,t_z_334_81_0,z,0.66666666666666663,0.66666666666666663,-194.11650085449219,0,-194.11650085449219,-195.14131691811187,0.85356307158662781,-199.90150451660156,-194.11650085449219,0.0066986083984375,none,0,3.0724804780000006,3.071958999999993,0.00016975421872738873,420283,84,0.16810636100000001,0.030282861000000001,0.198395342,true,branched,
1133,169,58,1197,632,1803,t_z_530_528_1,z,0.66666666666666674,0.66666666666666674,-193.37380981445312,0,-193.37380981445312,-194.42264214613684,0.85615537107602191,-199.16526794433594,-193.37380981445312,0.023345947265625,none,0,3.0724804780000006,3.071958999999993,0.00016975421872738873,420298,85,0.16863925399999999,0.029300348,0.19794514799999999,true,branched,
1134,171,59,1197,1020,3157,t_z_404_403_2,z,0.0020000000000000018,0.0020000000000000018,-192.67120361328125,0,-192.67120361328125,-193.69983443002852,0.85559308965813907,-198.43919372558594,-192.67120361328125,0.00091552734375,none,0,3.0724804780000006,3.071958999999993,0.00016975421872738873,420320,86,0.16584144000000001,0.029413297000000001,0.19526083,true,branched,
1135,173,60,1196,1149,3862,t_z_117_280_3,z,0.7519475599435711,0.7519475599435711,-191.94621276855469,0,-191.94621276855469,-192.9759560269257,0.85511762411757308,-197.71391296386719,-191.94621276855469,0.00140380859375,none,0,3.0724804780000006,3.071958999999993,0.00016975421872738873,420322,87,0.16824276099999999,0.031172869999999998,0.19942219999999999,true,branched,
1136,175,61,1211,961,2953,t_z_380_379_0,z,0.9396245854966182,0.9396245854966182,-191.21975708007812,0,-191.21975708007812,-192.24221481713846,0.85289884092948165,-196.98159790039062,-191.21975708007812,0.0002593994140625,none,0,3.0724804780000006,3.071958999999993,0.00016975421872738873,420384,88,0.16801374999999999,0.030374499999999999,0.198394714,true,branched,
1137,177,62,1210,1117,3695,t_z_464_236_3,z,0.0031871914608617713,0.0031871914608617713,-190.49418640136719,0,-190.49418640136719,-191.51959435328965,0.85151393059620828,-196.25691223144531,-190.49418640136719,0.00885009765625,none,0,3.0724804780000006,3.071958999999993,0.00016975421872738873,420385,89,0.16559707800000001,0.029576089999999999,0.19518021199999999,true,branched,
1138,179,63,1210,479,1047,t_z_341_329_3,z,0.0016006323524997146,0.0016006323524997146,-189.75433349609375,0,-189.75433349609375,-190.79435925444295,0.851465667461211,-195.53129577636719,-189.75433349609375,0.0227813720703125,none,0,3.0724804780000006,3.071958999999993,0.00016975421872738873,420389,90,0.16733719599999999,0.029564225999999999,0.19690854999999999,true,branched,
1139,181,64,1210,1019,3124,t_z_399_400_2,z,0.998,0.998,-189.05134582519531,0,-189.05134582519531,-190.07061823064632,0.85086737301146997,-194.80624389648438,-189.05134582519531,0.0089263916015625,none,0,3.0724804780000006,3.071958999999993,0.00016975421872738873,420392,91,0.16684279099999999,0.030068694999999999,0.19691845999999999,true,branched,
1140,183,65,1211,1057,3557,t_z_279_278_2,z,0.0010000000000000009,0.0010000000000000009,-188.3341064453125,0,-188.3341064453125,-189.34607251117683,0.84998754708848268,-194.08097839355469,-188.3341064453125,0.000579833984375,none,0,3.0724804780000006,3.071958999999993,0.00016975421872738873,420394,92,0.165737471,0.029587367999999999,0.19533164,true,branched,
1141,185,66,1198,644,1884,t_z_207_208_2,z,0.35904562240053484,0.35904562240053484,-187.59053039550781,0,-187.59053039550781,-188.62288388107376,0.84782052118557916,-193.35365295410156,-187.59053039550781,0.01751708984375,none,0,3.0724804780000006,3.071958999999993,0.00016975421872738873,420435,93,0.164364285,0.029383174000000001,0.193753021,true,branched,
1142,187,67,1194,903,2789,t_z_85_81_2,z,0.15652862507577414,0.15652862507577414,-186.86116027832031,0,-186.86116027832031,-187.88798814323081,0.84857225566653116,-192.60939025878906,-186.86116027832031,0.015869140625,none,0,3.0724804780000006,3.071958999999993,0.00016975421872738873,420509,94,0.16627182099999999,0.030030949000000001,0.196308593,true,branched,
1143,188,68,1194,1013,3165,t_z_406_405_2,z,0.0020000000000000018,0.0020000000000000018,-186.15127563476562,0,-186.15127563476562,-187.16255400128901,0.84827253650117518,-191.8670654296875,-186.15127563476562,0.0010223388671875,none,0,3.0724804780000006,3.071958999999993,0.00016975421872738873,420510,95,0.17041305800000001,0.029478465999999998,0.19989854100000001,true,branched,
1144,191,69,1193,631,1859,t_z_508_507_1,z,0.33333333333333326,0.33333333333333326,-185.42654418945312,0,-185.42654418945312,-186.43777739532035,0.84694389743331666,-191.12481689453125,-185.42654418945312,0.006103515625,none,0,3.0724804780000006,3.071958999999993,0.00016975421872738873,420511,96,0.16600527000000001,0.029235916000000001,0.195246952,true,branched,
1145,193,70,1195,1025,3536,t_z_7_452_0,z,0.0010000000000000009,0.0010000000000000009,-184.706787109375,0,-184.706787109375,-185.71035273723521,0.84320538629735142,-190.38313293457031,-184.706787109375,0.00518798828125,none,0,3.0724804780000006,3.071958999999993,0.00016975421872738873,420516,97,0.16396856600000001,0.029235351999999999,0.19320928000000001,true,branched,
1146,194,71,1196,1019,3177,t_z_409_408_0,z,0.11205548406845023,0.11205548406845023,-183.98199462890625,0,-183.98199462890625,-184.97843676665954,0.83869855024714091,-189.64073181152344,-183.98199462890625,0.006500244140625,none,0,3.0724804780000006,3.071958999999993,0.00016975421872738873,420518,98,0.16917697100000001,0.029491224999999999,0.19867685099999999,true,branched,
1147,197,72,1204,1126,3777,t_z_467_407_0,z,0.086200571565132389,0.086200571565132389,-183.13140869140625,0,-183.13140869140625,-184.2387149722077,0.83589999110614599,-188.89787292480469,-183.13140869140625,0.1192779541015625,none,0,3.0724804780000006,3.071958999999993,0.00016975421872738873,420537,99,0.16854972100000001,0.029460353000000002,0.19801621999999999,true,branched,
1148,180,64,1210,1019,3124,t_z_399_400_2,z,0.998,0.998,-180.75482177734375,0,-180.75482177734375,-181.76522866241203,0.84458636599851977,-186.46551513671875,-180.75482177734375,0.0094146728515625,none,0,3.0724804780000006,3.071958999999993,0.00016975421872738873,420965,100,0.16530420700000001,0.029354725000000002,0.19466798499999999,true,branched,
1149,201,65,1211,1057,3557,t_z_279_278_2,z,0.0010000000000000009,0.0010000000000000009,-180.36376953125,0,-180.36376953125,-181.36617293542915,0.84370918125403505,-186.06575012207031,-180.36376953125,0.00018310546875,none,0,3.0724804780000006,3.071958999999993,0.00016975421872738873,420967,101,0.16168114,0.029229181999999999,0.19091988700000001,true,branched,
1150,203,66,1204,651,1884,t_z_207_208_2,z,0.35839527940358246,0.35839527940358246,-179.60162353515625,0,-179.60162353515625,-180.63001874752615,0.84065532976611235,-185.32588195800781,-179.60162353515625,0.0221405029296875,none,0,3.0724804780000006,3.071958999999993,0.00016975421872738873,421004,102,0.1660635,0.029949554999999999,0.19602141100000001,true,branched,
1151,205,67,1198,908,2789,t_z_85_81_2,z,0.15999644132341989,0.15999644132341989,-178.86868286132812,0,-178.86868286132812,-179.88823394265916,0.84237442506399052,-184.57533264160156,-178.86868286132812,0.014404296875,none,0,3.0724804780000006,3.071958999999993,0.00016975421872738873,421081,103,0.163047883,0.029270399999999999,0.19232692600000001,true,branched,
1152,206,68,1198,636,1859,t_z_508_507_1,z,0.33333333333333326,0.33333333333333326,-178.14541625976562,0,-178.14541625976562,-179.15094953228117,0.84225330584654423,-183.83821105957031,-178.14541625976562,0.00286865234375,none,0,3.0724804780000006,3.071958999999993,0.00016975421872738873,421082,104,0.16314877999999999,0.028645237,0.19180361900000001,true,branched,
1153,209,69,1198,1018,3165,t_z_406_405_2,z,0.0020000000000000018,0.0020000000000000018,-177.41058349609375,0,-177.41058349609375,-178.41405581313501,0.84184071970004315,-183.10050964355469,-177.41058349609375,0.0034027099609375,none,0,3.0724804780000006,3.071958999999993,0.00016975421872738873,421084,105,0.16721272400000001,0.028558193999999999,0.195779918,true,branched,
1154,211,70,1197,1029,3536,t_z_7_452_0,z,0.0010000000000000009,0.0010000000000000009,-176.67623901367188,0,-176.67623901367188,-177.67771911621094,0.8416275975737566,-182.35821533203125,-176.67623901367188,0.0055084228515625,none,0,3.0724804780000006,3.071958999999993,0.00016975421872738873,421085,106,0.16576909400000001,0.02994983,0.195728185,true,branched,
1155,212,71,1198,1023,3177,t_z_409_408_0,z,0.10620386951014971,0.10620386951014971,-175.93995666503906,0,-175.93995666503906,-176.94041716714136,0.84061895760801619,-181.61587524414062,-175.93995666503906,0.008148193359375,none,0,3.0724804780000006,3.071958999999993,0.00016975421872738873,421087,107,0.163156831,0.029932075999999998,0.19309884599999999,true,branched,
1156,215,72,1198,1122,3777,t_z_467_407_0,z,0.083533888868190243,0.083533888868190243,-175.11680603027344,0,-175.11680603027344,-176.20850311177401,0.83671369647004656,-180.87222290039062,-175.11680603027344,0.116943359375,none,0,3.0724804780000006,3.071958999999993,0.00016975421872738873,421099,108,0.163948547,0.030108795000000001,0.19406664500000001,true,branched,
1157,217,73,1260,1004,2941,t_z_512_508_2,z,0.31765021843779906,0.31765021843779906,-174.33186340332031,0,-174.33186340332031,-175.47710830446275,0.82548672503954867,-180.10830688476562,-174.33186340332031,0.001617431640625,none,0,3.0724804780000006,3.071958999999993,0.00016975421872738873,421272,109,0.164494846,0.030081621999999999,0.19458405500000001,true,branched,
1158,219,74,1259,997,2905,t_z_512_406_0,z,0.00074999999999980638,0.00074999999999980638,-173.70330810546875,0,-173.70330810546875,-174.76238262246201,0.81777050865432943,-179.36590576171875,-173.70330810546875,0.088470458984375,none,0,3.0724804780000006,3.071958999999993,0.00016975421872738873,421274,110,0.166196327,0.030776230000000002,0.196977965,true,branched,
1159,221,75,1250,1005,2969,t_z_382_381_0,z,0.95911576390636122,0.95911576390636122,-173.095947265625,0,-173.095947265625,-174.05500202636719,0.81390581478901158,-178.62168884277344,-173.095947265625,0.001007080078125,none,0,3.0724804780000006,3.071958999999993,0.00016975421872738873,421292,111,0.165440632,0.029184980999999999,0.19463161600000001,true,branched,
1160,202,66,1208,651,1859,t_z_508_507_1,z,0.33333333333333326,0.33333333333333326,-170.53054809570312,0,-170.53054809570312,-171.49002091616194,0.81464324193731186,-176.05691528320312,-170.53054809570312,0.001861572265625,none,0,3.0724804780000006,3.071958999999993,0.00016975421872738873,421709,112,0.16922498399999999,0.030553884,0.1997862,true,branched,
1161,225,67,1208,676,2101,t_z_278_277_2,z,0.0010000000000000009,0.0010000000000000009,-170.17054748535156,0,-170.17054748535156,-171.12103026434286,0.80674323352331156,-175.65725708007812,-170.17054748535156,0.0007781982421875,none,0,3.0724804780000006,3.071958999999993,0.00016975421872738873,421711,113,0.16743728599999999,0.028971131000000001,0.19641434699999999,true,branched,
1162,227,68,1211,661,1884,t_z_207_208_2,z,0.35766410519608161,0.35766410519608161,-169.45294189453125,0,-169.45294189453125,-170.43079597353443,0.79721404895762493,-174.93363952636719,-169.45294189453125,0.02349853515625,none,0,3.0724804780000006,3.071958999999993,0.00016975421872738873,421753,114,0.165622098,0.02987277,0.195500331,true,branched,
1163,229,69,1220,930,2789,t_z_85_81_2,z,0.20048567226507577,0.20048567226507577,-168.7791748046875,0,-168.7791748046875,-169.74421665629401,0.80729984894608264,-174.20738220214844,-168.7791748046875,0.0093841552734375,none,0,3.0724804780000006,3.071958999999993,0.00016975421872738873,421848,115,0.17379262000000001,0.030196586000000001,0.20399742700000001,true,branched,
1164,230,70,1220,913,2725,t_z_68_67_2,z,0.69520280759201991,0.69520280759201991,-168.10264587402344,0,-168.10264587402344,-169.05844980458744,0.80640160232922986,-173.49484252929688,-168.10264587402344,0.000457763671875,none,0,3.0724804780000006,3.071958999999993,0.00016975421872738873,421849,116,0.16780610100000001,0.029810393000000001,0.19762542799999999,true,branched,
1165,233,71,1220,728,2268,t_z_297_298_2,z,0.0015000000000000568,0.0015000000000000568,-167.41716003417969,0,-167.41716003417969,-168.37437659091637,0.80545438137376635,-172.79118347167969,-167.41716003417969,0.0016632080078125,none,0,3.0724804780000006,3.071958999999993,0.00016975421872738873,421853,117,0.16722888299999999,0.030288242999999999,0.197524802,true,branched,
1166,234,72,1212,1032,3165,t_z_406_405_2,z,0.0020000000000000018,0.0020000000000000018,-166.73333740234375,0,-166.73333740234375,-167.69237270292277,0.80656498475101202,-172.10560607910156,-166.73333740234375,0.0051422119140625,none,0,3.0724804780000006,3.071958999999993,0.00016975421872738873,421860,118,0.164326527,0.029739055,0.19407027800000001,true,branched,
1167,237,73,1211,1043,3536,t_z_7_452_0,z,0.0010000000000000009,0.0010000000000000009,-166.05242919921875,0,-166.05242919921875,-167.00762967173469,0.80638076417987603,-171.4156494140625,-166.05242919921875,0.0044097900390625,none,0,3.0724804780000006,3.071958999999993,0.00016975421872738873,421861,119,0.16546693300000001,0.030438597000000001,0.19591401,true,branched,
1168,238,74,1220,1045,3177,t_z_409_408_0,z,0.085114087675045358,0.085114087675045358,-165.36647033691406,0,-165.36647033691406,-166.31885112074556,0.80395244298348278,-170.72480773925781,-165.36647033691406,0.0071563720703125,none,0,3.0724804780000006,3.071958999999993,0.00016975421872738873,421865,120,0.17005815299999999,0.029881103999999999,0.19994838400000001,true,branched,
1169,241,75,1221,1145,3777,t_z_467_407_0,z,0.084088239884929639,0.084088239884929639,-164.57621765136719,0,-164.57621765136719,-165.63327943644106,0.80322518673536225,-170.03416442871094,-164.57621765136719,0.1113128662109375,none,0,3.0724804780000006,3.071958999999993,0.00016975421872738873,421873,121,0.168142755,0.029981613000000001,0.198133847,true,branched,
1170,226,68,1206,1042,3536,t_z_7_452_0,z,0.0010000000000000009,0.0010000000000000009,-162.42897033691406,0,-162.42897033691406,-163.37730377349095,0.79644706106772922,-167.81222534179688,-162.42897033691406,0.0027008056640625,none,0,3.0724804780000006,3.071958999999993,0.00016975421872738873,422347,122,0.16931216499999999,0.030467977,0.19978684099999999,true,branched,
1171,244,69,1215,1044,3177,t_z_409_408_0,z,0.10548043304841959,0.10548043304841959,-162.06890869140625,0,-162.06890869140625,-163.01267004444765,0.79402547933712231,-167.45060729980469,-162.06890869140625,0.0002593994140625,none,0,3.0724804780000006,3.071958999999993,0.00016975421872738873,422350,123,0.169873459,0.029730985000000001,0.199612808,true,branched,
1172,247,70,1219,1146,3777,t_z_467_407_0,z,0.085554872401203519,0.085554872401203519,-161.27639770507812,0,-161.27639770507812,-162.32416543811925,0.78971619072466781,-166.76458740234375,-161.27639770507812,0.1044769287109375,none,0,3.0724804780000006,3.071958999999993,0.00016975421872738873,422374,124,0.166979129,0.030243856,0.19722857199999999,true,branched,
1173,249,71,1196,895,2725,t_z_68_67_2,z,0.83333333333333326,0.83333333333333326,-160.66261291503906,0,-160.66261291503906,-161.64557597948158,0.80018950501724684,-166.06986999511719,-160.66261291503906,0.0368804931640625,none,0,3.0724804780000006,3.071958999999993,0.00016975421872738873,422469,125,0.16996688400000001,0.030060124000000001,0.20003404799999999,true,branched,
1174,251,72,1196,909,2789,t_z_85_81_2,z,0.26618252314169949,0.26618252314169949,-160.01329040527344,0,-160.01329040527344,-160.961531457295,0.79930085513767701,-165.38438415527344,-160.01329040527344,0.0022735595703125,none,0,3.0724804780000006,3.071958999999993,0.00016975421872738873,422473,126,0.16446719300000001,0.029220857999999999,0.19369344399999999,true,branched,
1175,253,73,1195,957,2969,t_z_382_381_0,z,0.95543097288852497,0.95543097288852497,-159.32960510253906,0,-159.32960510253906,-160.27755638984456,0.80014694899111938,-164.699462890625,-159.32960510253906,0.0027923583984375,none,0,3.0724804780000006,3.071958999999993,0.00016975421872738873,422475,127,0.16609517600000001,0.029204206,0.19530450399999999,true,branched,
1176,255,74,1193,896,2734,t_z_68_351_3,z,0.00033333333333329662,0.00033333333333329662,-158.64663696289062,0,-158.64663696289062,-159.5947817652943,0.79926573558286529,-164.01416015625,-158.64663696289062,0.0058135986328125,none,0,3.0724804780000006,3.071958999999993,0.00016975421872738873,422477,128,0.16498423500000001,0.028540418000000001,0.193530428,true,branched,
1177,257,75,1193,895,2726,t_z_67_68_3,z,0.0020000000000000018,0.0020000000000000018,-157.84686279296875,0,-157.84686279296875,-158.91192427424951,0.80018512412620668,-163.24563598632812,-157.84686279296875,0.002655029296875,none,0,3.0724804780000006,3.071958999999993,0.00016975421872738873,422558,129,0.16416903799999999,0.029231282000000001,0.193408688,true,branched,
1178,258,76,1192,846,2583,t_z_334_81_3,z,0.89660825383200671,0.89660825383200671,-157.16371154785156,0,-157.16371154785156,-158.2277437504506,0.7998916991196543,-162.55523681640625,-157.16371154785156,0.0430145263671875,none,0,3.0724804780000006,3.071958999999993,0.00016975421872738873,422559,130,0.16566119600000001,0.029412700999999999,0.195079049,true,branched,
1179,261,77,1181,713,2269,t_z_298_297_2,z,0.00099999999999997205,0.00099999999999997205,-156.59407043457031,0,-156.59407043457031,-157.54914225449915,0.80224682415862725,-161.83462524414062,-156.59407043457031,0.001922607421875,none,0,3.0724804780000006,3.071958999999993,0.00016975421872738873,422578,131,0.166466958,0.029905080000000001,0.19637902099999999,true,branched,
1180,246,70,1217,931,2789,t_z_85_81_2,z,0.27530126058709181,0.27530126058709181,-154.35153198242188,0,-154.35153198242188,-155.29813616336517,0.79393766961765389,-159.73320007324219,-154.35153198242188,0.003448486328125,none,0,3.0724804780000006,3.071958999999993,0.00016975421872738873,426091,132,0.173784882,0.029961313999999999,0.20375267999999999,true,branched,
1181,265,71,1216,1041,3165,t_z_406_405_2,z,0.0020000000000000018,0.0020000000000000018,-153.94317626953125,0,-153.94317626953125,-154.88591417513396,0.7924251306764486,-159.310546875,-153.94317626953125,0.003509521484375,none,0,3.0724804780000006,3.071958999999993,0.00016975421872738873,426093,133,0.16599051300000001,0.029564722000000002,0.19556459000000001,true,branched,
1182,267,72,1215,914,2725,t_z_68_67_2,z,0.6834211921796205,0.6834211921796205,-153.21609497070312,0,-153.21609497070312,-154.15653313530817,0.79223462072400341,-158.58042907714844,-153.21609497070312,0.00311279296875,none,0,3.0724804780000006,3.071958999999993,0.00016975421872738873,426094,134,0.16709797700000001,0.029850905,0.196955821,true,branched,
1183,269,73,1215,978,2969,t_z_382_381_0,z,0.97264652361534454,0.97264652361534454,-152.50479125976562,0,-152.50479125976562,-153.44402051384066,0.79137203477287088,-157.86651611328125,-152.50479125976562,0.002197265625,none,0,3.0724804780000006,3.071958999999993,0.00016975421872738873,426098,135,0.16919172800000001,0.029675112999999999,0.19887311199999999,true,branched,
1184,271,74,1212,731,2269,t_z_298_297_2,z,0.00099999999999997205,0.00099999999999997205,-151.80662536621094,0,-151.80662536621094,-152.74615594341415,0.79092247741499577,-157.16719055175781,-151.80662536621094,0.000518798828125,none,0,3.0724804780000006,3.071958999999993,0.00016975421872738873,426101,136,0.169709786,0.029623218,0.199337553,true,branched,
1185,273,75,1209,662,1884,t_z_207_208_2,z,0.36153021642956135,0.36153021642956135,-151.07142639160156,0,-151.07142639160156,-152.0469464222393,0.78714339187322968,-156.46658325195312,-151.07142639160156,0.015106201171875,none,0,3.0724804780000006,3.071958999999993,0.00016975421872738873,426122,137,0.20669284600000001,0.029779084000000001,0.23647749400000001,true,branched,
1186,275,76,1217,934,2813,t_z_401_85_2,z,0.11542360663444273,0.11542360663444273,-150.34442138671875,0,-150.34442138671875,-151.33814479605331,0.79100035690459436,-155.75196838378906,-150.34442138671875,0.024261474609375,none,0,3.0724804780000006,3.071958999999993,0.00016975421872738873,426233,138,0.16876337499999999,0.030366658000000001,0.19913894200000001,true,branched,
1187,277,77,1214,646,1836,t_z_221_342_2,z,0.092429983833396623,0.092429983833396623,-149.67776489257812,0,-149.67776489257812,-150.63909305025757,0.79194554360543301,-155.05218505859375,-149.67776489257812,0.003936767578125,none,0,3.0724804780000006,3.071958999999993,0.00016975421872738873,426242,139,0.166039504,0.03033541,0.19638011799999999,true,branched,
1188,278,78,1212,655,1900,t_z_277_298_2,z,0.0020000000000000018,0.0020000000000000018,-148.98167419433594,0,-148.98167419433594,-149.94102374791314,0.79161226862223277,-154.348876953125,-148.98167419433594,0.0193023681640625,none,0,3.0724804780000006,3.071958999999993,0.00016975421872738873,426244,140,0.16773469599999999,0.030298940999999999,0.198038822,true,branched,
1189,280,79,1210,1006,3076,t_z_393_394_2,z,0.73243126670137748,0.73243126670137748,-148.30091857910156,0,-148.30091857910156,-149.24260552776747,0.7916397121844746,-153.64447021484375,-148.30091857910156,0.0024871826171875,none,0,3.0724804780000006,3.071958999999993,0.00016975421872738873,426246,141,0.16596947500000001,0.030366595,0.19634282,true,branched,
1190,283,80,1210,1132,3786,t_z_408_467_1,z,0.63679147342860332,0.63679147342860332,-147.58551025390625,0,-147.58551025390625,-148.54389688791323,0.79098862534543057,-152.93907165527344,-147.58551025390625,0.0177764892578125,none,0,3.0724804780000006,3.071958999999993,0.00016975421872738873,426259,142,0.17125442499999999,0.029538971000000001,0.20079939899999999,true,branched,
1191,285,81,1206,903,2734,t_z_68_351_3,z,0.00033333333333329662,0.00033333333333329662,-146.94212341308594,0,-146.94212341308594,-147.88461060784942,0.790993697040831,-152.27285766601562,-146.94212341308594,0.0038909912109375,none,0,3.0724804780000006,3.071958999999993,0.00016975421872738873,426269,143,0.16504316799999999,0.030287161999999999,0.19533867199999999,true,branched,
1192,287,82,1270,954,2726,t_z_67_68_3,z,0.0020000000000000018,0.0020000000000000018,-146.15592956542969,0,-146.15592956542969,-147.22169602762057,0.79278958450753212,-151.59750366210938,-146.15592956542969,0.017364501953125,none,0,3.0724804780000006,3.071958999999993,0.00016975421872738873,426397,144,0.16768713099999999,0.030677998000000001,0.19837534800000001,true,branched,
1193,288,83,1269,700,1887,t_z_208_207_3,z,0.001636363636363436,0.001636363636363436,-145.5484619140625,0,-145.5484619140625,-146.59828757187623,0.79221408255509784,-150.96858215332031,-145.5484619140625,0.105682373046875,none,0,3.0724804780000006,3.071958999999993,0.00016975421872738873,426398,145,0.168247549,0.030587671,0.19884370600000001,true,branched,
1194,290,84,1263,1070,3131,t_z_401_400_1,z,0.999,0.999,-145.04296875,0,-145.04296875,-145.98842526010739,0.79131416472535454,-150.3536376953125,-145.04296875,0.0005645751953125,none,0,3.0724804780000006,3.071958999999993,0.00016975421872738873,426399,146,0.16746259099999999,0.030666039999999999,0.198134804,true,branched,
1195,293,85,1261,755,2264,t_z_297_298_0,z,0.031619544910060748,0.031619544910060748,-144.43376159667969,0,-144.43376159667969,-145.38056395225919,0.79022731850965189,-149.73953247070312,-144.43376159667969,0.0043182373046875,none,0,3.0724804780000006,3.071958999999993,0.00016975421872738873,426399,147,0.16835756499999999,0.030446173,0.19881320999999999,true,branched,
1196,294,86,1257,592,1466,t_z_345_391_1,z,0.70072393349670703,0.70072393349670703,-143.82682800292969,0,-143.82682800292969,-144.77262254470668,0.790014751606955,-149.126220703125,-143.82682800292969,0.0047760009765625,none,0,3.0724804780000006,3.071958999999993,0.00016975421872738873,426405,148,0.21913690999999999,0.030471431,0.24961525000000001,true,branched,
1197,296,87,1255,1203,3859,t_z_280_117_1,z,0.042905947119422638,0.042905947119422638,-143.22174072265625,0,-143.22174072265625,-144.1644209052462,0.78879263647626463,-148.51173400878906,-143.22174072265625,0.007293701171875,none,0,3.0724804780000006,3.071958999999993,0.00016975421872738873,426407,149,0.16892869199999999,0.030477948000000001,0.19941589000000001,true,branched,
1198,299,88,1261,642,1611,t_z_514_323_1,z,0.85849350649350642,0.85849350649350642,-142.62069702148438,0,-142.62069702148438,-143.55659139997707,0.78477218320586928,-147.89598083496094,-142.62069702148438,0.00262451171875,none,0,3.0724804780000006,3.071958999999993,0.00016975421872738873,426418,150,0.16543160300000001,0.030486277999999999,0.195926352,true,branched,
1199,300,89,1259,1098,3553,t_z_279_278_0,z,0.10946726201901097,0.10946726201901097,-142.01344299316406,0,-142.01344299316406,-142.94672510754597,0.78381640979441147,-147.28131103515625,-142.01344299316406,0.00201416015625,none,0,3.0724804780000006,3.071958999999993,0.00016975421872738873,426424,151,0.164177342,0.030559362,0.19474591699999999,true,branched,
1200,303,90,1258,643,1615,t_z_514_323_3,z,0.23584592855783881,0.23584592855783881,-141.40574645996094,0,-141.40574645996094,-142.33733962260672,0.78217735185231496,-146.66780090332031,-141.40574645996094,0.0053253173828125,none,0,3.0724804780000006,3.071958999999993,0.00016975421872738873,426425,152,0.16525989999999999,0.030480976,0.19574670499999999,true,branched,
1201,305,91,1257,693,1879,t_z_515_207_3,z,0.23584592855783881,0.23584592855783881,-140.80136108398438,0,-140.80136108398438,-141.72736705212529,0.78051935895337576,-146.05422973632812,-140.80136108398438,0.00115966796875,none,0,3.0724804780000006,3.071958999999993,0.00016975421872738873,426426,153,0.164026054,0.030396340000000001,0.19442795800000001,true,branched,
1202,286,82,1209,504,1187,t_z_487_7_1,z,0.00075000000000002842,0.00075000000000002842,-137.21589660644531,0,-137.21589660644531,-138.55555150842153,0.78740668425093685,-142.92922973632812,-137.21589660644531,0.001373291015625,none,0,3.0724804780000006,3.071958999999993,0.00016975421872738873,426679,154,0.16471092600000001,0.030190689,0.194907897,true,branched,
1203,309,83,1212,860,2619,t_z_341_340_1,z,0.00099999999999988987,0.00099999999999988987,-136.89070129394531,0,-136.89070129394531,-138.22491161736718,0.78568218008058488,-142.59042358398438,-136.89070129394531,0.398284912109375,none,0,3.0724804780000006,3.071958999999993,0.00016975421872738873,426705,155,0.16533868700000001,0.029621346,0.194965473,true,branched,
1204,310,84,1212,719,2264,t_z_297_298_0,z,0.073871913339628004,0.073871913339628004,-136.63116455078125,0,-136.63116455078125,-137.5677514406714,0.78497574242743973,-141.92872619628906,-136.63116455078125,0.0040283203125,none,0,3.0724804780000006,3.071958999999993,0.00016975421872738873,426709,156,0.16378182299999999,0.028796985000000001,0.19258466099999999,true,branched,
1205,312,85,1212,1022,3131,t_z_401_400_1,z,0.999,0.999,-135.97731018066406,0,-135.97731018066406,-136.91096744600301,0.78423252937852239,-141.26705932617188,-135.97731018066406,0.0059661865234375,none,0,3.0724804780000006,3.071958999999993,0.00016975421872738873,426712,157,0.16447467900000001,0.029664974,0.19414852099999999,true,branched,
1206,315,86,1210,911,2726,t_z_67_68_3,z,0.0010000000000001119,0.0010000000000001119,-135.32540893554688,0,-135.32540893554688,-136.25500972527118,0.78365132280536021,-140.60488891601562,-135.32540893554688,0.00164794921875,none,0,3.0724804780000006,3.071958999999993,0.00016975421872738873,426712,158,0.162188159,0.029500005999999999,0.19169642200000001,true,branched,
1207,316,87,1209,1157,3859,t_z_280_117_1,z,0.03647518179366549,0.03647518179366549,-134.6690673828125,0,-134.6690673828125,-135.59829805309462,0.78309379195778073,-139.94325256347656,-134.6690673828125,0.0007171630859375,none,0,3.0724804780000006,3.071958999999993,0.00016975421872738873,426713,159,0.16561554100000001,0.028797570000000001,0.194420554,true,branched,
1208,319,88,1187,548,1466,t_z_345_391_1,z,0.74969560065993579,0.74969560065993579,-134.00657653808594,0,-134.00657653808594,-134.94875212928881,0.7827736708325953,-139.27171325683594,-134.00657653808594,0.0045318603515625,none,0,3.0724804780000006,3.071958999999993,0.00016975421872738873,426764,160,0.16756357399999999,0.029971455000000001,0.19754304,true,branched,
1209,321,89,1183,1024,3553,t_z_279_278_0,z,0.085835988181276912,0.085835988181276912,-133.35325622558594,0,-133.35325622558594,-134.29437584768183,0.78157754346641617,-138.60957336425781,-133.35325622558594,0.0032958984375,none,0,3.0724804780000006,3.071958999999993,0.00016975421872738873,426767,161,0.167959251,0.029770575000000001,0.19773934900000001,true,branched,
1210,323,90,1182,589,1611,t_z_514_323_1,z,0.84494769906332512,0.84494769906332512,-132.721435546875,0,-132.721435546875,-133.6582414785214,0.78050697674499581,-137.96853637695312,-132.721435546875,3.0517578125e-05,none,0,3.0724804780000006,3.071958999999993,0.00016975421872738873,426768,162,0.19951387300000001,0.029842853999999999,0.22936504499999999,true,branched,
1211,324,91,1182,470,1041,t_z_341_329_0,z,0.06791663442382001,0.06791663442382001,-132.09410095214844,0,-132.09410095214844,-133.03103065813454,0.77923263337194792,-137.33686828613281,-132.09410095214844,0.00299072265625,none,0,3.0724804780000006,3.071958999999993,0.00016975421872738873,426771,163,0.16039772799999999,0.028250549999999999,0.18865747699999999,true,branched,
1212,327,92,1179,4,8,t_m_2_0,m,0.010734444545501876,0.010734444545501876,-131.47526550292969,0,-131.47526550292969,-132.40649522776519,0.77778603891668863,-136.70603942871094,-131.47526550292969,0.002044677734375,none,0,3.0724804780000006,3.071958999999993,0.00016975421872738873,426777,164,0.16115859399999999,0.028381279999999998,0.189543981,true,branched,
1213,329,93,1167,1145,3960,t_z_15_480_0,z,0.999,0.999,-130.664306640625,0,-130.664306640625,-131.77557591403155,0.77171639434509931,-136.04766845703125,-130.664306640625,0.002410888671875,none,0,3.0724804780000006,3.071958999999993,0.00016975421872738873,426828,165,0.16314704599999999,0.029394178999999999,0.19254650700000001,true,branched,
1214,308,83,1209,853,2619,t_z_341_340_1,z,0.00075000000000002842,0.00075000000000002842,-127.37779998779297,0,-127.37779998779297,-128.67679835115217,0.77582675046407412,-133.03767395019531,-127.37779998779297,0.384796142578125,none,0,3.0724804780000006,3.071958999999993,0.00016975421872738873,426829,166,0.17198043800000001,0.029520299999999999,0.20151009,true,branched,
1215,332,84,1208,1016,3131,t_z_401_400_1,z,0.999,0.999,-127.42485809326172,0,-127.42485809326172,-128.33918822837981,0.77358492490729547,-132.69081115722656,-127.42485809326172,0.00487518310546875,none,0,3.0724804780000006,3.071958999999993,0.00016975421872738873,426830,167,0.16229466200000001,0.029518860000000001,0.19182353699999999,true,branched,
1216,335,85,1206,712,2264,t_z_297_298_0,z,0.067318884347153829,0.067318884347153829,-126.76532745361328,0,-126.76532745361328,-127.67527421789976,0.77038973287823298,-132.01220703125,-126.76532745361328,0.00439453125,none,0,3.0724804780000006,3.071958999999993,0.00016975421872738873,426830,168,0.16384158200000001,0.029490573999999999,0.193341029,true,branched,
1217,336,86,1205,1153,3859,t_z_280_117_1,z,0.037737441408061789,0.037737441408061789,-126.10563659667969,0,-126.10563659667969,-127.01174803927726,0.76751530903033072,-131.3345947265625,-126.10563659667969,0.00203704833984375,none,0,3.0724804780000006,3.071958999999993,0.00016975421872738873,426832,169,0.160689887,0.029474986000000002,0.19017368100000001,true,branched,
1218,339,87,1204,558,1466,t_z_345_391_1,z,0.76767045092270791,0.76767045092270791,-125.44277191162109,0,-125.44277191162109,-126.35084143350291,0.76356440854684604,-130.65556335449219,-125.44277191162109,0.00032806396484375,none,0,3.0724804780000006,3.071958999999993,0.00016975421872738873,426841,170,0.166828333,0.029489588000000001,0.196325583,true,branched,
1219,341,88,1198,600,1611,t_z_514_323_1,z,0.83930923518387768,0.83930923518387768,-124.77901458740234,0,-124.77901458740234,-125.69128398226577,0.76141417735644601,-129.97750854492188,-124.77901458740234,0.00720977783203125,none,0,3.0724804780000006,3.071958999999993,0.00016975421872738873,426847,171,0.16119925299999999,0.029541549,0.19074975799999999,true,branched,
1220,342,89,1211,607,1615,t_z_514_323_3,z,0.40632763942187455,0.40632763942187455,-124.04436492919922,0,-124.04436492919922,-125.02405020779169,0.75497688175765687,-129.29344177246094,-124.04436492919922,0.0034027099609375,none,0,3.0724804780000006,3.071958999999993,0.00016975421872738873,426892,172,0.16150847800000001,0.030393808000000001,0.191909722,true,branched,
1221,345,90,1210,656,1879,t_z_515_207_3,z,0.40632763942187455,0.40632763942187455,-123.38385772705078,0,-123.38385772705078,-124.36111896609472,0.75355748151793911,-128.61595153808594,-123.38385772705078,0.06293487548828125,none,0,3.0724804780000006,3.071958999999993,0.00016975421872738873,426893,173,0.162090701,0.030147315000000001,0.192245948,true,branched,
1222,347,91,1210,4,8,t_m_2_0,m,0.0010000000000000009,0.0010000000000000009,-122.78282165527344,0,-122.78282165527344,-123.69781274086188,0.75210308679540228,-127.93846893310547,-122.78282165527344,0.007843017578125,none,0,3.0724804780000006,3.071958999999993,0.00016975421872738873,426895,174,0.16238666099999999,0.028962634000000001,0.19135809100000001,true,branched,
1223,349,92,1183,895,2777,t_z_358_357_0,z,0.66666666666666674,0.66666666666666674,-121.9954833984375,0,-121.9954833984375,-123.04032481976313,0.75219503818589251,-127.23432159423828,-121.9954833984375,0.0036163330078125,none,0,3.0724804780000006,3.071958999999993,0.00016975421872738873,426990,175,0.161395285,0.029525836,0.190929133,true,branched,
1224,351,93,1180,1154,3937,t_z_477_473_0,z,0.66666666666666652,0.66666666666666652,-121.33525085449219,0,-121.33525085449219,-122.37909191584183,0.75042721570335069,-126.55681610107422,-121.33525085449219,0.079925537109375,none,0,3.0724804780000006,3.071958999999993,0.00016975421872738873,426993,176,0.16198818700000001,0.029109280000000001,0.19110618600000001,true,branched,
1225,353,94,1179,549,1473,t_z_356_192_0,z,0.68273197890255699,0.68273197890255699,-120.73429107666016,0,-120.73429107666016,-121.69842808200102,0.74841497414612412,-125.85807800292969,-120.73429107666016,0.04956817626953125,none,0,3.0724804780000006,3.071958999999993,0.00016975421872738873,426994,177,0.16158888199999999,0.029009587999999999,0.19060295199999999,true,branched,
1226,354,95,1210,909,2726,t_z_67_68_3,z,0.0010000000000001119,0.0010000000000001119,-120.08473968505859,0,-120.08473968505859,-121.00439190825155,0.75263390741823544,-125.14021301269531,-120.08473968505859,0.001220703125,none,0,3.0724804780000006,3.071958999999993,0.00016975421872738873,427035,178,0.162427351,0.029654364999999999,0.19209073900000001,true,branched,
1227,356,96,1209,1053,3553,t_z_279_278_0,z,0.077229150617073472,0.077229150617073472,-119.38890075683594,0,-119.38890075683594,-120.3077884986442,0.75105963243564877,-124.42945098876953,-119.38890075683594,0.0034942626953125,none,0,3.0724804780000006,3.071958999999993,0.00016975421872738873,427036,179,0.16172593599999999,0.029535644999999999,0.191270256,true,branched,
1228,338,87,1204,557,1466,t_z_345_391_1,z,0.76779679822569102,0.76779679822569102,-116.565673828125,0,-116.565673828125,-117.47105725817507,0.76022248559556016,-121.70395660400391,-116.565673828125,0.0003814697265625,none,0,3.0724804780000006,3.071958999999993,0.00016975421872738873,427348,180,0.16910129500000001,0.029780648999999999,0.198888649,true,branched,
1229,361,88,1200,599,1611,t_z_514_323_1,z,0.83998739470022676,0.83998739470022676,-116.20775604248047,0,-116.20775604248047,-117.11635657628378,0.75962810051562291,-121.34068298339844,-116.20775604248047,0.008544921875,none,0,3.0724804780000006,3.071958999999993,0.00016975421872738873,427352,181,0.16522177099999999,0.029594435999999998,0.19482344600000001,true,branched,
1230,362,89,1209,908,2726,t_z_67_68_3,z,0.0010000000000001119,0.0010000000000001119,-115.51707458496094,0,-115.51707458496094,-116.41636382577043,0.75824088093448161,-120.63774108886719,-115.51707458496094,0.00220489501953125,none,0,3.0724804780000006,3.071958999999993,0.00016975421872738873,427363,182,0.16850051999999999,0.029741608999999999,0.19824761099999999,true,branched,
1231,364,90,1208,1046,3553,t_z_279_278_0,z,0.085226155245005375,0.085226155245005375,-114.82222747802734,0,-114.82222747802734,-115.72043434673587,0.75798250396446232,-119.93682098388672,-114.82222747802734,0.00188446044921875,none,0,3.0724804780000006,3.071958999999993,0.00016975421872738873,427364,183,0.167940175,0.029665741999999998,0.19761419299999999,true,branched,
1232,367,91,1207,660,1909,t_z_545_492_2,z,0.99750000000000005,0.99750000000000005,-114.12763214111328,0,-114.12763214111328,-115.02442043402418,0.75764142139210833,-119.23578643798828,-114.12763214111328,0.00421905517578125,none,0,3.0724804780000006,3.071958999999993,0.00016975421872738873,427365,184,0.16545945500000001,0.030360794,0.195830909,true,branched,
1233,369,92,1206,4,8,t_m_2_0,m,0.010703738730971413,0.010703738730971413,-113.4345703125,0,-113.4345703125,-114.3285987056903,0.75712763132067529,-118.53478240966797,-113.4345703125,0.0063018798828125,none,0,3.0724804780000006,3.071958999999993,0.00016975421872738873,427366,185,0.170069317,0.029658183000000001,0.19973274999999999,true,branched,
1234,371,93,1208,958,2941,t_z_512_508_2,z,0.06421301170675231,0.06421301170675231,-112.49687957763672,0,-112.49687957763672,-113.63181162827851,0.7560790546870757,-117.80043792724609,-112.49687957763672,0.00121307373046875,none,0,3.0724804780000006,3.071958999999993,0.00016975421872738873,427429,186,0.16881743699999999,0.030377342000000002,0.19920607600000001,true,branched,
1235,373,94,1207,914,2777,t_z_358_357_0,z,0.66966666666666663,0.66966666666666663,-111.89733123779297,0,-111.89733123779297,-112.93613663288613,0.75450625113987513,-117.09949493408203,-111.89733123779297,0.1075897216796875,none,0,3.0724804780000006,3.071958999999993,0.00016975421872738873,427434,187,0.17032412,0.029412852999999999,0.19974314400000001,true,branched,
1236,375,95,1204,557,1473,t_z_356_192_0,z,0.66966666666666663,0.66966666666666663,-111.29038238525391,0,-111.29038238525391,-112.24163268333258,0.75304529659454589,-116.39850616455078,-111.29038238525391,0.0173797607421875,none,0,3.0724804780000006,3.071958999999993,0.00016975421872738873,427437,188,0.167624253,0.029702474,0.19733413699999999,true,branched,
1237,376,96,1205,1158,3881,t_z_473_472_0,z,0.5,0.5,-110.62519073486328,0,-110.62519073486328,-111.53942444987317,0.74638359996863946,-115.69198608398438,-110.62519073486328,0.01947784423828125,none,0,3.0724804780000006,3.071958999999993,0.00016975421872738873,427477,189,0.168009506,0.030447208999999999,0.198462208,true,branched,
1238,379,97,1204,1175,3936,t_z_473_477_0,z,0.009000000000000008,0.009000000000000008,-109.92097473144531,0,-109.92097473144531,-110.84327124915646,0.74499202672395781,-114.99091339111328,-109.92097473144531,0.02639007568359375,none,0,3.0724804780000006,3.071958999999993,0.00016975421872738873,427479,190,0.16651438499999999,0.029597086000000002,0.19611752800000001,true,branched,
1239,380,98,1203,843,2583,t_z_334_81_3,z,0.49699999999999989,0.49699999999999989,-109.25013732910156,0,-109.25013732910156,-110.14697490765072,0.74350244150266109,-114.28989410400391,-109.25013732910156,0.00818634033203125,none,0,3.0724804780000006,3.071958999999993,0.00016975421872738873,427480,191,0.166706664,0.029612282,0.19632764799999999,true,branched,
1240,360,88,1202,599,1611,t_z_514_323_1,z,0.83998739470022676,0.83998739470022676,-106.33818054199219,0,-106.33818054199219,-107.21827857069881,0.74056062888953034,-111.39822387695312,-106.33818054199219,0.00807952880859375,none,0,3.0724804780000006,3.071958999999993,0.00016975421872738873,427482,192,0.16622948900000001,0.029626027999999999,0.195861918,true,branched,
1241,384,89,1211,910,2726,t_z_67_68_3,z,0.0010000000000001119,0.0010000000000001119,-106.00503540039062,0,-106.00503540039062,-106.87584233933693,0.73752455485238722,-111.03857421875,-106.00503540039062,0.00232696533203125,none,0,3.0724804780000006,3.071958999999993,0.00016975421872738873,427493,193,0.17203437299999999,0.029782965000000002,0.20182660399999999,true,branched,
1242,386,90,1210,1048,3553,t_z_279_278_0,z,0.085226155245005375,0.085226155245005375,-105.34097290039062,0,-105.34097290039062,-106.21037233841321,0.73655333260244549,-110.33841705322266,-105.34097290039062,0.00092315673828125,none,0,3.0724804780000006,3.071958999999993,0.00016975421872738873,427494,194,0.16499203400000001,0.029663622000000001,0.194665212,true,branched,
1243,389,91,1209,660,1909,t_z_545_492_2,z,0.99750000000000005,0.99750000000000005,-104.67684173583984,0,-104.67684173583984,-105.54512714294484,0.73624730276596406,-109.65000152587891,-104.67684173583984,0.00347137451171875,none,0,3.0724804780000006,3.071958999999993,0.00016975421872738873,427495,195,0.166339561,0.029625964000000001,0.19597453400000001,true,branched,
1244,391,92,1208,4,8,t_m_2_0,m,0.010703738730971413,0.010703738730971413,-104.01368713378906,0,-104.01368713378906,-104.87994922233733,0.73592973465326361,-108.97964477539062,-104.01368713378906,0.0057525634765625,none,0,3.0724804780000006,3.071958999999993,0.00016975421872738873,427496,196,0.16890374599999999,0.029866510999999998,0.198779808,true,branched,
1245,393,93,1210,960,2941,t_z_512_508_2,z,0.06421301170675231,0.06421301170675231,-103.1138916015625,0,-103.1138916015625,-104.213873675638,0.73510108451646761,-108.27220916748047,-103.1138916015625,0.00115966796875,none,0,3.0724804780000006,3.071958999999993,0.00016975421872738873,427559,197,0.169823,0.029710095999999998,0.19954206299999999,true,branched,
1246,395,94,1209,916,2777,t_z_358_357_0,z,0.66966666666666663,0.66966666666666663,-102.54307556152344,0,-102.54307556152344,-103.54900538063522,0.73380340495427576,-107.59512329101562,-102.54307556152344,0.10398101806640625,none,0,3.0724804780000006,3.071958999999993,0.00016975421872738873,427564,198,0.16675425499999999,0.029641074999999999,0.19640387100000001,true,branched,
1247,397,95,1206,557,1473,t_z_356_192_0,z,0.66966666666666663,0.66966666666666663,-101.96232604980469,0,-101.96232604980469,-102.88505737026335,0.73215255419201397,-106.91795349121094,-101.96232604980469,0.0182647705078125,none,0,3.0724804780000006,3.071958999999993,0.00016975421872738873,427567,199,0.164851253,0.029600343000000001,0.194458353,true,branched,
1248,398,96,1207,1160,3881,t_z_473_472_0,z,0.5,0.5,-101.32794952392578,0,-101.32794952392578,-102.21331834516549,0.7246014337708141,-106.23541259765625,-101.32794952392578,0.01746368408203125,none,0,3.0724804780000006,3.071958999999993,0.00016975421872738873,427607,200,0.16732878000000001,0.029442345000000002,0.19677840399999999,true,branched,
1249,401,97,1206,1177,3936,t_z_473_477_0,z,0.009000000000000008,0.009000000000000008,-100.65574645996094,0,-100.65574645996094,-101.54597896367163,0.72139875210014126,-105.55818939208984,-100.65574645996094,0.023162841796875,none,0,3.0724804780000006,3.071958999999993,0.00016975421872738873,427609,201,0.16746830800000001,0.029632623,0.19710951900000001,true,branched,
1250,403,98,1205,844,2583,t_z_334_81_3,z,0.49699999999999989,0.49699999999999989,-100.00927734375,0,-100.00927734375,-100.87700799965759,0.72092547934029738,-104.88128662109375,-100.00927734375,0.0068206787109375,none,0,3.0724804780000006,3.071958999999993,0.00016975421872738873,427616,202,0.16852140299999999,0.032701622,0.20123094,true,branched,
1251,405,99,1228,1166,3830,t_z_333_470_3,z,0.14788273383136707,0.14788273383136707,-99.315185546875,0,-99.315185546875,-100.20834059823996,0.72521703112250446,-104.19739532470703,-99.315185546875,0.02478790283203125,none,0,3.0724804780000006,3.071958999999993,0.00016975421872738873,427655,203,0.169102533,0.029896041000000002,0.19900751999999999,true,branched,
1252,385,89,1198,648,1887,t_z_208_207_3,z,0.15668359443951996,0.15668359443951996,-96.347312927246094,0,-96.347312927246094,-97.319147278749085,0.72944455377316908,-101.40909576416016,-96.347312927246094,0.09815216064453125,none,0,3.0724804780000006,3.071958999999993,0.00016975421872738873,427696,204,0.166307337,0.029626395999999999,0.195942528,true,branched,
1253,408,90,1198,1036,3553,t_z_279_278_0,z,0.092358118440177051,0.092358118440177051,-96.106307983398438,0,-96.106307983398438,-96.978883294310918,0.72720506762536063,-101.06437683105469,-96.106307983398438,0.0037689208984375,none,0,3.0724804780000006,3.071958999999993,0.00016975421872738873,427697,205,0.16792931,0.028913863000000001,0.19684806799999999,true,branched,
1254,411,91,1204,659,1909,t_z_545_492_2,z,0.998,0.998,-95.441566467285156,0,-95.441566467285156,-96.310042713963711,0.73131033747368113,-100.39315795898438,-95.441566467285156,0.0073699951171875,none,0,3.0724804780000006,3.071958999999993,0.00016975421872738873,427702,206,0.16607303400000001,0.030275099999999999,0.19635733999999999,true,branched,
1255,413,92,1203,793,2432,t_z_220_388_0,z,0.092441402521822341,0.092441402521822341,-94.77557373046875,0,-94.77557373046875,-95.638078310642257,0.73102111568819894,-99.720291137695312,-94.77557373046875,0.00171661376953125,none,0,3.0724804780000006,3.071958999999993,0.00016975421872738873,427703,207,0.16467445,0.030258510999999998,0.19494197799999999,true,branched,
1256,415,93,1210,1112,3701,t_z_465_451_2,z,0.33625763423726346,0.33625763423726346,-94.103675842285156,0,-94.103675842285156,-94.964691742195569,0.72801082860722244,-99.038414001464844,-94.103675842285156,0.003814697265625,none,0,3.0724804780000006,3.071958999999993,0.00016975421872738873,427722,208,0.168230247,0.030602358,0.198841353,true,branched,
1257,417,94,1210,1119,3728,t_z_14_15_0,z,0.99900000000000011,0.99900000000000011,-93.43408203125,0,-93.43408203125,-94.291876138734423,0.72775239264262481,-98.361160278320312,-93.43408203125,0.002838134765625,none,0,3.0724804780000006,3.071958999999993,0.00016975421872738873,427724,209,0.16468535500000001,0.029811745000000001,0.19450673499999999,true,branched,
1258,418,95,1216,4,8,t_m_2_0,m,0.0010555555555555873,0.0010555555555555873,-92.746009826660156,0,-92.746009826660156,-93.617814490669659,0.72810408686651862,-97.682830810546875,-92.746009826660156,0.0137176513671875,none,0,3.0724804780000006,3.071958999999993,0.00016975421872738873,427736,210,0.16870590699999999,0.029895360999999999,0.19860788900000001,true,branched,
1259,421,96,1217,971,2941,t_z_512_508_2,z,0.13267129168761671,0.13267129168761671,-91.851936340332031,0,-91.851936340332031,-92.939463769792042,0.72399995368058301,-97.000434875488281,-91.851936340332031,0.0012664794921875,none,0,3.0724804780000006,3.071958999999993,0.00016975421872738873,427855,211,0.16713681799999999,0.029810992000000001,0.196955879,true,branched,
1260,423,97,1216,1188,3937,t_z_477_473_0,z,0.79800000000000004,0.79800000000000004,-91.264732360839844,0,-91.264732360839844,-92.267729012589712,0.72309369155859726,-96.323257446289062,-91.264732360839844,0.03765869140625,none,0,3.0724804780000006,3.071958999999993,0.00016975421872738873,427857,212,0.164426093,0.029613156000000002,0.19404897400000001,true,branched,
1261,425,98,1216,927,2777,t_z_358_357_0,z,0.5,0.5,-90.691780090332031,0,-90.691780090332031,-91.594970709399178,0.71500395621840418,-95.645332336425781,-90.691780090332031,0.00064849853515625,none,0,3.0724804780000006,3.071958999999993,0.00016975421872738873,427867,213,0.16336784600000001,0.030345,0.19372087800000001,true,branched,
1262,392,93,1207,1109,3701,t_z_465_451_2,z,0.33517657811630003,0.33517657811630003,-88.712074279785156,0,-88.712074279785156,-89.569547278681569,0.7314558774521972,-93.656547546386719,-88.712074279785156,0.00189971923828125,none,0,3.0724804780000006,3.071958999999993,0.00016975421872738873,427868,214,0.16550458800000001,0.029502123000000002,0.19501639200000001,true,branched,
1263,429,94,1207,793,2432,t_z_220_388_0,z,0.08186934949719582,0.08186934949719582,-88.373870849609375,0,-88.373870849609375,-89.224938418713108,0.73114337923882111,-93.311759948730469,-88.373870849609375,0.0052947998046875,none,0,3.0724804780000006,3.071958999999993,0.00016975421872738873,427870,215,0.16680551900000001,0.030261715000000002,0.19707582800000001,true,branched,
1264,431,95,1226,826,2491,t_z_326_325_1,z,0.96677633100345961,0.96677633100345961,-87.730873107910156,0,-87.730873107910156,-88.561341302818803,0.7303453014159742,-92.625907897949219,-87.730873107910156,0.00469970703125,none,0,3.0724804780000006,3.071958999999993,0.00016975421872738873,427899,216,0.164774908,0.029234415,0.194018148,true,branched,
1265,433,96,1220,1128,3728,t_z_14_15_0,z,0.99899999999999989,0.99899999999999989,-87.09130859375,0,-87.09130859375,-87.905444492277553,0.72110782128122275,-91.949043273925781,-87.09130859375,7.62939453125e-06,none,0,3.0724804780000006,3.071958999999993,0.00016975421872738873,427902,217,0.16655220400000001,0.030330457000000002,0.19689145599999999,true,branched,
1266,434,97,1234,1144,3732,t_z_14_15_2,z,0.93679300256565767,0.93679300256565767,-86.443397521972656,0,-86.443397521972656,-87.248549116681815,0.71069219169079467,-91.270484924316406,-86.443397521972656,0.00051116943359375,none,0,3.0724804780000006,3.071958999999993,0.00016975421872738873,427920,218,0.16814140899999999,0.031166249,0.19931674999999999,true,branched,
1267,436,98,1234,1121,3657,t_z_453_145_0,z,0.16534590157956464,0.16534590157956464,-85.800674438476562,0,-85.800674438476562,-86.600096648477461,0.70169355983515003,-90.593276977539062,-85.800674438476562,0.0023956298828125,none,0,3.0724804780000006,3.071958999999993,0.00016975421872738873,427922,219,0.16824691,0.029525283999999999,0.19777967799999999,true,branched,
1268,439,99,1218,801,2401,t_z_405_404_0,z,0.00075000000000002842,0.00075000000000002842,-85.161384582519531,0,-85.161384582519531,-85.953742410944798,0.68836076568419091,-89.917144775390625,-85.161384582519531,0.00154876708984375,none,0,3.0724804780000006,3.071958999999993,0.00016975421872738873,427950,220,0.17126823699999999,0.029830580999999998,0.201107754,true,branched,
1269,441,100,1237,983,2941,t_z_512_508_2,z,0.30928685456321314,0.30928685456321314,-84.332801818847656,0,-84.332801818847656,-85.310717817844647,0.68633498463179998,-89.236320495605469,-84.332801818847656,0.001434326171875,none,0,3.0724804780000006,3.071958999999993,0.00016975421872738873,427988,221,0.16997580100000001,0.030001363999999999,0.19998655800000001,true,branched,
1270,443,101,1236,1215,3975,t_z_481_479_3,z,0.999,0.999,-83.87982177734375,0,-83.87982177734375,-84.669529695726908,0.6800650655591175,-88.559089660644531,-83.87982177734375,0.00391387939453125,none,0,3.0724804780000006,3.071958999999993,0.00016975421872738873,427990,222,0.16719079100000001,0.030125197999999999,0.197324746,true,branched,
1271,445,102,1235,1144,3735,t_z_15_14_3,z,0.88421444086967571,0.88421444086967571,-83.242851257324219,0,-83.242851257324219,-84.028538519361234,0.67573671895750309,-87.881385803222656,-83.242851257324219,0.002410888671875,none,0,3.0724804780000006,3.071958999999993,0.00016975421872738873,427990,223,0.16788823,0.030050041999999999,0.19794837600000001,true,branched,
1272,446,103,1241,1130,3662,t_z_145_453_3,z,0.90985032605329708,0.90985032605329708,-82.606460571289062,0,-82.606460571289062,-83.387306028945517,0.67449959260234038,-87.198295593261719,-82.606460571289062,0.0064544677734375,none,0,3.0724804780000006,3.071958999999993,0.00016975421872738873,428020,224,0.16916631800000001,0.031037341999999999,0.20021233199999999,true,branched,
1273,448,104,1233,1136,3713,t_z_466_168_0,z,0.999,0.999,-81.972404479980469,0,-81.972404479980469,-82.744076700202839,0.66899632547768328,-86.517227172851562,-81.972404479980469,3.814697265625e-05,none,0,3.0724804780000006,3.071958999999993,0.00016975421872738873,428046,225,0.16723416399999999,0.030821259,0.198065568,true,branched,
1274,451,105,1232,1047,3135,t_z_401_400_3,z,0.0010000000000000009,0.0010000000000000009,-81.331581115722656,0,-81.331581115722656,-82.104191154628609,0.66748724744362242,-85.840919494628906,-81.331581115722656,0.00063323974609375,none,0,3.0724804780000006,3.071958999999993,0.00016975421872738873,428046,226,0.16741177300000001,0.030188936999999999,0.19760968000000001,true,branched,
1275,453,106,1220,672,1935,t_z_346_34_3,z,0.56898835990550489,0.56898835990550489,-80.668617248535156,0,-80.668617248535156,-81.465752185759001,0.66858872462106556,-85.148643493652344,-80.668617248535156,0.02120208740234375,none,0,3.0724804780000006,3.071958999999993,0.00016975421872738873,428117,227,0.165322675,0.029838666999999999,0.19517116200000001,true,branched,
1276,454,107,1235,651,1785,t_z_237_236_0,z,0.48028570884515343,0.48028570884515343,-80.04534912109375,0,-80.04534912109375,-80.820188199556796,0.66747595159024309,-84.472953796386719,-80.04534912109375,0.00274658203125,none,0,3.0724804780000006,3.071958999999993,0.00016975421872738873,428185,228,0.169882848,0.030063573,0.19995576400000001,true,branched,
1277,457,108,1225,1022,3071,t_z_393_392_3,z,0.66666666666666674,0.66666666666666674,-79.404029846191406,0,-79.404029846191406,-80.184766758510051,0.67256968281338847,-83.825569152832031,-79.404029846191406,0.00101470947265625,none,0,3.0724804780000006,3.071958999999993,0.00016975421872738873,428308,229,0.164977244,0.030419834,0.195402047,true,branched,
1278,458,109,1224,702,2167,t_z_125_124_3,z,0.99661498480964961,0.99661498480964961,-78.761772155761719,0,-78.761772155761719,-79.539424709245267,0.67050165624557112,-83.156074523925781,-78.761772155761719,0.00018310546875,none,0,3.0724804780000006,3.071958999999993,0.00016975421872738873,428326,230,0.16691557200000001,0.029647736000000001,0.19657379899999999,true,branched,
1279,461,110,1224,1018,3063,t_z_392_391_3,z,0.66666666666666674,0.66666666666666674,-78.118919372558594,0,-78.118919372558594,-78.894832928975418,0.66864604860425614,-82.508888244628906,-78.118919372558594,0.00061798095703125,none,0,3.0724804780000006,3.071958999999993,0.00016975421872738873,428328,231,0.165697546,0.029837281,0.19554458899999999,true,branched,
1280,463,111,1233,510,1137,t_z_491_490_0,z,0.99924999999999997,0.99924999999999997,-77.143562316894531,0,-77.143562316894531,-78.246282944133966,0.66593661968189266,-81.855087280273438,-77.143562316894531,0.2906341552734375,none,0,3.0724804780000006,3.071958999999993,0.00016975421872738873,428352,232,0.166925722,0.030028095000000001,0.196959939,true,branched,
1281,465,112,1225,860,2583,t_z_334_81_3,z,0.5,0.5,-76.789138793945312,0,-76.789138793945312,-77.602095754195233,0.66653844259784156,-81.207794189453125,-76.789138793945312,0.0028076171875,none,0,3.0724804780000006,3.071958999999993,0.00016975421872738873,428354,233,0.16782323299999999,0.029785631,0.197613593,true,branched,
1282,467,113,1217,1150,3830,t_z_333_470_3,z,0.11937635721018669,0.11937635721018669,-76.118247985839844,0,-76.118247985839844,-76.956332467673931,0.66539245230386024,-80.556549072265625,-76.118247985839844,0.0259246826171875,none,0,3.0724804780000006,3.071958999999993,0.00016975421872738873,428374,234,0.16617328200000001,0.029630818999999999,0.19580856699999999,true,branched,
1283,468,114,1216,1023,3103,t_z_397_396_3,z,0.5,0.5,-75.496566772460938,0,-75.496566772460938,-76.309817659227477,0.66452146822249603,-79.908294677734375,-75.496566772460938,0.033447265625,none,0,3.0724804780000006,3.071958999999993,0.00016975421872738873,428382,235,0.16493242299999999,0.029615822,0.19455292699999999,true,branched,
1284,471,115,1214,926,2777,t_z_358_357_0,z,0.37766666666666626,0.37766666666666626,-74.882499694824219,0,-74.882499694824219,-75.663974284340171,0.66436318005364414,-79.260871887207031,-74.882499694824219,0.00745391845703125,none,0,3.0724804780000006,3.071958999999993,0.00016975421872738873,428386,236,0.16392416700000001,0.029553255,0.19348563299999999,true,branched,
1285,472,116,1213,1180,3929,t_z_345_326_0,z,0.8038702994351814,0.8038702994351814,-74.242240905761719,0,-74.242240905761719,-75.018770178584944,0.66387793882932178,-78.613311767578125,-74.242240905761719,0.00592041015625,none,0,3.0724804780000006,3.071958999999993,0.00016975421872738873,428394,237,0.16545059600000001,0.029662231000000001,0.195121608,true,branched,
1286,474,117,1212,1100,3648,t_z_537_539_0,z,0.69175918832406968,0.69175918832406968,-73.600715637207031,0,-73.600715637207031,-74.372064118338102,0.66378960387671992,-77.965888977050781,-73.600715637207031,0.00023651123046875,none,0,3.0724804780000006,3.071958999999993,0.00016975421872738873,428395,238,0.16426065100000001,0.029577407,0.19384710099999999,true,branched,
1287,476,118,1220,676,1887,t_z_208_207_3,z,0.00050742033665573949,0.00050742033665573949,-72.796234130859375,0,-72.796234130859375,-73.722078592269142,0.6652705630409147,-77.338348388671875,-72.796234130859375,0.1483001708984375,none,0,3.0724804780000006,3.071958999999993,0.00016975421872738873,428454,239,0.16535238899999999,0.029867894999999998,0.19522525700000001,true,branched,
1288,478,119,1220,1164,3848,t_z_352_403_0,z,0.1326643334490899,0.1326643334490899,-72.297012329101562,0,-72.297012329101562,-73.075061347836353,0.66495987641423981,-76.690971374511719,-72.297012329101562,0.006805419921875,none,0,3.0724804780000006,3.071958999999993,0.00016975421872738873,428455,240,0.16722746199999999,0.029059517999999999,0.19629190199999999,true,branched,
1289,480,120,1211,989,3014,t_z_386_387_3,z,0.999,0.999,-71.656044006347656,0,-71.656044006347656,-72.425593665175754,0.65845862812600942,-76.043647766113281,-71.656044006347656,0.0021209716796875,none,0,3.0724804780000006,3.071958999999993,0.00016975421872738873,428479,241,0.16538697199999999,0.029637884,0.195029602,true,branched,
1290,483,121,1209,666,1872,t_z_207_515_0,z,0.0020000000000000018,0.0020000000000000018,-71.010612487792969,0,-71.010612487792969,-71.779557706897563,0.65872979349125504,-75.396003723144531,-71.010612487792969,0.00389862060546875,none,0,3.0724804780000006,3.071958999999993,0.00016975421872738873,428479,242,0.163952291,0.029573268999999999,0.19353426700000001,true,branched,
1291,484,122,1208,1028,3147,t_z_403_402_1,z,0.875,0.875,-70.367050170898438,0,-70.367050170898438,-71.132836973430301,0.65860008859956942,-74.748565673828125,-70.367050170898438,0.0035552978515625,none,0,3.0724804780000006,3.071958999999993,0.00016975421872738873,428480,243,0.164286188,0.029674082000000001,0.193969054,true,branched,
1292,459,109,1225,703,2167,t_z_125_124_3,z,0.99660939942566418,0.99660939942566418,-67.177101135253906,0,-67.177101135253906,-67.961084003059227,0.67631654163395483,-71.613067626953125,-67.177101135253906,0.00099945068359375,none,0,3.0724804780000006,3.071958999999993,0.00016975421872738873,428807,244,0.168838559,0.030317297999999999,0.19916486899999999,true,branched,
1293,489,110,1225,930,2777,t_z_358_357_0,z,0.35331387290218819,0.35331387290218819,-66.849525451660156,0,-66.849525451660156,-67.633011325135527,0.67463152255721304,-71.280242919921875,-66.849525451660156,0.00035858154296875,none,0,3.0724804780000006,3.071958999999993,0.00016975421872738873,428810,245,0.165686905,0.028927620000000001,0.19462330999999999,true,branched,
1294,490,111,1218,1186,3929,t_z_345_326_0,z,0.80277669358195303,0.80277669358195303,-66.20703125,0,-66.20703125,-66.991327458023051,0.67491109242131764,-70.613189697265625,-66.20703125,0.00450897216796875,none,0,3.0724804780000006,3.071958999999993,0.00016975421872738873,428886,246,0.17306261000000001,0.03032756,0.203400161,true,branched,
1295,493,112,1248,1217,3935,t_z_345_326_3,z,0.74788042016416478,0.74788042016416478,-65.541030883789062,0,-65.541030883789062,-66.338179906209305,0.66558675253931177,-69.857017517089844,-65.541030883789062,0.022735595703125,none,0,3.0724804780000006,3.071958999999993,0.00016975421872738873,428933,247,0.165106578,0.030694527999999999,0.19581088499999999,true,branched,
1296,495,113,1237,1180,3848,t_z_352_403_0,z,0.13549665283164591,0.13549665283164591,-64.923561096191406,0,-64.923561096191406,-65.696327104622455,0.66355587782751602,-69.212867736816406,-64.923561096191406,0.00299835205078125,none,0,3.0724804780000006,3.071958999999993,0.00016975421872738873,428957,248,0.16567431099999999,0.031226318999999999,0.19690949499999999,true,branched,
1297,496,114,1219,1155,3831,t_z_470_333_3,z,0.13681134975095233,0.13681134975095233,-64.272163391113281,0,-64.272163391113281,-65.049965580728227,0.65781617104693313,-68.558876037597656,-64.272163391113281,0.0089111328125,none,0,3.0724804780000006,3.071958999999993,0.00016975421872738873,428999,249,0.16633274000000001,0.029573971000000001,0.195915438,true,branched,
1298,498,115,1217,990,3014,t_z_386_387_3,z,0.999,0.999,-63.637958526611328,0,-63.637958526611328,-64.404638122709045,0.65679041085429768,-67.911384582519531,-63.637958526611328,0.002777099609375,none,0,3.0724804780000006,3.071958999999993,0.00016975421872738873,429003,250,0.16698761300000001,0.030093664999999999,0.19709085600000001,true,branched,
1299,501,116,1215,727,2225,t_z_293_292_0,z,0.99899999999999989,0.99899999999999989,-62.994606018066406,0,-62.994606018066406,-63.758447868441358,0.65689544666825816,-67.26373291015625,-62.994606018066406,2.288818359375e-05,none,0,3.0724804780000006,3.071958999999993,0.00016975421872738873,429003,251,0.168460376,0.029868703999999999,0.198337441,true,branched,
1300,503,117,1209,660,1872,t_z_207_515_0,z,0.0020000000000000018,0.0020000000000000018,-62.349380493164062,0,-62.349380493164062,-63.114822873603813,0.65661172699304149,-66.616828918457031,-62.349380493164062,0.001190185546875,none,0,3.0724804780000006,3.071958999999993,0.00016975421872738873,429004,252,0.169043218,0.029471137000000001,0.198523962,true,branched,
1301,504,118,1208,710,2203,t_z_290_289_1,z,0.73316496981892543,0.73316496981892543,-61.703105926513672,0,-61.703105926513672,-62.467963234478276,0.65646503137025625,-65.969436645507812,-61.703105926513672,0.002246856689453125,none,0,3.0724804780000006,3.071958999999993,0.00016975421872738873,429005,253,0.16861511900000001,0.029363158,0.197983626,true,branched,
1302,507,119,1207,666,1916,t_z_339_544_2,z,0.99849999999999994,0.99849999999999994,-61.056911468505859,0,-61.056911468505859,-61.821584320700453,0.65567947433039619,-65.322967529296875,-61.056911468505859,0.004550933837890625,none,0,3.0724804780000006,3.071958999999993,0.00016975421872738873,429034,254,0.164971598,0.029344202,0.19432205499999999,true,branched,
1303,509,120,1206,1096,3648,t_z_537_539_0,z,0.67564614906200915,0.67564614906200915,-60.413841247558594,0,-60.413841247558594,-61.174729965614837,0.65554557607046471,-64.675514221191406,-60.413841247558594,0.010791778564453125,none,0,3.0724804780000006,3.071958999999993,0.00016975421872738873,429035,255,0.166688369,0.030072253,0.19677006499999999,true,branched,
1304,510,121,1236,193,366,t_m_91_2,m,0.012826913385656891,0.012826913385656891,-59.716331481933594,0,-59.716331481933594,-60.527862808079398,0.66212450403046674,-64.02105712890625,-59.716331481933594,0.043651580810546875,none,0,3.0724804780000006,3.071958999999993,0.00016975421872738873,429151,256,0.16584357599999999,0.029177713000000001,0.19503114499999999,true,branched,
1305,512,122,1232,1048,3147,t_z_403_402_1,z,0.86203476157389103,0.86203476157389103,-59.111785888671875,0,-59.111785888671875,-59.882400407419574,0.66230585242586049,-63.376632690429688,-59.111785888671875,0.0157928466796875,none,0,3.0724804780000006,3.071958999999993,0.00016975421872738873,429152,257,0.16715300399999999,0.029947135,0.197109116,true,branched,
1306,515,123,1205,1114,3721,t_z_466_14_0,z,0.0010000000000000009,0.0010000000000000009,-58.479457855224609,0,-58.479457855224609,-59.234611223149599,0.65911785184273952,-62.737052917480469,-58.479457855224609,0.00431060791015625,none,0,3.0724804780000006,3.071958999999993,0.00016975421872738873,429167,258,0.16534837899999999,0.029279643000000001,0.19463245000000001,true,branched,
1307,517,124,1200,854,2593,t_z_481_382_0,z,0.00077777777777776613,0.00077777777777776613,-57.835971832275391,0,-57.835971832275391,-58.587528626124062,0.65977587234275226,-62.091819763183594,-57.835971832275391,5.340576171875e-05,none,0,3.0724804780000006,3.071958999999993,0.00016975421872738873,429186,259,0.16741540899999999,0.029180890000000001,0.196605009,true,branched,
1308,492,112,1217,1161,3848,t_z_352_403_0,z,0.13601867364209141,0.13601867364209141,-54.787528991699219,0,-54.787528991699219,-55.564588241138317,0.67761233361860751,-59.199169158935547,-54.787528991699219,0.00460052490234375,none,0,3.0724804780000006,3.071958999999993,0.00016975421872738873,429544,260,0.16805810900000001,0.029557442,0.197625618,true,branched,
1309,520,113,1214,984,3014,t_z_386_387_3,z,0.999,0.999,-54.468231201171875,0,-54.468231201171875,-55.234575456999472,0.67037473755439358,-58.866981506347656,-54.468231201171875,0.0003662109375,none,0,3.0724804780000006,3.071958999999993,0.00016975421872738873,429547,261,0.16431414499999999,0.029382210999999998,0.19370413,true,branched,
1310,523,114,1212,656,1872,t_z_207_515_0,z,0.0020000000000000018,0.0020000000000000018,-53.835559844970703,0,-53.835559844970703,-54.597446485714549,0.66595800106748848,-58.219348907470703,-53.835559844970703,0.0013885498046875,none,0,3.0724804780000006,3.071958999999993,0.00016975421872738873,429547,262,0.16414293799999999,0.029353313999999998,0.19350424999999999,true,branched,
1311,524,115,1211,1096,3648,t_z_537_539_0,z,0.68864980793960306,0.68864980793960306,-53.204021453857422,0,-53.204021453857422,-53.962079581300841,0.66104481180724595,-57.571926116943359,-53.204021453857422,0.000537872314453125,none,0,3.0724804780000006,3.071958999999993,0.00016975421872738873,429548,263,0.164662108,0.029431425000000001,0.19410248199999999,true,branched,
1312,526,116,1215,1030,3147,t_z_403_402_1,z,0.89667741355092567,0.89667741355092567,-52.568840026855469,0,-52.568840026855469,-53.323648633289729,0.65540106607146953,-56.936878204345703,-52.568840026855469,0.00579833984375,none,0,3.0724804780000006,3.071958999999993,0.00016975421872738873,429608,264,0.16764557399999999,0.028779563000000001,0.196434784,true,branched,
1313,529,117,1227,673,1916,t_z_339_544_2,z,0.99849999999999994,0.99849999999999994,-51.941074371337891,0,-51.941074371337891,-52.684456008376394,0.65141115850179132,-56.288238525390625,-51.941074371337891,0.000614166259765625,none,0,3.0724804780000006,3.071958999999993,0.00016975421872738873,429627,265,0.17069199099999999,0.029766326999999999,0.20046519700000001,true,branched,
1314,531,118,1226,858,2583,t_z_334_81_3,z,0.33333333333333326,0.33333333333333326,-51.308643341064453,0,-51.308643341064453,-52.048869647948621,0.64856757787215735,-55.640773773193359,-51.308643341064453,0.001583099365234375,none,0,3.0724804780000006,3.071958999999993,0.00016975421872738873,429629,266,0.19012599099999999,0.029988048999999999,0.220123444,true,branched,
1315,532,119,1225,108,198,t_m_49_2,m,0.0010000000000000009,0.0010000000000000009,-50.619026184082031,0,-50.619026184082031,-51.412661531409441,0.64683933690303452,-54.993259429931641,-50.619026184082031,0.057880401611328125,none,0,3.0724804780000006,3.071958999999993,0.00016975421872738873,429638,267,0.16966547700000001,0.030544939,0.20021782699999999,true,branched,
1316,535,120,1234,864,2574,t_z_333_334_3,z,0.89710853189837669,0.89710853189837669,-49.993671417236328,0,-49.993671417236328,-50.768976996744854,0.64542594522644614,-54.341396331787109,-49.993671417236328,0.0266876220703125,none,0,3.0724804780000006,3.071958999999993,0.00016975421872738873,429713,268,0.16809273899999999,0.029880561999999999,0.19798195900000001,true,branched,
1317,537,121,1230,723,2203,t_z_290_289_1,z,0.7791200599357393,0.7791200599357393,-49.379844665527344,0,-49.379844665527344,-50.13322717930243,0.64467867022695502,-53.692668914794922,-49.379844665527344,0.021331787109375,none,0,3.0724804780000006,3.071958999999993,0.00016975421872738873,429728,269,0.16547836899999999,0.029986489000000002,0.19547372800000001,true,branched,
1318,539,122,1239,733,2215,t_z_291_290_3,z,0.99927272727272742,0.99927272727272742,-48.770030975341797,0,-48.770030975341797,-49.495052245280931,0.64208691071344459,-53.045639038085938,-48.770030975341797,0.002346038818359375,none,0,3.0724804780000006,3.071958999999993,0.00016975421872738873,429753,270,0.16670901099999999,0.030862790000000001,0.197577419,true,branched,
1319,541,123,1237,174,312,t_m_78_0,m,0.0087532170747927074,0.0087532170747927074,-48.134834289550781,0,-48.134834289550781,-48.859885050003435,0.64155161136490735,-52.400821685791016,-48.134834289550781,0.0015716552734375,none,0,3.0724804780000006,3.071958999999993,0.00016975421872738873,429756,271,0.164932354,0.030099020000000001,0.19504017300000001,true,branched,
1320,543,124,1226,896,2693,t_z_350_349_2,z,0.79216666666666669,0.79216666666666669,-47.491252899169922,0,-47.491252899169922,-48.228358329412018,0.64269325466265337,-51.757724761962891,-47.491252899169922,0.0081024169921875,none,0,3.0724804780000006,3.071958999999993,0.00016975421872738873,429841,272,0.164352633,0.028966179000000002,0.19332748699999999,true,branched,
1321,545,125,1222,634,1685,t_z_514_350_2,z,0.19392562845393857,0.19392562845393857,-46.754692077636719,0,-46.754692077636719,-47.592848567057359,0.64304660411895365,-51.120792388916016,-46.754692077636719,0.10809326171875,none,0,3.0724804780000006,3.071958999999993,0.00016975421872738873,429846,273,0.16497510600000001,0.030399048000000001,0.19538254299999999,true,branched,
1322,547,126,1224,616,1615,t_z_514_323_3,z,0.10338115648486527,0.10338115648486527,-46.222675323486328,0,-46.222675323486328,-46.955063455245075,0.6411909475028319,-50.482513427734375,-46.222675323486328,0.001361846923828125,none,0,3.0724804780000006,3.071958999999993,0.00016975421872738873,429888,274,0.16797242400000001,0.029567926000000001,0.19754808200000001,true,branched,
1323,549,127,1223,52,96,t_m_24_0,m,0.00066666666666670427,0.00066666666666670427,-45.58648681640625,0,-45.58648681640625,-46.318550870931254,0.64110991500936154,-49.845363616943359,-45.58648681640625,0.001102447509765625,none,0,3.0724804780000006,3.071958999999993,0.00016975421872738873,429889,275,0.16650642800000001,0.030303217,0.19681671000000001,true,branched,
1324,551,128,1223,576,1505,t_z_393_35_0,z,0.0010000000000000009,0.0010000000000000009,-44.876781463623047,0,-44.876781463623047,-45.679779841874527,0.64028092426117234,-49.201519012451172,-44.876781463623047,0.055072784423828125,none,0,3.0724804780000006,3.071958999999993,0.00016975421872738873,429913,276,0.16467163900000001,0.029601222,0.194280325,true,branched,
1325,553,129,1215,656,1879,t_z_515_207_3,z,0.14276139568141283,0.14276139568141283,-44.294162750244141,0,-44.294162750244141,-45.045888798717606,0.64074757530913595,-48.563560485839844,-44.294162750244141,0.02178955078125,none,0,3.0724804780000006,3.071958999999993,0.00016975421872738873,429924,277,0.16582391499999999,0.029010693000000001,0.19484219899999999,true,branched,
1326,555,130,1215,880,2679,t_z_348_347_3,z,0.0010000000000000378,0.0010000000000000378,-43.678504943847656,0,-43.678504943847656,-44.409028038370266,0.64049592733769212,-47.926441192626953,-43.678504943847656,0.000705718994140625,none,0,3.0724804780000006,3.071958999999993,0.00016975421872738873,429926,278,0.166735669,0.028722199,0.195466204,true,branched,
1327,557,131,1212,1132,3785,t_z_467_408_0,z,0.0030000000000001375,0.0030000000000001375,-43.041427612304688,0,-43.041427612304688,-43.77370029235437,0.63945646885564322,-47.285381317138672,-43.041427612304688,0.000698089599609375,none,0,3.0724804780000006,3.071958999999993,0.00016975421872738873,429935,279,0.16662728099999999,0.029613908000000001,0.19624997499999999,true,branched,
1328,559,132,1211,1188,3964,t_z_15_480_2,z,0.43248333333333339,0.43248333333333339,-42.390651702880859,0,-42.390651702880859,-43.123528367915888,0.63868012203951152,-46.629974365234375,-42.390651702880859,0.001232147216796875,none,0,3.0724804780000006,3.071958999999993,0.00016975421872738873,429937,280,0.16558536700000001,0.029595575999999998,0.19518959399999999,true,branched,
1329,561,133,1210,177,349,t_m_87_1,m,0.00050000000000005596,0.00050000000000005596,-41.726673126220703,0,-41.726673126220703,-42.459396308709771,0.63808796951137414,-45.961101531982422,-41.726673126220703,0.000423431396484375,none,0,3.0724804780000006,3.071958999999993,0.00016975421872738873,429938,281,0.16427303400000001,0.029921138999999999,0.194199018,true,branched,
1330,563,134,1219,1120,3723,t_z_466_14_1,z,0.0010000000000000009,0.0010000000000000009,-40.96014404296875,0,-40.96014404296875,-41.793409333452033,0.6360531359020194,-45.290687561035156,-40.96014404296875,0.10070419311523438,none,0,3.0724804780000006,3.071958999999993,0.00016975421872738873,429990,282,0.163656141,0.030307858999999999,0.19397270999999999,true,branched,
1331,564,135,1217,1186,3935,t_z_345_326_3,z,0.99733333333333318,0.99733333333333318,-40.395694732666016,0,-40.395694732666016,-41.130093545529718,0.63589918100019938,-44.625926971435547,-40.395694732666016,0.0055389404296875,none,0,3.0724804780000006,3.071958999999993,0.00016975421872738873,429990,283,0.164502225,0.028863959000000002,0.19337089299999999,true,branched,
1332,567,136,1213,910,2763,t_z_356_355_1,z,0.85706878306878309,0.85706878306878309,-39.741054534912109,0,-39.741054534912109,-40.468077342763777,0.63536713430633229,-43.960723876953125,-39.741054534912109,0.000244140625,none,0,3.0724804780000006,3.071958999999993,0.00016975421872738873,430002,284,0.16404769599999999,0.029648068,0.19370472499999999,true,branched,
1333,569,137,1213,475,962,t_z_117_513_1,z,0.85506878306878331,0.85506878306878331,-39.119152069091797,0,-39.119152069091797,-39.817190476910497,0.62586566809371869,-43.295997619628906,-39.119152069091797,0.00514984130859375,none,0,3.0724804780000006,3.071958999999993,0.00016975421872738873,430004,285,0.165772858,0.028682429999999998,0.19446211399999999,true,branched,
1334,570,138,1217,901,2715,t_z_155_67_1,z,0.43769444444444439,0.43769444444444439,-38.425945281982422,0,-38.425945281982422,-39.186749043774192,0.60809420585650864,-42.628879547119141,-38.425945281982422,0.07822418212890625,none,0,3.0724804780000006,3.071958999999993,0.00016975421872738873,430032,286,0.16613549599999999,0.029703776000000001,0.19584784799999999,true,branched,
1335,573,139,1214,1116,3721,t_z_466_14_0,z,0.0010000000000000378,0.0010000000000000378,-37.891132354736328,0,-37.891132354736328,-38.569775026751898,0.5951094972270714,-41.962894439697266,-37.891132354736328,0.009700775146484375,none,0,3.0724804780000006,3.071958999999993,0.00016975421872738873,430034,287,0.16537998300000001,0.029886481999999999,0.19527525700000001,true,branched,
1336,546,126,1220,52,96,t_m_24_0,m,0.00066666666666659324,0.00066666666666659324,-34.980442047119141,0,-34.980442047119141,-35.656577382322219,0.59824590417626833,-39.052669525146484,-34.980442047119141,0.0020294189453125,none,0,3.0724804780000006,3.071958999999993,0.00016975421872738873,430531,288,0.164257338,0.030348236000000001,0.194612379,true,branched,
1337,577,127,1247,592,1505,t_z_393_35_0,z,0.0010000000000000009,0.0010000000000000009,-34.614154815673828,0,-34.614154815673828,-35.354279301696138,0.59230716603932543,-38.714473724365234,-34.614154815673828,0.05551910400390625,none,0,3.0724804780000006,3.071958999999993,0.00016975421872738873,430579,289,0.16780452100000001,0.029918005000000001,0.197731565,true,branched,
1338,579,128,1223,842,2534,t_z_145_329_3,z,0.00072727272727274306,0.00072727272727274306,-34.057132720947266,0,-34.057132720947266,-34.74920451553357,0.59290613729774921,-38.049472808837891,-34.057132720947266,0.011474609375,none,0,3.0724804780000006,3.071958999999993,0.00016975421872738873,430620,290,0.165937273,0.029651658000000001,0.19559670600000001,true,branched,
1339,581,129,1228,1197,3935,t_z_345_326_3,z,0.8812387173840609,0.8812387173840609,-33.437023162841797,0,-33.437023162841797,-34.134209682576433,0.58717243597929425,-37.392269134521484,-33.437023162841797,0.016292572021484375,none,0,3.0724804780000006,3.071958999999993,0.00016975421872738873,430653,291,0.16417205100000001,0.029683392999999999,0.19386462400000001,true,branched,
1340,583,130,1226,499,1143,t_z_491_490_3,z,0.999,0.999,-32.76275634765625,0,-32.76275634765625,-33.519924898132025,0.59205182654026456,-36.736919403076172,-32.76275634765625,0.0762939453125,none,0,3.0724804780000006,3.071958999999993,0.00016975421872738873,430685,292,0.16710878600000001,0.030254188000000001,0.19737186600000001,true,branched,
1341,585,131,1226,915,2763,t_z_356_355_1,z,0.93854752012824261,0.93854752012824261,-32.224803924560547,0,-32.224803924560547,-32.906390997558397,0.59172582230108728,-36.114456176757812,-32.224803924560547,0.000438690185546875,none,0,3.0724804780000006,3.071958999999993,0.00016975421872738873,430689,293,0.16477207699999999,0.030210363,0.194990465,true,branched,
1342,587,132,1221,611,1615,t_z_514_323_3,z,0.11959198927303294,0.11959198927303294,-31.609306335449219,0,-31.609306335449219,-32.291422647887032,0.59175137548602341,-35.500953674316406,-31.609306335449219,0.0019283294677734375,none,0,3.0724804780000006,3.071958999999993,0.00016975421872738873,430715,294,0.16764548900000001,0.029573796999999999,0.19722794900000001,true,branched,
1343,589,133,1220,978,3006,t_z_385_386_3,z,0.0027500000000001967,0.0027500000000001967,-30.996721267700195,0,-30.996721267700195,-31.678236331314338,0.59166612729923396,-34.887165069580078,-30.996721267700195,0.0007610321044921875,none,0,3.0724804780000006,3.071958999999993,0.00016975421872738873,430716,295,0.16758072099999999,0.030032684,0.19762260000000001,true,branched,
1344,590,134,1206,648,1879,t_z_515_207_3,z,0.11988900124994367,0.11988900124994367,-30.383539199829102,0,-30.383539199829102,-31.065223304786493,0.59144818951872624,-34.273468017578125,-30.383539199829102,0.005374908447265625,none,0,3.0724804780000006,3.071958999999993,0.00016975421872738873,430728,296,0.16420500900000001,0.02952836,0.19374139400000001,true,branched,
1345,593,135,1206,1126,3785,t_z_467_408_0,z,0.0030000000000001375,0.0030000000000001375,-29.774801254272461,0,-29.774801254272461,-30.451618544102505,0.59123060210992739,-33.659645080566406,-29.774801254272461,0.0001430511474609375,none,0,3.0724804780000006,3.071958999999993,0.00016975421872738873,430730,297,0.16355262800000001,0.028483675,0.19204110999999999,true,branched,
1346,595,136,1205,1182,3964,t_z_15_480_2,z,0.43322278635540995,0.43322278635540995,-29.160737991333008,0,-29.160737991333008,-29.838577078981519,0.59042999295488197,-33.041263580322266,-29.160737991333008,0.000728607177734375,none,0,3.0724804780000006,3.071958999999993,0.00016975421872738873,430731,298,0.16785757000000001,0.028495820000000002,0.19636266299999999,true,branched,
1347,597,137,1203,489,1121,t_z_490_489_0,z,0.00019999999999997797,0.00019999999999997797,-28.547317504882812,0,-28.547317504882812,-29.225779179028443,0.58983980171091954,-32.423362731933594,-28.547317504882812,0.002559661865234375,none,0,3.0724804780000006,3.071958999999993,0.00016975421872738873,430733,299,0.16884759599999999,0.029175362999999999,0.19802944,true,branched,
1348,599,138,1202,841,2593,t_z_481_382_0,z,0.0012222222222222356,0.0012222222222222356,-27.93499755859375,0,-27.93499755859375,-28.612158215184774,0.589890228938865,-31.809564590454102,-27.93499755859375,0.000885009765625,none,0,3.0724804780000006,3.071958999999993,0.00016975421872738873,430737,300,0.16853828100000001,0.02917368,0.19772114499999999,true,branched,
1349,601,139,1202,905,2769,t_z_357_356_0,z,0.92798609730196036,0.92798609730196036,-27.16356086730957,0,-27.16356086730957,-28.002594330544877,0.58859337051359617,-31.189157485961914,-27.16356086730957,0.13561248779296875,none,0,3.0724804780000006,3.071958999999993,0.00016975421872738873,430761,301,0.16448560800000001,0.02913514,0.19362531399999999,true,branched,
1350,603,140,1200,882,2679,t_z_348_347_3,z,0.00066666666666659324,0.00066666666666659324,-26.724876403808594,0,-26.724876403808594,-27.405217997233073,0.58739900032499426,-30.5897216796875,-26.724876403808594,0.0007915496826171875,none,0,3.0724804780000006,3.071958999999993,0.00016975421872738873,430762,302,0.16509517100000001,0.029074843,0.19417884799999999,true,branched,
1351,605,141,1198,959,2997,t_z_385_384_2,z,0.49975000000000003,0.49975000000000003,-26.125921249389648,0,-26.125921249389648,-26.806970080469608,0.58677978036641332,-29.988590240478516,-26.125921249389648,0.0023479461669921875,none,0,3.0724804780000006,3.071958999999993,0.00016975421872738873,430772,303,0.16567586100000001,0.029124461000000001,0.19480925299999999,true,branched,
1352,607,142,1198,1129,3829,t_z_470_333_2,z,0.24747889967898118,0.24747889967898118,-25.52836799621582,0,-25.52836799621582,-26.208532323821359,0.58661842741710724,-29.388980865478516,-25.52836799621582,0.00022125244140625,none,0,3.0724804780000006,3.071958999999993,0.00016975421872738873,430777,304,0.16704793400000001,0.029140855,0.19619814199999999,true,branched,
1353,580,129,1223,913,2763,t_z_356_355_1,z,0.93090319240467623,0.93090319240467623,-22.82963752746582,0,-22.82963752746582,-23.510016187915816,0.59132213856462867,-26.717805862426758,-22.82963752746582,0.0019664764404296875,none,0,3.0724804780000006,3.071958999999993,0.00016975421872738873,431148,305,0.167445809,0.028835455999999999,0.19629055200000001,true,branched,
1354,611,130,1223,619,1615,t_z_514_323_3,z,0.11189692303882112,0.11189692303882112,-22.503238677978516,0,-22.503238677978516,-23.183657537789397,0.59309667603018401,-26.392881393432617,-22.503238677978516,0.0020885467529296875,none,0,3.0724804780000006,3.071958999999993,0.00016975421872738873,431175,306,0.16567172299999999,0.029986759000000002,0.19566630900000001,true,branched,
1355,613,131,1222,981,3006,t_z_385_386_3,z,0.0040625000000001224,0.0040625000000001224,-21.904951095581055,0,-21.904951095581055,-22.584746899269216,0.59300508490002923,-25.793373107910156,-21.904951095581055,0.0007038116455078125,none,0,3.0724804780000006,3.071958999999993,0.00016975421872738873,431176,307,0.16557050700000001,0.029589530999999999,0.195168868,true,branched,
1356,614,132,1210,656,1879,t_z_515_207_3,z,0.11215934050040284,0.11215934050040284,-21.3060302734375,0,-21.3060302734375,-21.985938831991401,0.59207654624271744,-25.193920135498047,-21.3060302734375,0.0014057159423828125,none,0,3.0724804780000006,3.071958999999993,0.00016975421872738873,431186,308,0.167068194,0.029876831999999999,0.19695249500000001,true,branched,
1357,617,133,1210,1187,3964,t_z_15_480_2,z,0.43255867317894375,0.43255867317894375,-20.70753288269043,0,-20.70753288269043,-21.386624504909044,0.59185601368929686,-24.594387054443359,-20.70753288269043,0.0030574798583984375,none,0,3.0724804780000006,3.071958999999993,0.00016975421872738873,431188,309,0.16277618399999999,0.028449187000000001,0.191234971,true,branched,
1358,619,134,1208,1178,3935,t_z_345_326_3,z,0.99733333333333318,0.99733333333333318,-20.110754013061523,0,-20.110754013061523,-20.78816697771186,0.59126738169253978,-23.990806579589844,-20.110754013061523,0.0003509521484375,none,0,3.0724804780000006,3.071958999999993,0.00016975421872738873,431190,310,0.167461532,0.029831222000000001,0.197298104,true,branched,
1359,621,135,1199,1121,3785,t_z_467_408_0,z,0.0030000000000001375,0.0030000000000001375,-19.511383056640625,0,-19.511383056640625,-20.189963293831184,0.59198661846027201,-23.391462326049805,-19.511383056640625,2.288818359375e-05,none,0,3.0724804780000006,3.071958999999993,0.00016975421872738873,431198,311,0.16516513199999999,0.029555606000000002,0.194726287,true,branched,
1360,623,136,1198,875,2679,t_z_348_347_3,z,0.0010000000000000378,0.0010000000000000378,-18.911554336547852,0,-18.911554336547852,-19.591110375966373,0.59117956177210973,-22.787269592285156,-18.911554336547852,0.0024356842041015625,none,0,3.0724804780000006,3.071958999999993,0.00016975421872738873,431199,312,0.16339543100000001,0.029121619000000001,0.192522058,true,branched,
1361,625,137,1206,966,2997,t_z_385_384_2,z,0.49975000000000003,0.49975000000000003,-18.311481475830078,0,-18.311481475830078,-18.991215995295132,0.58917176686733397,-22.18293571472168,-18.311481475830078,0.00304412841796875,none,0,3.0724804780000006,3.071958999999993,0.00016975421872738873,431210,313,0.16371671099999999,0.029933581000000001,0.19365558999999999,true,branched,
1362,627,138,1206,853,2593,t_z_481_382_0,z,0.0012222222222222356,0.0012222222222222356,-17.714687347412109,0,-17.714687347412109,-18.392854960996715,0.58899918215314262,-21.583398818969727,-17.714687347412109,0.00173187255859375,none,0,3.0724804780000006,3.071958999999993,0.00016975421872738873,431215,314,0.16619952099999999,0.029396341999999999,0.19560535700000001,true,branched,
1363,629,139,1206,909,2769,t_z_357_356_0,z,0.93286446756647123,0.93286446756647123,-16.953290939331055,0,-16.953290939331055,-17.793962769642793,0.58781383703118606,-20.974100112915039,-16.953290939331055,0.13457489013671875,none,0,3.0724804780000006,3.071958999999993,0.00016975421872738873,431236,315,0.17061763499999999,0.030155577999999999,0.20078243600000001,true,branched,
1364,631,140,1204,177,349,t_m_87_1,m,0.00050000000000000044,0.00050000000000000044,-16.516195297241211,0,-16.516195297241211,-17.196502075638882,0.58660533000560489,-20.37457275390625,-16.516195297241211,0.000102996826171875,none,0,3.0724804780000006,3.071958999999993,0.00016975421872738873,431237,316,0.16662645500000001,0.029265979000000001,0.19589751599999999,true,branched,
1365,633,141,1208,1110,3723,t_z_466_14_1,z,0.0010000000000000009,0.0010000000000000009,-15.817739486694336,0,-15.817739486694336,-16.59688647535463,0.58668150392311214,-19.766935348510742,-15.817739486694336,0.09967041015625,none,0,3.0724804780000006,3.071958999999993,0.00016975421872738873,431259,317,0.164614921,0.030000141000000001,0.194623939,true,branched,
1366,634,142,1206,471,962,t_z_117_513_1,z,0.85685714285714265,0.85685714285714265,-15.31752872467041,0,-15.31752872467041,-15.9987364867038,0.58649982854959926,-19.167425155639648,-15.31752872467041,0.0020284652709960938,none,0,3.0724804780000006,3.071958999999993,0.00016975421872738873,431259,318,0.16645494699999999,0.030152588000000001,0.19661701500000001,true,branched,
1367,637,143,1204,1135,3829,t_z_470_333_2,z,0.26313043456334473,0.26313043456334473,-14.71975040435791,0,-14.71975040435791,-15.398257820313159,0.58113745884799139,-18.568105697631836,-14.71975040435791,0.0056180953979492188,none,0,3.0724804780000006,3.071958999999993,0.00016975421872738873,431261,319,0.16791072700000001,0.029868801,0.19778606300000001,true,branched,
1368,639,144,1186,1162,3978,t_z_72_191_1,z,0.015625298315778191,0.015625298315778191,-13.91679573059082,0,-13.91679573059082,-14.791425477392959,0.56973250952660692,-17.962726593017578,-13.91679573059082,0.099412918090820312,none,0,3.0724804780000006,3.071958999999993,0.00016975421872738873,431314,320,0.187801098,0.032523212000000003,0.22033092100000001,true,branched,
1369,640,145,1184,1121,3837,t_z_470_292_2,z,0.0010000000000000009,0.0010000000000000009,-13.416427612304688,0,-13.416427612304688,-14.193386630432025,0.56911623252294108,-17.363412857055664,-13.416427612304688,0.11007785797119141,none,0,3.0724804780000006,3.071958999999993,0.00016975421872738873,431315,321,0.167593039,0.030665131000000002,0.19826495899999999,true,branched,
1370,642,146,1183,681,2179,t_z_287_286_1,z,0.99849999999999994,0.99849999999999994,-12.92667293548584,0,-12.92667293548584,-13.594666244816397,0.56875980590845832,-16.763887405395508,-12.92667293548584,0.0001544952392578125,none,0,3.0724804780000006,3.071958999999993,0.00016975421872738873,431316,322,0.164826949,0.028832812999999999,0.193668901,true,branched,
1371,644,147,1183,678,2171,t_z_286_125_1,z,0.70441201928075081,0.70441201928075081,-12.326940536499023,0,-12.326940536499023,-12.994708739189607,0.5687270874135012,-16.164300918579102,-12.326940536499023,0.000579833984375,none,0,3.0724804780000006,3.071958999999993,0.00016975421872738873,431323,323,0.167525696,0.029031593000000001,0.196564828,true,branched,
1372,647,148,1185,939,2981,t_z_383_382_2,z,0.49975000000000003,0.49975000000000003,-11.729315757751465,0,-11.729315757751465,-12.395536301206436,0.56874866760823961,-15.564811706542969,-11.729315757751465,0.00024127960205078125,none,0,3.0724804780000006,3.071958999999993,0.00016975421872738873,431328,324,0.16413850099999999,0.029015967,0.193163376,true,branched,
1373,649,149,1184,652,1933,t_z_346_34_2,z,0.0010000000000000009,0.0010000000000000009,-11.129768371582031,0,-11.129768371582031,-11.796834124906644,0.56863065604303198,-14.965299606323242,-11.129768371582031,0.001125335693359375,none,0,3.0724804780000006,3.071958999999993,0.00016975421872738873,431330,325,0.16502262300000001,0.028896954999999998,0.19392867499999999,true,branched,
1374,651,150,1194,281,520,t_m_130_0,m,0.0020000000000001128,0.0020000000000001128,-10.521426200866699,0,-10.521426200866699,-11.195918303638248,0.56894908856654602,-14.369659423828125,-10.521426200866699,0.00750732421875,none,0,3.0724804780000006,3.071958999999993,0.00016975421872738873,431394,326,0.16533571699999999,0.029539348999999999,0.19487958899999999,true,branched,
1375,653,151,1193,90,173,t_m_43_1,m,0.0014545454545452641,0.0014545454545452641,-9.9284334182739258,0,-9.9284334182739258,-10.593044265817417,0.56642472754545226,-13.767063140869141,-9.9284334182739258,0.0013179779052734375,none,0,3.0724804780000006,3.071958999999993,0.00016975421872738873,431427,327,0.16589261999999999,0.029135759000000001,0.19503326600000001,true,branched,
1376,624,137,1195,955,2997,t_z_385_384_2,z,0.49975000000000003,0.49975000000000003,-7.0976362228393555,0,-7.0976362228393555,-7.7767634068572873,0.59224038181540983,-10.976268768310547,-7.0976362228393555,0.0013108253479003906,none,0,3.0724804780000006,3.071958999999993,0.00016975421872738873,431790,328,0.16541489000000001,0.029790179999999999,0.19520947699999999,true,branched,
1377,657,138,1195,842,2593,t_z_481_382_0,z,0.0012222222222223467,0.0012222222222223467,-6.7734541893005371,0,-6.7734541893005371,-7.4527644823784609,0.59206439572098202,-10.65106201171875,-6.7734541893005371,0.0015306472778320312,none,0,3.0724804780000006,3.071958999999993,0.00016975421872738873,431795,329,0.16456699399999999,0.028866091999999999,0.19343744399999999,true,branched,
1378,659,139,1195,899,2769,t_z_357_356_0,z,0.92376022875340358,0.92376022875340358,-6.0118489265441895,0,-6.0118489265441895,-6.8536458270819116,0.59087487171302677,-10.041445732116699,-6.0118489265441895,0.13264608383178711,none,0,3.0724804780000006,3.071958999999993,0.00016975421872738873,431820,330,0.16423310899999999,0.029616729000000001,0.19385857500000001,true,branched,
1379,661,140,1193,177,349,t_m_87_1,m,0.00050000000000000044,0.00050000000000000044,-5.5743670463562012,0,-5.5743670463562012,-6.2562778337803193,0.58964968056591394,-9.4420146942138672,-5.5743670463562012,0.0030007362365722656,none,0,3.0724804780000006,3.071958999999993,0.00016975421872738873,431821,331,0.16407670699999999,0.028955958,0.19303906300000001,true,branched,
1380,663,141,1195,89,173,t_m_43_1,m,0.0014545454545454861,0.0014545454545454861,-4.978029727935791,0,-4.978029727935791,-5.6578148107648394,0.58970509272931571,-8.8348970413208008,-4.978029727935791,0.0011491775512695312,none,0,3.0724804780000006,3.071958999999993,0.00016975421872738873,431840,332,0.16529100199999999,0.029648766,0.194948762,true,branched,
1381,665,142,1240,674,1857,t_z_508_507_0,z,0.015844911837952613,0.015844911837952613,-4.1407408714294434,0,-4.1407408714294434,-5.0467203044122266,0.59587781860903466,-8.1661882400512695,-4.1407408714294434,0.024659156799316406,none,0,3.0724804780000006,3.071958999999993,0.00016975421872738873,432398,333,0.16634559500000001,0.030938452000000002,0.19728971300000001,true,branched,
1382,667,143,1249,1234,4003,t_z_464_167_1,z,0.36795609189097145,0.36795609189097145,-3.5653645992279053,0,-3.5653645992279053,-4.4447393333367868,0.59438372687062191,-7.5663480758666992,-3.5653645992279053,0.033278465270996094,none,0,3.0724804780000006,3.071958999999993,0.00016975421872738873,432411,334,0.16613159899999999,0.029719189999999999,0.19585677400000001,true,branched,
1383,669,144,1251,489,1040,t_z_329_341_0,z,0.036715403938303415,0.036715403938303415,-2.9975299835205078,0,-2.9975299835205078,-3.8449271901143636,0.59356671192715027,-6.9620194435119629,-2.9975299835205078,0.019903898239135742,none,0,3.0724804780000006,3.071958999999993,0.00016975421872738873,432452,335,0.16600958299999999,0.029726860000000001,0.19574440800000001,true,branched,
1384,671,145,1250,544,1323,t_z_282_121_1,z,0.999,0.999,-2.417248010635376,0,-2.417248010635376,-3.2426997556686401,0.59182191223680303,-6.3636059761047363,-2.417248010635376,0.062055826187133789,none,0,3.0724804780000006,3.071958999999993,0.00016975421872738873,432477,336,0.16599356500000001,0.029347754,0.19535016399999999,true,branched,
1385,672,146,1247,734,2210,t_z_290_291_1,z,0.0010000000000000831,0.0010000000000000831,-1.8925929069519043,0,-1.8925929069519043,-2.6447361538480929,0.59495152429215947,-5.760221004486084,-1.8925929069519043,0.0093410015106201172,none,0,3.0724804780000006,3.071958999999993,0.00016975421872738873,432579,337,0.165413751,0.029563290999999998,0.194986468,true,branched,
1386,674,147,1245,1033,3056,t_z_391_392_0,z,0.16194998499851798,0.16194998499851798,-1.302037239074707,0,-1.302037239074707,-2.0462520656815495,0.5947388381690536,-5.160362720489502,-1.302037239074707,0.0012524127960205078,none,0,3.0724804780000006,3.071958999999993,0.00016975421872738873,432579,338,0.16484515799999999,0.029647225999999999,0.19450214699999999,true,branched,
1387,677,148,1247,934,2731,t_z_351_68_1,z,0.999,0.999,-0.70333099365234375,0,-0.70333099365234375,-1.4464306909749292,0.59443490962617707,-4.5607638359069824,-0.70333099365234375,0.0088443756103515625,none,0,3.0724804780000006,3.071958999999993,0.00016975421872738873,432593,339,0.166688377,0.029584218999999998,0.19628021900000001,true,branched,
1388,679,149,1246,745,2235,t_z_294_293_1,z,0.998,0.998,-0.11680672317743301,0,-0.11680672317743301,-0.84842411341985768,0.59346493270650669,-3.9610755443572998,-0.11680672317743301,0.019760601222515106,none,0,3.0724804780000006,3.071958999999993,0.00016975421872738873,432593,340,0.165285826,0.029643569000000002,0.19493766900000001,true,branched,
1389,680,150,1268,1052,3049,t_z_391_390_0,z,0.0015000000000000568,0.0015000000000000568,0.4613514244556427,0,0.4613514244556427,-0.25047927450282903,0.58938569403555541,-3.3531856536865234,0.4613514244556427,0.00057625770568847656,none,0,3.0724804780000006,3.071958999999993,0.00016975421872738873,432635,341,0.16699107099999999,0.030071420000000001,0.19707003200000001,true,branched,
1390,683,151,1286,1215,3829,t_z_470_333_2,z,0.085422921612794522,0.085422921612794522,1.0589041709899902,0,1.0589041709899902,0.34850250047806819,0.58741644929443693,-2.7535219192504883,1.0589041709899902,0.010005950927734375,none,0,3.0724804780000006,3.071958999999993,0.00016975421872738873,432671,342,0.16988552100000001,0.030435609999999998,0.20032745499999999,true,branched,
1391,685,152,1274,243,441,t_m_110_1,m,0.083197871656687294,0.083197871656687294,1.6676175594329834,0,1.6676175594329834,0.9489247237143561,0.57524575190759875,-2.1505825519561768,1.6676175594329834,0.020253896713256836,none,0,3.0724804780000006,3.071958999999993,0.00016975421872738873,432765,343,0.16803062999999999,0.029470705999999999,0.19750842099999999,true,branched,
1392,687,153,1290,895,2520,t_z_328_329_0,z,0.00050000000000000044,0.00050000000000000044,2.2451233863830566,0,2.2451233863830566,1.5543353839495848,0.57272147779837934,-1.5428574085235596,2.2451233863830566,0.0069789886474609375,none,0,3.0724804780000006,3.071958999999993,0.00016975421872738873,432865,344,0.16771313099999999,0.030444368999999999,0.19816172300000001,true,branched,
1393,622,136,1199,875,2679,t_z_348_347_3,z,0.0010000000000000378,0.0010000000000000378,5.425443172454834,0,5.425443172454834,4.7476632310709821,0.59099439014533039,1.5476658344268799,5.425443172454834,0.0018634796142578125,none,0,3.0724804780000006,3.071958999999993,0.00016975421872738873,432867,345,0.16649051100000001,0.028477423000000002,0.19497631800000001,true,branched,
1394,691,137,1207,966,2997,t_z_385_384_2,z,0.49975000000000003,0.49975000000000003,5.7499136924743652,0,5.7499136924743652,5.0713115609571178,0.58912982497219601,1.8763275146484375,5.7499136924743652,0.0044474601745605469,none,0,3.0724804780000006,3.071958999999993,0.00016975421872738873,432878,346,0.16418324500000001,0.030987705000000001,0.19518055400000001,true,branched,
1395,693,138,1207,471,962,t_z_117_513_1,z,0.85685714285714287,0.85685714285714287,6.3426928520202637,0,6.3426928520202637,5.6670028005835436,0.58895754019438784,2.4732012748718262,6.3426928520202637,6.67572021484375e-05,none,0,3.0724804780000006,3.071958999999993,0.00016975421872738873,432883,347,0.16309857799999999,0.029466545,0.19257460500000001,true,branched,
1396,695,139,1205,851,2593,t_z_481_382_0,z,0.0012222222222223467,0.0012222222222223467,6.9389681816101074,0,6.9389681816101074,6.2647657521038136,0.58354941528216808,3.069782018661499,6.9389681816101074,0.0029354095458984375,none,0,3.0724804780000006,3.071958999999993,0.00016975421872738873,432885,348,0.163309275,0.028479931999999999,0.19179760000000001,true,branched,
1397,697,140,1209,910,2769,t_z_357_356_0,z,0.91970566586211822,0.91970566586211822,7.6978945732116699,0,7.6978945732116699,6.8612906798732682,0.58162497459541751,3.6781527996063232,7.6978945732116699,0.13008308410644531,none,0,3.0724804780000006,3.071958999999993,0.00016975421872738873,432910,349,0.16401680199999999,0.029860714,0.19388708900000001,true,branched,
1398,699,141,1207,1139,3829,t_z_470_333_2,z,0.26085342782169607,0.26085342782169607,8.1325893402099609,0,8.1325893402099609,7.456029210489648,0.58039125584509066,4.2749185562133789,8.1325893402099609,0.002384185791015625,none,0,3.0724804780000006,3.071958999999993,0.00016975421872738873,432911,350,0.16183414099999999,0.029451286,0.19129544900000001,true,branched,
1399,701,142,1189,1128,3837,t_z_470_292_2,z,0.0010000000000000009,0.0010000000000000009,8.8346385955810547,0,8.8346385955810547,8.0608854273771211,0.57173624724864114,4.8749074935913086,8.8346385955810547,0.039455413818359375,none,0,3.0724804780000006,3.071958999999993,0.00016975421872738873,432993,351,0.16941642500000001,0.029771051,0.19919896600000001,true,branched,
1400,702,143,1188,184,366,t_m_91_2,m,0.010459457005811634,0.010459457005811634,9.3908958435058594,0,9.3908958435058594,8.6568443558432833,0.57138763614015231,5.4716649055480957,9.3908958435058594,0.034887313842773438,none,0,3.0724804780000006,3.071958999999993,0.00016975421872738873,432994,352,0.16920209999999999,0.029137758999999999,0.198349989,true,branched,
1401,704,144,1187,617,1682,t_z_350_514_1,z,0.35426366584005642,0.35426366584005642,9.9533557891845703,0,9.9533557891845703,9.2530787896989466,0.5711841335367237,6.068300724029541,9.9533557891845703,0.027029991149902344,none,0,3.0724804780000006,3.071958999999993,0.00016975421872738873,432995,353,0.19456810999999999,0.029237547999999999,0.22381480200000001,true,branched,
1402,707,145,1186,689,2179,t_z_287_286_1,z,0.99886363636363629,0.99886363636363629,10.520573616027832,0,10.520573616027832,9.8469844511749365,0.57511631784954731,6.6682472229003906,10.520573616027832,0.0008258819580078125,none,0,3.0724804780000006,3.071958999999993,0.00016975421872738873,433024,354,0.16319947400000001,0.028220769,0.19142891500000001,true,branched,
1403,708,146,1175,234,458,t_m_114_2,m,0.00066666666666659324,0.00066666666666659324,11.131172180175781,0,11.131172180175781,10.443498482805618,0.57434966941997034,7.277747631072998,11.131172180175781,0.013597488403320312,none,0,3.0724804780000006,3.071958999999993,0.00016975421872738873,433109,355,0.16283699600000001,0.028680053,0.19152196899999999,true,branched,
1404,711,147,1168,668,2171,t_z_286_125_1,z,0.73461476657673352,0.73461476657673352,11.721889495849609,0,11.721889495849609,11.042995706812976,0.57171151205891546,7.8835420608520508,11.721889495849609,0.006103515625,none,0,3.0724804780000006,3.071958999999993,0.00016975421872738873,433165,356,0.165078584,0.02932653,0.194412363,true,branched,
1405,713,148,1170,170,349,t_m_87_1,m,0.00050000000000000044,0.00050000000000000044,12.310290336608887,0,12.310290336608887,11.63929668736254,0.57188837347273525,8.4802799224853516,12.310290336608887,0.0064630508422851562,none,0,3.0724804780000006,3.071958999999993,0.00016975421872738873,433169,357,0.16325594099999999,0.028821801000000001,0.19208496899999999,true,branched,
1406,715,149,1170,1077,3723,t_z_466_14_1,z,0.0010000000000000009,0.0010000000000000009,13.018036842346191,0,13.018036842346191,12.238871633089506,0.57536931726268425,9.0877161026000977,13.018036842346191,0.00047397613525390625,none,0,3.0724804780000006,3.071958999999993,0.00016975421872738873,433236,358,0.16362627499999999,0.029401957999999999,0.193034493,true,branched,
1407,716,150,1171,513,1327,t_z_282_121_3,z,0.0010000000000000009,0.0010000000000000009,13.61454963684082,0,13.61454963684082,12.833949979200616,0.57469733390006716,9.6852941513061523,13.61454963684082,0.073940277099609375,none,0,3.0724804780000006,3.071958999999993,0.00016975421872738873,433248,359,0.16387407000000001,0.02948025,0.193359531,true,branched,
1408,718,151,1176,868,2697,t_z_350_154_0,z,0.00050000000000000044,0.00050000000000000044,14.137723922729492,0,14.137723922729492,13.430270109857831,0.57324383771151266,10.282279968261719,14.137723922729492,0.042056083679199219,none,0,3.0724804780000006,3.071958999999993,0.00016975421872738873,433250,360,0.16426906499999999,0.029876920000000001,0.194152765,true,branched,
1409,720,152,1168,1008,3551,t_z_453_282_3,z,0.00050000000000005596,0.00050000000000005596,14.692702293395996,0,14.692702293395996,14.024366056265896,0.57402029383714737,10.878710746765137,14.692702293395996,0.0029268264770507812,none,0,3.0724804780000006,3.071958999999993,0.00016975421872738873,433251,361,0.16228469000000001,0.029230485,0.19151997400000001,true,branched,
1410,690,137,1196,178,349,t_m_87_1,m,0.00050000000000000044,0.00050000000000000044,17.584024429321289,0,17.584024429321289,16.949688695346232,0.57433410345776159,13.780525207519531,17.584024429321289,0.00029754638671875,none,0,3.0724804780000006,3.071958999999993,0.00016975421872738873,433688,362,0.17127864100000001,0.029314552000000001,0.20059839600000001,true,branched,
1411,725,138,1200,1101,3723,t_z_466_14_1,z,0.0010000000000000009,0.0010000000000000009,17.969282150268555,0,17.969282150268555,17.251514887015023,0.56495229410776393,14.112310409545898,17.969282150268555,0.091665267944335938,none,0,3.0724804780000006,3.071958999999993,0.00016975421872738873,433706,363,0.163471593,0.029737532000000001,0.19321396800000001,true,branched,
1412,726,139,1198,955,2997,t_z_385_384_2,z,0.49975000000000003,0.49975000000000003,18.425090789794922,0,18.425090789794922,17.803432526691928,0.55199620343454248,14.709072113037109,18.425090789794922,0.001132965087890625,none,0,3.0724804780000006,3.071958999999993,0.00016975421872738873,433706,364,0.162467113,0.029878994999999998,0.19235437699999999,true,branched,
1413,729,140,1198,842,2593,t_z_481_382_0,z,0.0012222222222222356,0.0012222222222222356,18.971462249755859,0,18.971462249755859,18.352350635401194,0.5436290534903585,15.305876731872559,18.971462249755859,0.0024013519287109375,none,0,3.0724804780000006,3.071958999999993,0.00016975421872738873,433711,365,0.16516973700000001,0.029105902999999999,0.194280956,true,branched,
1414,731,141,1201,903,2769,t_z_357_356_0,z,0.87842311067447731,0.87842311067447731,19.65937614440918,0,19.65937614440918,18.901100233333693,0.5383901758337426,15.91400146484375,19.65937614440918,0.111083984375,none,0,3.0724804780000006,3.071958999999993,0.00016975421872738873,433738,366,0.16435898700000001,0.029111905,0.19347699199999999,true,branched,
1415,733,142,1199,90,173,t_m_43_1,m,0.0014545454545454861,0.0014545454545454861,20.065088272094727,0,20.065088272094727,19.446812787982601,0.53596511815710846,16.51080322265625,20.065088272094727,0.0008029937744140625,none,0,3.0724804780000006,3.071958999999993,0.00016975421872738873,433739,367,0.16362600799999999,0.029133180000000002,0.19276517500000001,true,branched,
1416,735,143,1188,555,1474,t_z_192_356_1,z,0.091630406278536802,0.091630406278536802,20.877025604248047,0,20.877025604248047,20.018998073809076,0.52225190173945435,17.167112350463867,20.877025604248047,0.02230072021484375,none,0,3.0724804780000006,3.071958999999993,0.00016975421872738873,434311,368,0.163556652,0.029627875000000001,0.19319118599999999,true,branched,
1417,737,144,1187,1172,4003,t_z_464_167_1,z,0.18305615175675749,0.18305615175675749,21.399759292602539,0,21.399759292602539,20.564067806832011,0.52127614965373081,17.717517852783203,21.399759292602539,0.050266265869140625,none,0,3.0724804780000006,3.071958999999993,0.00016975421872738873,434345,369,0.163436886,0.029458040000000001,0.19290484499999999,true,branched,
1418,738,145,1380,807,2123,t_z_281_120_1,z,0.085080953870564135,0.085080953870564135,21.92704963684082,0,21.92704963684082,21.143000677357549,0.51605457538987609,18.286846160888672,21.92704963684082,0.0089244842529296875,none,0,3.0724804780000006,3.071958999999993,0.00016975421872738873,434561,370,0.17105484900000001,0.032936351000000003,0.20400065100000001,true,branched,
1419,741,146,1373,1346,3978,t_z_72_191_1,z,0.06796666666666662,0.06796666666666662,22.468019485473633,0,22.468019485473633,21.697352610099777,0.51298404176224499,18.842090606689453,22.468019485473633,0.0014972686767578125,none,0,3.0724804780000006,3.071958999999993,0.00016975421872738873,434571,371,0.170059721,0.032764069,0.202831397,true,branched,
1420,743,147,1377,664,1464,t_z_345_391_0,z,0.00050000000000016698,0.00050000000000016698,23.023506164550781,0,23.023506164550781,22.253229526306463,0.51091795954104047,19.398853302001953,23.023506164550781,0.013181686401367188,none,0,3.0724804780000006,3.071958999999993,0.00016975421872738873,434604,372,0.17072375300000001,0.032037942999999999,0.20276777500000001,true,branched,
1421,744,148,1376,989,2597,t_z_481_382_2,z,0.011142827069859695,0.011142827069859695,23.566795349121094,0,23.566795349121094,22.808943740157194,0.51070525014159662,19.954946517944336,23.566795349121094,0.05429840087890625,none,0,3.0724804780000006,3.071958999999993,0.00016975421872738873,434607,373,0.173314674,0.032083629000000002,0.20540599400000001,true,branched,
1422,747,149,1366,1286,3825,t_z_470_333_0,z,0.76424581195904839,0.76424581195904839,24.045061111450195,0,24.045061111450195,23.364946733980194,0.50837869165597949,20.512802124023438,24.045061111450195,0.003955841064453125,none,0,3.0724804780000006,3.071958999999993,0.00016975421872738873,434658,374,0.16889127100000001,0.031808861000000001,0.200710682,true,branched,
1423,748,150,1372,558,1041,t_z_341_329_0,z,0.018784956230432193,0.018784956230432193,24.598407745361328,0,24.598407745361328,23.918663626857125,0.51591302424590724,21.073337554931641,24.598407745361328,0.009548187255859375,none,0,3.0724804780000006,3.071958999999993,0.00016975421872738873,434859,375,0.170325005,0.031847034000000003,0.20217738599999999,true,branched,
1424,751,151,1374,824,2210,t_z_290_291_1,z,0.0010000000000001386,0.0010000000000001386,25.146697998046875,0,25.146697998046875,24.480004761763883,0.51312531716089149,21.636383056640625,25.146697998046875,0.0005245208740234375,none,0,3.0724804780000006,3.071958999999993,0.00016975421872738873,434938,376,0.17015381199999999,0.031862377999999997,0.20202468800000001,true,branched,
1425,752,152,1372,1340,3939,t_z_477_473_1,z,0.30059999999999998,0.30059999999999998,25.720279693603516,0,25.720279693603516,25.052854293289407,0.5129690242892756,22.210136413574219,25.720279693603516,0.01030731201171875,none,0,3.0724804780000006,3.071958999999993,0.00016975421872738873,434940,377,0.16985882499999999,0.031826577000000002,0.20169488299999999,true,branched,
1426,755,153,1360,619,1323,t_z_282_121_1,z,0.49899999999999994,0.49899999999999994,26.284336090087891,0,26.284336090087891,25.627161108746247,0.51008083429037676,22.787130355834961,26.284336090087891,0.0099811553955078125,none,0,3.0724804780000006,3.071958999999993,0.00016975421872738873,435003,378,0.16899075299999999,0.031729006999999997,0.20072867599999999,true,branched,
1427,756,154,1367,998,2616,t_z_340_341_0,z,0.00019999999999997803,0.00019999999999997803,26.874683380126953,0,26.874683380126953,26.204594404922407,0.50984772474947859,23.365901947021484,26.874683380126953,0.025409698486328125,none,0,3.0724804780000006,3.071958999999993,0.00016975421872738873,435096,379,0.17118878300000001,0.031923524000000002,0.20311934300000001,true,branched,
1428,758,155,1368,1247,3660,t_z_145_453_2,z,0.87648840791315774,0.87648840791315774,27.425458908081055,0,27.425458908081055,26.780906356566135,0.50963184052483201,23.941802978515625,27.425458908081055,0.0052642822265625,none,0,3.0724804780000006,3.071958999999993,0.00016975421872738873,435097,380,0.170848475,0.031969516000000003,0.202827866,true,branched,
1429,760,156,1366,1038,2697,t_z_350_154_0,z,0.028223898893298571,0.028223898893298571,27.977945327758789,0,27.977945327758789,27.352690323903655,0.50666667642887864,24.517751693725586,27.977945327758789,0.0030670166015625,none,0,3.0724804780000006,3.071958999999993,0.00016975421872738873,435106,381,0.16941249899999999,0.031991053999999998,0.20141278400000001,true,branched,
1430,730,141,1197,90,173,t_m_43_1,m,0.0014545454545454861,0.0014545454545454861,30.577281951904297,0,30.577281951904297,29.988457895659764,0.51481057996863444,27.183383941650391,30.577281951904297,0.001270294189453125,none,0,3.0724804780000006,3.071958999999993,0.00016975421872738873,435478,382,0.16822283499999999,0.028460974999999999,0.19669072400000001,true,branched,
1431,765,142,1220,508,1137,t_z_491_490_0,z,0.998,0.998,31.174407958984375,0,31.174407958984375,30.307227212874615,0.50459572289645271,27.549762725830078,31.174407958984375,0.062368392944335938,none,0,3.0724804780000006,3.071958999999993,0.00016975421872738873,435839,383,0.16590328300000001,0.029661818,0.19557108500000001,true,branched,
1432,767,143,1219,1204,4003,t_z_464_167_1,z,0.19011798338058161,0.19011798338058161,31.670829772949219,0,31.670829772949219,30.864923732216187,0.50399965717039141,28.121696472167969,31.670829772949219,0.078290939331054688,none,0,3.0724804780000006,3.071958999999993,0.00016975421872738873,435841,384,0.16637292100000001,0.029675541999999999,0.19605850499999999,true,branched,
1433,768,144,1281,524,1040,t_z_329_341_0,z,0.026179927767685629,0.026179927767685629,32.159549713134766,0,32.159549713134766,31.424300312158376,0.50627607981474765,28.801584243774414,32.159549713134766,0.00450897216796875,none,0,3.0724804780000006,3.071958999999993,0.00016975421872738873,435930,385,0.166699244,0.030516130999999998,0.19722511400000001,true,branched,
1434,771,145,1297,591,1323,t_z_282_121_1,z,0.999,0.999,32.706302642822266,0,32.706302642822266,31.977330171795376,0.50445251201635721,29.352895736694336,32.706302642822266,0.0855712890625,none,0,3.0724804780000006,3.071958999999993,0.00016975421872738873,435957,386,0.166123464,0.030821857000000001,0.19695061799999999,true,branched,
1435,772,146,1312,793,2210,t_z_290_291_1,z,0.0010000000000001386,0.0010000000000001386,33.179157257080078,0,33.179157257080078,32.530484789755285,0.5058722077068587,29.909292221069336,33.179157257080078,0.02783966064453125,none,0,3.0724804780000006,3.071958999999993,0.00016975421872738873,436019,387,0.16839194099999999,0.031074587000000001,0.199472064,true,branched,
1436,774,147,1310,80,134,t_m_33_2,m,0.0069841557938713217,0.0069841557938713217,33.707248687744141,0,33.707248687744141,33.085103369851147,0.50571404491232141,30.464849472045898,33.707248687744141,0.01163482666015625,none,0,3.0724804780000006,3.071958999999993,0.00016975421872738873,436021,388,0.16673901599999999,0.031119026000000001,0.197865186,true,branched,
1437,776,148,1310,80,132,t_m_33_0,m,0.0069858573241395883,0.0069858573241395883,34.250385284423828,0,34.250385284423828,33.640695343308778,0.50569215958378577,31.020257949829102,34.250385284423828,0.00052642822265625,none,0,3.0724804780000006,3.071958999999993,0.00016975421872738873,436022,389,0.167444379,0.031369952999999999,0.198824375,true,branched,
1438,779,149,1309,1239,3829,t_z_470_333_2,z,0.11196920936014521,0.11196920936014521,34.807872772216797,0,34.807872772216797,34.196026677480631,0.50499062349901325,31.578561782836914,34.807872772216797,0.003734588623046875,none,0,3.0724804780000006,3.071958999999993,0.00016975421872738873,436049,390,0.16955551799999999,0.031105527000000001,0.200670977,true,branched,
1439,781,150,1290,1226,3837,t_z_470_292_2,z,0.0010000000000000009,0.0010000000000000009,35.431854248046875,0,35.431854248046875,34.754359486306363,0.49686749620550458,32.13470458984375,35.431854248046875,0.067928314208984375,none,0,3.0724804780000006,3.071958999999993,0.00016975421872738873,436142,391,0.1680769,0.031659135999999997,0.199742054,true,branched,
1440,782,151,1289,699,1787,t_z_237_236_1,z,0.6767223381206493,0.6767223381206493,35.919788360595703,0,35.919788360595703,35.309287427098738,0.49658652272603077,32.690261840820312,35.919788360595703,0.01192474365234375,none,0,3.0724804780000006,3.071958999999993,0.00016975421872738873,436143,392,0.17067977500000001,0.030742897000000002,0.20142811799999999,true,branched,
1441,784,152,1258,510,1142,t_z_490_491_3,z,0.0010000000000001119,0.0010000000000001119,36.639347076416016,0,36.639347076416016,35.869011101169313,0.51108844756498994,33.257827758789062,36.639347076416016,0.037960052490234375,none,0,3.0724804780000006,3.071958999999993,0.00016975421872738873,436433,393,0.166118606,0.029580516000000001,0.19570596300000001,true,branched,
1442,786,153,1281,1198,3777,t_z_467_407_0,z,0.00050000000000005596,0.00050000000000005596,37.157184600830078,0,37.157184600830078,36.428125588434177,0.50831435276175763,33.813816070556641,37.157184600830078,0.051502227783203125,none,0,3.0724804780000006,3.071958999999993,0.00016975421872738873,436445,394,0.165919968,0.030101545,0.19602704600000001,true,branched,
1443,789,154,1329,1063,2963,t_z_381_380_1,z,0.95237515006002393,0.95237515006002393,37.665748596191406,0,37.665748596191406,36.992048778777914,0.50461412209709233,34.381103515625,37.665748596191406,0.02030181884765625,none,0,3.0724804780000006,3.071958999999993,0.00016975421872738873,436585,395,0.167520687,0.030887279,0.19841694900000001,true,branched,
1444,790,155,1335,942,2595,t_z_481_382_1,z,0.0010000000000000009,0.0010000000000000009,38.235103607177734,0,38.235103607177734,37.545542884855237,0.50454075236625806,34.93707275390625,38.235103607177734,0.030246734619140625,none,0,3.0724804780000006,3.071958999999993,0.00016975421872738873,436650,396,0.16882049499999999,0.030694201000000001,0.19952331400000001,true,branched,
1445,792,156,1335,247,441,t_m_110_1,m,0.019724513250177211,0.019724513250177211,38.761192321777344,0,38.761192321777344,38.100983154639771,0.50430527965728589,35.492626190185547,38.761192321777344,0.029144287109375,none,0,3.0724804780000006,3.071958999999993,0.00016975421872738873,436651,397,0.170105433,0.032507751000000001,0.20262043800000001,true,branched,
1446,795,157,1337,1308,3978,t_z_72_191_1,z,0.0016669169169164499,0.0016669169169164499,39.412452697753906,0,39.412452697753906,38.654590401260727,0.50843818917498484,36.055740356445312,39.412452697753906,0.12308502197265625,none,0,3.0724804780000006,3.071958999999993,0.00016975421872738873,436748,398,0.17014264500000001,0.030818116999999999,0.20096641500000001,true,branched,
1447,764,142,1205,90,172,t_m_43_0,m,0.0014545454545454861,0.0014545454545454861,41.612659454345703,0,41.612659454345703,41.015329799414673,0.51470787328617318,38.238849639892578,41.612659454345703,0.006591796875,none,0,3.0724804780000006,3.071958999999993,0.00016975421872738873,437209,399,0.163675768,0.030016607000000001,0.19370183199999999,true,branched,
1448,799,143,1227,1156,3825,t_z_470_333_0,z,0.99849999999999994,0.99849999999999994,42.018699645996094,0,42.018699645996094,41.334173782336194,0.51172730898321162,38.567646026611328,42.018699645996094,0.008869171142578125,none,0,3.0724804780000006,3.071958999999993,0.00016975421872738873,437338,400,0.16494747600000001,0.029374427000000002,0.19432756900000001,true,branched,
1449,800,144,1237,863,2569,t_z_334_333_0,z,0.0010000000000001119,0.0010000000000001119,42.569965362548828,0,42.569965362548828,41.898150932046804,0.51131114681178069,39.129596710205078,42.569965362548828,0.083026885986328125,none,0,3.0724804780000006,3.071958999999993,0.00016975421872738873,437398,401,0.164404253,0.028835777,0.193248803,true,branched,
1450,802,145,1235,739,2241,t_z_295_294_0,z,0.80115040347842004,0.80115040347842004,43.044086456298828,0,43.044086456298828,42.457311316733417,0.51121215076438453,39.689731597900391,43.044086456298828,0.0008697509765625,none,0,3.0724804780000006,3.071958999999993,0.00016975421872738873,437398,402,0.166125782,0.029590086000000002,0.19572536400000001,true,branched,
1451,805,146,1226,1164,3841,t_z_352_333_0,z,0.14277519374974079,0.14277519374974079,43.606197357177734,0,43.606197357177734,43.019047122600611,0.5059344748586645,40.248641967773438,43.606197357177734,0.008708953857421875,none,0,3.0724804780000006,3.071958999999993,0.00016975421872738873,437421,403,0.16476081200000001,0.029420431,0.19419046000000001,true,branched,
1452,806,147,1211,1143,3829,t_z_470_333_2,z,0.25658073791659031,0.25658073791659031,44.159500122070312,0,44.159500122070312,43.581083321354782,0.50509567633432939,40.809169769287109,44.159500122070312,0.0065155029296875,none,0,3.0724804780000006,3.071958999999993,0.00016975421872738873,437438,404,0.163287973,0.029860504999999999,0.19315350000000001,true,branched,
1453,809,148,1243,1181,3837,t_z_470_292_2,z,0.0010000000000000009,0.0010000000000000009,44.818565368652344,0,44.818565368652344,44.15010284706171,0.49324320191287641,41.375663757324219,44.818565368652344,0.097942352294921875,none,0,3.0724804780000006,3.071958999999993,0.00016975421872738873,437525,405,0.16462255200000001,0.029857406,0.194485293,true,branched,
1454,810,149,1242,992,2981,t_z_383_382_2,z,0.49975000000000003,0.49975000000000003,45.281139373779297,0,45.281139373779297,44.709647078828922,0.49296123583547086,41.935867309570312,45.281139373779297,0.002628326416015625,none,0,3.0724804780000006,3.071958999999993,0.00016975421872738873,437526,406,0.16776058899999999,0.029939098000000001,0.19770833800000001,true,branched,
1455,813,150,1241,709,2171,t_z_286_125_1,z,0.72283895238113427,0.72283895238113427,45.839008331298828,0,45.839008331298828,45.269214172117373,0.49287345356178486,42.496097564697266,45.839008331298828,0.001438140869140625,none,0,3.0724804780000006,3.071958999999993,0.00016975421872738873,437528,407,0.16616776799999999,0.030026860999999998,0.196199806,true,branched,
1456,815,151,1242,844,2466,t_z_513_536_1,z,0.069056618145088094,0.069056618145088094,46.398109436035156,0,46.398109436035156,45.829389096074252,0.49267878676196042,43.056297302246094,46.398109436035156,0.003505706787109375,none,0,3.0724804780000006,3.071958999999993,0.00016975421872738873,437533,408,0.17188831199999999,0.029982234999999999,0.201877996,true,branched,
1457,816,152,1242,676,1933,t_z_346_34_2,z,0.16866666666666658,0.16866666666666658,46.954967498779297,0,46.954967498779297,46.389367740895246,0.49246057280369609,43.616436004638672,46.954967498779297,0.0011138916015625,none,0,3.0724804780000006,3.071958999999993,0.00016975421872738873,437535,409,0.169620148,0.029253237000000001,0.19888278300000001,true,branched,
1458,819,153,1247,286,520,t_m_130_0,m,0.02020916966236791,0.02020916966236791,47.529941558837891,0,47.529941558837891,46.952615782271984,0.4931941975223561,44.175991058349609,47.529941558837891,0.000530242919921875,none,0,3.0724804780000006,3.071958999999993,0.00016975421872738873,437611,410,0.17015174499999999,0.030034605999999998,0.20019309499999999,true,branched,
1459,821,154,1237,836,2493,t_z_326_325_2,z,0.00016666666666653729,0.00016666666666653729,48.141735076904297,0,48.141735076904297,47.512779266678137,0.49356959039017689,44.738037109375,48.141735076904297,0.05864715576171875,none,0,3.0724804780000006,3.071958999999993,0.00016975421872738873,437658,411,0.16446966700000001,0.029678132999999999,0.19415711099999999,true,branched,
1460,822,155,1235,906,2697,t_z_350_154_0,z,0.0014062500000000533,0.0014062500000000533,48.643585205078125,0,48.643585205078125,48.072457746745123,0.49357501232298451,45.298210144042969,48.643585205078125,0.0102691650390625,none,0,3.0724804780000006,3.071958999999993,0.00016975421872738873,437659,412,0.164842561,0.029789323999999999,0.19463656600000001,true,branched,
1461,824,156,1239,846,2512,t_z_27_328_0,z,0.50024999999999997,0.50024999999999997,49.197086334228516,0,49.197086334228516,48.632545184858195,0.49251729937382849,45.858535766601562,49.197086334228516,0.00302886962890625,none,0,3.0724804780000006,3.071958999999993,0.00016975421872738873,437664,413,0.16823249800000001,0.029749914999999998,0.19798755300000001,true,branched,
1462,826,157,1211,1161,3865,t_z_28_27_0,z,0.50024999999999986,0.50024999999999986,49.790882110595703,0,49.790882110595703,49.189056235832382,0.49551782997896399,46.418281555175781,49.790882110595703,0.036670684814453125,none,0,3.0724804780000006,3.071958999999993,0.00016975421872738873,437674,414,0.167938955,0.029289987,0.197235037,true,branched,
1463,828,158,1209,1161,3872,t_z_28_389_0,z,0.00033333333333335213,0.00033333333333335213,50.402027130126953,0,50.402027130126953,49.749635511829005,0.49573118015698781,46.978763580322266,50.402027130126953,0.08721923828125,none,0,3.0724804780000006,3.071958999999993,0.00016975421872738873,437682,415,0.163322154,0.029362671999999999,0.19269393400000001,true,branched,
1464,830,159,1208,1155,3855,t_z_403_352_3,z,0.0010000000000000009,0.0010000000000000009,50.875347137451172,0,50.875347137451172,50.309488069142724,0.49560284381193953,47.538982391357422,50.875347137451172,0.000881195068359375,none,0,3.0724804780000006,3.071958999999993,0.00016975421872738873,437683,416,0.16405957700000001,0.028524440000000002,0.19259414799999999,true,branched,
1465,833,160,1198,660,1915,t_z_544_339_1,z,0.00050000000000072209,0.00050000000000072209,51.690940856933594,0,51.690940856933594,50.875999937869473,0.49469054784675959,48.207256317138672,51.690940856933594,0.04988861083984375,none,0,3.0724804780000006,3.071958999999993,0.00016975421872738873,438235,417,0.16751356100000001,0.029145171000000001,0.19666793799999999,true,branched,
1466,834,161,1265,676,1857,t_z_508_507_0,z,0.00050000000000005596,0.00050000000000005596,52.201725006103516,0,52.201725006103516,51.439466857910155,0.5007327724160674,48.769016265869141,52.201725006103516,0.009075164794921875,none,0,3.0724804780000006,3.071958999999993,0.00016975421872738873,438242,418,0.165609219,0.030678469999999999,0.19629298100000001,true,branched,
1467,837,162,1284,591,1464,t_z_345_391_0,z,0.0076086732711875271,0.0076086732711875271,52.755325317382812,0,52.755325317382812,52.009627986919845,0.50002168300112892,49.330982208251953,52.755325317382812,0.016109466552734375,none,0,3.0724804780000006,3.071958999999993,0.00016975421872738873,438357,419,0.16562824200000001,0.030111448999999998,0.195745634,true,branched,
1468,839,163,1300,602,1470,t_z_345_391_3,z,0.037027746695575514,0.037027746695575514,53.319999694824219,0,53.319999694824219,52.578857512840855,0.49470779984075375,49.893993377685547,53.319999694824219,0.018848419189453125,none,0,3.0724804780000006,3.071958999999993,0.00016975421872738873,438444,420,0.17123493300000001,0.030563533,0.20180735699999999,true,branched,
1469,841,164,1298,986,2781,t_z_358_357_2,z,0.999,0.999,53.862045288085938,0,53.862045288085938,53.138032519394883,0.49954375291501563,50.456783294677734,53.862045288085938,0.0008087158203125,none,0,3.0724804780000006,3.071958999999993,0.00016975421872738873,438523,421,0.166930259,0.031289086000000001,0.198226704,true,branched,
1470,843,165,1296,505,1040,t_z_329_341_0,z,0.0015000000000000013,0.0015000000000000013,54.421794891357422,0,54.421794891357422,53.697165751162871,0.4992237608169719,51.017139434814453,54.421794891357422,0.02407073974609375,none,0,3.0724804780000006,3.071958999999993,0.00016975421872738873,438523,422,0.17052087699999999,0.030558566999999998,0.20108911500000001,true,branched,
1471,845,166,1289,490,966,t_z_117_513_3,z,0.0010000000000000009,0.0010000000000000009,54.958244323730469,0,54.958244323730469,54.255532929839973,0.49946444297708958,51.577255249023438,54.958244323730469,0.03216552734375,none,0,3.0724804780000006,3.071958999999993,0.00016975421872738873,438533,423,0.16732464499999999,0.030937493,0.198268266,true,branched,
1472,846,167,1289,1238,3879,t_z_389_28_3,z,0.0010000000000000009,0.0010000000000000009,55.486640930175781,0,55.486640930175781,54.815578262411968,0.49915633065163023,52.137516021728516,55.486640930175781,0.0007781982421875,none,0,3.0724804780000006,3.071958999999993,0.00016975421872738873,438534,424,0.16737956000000001,0.030831984999999999,0.198217802,true,branched,
1473,848,168,1289,1258,3932,t_z_326_345_2,z,0.22622701454837391,0.22622701454837391,56.04638671875,0,56.04638671875,55.375622239567868,0.49891606047798831,52.697696685791016,56.04638671875,0.00045013427734375,none,0,3.0724804780000006,3.071958999999993,0.00016975421872738873,438536,425,0.16630692399999999,0.030257651999999999,0.19657054600000001,true,branched,
1474,850,169,1275,1018,2963,t_z_381_380_1,z,0.97114740196249627,0.97114740196249627,56.605258941650391,0,56.605258941650391,55.93730115703508,0.49601959897463227,53.257884979248047,56.605258941650391,0.000484466552734375,none,0,3.0724804780000006,3.071958999999993,0.00016975421872738873,438599,426,0.16724545399999999,0.030999624,0.19825139899999999,true,branched,
1475,852,170,1275,896,2595,t_z_481_382_1,z,0.045077058111399726,0.045077058111399726,57.16571044921875,0,57.16571044921875,56.497684371050667,0.4959075429814096,53.818523406982422,57.16571044921875,9.1552734375e-05,none,0,3.0724804780000006,3.071958999999993,0.00016975421872738873,438631,427,0.16710022299999999,0.030774050000000001,0.19788041200000001,true,branched,
1476,854,171,1270,699,2117,t_z_281_280_2,z,0.0015000000000000568,0.0015000000000000568,57.72613525390625,0,57.72613525390625,57.055365762184927,0.4968324291426372,54.378265380859375,57.72613525390625,0.000461578369140625,none,0,3.0724804780000006,3.071958999999993,0.00016975421872738873,438635,428,0.16470500499999999,0.030068055,0.194779492,true,branched,
1477,856,172,1269,940,2715,t_z_155_67_1,z,0.50500000000000012,0.50500000000000012,58.286174774169922,0,58.286174774169922,57.615174722633931,0.49669862818990707,54.938480377197266,58.286174774169922,0.03400421142578125,none,0,3.0724804780000006,3.071958999999993,0.00016975421872738873,438636,429,0.16742895299999999,0.030016065000000001,0.19745052399999999,true,branched,
1478,820,154,1258,1068,3171,t_z_407_406_1,z,0.91106826120276452,0.91106826120276452,60.508171081542969,0,60.508171081542969,59.787946522141112,0.49968810159525978,57.027225494384766,60.508171081542969,0.0314483642578125,none,0,3.0724804780000006,3.071958999999993,0.00016975421872738873,439224,430,0.16413617699999999,0.030475177999999999,0.19462036999999999,true,branched,
1479,861,155,1256,1196,3850,t_z_352_403_1,z,0.00025000000000008349,0.00025000000000008349,60.865554809570312,0,60.865554809570312,60.112029719504584,0.49563609275327969,57.350242614746094,60.865554809570312,0.08422088623046875,none,0,3.0724804780000006,3.071958999999993,0.00016975421872738873,439245,431,0.16381701200000001,0.029856048999999999,0.19367831499999999,true,branched,
1480,863,156,1241,986,2971,t_z_382_381_1,z,0.998,0.998,61.345268249511719,0,61.345268249511719,60.673353212096821,0.49771203843819151,57.917869567871094,61.345268249511719,0.00139617919921875,none,0,3.0724804780000006,3.071958999999993,0.00016975421872738873,439331,432,0.16430387699999999,0.030371751999999998,0.19468464399999999,true,branched,
1481,865,157,1241,981,2954,t_z_379_380_1,z,0.0020000000000000018,0.0020000000000000018,61.890411376953125,0,61.890411376953125,61.235604045661972,0.4970786557160386,58.480762481689453,61.890411376953125,0.05596923828125,none,0,3.0724804780000006,3.071958999999993,0.00016975421872738873,439332,433,0.16601015199999999,0.028923852,0.19494233499999999,true,branched,
1482,866,158,1240,1203,3916,t_z_379_477_2,z,0.78383132713633596,0.78383132713633596,62.398029327392578,0,62.398029327392578,61.797965391220586,0.4967752680465124,59.043670654296875,62.398029327392578,0.007183074951171875,none,0,3.0724804780000006,3.071958999999993,0.00016975421872738873,439333,434,0.164492887,0.029656264000000002,0.19415386800000001,true,branched,
1483,869,159,1240,822,2403,t_z_405_404_1,z,0.5,0.5,62.9534912109375,0,62.9534912109375,62.360561373925975,0.49647783949046764,59.607097625732422,62.9534912109375,0.0029449462890625,none,0,3.0724804780000006,3.071958999999993,0.00016975421872738873,439336,435,0.164385592,0.029632817999999998,0.19402419000000001,true,branched,
1484,870,160,1184,1155,3939,t_z_477_473_1,z,0.1649157120698832,0.1649157120698832,63.521141052246094,0,63.521141052246094,62.88482126996324,0.54344394519267447,60.18048095703125,63.521141052246094,0.028438568115234375,none,0,3.0724804780000006,3.071958999999993,0.00016975421872738873,439564,436,0.16728594599999999,0.029548778000000001,0.19683957299999999,true,branched,
1485,873,161,1193,607,1787,t_z_237_236_1,z,0.018635691549006739,0.018635691549006739,64.153755187988281,0,64.153755187988281,63.475605720846168,0.50300546325836826,60.746730804443359,64.153755187988281,0.03171539306640625,none,0,3.0724804780000006,3.071958999999993,0.00016975421872738873,439608,437,0.16530493700000001,0.028948827,0.19426105799999999,true,branched,
1486,874,162,1192,956,3003,t_z_386_385_1,z,0.5,0.5,64.685127258300781,0,64.685127258300781,64.03781708454926,0.50264328179620044,61.309478759765625,64.685127258300781,0.0417022705078125,none,0,3.0724804780000006,3.071958999999993,0.00016975421872738873,439609,438,0.16673334300000001,0.028847554000000001,0.19558558000000001,true,branched,
1487,877,163,1193,221,458,t_m_114_2,m,0.00066666666666659324,0.00066666666666659324,65.206687927246094,0,65.206687927246094,64.600394563123345,0.50190515040276185,61.872756958007812,65.206687927246094,0.017547607421875,none,0,3.0724804780000006,3.071958999999993,0.00016975421872738873,439616,439,0.163610277,0.028832321000000001,0.192449275,true,branched,
1488,879,164,1190,216,441,t_m_110_1,m,0.1888749811194318,0.1888749811194318,65.751670837402344,0,65.751670837402344,65.157691237505745,0.50756271939979503,62.437099456787109,65.751670837402344,0.0006866455078125,none,0,3.0724804780000006,3.071958999999993,0.00016975421872738873,439691,440,0.16332495499999999,0.028649081999999999,0.19198305299999999,true,branched,
1489,881,165,1194,700,2256,t_z_296_297_0,z,0.022545398538634243,0.022545398538634243,66.313850402832031,0,66.313850402832031,65.720784837476771,0.50914812040618773,63.000911712646484,66.313850402832031,0.00696563720703125,none,0,3.0724804780000006,3.071958999999993,0.00016975421872738873,439711,441,0.162327798,0.029319624999999998,0.19165231099999999,true,branched,
1490,882,166,1195,1178,3987,t_z_538_71_1,z,0.89749095261580591,0.89749095261580591,66.865463256835938,0,66.865463256835938,66.282430739781844,0.51026432412781841,63.563510894775391,66.865463256835938,0.0009918212890625,none,0,3.0724804780000006,3.071958999999993,0.00016975421872738873,439717,442,0.16359725,0.028773528,0.19237932899999999,true,branched,
1491,885,167,1197,442,962,t_z_117_513_1,z,0.99499999999999988,0.99499999999999988,67.427841186523438,0,67.427841186523438,66.843922525021867,0.5109726092029746,64.12677001953125,67.427841186523438,0.0003662109375,none,0,3.0724804780000006,3.071958999999993,0.00016975421872738873,439725,443,0.16251521499999999,0.028676607999999999,0.19119681799999999,true,branched,
1492,887,168,1192,1143,3855,t_z_403_352_3,z,0.0010000000000000009,0.0010000000000000009,67.981544494628906,0,67.981544494628906,67.405458834347314,0.50550575626662708,64.689537048339844,67.981544494628906,0.00028228759765625,none,0,3.0724804780000006,3.071958999999993,0.00016975421872738873,439729,444,0.16566603899999999,0.028613928,0.19428920599999999,true,branched,
1493,889,169,1190,43,94,t_m_23_2,m,0.00075000000000002842,0.00075000000000002842,68.531120300292969,0,68.531120300292969,67.957768518784462,0.50074184777613884,65.252273559570312,68.531120300292969,0.00086212158203125,none,0,3.0724804780000006,3.071958999999993,0.00016975421872738873,439731,445,0.16413745900000001,0.028635911999999999,0.19278004000000001,true,branched,
1494,891,170,1185,585,1682,t_z_350_514_1,z,0.33299999999999996,0.33299999999999996,69.118911743164062,0,69.118911743164062,68.509773904663604,0.49820739102227379,65.821044921875,69.118911743164062,0.0384063720703125,none,0,3.0724804780000006,3.071958999999993,0.00016975421872738873,439829,446,0.16622654100000001,0.028690640999999999,0.194922333,true,branched,
1495,893,171,1170,1016,3551,t_z_453_282_3,z,0.0030000000000000027,0.0030000000000000027,69.630943298339844,0,69.630943298339844,69.060504861163281,0.49331220355518762,66.385139465332031,69.630943298339844,0.00017547607421875,none,0,3.0724804780000006,3.071958999999993,0.00016975421872738873,439844,447,0.16394482499999999,0.029198252000000001,0.193151448,true,branched,
1496,894,172,1169,1098,3776,t_z_407_467_0,z,0.73948620258548736,0.73948620258548736,70.180618286132812,0,70.180618286132812,69.60968698284583,0.49256623829196355,66.948020935058594,70.180618286132812,0.0015411376953125,none,0,3.0724804780000006,3.071958999999993,0.00016975421872738873,439845,448,0.16166467100000001,0.028649711000000001,0.19032022000000001,true,branched,
1497,897,173,1168,848,2695,t_z_350_349_3,z,0.00075000000000002842,0.00075000000000002842,70.728858947753906,0,70.728858947753906,70.158512925448477,0.49237310737471551,67.511001586914062,70.728858947753906,0.0028533935546875,none,0,3.0724804780000006,3.071958999999993,0.00016975421872738873,439847,449,0.16514288199999999,0.028706895,0.19385579,true,branched,
1498,862,156,1258,990,2954,t_z_379_380_1,z,0.0010000000000000009,0.0010000000000000009,72.788948059082031,0,72.788948059082031,72.151649766203334,0.48371718979990302,69.430068969726562,72.788948059082031,0.0001983642578125,none,0,3.0724804780000006,3.071958999999993,0.00016975421872738873,439931,450,0.16690448999999999,0.029834294000000001,0.19674446500000001,true,branched,
1499,901,157,1252,873,2594,t_z_382_481_1,z,0.25218877094132519,0.25218877094132519,73.139152526855469,0,73.139152526855469,72.42500786583264,0.4837746303208032,69.720451354980469,73.139152526855469,0.0819244384765625,none,0,3.0724804780000006,3.071958999999993,0.00016975421872738873,439953,451,0.16533431900000001,0.029853358999999999,0.195196805,true,branched,
1500,903,158,1250,1151,3716,t_z_168_466_2,z,0.998,0.998,73.531684875488281,0,73.531684875488281,72.933969085693363,0.48329344786536321,70.241645812988281,73.531684875488281,0.0005035400390625,none,0,3.0724804780000006,3.071958999999993,0.00016975421872738873,439955,452,0.165256668,0.02970888,0.19497551299999999,true,branched,
1501,904,159,1251,1153,3724,t_z_14_466_2,z,0.999,0.999,74.156265258789062,0,74.156265258789062,73.445061053208221,0.48382662126115766,70.751762390136719,74.156265258789062,0.00273895263671875,none,0,3.0724804780000006,3.071958999999993,0.00016975421872738873,439961,453,0.16496103500000001,0.029753056999999999,0.19472382299999999,true,branched,
1502,907,160,1250,1030,3059,t_z_392_391_1,z,0.0010000000000000009,0.0010000000000000009,74.602813720703125,0,74.602813720703125,73.886324328613284,0.60409863387862028,70.809646606445312,74.602813720703125,0.00665283203125,none,0,3.0724804780000006,3.071958999999993,0.00016975421872738873,440078,454,0.17207222799999999,0.029970388000000001,0.20204870799999999,true,branched,
1503,909,161,1248,1150,3708,t_z_167_168_2,z,0.75075000000000003,0.75075000000000003,75.10650634765625,0,75.10650634765625,74.414363182508026,0.57128257079445421,71.524742126464844,75.10650634765625,0.0204315185546875,none,0,3.0724804780000006,3.071958999999993,0.00016975421872738873,440080,455,0.16560218500000001,0.029911917999999999,0.19551988100000001,true,branched,
1504,910,162,1247,943,2775,t_z_357_356_3,z,0.69690354017271572,0.69690354017271572,75.596382141113281,0,75.596382141113281,74.923774462273911,0.57107243497568938,72.034843444824219,75.596382141113281,0.0162811279296875,none,0,3.0724804780000006,3.071958999999993,0.00016975421872738873,440082,456,0.16613192900000001,0.029908628,0.19604603600000001,true,branched,
1505,913,163,1248,949,2808,t_z_85_401_0,z,0.66599999999999993,0.66599999999999993,76.153167724609375,0,76.153167724609375,75.435915616842422,0.57150292142872616,72.545707702636719,76.153167724609375,0.05287933349609375,none,0,3.0724804780000006,3.071958999999993,0.00016975421872738873,440100,457,0.165395823,0.030577528,0.19597943100000001,true,branched,
1506,915,164,1239,1208,3943,t_z_477_473_3,z,0.997,0.997,76.610832214355469,0,76.610832214355469,75.943371875137927,0.57186469781363536,73.058006286621094,76.610832214355469,0.0010833740234375,none,0,3.0724804780000006,3.071958999999993,0.00016975421872738873,440126,458,0.16443303300000001,0.029761419000000001,0.19420061999999999,true,branched,
1507,917,165,1238,1192,3895,t_z_472_358_3,z,0.995,0.995,77.120536804199219,0,77.120536804199219,76.452941808253769,0.57179120596321564,73.568084716796875,77.120536804199219,0.01006317138671875,none,0,3.0724804780000006,3.071958999999993,0.00016975421872738873,440128,459,0.164480759,0.029757311000000002,0.19424392700000001,true,branched,
1508,919,166,1238,683,2153,t_z_285_284_0,z,0.0020000000000000018,0.0020000000000000018,77.620780944824219,0,77.620780944824219,76.962706823148707,0.5714589591592798,74.078193664550781,77.620780944824219,0.0317230224609375,none,0,3.0724804780000006,3.071958999999993,0.00016975421872738873,440129,460,0.16393100499999999,0.028926739999999999,0.192863805,true,branched,
1509,920,167,1237,1198,3916,t_z_379_477_2,z,0.999,0.999,78.099311828613281,0,78.099311828613281,77.472154406067233,0.57127566264394014,74.588287353515625,78.099311828613281,0.00215911865234375,none,0,3.0724804780000006,3.071958999999993,0.00016975421872738873,440130,461,0.163088549,0.028874248000000002,0.191972533,true,branched,
1510,923,168,1236,1157,3776,t_z_407_467_0,z,0.5,0.5,78.60748291015625,0,78.60748291015625,77.981442781713781,0.57108426299218351,75.098480224609375,78.60748291015625,0.01424407958984375,none,0,3.0724804780000006,3.071958999999993,0.00016975421872738873,440130,462,0.16584444200000001,0.029699954000000001,0.19555397199999999,true,branched,
1511,925,169,1235,849,2547,t_z_331_330_1,z,0.91646392341914884,0.91646392341914884,79.103500366210938,0,79.103500366210938,78.490678918506447,0.57098256305356854,75.608657836914062,79.103500366210938,0.0031280517578125,none,0,3.0724804780000006,3.071958999999993,0.00016975421872738873,440132,463,0.16449863300000001,0.029657039999999999,0.19416165899999999,true,branched,
1512,927,170,1238,1180,3855,t_z_403_352_3,z,0.0010000000000000009,0.0010000000000000009,79.611732482910156,0,79.611732482910156,78.999406675914955,0.5720738356204168,76.119163513183594,79.611732482910156,0.00189971923828125,none,0,3.0724804780000006,3.071958999999993,0.00016975421872738873,440147,464,0.16616535700000001,0.029664401999999999,0.195835596,true,branched,
1513,929,171,1236,860,2563,t_z_333_332_1,z,0.98999999999999999,0.98999999999999999,80.120101928710938,0,80.120101928710938,79.507973908606473,0.57186981656013391,76.629234313964844,80.120101928710938,0.00339508056640625,none,0,3.0724804780000006,3.071958999999993,0.00016975421872738873,440151,465,0.16406131400000001,0.029624826,0.19369219400000001,true,branched,
1514,930,172,1174,524,1470,t_z_345_391_3,z,0.020494166229757971,0.020494166229757971,80.822418212890625,0,80.822418212890625,80.020981601799576,0.56840873408569315,77.17340087890625,80.822418212890625,0.16668701171875,none,0,3.0724804780000006,3.071958999999993,0.00016975421872738873,440333,466,0.16105459999999999,0.028384863999999999,0.189444793,true,branched,
1515,933,173,1173,976,3103,t_z_397_396_3,z,0.49800000000000011,0.49800000000000011,81.201255798339844,0,81.201255798339844,80.526072646041044,0.57462922457218957,77.645225524902344,81.201255798339844,0.03511810302734375,none,0,3.0724804780000006,3.071958999999993,0.00016975421872738873,440366,467,0.163867068,0.028509692,0.19238622999999999,true,branched,
1516,935,174,1171,805,2586,t_z_34_35_1,z,0.0010000000000002229,0.0010000000000002229,81.67645263671875,0,81.67645263671875,81.035001974651493,0.57451730532758427,78.1552734375,81.67645263671875,0.00420379638671875,none,0,3.0724804780000006,3.071958999999993,0.00016975421872738873,440369,468,0.168245124,0.028425547999999998,0.19667653099999999,true,branched,
1517,937,175,1170,1117,3865,t_z_28_27_0,z,0.64552892491023606,0.64552892491023606,82.182693481445312,0,82.182693481445312,81.544080991826505,0.5741444927590561,78.668960571289062,82.182693481445312,0.012054443359375,none,0,3.0724804780000006,3.071958999999993,0.00016975421872738873,440378,469,0.16287924300000001,0.028271543999999999,0.191156137,true,branched,
1518,900,157,1255,992,2962,t_z_380_381_1,z,0.0010000000000000276,0.0010000000000000276,84.033775329589844,0,84.033775329589844,83.399528096111652,0.48353616397952426,80.696922302246094,84.033775329589844,0.0011138916015625,none,0,3.0724804780000006,3.071958999999993,0.00016975421872738873,440836,470,0.166812717,0.029930799000000001,0.19674961399999999,true,branched,
1519,941,158,1248,872,2594,t_z_382_481_1,z,0.25606844806434303,0.25606844806434303,84.379974365234375,0,84.379974365234375,83.673848433372299,0.48332569553742394,80.973281860351562,84.379974365234375,0.10778045654296875,none,0,3.0724804780000006,3.071958999999993,0.00016975421872738873,440842,471,0.16692436199999999,0.029839832,0.19677450899999999,true,branched,
1520,943,159,1247,1149,3716,t_z_168_466_2,z,0.97568086921638475,0.97568086921638475,84.778373718261719,0,84.778373718261719,84.183003215285041,0.48264083733901708,81.483352661132812,84.778373718261719,0.00472259521484375,none,0,3.0724804780000006,3.071958999999993,0.00016975421872738873,440846,472,0.16776646200000001,0.029775678,0.197548211,true,branched,
1521,944,160,1261,1160,3708,t_z_167_168_2,z,0.092526399763943168,0.092526399763943168,85.409652709960938,0,85.409652709960938,84.670658731725268,0.51350699047617387,81.994682312011719,85.409652709960938,0.01976776123046875,none,0,3.0724804780000006,3.071958999999993,0.00016975421872738873,440996,473,0.17116250199999999,0.031717058999999999,0.20288913,true,branched,
1522,947,161,1245,1231,4018,t_z_191_192_1,z,0.054419201328897548,0.054419201328897548,85.937812805175781,0,85.937812805175781,85.178200950775761,0.51844224155175045,82.510932922363281,85.937812805175781,0.02864837646484375,none,0,3.0724804780000006,3.071958999999993,0.00016975421872738873,441094,474,0.167238464,0.029643085999999999,0.19689152400000001,true,branched,
1523,949,162,1249,1145,3724,t_z_14_466_2,z,0.999,0.999,86.40234375,0,86.40234375,85.687627164720055,0.51657014704870063,83.020820617675781,86.40234375,0.00116729736328125,none,0,3.0724804780000006,3.071958999999993,0.00016975421872738873,441124,475,0.165742211,0.029834250999999999,0.19558663500000001,true,branched,
1524,951,163,1248,1221,3978,t_z_72_191_1,z,0.0020000000000000018,0.0020000000000000018,86.853782653808594,0,86.853782653808594,86.194772677543838,0.51471261263303425,83.531112670898438,86.853782653808594,0.02425384521484375,none,0,3.0724804780000006,3.071958999999993,0.00016975421872738873,441124,476,0.170632324,0.029775929999999999,0.20041405600000001,true,branched,
1525,953,164,1247,1214,3939,t_z_477_473_1,z,0.29344446931763302,0.29344446931763302,87.335670471191406,0,87.335670471191406,86.701370838841342,0.51300970606314034,84.041404724121094,87.335670471191406,9.1552734375e-05,none,0,3.0724804780000006,3.071958999999993,0.00016975421872738873,441126,477,0.16839168600000001,0.029897594,0.198295471,true,branched,
1526,955,165,1243,934,2779,t_z_358_357_1,z,0.39999999999999991,0.39999999999999991,87.846160888671875,0,87.846160888671875,87.207302262297773,0.51251682489094108,84.5537109375,87.846160888671875,0.00405120849609375,none,0,3.0724804780000006,3.071958999999993,0.00016975421872738873,441148,478,0.16662359400000001,0.029894021,0.19652572600000001,true,branched,
1527,957,166,1240,1192,3890,t_z_358_472_1,z,0.063578977483456534,0.063578977483456534,88.428764343261719,0,88.428764343261719,87.712770978866089,0.51079851475212357,85.065177917480469,88.428764343261719,0.0803375244140625,none,0,3.0724804780000006,3.071958999999993,0.00016975421872738873,441154,479,0.16881541,0.029732082999999999,0.198557435,true,branched,
1528,958,167,1239,936,2808,t_z_85_401_0,z,0.50049999999999994,0.50049999999999994,88.854598999023438,0,88.854598999023438,88.218678201178179,0.50915763743308695,85.575271606445312,88.854598999023438,0.00589752197265625,none,0,3.0724804780000006,3.071958999999993,0.00016975421872738873,441155,480,0.16606052600000001,0.029019511000000001,0.19508840299999999,true,branched,
1529,961,168,1243,935,2775,t_z_357_356_3,z,0.5,0.5,89.365386962890625,0,89.365386962890625,88.725131402357107,0.50692492566916891,86.0869140625,89.365386962890625,0.01041412353515625,none,0,3.0724804780000006,3.071958999999993,0.00016975421872738873,441169,481,0.16520220899999999,0.029866697000000001,0.19507427599999999,true,branched,
1530,963,169,1236,891,2682,t_z_348_349_1,z,0.999,0.999,89.86090087890625,0,89.86090087890625,89.231196153511121,0.50690656152345259,86.597892761230469,89.86090087890625,0.01058197021484375,none,0,3.0724804780000006,3.071958999999993,0.00016975421872738873,441185,482,0.16562640000000001,0.029663636,0.19529898700000001,true,branched,
1531,965,170,1237,1204,3943,t_z_477_473_3,z,0.997,0.997,90.356437683105469,0,90.356437683105469,89.735628619922579,0.5071416803137837,87.10833740234375,90.356437683105469,0.0010223388671875,none,0,3.0724804780000006,3.071958999999993,0.00016975421872738873,441188,483,0.168214157,0.029684915999999999,0.19790951400000001,true,branched,
1532,967,171,1237,1190,3895,t_z_472_358_3,z,0.99539999999999995,0.99539999999999995,90.861915588378906,0,90.861915588378906,90.241661552854765,0.50589622897898701,87.618392944335938,90.861915588378906,0.01477813720703125,none,0,3.0724804780000006,3.071958999999993,0.00016975421872738873,441190,484,0.165415218,0.029688164,0.19510928799999999,true,branched,
1533,969,172,1237,1203,3937,t_z_477_473_0,z,0.51321041087533215,0.51321041087533215,91.35321044921875,0,91.35321044921875,90.747566303324106,0.50464446914550254,88.128387451171875,91.35321044921875,0.0020599365234375,none,0,3.0724804780000006,3.071958999999993,0.00016975421872738873,441191,485,0.166738635,0.029053143,0.19579807099999999,true,branched,
1534,971,173,1233,681,2153,t_z_285_284_0,z,0.0020000000000000018,0.0020000000000000018,91.857276916503906,0,91.857276916503906,91.252161921665902,0.50387030652662823,88.638908386230469,91.857276916503906,0.0036468505859375,none,0,3.0724804780000006,3.071958999999993,0.00016975421872738873,441197,486,0.166564611,0.029674776,0.196245266,true,branched,
1535,972,174,1232,921,2769,t_z_357_356_0,z,0.5490180454408391,0.5490180454408391,92.359703063964844,0,92.359703063964844,91.757727146148682,0.50287164372898963,89.148918151855469,92.359703063964844,0.0039215087890625,none,0,3.0724804780000006,3.071958999999993,0.00016975421872738873,441198,487,0.169466279,0.029775729000000001,0.199249854,true,branched,
1536,975,175,1235,1011,3056,t_z_391_392_0,z,0.31463413598383727,0.31463413598383727,92.861869812011719,0,92.861869812011719,92.261718021037609,0.50168215993859033,89.658973693847656,92.861869812011719,0.01398468017578125,none,0,3.0724804780000006,3.071958999999993,0.00016975421872738873,441202,488,0.166756139,0.029657223,0.19641958600000001,true,branched,
1537,977,176,1228,1001,3049,t_z_391_390_0,z,0.0015000000000000568,0.0015000000000000568,93.36590576171875,0,93.36590576171875,92.766453193142667,0.50126653236475227,90.170013427734375,93.36590576171875,0.011749267578125,none,0,3.0724804780000006,3.071958999999993,0.00016975421872738873,441219,489,0.16571001099999999,0.029639773000000001,0.195355008,true,branched,
1538,940,158,1255,994,2970,t_z_381_382_1,z,0.0010000000000000009,0.0010000000000000009,95.166732788085938,0,95.166732788085938,94.554151788840727,0.46487047591625952,91.941581726074219,95.166732788085938,0.03093719482421875,none,0,3.0724804780000006,3.071958999999993,0.00016975421872738873,441673,490,0.16882193200000001,0.030064994000000001,0.19889646699999999,true,branched,
1539,981,159,1250,944,2775,t_z_357_356_3,z,0.9369008957337368,0.9369008957337368,95.409439086914062,0,95.409439086914062,94.827833520507809,0.46469648476867897,92.217796325683594,95.409439086914062,0.0068206787109375,none,0,3.0724804780000006,3.071958999999993,0.00016975421872738873,441678,491,0.16569244299999999,0.029885589000000001,0.19558271399999999,true,branched,
1540,983,160,1257,1031,3059,t_z_392_391_1,z,0.0010000000000000009,0.0010000000000000009,95.955886840820312,0,95.955886840820312,95.341137032520237,0.45124301451306881,92.728431701660156,95.955886840820312,0.02677154541015625,none,0,3.0724804780000006,3.071958999999993,0.00016975421872738873,441753,492,0.167344774,0.030203108999999999,0.19755446300000001,true,branched,
1541,985,161,1255,947,2808,t_z_85_401_0,z,0.38064268533725731,0.38064268533725731,96.435317993164062,0,96.435317993164062,95.84551567898329,0.45073078835844566,93.238121032714844,96.435317993164062,0.0042724609375,none,0,3.0724804780000006,3.071958999999993,0.00016975421872738873,441755,493,0.16666329499999999,0.030202968,0.19687200599999999,true,branched,
1542,987,162,1253,1222,3943,t_z_477_473_3,z,0.997,0.997,96.937202453613281,0,96.937202453613281,96.350557904193991,0.45057299713832072,93.748458862304688,96.937202453613281,0.00103759765625,none,0,3.0724804780000006,3.071958999999993,0.00016975421872738873,441764,494,0.165482346,0.030252817000000001,0.19574482200000001,true,branched,
1543,989,163,1253,1207,3895,t_z_472_358_3,z,0.997,0.997,97.442413330078125,0,97.442413330078125,96.856210262606069,0.45029114427800565,94.258529663085938,97.442413330078125,0.00229644775390625,none,0,3.0724804780000006,3.071958999999993,0.00016975421872738873,441766,495,0.16669182799999999,0.030137272999999999,0.19683858700000001,true,branched,
1544,991,164,1253,1153,3716,t_z_168_466_2,z,0.93638214307029877,0.93638214307029877,97.946296691894531,0,97.946296691894531,97.361826294627264,0.44994882680416842,94.767662048339844,97.946296691894531,0.0116729736328125,none,0,3.0724804780000006,3.071958999999993,0.00016975421872738873,441767,496,0.16771013600000001,0.029406288999999999,0.19712623900000001,true,branched,
1545,992,165,1257,1156,3708,t_z_167_168_2,z,0.13068376925992453,0.13068376925992453,98.564735412597656,0,98.564735412597656,97.868319824752874,0.44987518452112218,95.273574829101562,98.564735412597656,0.12390899658203125,none,0,3.0724804780000006,3.071958999999993,0.00016975421872738873,441775,497,0.164966842,0.030154941000000001,0.195135111,true,branched,
1546,995,166,1226,1211,4018,t_z_191_192_1,z,0.057702322156867547,0.057702322156867547,99.097640991210938,0,99.097640991210938,98.371976824413508,0.45516300355968153,95.790237426757812,99.097640991210938,0.03147125244140625,none,0,3.0724804780000006,3.071958999999993,0.00016975421872738873,441871,498,0.165017203,0.029321223,0.19434369900000001,true,branched,
1547,997,167,1246,1208,3939,t_z_477_473_1,z,0.27543391929976391,0.27543391929976391,99.482749938964844,0,99.482749938964844,98.878395527553408,0.45216179428160885,96.297119140625,99.482749938964844,0.02138519287109375,none,0,3.0724804780000006,3.071958999999993,0.00016975421872738873,441920,499,0.165264361,0.02978277,0.19505691999999999,true,branched,
1548,999,168,1234,1205,3978,t_z_72_191_1,z,0.0020000000000000018,0.0020000000000000018,100.18259429931641,0,100.18259429931641,99.382517735807397,0.45596425894102033,96.8067626953125,100.18259429931641,0.14542388916015625,none,0,3.0724804780000006,3.071958999999993,0.00016975421872738873,441973,500,0.16642347800000001,0.030278706999999998,0.19671192300000001,true,branched,
1549,1001,169,1232,980,3011,t_z_387_386_1,z,0.66666666666666674,0.66666666666666674,100.54325103759766,0,100.54325103759766,99.887275974471848,0.45562016950541118,97.313026428222656,100.54325103759766,0.0356597900390625,none,0,3.0724804780000006,3.071958999999993,0.00016975421872738873,441977,501,0.16527591,0.029462286000000001,0.19474692299999999,true,branched,
1550,1003,170,1221,1185,3937,t_z_477_473_0,z,0.64232142857142849,0.64232142857142849,101.01285552978516,0,101.01285552978516,100.38795404957514,0.45941310942490582,97.819427490234375,101.01285552978516,0.00263214111328125,none,0,3.0724804780000006,3.071958999999993,0.00016975421872738873,441990,502,0.16727344199999999,0.029240414999999999,0.196517995,true,branched,
1551,1005,171,1220,1121,3730,t_z_14_15_1,z,0.00024999999999997247,0.00024999999999997247,101.53041839599609,0,101.53041839599609,100.89602401608326,0.45589378528356922,98.326271057128906,101.53041839599609,0.04563140869140625,none,0,3.0724804780000006,3.071958999999993,0.00016975421872738873,442019,503,0.164163271,0.029457868000000002,0.19362997300000001,true,branched,
1552,1007,172,1213,668,2153,t_z_285_284_0,z,0.0020000000000000018,0.0020000000000000018,101.99040222167969,0,101.99040222167969,101.39997819112729,0.4562957458080108,98.830825805664062,101.99040222167969,0.0342254638671875,none,0,3.0724804780000006,3.071958999999993,0.00016975421872738873,442044,504,0.16439947099999999,0.029290848000000001,0.193701394,true,branched,
1553,1008,173,1212,1129,3776,t_z_407_467_0,z,0.5,0.5,102.46226501464844,0,102.46226501464844,101.90526803649298,0.45606222488233611,99.336685180664062,102.46226501464844,0.001739501953125,none,0,3.0724804780000006,3.071958999999993,0.00016975421872738873,442045,505,0.16455076799999999,0.028632500000000002,0.19319334499999999,true,branched,
1554,1011,174,1211,884,2697,t_z_350_154_0,z,0.026656050430810915,0.026656050430810915,102.96665954589844,0,102.96665954589844,102.41039750518925,0.45593193098233326,99.842758178710938,102.96665954589844,0.0015106201171875,none,0,3.0724804780000006,3.071958999999993,0.00016975421872738873,442047,506,0.165167911,0.028418373,0.19359206200000001,true,branched,
1555,1012,175,1203,1153,3889,t_z_472_358_0,z,0.33333333333333326,0.33333333333333326,103.47077178955078,0,103.47077178955078,102.91376639958332,0.45621553177277913,100.34854888916016,103.47077178955078,0.0036468505859375,none,0,3.0724804780000006,3.071958999999993,0.00016975421872738873,442056,507,0.16782245200000001,0.029332150000000001,0.19716354899999999,true,branched,
1556,905,159,1249,691,2153,t_z_285_284_0,z,0.0020000000000000018,0.0020000000000000018,105.14118957519531,0,105.14118957519531,104.56650951865008,0.46450842923198338,101.97698211669922,105.14118957519531,0.0171356201171875,none,0,3.0724804780000006,3.071958999999993,0.00016975421872738873,442463,508,0.174052924,0.029211728999999999,0.203269968,true,branched,
1557,1016,160,1272,968,2808,t_z_85_401_0,z,0.50049999999999994,0.50049999999999994,105.45238494873047,0,105.45238494873047,104.81247591222608,0.50766082617667152,102.25147247314453,105.45238494873047,0.04168701171875,none,0,3.0724804780000006,3.071958999999993,0.00016975421872738873,442663,509,0.16867569099999999,0.030372344999999999,0.19905672699999999,true,branched,
1558,1019,161,1294,976,2775,t_z_357_356_3,z,0.80161206926134754,0.80161206926134754,105.94696807861328,0,105.94696807861328,105.3280625026414,0.49998639844393816,102.76001739501953,105.94696807861328,0.0123443603515625,none,0,3.0724804780000006,3.071958999999993,0.00016975421872738873,442702,510,0.16993696999999999,0.031441416999999999,0.201388442,true,branched,
1559,1021,162,1291,1255,3943,t_z_477_473_3,z,0.997,0.997,106.45014190673828,0,106.45014190673828,105.83579394800731,0.49750811567764419,103.26603698730469,106.45014190673828,0.0014495849609375,none,0,3.0724804780000006,3.071958999999993,0.00016975421872738873,442722,511,0.168586718,0.030604942,0.199197707,true,branched,
1560,1023,163,1291,1238,3895,t_z_472_358_3,z,0.99524999999999997,0.99524999999999997,106.95513916015625,0,106.95513916015625,106.34136497798953,0.49724826585682269,103.77182006835938,106.95513916015625,0.02448272705078125,none,0,3.0724804780000006,3.071958999999993,0.00016975421872738873,442724,512,0.167634531,0.030622505000000001,0.19826725000000001,true,branched,
1561,1025,164,1291,1200,3776,t_z_407_467_0,z,0.39924185508169474,0.39924185508169474,107.43682861328125,0,107.43682861328125,106.84699704312798,0.49693004347567499,104.27774047851562,107.43682861328125,0.0192718505859375,none,0,3.0724804780000006,3.071958999999993,0.00016975421872738873,442725,513,0.16764870500000001,0.029763833,0.197423089,true,branched,
1562,1027,165,1290,1244,3916,t_z_379_477_2,z,0.999,0.999,107.92365264892578,0,107.92365264892578,107.35206319528032,0.49678674642864534,104.78376007080078,107.92365264892578,0.00640869140625,none,0,3.0724804780000006,3.071958999999993,0.00016975421872738873,442729,514,0.16807756900000001,0.030467472999999998,0.198551385,true,branched,
1563,1029,166,1289,1061,3056,t_z_391_392_0,z,0.49962415688233841,0.49962415688233841,108.42342376708984,0,108.42342376708984,107.85727933731256,0.49659478225598558,105.28969573974609,108.42342376708984,0.00658416748046875,none,0,3.0724804780000006,3.071958999999993,0.00016975421872738873,442729,515,0.16846749499999999,0.030472214000000001,0.19895014499999999,true,branched,
1564,1031,167,1286,1066,3073,t_z_394_393_0,z,0.053894288333641627,0.053894288333641627,108.99607849121094,0,108.99607849121094,108.36108119009442,0.49605322378231465,105.79590606689453,108.99607849121094,0.03043365478515625,none,0,3.0724804780000006,3.071958999999993,0.00016975421872738873,442742,516,0.16983309399999999,0.030478107000000001,0.20032065800000001,true,branched,
1565,1033,168,1287,1051,3043,t_z_390_389_1,z,0.66666666666666652,0.66666666666666652,109.46549224853516,0,109.46549224853516,108.86712351860514,0.5004749133714399,106.30078125,109.46549224853516,0.020294189453125,none,0,3.0724804780000006,3.071958999999993,0.00016975421872738873,442791,517,0.16885372100000001,0.030548619999999999,0.19941235700000001,true,branched,
1566,1035,169,1286,930,2674,t_z_347_348_1,z,0.66666666666666652,0.66666666666666652,109.95127105712891,0,109.95127105712891,109.37168101760129,0.50000436666552672,106.80665588378906,109.95127105712891,0.01409912109375,none,0,3.0724804780000006,3.071958999999993,0.00016975421872738873,442792,518,0.16962015499999999,0.030541453999999999,0.200171192,true,branched,
1567,1037,170,1284,935,2690,t_z_349_350_1,z,0.66666666666666652,0.66666666666666652,110.43609619140625,0,110.43609619140625,109.86960547735387,0.49888851341184881,107.30959320068359,110.43609619140625,0.0011444091796875,none,0,3.0724804780000006,3.071958999999993,0.00016975421872738873,442828,519,0.17079747200000001,0.030369779999999999,0.201176202,true,branched,
1568,1039,171,1283,1218,3855,t_z_403_352_3,z,0.0010000000000000009,0.0010000000000000009,110.91535949707031,0,110.91535949707031,110.34842393478192,0.49839405825755478,107.78948211669922,110.91535949707031,0.00235748291015625,none,0,3.0724804780000006,3.071958999999993,0.00016975421872738873,442829,520,0.16799852600000001,0.030328714999999999,0.198331916,true,branched,
1569,1041,172,1281,748,2209,t_z_291_290_0,z,0.79117100742333746,0.79117100742333746,111.39334869384766,0,111.39334869384766,110.82718115872838,0.49813393247100357,108.26947021484375,111.39334869384766,0.004180908203125,none,0,3.0724804780000006,3.071958999999993,0.00016975421872738873,442833,521,0.16737448899999999,0.030357986,0.197741415,true,branched,
1570,1043,173,1267,1095,3551,t_z_453_282_3,z,0.00059999999999993392,0.00059999999999993392,111.86959838867188,0,111.86959838867188,111.29995415619065,0.49828706883003188,108.74722290039062,111.86959838867188,0.00331878662109375,none,0,3.0724804780000006,3.071958999999993,0.00016975421872738873,442849,522,0.173488055,0.030338586000000001,0.203837562,true,branched,
1571,1044,174,1265,491,962,t_z_117_513_1,z,0.97614560591572075,0.97614560591572075,112.34665679931641,0,112.34665679931641,111.77963997460165,0.49833626212508753,109.22733306884766,112.34665679931641,0.00035858154296875,none,0,3.0724804780000006,3.071958999999993,0.00016975421872738873,442850,523,0.17054161600000001,0.030352074999999999,0.200899089,true,branched,
1572,1047,175,1260,919,2695,t_z_350_349_3,z,0.00075000000000002842,0.00075000000000002842,112.82668304443359,0,112.82668304443359,112.26052971491738,0.49514173685836066,109.70742797851562,112.82668304443359,0.00180816650390625,none,0,3.0724804780000006,3.071958999999993,0.00016975421872738873,442855,524,0.166980191,0.030146638999999999,0.19713235900000001,true,branched,
1573,1049,176,1236,503,1121,t_z_490_489_0,z,0.33399999999999996,0.33399999999999996,113.46215057373047,0,113.46215057373047,112.75356667404422,0.48932210593173425,110.23623657226562,113.46215057373047,0.042877197265625,none,0,3.0724804780000006,3.071958999999993,0.00016975421872738873,443097,525,0.16784300899999999,0.030020844000000001,0.197872358,true,branched,
1574,1051,177,1237,522,1233,t_z_492_491_0,z,0.999,0.999,114.08910369873047,0,114.08910369873047,113.23466444825009,0.489664431037309,110.71640014648438,114.08910369873047,0.18941497802734375,none,0,3.0724804780000006,3.071958999999993,0.00016975421872738873,443102,526,0.16762829500000001,0.031332148999999997,0.19896777800000001,true,branched,
1575,1053,178,1236,1194,3930,t_z_326_345_1,z,0.33399999999999996,0.33399999999999996,114.38016510009766,0,114.38016510009766,113.71397877665399,0.48897804214788526,111.19687652587891,114.38016510009766,0.0059661865234375,none,0,3.0724804780000006,3.071958999999993,0.00016975421872738873,443102,527,0.16767149100000001,0.030058024999999999,0.19773460400000001,true,branched,
1576,1054,179,1241,1201,3932,t_z_326_345_2,z,0.34683086005272812,0.34683086005272812,114.86025238037109,0,114.86025238037109,114.19436431565082,0.48726872145359001,111.67745208740234,114.86025238037109,0.0143280029296875,none,0,3.0724804780000006,3.071958999999993,0.00016975421872738873,443125,528,0.17169385300000001,0.029932035999999999,0.20163555499999999,true,branched,
1577,1056,180,1243,684,2121,t_z_281_120_0,z,0.4694286257516771,0.4694286257516771,115.3341064453125,0,115.3341064453125,114.67411291685588,0.48702666185899807,112.15637969970703,115.3341064453125,0.03398895263671875,none,0,3.0724804780000006,3.071958999999993,0.00016975421872738873,443160,529,0.168316413,0.029958815999999999,0.198279755,true,branched,
1578,1059,181,1242,486,1042,t_z_329_341_1,z,0.20040000000000013,0.20040000000000013,115.78050994873047,0,115.78050994873047,115.15343582227034,0.48728874829813423,112.63639068603516,115.78050994873047,0.03322601318359375,none,0,3.0724804780000006,3.071958999999993,0.00016975421872738873,443161,530,0.16703389900000001,0.029848024000000001,0.19688910900000001,true,branched,
1579,1060,182,1241,682,2104,t_z_279_280_0,z,0.5305713742483229,0.5305713742483229,116.22762298583984,0,116.22762298583984,115.6330297379413,0.48684607186207141,113.11710357666016,116.22762298583984,0.018768310546875,none,0,3.0724804780000006,3.071958999999993,0.00016975421872738873,443163,531,0.16707164199999999,0.029897817,0.196975652,true,branched,
1580,1063,183,1241,916,2728,t_z_68_351_0,z,0.4694286257516771,0.4694286257516771,116.68924713134766,0,116.68924713134766,116.11326804456934,0.48680370506216925,113.59725952148438,116.68924713134766,0.00948333740234375,none,0,3.0724804780000006,3.071958999999993,0.00016975421872738873,443166,532,0.16797709299999999,0.02932069,0.197302277,true,branched,
1581,1065,184,1240,905,2697,t_z_350_154_0,z,0.056888888888888767,0.056888888888888767,117.16017913818359,0,117.16017913818359,116.59289196998843,0.48668221054133903,114.07743072509766,117.16017913818359,0.00322723388671875,none,0,3.0724804780000006,3.071958999999993,0.00016975421872738873,443169,533,0.16731253500000001,0.029932812999999999,0.197254075,true,branched,
1582,1066,185,1227,825,2512,t_z_27_328_0,z,0.50024999999999997,0.50024999999999997,117.64876556396484,0,117.64876556396484,117.0715503521634,0.48612459598175567,114.55702209472656,117.64876556396484,0.01104736328125,none,0,3.0724804780000006,3.071958999999993,0.00016975421872738873,443186,534,0.167753965,0.029582310000000001,0.197345623,true,branched,
1583,1068,186,1227,1164,3865,t_z_28_27_0,z,0.77314049413611019,0.77314049413611019,118.13542938232422,0,118.13542938232422,117.55184606351595,0.48591961916350163,115.03783416748047,118.13542938232422,0.01662445068359375,none,0,3.0724804780000006,3.071958999999993,0.00016975421872738873,443188,535,0.16978639500000001,0.029609238,0.19940522199999999,true,branched,
1584,1070,187,1226,818,2481,t_z_325_117_0,z,0.51625000620251971,0.51625000620251971,118.59922027587891,0,118.59922027587891,118.03166786181401,0.48584966334930718,115.51803588867188,118.59922027587891,0.00514984130859375,none,0,3.0724804780000006,3.071958999999993,0.00016975421872738873,443192,536,0.16947617600000001,0.029605479000000001,0.19908954200000001,true,branched,
1585,1073,188,1234,633,1687,t_z_514_350_3,z,0.0020000000000000018,0.0020000000000000018,119.17964935302734,0,119.17964935302734,118.5081779381058,0.48954136949709026,115.99155426025391,119.17964935302734,0.02390289306640625,none,0,3.0724804780000006,3.071958999999993,0.00016975421872738873,443270,537,0.16803200600000001,0.028889360999999999,0.19692974099999999,true,branched,
1586,1075,189,1232,941,2840,t_z_59_155_0,z,0.025767236048068298,0.025767236048068298,119.63616943359375,0,119.63616943359375,118.98775705733857,0.48954663136398729,116.47111511230469,119.63616943359375,0.01763153076171875,none,0,3.0724804780000006,3.071958999999993,0.00016975421872738873,443271,538,0.16736363600000001,0.029669924,0.19704182200000001,true,branched,
1587,1076,190,1232,723,2235,t_z_294_293_1,z,0.97120704763752708,0.97120704763752708,120.09891510009766,0,120.09891510009766,119.46682236411355,0.48928773829552097,116.95127105712891,120.09891510009766,0.02132415771484375,none,0,3.0724804780000006,3.071958999999993,0.00016975421872738873,443273,539,0.166421714,0.028945399,0.19537496400000001,true,branched,
1588,1078,191,1234,878,2639,t_z_343_342_3,z,0.00050000000000005596,0.00050000000000005596,120.55825042724609,0,120.55825042724609,119.94714607102752,0.48819210356478021,117.43288421630859,120.55825042724609,0.03090667724609375,none,0,3.0724804780000006,3.071958999999993,0.00016975421872738873,443297,540,0.16825974399999999,0.028819029999999999,0.19708414399999999,true,branched,
1589,1081,192,1233,1170,3867,t_z_28_27_1,z,0.20040000000000011,0.20040000000000011,121.00774383544922,0,121.00774383544922,120.4267448369604,0.4882221455174699,117.9129638671875,121.00774383544922,0.01256561279296875,none,0,3.0724804780000006,3.071958999999993,0.00016975421872738873,443300,541,0.167199194,0.029569318000000001,0.19677784000000001,true,branched,
1590,1083,193,1227,731,2256,t_z_296_297_0,z,0.1039997408535086,0.1039997408535086,121.47494506835938,0,121.47494506835938,120.90676294776027,0.48870305283190019,118.39565277099609,121.47494506835938,0.00032806396484375,none,0,3.0724804780000006,3.071958999999993,0.00016975421872738873,443312,542,0.166448506,0.029530078000000001,0.19598871600000001,true,branched,
1591,1084,194,1226,1024,3103,t_z_397_396_3,z,0.33533333333333326,0.33533333333333326,121.95507049560547,0,121.95507049560547,121.38633605434299,0.48853175458144915,118.875732421875,121.95507049560547,0.00048065185546875,none,0,3.0724804780000006,3.071958999999993,0.00016975421872738873,443314,543,0.16552022599999999,0.02961275,0.19514184300000001,true,branched,
1592,1046,175,1246,916,2715,t_z_155_67_1,z,0.5,0.5,123.15239715576172,0,123.15239715576172,122.48179759948633,0.49869482714504759,119.92698669433594,123.15239715576172,0.06993865966796875,none,0,3.0724804780000006,3.071958999999993,0.00016975421872738873,443787,544,0.16784494799999999,0.030306308000000001,0.19815994100000001,true,branched,
1593,1089,176,1246,920,2731,t_z_351_68_1,z,0.99799999999999978,0.99799999999999978,123.37246704101562,0,123.37246704101562,122.74853154361536,0.49840642610810726,120.19514465332031,123.37246704101562,0.02306365966796875,none,0,3.0724804780000006,3.071958999999993,0.00016975421872738873,443789,545,0.16652515900000001,0.030080856999999999,0.19661421100000001,true,branched,
1594,1091,177,1241,876,2639,t_z_343_342_3,z,0.0010000000000000009,0.0010000000000000009,123.82984161376953,0,123.82984161376953,123.22611248253047,0.49877760686140843,120.67523956298828,123.82984161376953,0.03676605224609375,none,0,3.0724804780000006,3.071958999999993,0.00016975421872738873,443801,546,0.16939355,0.029929798000000001,0.19933160899999999,true,branched,
1595,1093,178,1240,1044,3141,t_z_402_401_2,z,0.0030000000000000027,0.0030000000000000027,124.27349090576172,0,124.27349090576172,123.70540078070856,0.49856854421107172,121.15542602539062,124.27349090576172,0.00106048583984375,none,0,3.0724804780000006,3.071958999999993,0.00016975421872738873,443809,547,0.16866524399999999,0.029842264,0.19851753499999999,true,branched,
1596,1095,179,1234,187,366,t_m_91_2,m,0.003985218165974691,0.003985218165974691,124.80348968505859,0,124.80348968505859,124.1868703709236,0.49843209338033606,121.633056640625,124.80348968505859,0.02841949462890625,none,0,3.0724804780000006,3.071958999999993,0.00016975421872738873,443850,548,0.174768284,0.029855394,0.204632857,true,branched,
1597,1096,180,1231,1027,3105,t_z_398_397_0,z,0.66466666666666652,0.66466666666666652,125.25546264648438,0,125.25546264648438,124.66598993544652,0.498447548667313,122.11311340332031,125.25546264648438,0.01949310302734375,none,0,3.0724804780000006,3.071958999999993,0.00016975421872738873,443853,549,0.17112865399999999,0.029791776999999998,0.20092943199999999,true,branched,
1598,1099,181,1230,899,2697,t_z_350_154_0,z,0.068857142857143061,0.068857142857143061,125.71636199951172,0,125.71636199951172,125.14524172651089,0.49808139863372636,122.59327697753906,125.71636199951172,0.0040435791015625,none,0,3.0724804780000006,3.071958999999993,0.00016975421872738873,443854,550,0.16586843500000001,0.029642365,0.19551966500000001,true,branched,
1599,1100,182,1233,842,2512,t_z_27_328_0,z,0.50024999999999997,0.50024999999999997,126.20546722412109,0,126.20546722412109,125.62546650684664,0.49771940989802049,123.07421112060547,126.20546722412109,0.0029144287109375,none,0,3.0724804780000006,3.071958999999993,0.00016975421872738873,443878,551,0.168425458,0.029865619999999999,0.19830071399999999,true,branched,
1600,1102,183,1220,1159,3865,t_z_28_27_0,z,0.62493317149317429,0.62493317149317429,126.70539093017578,0,126.70539093017578,126.10274640067679,0.49729493358807542,123.55510711669922,126.70539093017578,0.02234649658203125,none,0,3.0724804780000006,3.071958999999993,0.00016975421872738873,443897,552,0.16818741000000001,0.030227245,0.198423826,true,branched,
1601,1104,184,1219,601,1586,t_z_155_337_1,z,0.067482142857142824,0.067482142857142824,127.16333770751953,0,127.16333770751953,126.58248406301472,0.49721700249200568,124.03519439697266,127.16333770751953,0.00931549072265625,none,0,3.0724804780000006,3.071958999999993,0.00016975421872738873,443898,553,0.16635161600000001,0.028793519,0.195153931,true,branched,
1602,1107,185,1218,1183,3939,t_z_477_473_1,z,0.075336698906757538,0.075336698906757538,127.63436126708984,0,127.63436126708984,127.06207079331472,0.49708982953763109,124.51532745361328,127.63436126708984,0.00269317626953125,none,0,3.0724804780000006,3.071958999999993,0.00016975421872738873,443899,554,0.16696686799999999,0.030276897000000001,0.197249388,true,branched,
1603,1109,186,1226,1209,4018,t_z_191_192_1,z,0.075164704843764918,0.075164704843764918,128.31825256347656,0,128.31825256347656,127.54711390086138,0.49765414739074815,124.99812316894531,128.31825256347656,0.0240020751953125,none,0,3.0724804780000006,3.071958999999993,0.00016975421872738873,443921,555,0.16640096099999999,0.028813624999999999,0.19522141400000001,true,branched,
1604,1111,187,1215,913,2779,t_z_358_357_1,z,0.99600000000000022,0.99600000000000022,128.7425537109375,0,128.7425537109375,128.02158090096933,0.49874746009594312,125.48149108886719,128.7425537109375,0.0557403564453125,none,0,3.0724804780000006,3.071958999999993,0.00016975421872738873,443998,556,0.167496227,0.029673930000000001,0.19717770000000001,true,branched,
1605,1113,188,1214,1079,3603,t_z_330_185_1,z,0.86738540908277439,0.86738540908277439,129.08200073242188,0,129.08200073242188,128.50044992688854,0.49792943927608951,125.96161651611328,129.08200073242188,0.0102386474609375,none,0,3.0724804780000006,3.071958999999993,0.00016975421872738873,443999,557,0.16656971400000001,0.029679621999999999,0.19625730299999999,true,branched,
1606,1114,189,1217,888,2695,t_z_350_349_3,z,0.00075000000000002842,0.00075000000000002842,129.55352783203125,0,129.55352783203125,128.98106900844402,0.49724704337744141,126.44149780273438,129.55352783203125,0.000701904296875,none,0,3.0724804780000006,3.071958999999993,0.00016975421872738873,444012,558,0.168464157,0.029736390000000001,0.19820566100000001,true,branched,
1607,1117,190,1280,705,2123,t_z_281_120_1,z,0.00040428051132723741,0.00040428051132723741,130.24827575683594,0,130.24827575683594,129.48478003144265,0.49573640625036752,126.94796752929688,130.24827575683594,0.032745361328125,none,0,3.0724804780000006,3.071958999999993,0.00016975421872738873,444258,559,0.16995012300000001,0.030575301999999999,0.20053010099999999,true,branched,
1608,1119,191,1257,517,1121,t_z_490_489_0,z,0.22185220827696273,0.22185220827696273,130.64157104492188,0,130.64157104492188,129.96344678176237,0.48740984457606112,127.42744445800781,130.64157104492188,0.000732421875,none,0,3.0724804780000006,3.071958999999993,0.00016975421872738873,444282,560,0.17033114599999999,0.030044529,0.20038413999999999,true,branched,
1609,1121,192,1258,535,1233,t_z_492_491_0,z,0.999,0.999,131.30029296875,0,131.30029296875,130.44445308327485,0.48778881377981742,127.90757751464844,131.30029296875,0.179046630859375,none,0,3.0724804780000006,3.071958999999993,0.00016975421872738873,444289,561,0.168574803,0.030142096,0.19872578799999999,true,branched,
1610,1123,193,1257,1216,3932,t_z_326_345_2,z,0.20286987449266414,0.20286987449266414,131.60171508789062,0,131.60171508789062,130.92380055721165,0.48710855947371468,128.38807678222656,131.60171508789062,0.04229736328125,none,0,3.0724804780000006,3.071958999999993,0.00016975421872738873,444289,562,0.16887903200000001,0.030111615000000001,0.19899572500000001,true,branched,
1611,1124,194,1254,1221,3962,t_z_15_480_1,z,0.32183802500212044,0.32183802500212044,132.04209899902344,0,132.04209899902344,131.4030322572261,0.48696777466774666,128.86820983886719,132.04209899902344,0.0044097900390625,none,0,3.0724804780000006,3.071958999999993,0.00016975421872738873,444310,563,0.17055506500000001,0.030036477999999998,0.20060066100000001,true,branched,
1612,945,160,1268,1045,3059,t_z_392_391_1,z,0.0010000000000000009,0.0010000000000000009,133.45184326171875,0,133.45184326171875,132.8077086920994,0.4990706314449328,130.22401428222656,133.45184326171875,0.021728515625,none,0,3.0724804780000006,3.071958999999993,0.00016975421872738873,445180,564,0.16999758200000001,0.030178053,0.20018338299999999,true,branched,
1613,1129,161,1266,951,2775,t_z_357_356_3,z,0.66466666666666674,0.66466666666666674,133.69566345214844,0,133.69566345214844,133.07291084518553,0.49874984204859985,130.490478515625,133.69566345214844,0.00286865234375,none,0,3.0724804780000006,3.071958999999993,0.00016975421872738873,445182,565,0.17155489800000001,0.030058149999999999,0.20162043099999999,true,branched,
1614,1131,162,1265,955,2808,t_z_85_401_0,z,0.48672048941846446,0.48672048941846446,134.16932678222656,0,134.16932678222656,133.55050967974154,0.49639875482437479,130.97238159179688,134.16932678222656,0.008636474609375,none,0,3.0724804780000006,3.071958999999993,0.00016975421872738873,445188,566,0.16680671699999999,0.030083855999999999,0.196898564,true,branched,
1615,1133,163,1235,896,2682,t_z_348_349_1,z,0.9184078608672126,0.9184078608672126,134.6282958984375,0,134.6282958984375,134.01910752516525,0.49579656024502183,131.4527587890625,134.6282958984375,0.009552001953125,none,0,3.0724804780000006,3.071958999999993,0.00016975421872738873,445224,567,0.16502739699999999,0.029657431000000001,0.19469328499999999,true,branched,
1616,1135,164,1233,1202,3943,t_z_477_473_3,z,0.997,0.997,135.0863037109375,0,135.0863037109375,134.48630971050031,0.49254659915833865,131.93281555175781,135.0863037109375,0.0014801025390625,none,0,3.0724804780000006,3.071958999999993,0.00016975421872738873,445225,568,0.16862068899999999,0.02975504,0.19838476999999999,true,branched,
1617,1137,165,1232,1187,3895,t_z_472_358_3,z,0.995,0.995,135.55279541015625,0,135.55279541015625,134.95375255485635,0.49070938375614048,132.41299438476562,135.55279541015625,0.01385498046875,none,0,3.0724804780000006,3.071958999999993,0.00016975421872738873,445227,569,0.16673552799999999,0.029673051999999998,0.196417288,true,branched,
1618,1139,166,1232,1152,3776,t_z_407_467_0,z,0.37850655869455496,0.37850655869455496,136.00650024414062,0,136.00650024414062,135.42093258399467,0.48978595808527692,132.89317321777344,136.00650024414062,0.0029754638671875,none,0,3.0724804780000006,3.071958999999993,0.00016975421872738873,445228,570,0.16636725399999999,0.028906290000000001,0.19528078700000001,true,branched,
1619,1141,167,1230,679,2153,t_z_285_284_0,z,0.0020000000000000018,0.0020000000000000018,136.47087097167969,0,136.47087097167969,135.88721612449584,0.48972845438990198,133.373291015625,136.47087097167969,0.01153564453125,none,0,3.0724804780000006,3.071958999999993,0.00016975421872738873,445232,571,0.164237209,0.029511412000000001,0.193753543,true,branched,
1620,1142,168,1229,237,458,t_m_114_2,m,0.00066666666666659324,0.00066666666666659324,136.92691040039062,0,136.92691040039062,136.35399916348561,0.48952422396372253,133.84161376953125,136.92691040039062,0.0131683349609375,none,0,3.0724804780000006,3.071958999999993,0.00016975421872738873,445233,572,0.16576954399999999,0.029550727999999998,0.19532575699999999,true,branched,
1621,1145,169,1226,1188,3916,t_z_379_477_2,z,0.999,0.999,137.38070678710938,0,137.38070678710938,136.81591572847103,0.49662836142396671,134.31390380859375,137.38070678710938,0.00762939453125,none,0,3.0724804780000006,3.071958999999993,0.00016975421872738873,445299,573,0.16451560500000001,0.030002141,0.19452660999999999,true,branched,
1622,1147,170,1225,1007,3056,t_z_391_392_0,z,0.4245272904157194,0.4245272904157194,137.84013366699219,0,137.84013366699219,137.28242181271924,0.49625655483535086,134.78091430664062,137.84013366699219,0.004150390625,none,0,3.0724804780000006,3.071958999999993,0.00016975421872738873,445305,574,0.17017849600000001,0.031123333999999999,0.201306813,true,branched,
1623,1149,171,1216,995,3049,t_z_391_390_0,z,0.0015000000000000568,0.0015000000000000568,138.33355712890625,0,138.33355712890625,137.74957459851316,0.49599999031003311,135.24812316894531,138.33355712890625,0.0283203125,none,0,3.0724804780000006,3.071958999999993,0.00016975421872738873,445357,575,0.16561416800000001,0.029288714,0.19490975199999999,true,branched,
1624,1151,172,1217,703,2209,t_z_291_290_0,z,0.79870999706638057,0.79870999706638057,138.77214050292969,0,138.77214050292969,138.2168288344522,0.49451033159698504,135.71554565429688,138.77214050292969,0.000701904296875,none,0,3.0724804780000006,3.071958999999993,0.00016975421872738873,445371,576,0.165890969,0.028586584000000002,0.194483292,true,branched,
1625,1153,173,1214,1157,3855,t_z_403_352_3,z,0.0010000000000000009,0.0010000000000000009,139.239013671875,0,139.239013671875,138.67705381289738,0.49415494373480839,136.1810302734375,139.239013671875,0.006683349609375,none,0,3.0724804780000006,3.071958999999993,0.00016975421872738873,445399,577,0.16494208099999999,0.029435368,0.19438623199999999,true,branched,
1626,1155,174,1212,1078,3603,t_z_330_185_1,z,0.87487499999999985,0.87487499999999985,139.69984436035156,0,139.69984436035156,139.14294658950453,0.49391199380764172,136.64817810058594,139.69984436035156,0.00103759765625,none,0,3.0724804780000006,3.071958999999993,0.00016975421872738873,445403,578,0.16475722400000001,0.029346273999999999,0.19411224099999999,true,branched,
1627,1156,175,1198,886,2715,t_z_155_67_1,z,0.49900000000000011,0.49900000000000011,140.27008056640625,0,140.27008056640625,139.60935296518775,0.49364874932843128,137.11781311035156,140.27008056640625,0.0978851318359375,none,0,3.0724804780000006,3.071958999999993,0.00016975421872738873,445459,579,0.16550709499999999,0.029208611999999998,0.19472057100000001,true,branched,
1628,1159,176,1201,892,2731,t_z_351_68_1,z,0.99799999999999978,0.99799999999999978,140.689697265625,0,140.689697265625,140.07778619389848,0.49336390042113615,137.58598327636719,140.689697265625,0.0517425537109375,none,0,3.0724804780000006,3.071958999999993,0.00016975421872738873,445467,580,0.166416493,0.029349187999999998,0.19577095799999999,true,branched,
1629,1161,177,1211,1159,3865,t_z_28_27_0,z,0.85942313466513154,0.85942313466513154,141.10670471191406,0,141.10670471191406,140.54455849909763,0.49113449775781837,138.05348205566406,141.10670471191406,0.0015411376953125,none,0,3.0724804780000006,3.071958999999993,0.00016975421872738873,445487,581,0.169099148,0.029494415,0.19859790599999999,true,branched,
1630,1163,178,1210,588,1586,t_z_155_337_1,z,0.038139314544074772,0.038139314544074772,141.57917785644531,0,141.57917785644531,141.01232859713971,0.48893592604312403,138.52122497558594,141.57917785644531,0.003204345703125,none,0,3.0724804780000006,3.071958999999993,0.00016975421872738873,445513,582,0.16747355,0.029539099999999999,0.19701902900000001,true,branched,
1631,1165,179,1209,457,962,t_z_117_513_1,z,0.96186068545592496,0.96186068545592496,142.04350280761719,0,142.04350280761719,141.47912465135749,0.48881997779568515,138.98857116699219,142.04350280761719,0.0016021728515625,none,0,3.0724804780000006,3.071958999999993,0.00016975421872738873,445514,583,0.16983800399999999,0.029831105,0.19968017699999999,true,branched,
1632,1167,180,1209,956,2939,t_z_512_508_1,z,0.503,0.503,142.50949096679688,0,142.50949096679688,141.94765339260559,0.48573650356089887,139.4559326171875,142.50949096679688,0.0001983642578125,none,0,3.0724804780000006,3.071958999999993,0.00016975421872738873,445523,584,0.170313782,0.029486451,0.19980631200000001,true,branched,
1633,1169,181,1209,1030,3178,t_z_408_409_1,z,0.0010000000000000009,0.0010000000000000009,143.16426086425781,0,143.16426086425781,142.41700387454605,0.48584274936957728,139.92437744140625,143.16426086425781,0.089569091796875,none,0,3.0724804780000006,3.071958999999993,0.00016975421872738873,445544,585,0.171385757,0.029404377999999998,0.20079560799999999,true,branched,
1634,1128,161,1266,951,2775,t_z_357_356_3,z,0.66466666666666674,0.66466666666666674,144.12690734863281,0,144.12690734863281,143.51861971211846,0.48698279615027545,140.99629211425781,144.12690734863281,0.00347900390625,none,0,3.0724804780000006,3.071958999999993,0.00016975421872738873,445961,586,0.17015285899999999,0.030517780000000001,0.200680624,true,branched,
1635,1173,162,1262,954,2808,t_z_85_401_0,z,0.48672048941846402,0.48672048941846402,144.39785766601562,0,144.39785766601562,143.78088640070945,0.48728065278455618,141.26083374023438,144.39785766601562,0.0110626220703125,none,0,3.0724804780000006,3.071958999999993,0.00016975421872738873,445965,587,0.16728589999999999,0.029969704999999999,0.197261202,true,branched,
1636,1175,163,1247,908,2682,t_z_348_349_1,z,0.91970245472189349,0.91970245472189349,144.8544921875,0,144.8544921875,144.24785187575179,0.48840218991774142,141.72848510742188,144.8544921875,0.021209716796875,none,0,3.0724804780000006,3.071958999999993,0.00016975421872738873,445997,588,0.17042660200000001,0.029999822999999998,0.20043258799999999,true,branched,
1637,1177,164,1245,1166,3776,t_z_407_467_0,z,0.37844983624907225,0.37844983624907225,145.30094909667969,0,145.30094909667969,144.71386916072493,0.48813630821213266,142.19573974609375,145.30094909667969,0.0037689208984375,none,0,3.0724804780000006,3.071958999999993,0.00016975421872738873,445998,589,0.16904503500000001,0.029854451000000001,0.198907,true,branched,
1638,1179,165,1243,686,2153,t_z_285_284_0,z,0.0020000000000000018,0.0020000000000000018,145.76454162597656,0,145.76454162597656,145.18009792828119,0.48817505381377202,142.66300964355469,145.76454162597656,0.0123748779296875,none,0,3.0724804780000006,3.071958999999993,0.00016975421872738873,446002,590,0.167477444,0.029875843999999999,0.19735850199999999,true,branched,
1639,1180,166,1242,240,458,t_m_114_2,m,0.00066666666666659324,0.00066666666666659324,146.21968078613281,0,146.21968078613281,145.6468615570314,0.48797315829653154,143.13034057617188,146.21968078613281,0.0146026611328125,none,0,3.0724804780000006,3.071958999999993,0.00016975421872738873,446003,591,0.17023500999999999,0.029904492000000001,0.200144551,true,branched,
1640,1183,167,1234,1014,3056,t_z_391_392_0,z,0.38013897068889518,0.38013897068889518,146.67637634277344,0,146.67637634277344,146.10933058381661,0.49203827227103952,143.60032653808594,146.67637634277344,0.006195068359375,none,0,3.0724804780000006,3.071958999999993,0.00016975421872738873,446096,592,0.169141869,0.029705309999999999,0.19885256900000001,true,branched,
1641,1185,168,1234,1009,3049,t_z_391_390_0,z,0.0015000000000000568,0.0015000000000000568,147.14224243164062,0,147.14224243164062,146.56822563183752,0.49197373748650908,144.059326171875,147.14224243164062,0.012939453125,none,0,3.0724804780000006,3.071958999999993,0.00016975421872738873,446101,593,0.16639150599999999,0.029557652,0.19595529,true,branched,
1642,1187,169,1232,1194,3916,t_z_379_477_2,z,0.999,0.999,147.5792236328125,0,147.5792236328125,147.01677753398945,0.49098745244227004,144.50885009765625,147.5792236328125,0.0038299560546875,none,0,3.0724804780000006,3.071958999999993,0.00016975421872738873,446105,594,0.16945113000000001,0.029583209999999999,0.19903966400000001,true,branched,
1643,1189,170,1231,706,2209,t_z_291_290_0,z,0.85316134596747295,0.85316134596747295,148.02337646484375,0,148.02337646484375,147.46460884397928,0.49075536506275669,144.96000671386719,148.02337646484375,0.0045166015625,none,0,3.0724804780000006,3.071958999999993,0.00016975421872738873,446128,595,0.16812037399999999,0.029674862999999999,0.197800578,true,branched,
1644,1191,171,1218,1162,3855,t_z_403_352_3,z,0.0010000000000000009,0.0010000000000000009,148.46891784667969,0,148.46891784667969,147.90611448742095,0.49098400840006962,145.40736389160156,148.46891784667969,0.00390625,none,0,3.0724804780000006,3.071958999999993,0.00016975421872738873,446144,596,0.16657585999999999,0.030138841,0.19672432400000001,true,branched,
1645,1193,172,1216,1186,3939,t_z_477_473_1,z,0.10460189085580729,0.10460189085580729,148.91464233398438,0,148.91464233398438,148.35413459727638,0.49073144252825091,145.85664367675781,148.91464233398438,0.001739501953125,none,0,3.0724804780000006,3.071958999999993,0.00016975421872738873,446148,597,0.16749594000000001,0.029560792999999998,0.197066035,true,branched,
1646,1195,173,1224,983,3011,t_z_387_386_1,z,0.66566666666666674,0.66566666666666674,149.43754577636719,0,149.43754577636719,148.80441535999572,0.4888644820331019,146.30996704101562,149.43754577636719,0.018951416015625,none,0,3.0724804780000006,3.071958999999993,0.00016975421872738873,446239,598,0.166247909,0.029477524000000001,0.19573051999999999,true,branched,
1647,1197,174,1224,1058,3551,t_z_453_282_3,z,0.0010000000000000009,0.0010000000000000009,149.81278991699219,0,149.81278991699219,149.25331174314411,0.48821139282975951,146.75941467285156,149.81278991699219,1.52587890625e-05,none,0,3.0724804780000006,3.071958999999993,0.00016975421872738873,446241,599,0.166229609,0.029479937000000001,0.195718378,true,branched,
1648,1198,175,1223,1090,3603,t_z_330_185_1,z,0.87487500000000007,0.87487500000000007,150.26240539550781,0,150.26240539550781,149.70218612907954,0.48805978673587308,147.20877075195312,150.26240539550781,0.001190185546875,none,0,3.0724804780000006,3.071958999999993,0.00016975421872738873,446242,600,0.168742483,0.029518875,0.19826719200000001,true,branched,
1649,1200,176,1230,909,2715,t_z_155_67_1,z,0.27068553051745603,0.27068553051745603,150.75210571289062,0,150.75210571289062,150.15184865811975,0.48988867304795858,147.65887451171875,150.75210571289062,0.0399627685546875,none,0,3.0724804780000006,3.071958999999993,0.00016975421872738873,446263,601,0.16726732699999999,0.029600297000000001,0.196873928,true,branched,
1650,1203,177,1230,913,2731,t_z_351_68_1,z,0.99799999999999978,0.99799999999999978,151.21647644042969,0,151.21647644042969,150.60131868191851,0.48960641160554275,148.11024475097656,151.21647644042969,0.0546875,none,0,3.0724804780000006,3.071958999999993,0.00016975421872738873,446266,602,0.169825743,0.029706990999999999,0.19953788,true,branched,
1651,1205,178,1232,1032,3103,t_z_397_396_3,z,0.33533333333333315,0.33533333333333315,151.611572265625,0,151.611572265625,151.04932631455458,0.48867545847716592,148.55972290039062,151.611572265625,0.0011749267578125,none,0,3.0724804780000006,3.071958999999993,0.00016975421872738873,446281,603,0.16723800999999999,0.029708898000000001,0.19695283499999999,true,branched,
1652,1207,179,1231,1029,3087,t_z_395_394_3,z,0.33333333333333348,0.33333333333333348,152.10255432128906,0,152.10255432128906,151.4983998228146,0.48869629474115805,149.00917053222656,152.10255432128906,0.0412139892578125,none,0,3.0724804780000006,3.071958999999993,0.00016975421872738873,446285,604,0.16785612499999999,0.029613830000000001,0.19747569100000001,true,branched,
1653,1209,180,1237,578,1510,t_z_35_393_3,z,0.33333333333333326,0.33333333333333326,152.60919189453125,0,152.60919189453125,151.94985749746584,0.48782404047686817,149.45925903320312,152.60919189453125,0.0948028564453125,none,0,3.0724804780000006,3.071958999999993,0.00016975421872738873,446307,605,0.16666019200000001,0.029888888999999998,0.196554014,true,branched,
1654,1210,181,1236,49,94,t_m_23_2,m,0.00080000000000035598,0.00080000000000035598,152.95953369140625,0,152.95953369140625,152.39870981259639,0.48720346159783856,149.90908813476562,152.95953369140625,0.0004119873046875,none,0,3.0724804780000006,3.071958999999993,0.00016975421872738873,446309,606,0.16942890899999999,0.029888619000000002,0.199323736,true,branched,
1655,1172,162,1267,954,2783,t_z_358_357_3,z,0.93006598590861844,0.93006598590861844,154.10992431640625,0,154.10992431640625,153.49586745746134,0.48739541985825396,150.97036743164062,154.10992431640625,0.0103912353515625,none,0,3.0724804780000006,3.071958999999993,0.00016975421872738873,446750,607,0.16878093699999999,0.030169517999999999,0.198957158,true,branched,
1656,1215,163,1264,953,2808,t_z_85_401_0,z,0.44670284847537201,0.44670284847537201,154.35107421875,0,154.35107421875,153.74641601948798,0.48464890422944784,151.22026062011719,154.35107421875,0.0010986328125,none,0,3.0724804780000006,3.071958999999993,0.00016975421872738873,446765,608,0.16780942800000001,0.030169554000000001,0.19798491900000001,true,branched,
1657,1217,164,1263,912,2682,t_z_348_349_1,z,0.91262713654983707,0.91262713654983707,154.79957580566406,0,154.79957580566406,154.19543750608901,0.48439784106036771,151.67088317871094,154.79957580566406,0.0067901611328125,none,0,3.0724804780000006,3.071958999999993,0.00016975421872738873,446778,609,0.16951012600000001,0.030055495000000002,0.199570358,true,branched,
1658,1219,165,1261,1230,3943,t_z_477_473_3,z,0.997,0.997,155.24227905273438,0,155.24227905273438,154.64348427442025,0.48413540744986872,152.1201171875,155.24227905273438,0.007354736328125,none,0,3.0724804780000006,3.071958999999993,0.00016975421872738873,446779,610,0.167334132,0.030077191999999999,0.19741753100000001,true,branched,
1659,1221,166,1261,1178,3776,t_z_407_467_0,z,0.33333333333333326,0.33333333333333326,155.68461608886719,0,155.68461608886719,155.09269116588476,0.48387260498194085,152.569580078125,155.68461608886719,0.0093536376953125,none,0,3.0724804780000006,3.071958999999993,0.00016975421872738873,446781,611,0.168272491,0.030202531000000001,0.198480658,true,branched,
1660,1223,167,1260,691,2153,t_z_285_284_0,z,0.0020000000000000018,0.0020000000000000018,156.12449645996094,0,156.12449645996094,155.54089296129015,0.48371615674576884,153.01786804199219,156.12449645996094,0.01153564453125,none,0,3.0724804780000006,3.071958999999993,0.00016975421872738873,446786,612,0.16949603399999999,0.030024769999999999,0.19952900400000001,true,branched,
1661,1224,168,1259,246,458,t_m_114_2,m,0.00066666666666659324,0.00066666666666659324,156.5626220703125,0,156.5626220703125,155.98980042667404,0.48351079393166635,153.46731567382812,156.5626220703125,0.015533447265625,none,0,3.0724804780000006,3.071958999999993,0.00016975421872738873,446787,613,0.168335397,0.030063267000000001,0.198404935,true,branched,
1662,1227,169,1243,1019,3056,t_z_391_392_0,z,0.40106321627939123,0.40106321627939123,156.99613952636719,0,156.99613952636719,156.43828501129764,0.48717505672117783,153.92007446289062,156.99613952636719,0.00152587890625,none,0,3.0724804780000006,3.071958999999993,0.00016975421872738873,446874,614,0.177013528,0.029878524,0.20689998000000001,true,branched,
1663,1229,170,1236,1008,3049,t_z_391_390_0,z,0.0015000000000000568,0.0015000000000000568,157.464599609375,0,157.464599609375,156.88864694984213,0.48601627459199864,154.37025451660156,157.464599609375,0.02056884765625,none,0,3.0724804780000006,3.071958999999993,0.00016975421872738873,446923,615,0.168823216,0.029809647000000002,0.198638807,true,branched,
1664,1231,171,1234,1197,3916,t_z_379_477_2,z,0.999,0.999,157.89407348632812,0,157.89407348632812,157.33742972054011,0.48505031571845636,154.81980895996094,157.89407348632812,0.01055908203125,none,0,3.0724804780000006,3.071958999999993,0.00016975421872738873,446937,616,0.16732668000000001,0.029774642,0.19711071099999999,true,branched,
1665,1233,172,1233,1177,3855,t_z_403_352_3,z,0.0010000000000000009,0.0010000000000000009,158.33320617675781,0,158.33320617675781,157.78615080623828,0.48483888359072919,155.26927185058594,158.33320617675781,0.005096435546875,none,0,3.0724804780000006,3.071958999999993,0.00016975421872738873,446937,617,0.16759839600000001,0.029783424999999999,0.19738748,true,branched,
1666,1235,173,1231,709,2209,t_z_291_290_0,z,0.74745599287415465,0.74745599287415465,158.77760314941406,0,158.77760314941406,158.2342413523447,0.48461792482836413,155.71855163574219,158.77760314941406,0.0002593994140625,none,0,3.0724804780000006,3.071958999999993,0.00016975421872738873,446941,618,0.16964152099999999,0.029736841999999999,0.19938298600000001,true,branched,
1667,1237,174,1224,727,2256,t_z_296_297_0,z,0.0095171822952055396,0.0095171822952055396,159.24076843261719,0,159.24076843261719,158.67110982907363,0.49435230319438284,156.16607666015625,159.24076843261719,0.013397216796875,none,0,3.0724804780000006,3.071958999999993,0.00016975421872738873,446972,619,0.16770932799999999,0.029800442,0.19751468899999999,true,branched,
1668,1238,175,1225,1091,3603,t_z_330_185_1,z,0.87487499999999985,0.87487499999999985,159.67707824707031,0,159.67707824707031,159.11901256327727,0.49507410415280012,156.61534118652344,159.67707824707031,0.000732421875,none,0,3.0724804780000006,3.071958999999993,0.00016975421872738873,446982,620,0.168079592,0.029777235999999999,0.19786177099999999,true,branched,
1669,1240,176,1228,902,2715,t_z_155_67_1,z,0.2660557957593086,0.2660557957593086,160.16429138183594,0,160.16429138183594,159.57013842803258,0.49371771466314296,157.06510925292969,160.16429138183594,0.0382080078125,none,0,3.0724804780000006,3.071958999999993,0.00016975421872738873,447003,621,0.169535715,0.029796105999999999,0.199337294,true,branched,
1670,1243,177,1228,906,2731,t_z_351_68_1,z,0.99799999999999978,0.99799999999999978,160.62901306152344,0,160.62901306152344,160.01963739053434,0.49344869018283127,157.51649475097656,160.62901306152344,0.0531768798828125,none,0,3.0724804780000006,3.071958999999993,0.00016975421872738873,447006,622,0.16653256299999999,0.029078316,0.195616133,true,branched,
1671,1245,178,1226,49,94,t_m_23_2,m,0.0007499999999999174,0.0007499999999999174,161.0255126953125,0,161.0255126953125,160.46739303812896,0.49321148155780525,157.96586608886719,161.0255126953125,0.00067138671875,none,0,3.0724804780000006,3.071958999999993,0.00016975421872738873,447011,623,0.16934415899999999,0.029733952000000001,0.19908379500000001,true,branched,
1672,1247,179,1177,1124,3865,t_z_28_27_0,z,0.68151237993039937,0.68151237993039937,161.49697875976562,0,161.49697875976562,160.91484964349661,0.49572958397678552,158.41632080078125,161.49697875976562,0.0226593017578125,none,0,3.0724804780000006,3.071958999999993,0.00016975421872738873,447090,624,0.16512579399999999,0.028975645000000001,0.19410712799999999,true,branched,
1673,1248,180,1183,789,2512,t_z_27_328_0,z,0.25062499999999999,0.25062499999999999,161.97352600097656,0,161.97352600097656,161.36558202516196,0.49470092513664016,158.86734008789062,161.97352600097656,0.036346435546875,none,0,3.0724804780000006,3.071958999999993,0.00016975421872738873,447116,625,0.168468436,0.030423077,0.198898249,true,branched,
1674,1250,181,1181,438,962,t_z_117_513_1,z,0.92015916439055256,0.92015916439055256,162.3868408203125,0,162.3868408203125,161.81395997282411,0.49454465331565539,159.31678771972656,162.3868408203125,0.0133514404296875,none,0,3.0724804780000006,3.071958999999993,0.00016975421872738873,447118,626,0.16582122699999999,0.029155217000000001,0.1949823,true,branched,
1675,1130,162,1267,954,2783,t_z_358_357_3,z,0.93006598590861844,0.93006598590861844,163.5283203125,0,163.5283203125,162.91676113788029,0.48298227510173619,160.42454528808594,163.5283203125,0.008819580078125,none,0,3.0724804780000006,3.071958999999993,0.00016975421872738873,447990,627,0.17280036300000001,0.030089764000000001,0.20289963899999999,true,branched,
1676,1255,163,1264,953,2808,t_z_85_401_0,z,0.44670284847537201,0.44670284847537201,163.77134704589844,0,163.77134704589844,163.16722749154778,0.48035509074317384,160.67440795898438,163.77134704589844,0.0030364990234375,none,0,3.0724804780000006,3.071958999999993,0.00016975421872738873,448005,628,0.16560320100000001,0.029351014000000002,0.194962565,true,branched,
1677,1257,164,1263,912,2682,t_z_348_349_1,z,0.91262713654983707,0.91262713654983707,164.21795654296875,0,164.21795654296875,163.61626183637435,0.48010613065188346,161.12504577636719,164.21795654296875,0.0067901611328125,none,0,3.0724804780000006,3.071958999999993,0.00016975421872738873,448018,629,0.166806607,0.029449880000000001,0.19626154000000001,true,branched,
1678,1259,165,1261,1230,3943,t_z_477_473_3,z,0.997,0.997,164.66075134277344,0,164.66075134277344,164.06432905809734,0.47983882349305595,161.5743408203125,164.66075134277344,0.006195068359375,none,0,3.0724804780000006,3.071958999999993,0.00016975421872738873,448019,630,0.16776965699999999,0.029278195,0.19705341700000001,true,branched,
1679,1261,166,1261,1178,3776,t_z_407_467_0,z,0.33333333333333326,0.33333333333333326,165.10418701171875,0,165.10418701171875,164.51351335784162,0.47957482433405213,162.02377319335938,165.10418701171875,0.0097808837890625,none,0,3.0724804780000006,3.071958999999993,0.00016975421872738873,448021,631,0.16552887199999999,0.029312634000000001,0.194846823,true,branched,
1680,1263,167,1260,691,2153,t_z_285_284_0,z,0.0020000000000000018,0.0020000000000000018,165.54365539550781,0,165.54365539550781,164.96170057266477,0.47940938906508063,162.47198486328125,165.54365539550781,0.0092620849609375,none,0,3.0724804780000006,3.071958999999993,0.00016975421872738873,448026,632,0.16640596899999999,0.029292753000000001,0.19570394099999999,true,branched,
1681,1264,168,1259,246,458,t_m_114_2,m,0.00066666666666659324,0.00066666666666659324,165.98405456542969,0,165.98405456542969,165.41058909542699,0.47920195629203322,162.92143249511719,165.98405456542969,0.0164947509765625,none,0,3.0724804780000006,3.071958999999993,0.00016975421872738873,448027,633,0.167722178,0.029418893000000002,0.197150298,true,branched,
1682,1267,169,1243,1019,3056,t_z_391_392_0,z,0.40106321627939123,0.40106321627939123,166.41526794433594,0,166.41526794433594,165.85906566273081,0.48287713878212918,163.37429809570312,166.41526794433594,0.00018310546875,none,0,3.0724804780000006,3.071958999999993,0.00016975421872738873,448114,634,0.16621539599999999,0.029075829000000001,0.195296885,true,branched,
1683,1269,170,1236,1008,3049,t_z_391_390_0,z,0.0015000000000000568,0.0015000000000000568,166.88395690917969,0,166.88395690917969,166.30941978627425,0.48175026382653385,163.82441711425781,166.88395690917969,0.019500732421875,none,0,3.0724804780000006,3.071958999999993,0.00016975421872738873,448163,635,0.16883545899999999,0.029231189000000001,0.19807271800000001,true,branched,
1684,1271,171,1234,1197,3916,t_z_379_477_2,z,0.999,0.999,167.31452941894531,0,167.31452941894531,166.75822631737014,0.48075479776070779,164.27395629882812,167.31452941894531,0.0115966796875,none,0,3.0724804780000006,3.071958999999993,0.00016975421872738873,448177,636,0.16858957699999999,0.029019467,0.197617868,true,branched,
1685,1273,172,1233,1177,3855,t_z_403_352_3,z,0.0010000000000000009,0.0010000000000000009,167.75218200683594,0,167.75218200683594,167.20693341059504,0.48053773999704075,164.72341918945312,167.75218200683594,0.0034942626953125,none,0,3.0724804780000006,3.071958999999993,0.00016975421872738873,448177,637,0.16698980799999999,0.029101419999999999,0.19609638400000001,true,branched,
1686,1275,173,1231,49,94,t_m_23_2,m,0.0007499999999999174,0.0007499999999999174,168.19841003417969,0,168.19841003417969,167.65501959124393,0.48031317495548581,165.17269897460938,168.19841003417969,0.0016937255859375,none,0,3.0724804780000006,3.071958999999993,0.00016975421872738873,448181,638,0.167230502,0.029006654999999999,0.19624221999999999,true,branched,
1687,1277,174,1212,1160,3865,t_z_28_27_0,z,0.74974999999999981,0.74974999999999981,168.66348266601562,0,168.66348266601562,168.10459971663977,0.47977688771909627,165.62522888183594,168.66348266601562,0.0172119140625,none,0,3.0724804780000006,3.071958999999993,0.00016975421872738873,448224,639,0.164774948,0.029641944999999999,0.194426403,true,branched,
1688,1278,175,1214,817,2512,t_z_27_328_0,z,0.25062499999999999,0.25062499999999999,169.145751953125,0,169.145751953125,168.55533612422533,0.4791967161845887,166.0767822265625,169.145751953125,0.0499114990234375,none,0,3.0724804780000006,3.071958999999993,0.00016975421872738873,448239,640,0.168538677,0.029593148999999999,0.19814134999999999,true,branched,
1689,1280,176,1212,1080,3603,t_z_330_185_1,z,0.87487499999999985,0.87487499999999985,169.54548645019531,0,169.54548645019531,169.00375765306327,0.47905083540072735,166.52621459960938,169.54548645019531,0.0013885498046875,none,0,3.0724804780000006,3.071958999999993,0.00016975421872738873,448241,641,0.16638392399999999,0.028959434999999999,0.19535280199999999,true,branched,
1690,1282,177,1214,891,2715,t_z_155_67_1,z,0.2459691803618288,0.2459691803618288,170.02609252929688,0,170.02609252929688,169.45318952934352,0.47897128899970409,166.97589111328125,170.02609252929688,0.0312652587890625,none,0,3.0724804780000006,3.071958999999993,0.00016975421872738873,448264,642,0.16762369399999999,0.029671952000000001,0.19729996299999999,true,branched,
1691,1285,178,1214,895,2731,t_z_351_68_1,z,0.99799999999999978,0.99799999999999978,170.49908447265625,0,170.49908447265625,169.90270269604451,0.47871931857970235,167.42730712890625,170.49908447265625,0.0546417236328125,none,0,3.0724804780000006,3.071958999999993,0.00016975421872738873,448267,643,0.168131691,0.029715912000000001,0.197855788,true,branched,
1692,1287,179,1209,1044,3551,t_z_453_282_3,z,0.0010000000000000009,0.0010000000000000009,170.89414978027344,0,170.89414978027344,170.34980549271981,0.47884118275974358,167.87673950195312,170.89414978027344,0.0018310546875,none,0,3.0724804780000006,3.071958999999993,0.00016975421872738873,448279,644,0.16694178700000001,0.0296948,0.19664210600000001,true,branched,
1693,1288,180,1208,1007,3103,t_z_397_396_3,z,0.33533333333333315,0.33533333333333315,171.34194946289062,0,171.34194946289062,170.79869413060069,0.47869616198792708,168.32611083984375,171.34194946289062,0.0001678466796875,none,0,3.0724804780000006,3.071958999999993,0.00016975421872738873,448280,645,0.16802070599999999,0.029408879999999998,0.19743860299999999,true,branched,
1694,1291,181,1207,1004,3087,t_z_395_394_3,z,0.33333333333333348,0.33333333333333348,171.83299255371094,0,171.83299255371094,171.24776163551564,0.47873161844132478,168.77554321289062,171.83299255371094,0.041290283203125,none,0,3.0724804780000006,3.071958999999993,0.00016975421872738873,448284,646,0.16639943200000001,0.029438952000000001,0.19584727199999999,true,branched,
1695,1157,175,1209,48,94,t_m_23_2,m,0.0007499999999999174,0.0007499999999999174,172.59815979003906,0,172.59815979003906,172.04244815898986,0.48942985339455153,169.57041931152344,172.59815979003906,0.0008392333984375,none,0,3.0724804780000006,3.071958999999993,0.00016975421872738873,449139,647,0.167024854,0.029800790000000001,0.19683199400000001,true,branched,
1696,1295,176,1212,474,1040,t_z_329_341_0,z,0.0054388382030345073,0.0054388382030345073,173.00971984863281,0,173.00971984863281,172.29482639426053,0.49596355011642557,169.82646179199219,173.00971984863281,0.14569091796875,none,0,3.0724804780000006,3.071958999999993,0.00016975421872738873,449216,648,0.173476931,0.029509469,0.20299146200000001,true,branched,
1697,1297,177,1210,1158,3865,t_z_28_27_0,z,0.74975000000000014,0.74975000000000014,173.31370544433594,0,173.31370544433594,172.74333016892109,0.49576608825857021,170.27589416503906,173.31370544433594,0.012237548828125,none,0,3.0724804780000006,3.071958999999993,0.00016975421872738873,449220,649,0.166132057,0.029412991999999999,0.195553795,true,branched,
1698,1298,178,1198,811,2512,t_z_27_328_0,z,0.25062499999999999,0.25062499999999999,173.79608154296875,0,173.79608154296875,173.19072808725807,0.49712606174821222,170.72608947753906,173.79608154296875,0.0444488525390625,none,0,3.0724804780000006,3.071958999999993,0.00016975421872738873,449250,650,0.166597412,0.028394343999999998,0.194997478,true,branched,
1699,1300,179,1196,1167,3939,t_z_477_473_1,z,0.10103358358358361,0.10103358358358361,174.20222473144531,0,174.20222473144531,173.63938402411929,0.49718346378945438,171.17552185058594,174.20222473144531,0.0011138916015625,none,0,3.0724804780000006,3.071958999999993,0.00016975421872738873,449252,651,0.164284132,0.029200963,0.19349070500000001,true,branched,
1700,1303,180,1177,952,3011,t_z_387_386_1,z,0.50500000000000012,0.50500000000000012,174.70458984375,0,174.70458984375,174.08625637887388,0.49497450886582484,171.62525939941406,174.70458984375,0.0523223876953125,none,0,3.0724804780000006,3.071958999999993,0.00016975421872738873,449311,652,0.16420665400000001,0.029139670999999999,0.19335144800000001,true,branched,
1701,1305,181,1175,606,1789,t_z_237_236_2,z,0.29095577473030998,0.29095577473030998,175.10148620605469,0,175.10148620605469,174.5351059284616,0.49494257461030217,172.07472229003906,175.10148620605469,0.00201416015625,none,0,3.0724804780000006,3.071958999999993,0.00016975421872738873,449313,653,0.16519098700000001,0.028931458,0.19412658199999999,true,branched,
1702,1306,182,1175,819,2563,t_z_333_332_1,z,0.98999999999999999,0.98999999999999999,175.54629516601562,0,175.54629516601562,174.9844410738032,0.49440423350417734,172.52415466308594,175.54629516601562,0.0015716552734375,none,0,3.0724804780000006,3.071958999999993,0.00016975421872738873,449316,654,0.16536648500000001,0.028978436,0.19435298100000001,true,branched,
1703,1308,183,1208,1021,3178,t_z_408_409_1,z,0.0010000000000002229,0.0010000000000002229,176.17689514160156,0,176.17689514160156,175.43658684736846,0.49571092343329515,172.98493957519531,176.17689514160156,0.04498291015625,none,0,3.0724804780000006,3.071958999999993,0.00016975421872738873,449583,655,0.16717934400000001,0.029674399000000001,0.19685866199999999,true,branched,
1704,1311,184,1206,546,1470,t_z_345_391_3,z,0.12274999999999892,0.12274999999999892,176.57875061035156,0,176.57875061035156,175.88338751342167,0.49443817682258717,173.43423461914062,176.57875061035156,0.092193603515625,none,0,3.0724804780000006,3.071958999999993,0.00016975421872738873,449591,656,0.16531971500000001,0.028994758999999998,0.19431952499999999,true,branched,
1705,1313,185,1209,1007,3103,t_z_397_396_3,z,0.49800000000000011,0.49800000000000011,176.95980834960938,0,176.95980834960938,176.3360850521116,0.4892370033858246,173.89016723632812,176.95980834960938,0.022918701171875,none,0,3.0724804780000006,3.071958999999993,0.00016975421872738873,449662,657,0.16855725499999999,0.030070203,0.19863663400000001,true,branched,
1706,1315,186,1206,609,1682,t_z_350_514_1,z,0.49849999999999983,0.49849999999999983,177.38369750976562,0,177.38369750976562,176.78184720572349,0.48827481056269711,174.33961486816406,177.38369750976562,0.004302978515625,none,0,3.0724804780000006,3.071958999999993,0.00016975421872738873,449665,658,0.165253593,0.029363737000000001,0.19462675400000001,true,branched,
1707,1317,187,1202,479,1121,t_z_490_489_0,z,0.00075000000000002842,0.00075000000000002842,177.81936645507812,0,177.81936645507812,177.2272991999215,0.48736036929109783,174.78970336914062,177.81936645507812,0.0364532470703125,none,0,3.0724804780000006,3.071958999999993,0.00016975421872738873,449671,659,0.16480742100000001,0.028450685999999999,0.19326707100000001,true,branched,
1708,1319,188,1197,1034,3561,t_z_285_237_0,z,0.26172332004827903,0.26172332004827903,178.21987915039062,0,178.21987915039062,177.67119726501312,0.48569274895104642,175.23910522460938,178.21987915039062,0.002166748046875,none,0,3.0724804780000006,3.071958999999993,0.00016975421872738873,449676,660,0.16804611699999999,0.029145141999999999,0.197197329,true,branched,
1709,1320,189,1193,1003,3141,t_z_402_401_2,z,0.0030000000000000027,0.0030000000000000027,178.65501403808594,0,178.65501403808594,178.11433056354122,0.47843577786842006,175.68869018554688,178.65501403808594,0.0043182373046875,none,0,3.0724804780000006,3.071958999999993,0.00016975421872738873,449695,661,0.164277583,0.029203706999999999,0.19349026,true,branched,
1710,1323,190,1186,1018,3551,t_z_453_282_3,z,0.0010000000000000009,0.0010000000000000009,179.08769226074219,0,179.08769226074219,178.55542679218979,0.47260337348246795,176.13801574707031,179.08769226074219,0.001800537109375,none,0,3.0724804780000006,3.071958999999993,0.00016975421872738873,449715,662,0.16513095699999999,0.029124351999999999,0.19426407400000001,true,branched,
1711,1324,191,1185,819,2555,t_z_332_331_1,z,0.999,0.999,179.52304077148438,0,179.52304077148438,178.9940564763194,0.46903027313534723,176.58842468261719,179.52304077148438,0.002716064453125,none,0,3.0724804780000006,3.071958999999993,0.00016975421872738873,449716,663,0.16567957899999999,0.029047241000000001,0.19473536999999999,true,branched,
1712,1327,192,1184,866,2695,t_z_350_349_3,z,0.00075000000000002842,0.00075000000000002842,179.95756530761719,0,179.95756530761719,179.43194536260657,0.46589240678999339,177.03910827636719,179.95756530761719,0.0023345947265625,none,0,3.0724804780000006,3.071958999999993,0.00016975421872738873,449716,664,0.16653462999999999,0.028328071999999999,0.194871988,true,branched,
1713,1329,193,1184,654,2121,t_z_281_120_0,z,0.49114282964964417,0.49114282964964417,180.50369262695312,0,180.50369262695312,179.87127934275446,0.4682366821421467,177.51545715332031,180.50369262695312,0.0345916748046875,none,0,3.0724804780000006,3.071958999999993,0.00016975421872738873,449871,665,0.16602135300000001,0.029051766999999999,0.19508125300000001,true,branched,
1714,1331,194,1183,1170,4016,t_z_191_192_0,z,0.042169142920771785,0.042169142920771785,180.90647888183594,0,180.90647888183594,180.30816736809803,0.46629706890493328,177.96498107910156,180.90647888183594,0.001739501953125,none,0,3.0724804780000006,3.071958999999993,0.00016975421872738873,449873,666,0.16615888200000001,0.029057580999999999,0.195225647,true,branched,
1715,1154,174,1213,48,94,t_m_23_2,m,0.0007499999999999174,0.0007499999999999174,181.92132568359375,0,181.92132568359375,181.39742714928283,0.4626098603779279,179.01115417480469,181.92132568359375,0.001800537109375,none,0,3.0724804780000006,3.071958999999993,0.00016975421872738873,450400,667,0.16918845800000001,0.029575951,0.19876972100000001,true,branched,
1716,1335,175,1202,1147,3865,t_z_28_27_0,z,0.74975000000000014,0.74975000000000014,182.17959594726562,0,182.17959594726562,181.64291164759987,0.4589366995534267,179.26585388183594,182.17959594726562,0.017181396484375,none,0,3.0724804780000006,3.071958999999993,0.00016975421872738873,450457,668,0.16630157000000001,0.031185404,0.197496477,true,branched,
1717,1336,176,1201,814,2512,t_z_27_328_0,z,0.25062499999999999,0.25062499999999999,182.64596557617188,0,182.64596557617188,182.08004317335244,0.45835820573045566,179.71820068359375,182.64596557617188,0.0462188720703125,none,0,3.0724804780000006,3.071958999999993,0.00016975421872738873,450474,669,0.16672040599999999,0.02930717,0.19603688399999999,true,branched,
1718,1338,177,1199,1064,3603,t_z_330_185_1,z,0.87225764410825113,0.87225764410825113,183.03692626953125,0,183.03692626953125,182.51609636804679,0.45790283766383605,180.16862487792969,183.03692626953125,0.0013275146484375,none,0,3.0724804780000006,3.071958999999993,0.00016975421872738873,450476,670,0.16584612100000001,0.029360078000000001,0.19521524400000001,true,branched,
1719,1340,178,1202,883,2715,t_z_155_67_1,z,0.25358419783550079,0.25358419783550079,183.50489807128906,0,183.50489807128906,182.95368758215881,0.45710596895006239,180.61929321289062,183.50489807128906,0.0310211181640625,none,0,3.0724804780000006,3.071958999999993,0.00016975421872738873,450504,671,0.167812816,0.030186936000000001,0.19800926899999999,true,branched,
1720,1343,179,1202,886,2731,t_z_351_68_1,z,0.99849999999999994,0.99849999999999994,183.96163940429688,0,183.96163940429688,183.39072509613291,0.45679359098744254,181.06893920898438,183.96163940429688,0.050628662109375,none,0,3.0724804780000006,3.071958999999993,0.00016975421872738873,450508,672,0.17006961400000001,0.028519399000000001,0.19859831999999999,true,branched,
1721,1345,180,1208,1039,3551,t_z_453_282_3,z,0.0010000000000000009,0.0010000000000000009,184.34819030761719,0,184.34819030761719,183.82741912942848,0.45540483931839582,181.51373291015625,184.34819030761719,0.0014190673828125,none,0,3.0724804780000006,3.071958999999993,0.00016975421872738873,450517,673,0.16840808700000001,0.029429733999999999,0.197844046,true,branched,
1722,1346,181,1207,1006,3103,t_z_397_396_3,z,0.33533333333333315,0.33533333333333315,184.78396606445312,0,184.78396606445312,184.2639246374097,0.45525342390284868,181.95072937011719,184.78396606445312,0.000213623046875,none,0,3.0724804780000006,3.071958999999993,0.00016975421872738873,450518,674,0.16556942899999999,0.029278524,0.19485385099999999,true,branched,
1723,1349,182,1206,1003,3087,t_z_395_394_3,z,0.33333333333333348,0.33333333333333348,185.26008605957031,0,185.26008605957031,184.70055951170662,0.45527293548299641,182.38771057128906,185.26008605957031,0.03717041015625,none,0,3.0724804780000006,3.071958999999993,0.00016975421872738873,450522,675,0.166216101,0.028633023000000001,0.194855157,true,branched,
1724,1351,183,1201,558,1510,t_z_35_393_3,z,0.33333333333333326,0.33333333333333326,185.74717712402344,0,185.74717712402344,185.13643809500383,0.45542962539345966,182.82537841796875,185.74717712402344,0.0806427001953125,none,0,3.0724804780000006,3.071958999999993,0.00016975421872738873,450535,676,0.16667478299999999,0.029234689000000001,0.19591898899999999,true,branched,
1725,1352,184,1200,602,1682,t_z_350_514_1,z,0.36784777552492032,0.36784777552492032,186.10369873046875,0,186.10369873046875,185.57283663431804,0.45482977936350705,183.26272583007812,186.10369873046875,0.00823974609375,none,0,3.0724804780000006,3.071958999999993,0.00016975421872738873,450537,677,0.16985745399999999,0.029398671000000001,0.19926448999999999,true,branched,
1726,1355,185,1182,440,962,t_z_117_513_1,z,0.998,0.998,186.53170776367188,0,186.53170776367188,186.01127117176347,0.45130800412420835,183.7032470703125,186.53170776367188,0.001495361328125,none,0,3.0724804780000006,3.071958999999993,0.00016975421872738873,450560,678,0.17015660699999999,0.029852374000000001,0.20001857100000001,true,branched,
1727,1357,186,1179,856,2695,t_z_350_349_3,z,0.00080000000000002292,0.00080000000000002292,186.96734619140625,0,186.96734619140625,186.44907021300079,0.44793663383182786,184.14006042480469,186.96734619140625,0.000640869140625,none,0,3.0724804780000006,3.071958999999993,0.00016975421872738873,450562,679,0.16420575000000001,0.028826679000000001,0.193041085,true,branched,
1728,1359,187,1272,694,1915,t_z_544_339_1,z,0.0066666666666668206,0.0066666666666668206,187.65119934082031,0,187.65119934082031,186.89168332657724,0.46025707359140683,184.60398864746094,187.65119934082031,0.0300750732421875,none,0,3.0724804780000006,3.071958999999993,0.00016975421872738873,451173,680,0.16622115500000001,0.029040624000000001,0.195270163,true,branched,
1729,1361,188,1270,677,1857,t_z_508_507_0,z,0.0397019600981251,0.0397019600981251,188.05818176269531,0,188.05818176269531,187.33077672522839,0.45655785639966623,185.04678344726562,188.05818176269531,0.0438385009765625,none,0,3.0724804780000006,3.071958999999993,0.00016975421872738873,451228,681,0.16603990099999999,0.029745524999999998,0.195794879,true,branched,
1730,1363,189,1270,673,1843,t_z_545_544_1,z,0.068441593635475834,0.068441593635475834,188.45150756835938,0,188.45150756835938,187.76764541986421,0.45623446594252953,185.48385620117188,188.45150756835938,0.0078582763671875,none,0,3.0724804780000006,3.071958999999993,0.00016975421872738873,451236,682,0.16644141800000001,0.029093264000000001,0.195540518,true,branched,
1731,1364,190,1271,495,1040,t_z_329_341_0,z,0.0397019600981251,0.0397019600981251,188.88075256347656,0,188.88075256347656,188.20490876564728,0.45599392349901668,185.92068481445312,188.88075256347656,0.01763916015625,none,0,3.0724804780000006,3.071958999999993,0.00016975421872738873,451239,683,0.16665285599999999,0.029771010000000001,0.19643193,true,branched,
1732,1367,191,1270,941,2719,t_z_155_67_3,z,0.7451921432547568,0.7451921432547568,189.30027770996094,0,189.30027770996094,188.64143768070252,0.4556676084915392,186.35774230957031,189.30027770996094,0.022064208984375,none,0,3.0724804780000006,3.071958999999993,0.00016975421872738873,451243,684,0.168468427,0.032109662999999997,0.20059057299999999,true,branched,
1733,1369,192,1284,608,1470,t_z_345_391_3,z,0.1922686644242324,0.1922686644242324,189.71937561035156,0,189.71937561035156,189.07718083271729,0.45686752703165218,186.79487609863281,189.71937561035156,0.0070343017578125,none,0,3.0724804780000006,3.071958999999993,0.00016975421872738873,451271,685,0.16631506400000001,0.030104889999999999,0.196429941,true,branched,
1734,1371,193,1286,1275,4016,t_z_191_192_0,z,0.0010000000000000009,0.0010000000000000009,190.152099609375,0,190.152099609375,189.5149018805283,0.45715977864123275,187.23623657226562,190.152099609375,0.038421630859375,none,0,3.0724804780000006,3.071958999999993,0.00016975421872738873,451304,686,0.16782597699999999,0.030143194000000002,0.19797988799999999,true,branched,
1735,1373,194,1306,538,1121,t_z_490_489_0,z,0.19820689655172408,0.19820689655172408,190.55519104003906,0,190.55519104003906,189.95761740481507,0.45644582676395223,187.67613220214844,190.55519104003906,0.0094757080078125,none,0,3.0724804780000006,3.071958999999993,0.00016975421872738873,451315,687,0.16886229799999999,0.031283890000000002,0.200153583,true,branched,
1736,1334,175,1213,48,93,t_m_23_1,m,0.00075000000000013944,0.00075000000000013944,191.73165893554688,0,191.73165893554688,191.18958039059683,0.45968153239549348,188.87400817871094,191.73165893554688,0.0198974609375,none,0,3.0724804780000006,3.071958999999993,0.00016975421872738873,451789,688,0.16622375,0.029678057000000001,0.19591145700000001,true,branched,
1737,1377,176,1209,1074,3603,t_z_330_185_1,z,0.87487500000000007,0.87487500000000007,191.95240783691406,0,191.95240783691406,191.43264920697712,0.45847697627739958,189.11912536621094,191.95240783691406,0.00146484375,none,0,3.0724804780000006,3.071958999999993,0.00016975421872738873,451828,689,0.16680558500000001,0.030003268999999999,0.19681497100000001,true,branched,
1738,1378,177,1202,889,2715,t_z_155_67_1,z,0.22866436408068747,0.22866436408068747,192.42910766601562,0,192.42910766601562,191.88830282049449,0.4592884523506276,189.57577514648438,192.42910766601562,0.0201263427734375,none,0,3.0724804780000006,3.071958999999993,0.00016975421872738873,451855,690,0.16908574600000001,0.029296038999999999,0.19839325099999999,true,branched,
1739,1381,178,1210,1047,3551,t_z_453_282_3,z,0.0010000000000000009,0.0010000000000000009,192.86567687988281,0,192.86567687988281,192.34448847494835,0.4573403866920463,190.03421020507812,192.86567687988281,0.00042724609375,none,0,3.0724804780000006,3.071958999999993,0.00016975421872738873,451870,691,0.16577952800000001,0.029545478,0.19533104000000001,true,branched,
1740,1382,179,1209,1157,3865,t_z_28_27_0,z,0.89445235423682445,0.89445235423682445,193.32183837890625,0,193.32183837890625,192.80042387376253,0.45718900441635274,190.49063110351562,193.32183837890625,0.000579833984375,none,0,3.0724804780000006,3.071958999999993,0.00016975421872738873,451871,692,0.16537791299999999,0.029357873999999999,0.194741306,true,branched,
1741,1385,180,1220,466,962,t_z_117_513_1,z,0.96076136070520757,0.96076136070520757,193.78474426269531,0,193.78474426269531,193.25760306686652,0.45559105408522271,190.94761657714844,193.78474426269531,0.0066986083984375,none,0,3.0724804780000006,3.071958999999993,0.00016975421872738873,451908,693,0.16732111499999999,0.028687144000000001,0.196019306,true,branched,
1742,1387,181,1216,596,1586,t_z_155_337_1,z,0.035283978637590183,0.035283978637590183,194.23519897460938,0,194.23519897460938,193.71475517122369,0.45254483150141939,191.40447998046875,194.23519897460938,0.0004119873046875,none,0,3.0724804780000006,3.071958999999993,0.00016975421872738873,451917,694,0.17011357899999999,0.029548719000000001,0.199671972,true,branched,
1743,1389,182,1215,1022,3103,t_z_397_396_3,z,0.33533333333333315,0.33533333333333315,194.69134521484375,0,194.69134521484375,194.17062051404162,0.45243234457489395,191.86085510253906,194.69134521484375,0.0038299560546875,none,0,3.0724804780000006,3.071958999999993,0.00016975421872738873,451918,695,0.16483061500000001,0.029500885000000001,0.19434124799999999,true,branched,
1744,1391,183,1214,1019,3087,t_z_395_394_3,z,0.33333333333333348,0.33333333333333348,195.18695068359375,0,195.18695068359375,194.62672585199849,0.45244741578084841,192.31736755371094,195.18695068359375,0.037200927734375,none,0,3.0724804780000006,3.071958999999993,0.00016975421872738873,451922,696,0.166666181,0.029467826999999999,0.19614436599999999,true,branched,
1745,1393,184,1209,567,1510,t_z_35_393_3,z,0.33333333333333326,0.33333333333333326,195.68885803222656,0,195.68885803222656,195.0820825669862,0.45259721394082503,192.77439880371094,195.68885803222656,0.080352783203125,none,0,3.0724804780000006,3.071958999999993,0.00016975421872738873,451940,697,0.165740375,0.029448571,0.19519694600000001,true,branched,
1746,1394,185,1208,889,2695,t_z_350_349_3,z,0.00080000000000013394,0.00080000000000013394,196.05714416503906,0,196.05714416503906,195.53789828471,0.45200886404103957,193.23114013671875,196.05714416503906,0.00213623046875,none,0,3.0724804780000006,3.071958999999993,0.00016975421872738873,451942,698,0.16457447,0.029388180999999999,0.193971791,true,branched,
1747,1397,186,1240,660,1857,t_z_508_507_0,z,0.0016852757197129593,0.0016852757197129593,196.72489929199219,0,196.72489929199219,196.00082419610791,0.45703712107192335,193.71414184570312,196.72489929199219,0.087005615234375,none,0,3.0724804780000006,3.071958999999993,0.00016975421872738873,452126,699,0.16693748999999999,0.029719745999999998,0.196666166,true,branched,
1748,1399,187,1241,486,1040,t_z_329_341_0,z,0.00068527571971295845,0.00068527571971295845,197.094482421875,0,197.094482421875,196.45730140802843,0.45656992092172166,194.17057800292969,197.094482421875,0.022857666015625,none,0,3.0724804780000006,3.071958999999993,0.00016975421872738873,452130,700,0.165545365,0.029779835000000001,0.19533371999999999,true,branched,
1749,1401,188,1240,486,1042,t_z_329_341_1,z,0.0010000000000001119,0.0010000000000001119,197.52825927734375,0,197.52825927734375,196.91311601208102,0.45614048357278575,194.62705993652344,197.52825927734375,0.0501251220703125,none,0,3.0724804780000006,3.071958999999993,0.00016975421872738873,452135,701,0.165192536,0.029856181999999998,0.19505678600000001,true,branched,
1750,1402,189,1239,878,2627,t_z_342_341_1,z,0.00075000000000002842,0.00075000000000002842,198.03166198730469,0,198.03166198730469,197.3691934457799,0.45602581930648756,195.08352661132812,198.03166198730469,0.0969390869140625,none,0,3.0724804780000006,3.071958999999993,0.00016975421872738873,452142,702,0.16824271299999999,0.029104072000000002,0.19735620400000001,true,branched,
1751,1405,190,1220,502,1160,t_z_488_489_0,z,0.0010000000000000009,0.0010000000000000009,198.60400390625,0,198.60400390625,197.82979958956358,0.45398947899887082,195.54141235351562,198.60400390625,0.0153350830078125,none,0,3.0724804780000006,3.071958999999993,0.00016975421872738873,452220,703,0.16727334899999999,0.029614418999999999,0.19689586000000001,true,branched,
1752,1406,191,1217,498,1137,t_z_491_490_0,z,0.999,0.999,199.04385375976562,0,199.04385375976562,198.28463045494814,0.45342944406000191,195.99778747558594,199.04385375976562,0.00018310546875,none,0,3.0724804780000006,3.071958999999993,0.00016975421872738873,452222,704,0.16885014000000001,0.02977488,0.198633262,true,branched,
1753,1409,192,1214,508,1232,t_z_491_492_0,z,0.0010000000000001119,0.0010000000000001119,199.5555419921875,0,199.5555419921875,198.73875705021413,0.45198886834984076,196.45416259765625,199.5555419921875,0.0596923828125,none,0,3.0724804780000006,3.071958999999993,0.00016975421872738873,452225,705,0.168191442,0.029523583999999999,0.19772345099999999,true,branched,
1754,1411,193,1213,657,1915,t_z_544_339_1,z,0.0010000000000000009,0.0010000000000000009,199.95075988769531,0,199.95075988769531,199.19254358956761,0.45132394059160652,196.90885925292969,199.95075988769531,0.0601043701171875,none,0,3.0724804780000006,3.071958999999993,0.00016975421872738873,452226,706,0.16655310000000001,0.029434304000000001,0.19599612499999999,true,branched,
1755,1413,194,1212,639,1843,t_z_545_544_1,z,0.0010000000000000009,0.0010000000000000009,200.39424133300781,0,200.39424133300781,199.64493280039369,0.45100259815078331,197.36190795898438,200.39424133300781,0.2105712890625,none,0,3.0724804780000006,3.071958999999993,0.00016975421872738873,452227,707,0.16651269799999999,0.029594459,0.19611719699999999,true,branched,
1756,1415,195,1212,493,1122,t_z_489_490_1,z,0.997,0.997,200.70947265625,0,200.70947265625,200.09787861034027,0.45079287829102099,197.81513977050781,200.70947265625,0.0725555419921875,none,0,3.0724804780000006,3.071958999999993,0.00016975421872738873,452231,708,0.16980466899999999,0.029515745999999999,0.19933016000000001,true,branched,
1757,1376,176,1221,1085,3603,t_z_330_185_1,z,0.87487500000000029,0.87487500000000029,201.86532592773438,0,201.86532592773438,201.343564107709,0.45852012554183974,199.02581787109375,201.86532592773438,0.0001068115234375,none,0,3.0724804780000006,3.071958999999993,0.00016975421872738873,452857,709,0.16775398699999999,0.029605986000000001,0.197369343,true,branched,
1758,1418,177,1208,1155,3865,t_z_28_27_0,z,0.85295335358829161,0.85295335358829161,202.11419677734375,0,202.11419677734375,201.58394449751898,0.45790499199338092,199.268798828125,202.11419677734375,0.00384521484375,none,0,3.0724804780000006,3.071958999999993,0.00016975421872738873,452901,710,0.16779955699999999,0.029309264000000002,0.19711598499999999,true,branched,
1759,1421,178,1207,453,962,t_z_117_513_1,z,0.96193993416265156,0.96193993416265156,202.57034301757812,0,202.57034301757812,202.04062922492736,0.45578646747595736,199.72573852539062,202.57034301757812,0.00811767578125,none,0,3.0724804780000006,3.071958999999993,0.00016975421872738873,452937,711,0.16653033,0.029315402000000001,0.195852788,true,branched,
1760,1423,179,1207,892,2715,t_z_155_67_1,z,0.18407684196845542,0.18407684196845542,203.01905822753906,0,203.01905822753906,202.49814737820881,0.4529426807491943,200.18218994140625,203.01905822753906,4.57763671875e-05,none,0,3.0724804780000006,3.071958999999993,0.00016975421872738873,452944,712,0.165802221,0.029202349999999998,0.195011816,true,branched,
1761,1425,180,1207,896,2731,t_z_351_68_1,z,0.99849999999999994,0.99849999999999994,203.53314208984375,0,203.53314208984375,202.95459625319992,0.45257729301895228,200.63975524902344,203.53314208984375,0.057647705078125,none,0,3.0724804780000006,3.071958999999993,0.00016975421872738873,452950,713,0.1679774,0.029359791,0.19734389299999999,true,branched,
1762,1427,181,1205,1042,3551,t_z_453_282_3,z,0.0010000000000000009,0.0010000000000000009,203.93220520019531,0,203.93220520019531,203.40954713940127,0.45225115429280155,201.09632873535156,203.93220520019531,0.0004119873046875,none,0,3.0724804780000006,3.071958999999993,0.00016975421872738873,452966,714,0.17049146800000001,0.028622242999999999,0.19912363699999999,true,branched,
1763,1428,182,1204,1009,3103,t_z_397_396_3,z,0.33533333333333315,0.33533333333333315,204.38841247558594,0,204.38841247558594,203.86544133183173,0.45209226733445179,201.552734375,204.38841247558594,0.00042724609375,none,0,3.0724804780000006,3.071958999999993,0.00016975421872738873,452967,715,0.16747283600000001,0.029317497000000001,0.19679667000000001,true,branched,
1764,1431,183,1203,1006,3087,t_z_395_394_3,z,0.33333333333333348,0.33333333333333348,204.884033203125,0,204.884033203125,204.32151744966197,0.45210547855821731,202.00921630859375,204.884033203125,0.0372314453125,none,0,3.0724804780000006,3.071958999999993,0.00016975421872738873,452971,716,0.169225081,0.029354139000000001,0.19858569500000001,true,branched,
1765,1432,184,1198,1014,3141,t_z_402_401_2,z,0.0030000000000000027,0.0030000000000000027,205.30317687988281,0,205.30317687988281,204.78069529589109,0.44822152323112996,202.47044372558594,205.30317687988281,0.00189208984375,none,0,3.0724804780000006,3.071958999999993,0.00016975421872738873,453002,717,0.16696561900000001,0.02941214,0.19638797,true,branched,
1766,1435,185,1200,615,1789,t_z_237_236_2,z,0.28865005198028881,0.28865005198028881,205.76388549804688,0,205.76388549804688,205.23767996470133,0.44987996064843089,202.92744445800781,205.76388549804688,0.00286865234375,none,0,3.0724804780000006,3.071958999999993,0.00016975421872738873,453050,718,0.16658332200000001,0.029406201,0.19599825000000001,true,branched,
1767,1436,186,1200,1171,3939,t_z_477_473_1,z,0.10824395718029611,0.10824395718029611,206.21762084960938,0,206.21762084960938,205.69384991963705,0.44964154889385272,203.38383483886719,206.21762084960938,0.0033111572265625,none,0,3.0724804780000006,3.071958999999993,0.00016975421872738873,453053,719,0.167422933,0.029394641999999999,0.196828114,true,branched,
1768,1439,187,1207,978,3011,t_z_387_386_1,z,0.78020370370370351,0.78020370370370351,206.80003356933594,0,206.80003356933594,206.14861652213082,0.45147267572467981,203.84283447265625,206.80003356933594,0.1295928955078125,none,0,3.0724804780000006,3.071958999999993,0.00016975421872738873,453082,720,0.16918599500000001,0.029416657999999998,0.19861277299999999,true,branched,
1769,1441,188,1208,889,2695,t_z_350_349_3,z,0.00075000000000002842,0.00075000000000002842,207.12451171875,0,207.12451171875,206.60399913156269,0.45025520595472301,204.30021667480469,207.12451171875,0.000579833984375,none,0,3.0724804780000006,3.071958999999993,0.00016975421872738873,453089,721,0.16643266100000001,0.029534530999999999,0.19597682999999999,true,branched,
1770,1443,189,1197,601,1682,t_z_350_514_1,z,0.81960912375439898,0.81960912375439898,207.72598266601562,0,207.72598266601562,207.07051385992651,0.44995444282936847,204.78936767578125,207.72598266601562,0.03826904296875,none,0,3.0724804780000006,3.071958999999993,0.00016975421872738873,453277,722,0.17219899799999999,0.029971797000000001,0.20217992500000001,true,branched,
1771,1445,190,1193,480,1121,t_z_490_489_0,z,0.16683333333333339,0.16683333333333339,208.13961791992188,0,208.13961791992188,207.52508117726941,0.4496593659087057,205.24638366699219,208.13961791992188,0.0164031982421875,none,0,3.0724804780000006,3.071958999999993,0.00016975421872738873,453284,723,0.17191514799999999,0.028879762,0.200804711,true,branched,
1772,1447,191,1193,496,1233,t_z_492_491_0,z,0.999,0.999,208.77897644042969,0,208.77897644042969,207.97920384371071,0.44995303627433014,205.70022583007812,208.77897644042969,0.201751708984375,none,0,3.0724804780000006,3.071958999999993,0.00016975421872738873,453292,724,0.16692690900000001,0.030416806000000001,0.197352465,true,branched,
1773,1449,192,1192,464,1042,t_z_329_341_1,z,0.16683333333333339,0.16683333333333339,209.03050231933594,0,209.03050231933594,208.43162169232465,0.44946651818949274,206.15353393554688,209.03050231933594,0.019744873046875,none,0,3.0724804780000006,3.071958999999993,0.00016975421872738873,453292,725,0.165469069,0.029806058999999999,0.19528319199999999,true,branched,
1774,1450,193,1191,596,1687,t_z_514_350_3,z,0.0020000000000000018,0.0020000000000000018,209.46391296386719,0,209.46391296386719,208.88408625656371,0.44900917171026816,206.60702514648438,209.46391296386719,0.00213623046875,none,0,3.0724804780000006,3.071958999999993,0.00016975421872738873,453294,726,0.16676870999999999,0.028907872000000001,0.19568685099999999,true,branched,
1775,1453,194,1189,1174,4016,t_z_191_192_0,z,0.056416666666666782,0.056416666666666782,209.9149169921875,0,209.9149169921875,209.33644333719906,0.448964426931455,207.05943298339844,209.9149169921875,0.02960205078125,none,0,3.0724804780000006,3.071958999999993,0.00016975421872738873,453295,727,0.165353153,0.029032868,0.19439590100000001,true,branched,
1776,1455,195,1189,878,2720,t_z_67_68_0,z,0.49949999999999994,0.49949999999999994,210.33851623535156,0,210.33851623535156,209.78732379371124,0.44984881178379421,207.51248168945312,210.33851623535156,0.014129638671875,none,0,3.0724804780000006,3.071958999999993,0.00016975421872738873,453298,728,0.16957094,0.029112922999999999,0.19869334799999999,true,branched,
1777,1456,196,1188,879,2728,t_z_68_351_0,z,0.48148148148148118,0.48148148148148118,210.7880859375,0,210.7880859375,210.23840910015684,0.44942413574006285,207.96556091308594,210.7880859375,0.013336181640625,none,0,3.0724804780000006,3.071958999999993,0.00016975421872738873,453317,729,0.166233193,0.028887639999999999,0.19512917499999999,true,branched,
1778,1419,177,1218,839,2563,t_z_333_332_1,z,0.98999999999999999,0.98999999999999999,211.92964172363281,0,211.92964172363281,211.4064032142777,0.45775377943042345,209.08424377441406,211.92964172363281,0.0027618408203125,none,0,3.0724804780000006,3.071958999999993,0.00016975421872738873,454137,730,0.171306085,0.030267901,0.20158093299999999,true,branched,
1779,1460,178,1188,899,2810,t_z_85_401_1,z,0.036205349522342001,0.036205349522342001,212.26063537597656,0,212.26063537597656,211.66182625253595,0.4537258432149488,209.34440612792969,212.26063537597656,0.0433807373046875,none,0,3.0724804780000006,3.071958999999993,0.00016975421872738873,454332,731,0.166808338,0.029062858,0.19587855600000001,true,branched,
1780,1462,179,1189,1006,3178,t_z_408_409_1,z,0.00099999999999997205,0.00099999999999997205,212.82373046875,0,212.82373046875,212.13152793839362,0.4538236262264656,209.81369018554688,212.82373046875,0.1372833251953125,none,0,3.0724804780000006,3.071958999999993,0.00016975421872738873,454341,732,0.16613118399999999,0.029641577999999998,0.19577945399999999,true,branched,
1781,1465,180,1188,1097,3721,t_z_466_14_0,z,0.0010000000000000009,0.0010000000000000009,213.15560913085938,0,213.15560913085938,212.59973559395632,0.45340313143592631,210.28309631347656,213.15560913085938,0.0175628662109375,none,0,3.0724804780000006,3.071958999999993,0.00016975421872738873,454359,733,0.16656919100000001,0.028840487000000001,0.19541692499999999,true,branched,
1782,1467,181,1185,472,1121,t_z_490_489_0,z,0.039340981507352102,0.039340981507352102,213.60720825195312,0,213.60720825195312,213.06961355732463,0.45206437036074709,210.75209045410156,213.60720825195312,0.0019378662109375,none,0,3.0724804780000006,3.071958999999993,0.00016975421872738873,454365,734,0.164549002,0.028135787999999998,0.19269138499999999,true,branched,
1783,1469,182,1179,486,1233,t_z_492_491_0,z,0.999,0.999,214.3394775390625,0,214.3394775390625,213.53907817293771,0.45422348982523647,211.22206115722656,214.3394775390625,0.232635498046875,none,0,3.0724804780000006,3.071958999999993,0.00016975421872738873,454424,735,0.16752223399999999,0.028092143999999999,0.19562107400000001,true,branched,
1784,1471,183,1178,689,2256,t_z_296_297_0,z,0.030509359538006375,0.030509359538006375,214.5445556640625,0,214.5445556640625,214.00714620386199,0.45354106050261667,211.69122314453125,214.5445556640625,0.005706787109375,none,0,3.0724804780000006,3.071958999999993,0.00016975421872738873,454424,736,0.16599772300000001,0.028909964999999999,0.19491989900000001,true,branched,
1785,1472,184,1178,1147,3939,t_z_477_473_1,z,0.13616608740562164,0.13616608740562164,215.00790405273438,0,215.00790405273438,214.47429248958775,0.45440381093981363,212.15968322753906,215.00790405273438,0.0001373291015625,none,0,3.0724804780000006,3.071958999999993,0.00016975421872738873,454427,737,0.16672188299999999,0.028325288000000001,0.19505424299999999,true,branched,
1786,1475,185,1213,981,3011,t_z_387_386_1,z,0.50500000000000012,0.50500000000000012,215.51138305664062,0,215.51138305664062,214.93788197290181,0.45567543416871403,212.62289428710938,215.51138305664062,0.03704833984375,none,0,3.0724804780000006,3.071958999999993,0.00016975421872738873,454556,738,0.16948524300000001,0.029472090999999999,0.19896382400000001,true,branched,
1787,1477,186,1211,1157,3865,t_z_28_27_0,z,0.84939555424336655,0.84939555424336655,215.93093872070312,0,215.93093872070312,215.39309950686012,0.45535115203190191,213.07933044433594,215.93093872070312,0.00177001953125,none,0,3.0724804780000006,3.071958999999993,0.00016975421872738873,454557,739,0.167760196,0.029312723999999998,0.19708328,true,branched,
1788,1479,187,1240,485,1040,t_z_329_341_0,z,0.0031346242556781478,0.0031346242556781478,216.53271484375,0,216.53271484375,215.85059658173591,0.4605794157031336,213.53547668457031,216.53271484375,0.1459503173828125,none,0,3.0724804780000006,3.071958999999993,0.00016975421872738873,454588,740,0.170545425,0.030578290000000001,0.20113224599999999,true,branched,
1789,1481,188,1239,471,962,t_z_117_513_1,z,0.97686287712219633,0.97686287712219633,216.83561706542969,0,216.83561706542969,216.30674640202926,0.46035593339102659,213.99180603027344,216.83561706542969,0.00360107421875,none,0,3.0724804780000006,3.071958999999993,0.00016975421872738873,454594,741,0.16811927600000001,0.030799175000000002,0.198926456,true,branched,
1790,1483,189,1231,637,1789,t_z_237_236_2,z,0.28843959781116291,0.28843959781116291,217.29283142089844,0,217.29283142089844,216.76088430124216,0.45545423838285454,214.44509887695312,217.29283142089844,0.009246826171875,none,0,3.0724804780000006,3.071958999999993,0.00016975421872738873,454617,742,0.167647725,0.030564404999999999,0.19822642100000001,true,branched,
1791,1484,190,1231,1043,3141,t_z_402_401_2,z,0.0030000000000000027,0.0030000000000000027,217.73678588867188,0,217.73678588867188,217.21368697016922,0.45521184282749905,214.898193359375,217.73678588867188,0.000701904296875,none,0,3.0724804780000006,3.071958999999993,0.00016975421872738873,454621,743,0.167544691,0.029765711,0.197316937,true,branched,
1792,1487,191,1178,624,1913,t_z_544_339_0,z,0.99799999999999989,0.99799999999999989,218.38978576660156,0,218.38978576660156,217.67009105585225,0.4543730542956268,215.35751342773438,218.38978576660156,0.100250244140625,none,0,3.0724804780000006,3.071958999999993,0.00016975421872738873,454810,744,0.16685973600000001,0.028902944999999999,0.19577145500000001,true,branched,
1793,1489,192,1176,637,2121,t_z_281_120_0,z,0.38665016553076315,0.38665016553076315,218.72216796875,0,218.72216796875,218.12157748994372,0.45364719322873642,215.81053161621094,218.72216796875,0.061187744140625,none,0,3.0724804780000006,3.071958999999993,0.00016975421872738873,454811,745,0.16901582900000001,0.028709068000000001,0.19773506900000001,true,branched,
1794,1491,193,1174,1012,3561,t_z_285_237_0,z,0.2445348953501546,0.2445348953501546,219.11402893066406,0,219.11402893066406,218.57285083985207,0.45446273433843354,216.26341247558594,219.11402893066406,0.0081634521484375,none,0,3.0724804780000006,3.071958999999993,0.00016975421872738873,454816,746,0.16501052799999999,0.029632851000000002,0.19465268699999999,true,branched,
1795,1492,194,1182,632,2104,t_z_279_280_0,z,0.61635063306349847,0.61635063306349847,219.55915832519531,0,219.55915832519531,219.02827812491739,0.44886714592272914,216.71644592285156,219.55915832519531,0.00152587890625,none,0,3.0724804780000006,3.071958999999993,0.00016975421872738873,454880,747,0.16376200499999999,0.028837135999999999,0.19260770099999999,true,branched,
1796,1495,195,1182,985,3103,t_z_397_396_3,z,0.36540150803388127,0.36540150803388127,220.00106811523438,0,220.00106811523438,219.47698161323663,0.45425331075568864,217.16468811035156,220.00106811523438,0.006378173828125,none,0,3.0724804780000006,3.071958999999993,0.00016975421872738873,454934,748,0.16661457599999999,0.028811855000000001,0.19543612499999999,true,branched,
1797,1497,196,1181,982,3087,t_z_395_394_3,z,0.27319698393223724,0.27319698393223724,220.45391845703125,0,220.45391845703125,219.92384123903125,0.44970067280212805,217.61772155761719,220.45391845703125,0.0260009765625,none,0,3.0724804780000006,3.071958999999993,0.00016975421872738873,454939,749,0.16665064299999999,0.028757405,0.19541747800000001,true,branched,
1798,1498,197,1180,1007,3543,t_z_452_7_3,z,0.0016666666666667052,0.0016666666666667052,220.86123657226562,0,220.86123657226562,220.36401769347111,0.4422552735772079,218.07283020019531,220.86123657226562,0.00408935546875,none,0,3.0724804780000006,3.071958999999993,0.00016975421872738873,454947,750,0.16480357500000001,0.028767827999999999,0.193580586,true,branched,
1799,1501,198,1200,1129,3830,t_z_333_470_3,z,0.19147962208302538,0.19147962208302538,221.35566711425781,0,221.35566711425781,220.80287377675376,0.43459299820469971,218.54331970214844,221.35566711425781,0.00030517578125,none,0,3.0724804780000006,3.071958999999993,0.00016975421872738873,455048,751,0.16640986099999999,0.029033956999999999,0.19545347599999999,true,branched,
1800,1502,199,1199,462,1043,t_z_341_329_1,z,0.25,0.25,221.78018188476562,0,221.78018188476562,221.23757324982327,0.42935419639022221,218.99647521972656,221.78018188476562,0.0006256103515625,none,0,3.0724804780000006,3.071958999999993,0.00016975421872738873,455075,752,0.16594588900000001,0.031079869,0.19703430899999999,true,branched,
1801,1505,200,1198,893,2719,t_z_155_67_3,z,0.501,0.501,222.21279907226562,0,222.21279907226562,221.67310781590331,0.42269911285023554,219.45182800292969,222.21279907226562,0.0137481689453125,none,0,3.0724804780000006,3.071958999999993,0.00016975421872738873,455092,753,0.17601308199999999,0.028908936999999999,0.20493192099999999,true,branched,
1802,1507,201,1194,620,1833,t_z_342_221_0,z,0.91583333333333328,0.91583333333333328,222.63267517089844,0,222.63267517089844,222.10608188750555,0.42053695878114616,219.90574645996094,222.63267517089844,0.0050048828125,none,0,3.0724804780000006,3.071958999999993,0.00016975421872738873,455111,754,0.17332737100000001,0.02871435,0.202050692,true,branched,
1803,1509,202,1191,889,2728,t_z_68_351_0,z,0.5,0.5,223.05825805664062,0,223.05825805664062,222.53805351097176,0.41946989818741909,220.35850524902344,223.05825805664062,0.0308380126953125,none,0,3.0724804780000006,3.071958999999993,0.00016975421872738873,455112,755,0.18628203500000001,0.028950233999999998,0.21524105399999999,true,branched,
1804,1511,203,1191,822,2555,t_z_332_331_1,z,0.999,0.999,223.46099853515625,0,223.46099853515625,222.97127141560154,0.4189881653687334,220.81092834472656,223.46099853515625,0.0027008056640625,none,0,3.0724804780000006,3.071958999999993,0.00016975421872738873,455131,756,0.18077587000000001,0.029355197999999999,0.21014044000000001,true,branched,
1805,1513,204,1190,881,2695,t_z_350_349_3,z,0.0010000000000000009,0.0010000000000000009,223.8916015625,0,223.8916015625,223.40384903595228,0.41856875686311357,221.26425170898438,223.8916015625,0.00115966796875,none,0,3.0724804780000006,3.071958999999993,0.00016975421872738873,455131,757,0.17084996699999999,0.028681096,0.19953805199999999,true,branched,
1806,1515,205,1200,224,441,t_m_110_1,m,0.15620859277877258,0.15620859277877258,224.34407043457031,0,224.34407043457031,223.83728805541992,0.41740581270829352,221.71368408203125,224.34407043457031,0.017242431640625,none,0,3.0724804780000006,3.071958999999993,0.00016975421872738873,455178,758,0.175578383,0.02959167,0.205177946,true,branched,
1807,1474,185,1177,1124,3865,t_z_28_27_0,z,0.85247347872635026,0.85247347872635026,225.517578125,0,225.517578125,225.0202924911512,0.42261359226629325,222.86491394042969,225.517578125,0.00164794921875,none,0,3.0724804780000006,3.071958999999993,0.00016975421872738873,455683,759,0.175620577,0.029060523000000001,0.20468734199999999,true,branched,
1808,1519,186,1178,825,2616,t_z_340_341_0,z,0.049037500000000178,0.049037500000000178,225.76213073730469,0,225.76213073730469,225.26666682037717,0.42251636239918761,223.11221313476562,225.76213073730469,0.0085296630859375,none,0,3.0724804780000006,3.071958999999993,0.00016975421872738873,455694,760,0.166050753,0.028242295000000001,0.19430175399999999,true,branched,
1809,1520,187,1179,440,962,t_z_117_513_1,z,0.95941111111111144,0.95941111111111144,226.20767211914062,0,226.20767211914062,225.71323097753159,0.42191743017147315,223.55917358398438,226.20767211914062,0.006988525390625,none,0,3.0724804780000006,3.071958999999993,0.00016975421872738873,455742,761,0.16485455600000001,0.028956226000000002,0.19381590900000001,true,branched,
1810,1523,188,1185,998,3141,t_z_402_401_2,z,0.0030000000000000027,0.0030000000000000027,226.64547729492188,0,226.64547729492188,226.1595690505917,0.41755897364050415,224.00360107421875,226.64547729492188,0.00177001953125,none,0,3.0724804780000006,3.071958999999993,0.00016975421872738873,455766,762,0.16686522300000001,0.028923530999999999,0.195798254,true,branched,
1811,1525,189,1181,981,3103,t_z_397_396_3,z,0.33533333333333326,0.33533333333333326,227.08914184570312,0,227.08914184570312,226.60475435184281,0.41369478886921979,224.44793701171875,227.08914184570312,0.000823974609375,none,0,3.0724804780000006,3.071958999999993,0.00016975421872738873,455871,763,0.16778401100000001,0.029009780999999998,0.19679886199999999,true,branched,
1812,1527,190,1180,978,3087,t_z_395_394_3,z,0.33333333333333348,0.33333333333333348,227.57069396972656,0,227.57069396972656,227.04834795159809,0.41369934649665296,224.89189147949219,227.57069396972656,0.0350799560546875,none,0,3.0724804780000006,3.071958999999993,0.00016975421872738873,455875,764,0.16515490799999999,0.029048721999999999,0.19420897600000001,true,branched,
1813,1529,191,1176,546,1510,t_z_35_393_3,z,0.33333333333333326,0.33333333333333326,228.02952575683594,0,228.02952575683594,227.49401376685319,0.41405179808700093,225.338623046875,228.02952575683594,0.049774169921875,none,0,3.0724804780000006,3.071958999999993,0.00016975421872738873,455915,765,0.17279114700000001,0.028877268000000001,0.20167559500000001,true,branched,
1814,1530,192,1175,593,1789,t_z_237_236_2,z,0.24641266747092239,0.24641266747092239,228.42227172851562,0,228.42227172851562,227.93732654328042,0.41357218621327413,225.78286743164062,228.42227172851562,0.0020751953125,none,0,3.0724804780000006,3.071958999999993,0.00016975421872738873,455917,766,0.16746182300000001,0.029070331000000001,0.19654127399999999,true,branched,
1815,1532,193,1183,598,1787,t_z_237_236_1,z,0.018071006261178968,0.018071006261178968,228.97052001953125,0,228.97052001953125,228.38266385901508,0.41428146376578967,226.22708129882812,228.97052001953125,0.10198974609375,none,0,3.0724804780000006,3.071958999999993,0.00016975421872738873,455954,767,0.16597441299999999,0.029033171,0.19501552899999999,true,branched,
1816,1534,194,1182,807,2555,t_z_332_331_1,z,0.999,0.999,229.31259155273438,0,229.31259155273438,228.82599348142466,0.41394960241379108,226.67088317871094,229.31259155273438,0.0035247802734375,none,0,3.0724804780000006,3.071958999999993,0.00016975421872738873,455958,768,0.16702577800000001,0.029188407,0.19621967400000001,true,branched,
1817,1537,195,1181,451,1042,t_z_329_341_1,z,0.90199999999999991,0.90199999999999991,229.75318908691406,0,229.75318908691406,229.26934137433187,0.41376705233015626,227.114990234375,229.75318908691406,0.00079345703125,none,0,3.0724804780000006,3.071958999999993,0.00016975421872738873,455958,769,0.16768917799999999,0.028979020000000001,0.19667356899999999,true,branched,
1818,1538,196,1187,1052,3601,t_z_330_185_0,z,0.00099999999999922373,0.00099999999999922373,230.19656372070312,0,230.19656372070312,229.71290404553562,0.41476228280977834,227.5616455078125,230.19656372070312,0.0015411376953125,none,0,3.0724804780000006,3.071958999999993,0.00016975421872738873,455978,770,0.16684349300000001,0.028931894,0.19578455,true,branched,
1819,1541,197,1194,464,1040,t_z_329_341_0,z,0.00050000000000030576,0.00050000000000030576,230.78410339355469,0,230.78410339355469,230.15402063213202,0.41644834258684804,228.00123596191406,230.78410339355469,0.1488037109375,none,0,3.0724804780000006,3.071958999999993,0.00016975421872738873,456056,771,0.170438006,0.029048355000000001,0.19949256100000001,true,branched,
1820,1542,198,1191,1030,3551,t_z_453_282_3,z,0.0010000000000000009,0.0010000000000000009,231.06851196289062,0,231.06851196289062,230.58610166970868,0.41641169423221175,228.43434143066406,231.06851196289062,0.00323486328125,none,0,3.0724804780000006,3.071958999999993,0.00016975421872738873,456068,772,0.16789649100000001,0.02911656,0.197022005,true,branched,
1821,1544,199,1190,876,2697,t_z_350_154_0,z,0.10124999999999995,0.10124999999999995,231.49845886230469,0,231.49845886230469,231.0186687309201,0.41625481349745885,228.86738586425781,231.49845886230469,0.006256103515625,none,0,3.0724804780000006,3.071958999999993,0.00016975421872738873,456069,773,0.16714931399999999,0.028953261000000001,0.19610799400000001,true,branched,
1822,1546,200,1182,647,2121,t_z_281_120_0,z,0.19509999999999961,0.19509999999999961,231.95835876464844,0,231.95835876464844,231.44974375819999,0.41746496784873677,229.30215454101562,231.95835876464844,0.025848388671875,none,0,3.0724804780000006,3.071958999999993,0.00016975421872738873,456109,774,0.17734566500000001,0.028950127999999999,0.20630352499999999,true,branched,
1823,1549,201,1180,1129,3869,t_z_28_27_2,z,0.0016999999999999238,0.0016999999999999238,232.36573791503906,0,232.36573791503906,231.88198312015857,0.41763474729481842,229.73518371582031,232.36573791503906,0.0032501220703125,none,0,3.0724804780000006,3.071958999999993,0.00016975421872738873,456113,775,0.166971803,0.028895137000000001,0.195874359,true,branched,
1824,1551,202,1181,1139,3893,t_z_472_358_2,z,0.32001691505956842,0.32001691505956842,232.8033447265625,0,232.8033447265625,232.31657828283349,0.41878364752962721,230.19094848632812,232.8033447265625,0.0026092529296875,none,0,3.0724804780000006,3.071958999999993,0.00016975421872738873,456164,776,0.168676826,0.028835348,0.19751895999999999,true,branched,
1825,1553,203,1180,790,2493,t_z_326_325_2,z,0.35034999999999994,0.35034999999999994,233.23394775390625,0,233.23394775390625,232.74913147748526,0.41867165892469455,230.62405395507812,233.23394775390625,0.0080108642578125,none,0,3.0724804780000006,3.071958999999993,0.00016975421872738873,456166,777,0.16782781199999999,0.028978094999999999,0.196811914,true,branched,
1826,1555,204,1201,917,2815,t_z_401_85_3,z,0.0030000000000001137,0.0030000000000001137,233.82145690917969,0,233.82145690917969,233.18160926888726,0.42266453932824916,231.09257507324219,233.82145690917969,0.090057373046875,none,0,3.0724804780000006,3.071958999999993,0.00016975421872738873,456264,778,0.16805963099999999,0.028937212,0.19700525199999999,true,branched,
1827,1556,205,1202,928,2847,t_z_155_59_3,z,0.8573097665333328,0.8573097665333328,234.16487121582031,0,234.16487121582031,233.61477949297964,0.42222338073984422,231.52574157714844,234.16487121582031,0.0132598876953125,none,0,3.0724804780000006,3.071958999999993,0.00016975421872738873,456280,779,0.16526591500000001,0.029050534999999999,0.19432173799999999,true,branched,
1828,1559,206,1199,1148,3867,t_z_28_27_1,z,0.34985952660970754,0.34985952660970754,234.58462524414062,0,234.58462524414062,234.04667676300483,0.42012587794974837,231.95895385742188,234.58462524414062,0.0334014892578125,none,0,3.0724804780000006,3.071958999999993,0.00016975421872738873,456290,780,0.16695373699999999,0.028889762999999999,0.195849733,true,branched,
1829,1561,207,1210,594,1586,t_z_155_337_1,z,0.39409365484283265,0.39409365484283265,235.09146118164062,0,235.09146118164062,234.47712018982438,0.42439397838444687,232.39454650878906,235.09146118164062,0.1031494140625,none,0,3.0724804780000006,3.071958999999993,0.00016975421872738873,456345,781,0.16603973599999999,0.029063014000000002,0.19511163400000001,true,branched,
1830,1518,186,1178,826,2616,t_z_340_341_0,z,0.025050000000000017,0.025050000000000017,235.94479370117188,0,235.94479370117188,235.44851828350073,0.42272777619296958,233.29220581054688,235.94479370117188,0.0096435546875,none,0,3.0724804780000006,3.071958999999993,0.00016975421872738873,456821,782,0.16764978,0.029141150000000001,0.19679734400000001,true,branched,
1831,1564,187,1190,449,962,t_z_117_513_1,z,0.98135999999999968,0.98135999999999968,236.19287109375,0,236.19287109375,235.70480713403526,0.42136949124346906,233.54708862304688,236.19287109375,0.0025634765625,none,0,3.0724804780000006,3.071958999999993,0.00016975421872738873,456851,783,0.16625483899999999,0.028170557999999998,0.19443401399999999,true,branched,
1832,1567,188,1187,991,3103,t_z_397_396_3,z,0.33533333333333315,0.33533333333333315,236.6390380859375,0,236.6390380859375,236.15440270954957,0.41828038372191784,233.99586486816406,236.6390380859375,0.000335693359375,none,0,3.0724804780000006,3.071958999999993,0.00016975421872738873,456877,784,0.16577985100000001,0.029075493000000001,0.19486477199999999,true,branched,
1833,1569,189,1186,988,3087,t_z_395_394_3,z,0.33333333333333348,0.33333333333333348,237.12510681152344,0,237.12510681152344,236.60236098754265,0.41828830756851476,234.4442138671875,237.12510681152344,0.03509521484375,none,0,3.0724804780000006,3.071958999999993,0.00016975421872738873,456881,785,0.165018208,0.028924443000000001,0.19395150999999999,true,branched,
1834,1571,190,1211,561,1510,t_z_35_393_3,z,0.33333333333333326,0.33333333333333326,237.57879638671875,0,237.57879638671875,237.05059604030518,0.42323504330086553,234.89634704589844,237.57879638671875,0.02703857421875,none,0,3.0724804780000006,3.071958999999993,0.00016975421872738873,456948,786,0.17351113500000001,0.029430288999999998,0.20294679400000001,true,branched,
1835,1572,191,1210,1099,3660,t_z_145_453_2,z,0.999,0.999,238.00021362304688,0,238.00021362304688,237.49835681757651,0.42279937939067619,235.34500122070312,238.00021362304688,0.0061187744140625,none,0,3.0724804780000006,3.071958999999993,0.00016975421872738873,456950,787,0.166790252,0.029287558000000002,0.19608709699999999,true,branched,
1836,1574,192,1214,1024,3141,t_z_402_401_2,z,0.0030000000000000027,0.0030000000000000027,238.438232421875,0,238.438232421875,237.94843859099086,0.42150598733858141,235.79350280761719,238.438232421875,0.004547119140625,none,0,3.0724804780000006,3.071958999999993,0.00016975421872738873,456968,788,0.16653215199999999,0.029500317000000002,0.19603796700000001,true,branched,
1837,1577,193,1189,634,2121,t_z_281_120_0,z,0.19649999999999967,0.19649999999999967,238.90240478515625,0,238.90240478515625,238.40180672789143,0.41524416593814534,236.24232482910156,238.90240478515625,0.0133514404296875,none,0,3.0724804780000006,3.071958999999993,0.00016975421872738873,457074,789,0.16720205399999999,0.030518046,0.19772630399999999,true,branched,
1838,1579,194,1187,592,1789,t_z_237_236_2,z,0.30662459556758315,0.30662459556758315,239.34707641601562,0,239.34707641601562,238.85116664561889,0.41481885416330644,236.69186401367188,239.34707641601562,0.01629638671875,none,0,3.0724804780000006,3.071958999999993,0.00016975421872738873,457097,790,0.165831014,0.028968155999999998,0.19480425100000001,true,branched,
1839,1580,195,1186,1027,3561,t_z_285_237_0,z,0.2608449742995218,0.2608449742995218,239.77920532226562,0,239.77920532226562,239.29875331061686,0.41450373326510459,237.14019775390625,239.77920532226562,0.0001983642578125,none,0,3.0724804780000006,3.071958999999993,0.00016975421872738873,457100,791,0.16620860400000001,0.028234321,0.19445562199999999,true,branched,
1840,1582,196,1186,1052,3601,t_z_330_185_0,z,0.00099999999999922373,0.00099999999999922373,240.22811889648438,0,240.22811889648438,239.74680413283144,0.41404554325853682,237.58932495117188,240.22811889648438,0.000640869140625,none,0,3.0724804780000006,3.071958999999993,0.00016975421872738873,457108,792,0.166529077,0.029799168000000001,0.196336538,true,branched,
1841,1585,197,1185,633,2104,t_z_279_280_0,z,0.58199118205406331,0.58199118205406331,240.68927001953125,0,240.68927001953125,240.19441915906432,0.41415926693317007,238.0386962890625,240.68927001953125,0.015594482421875,none,0,3.0724804780000006,3.071958999999993,0.00016975421872738873,457127,793,0.16613446800000001,0.02896576,0.195105429,true,branched,
1842,1587,198,1182,810,2555,t_z_332_331_1,z,0.999,0.999,241.12242126464844,0,241.12242126464844,240.64198614336715,0.41465586684691969,238.48448181152344,241.12242126464844,0.0026092529296875,none,0,3.0724804780000006,3.071958999999993,0.00016975421872738873,457154,794,0.16666572299999999,0.028971980000000001,0.19564478799999999,true,branched,
1843,1589,199,1181,1020,3551,t_z_453_282_3,z,0.0010000000000000009,0.0010000000000000009,241.56843566894531,0,241.56843566894531,241.0898369668804,0.41447816532772297,238.93312072753906,241.56843566894531,0.004638671875,none,0,3.0724804780000006,3.071958999999993,0.00016975421872738873,457154,795,0.17318375799999999,0.029164698999999999,0.20235391899999999,true,branched,
1844,1590,200,1180,868,2697,t_z_350_154_0,z,0.14754824642963182,0.14754824642963182,242.01217651367188,0,242.01217651367188,241.53759883298713,0.41431702137461279,239.38134765625,242.01217651367188,0.0034332275390625,none,0,3.0724804780000006,3.071958999999993,0.00016975421872738873,457155,796,0.166930887,0.029134777000000001,0.196071307,true,branched,
1845,1593,201,1177,790,2512,t_z_27_328_0,z,0.57127412321481585,0.57127412321481585,242.45721435546875,0,242.45721435546875,241.98524528250618,0.41427635928336104,239.82994079589844,242.45721435546875,0.0004425048828125,none,0,3.0724804780000006,3.071958999999993,0.00016975421872738873,457160,797,0.16637207000000001,0.028849965000000002,0.195229192,true,branched,
1846,1594,202,1193,807,2532,t_z_145_329_2,z,0.0010000000000000009,0.0010000000000000009,242.93678283691406,0,242.93678283691406,242.43313927342686,0.41369525625363263,240.280029296875,242.93678283691406,0.030029296875,none,0,3.0724804780000006,3.071958999999993,0.00016975421872738873,457208,798,0.16709263899999999,0.029178065,0.19627567900000001,true,branched,
1847,1597,203,1218,596,1586,t_z_155_337_1,z,0.11351036718002661,0.11351036718002661,243.3826904296875,0,243.3826904296875,242.87869825190901,0.41770133295251233,240.73562622070312,243.3826904296875,0.0131683349609375,none,0,3.0724804780000006,3.071958999999993,0.00016975421872738873,457303,799,0.16778064000000001,0.028722385,0.196509937,true,branched,
1848,1599,204,1217,476,1042,t_z_329_341_1,z,0.88648963281997351,0.88648963281997351,243.81793212890625,0,243.81793212890625,243.32636943682354,0.41755314024109835,241.18386840820312,243.81793212890625,0.0046539306640625,none,0,3.0724804780000006,3.071958999999993,0.00016975421872738873,457304,800,0.167428987,0.030299551000000001,0.19773413100000001,true,branched,
1849,1600,205,1227,620,1682,t_z_350_514_1,z,0.52241370943883791,0.52241370943883791,244.32518005371094,0,244.32518005371094,243.77999135509387,0.41757508058127812,241.64683532714844,244.32518005371094,0.04791259765625,none,0,3.0724804780000006,3.071958999999993,0.00016975421872738873,457415,801,0.166954298,0.029588059999999999,0.19654771800000001,true,branched,
1850,1603,206,1216,1175,3893,t_z_472_358_2,z,0.33333333333333326,0.33333333333333326,244.71633911132812,0,244.71633911132812,244.22461474569221,0.41902064646473192,242.09562683105469,244.71633911132812,0.0001068115234375,none,0,3.0724804780000006,3.071958999999993,0.00016975421872738873,457436,802,0.17082129500000001,0.028707534,0.19953807000000001,true,branched,
1851,1605,207,1215,897,2719,t_z_155_67_3,z,0.32306798599323139,0.32306798599323139,245.1646728515625,0,245.1646728515625,244.67241762263293,0.41892078574654523,242.54396057128906,245.1646728515625,0.0064849853515625,none,0,3.0724804780000006,3.071958999999993,0.00016975421872738873,457438,803,0.16795637099999999,0.029504273000000001,0.197467158,true,branched,
1852,1607,208,1207,898,2728,t_z_68_351_0,z,0.5,0.5,245.64659118652344,0,245.64659118652344,245.12369264920289,0.41694292893172014,242.99510192871094,245.64659118652344,0.0128326416015625,none,0,3.0724804780000006,3.071958999999993,0.00016975421872738873,457503,804,0.167389872,0.029276895000000001,0.19667618000000001,true,branched,
1853,1609,209,1225,1161,3830,t_z_333_470_3,z,0.33300000000000007,0.33300000000000007,246.08084106445312,0,246.08084106445312,245.56795030243543,0.41814271766228761,243.44404602050781,246.08084106445312,0.0164031982421875,none,0,3.0724804780000006,3.071958999999993,0.00016975421872738873,457545,805,0.16768950599999999,0.029402971999999999,0.19709949800000001,true,branched,
1854,1566,188,1193,883,2715,t_z_155_67_1,z,0.5,0.5,246.71408081054688,0,246.71408081054688,246.13150431144567,0.42716059580674404,243.97726440429688,246.71408081054688,0.0922393798828125,none,0,3.0724804780000006,3.071958999999993,0.00016975421872738873,458127,806,0.16633743600000001,0.029038320999999999,0.195382471,true,branched,
1855,1613,189,1191,1006,3141,t_z_402_401_2,z,0.0030000000000000027,0.0030000000000000027,246.87548828125,0,246.87548828125,246.38404206885298,0.42684510418193083,244.23127746582031,246.87548828125,9.1552734375e-05,none,0,3.0724804780000006,3.071958999999993,0.00016975421872738873,458128,807,0.16309412100000001,0.028877073,0.191979974,true,branched,
1856,1615,190,1183,988,3103,t_z_397_396_3,z,0.33533333333333326,0.33533333333333326,247.32395935058594,0,247.32395935058594,246.83053101308246,0.42782621871968574,244.67845153808594,247.32395935058594,0.0028076171875,none,0,3.0724804780000006,3.071958999999993,0.00016975421872738873,458177,808,0.164032969,0.028758919000000001,0.192797991,true,branched,
1857,1617,191,1182,985,3087,t_z_395_394_3,z,0.33333333333333348,0.33333333333333348,247.81004333496094,0,247.81004333496094,247.27847696681917,0.42783427972929855,245.12681579589844,247.81004333496094,0.035064697265625,none,0,3.0724804780000006,3.071958999999993,0.00016975421872738873,458181,809,0.16397725299999999,0.028816708,0.192800099,true,branched,
1858,1619,192,1189,550,1510,t_z_35_393_3,z,0.33333333333333326,0.33333333333333326,248.27096557617188,0,248.27096557617188,247.72690685583424,0.42695918708109032,245.57644653320312,248.27096557617188,0.0506439208984375,none,0,3.0724804780000006,3.071958999999993,0.00016975421872738873,458232,810,0.16732712799999999,0.028759242000000001,0.19609547199999999,true,branched,
1859,1620,193,1188,598,1789,t_z_237_236_2,z,0.23364750151779479,0.23364750151779479,248.66717529296875,0,248.66717529296875,248.17471467605745,0.42639219285207025,246.02928161621094,248.66717529296875,0.0007781982421875,none,0,3.0724804780000006,3.071958999999993,0.00016975421872738873,458234,811,0.16391793700000001,0.028787641999999999,0.19271434100000001,true,branched,
1860,1622,194,1184,810,2555,t_z_332_331_1,z,0.999,0.999,249.11787414550781,0,249.11787414550781,248.62897514652562,0.42120517807802421,246.48873901367188,249.11787414550781,0.0029754638671875,none,0,3.0724804780000006,3.071958999999993,0.00016975421872738873,458281,812,0.16603164200000001,0.028728521999999999,0.194769303,true,branched,
1861,1625,195,1183,1051,3601,t_z_330_185_0,z,0.00099999999999922373,0.00099999999999922373,249.57441711425781,0,249.57441711425781,249.08769343449518,0.42101650703637228,246.9482421875,249.57441711425781,0.006011962890625,none,0,3.0724804780000006,3.071958999999993,0.00016975421872738873,458281,813,0.163179242,0.028584670999999999,0.19177248699999999,true,branched,
1862,1627,196,1183,1023,3551,t_z_453_282_3,z,0.0010000000000000009,0.0010000000000000009,250.02783203125,0,250.02783203125,249.54594027985988,0.42176008942914411,247.40652465820312,250.02783203125,0.0002593994140625,none,0,3.0724804780000006,3.071958999999993,0.00016975421872738873,458295,814,0.163284664,0.02865436,0.19194763400000001,true,branched,
1863,1628,197,1182,872,2697,t_z_350_154_0,z,0.0060000000000001164,0.0060000000000001164,250.48699951171875,0,250.48699951171875,250.00473303883612,0.42160681469852895,247.86579895019531,250.48699951171875,0.002716064453125,none,0,3.0724804780000006,3.071958999999993,0.00016975421872738873,458296,815,0.16441257000000001,0.028572456999999999,0.19299329200000001,true,branched,
1864,1630,198,1183,871,2695,t_z_350_349_3,z,0.00080000000000002292,0.00080000000000002292,250.94383239746094,0,250.94383239746094,250.4642288453077,0.42133417607697854,248.3250732421875,250.94383239746094,0.0010986328125,none,0,3.0724804780000006,3.071958999999993,0.00016975421872738873,458308,816,0.16298035699999999,0.028591399,0.19157971500000001,true,branched,
1865,1633,199,1197,623,1913,t_z_544_339_0,z,0.997,0.997,251.60592651367188,0,251.60592651367188,250.93560307884377,0.4204321463374559,248.82011413574219,251.60592651367188,0.079925537109375,none,0,3.0724804780000006,3.071958999999993,0.00016975421872738873,458593,817,0.16659895599999999,0.028714666999999999,0.19532281000000001,true,branched,
1866,1635,200,1195,637,2121,t_z_281_120_0,z,0.5,0.5,251.98497009277344,0,251.98497009277344,251.39258319423789,0.42117166752081941,249.27935791015625,251.98497009277344,0.054779052734375,none,0,3.0724804780000006,3.071958999999993,0.00016975421872738873,458596,818,0.168238638,0.028513063000000002,0.196759241,true,branched,
1867,1637,201,1193,445,1043,t_z_341_329_1,z,0.21402819732026024,0.21402819732026024,252.39057922363281,0,252.39057922363281,251.85049787650863,0.42155017654361049,249.74211120605469,252.39057922363281,0.002716064453125,none,0,3.0724804780000006,3.071958999999993,0.00016975421872738873,458631,819,0.16344940499999999,0.028573092000000001,0.192029899,true,branched,
1868,1639,202,1193,623,1904,t_z_492_545_0,z,0.999,0.999,252.8472900390625,0,252.8472900390625,252.30992998761084,0.42019258214054356,250.20323181152344,252.8472900390625,0.00286865234375,none,0,3.0724804780000006,3.071958999999993,0.00016975421872738873,458639,820,0.167800379,0.028507873999999999,0.19631567899999999,true,branched,
1869,1640,203,1193,588,1682,t_z_350_514_1,z,0.5,0.5,253.30380249023438,0,253.30380249023438,252.76906191113608,0.42002288379718861,250.66249084472656,253.30380249023438,0.01031494140625,none,0,3.0724804780000006,3.071958999999993,0.00016975421872738873,458641,821,0.16496993900000001,0.02777166,0.19275041500000001,true,branched,
1870,1643,204,1192,635,2104,t_z_279_280_0,z,0.5,0.5,253.75279235839844,0,253.75279235839844,253.22773523778724,0.41964295832307424,251.122314453125,253.75279235839844,0.0020751953125,none,0,3.0724804780000006,3.071958999999993,0.00016975421872738873,458643,822,0.165633537,0.027791777,0.19343295599999999,true,branched,
1871,1645,205,1194,892,2728,t_z_68_351_0,z,0.5,0.5,254.20790100097656,0,254.20790100097656,253.68755050480266,0.4195165688727831,251.57939147949219,254.20790100097656,0.0005340576171875,none,0,3.0724804780000006,3.071958999999993,0.00016975421872738873,458700,823,0.16361114900000001,0.028648560999999999,0.192267985,true,branched,
1872,1647,206,1209,546,1470,t_z_345_391_3,z,0.5,0.5,254.6671142578125,0,254.6671142578125,254.14789651345379,0.42035946867906293,252.04232788085938,254.6671142578125,0.007781982421875,none,0,3.0724804780000006,3.071958999999993,0.00016975421872738873,458757,824,0.169033129,0.028960870999999999,0.197999864,true,branched,
1873,1649,207,1205,787,2414,t_z_59_398_3,z,0.16917673079622841,0.16917673079622841,255.11904907226562,0,255.11904907226562,254.60512501570199,0.42113624402326294,252.50453186035156,255.11904907226562,0.001373291015625,none,0,3.0724804780000006,3.071958999999993,0.00016975421872738873,458773,825,0.164826578,0.028700547999999999,0.19353532400000001,true,branched,
1874,1651,208,1197,485,1252,t_z_220_221_2,z,0.043727113784253646,0.043727113784253646,255.68206787109375,0,255.68206787109375,255.07195858807989,0.41895640840483922,252.859619140625,255.68206787109375,0.009857177734375,none,0,3.0724804780000006,3.071958999999993,0.00016975421872738873,458887,826,0.16230787599999999,0.028532708,0.190848358,true,branched,
1875,1652,209,1196,1009,3069,t_z_393_392_2,z,0.37579999999999991,0.37579999999999991,256.04034423828125,0,256.04034423828125,255.53063736472242,0.41850575317390076,253.31890869140625,256.04034423828125,0.002288818359375,none,0,3.0724804780000006,3.071958999999993,0.00016975421872738873,458888,827,0.16229981299999999,0.028527711000000001,0.19083678500000001,true,branched,
1876,1654,210,1193,920,2815,t_z_401_85_3,z,0.25275000000000003,0.25275000000000003,256.52008056640625,0,256.52008056640625,255.99193839675124,0.4199080179875187,253.77890014648438,256.52008056640625,0.020965576171875,none,0,3.0724804780000006,3.071958999999993,0.00016975421872738873,458965,828,0.16491023599999999,0.028523798999999999,0.19344287399999999,true,branched,
1877,1657,211,1195,792,2493,t_z_326_325_2,z,0.0003333333333331856,0.0003333333333331856,256.98687744140625,0,256.98687744140625,256.45221810440637,0.41660387587743791,254.24163818359375,256.98687744140625,0.027587890625,none,0,3.0724804780000006,3.071958999999993,0.00016975421872738873,459041,829,0.173751238,0.028494558,0.202256978,true,branched,
1878,1658,212,1193,831,2586,t_z_34_35_1,z,0.0010000000000000009,0.0010000000000000009,257.41867065429688,0,257.41867065429688,256.91092814264033,0.41657215206824122,254.70085144042969,257.41867065429688,0.00152587890625,none,0,3.0724804780000006,3.071958999999993,0.00016975421872738873,459043,830,0.16262560100000001,0.028390700000000001,0.191025478,true,branched,
1879,1661,213,1192,900,2739,t_z_352_351_1,z,0.66666666666666674,0.66666666666666674,257.87652587890625,0,257.87652587890625,257.36929864051359,0.41639640752768881,255.16114807128906,257.87652587890625,0.000457763671875,none,0,3.0724804780000006,3.071958999999993,0.00016975421872738873,459045,831,0.161195325,0.028304494999999999,0.189508064,true,branched,
1880,1663,214,1175,977,3045,t_z_390_389_2,z,0.0010000000000000009,0.0010000000000000009,258.33526611328125,0,258.33526611328125,257.82552505817819,0.41681683022142441,255.61709594726562,258.33526611328125,0.002288818359375,none,0,3.0724804780000006,3.071958999999993,0.00016975421872738873,459060,832,0.16205899900000001,0.028895864,0.190960248,true,branched,
1881,1665,215,1174,980,3053,t_z_391_390_2,z,0.0020000000000000018,0.0020000000000000018,258.86553955078125,0,258.86553955078125,258.28250322228195,0.41612072603052491,256.07879638671875,258.86553955078125,0.098724365234375,none,0,3.0724804780000006,3.071958999999993,0.00016975421872738873,459073,833,0.163758875,0.029095093999999998,0.19285986299999999,true,branched,
1882,1667,216,1172,982,3061,t_z_392_391_2,z,0.0020000000000000018,0.0020000000000000018,259.296630859375,0,259.296630859375,258.74093849260248,0.416056813430221,256.53802490234375,259.296630859375,0.070404052734375,none,0,3.0724804780000006,3.071958999999993,0.00016975421872738873,459074,834,0.166200405,0.02834764,0.194554225,true,branched,
1883,1669,217,1170,441,1042,t_z_329_341_1,z,0.0020000000000000018,0.0020000000000000018,259.68560791015625,0,259.68560791015625,259.19952035235542,0.4157976019856513,257.00027465820312,259.68560791015625,0.000885009765625,none,0,3.0724804780000006,3.071958999999993,0.00016975421872738873,459075,835,0.16100859200000001,0.028892193,0.18990633600000001,true,branched,
1884,1670,218,1169,593,1786,t_z_236_237_1,z,0.24387132476573106,0.24387132476573106,260.1441650390625,0,260.1441650390625,259.65838904988573,0.41571811052517399,257.45953369140625,260.1441650390625,0.000946044921875,none,0,3.0724804780000006,3.071958999999993,0.00016975421872738873,459076,836,0.162348616,0.028207959000000001,0.190562064,true,branched,
1885,1626,196,1187,875,2697,t_z_350_154_0,z,0.0060000000000001164,0.0060000000000001164,260.7159423828125,0,260.7159423828125,260.23325952724338,0.42189724893465952,258.09271240234375,260.7159423828125,0.000579833984375,none,0,3.0724804780000006,3.071958999999993,0.00016975421872738873,459802,837,0.165747212,0.028886977000000001,0.19464321000000001,true,branched,
1886,1674,197,1187,1025,3551,t_z_453_282_3,z,0.0010000000000000009,0.0010000000000000009,260.97415161132812,0,260.97415161132812,260.49178979451051,0.42171181531239293,258.35122680664062,260.97415161132812,0.002593994140625,none,0,3.0724804780000006,3.071958999999993,0.00016975421872738873,459815,838,0.163564976,0.028596872999999998,0.192170021,true,branched,
1887,1676,198,1186,874,2695,t_z_350_349_3,z,0.00080000000000002292,0.00080000000000002292,261.43087768554688,0,261.43087768554688,260.95048849739476,0.42155502570792741,258.81039428710938,261.43087768554688,0.00054931640625,none,0,3.0724804780000006,3.071958999999993,0.00016975421872738873,459816,839,0.16755927300000001,0.027888926000000001,0.19545696900000001,true,branched,
1888,1679,199,1157,626,2121,t_z_281_120_0,z,0.5,0.5,262.01290893554688,0,262.01290893554688,261.41105149383679,0.42665940859594104,259.297607421875,262.01290893554688,0.0201416015625,none,0,3.0724804780000006,3.071958999999993,0.00016975421872738873,460039,840,0.16691233699999999,0.028239634999999999,0.19515960800000001,true,branched,
1889,1681,200,1166,1114,3879,t_z_389_28_3,z,0.0030000000000000027,0.0030000000000000027,262.45449829101562,0,262.45449829101562,261.87338835256588,0.42708935789417024,259.7579345703125,262.45449829101562,0.0220947265625,none,0,3.0724804780000006,3.071958999999993,0.00016975421872738873,460062,841,0.16339279900000001,0.028310208999999999,0.19171321399999999,true,branched,
1890,1683,201,1164,536,1470,t_z_345_391_3,z,0.32799012070125388,0.32799012070125388,262.8919677734375,0,262.8919677734375,262.33140668836245,0.42708737604596531,260.21685791015625,262.8919677734375,0.01507568359375,none,0,3.0724804780000006,3.071958999999993,0.00016975421872738873,460063,842,0.16621678600000001,0.029077986,0.19530265199999999,true,branched,
1891,1685,202,1164,967,3072,t_z_393_394_0,z,0.0030000000000001692,0.0030000000000001692,263.44183349609375,0,263.44183349609375,262.78893211862885,0.42866918441745938,260.6788330078125,263.44183349609375,0.10552978515625,none,0,3.0724804780000006,3.071958999999993,0.00016975421872738873,460083,843,0.16170207,0.028357476,0.19006447400000001,true,branched,
1892,1686,203,1163,448,1043,t_z_341_329_1,z,0.23310500413213897,0.23310500413213897,263.79568481445312,0,263.79568481445312,263.2474227209903,0.42821881804793238,261.13803100585938,263.79568481445312,0.002197265625,none,0,3.0724804780000006,3.071958999999993,0.00016975421872738873,460084,844,0.16123702500000001,0.028341049,0.18958676599999999,true,branched,
1893,1689,204,1164,466,1143,t_z_491_490_3,z,0.999,0.999,264.25302124023438,0,264.25302124023438,263.70710888105572,0.42703412630927873,261.59893798828125,264.25302124023438,0.013885498046875,none,0,3.0724804780000006,3.071958999999993,0.00016975421872738873,460105,845,0.163204129,0.029038339,0.192248262,true,branched,
1894,1691,205,1163,633,2104,t_z_279_280_0,z,0.5,0.5,264.69857788085938,0,264.69857788085938,264.16598725913417,0.42689141929064983,262.05844116210938,264.69857788085938,0.0008544921875,none,0,3.0724804780000006,3.071958999999993,0.00016975421872738873,460105,846,0.16576850700000001,0.028914927999999999,0.19469196999999999,true,branched,
1895,1693,206,1188,893,2739,t_z_352_351_1,z,0.75,0.75,265.15533447265625,0,265.15533447265625,264.62976613670889,0.42433969397253457,262.51602172851562,265.15533447265625,0.001312255859375,none,0,3.0724804780000006,3.071958999999993,0.00016975421872738873,460170,847,0.16691389300000001,0.029369194000000001,0.19629200699999999,true,branched,
1896,1695,207,1201,471,1041,t_z_341_329_0,z,0.0065567225707808263,0.0065567225707808263,265.66836547851562,0,265.66836547851562,265.08699537494795,0.42865768969376922,262.97543334960938,265.66836547851562,0.05419921875,none,0,3.0724804780000006,3.071958999999993,0.00016975421872738873,460201,848,0.16576595999999999,0.028862990000000002,0.19463528999999999,true,branched,
1897,1696,208,1201,903,2728,t_z_68_351_0,z,0.5,0.5,266.07354736328125,0,266.07354736328125,265.5461379534795,0.42850285163759128,263.43472290039062,266.07354736328125,0.0316162109375,none,0,3.0724804780000006,3.071958999999993,0.00016975421872738873,460202,849,0.165282185,0.028131165,0.193419587,true,branched,
1898,1699,209,1200,664,2127,t_z_281_120_3,z,0.83520466479728483,0.83520466479728483,266.50173950195312,0,266.50173950195312,266.00490954081215,0.42840971835921038,263.8936767578125,266.50173950195312,0.000579833984375,none,0,3.0724804780000006,3.071958999999993,0.00016975421872738873,460207,850,0.165013989,0.029011625999999999,0.19403464600000001,true,branched,
1899,1701,210,1198,663,2132,t_z_120_121_2,z,0.90695372619911518,0.90695372619911518,266.96051025390625,0,266.96051025390625,266.46407816127464,0.42820056449862032,264.35302734375,266.96051025390625,0.010498046875,none,0,3.0724804780000006,3.071958999999993,0.00016975421872738873,460210,851,0.165338017,0.028884586,0.194228235,true,branched,
1900,1702,211,1194,522,1325,t_z_282_121_2,z,0.999,0.999,267.5555419921875,0,267.5555419921875,266.92266891709522,0.42851043393412341,264.812255859375,267.5555419921875,0.146087646484375,none,0,3.0724804780000006,3.071958999999993,0.00016975421872738873,460219,852,0.16685778000000001,0.028856164,0.19571955199999999,true,branched,
1901,1705,212,1193,470,1042,t_z_329_341_1,z,0.0020000000000000018,0.0020000000000000018,267.868896484375,0,267.868896484375,267.38119596367812,0.42843484123708403,265.271728515625,267.868896484375,0.0023193359375,none,0,3.0724804780000006,3.071958999999993,0.00016975421872738873,460219,853,0.16441832000000001,0.029247372000000001,0.19367166499999999,true,branched,
1902,1706,213,1192,846,2608,t_z_339_340_0,z,0.5,0.5,268.32595825195312,0,268.32595825195312,267.84004431602938,0.42836676760206027,265.73098754882812,268.32595825195312,0.000152587890625,none,0,3.0724804780000006,3.071958999999993,0.00016975421872738873,460220,854,0.166256026,0.028755666999999999,0.19501737999999999,true,branched,
1903,1709,214,1191,849,2611,t_z_340_339_1,z,0.0010000000000001119,0.0010000000000001119,268.86813354492188,0,268.86813354492188,268.2996703179117,0.42696878359936508,266.1923828125,268.86813354492188,0.084136962890625,none,0,3.0724804780000006,3.071958999999993,0.00016975421872738873,460322,855,0.163983192,0.028742786999999999,0.19273711499999999,true,branched,
1904,1710,215,1189,618,1786,t_z_236_237_1,z,0.30199659743082541,0.30199659743082541,269.24343872070312,0,269.24343872070312,268.75807491523864,0.42678464039607433,266.65158081054688,269.24343872070312,0.000244140625,none,0,3.0724804780000006,3.071958999999993,0.00016975421872738873,460323,856,0.16238292300000001,0.028572204,0.19096443699999999,true,branched,
1905,1712,216,1182,1093,3690,t_z_236_464_1,z,0.30118294818849856,0.30118294818849856,269.7708740234375,0,269.7708740234375,269.2170147064777,0.42791265194141043,267.11074829101562,269.7708740234375,0.031158447265625,none,0,3.0724804780000006,3.071958999999993,0.00016975421872738873,460335,857,0.162840916,0.028559786,0.191406353,true,branched,
1906,1714,217,1184,997,3081,t_z_395_394_0,z,0.99399999999999999,0.99399999999999999,270.16256713867188,0,270.16256713867188,269.67542421495591,0.42480767182034856,267.57366943359375,270.16256713867188,0.000762939453125,none,0,3.0724804780000006,3.071958999999993,0.00016975421872738873,460389,858,0.16804612799999999,0.028613145,0.19666846900000001,true,branched,
1907,1717,218,1184,1001,3105,t_z_398_397_0,z,0.99400000000000011,0.99400000000000011,270.62496948242188,0,270.62496948242188,270.13480421014737,0.42486624552430752,268.03292846679688,270.62496948242188,0.0037841796875,none,0,3.0724804780000006,3.071958999999993,0.00016975421872738873,460390,859,0.163540083,0.027899164000000001,0.19144840199999999,true,branched,
1908,1719,219,1184,914,2814,t_z_85_401_3,z,0.0020000000000000018,0.0020000000000000018,271.08050537109375,0,271.08050537109375,270.59351400426914,0.42451385593334795,268.4921875,271.08050537109375,0.000732421875,none,0,3.0724804780000006,3.071958999999993,0.00016975421872738873,460391,860,0.16648600699999999,0.027871104000000001,0.19436652600000001,true,branched,
1909,1721,220,1183,911,2790,t_z_81_85_3,z,0.0015000000000000568,0.0015000000000000568,271.5594482421875,0,271.5594482421875,271.05258586299891,0.42471556339364747,268.95196533203125,271.5594482421875,0.02020263671875,none,0,3.0724804780000006,3.071958999999993,0.00016975421872738873,460401,861,0.164744577,0.028603249000000001,0.193356848,true,branched,
1910,1722,221,1182,89,222,t_m_55_2,m,0.0013437500000001157,0.0013437500000001157,271.99859619140625,0,271.99859619140625,271.51147321517089,0.4247117128793913,269.41110229492188,271.99859619140625,0.000579833984375,none,0,3.0724804780000006,3.071958999999993,0.00016975421872738873,460403,862,0.16267558600000001,0.028673177000000001,0.19135911799999999,true,branched,
1911,1678,199,1183,983,3073,t_z_394_393_0,z,0.497,0.497,272.59271240234375,0,272.59271240234375,272.0930022806408,0.42163608148909476,269.95187377929688,272.59271240234375,0.0184326171875,none,0,3.0724804780000006,3.071958999999993,0.00016975421872738873,461011,863,0.163033704,0.028834051999999999,0.191877401,true,branched,
1912,1727,200,1190,993,3105,t_z_398_397_0,z,0.56788950837285568,0.56788950837285568,272.88015747070312,0,272.88015747070312,272.34885841177294,0.42673522846780682,270.21206665039062,272.88015747070312,0.025665283203125,none,0,3.0724804780000006,3.071958999999993,0.00016975421872738873,461080,864,0.16554982200000001,0.027946634000000001,0.193505491,true,branched,
1913,1729,201,1190,1030,3561,t_z_285_237_0,z,0.14581585058451463,0.14581585058451463,273.31539916992188,0,273.31539916992188,272.80806887330129,0.42651064902483499,270.67108154296875,273.31539916992188,0.008575439453125,none,0,3.0724804780000006,3.071958999999993,0.00016975421872738873,461114,865,0.168049748,0.028699825000000002,0.196758763,true,branched,
1914,1730,202,1186,801,2512,t_z_27_328_0,z,0.49950000000000006,0.49950000000000006,273.76751708984375,0,273.76751708984375,273.26543039254352,0.42634590526039617,271.13168334960938,273.76751708984375,0.001373291015625,none,0,3.0724804780000006,3.071958999999993,0.00016975421872738873,461123,866,0.16458021,0.028607943,0.19319297999999999,true,branched,
1915,1732,203,1186,981,3066,t_z_392_393_1,z,0.0020000000000000018,0.0020000000000000018,274.22552490234375,0,274.22552490234375,273.72418302950933,0.42625787305209978,271.5908203125,274.22552490234375,0.01043701171875,none,0,3.0724804780000006,3.071958999999993,0.00016975421872738873,461130,867,0.164243151,0.0286812,0.19293255500000001,true,branched,
1916,1735,204,1184,986,3089,t_z_396_395_0,z,0.999,0.999,274.6744384765625,0,274.6744384765625,274.18212501422778,0.42596611453442834,272.04998779296875,274.6744384765625,0.002655029296875,none,0,3.0724804780000006,3.071958999999993,0.00016975421872738873,461133,868,0.162710939,0.028599897999999999,0.19131946799999999,true,branched,
1917,1737,205,1183,1131,3868,t_z_27_28_2,z,0.52978125000000009,0.52978125000000009,275.13131713867188,0,275.13131713867188,274.64117297497427,0.42589045035059764,272.50949096679688,275.13131713867188,0.002166748046875,none,0,3.0724804780000006,3.071958999999993,0.00016975421872738873,461133,869,0.16202371900000001,0.028608584999999999,0.190637219,true,branched,
1918,1738,206,1184,638,2121,t_z_281_120_0,z,0.52978125000000009,0.52978125000000009,275.719482421875,0,275.719482421875,275.10386314907589,0.4209811598190592,272.97695922851562,275.719482421875,0.072845458984375,none,0,3.0724804780000006,3.071958999999993,0.00016975421872738873,461199,870,0.164263452,0.028503026000000001,0.19277581899999999,true,branched,
1919,1741,207,1188,634,2104,t_z_279_280_0,z,0.0055000000000000604,0.0055000000000000604,276.20794677734375,0,276.20794677734375,275.56666333747631,0.42017254421443567,273.44537353515625,276.20794677734375,0.037384033203125,none,0,3.0724804780000006,3.071958999999993,0.00016975421872738873,461303,871,0.16364150499999999,0.028609331000000002,0.19225933200000001,true,branched,
1920,1743,208,1191,596,1787,t_z_237_236_1,z,0.0033093382988698128,0.0033093382988698128,276.62713623046875,0,276.62713623046875,276.02438905397253,0.42213939808946438,273.89984130859375,276.62713623046875,0.096710205078125,none,0,3.0724804780000006,3.071958999999993,0.00016975421872738873,461328,872,0.163619758,0.028752082000000002,0.192379472,true,branched,
1921,1744,209,1194,131,298,t_m_74_2,m,0.0010000000000002229,0.0010000000000002229,276.9898681640625,0,276.9898681640625,276.48405078268132,0.42101277083424238,274.35934448242188,276.9898681640625,0.000274658203125,none,0,3.0724804780000006,3.071958999999993,0.00016975421872738873,461346,873,0.172623053,0.028782097999999999,0.20140976099999999,true,branched,
1922,1747,210,1191,796,2481,t_z_325_117_0,z,0.47018749999999998,0.47018749999999998,277.44775390625,0,277.44775390625,276.94213539206811,0.42206406118600459,274.81832885742188,277.44775390625,0.00531005859375,none,0,3.0724804780000006,3.071958999999993,0.00016975421872738873,461413,874,0.162587015,0.028727540999999999,0.191324147,true,branched,
1923,1749,211,1195,1140,3867,t_z_28_27_1,z,0.24427935029351927,0.24427935029351927,277.91580200195312,0,277.91580200195312,277.4036148645888,0.42122218534887668,275.27914428710938,277.91580200195312,0.013519287109375,none,0,3.0724804780000006,3.071958999999993,0.00016975421872738873,461469,875,0.163724384,0.028813616,0.19254838799999999,true,branched,
1924,1751,212,1195,671,2204,t_z_289_290_2,z,0.999,0.999,278.35137939453125,0,278.35137939453125,277.86108612954365,0.41944771531721409,275.74069213867188,278.35137939453125,0.01263427734375,none,0,3.0724804780000006,3.071958999999993,0.00016975421872738873,461479,876,0.16531890900000001,0.028964561999999999,0.19428772599999999,true,branched,
1925,1753,213,1193,819,2556,t_z_331_332_2,z,0.0020000000000000018,0.0020000000000000018,278.78591918945312,0,278.78591918945312,278.31351554723517,0.41567199893999124,276.199951171875,278.78591918945312,0.001251220703125,none,0,3.0724804780000006,3.071958999999993,0.00016975421872738873,461479,877,0.16340227500000001,0.028770621999999999,0.192181347,true,branched,
1926,1755,214,1175,1057,3645,t_z_454_185_2,z,0.82672983445945591,0.82672983445945591,279.23635864257812,0,279.23635864257812,278.75921246467755,0.41450171410948727,276.65701293945312,279.23635864257812,0.003387451171875,none,0,3.0724804780000006,3.071958999999993,0.00016975421872738873,461543,878,0.16370190800000001,0.029161013,0.19287165100000001,true,branched,
1927,1757,215,1174,1158,4002,t_z_167_464_1,z,0.99950000000000006,0.99950000000000006,279.6807861328125,0,279.6807861328125,279.20718399385783,0.41210225051416399,277.11578369140625,279.6807861328125,0.001220703125,none,0,3.0724804780000006,3.071958999999993,0.00016975421872738873,461544,879,0.162364545,0.028296621000000001,0.19067044599999999,true,branched,
1928,1759,216,1170,438,1042,t_z_329_341_1,z,0.998,0.998,280.12640380859375,0,280.12640380859375,279.65395103519796,0.40985927320367038,277.57492065429688,280.12640380859375,0.003875732421875,none,0,3.0724804780000006,3.071958999999993,0.00016975421872738873,461546,880,0.162916795,0.028333196000000001,0.19125851699999999,true,branched,
1929,1761,217,1168,958,3043,t_z_390_389_1,z,0.5,0.5,280.56832885742188,0,280.56832885742188,280.10087614190087,0.40759998984252621,278.0340576171875,280.56832885742188,0.002777099609375,none,0,3.0724804780000006,3.071958999999993,0.00016975421872738873,461547,881,0.168302487,0.027546471999999999,0.195854155,true,branched,
1930,1763,218,1167,891,2814,t_z_85_401_3,z,0.0020000000000000018,0.0020000000000000018,281.01226806640625,0,281.01226806640625,280.54756764703666,0.4060811033614008,278.49322509765625,281.01226806640625,0.004425048828125,none,0,3.0724804780000006,3.071958999999993,0.00016975421872738873,461548,882,0.163666072,0.028388574999999999,0.19206389200000001,true,branched,
1931,1765,219,1166,889,2790,t_z_81_85_3,z,0.0015000000000000568,0.0015000000000000568,281.4776611328125,0,281.4776611328125,280.99460029929213,0.40552382936170012,278.9530029296875,281.4776611328125,0.02294921875,none,0,3.0724804780000006,3.071958999999993,0.00016975421872738873,461554,883,0.162568464,0.028247998999999999,0.19082500099999999,true,branched,
1932,1766,220,1166,454,1120,t_z_489_490_0,z,0.0020000000000000018,0.0020000000000000018,281.9013671875,0,281.9013671875,281.4411977568376,0.40480941362246936,279.41195678710938,281.9013671875,9.1552734375e-05,none,0,3.0724804780000006,3.071958999999993,0.00016975421872738873,461558,884,0.16337550100000001,0.028321290999999998,0.19170821099999999,true,branched,
1933,1768,221,1165,1099,3832,t_z_292_470_0,z,0.33366666666666667,0.33366666666666667,282.3480224609375,0,282.3480224609375,281.8877508990243,0.40431677726153736,279.86196899414062,282.3480224609375,0.005218505859375,none,0,3.0724804780000006,3.071958999999993,0.00016975421872738873,461559,885,0.16303182899999999,0.028284482,0.19132701899999999,true,branched,
1934,1770,222,1154,956,3061,t_z_392_391_2,z,0.0030000000000000027,0.0030000000000000027,282.7874755859375,0,282.7874755859375,282.33269356606945,0.40397459914993344,280.31109619140625,282.7874755859375,0.000518798828125,none,0,3.0724804780000006,3.071958999999993,0.00016975421872738873,461584,886,0.16573099499999999,0.02821419,0.19395326900000001,true,branched,
1935,1726,200,1192,992,3081,t_z_395_394_0,z,0.57590292492871531,0.57590292492871531,283.46945190429688,0,283.46945190429688,282.96842490586658,0.40431690487073096,280.88973999023438,283.46945190429688,0.039703369140625,none,0,3.0724804780000006,3.071958999999993,0.00016975421872738873,462111,887,0.168925665,0.028817954999999999,0.1977497,true,branched,
1936,1775,201,1189,573,1586,t_z_155_337_1,z,0.0010000000000001119,0.0010000000000001119,283.6903076171875,0,283.6903076171875,283.22010139741246,0.40271729020490965,281.14712524414062,283.6903076171875,0.007598876953125,none,0,3.0724804780000006,3.071958999999993,0.00016975421872738873,462185,888,0.184596545,0.028917761,0.213520867,true,branched,
1937,1777,202,1188,1137,3868,t_z_27_28_2,z,0.52978124999999998,0.52978124999999998,284.1295166015625,0,284.1295166015625,283.66642861414437,0.40212245040724165,281.6063232421875,284.1295166015625,0.001556396484375,none,0,3.0724804780000006,3.071958999999993,0.00016975421872738873,462186,889,0.16906121199999999,0.028955760000000001,0.19802261700000001,true,branched,
1938,1778,203,1203,648,2121,t_z_281_120_0,z,0.52887405028379031,0.52887405028379031,284.69866943359375,0,284.69866943359375,284.11512879381951,0.40302463963699342,282.07400512695312,284.69866943359375,0.07000732421875,none,0,3.0724804780000006,3.071958999999993,0.00016975421872738873,462278,890,0.17059405799999999,0.029042726000000001,0.199644605,true,branched,
1939,1781,204,1188,634,2104,t_z_279_280_0,z,0.18005975609288349,0.18005975609288349,285.12796020507812,0,285.12796020507812,284.56034866487136,0.40454662178418477,282.53396606445312,285.12796020507812,0.00628662109375,none,0,3.0724804780000006,3.071958999999993,0.00016975421872738873,462331,891,0.16846581799999999,0.028040336999999999,0.19651264299999999,true,branched,
1940,1783,205,1188,1027,3561,t_z_285_237_0,z,0.0080000000000000071,0.0080000000000000071,285.56838989257812,0,285.56838989257812,285.0070210980245,0.40445257571188981,282.98193359375,285.56838989257812,0.050872802734375,none,0,3.0724804780000006,3.071958999999993,0.00016975421872738873,462334,892,0.167502031,0.027994888999999998,0.19550598499999999,true,branched,
1941,1784,206,1187,784,2481,t_z_325_117_0,z,0.17945644090850887,0.17945644090850887,285.96426391601562,0,285.96426391601562,285.45305208689842,0.40419017845931354,283.42864990234375,285.96426391601562,0.033966064453125,none,0,3.0724804780000006,3.071958999999993,0.00016975421872738873,462335,893,0.16628214199999999,0.028799383000000001,0.195088076,true,branched,
1942,1787,207,1215,805,2493,t_z_326_325_2,z,0.00033333333333307458,0.00033333333333307458,286.4248046875,0,286.4248046875,285.90163210017198,0.4032598033688955,283.87222290039062,286.4248046875,0.049163818359375,none,0,3.0724804780000006,3.071958999999993,0.00016975421872738873,462441,894,0.16816431500000001,0.029940290000000001,0.19811093199999999,true,branched,
1943,1788,208,1213,1170,3893,t_z_472_358_2,z,0.33333333333333326,0.33333333333333326,286.82241821289062,0,286.82241821289062,286.34776823164901,0.40321893668268011,284.31890869140625,286.82241821289062,0.011383056640625,none,0,3.0724804780000006,3.071958999999993,0.00016975421872738873,462443,895,0.16650421900000001,0.029028278000000001,0.19553746,true,branched,
1944,1791,209,1212,831,2556,t_z_331_332_2,z,0.0020000000000000018,0.0020000000000000018,287.2578125,0,287.2578125,286.79392466529367,0.40309874144112107,284.765625,287.2578125,9.1552734375e-05,none,0,3.0724804780000006,3.071958999999993,0.00016975421872738873,462445,896,0.16635762600000001,0.029839649999999999,0.19620333700000001,true,branched,
1945,1793,210,1199,205,441,t_m_110_1,m,0.19593508154060768,0.19593508154060768,287.72222900390625,0,287.72222900390625,287.23796892205905,0.40440022977026951,285.21536254882812,287.72222900390625,0.00640869140625,none,0,3.0724804780000006,3.071958999999993,0.00016975421872738873,462520,897,0.16754547,0.029177605999999998,0.19672931699999999,true,branched,
1946,1795,211,1194,1142,3867,t_z_28_27_1,z,0.20084188924833801,0.20084188924833801,288.15762329101562,0,288.15762329101562,287.68389090022049,0.40522921076526808,285.6611328125,288.15762329101562,0.0068359375,none,0,3.0724804780000006,3.071958999999993,0.00016975421872738873,462534,898,0.16683825999999999,0.028550530000000001,0.19539389800000001,true,branched,
1947,1797,212,1197,946,2913,t_z_509_354_0,z,0.0020000000000000018,0.0020000000000000018,288.597900390625,0,288.597900390625,288.13034761280642,0.40453444515878551,286.10879516601562,288.597900390625,0.002410888671875,none,0,3.0724804780000006,3.071958999999993,0.00016975421872738873,462559,899,0.163833274,0.028725981000000001,0.192564559,true,branched,
1948,1799,213,1197,806,2512,t_z_27_328_0,z,0.4995,0.4995,289.04229736328125,0,289.04229736328125,288.57668804783771,0.40430319914398932,286.55545043945312,289.04229736328125,0.0003662109375,none,0,3.0724804780000006,3.071958999999993,0.00016975421872738873,462563,900,0.165826535,0.027993579000000001,0.19382503400000001,true,branched,
1949,1800,214,1195,1180,4002,t_z_167_464_1,z,0.999,0.999,289.48873901367188,0,289.48873901367188,289.02255223485713,0.40387840543550674,287.00259399414062,289.48873901367188,0.0009765625,none,0,3.0724804780000006,3.071958999999993,0.00016975421872738873,462565,901,0.16466520500000001,0.028728758,0.19339880600000001,true,branched,
1950,1803,215,1192,453,1042,t_z_329_341_1,z,0.999,0.999,289.93063354492188,0,289.93063354492188,289.4676301175316,0.40374784461037511,287.44924926757812,289.93063354492188,0.00665283203125,none,0,3.0724804780000006,3.071958999999993,0.00016975421872738873,462567,902,0.16389063700000001,0.028745783,0.19264425600000001,true,branched,
1951,1805,216,1190,914,2814,t_z_85_401_3,z,0.0020000000000000018,0.0020000000000000018,290.3638916015625,0,290.3638916015625,289.91199279272257,0.40233831403281967,287.89596557617188,290.3638916015625,0.000457763671875,none,0,3.0724804780000006,3.071958999999993,0.00016975421872738873,462567,903,0.16372767299999999,0.02878023,0.19251615,true,branched,
1952,1807,217,1189,910,2790,t_z_81_85_3,z,0.0015000000000000568,0.0015000000000000568,290.82061767578125,0,290.82061767578125,290.35594750894427,0.40062008454352682,288.34310913085938,290.82061767578125,0.017333984375,none,0,3.0724804780000006,3.071958999999993,0.00016975421872738873,462573,904,0.16482117499999999,0.02862862,0.19345862799999999,true,branched,
1953,1808,218,1188,1125,3832,t_z_292_470_0,z,0.33366666666666667,0.33366666666666667,291.24313354492188,0,291.24313354492188,290.79855400624899,0.39825136596852984,288.78973388671875,291.24313354492188,0.0018310546875,none,0,3.0724804780000006,3.071958999999993,0.00016975421872738873,462575,905,0.16438741500000001,0.028531411999999999,0.19292764300000001,true,branched,
1954,1810,219,1170,462,1120,t_z_489_490_0,z,0.0020000000000000018,0.0020000000000000018,291.68035888671875,0,291.68035888671875,291.24080541887855,0.39167254701575049,289.2376708984375,291.68035888671875,0.007080078125,none,0,3.0724804780000006,3.071958999999993,0.00016975421872738873,462610,906,0.164327684,0.028434586000000001,0.19276716999999999,true,branched,
1955,1812,220,1169,634,2134,t_z_120_121_3,z,0.998,0.998,292.11309814453125,0,292.11309814453125,291.68167829554341,0.38928603454155181,289.68429565429688,292.11309814453125,0.000335693359375,none,0,3.0724804780000006,3.071958999999993,0.00016975421872738873,462611,907,0.163631156,0.028389889000000001,0.192029531,true,branched,
1956,1815,221,1168,975,3061,t_z_392_391_2,z,0.0030000000000000027,0.0030000000000000027,292.55264282226562,0,292.55264282226562,292.12165984062301,0.38733308285318052,290.1309814453125,292.55264282226562,0.001129150390625,none,0,3.0724804780000006,3.071958999999993,0.00016975421872738873,462612,908,0.16326521899999999,0.028313418999999999,0.19158370299999999,true,branched,
1957,1817,222,1168,980,3069,t_z_393_392_2,z,0.62520000000000031,0.62520000000000031,293.05221557617188,0,293.05221557617188,292.56218275305343,0.38503905573640773,290.58029174804688,293.05221557617188,0.06085205078125,none,0,3.0724804780000006,3.071958999999993,0.00016975421872738873,462617,909,0.161848252,0.028226316000000001,0.19008292800000001,true,branched,
1958,1818,223,1165,545,1509,t_z_393_35_2,z,0.33253333333333346,0.33253333333333346,293.4566650390625,0,293.4566650390625,293.00332277486251,0.38294981287016017,291.03237915039062,293.4566650390625,0.012054443359375,none,0,3.0724804780000006,3.071958999999993,0.00016975421872738873,462653,910,0.16283357500000001,0.028324401999999999,0.19116327999999999,true,branched,
1959,1821,224,1157,582,1682,t_z_350_514_1,z,0.5,0.5,293.9442138671875,0,293.9442138671875,293.44252535095478,0.37873155311428858,291.48147583007812,293.9442138671875,0.073211669921875,none,0,3.0724804780000006,3.071958999999993,0.00016975421872738873,462676,911,0.16478442600000001,0.028064618,0.19285735500000001,true,branched,
1960,1823,225,1157,528,1473,t_z_356_192_0,z,0.08287761094427748,0.08287761094427748,294.31097412109375,0,294.31097412109375,293.88087177194183,0.37744494714154969,291.92874145507812,294.31097412109375,0.002288818359375,none,0,3.0724804780000006,3.071958999999993,0.00016975421872738873,462680,912,0.16277729399999999,0.028022516000000001,0.19080579,true,branched,
1961,1779,203,1190,820,2556,t_z_331_332_2,z,0.0020000000000000018,0.0020000000000000018,294.88555908203125,0,294.88555908203125,294.44933569130779,0.37843020280484113,292.5255126953125,294.88555908203125,0.001617431640625,none,0,3.0724804780000006,3.071958999999993,0.00016975421872738873,463416,913,0.16605381899999999,0.031008159,0.19707033700000001,true,branched,
1962,1827,204,1176,1160,4002,t_z_167_464_1,z,0.999,0.999,295.13427734375,0,295.13427734375,294.69794669118869,0.37964556787740267,292.77703857421875,295.13427734375,0.00091552734375,none,0,3.0724804780000006,3.071958999999993,0.00016975421872738873,463442,914,0.167433782,0.028567654000000001,0.19601053099999999,true,branched,
1963,1829,205,1173,446,1042,t_z_329_341_1,z,0.998,0.998,295.57321166992188,0,295.57321166992188,295.13636552139116,0.37948819959437846,293.22000122070312,295.57321166992188,0.003021240234375,none,0,3.0724804780000006,3.071958999999993,0.00016975421872738873,463444,915,0.162497209,0.028525815,0.19102809800000001,true,branched,
1964,1831,206,1176,1135,3893,t_z_472_358_2,z,0.26536205769199728,0.26536205769199728,296.00994873046875,0,296.00994873046875,295.57477330837122,0.37982959605939765,293.65969848632812,296.00994873046875,0.00030517578125,none,0,3.0724804780000006,3.071958999999993,0.00016975421872738873,463445,916,0.16316165499999999,0.028549031999999998,0.19171943,true,branched,
1965,1833,207,1175,925,2913,t_z_509_354_0,z,0.0020000000000000018,0.0020000000000000018,296.449462890625,0,296.449462890625,296.01401104866193,0.37973495337156871,294.09945678710938,296.449462890625,0.00201416015625,none,0,3.0724804780000006,3.071958999999993,0.00016975421872738873,463447,917,0.163135478,0.028601603,0.191745362,true,branched,
1966,1835,208,1175,797,2512,t_z_27_328_0,z,0.4995,0.4995,296.88729858398438,0,296.88729858398438,296.4534480447972,0.37951311452023501,294.53927612304688,296.88729858398438,0.00164794921875,none,0,3.0724804780000006,3.071958999999993,0.00016975421872738873,463451,918,0.16439820699999999,0.027750117000000001,0.19215644300000001,true,branched,
1967,1836,209,1144,993,3561,t_z_285_237_0,z,0.0080000000000000071,0.0080000000000000071,297.37066650390625,0,297.37066650390625,296.88706751469965,0.38210634729218002,294.97982788085938,297.37066650390625,0.04461669921875,none,0,3.0724804780000006,3.071958999999993,0.00016975421872738873,463500,919,0.160801046,0.027901162,0.18871038800000001,true,branched,
1968,1838,210,1143,872,2814,t_z_85_401_3,z,0.0020000000000000018,0.0020000000000000018,297.76596069335938,0,297.76596069335938,297.32625931600467,0.38189204117484332,295.419677734375,297.76596069335938,0.004364013671875,none,0,3.0724804780000006,3.071958999999993,0.00016975421872738873,463501,920,0.16190810899999999,0.027849044999999999,0.18976290100000001,true,branched,
1969,1841,211,1142,870,2790,t_z_81_85_3,z,0.0015000000000000568,0.0015000000000000568,298.22238159179688,0,298.22238159179688,297.76574348944081,0.382078288861326,295.85977172851562,298.22238159179688,0.02099609375,none,0,3.0724804780000006,3.071958999999993,0.00016975421872738873,463508,921,0.16009915599999999,0.027811955999999999,0.187916416,true,branched,
1970,1842,212,1141,1031,3645,t_z_454_185_2,z,0.75006771911847392,0.75006771911847392,298.64126586914062,0,298.64126586914062,298.2051563313089,0.38206955359371825,296.2994384765625,298.64126586914062,0.001861572265625,none,0,3.0724804780000006,3.071958999999993,0.00016975421872738873,463510,922,0.16078167099999999,0.027111989999999999,0.18790268299999999,true,branched,
1971,1845,213,1140,1070,3780,t_z_407_467_2,z,0.034853175647553969,0.034853175647553969,299.07916259765625,0,299.07916259765625,298.64360763817501,0.38266868966114426,296.73883056640625,299.07916259765625,0.004730224609375,none,0,3.0724804780000006,3.071958999999993,0.00016975421872738873,463511,923,0.16208685,0.027844832,0.18993748999999999,true,branched,
1972,1847,214,1140,975,3181,t_z_409_408_2,z,0.99939999999999984,0.99939999999999984,299.65835571289062,0,299.65835571289062,299.08329523990028,0.38280295658778407,297.17837524414062,299.65835571289062,0.14410400390625,none,0,3.0724804780000006,3.071958999999993,0.00016975421872738873,463515,924,0.16481146499999999,0.029082889000000001,0.193903518,true,branched,
1973,1849,215,1130,1072,3832,t_z_292_470_0,z,0.33366666666666667,0.33366666666666667,299.95416259765625,0,299.95416259765625,299.52281159257467,0.38252495827833244,297.61795043945312,299.95416259765625,0.000244140625,none,0,3.0724804780000006,3.071958999999993,0.00016975421872738873,463521,925,0.16285575699999999,0.028412775000000001,0.19127559299999999,true,branched,
1974,1850,216,1121,1076,3883,t_z_473_472_1,z,0.17941052650090761,0.17941052650090761,300.39804077148438,0,300.39804077148438,299.95995895018223,0.38200362680187044,298.05801391601562,300.39804077148438,0.00384521484375,none,0,3.0724804780000006,3.071958999999993,0.00016975421872738873,463556,926,0.16138992399999999,0.028359122,0.18975342100000001,true,branched,
1975,1853,217,1141,875,2779,t_z_358_357_1,z,0.59919999999999995,0.59919999999999995,300.97018432617188,0,300.97018432617188,300.40062976405875,0.38138537478818374,298.5,300.97018432617188,0.104827880859375,none,0,3.0724804780000006,3.071958999999993,0.00016975421872738873,463579,927,0.16303090000000001,0.027964000999999999,0.19100397699999999,true,branched,
1976,1855,218,1144,450,1120,t_z_489_490_0,z,0.0020000000000000018,0.0020000000000000018,301.2755126953125,0,301.2755126953125,300.84069565459566,0.38089591633081188,298.94015502929688,301.2755126953125,0.001129150390625,none,0,3.0724804780000006,3.071958999999993,0.00016975421872738873,463596,928,0.15977087400000001,0.028607746999999999,0.18838385699999999,true,branched,
1977,1856,219,1143,955,3061,t_z_392_391_2,z,0.01100000000000001,0.01100000000000001,301.71420288085938,0,301.71420288085938,301.28003866841476,0.38083241108929033,299.37985229492188,301.71420288085938,0.00079345703125,none,0,3.0724804780000006,3.071958999999993,0.00016975421872738873,463597,929,0.160506857,0.028040813000000001,0.18855672500000001,true,branched,
1978,1859,220,1126,943,3069,t_z_393_392_2,z,0.56126670855172345,0.56126670855172345,302.224365234375,0,302.224365234375,301.71835928827153,0.38145313453296475,299.821044921875,302.224365234375,0.071044921875,none,0,3.0724804780000006,3.071958999999993,0.00016975421872738873,463609,930,0.16349329400000001,0.028421256999999998,0.19192710700000001,true,branched,
1979,1860,221,1133,571,1682,t_z_350_514_1,z,0.29648611111111123,0.29648611111111123,302.61886596679688,0,302.61886596679688,302.15826577626808,0.38150356178986894,300.26541137695312,302.61886596679688,0.021575927734375,none,0,3.0724804780000006,3.071958999999993,0.00016975421872738873,463650,931,0.16089647300000001,0.02760195,0.18850367100000001,true,branched,
1980,1863,222,1143,197,443,t_m_110_3,m,0.017695627473720082,0.017695627473720082,303.03170776367188,0,303.03170776367188,302.59522496287696,0.38006289553511258,300.70819091796875,303.03170776367188,0.001678466796875,none,0,3.0724804780000006,3.071958999999993,0.00016975421872738873,463667,932,0.16071069399999999,0.027824390000000001,0.18854101100000001,true,branched,
1981,1865,223,1138,577,1787,t_z_237_236_1,z,0.029708947031474975,0.029708947031474975,303.57858276367188,0,303.57858276367188,303.0230002244034,0.37734341324453347,301.14956665039062,303.57858276367188,0.125213623046875,none,0,3.0724804780000006,3.071958999999993,0.00016975421872738873,463723,933,0.16378298099999999,0.027842087000000001,0.19163070900000001,true,branched,
1982,1866,224,1137,612,2134,t_z_120_121_3,z,0.998,0.998,303.8797607421875,0,303.8797607421875,303.44916437127239,0.37526245054562879,301.58926391601562,303.8797607421875,0.0025634765625,none,0,3.0724804780000006,3.071958999999993,0.00016975421872738873,463725,934,0.16233905000000001,0.027670872999999999,0.190017717,true,branched,
1983,1869,225,1137,605,1941,t_z_536_346_2,z,0.01100000000000001,0.01100000000000001,304.3035888671875,0,304.3035888671875,303.87483069051643,0.37526526976517216,302.02548217773438,304.3035888671875,0.004241943359375,none,0,3.0724804780000006,3.071958999999993,0.00016975421872738873,463726,935,0.160722697,0.028156842000000001,0.188887632,true,branched,
1984,1870,226,1136,610,2121,t_z_281_120_0,z,0.00099999999999997205,0.00099999999999997205,304.72564697265625,0,304.72564697265625,304.30052217295474,0.37511361403566862,302.45169067382812,304.72564697265625,0.003021240234375,none,0,3.0724804780000006,3.071958999999993,0.00016975421872738873,463728,936,0.16080039199999999,0.027749098,0.18855701699999999,true,branched,
1985,1873,227,1135,511,1473,t_z_356_192_0,z,0.057222222222222285,0.057222222222222285,305.14898681640625,0,305.14898681640625,304.72620709793159,0.37511862939694213,302.8778076171875,305.14898681640625,0.0013427734375,none,0,3.0724804780000006,3.071958999999993,0.00016975421872738873,463729,937,0.16141630500000001,0.027577448000000001,0.188999904,true,branched,
1986,1874,228,1134,1065,3751,t_z_457_455_3,z,0.66666666666666663,0.66666666666666663,305.573974609375,0,305.573974609375,305.15186015134134,0.374935675203449,303.30404663085938,305.573974609375,0.000244140625,none,0,3.0724804780000006,3.071958999999993,0.00016975421872738873,463731,938,0.16109522500000001,0.027632810000000001,0.188733603,true,branched,
1987,1876,229,1137,1094,3881,t_z_473_472_0,z,0.0010000000000000009,0.0010000000000000009,306.00021362304688,0,306.00021362304688,305.57676400190502,0.37749657740359632,303.73129272460938,306.00021362304688,0.000152587890625,none,0,3.0724804780000006,3.071958999999993,0.00016975421872738873,463752,939,0.16175497,0.027769386,0.189533654,true,branched,
1988,1879,230,1138,1111,3937,t_z_477_473_0,z,0.0020000000000000018,0.0020000000000000018,306.454833984375,0,306.454833984375,306.00093754397966,0.37508705030236311,304.15780639648438,306.454833984375,0.0277099609375,none,0,3.0724804780000006,3.071958999999993,0.00016975421872738873,463816,940,0.16009485800000001,0.027632884,0.18773745,true,branched,
1989,1881,231,1136,455,1188,t_z_7_487_2,z,0.0040000000000000036,0.0040000000000000036,306.8533935546875,0,306.8533935546875,306.42669360738404,0.37512341726336745,304.58404541015625,306.8533935546875,0.0018310546875,none,0,3.0724804780000006,3.071958999999993,0.00016975421872738873,463817,941,0.16142952799999999,0.02769218,0.18912927600000001,true,branched,
1990,1882,232,1135,868,2769,t_z_357_356_0,z,0.21273182099198529,0.21273182099198529,307.2783203125,0,307.2783203125,306.8524124750482,0.37503713128552296,305.01034545898438,307.2783203125,0.000335693359375,none,0,3.0724804780000006,3.071958999999993,0.00016975421872738873,463822,942,0.164022851,0.0276227,0.19165469399999999,true,branched,
1991,1884,233,1134,124,299,t_m_74_3,m,0.0020000000000000018,0.0020000000000000018,307.70431518554688,0,307.70431518554688,307.27811540876115,0.37467080296737604,305.43658447265625,307.70431518554688,0.00311279296875,none,0,3.0724804780000006,3.071958999999993,0.00016975421872738873,463824,943,0.16062416099999999,0.027633673000000001,0.18826504799999999,true,branched,
1992,1887,234,1021,567,2204,t_z_289_290_2,z,0.9274101739945263,0.9274101739945263,308.18804931640625,0,308.18804931640625,307.7161390582915,0.36288627434478038,305.87060546875,308.18804931640625,0.0284423828125,none,0,3.0724804780000006,3.071958999999993,0.00016975421872738873,464064,944,0.161604885,0.026400151,0.18801173199999999,true,branched,
1993,1889,235,1025,537,1902,t_z_277_298_3,z,0.0018750000000000864,0.0018750000000000864,308.5859375,0,308.5859375,308.14146213438454,0.36223408031328275,306.296142578125,308.5859375,0.006988525390625,none,0,3.0724804780000006,3.071958999999993,0.00016975421872738873,464072,945,0.162452333,0.025684018999999999,0.18814272100000001,true,branched,
