event,episode,gradient_step,optimizer_steps,stage,stage_boundary_step,instance_time_limit,instance_node_limit,loss,td_error,gradient_norm,epsilon,reward,node_reward,lp_reward,total_reward,reward_identity_ok,episode_nodes,episode_solving_time,validation_nodes,validation_time,mean_pdi,mean_final_gap,mean_par2,mean_solved,mean_lp,pdi,final_gap,par2,first_solution_time,solved,lp_iterations,bootstrap_target_used,trainer_truncated,replay_size,replay_medium_count,replay_large_count,replay_medium_bytes,replay_large_bytes,replay_evictions_by_count,replay_evictions_by_bytes,medium_samples,large_samples,per_weight_min,per_weight_max,q_value_mean,q_value_std,selected_candidate_rank,forward_time,cpu_memory_mb,gpu_memory_mb,status,instance
normalization,,,,,,,,,,,,,,,,,,,,,,,,,,,,,,,,,,,,,,,,,,,,,,,,,,,62d8ce546167a50d23c79389609a91d88eae351a7f83d76f8f11284eaa31cc24,/data/hanchengcheng/hcc_1/du/cable_harness_prim_gcnn/results/probes/shared_normalization.json
mix_16_0,0,1,1,A,,60.0,100,2.3649086952209473,2.8649086952209473,6.219567775726318,1.0,,,,,,,,,,,,,,,,,,,,,16,,16,16,0,152161620,0,0,0,16,0,1.0,1.0,0.2956622242927551,0.2559030055999756,600.0,0.6130155753344297,1870.921875,67.03369140625,,data/instances/transfer/real_01.cip
mix_16_0,0,2,2,A,,60.0,100,1.9212371110916138,2.771493434906006,5.588094234466553,1.0,,,,,,,,,,,,,,,,,,,,,16,,16,16,0,152161620,0,0,0,16,0,0.7751977443695068,1.0,0.24835699796676636,0.16042770445346832,600.0,0.5794431436806917,1870.94140625,67.03369140625,,data/instances/transfer/real_01.cip
mix_16_0,0,3,3,A,,60.0,100,1.7790786027908325,2.699136257171631,4.746157169342041,1.0,,,,,,,,,,,,,,,,,,,,,16,,16,16,0,152161620,0,0,0,16,0,0.7771836519241333,1.0,0.1512502282857895,0.11275183409452438,600.0,0.5973898451775312,1870.94140625,67.03369140625,,data/instances/transfer/real_01.cip
mix_16_0,0,4,4,A,,60.0,100,1.8693225383758545,2.69728422164917,3.5739784240722656,1.0,,,,,,,,,,,,,,,,,,,,,16,,16,16,0,152161620,0,0,0,16,0,0.7758535146713257,1.0,0.02951032482087612,0.09569180011749268,600.0,0.6112153753638268,1870.97265625,67.03369140625,,data/instances/transfer/real_01.cip
mix_16_0,0,5,5,A,,60.0,100,1.9852043390274048,2.5153939723968506,6.62612771987915,0.9984166666666666,,,,,,,,,,,,,,,,,,,,,16,,17,17,0,161546184,0,0,0,16,0,0.9740538001060486,1.0,0.022813646122813225,0.060328759253025055,44.0,0.5736669600009918,1896.11328125,67.03369140625,,data/instances/transfer/real_01.cip
mix_16_0,0,6,6,A,,60.0,100,1.8325179815292358,2.375002145767212,7.612316608428955,0.9984166666666666,,,,,,,,,,,,,,,,,,,,,16,,17,17,0,161546184,0,0,0,16,0,0.9464516639709473,1.0,-0.05265192687511444,0.02127363160252571,44.0,0.5942778326570988,1896.11328125,67.03369140625,,data/instances/transfer/real_01.cip
mix_16_0,0,7,7,A,,60.0,100,1.8405747413635254,2.4110851287841797,5.792059421539307,0.9984166666666666,,,,,,,,,,,,,,,,,,,,,16,,17,17,0,161546184,0,0,0,16,0,0.9345206022262573,1.0,-0.13368883728981018,0.022147582843899727,44.0,0.6111061759293079,1896.1171875,67.03369140625,,data/instances/transfer/real_01.cip
mix_16_0,0,8,8,A,,60.0,100,1.8175137042999268,2.4156620502471924,4.958145618438721,0.9984166666666666,,,,,,,,,,,,,,,,,,,,,16,,17,17,0,161546184,0,0,0,16,0,0.9219174385070801,1.0,-0.18835604190826416,0.06392962485551834,44.0,0.6122816205024719,1896.1171875,67.03369140625,,data/instances/transfer/real_01.cip
mix_16_0,0,9,9,A,,60.0,100,1.7022149562835693,2.2906556129455566,5.621004581451416,0.9968333333333333,,,,,,,,,,,,,,,,,,,,,16,,18,18,0,170892476,0,0,0,16,0,0.9162413477897644,1.0,-0.2700152099132538,0.08769303560256958,140.0,0.43516639061272144,1902.4921875,67.03369140625,,data/instances/transfer/real_01.cip
mix_16_0,0,10,10,A,,60.0,100,1.6868104934692383,2.296452045440674,5.066823482513428,0.9968333333333333,,,,,,,,,,,,,,,,,,,,,16,,18,18,0,170892476,0,0,0,16,0,0.9042930006980896,1.0,-0.31640180945396423,0.15966971218585968,140.0,0.4317022245377302,1902.4921875,67.03369140625,,data/instances/transfer/real_01.cip
mix_16_0,0,11,11,A,,60.0,100,1.4878942966461182,2.0899338722229004,6.466733455657959,0.9968333333333333,,,,,,,,,,,,,,,,,,,,,16,,18,18,0,170892476,0,0,0,16,0,0.8969181776046753,1.0,-0.4465045928955078,0.17804540693759918,140.0,0.42504823952913284,1902.4921875,67.03369140625,,data/instances/transfer/real_01.cip
mix_16_0,0,12,12,A,,60.0,100,1.4146573543548584,2.0589301586151123,6.106565952301025,0.9968333333333333,,,,,,,,,,,,,,,,,,,,,16,,18,18,0,170892476,0,0,0,16,0,0.867412805557251,1.0,-0.5055364966392517,0.21346765756607056,140.0,0.42578824795782566,1902.4921875,67.03369140625,,data/instances/transfer/real_01.cip
mix_16_0,0,13,13,A,,60.0,100,1.4083325862884521,2.046945333480835,5.739260196685791,0.99525,,,,,,,,,,,,,,,,,,,,,16,,19,19,0,180222536,0,0,0,16,0,0.8785090446472168,1.0,-0.555240273475647,0.30763959884643555,77.0,0.5457924958318472,1908.875,67.03369140625,,data/instances/transfer/real_01.cip
mix_16_0,0,14,14,A,,60.0,100,1.446150541305542,2.1180968284606934,5.108792781829834,0.99525,,,,,,,,,,,,,,,,,,,,,16,,19,19,0,180222536,0,0,0,16,0,0.8559779524803162,1.0,-0.5528502464294434,0.3360747992992401,77.0,0.5924856327474117,1908.875,67.03369140625,,data/instances/transfer/real_01.cip
mix_16_0,0,15,15,A,,60.0,100,1.2254924774169922,1.9140571355819702,5.705142498016357,0.99525,,,,,,,,,,,,,,,,,,,,,16,,19,19,0,180222536,0,0,0,16,0,0.8115993142127991,1.0,-0.7124971151351929,0.31390005350112915,77.0,0.6048970762640238,1908.875,67.03369140625,,data/instances/transfer/real_01.cip
mix_16_0,0,16,16,A,,60.0,100,1.0324515104293823,1.7478001117706299,6.096933841705322,0.99525,,,,,,,,,,,,,,,,,,,,,16,,19,19,0,180222536,0,0,0,16,0,0.7631699442863464,1.0,-0.8555184602737427,0.39232906699180603,77.0,0.6076687350869179,1908.875,67.03369140625,,data/instances/transfer/real_01.cip
mix_16_0,0,17,17,A,,60.0,100,1.102858304977417,1.849684476852417,5.515127658843994,0.9936666666666667,,,,,,,,,,,,,,,,,,,,,16,,20,20,0,189497796,0,0,0,16,0,0.7641922831535339,1.0,-0.8209757208824158,0.46092894673347473,531.0,0.5763766374439001,1913.59375,67.03369140625,,data/instances/transfer/real_01.cip
mix_16_0,0,18,18,A,,60.0,100,0.6693615913391113,1.283653974533081,6.361588001251221,0.9936666666666667,,,,,,,,,,,,,,,,,,,,,16,,20,20,0,189497796,0,0,0,16,0,0.7397849559783936,1.0,-1.2596962451934814,0.5003829002380371,531.0,0.5969678275287151,1913.59375,67.03369140625,,data/instances/transfer/real_01.cip
mix_16_0,0,19,19,A,,60.0,100,1.0723674297332764,1.8561965227127075,4.579875469207764,0.9936666666666667,,,,,,,,,,,,,,,,,,,,,16,,20,20,0,189497796,0,0,0,16,0,0.7407136559486389,1.0,-0.8786051869392395,0.5037896037101746,531.0,0.6079152375459671,1913.59375,67.03369140625,,data/instances/transfer/real_01.cip
mix_16_0,0,20,20,A,,60.0,100,0.8405115008354187,1.7037181854248047,4.227781295776367,0.9936666666666667,,,,,,,,,,,,,,,,,,,,,16,,20,20,0,189497796,0,0,0,16,0,0.6406825184822083,1.0,-1.0218675136566162,0.5490038394927979,531.0,0.6113536041229963,1913.59375,67.03369140625,,data/instances/transfer/real_01.cip
mix_16_0,0,21,21,A,,60.0,100,0.933303952217102,1.7432961463928223,3.163001298904419,0.9920833333333333,,,,,,,,,,,,,,,,,,,,,16,,21,21,0,198765668,0,0,0,16,0,0.6801376938819885,1.0,-1.0305002927780151,0.6952633261680603,292.0,0.39936912059783936,1918.51171875,67.03369140625,,data/instances/transfer/real_01.cip
mix_16_0,0,22,22,A,,60.0,100,0.570426344871521,1.6986955404281616,2.3562564849853516,0.9920833333333333,,,,,,,,,,,,,,,,,,,,,16,,21,21,0,198765668,0,0,0,16,0,0.4332904815673828,1.0,-1.1056771278381348,0.6455307602882385,292.0,0.3967680502682924,1918.51171875,67.03369140625,,data/instances/transfer/real_01.cip
mix_16_0,0,23,23,A,,60.0,100,1.1088200807571411,1.9188714027404785,4.028862476348877,0.9920833333333333,,,,,,,,,,,,,,,,,,,,,16,,21,21,0,198765668,0,0,0,16,0,0.7363404631614685,1.0,-0.9283868074417114,0.5613976716995239,292.0,0.39811534620821476,1918.51171875,67.03369140625,,data/instances/transfer/real_01.cip
mix_16_0,0,24,24,A,,60.0,100,0.7656735777854919,1.85032320022583,1.9605382680892944,0.9920833333333333,,,,,,,,,,,,,,,,,,,,,16,,21,21,0,198765668,0,0,0,16,0,0.5229454636573792,1.0,-1.038171410560608,0.7505811452865601,292.0,0.39733857475221157,1918.51171875,67.03369140625,,data/instances/transfer/real_01.cip
mix_16_0,0,25,25,A,,60.0,100,0.4424384534358978,1.1587471961975098,2.7913923263549805,0.9905,,,,,,,,,,,,,,,,,,,,,16,,22,22,0,208080560,0,0,0,16,0,0.5402310490608215,1.0,-1.6819427013397217,0.7864038348197937,518.0,0.5986599493771791,1926.28125,67.03369140625,,data/instances/transfer/real_01.cip
mix_16_0,0,26,26,A,,60.0,100,0.6146202683448792,1.4616637229919434,1.3988468647003174,0.9905,,,,,,,,,,,,,,,,,,,,,16,,22,22,0,208080560,0,0,0,16,0,0.5886815190315247,1.0,-1.8801103830337524,1.2644492387771606,518.0,0.593633197247982,1926.28125,67.03369140625,,data/instances/transfer/real_01.cip
mix_16_0,0,27,27,A,,60.0,100,0.3879580795764923,1.482961893081665,2.212557077407837,0.9905,,,,,,,,,,,,,,,,,,,,,16,,22,22,0,208080560,0,0,0,16,0,0.3521408438682556,1.0,-1.4247677326202393,0.6719782948493958,518.0,0.6057210750877857,1926.28125,67.03369140625,,data/instances/transfer/real_01.cip
mix_16_0,0,28,28,A,,60.0,100,0.713186502456665,1.4543906450271606,3.7498250007629395,0.9905,,,,,,,,,,,,,,,,,,,,,16,,22,22,0,208080560,0,0,0,16,0,0.6713503003120422,1.0,-1.569993495941162,0.7860550284385681,518.0,0.6078353226184845,1926.28125,67.03369140625,,data/instances/transfer/real_01.cip
mix_16_0,0,29,29,A,,60.0,100,0.7016662359237671,1.5891132354736328,1.46974778175354,0.9889166666666667,,,,,,,,,,,,,,,,,,,,,16,,23,23,0,217271604,0,0,0,16,0,0.5834935307502747,1.0,-1.8759915828704834,1.2855180501937866,1.0,0.5790861342102289,1929.11328125,67.03369140625,,data/instances/transfer/real_01.cip
mix_16_0,0,30,30,A,,60.0,100,0.6307446956634521,1.6890687942504883,0.7591187357902527,0.9889166666666667,,,,,,,,,,,,,,,,,,,,,16,,23,23,0,217271604,0,0,0,16,0,0.47889718413352966,1.0,-1.5025622844696045,1.1169649362564087,1.0,0.5957031175494194,1929.11328125,67.03369140625,,data/instances/transfer/real_01.cip
mix_16_0,0,31,31,A,,60.0,100,0.6221088171005249,1.2815651893615723,6.271527290344238,0.9889166666666667,,,,,,,,,,,,,,,,,,,,,16,,23,23,0,217271604,0,0,0,16,0,0.7253087162971497,1.0,-1.6760691404342651,0.456127405166626,1.0,0.6100584771484137,1929.11328125,67.03369140625,,data/instances/transfer/real_01.cip
mix_16_0,0,32,32,A,,60.0,100,0.9863055348396301,1.6552661657333374,6.978878498077393,0.9889166666666667,,,,,,,,,,,,,,,,,,,,,16,,23,23,0,217271604,0,0,0,16,0,0.7617830038070679,1.0,-2.633756637573242,1.636596441268921,1.0,0.6116343773901463,1929.11328125,67.03369140625,,data/instances/transfer/real_01.cip
episode,0,32,32,A,,60.0,100,0.9863055348396301,1.6552661657333374,6.978878498077393,0.9873333333333333,-25.213399999999993,-25.0,-0.2134,-25.213399999999993,True,26,61.868059,,,,,,,,inf,0.014395411214985153,120.0,17.440313,0.0,29357,16,True,25,25,0,235716964,0,0,0,16,0,,,,,281.88,,1725.125,67.03369140625,timelimit,data/instances/transfer/real_01.cip
episode,1,32,32,A,,60.0,100,0.9863055348396301,1.6552661657333374,6.978878498077393,0.9873333333333333,0.0,0.0,0.0,0.0,True,1,16.147318,,,,,,,,inf,0.0,16.147318,16.147318,1.0,16071,16,False,25,25,0,235716964,0,0,0,16,0,,,,,0.0,,2036.50390625,67.03369140625,optimal,data/instances/transfer/real_03.cip
mix_16_0,2,33,33,A,,60.0,100,0.6452094316482544,1.5326372385025024,2.3514647483825684,0.9873333333333333,,,,,,,,,,,,,,,,,,,,,16,,25,25,0,235716964,0,0,0,16,0,0.554548978805542,1.0,-2.4315690994262695,1.4797813892364502,117.0,0.6177061200141907,2111.125,67.03369140625,,data/instances/transfer/real_05.cip
mix_16_0,2,34,34,A,,60.0,100,0.9100218415260315,1.6434279680252075,4.569103240966797,0.9873333333333333,,,,,,,,,,,,,,,,,,,,,16,,25,25,0,235716964,0,0,0,16,0,0.7141141891479492,1.0,-2.7772483825683594,1.5847729444503784,117.0,0.5975821316242218,2111.125,67.03369140625,,data/instances/transfer/real_05.cip
mix_16_0,2,35,35,A,,60.0,100,0.7534099221229553,1.6425065994262695,3.883009195327759,0.9873333333333333,,,,,,,,,,,,,,,,,,,,,16,,25,25,0,235716964,0,0,0,16,0,0.5768684148788452,1.0,-2.6726582050323486,1.5656566619873047,117.0,0.6056761890649796,2111.125,67.03369140625,,data/instances/transfer/real_05.cip
mix_16_0,2,36,36,A,,60.0,100,0.8718852996826172,1.9279253482818604,1.1460390090942383,0.9873333333333333,,,,,,,,,,,,,,,,,,,,,16,,25,25,0,235716964,0,0,0,16,0,0.5552676916122437,1.0,-1.784625768661499,1.4782665967941284,117.0,0.6123238056898117,2111.125,67.03369140625,,data/instances/transfer/real_05.cip
mix_16_0,2,37,37,A,,60.0,100,0.8614818453788757,1.7098146677017212,6.931309223175049,0.98575,,,,,,,,,,,,,,,,,,,,,16,,25,25,0,235716964,0,0,0,16,0,0.6088879108428955,1.0,-2.9514055252075195,1.5670245885849,34.0,0.5794481821358204,2111.125,67.03369140625,,data/instances/transfer/real_05.cip
mix_16_0,2,38,38,A,,60.0,100,0.7503609657287598,1.5364105701446533,8.854940414428711,0.98575,,,,,,,,,,,,,,,,,,,,,16,,25,25,0,235716964,0,0,0,16,0,0.64190274477005,1.0,-3.218744993209839,1.531642198562622,34.0,0.6037836130708456,2111.125,67.03369140625,,data/instances/transfer/real_05.cip
mix_16_0,2,39,39,A,,60.0,100,0.8464392423629761,1.5232099294662476,2.573023796081543,0.98575,,,,,,,,,,,,,,,,,,,,,16,,25,25,0,235716964,0,0,0,16,0,0.7617127895355225,1.0,-2.1345252990722656,1.3362934589385986,34.0,0.6163211911916733,2111.125,67.03369140625,,data/instances/transfer/real_05.cip
mix_16_0,2,40,40,A,,60.0,100,0.9645981788635254,1.7404671907424927,5.983036041259766,0.98575,,,,,,,,,,,,,,,,,,,,,16,,25,25,0,235716964,0,0,0,16,0,0.6617332696914673,1.0,-2.7167773246765137,1.6057963371276855,34.0,0.6108932942152023,2111.125,67.03369140625,,data/instances/transfer/real_05.cip
mix_16_0,2,41,41,A,,60.0,100,1.0294257402420044,1.8901734352111816,4.396449089050293,0.9841666666666666,,,,,,,,,,,,,,,,,,,,,16,,26,26,0,243635152,0,0,0,16,0,0.6580623984336853,1.0,-2.877709150314331,1.543465495109558,55.0,0.5814599934965372,2113.83984375,67.03369140625,,data/instances/transfer/real_05.cip
mix_16_0,2,42,42,A,,60.0,100,1.062790870666504,1.7656580209732056,3.834524631500244,0.9841666666666666,,,,,,,,,,,,,,,,,,,,,16,,26,26,0,243635152,0,0,0,16,0,0.7298986315727234,1.0,-1.5302726030349731,0.9152289628982544,55.0,0.5936477612704039,2113.83984375,67.03369140625,,data/instances/transfer/real_05.cip
mix_16_0,2,43,43,A,,60.0,100,0.58404141664505,1.6139132976531982,2.1655189990997314,0.9841666666666666,,,,,,,,,,,,,,,,,,,,,16,,26,26,0,243635152,0,0,0,16,0,0.482930988073349,1.0,-2.2000794410705566,1.4834672212600708,55.0,0.6103352271020412,2113.859375,67.03369140625,,data/instances/transfer/real_05.cip
mix_16_0,2,44,44,A,,60.0,100,0.8253700137138367,1.5468237400054932,2.8331077098846436,0.9841666666666666,,,,,,,,,,,,,,,,,,,,,16,,26,26,0,243635152,0,0,0,16,0,0.6729742288589478,1.0,-2.577462911605835,1.3614628314971924,55.0,0.6172450594604015,2113.859375,67.03369140625,,data/instances/transfer/real_05.cip
mix_16_0,2,45,45,A,,60.0,100,0.635035514831543,1.7329140901565552,1.1266709566116333,0.9825833333333334,,,,,,,,,,,,,,,,,,,,,16,,27,27,0,251450180,0,0,0,16,0,0.46597057580947876,1.0,-2.2772090435028076,1.3868553638458252,36.0,0.5640640426427126,2113.890625,67.03369140625,,data/instances/transfer/real_05.cip
mix_16_0,2,46,46,A,,60.0,100,0.642951250076294,1.4871692657470703,1.4790555238723755,0.9825833333333334,,,,,,,,,,,,,,,,,,,,,16,,27,27,0,251450180,0,0,0,16,0,0.5671477317810059,1.0,-2.498497486114502,1.2398191690444946,36.0,0.5966406539082527,2113.890625,67.03369140625,,data/instances/transfer/real_05.cip
mix_16_0,2,47,47,A,,60.0,100,0.7043821811676025,1.671275019645691,2.2237627506256104,0.9825833333333334,,,,,,,,,,,,,,,,,,,,,16,,27,27,0,251450180,0,0,0,16,0,0.5423368811607361,1.0,-2.374742269515991,1.2717429399490356,36.0,0.6093114744871855,2113.890625,67.03369140625,,data/instances/transfer/real_05.cip
mix_16_0,2,48,48,A,,60.0,100,0.9503512382507324,1.7347891330718994,3.960076332092285,0.9825833333333334,,,,,,,,,,,,,,,,,,,,,16,,27,27,0,251450180,0,0,0,16,0,0.7195799946784973,1.0,-2.4624414443969727,1.32115638256073,36.0,0.6132452916353941,2113.890625,67.03369140625,,data/instances/transfer/real_05.cip
mix_16_0,2,49,49,A,,60.0,100,0.4779563248157501,1.3137283325195312,1.7177108526229858,0.981,,,,,,,,,,,,,,,,,,,,,16,,28,28,0,259265036,0,0,0,16,0,0.49792376160621643,1.0,-2.3877041339874268,1.0442098379135132,77.0,0.5739874225109816,2116.34375,67.03369140625,,data/instances/transfer/real_05.cip
mix_16_0,2,50,50,A,,60.0,100,0.620376706123352,1.248841643333435,4.373704433441162,0.981,,,,,,,,,,,,,,,,,,,,,16,,28,28,0,259265036,0,0,0,16,0,0.7406554818153381,1.0,-2.332540988922119,0.9125346541404724,77.0,0.5891288127750158,2116.34375,67.03369140625,,data/instances/transfer/real_05.cip
mix_16_0,2,51,51,A,,60.0,100,0.30604439973831177,0.983844518661499,1.7399581670761108,0.981,,,,,,,,,,,,,,,,,,,,,16,,28,28,0,259265036,0,0,0,16,0,0.48759904503822327,1.0,-2.9064114093780518,1.0307852029800415,77.0,0.6079540252685547,2116.34375,67.03369140625,,data/instances/transfer/real_05.cip
mix_16_0,2,52,52,A,,60.0,100,0.34582287073135376,0.962566614151001,2.675016403198242,0.981,,,,,,,,,,,,,,,,,,,,,16,,28,28,0,259265036,0,0,0,16,0,0.5867159962654114,1.0,-2.5096755027770996,0.8960639238357544,77.0,0.6073892656713724,2116.34375,67.03369140625,,data/instances/transfer/real_05.cip
mix_16_0,2,53,53,A,,60.0,100,0.33960771560668945,0.9421099424362183,3.3705697059631348,0.9794166666666667,,,,,,,,,,,,,,,,,,,,,16,,29,29,0,266960024,0,0,0,16,0,0.5799360275268555,1.0,-3.0480568408966064,1.0319404602050781,55.0,0.5626135412603617,2118.90234375,67.03369140625,,data/instances/transfer/real_05.cip
mix_16_0,2,54,54,A,,60.0,100,0.3498624563217163,0.9697061777114868,7.331500053405762,0.9794166666666667,,,,,,,,,,,,,,,,,,,,,16,,29,29,0,266960024,0,0,0,16,0,0.4613465666770935,1.0,-3.7951502799987793,0.9839847683906555,55.0,0.5895145367830992,2118.90234375,67.03369140625,,data/instances/transfer/real_05.cip
mix_16_0,2,55,55,A,,60.0,100,0.4299057126045227,1.430070400238037,5.366213321685791,0.9794166666666667,,,,,,,,,,,,,,,,,,,,,16,,29,29,0,266960024,0,0,0,16,0,0.3316088914871216,1.0,-3.843050718307495,1.3728463649749756,55.0,0.6009748876094818,2118.90234375,67.03369140625,,data/instances/transfer/real_05.cip
mix_16_0,2,56,56,A,,60.0,100,0.29607948660850525,0.9382741451263428,6.618011951446533,0.9794166666666667,,,,,,,,,,,,,,,,,,,,,16,,29,29,0,266960024,0,0,0,16,0,0.5113970637321472,1.0,-3.9326210021972656,1.0270893573760986,55.0,0.6099472790956497,2118.90234375,67.03369140625,,data/instances/transfer/real_05.cip
mix_16_0,2,57,57,A,,60.0,100,0.16602633893489838,0.956748902797699,2.8890011310577393,0.9778333333333333,,,,,,,,,,,,,,,,,,,,,16,,30,30,0,275021908,0,0,0,16,0,0.2749176323413849,1.0,-3.843428611755371,0.9118826985359192,233.0,0.5662682615220547,2123.37890625,67.03369140625,,data/instances/transfer/real_05.cip
mix_16_0,2,58,58,A,,60.0,100,0.17973336577415466,0.9487240314483643,2.8153200149536133,0.9778333333333333,,,,,,,,,,,,,,,,,,,,,16,,30,30,0,275021908,0,0,0,16,0,0.3016137480735779,1.0,-3.9249954223632812,1.0734732151031494,233.0,0.5927253495901823,2123.37890625,67.03369140625,,data/instances/transfer/real_05.cip
mix_16_0,2,59,59,A,,60.0,100,0.2858584523200989,0.8714462518692017,6.484663963317871,0.9778333333333333,,,,,,,,,,,,,,,,,,,,,16,,30,30,0,275021908,0,0,0,16,0,0.5543100833892822,1.0,-3.954758882522583,0.7063027024269104,233.0,0.6061188839375973,2123.37890625,67.03369140625,,data/instances/transfer/real_05.cip
mix_16_0,2,60,60,A,,60.0,100,0.23608264327049255,0.677993893623352,2.6264657974243164,0.9778333333333333,,,,,,,,,,,,,,,,,,,,,16,,30,30,0,275021908,0,0,0,16,0,0.629629909992218,1.0,-3.486708641052246,0.7663266658782959,233.0,0.6095885951071978,2123.37890625,67.03369140625,,data/instances/transfer/real_05.cip
mix_16_0,2,61,61,A,,60.0,100,0.16841694712638855,0.8207765817642212,1.3338086605072021,0.97625,,,,,,,,,,,,,,,,,,,,,16,,31,31,0,283083484,0,0,0,16,0,0.3597927391529083,1.0,-3.071877956390381,0.8833274841308594,54.0,0.421713400632143,2125.9375,67.03369140625,,data/instances/transfer/real_05.cip
mix_16_0,2,62,62,A,,60.0,100,0.34846362471580505,1.0257500410079956,3.5598981380462646,0.97625,,,,,,,,,,,,,,,,,,,,,16,,31,31,0,283083484,0,0,0,16,0,0.5732856392860413,1.0,-2.4826130867004395,0.5578910112380981,54.0,0.5441947225481272,2125.9375,67.03369140625,,data/instances/transfer/real_05.cip
mix_16_0,2,63,63,A,,60.0,100,0.269728422164917,0.7847915887832642,5.1645636558532715,0.97625,,,,,,,,,,,,,,,,,,,,,16,,31,31,0,283083484,0,0,0,16,0,0.630275547504425,1.0,-2.7963614463806152,0.6290391683578491,54.0,0.6071103569120169,2125.9453125,67.03369140625,,data/instances/transfer/real_05.cip
mix_16_0,2,64,64,A,,60.0,100,0.2725071310997009,0.8941445350646973,5.520492076873779,0.97625,,,,,,,,,,,,,,,,,,,,,16,,31,31,0,283083484,0,0,0,16,0,0.5604523420333862,1.0,-2.536224842071533,0.46465519070625305,54.0,0.6112487111240625,2125.9453125,67.03369140625,,data/instances/transfer/real_05.cip
mix_16_0,2,65,65,A,,60.0,100,0.27829569578170776,0.883155107498169,6.797077655792236,0.9746666666666667,,,,,,,,,,,,,,,,,,,,,16,,32,32,0,291025220,0,0,0,16,0,0.5342007875442505,1.0,-2.8938961029052734,0.4576124846935272,80.0,0.5709383562207222,2131.0625,67.03369140625,,data/instances/transfer/real_05.cip
mix_16_0,2,66,66,A,,60.0,100,0.13328376412391663,0.6502938270568848,4.063290119171143,0.9746666666666667,,,,,,,,,,,,,,,,,,,,,16,,32,32,0,291025220,0,0,0,16,0,0.4823043644428253,1.0,-2.958432674407959,0.40950807929039,80.0,0.5859995856881142,2131.0625,67.03369140625,,data/instances/transfer/real_05.cip
mix_16_0,2,67,67,A,,60.0,100,0.1786891669034958,0.6397494077682495,1.8791028261184692,0.9746666666666667,,,,,,,,,,,,,,,,,,,,,16,,32,32,0,291025220,0,0,0,16,0,0.5934529900550842,1.0,-3.1221258640289307,0.7019555568695068,80.0,0.6008959114551544,2131.0625,67.03369140625,,data/instances/transfer/real_05.cip
mix_16_0,2,68,68,A,,60.0,100,0.164249449968338,0.6643837690353394,2.913628101348877,0.9746666666666667,,,,,,,,,,,,,,,,,,,,,16,,32,32,0,291025220,0,0,0,16,0,0.49223950505256653,1.0,-3.7345871925354004,0.8821449875831604,80.0,0.6089507360011339,2131.0625,67.03369140625,,data/instances/transfer/real_05.cip
mix_16_0,2,69,69,A,,60.0,100,0.12530426681041718,0.7078817486763,1.909994125366211,0.9730833333333333,,,,,,,,,,,,,,,,,,,,,16,,33,33,0,299329948,0,0,0,16,0,0.30737805366516113,1.0,-4.0110602378845215,0.818596601486206,132.0,0.563294991850853,2138.86328125,67.03369140625,,data/instances/transfer/real_05.cip
mix_16_0,2,70,70,A,,60.0,100,0.24444103240966797,0.6559510231018066,4.9578537940979,0.9730833333333333,,,,,,,,,,,,,,,,,,,,,16,,33,33,0,299329948,0,0,0,16,0,0.6284487843513489,1.0,-4.035940170288086,0.8543420433998108,132.0,0.5841064285486937,2138.86328125,67.03369140625,,data/instances/transfer/real_05.cip
mix_16_0,2,71,71,A,,60.0,100,0.2672346532344818,0.813774824142456,7.481218338012695,0.9730833333333333,,,,,,,,,,,,,,,,,,,,,16,,33,33,0,299329948,0,0,0,16,0,0.5908482074737549,1.0,-4.01616096496582,0.6059867143630981,132.0,0.6049810610711575,2138.86328125,67.03369140625,,data/instances/transfer/real_05.cip
mix_16_0,2,72,72,A,,60.0,100,0.1752185970544815,0.6190749406814575,6.128195285797119,0.9730833333333333,,,,,,,,,,,,,,,,,,,,,16,,33,33,0,299329948,0,0,0,16,0,0.6318134665489197,1.0,-3.951447010040283,0.6393985748291016,132.0,0.6108671762049198,2138.86328125,67.03369140625,,data/instances/transfer/real_05.cip
mix_16_0,2,73,73,A,,60.0,100,0.14712432026863098,0.6393227577209473,4.673685073852539,0.9715,,,,,,,,,,,,,,,,,,,,,16,,34,34,0,307601460,0,0,0,16,0,0.485836923122406,1.0,-4.007946014404297,0.6306464076042175,26.0,0.5681561306118965,2141.42578125,67.03369140625,,data/instances/transfer/real_05.cip
mix_16_0,2,74,74,A,,60.0,100,0.0843549370765686,0.4185318350791931,0.333217054605484,0.9715,,,,,,,,,,,,,,,,,,,,,16,,34,34,0,307601460,0,0,0,16,0,0.5165731310844421,1.0,-3.62727689743042,0.5254296660423279,26.0,0.5782197676599026,2141.42578125,67.03369140625,,data/instances/transfer/real_05.cip
mix_16_0,2,75,75,A,,60.0,100,0.15881243348121643,0.6735614538192749,3.0331549644470215,0.9715,,,,,,,,,,,,,,,,,,,,,16,,34,34,0,307601460,0,0,0,16,0,0.47773662209510803,1.0,-3.2640557289123535,0.5503405928611755,26.0,0.6094718929380178,2141.42578125,67.03369140625,,data/instances/transfer/real_05.cip
mix_16_0,2,76,76,A,,60.0,100,0.16949579119682312,0.713248610496521,4.529880046844482,0.9715,,,,,,,,,,,,,,,,,,,,,16,,34,34,0,307601460,0,0,0,16,0,0.41655856370925903,1.0,-3.1284899711608887,0.41625678539276123,26.0,0.6234409883618355,2141.44921875,67.03369140625,,data/instances/transfer/real_05.cip
episode,2,76,76,A,,60.0,100,0.16949579119682312,0.713248610496521,4.529880046844482,0.9699166666666666,-11.018799999999999,-11.0,-0.0188,-11.018799999999999,True,12,60.042728,,,,,,,,inf,1e+20,120.0,inf,0.0,16805,16,True,36,36,0,324140472,0,0,0,16,0,,,,,81.72727272727273,,1794.46875,67.03369140625,timelimit,data/instances/transfer/real_05.cip
mix_16_0,3,77,77,A,,60.0,100,0.24787941575050354,0.8794713020324707,4.838114261627197,0.9699166666666666,,,,,,,,,,,,,,,,,,,,,16,,36,36,0,324140472,0,0,0,16,0,0.513731062412262,1.0,-2.9146764278411865,0.418849378824234,2.0,0.5983995087444782,1870.69140625,67.03369140625,,data/instances/train/real_06.cip
mix_16_0,3,78,78,A,,60.0,100,0.15783566236495972,0.9892210364341736,2.972212791442871,0.9699166666666666,,,,,,,,,,,,,,,,,,,,,16,,36,36,0,324140472,0,0,0,16,0,0.26512542366981506,1.0,-2.9435925483703613,0.36387237906455994,2.0,0.5887024849653244,1870.69140625,67.03369140625,,data/instances/train/real_06.cip
mix_16_0,3,79,79,A,,60.0,100,0.219793438911438,0.7493553161621094,5.279688835144043,0.9699166666666666,,,,,,,,,,,,,,,,,,,,,16,,36,36,0,324140472,0,0,0,16,0,0.5699476003646851,1.0,-2.9513285160064697,0.25989463925361633,2.0,0.6026715561747551,1870.69140625,67.03369140625,,data/instances/train/real_06.cip
mix_16_0,3,80,80,A,,60.0,100,0.10731662809848785,0.6281383633613586,3.288456916809082,0.9699166666666666,,,,,,,,,,,,,,,,,,,,,16,,36,36,0,324140472,0,0,0,16,0,0.37073901295661926,1.0,-3.149198532104492,0.385956734418869,2.0,0.6062347758561373,1870.69140625,67.03369140625,,data/instances/train/real_06.cip
mix_16_0,3,81,81,A,,60.0,100,0.13957065343856812,0.6250660419464111,1.6336287260055542,0.9683333333333334,,,,,,,,,,,,,,,,,,,,,16,,36,36,0,324140472,0,0,0,16,0,0.47680574655532837,1.0,-3.2922399044036865,0.36419084668159485,200.0,0.554367084056139,1870.69140625,67.03369140625,,data/instances/train/real_06.cip
mix_16_0,3,82,82,A,,60.0,100,0.09931818395853043,0.5731964707374573,4.2964982986450195,0.9683333333333334,,,,,,,,,,,,,,,,,,,,,16,,36,36,0,324140472,0,0,0,16,0,0.42858731746673584,1.0,-3.3714523315429688,0.2739650309085846,200.0,0.5787180475890636,1870.69140625,67.03369140625,,data/instances/train/real_06.cip
mix_16_0,3,83,83,A,,60.0,100,0.10833638906478882,0.41987693309783936,0.8514021039009094,0.9683333333333334,,,,,,,,,,,,,,,,,,,,,16,,36,36,0,324140472,0,0,0,16,0,0.6602513790130615,1.0,-3.773144483566284,0.3905978500843048,200.0,0.6082785464823246,1870.69140625,67.03369140625,,data/instances/train/real_06.cip
mix_16_0,3,84,84,A,,60.0,100,0.09122870117425919,0.4877373278141022,1.0241740942001343,0.9683333333333334,,,,,,,,,,,,,,,,,,,,,16,,36,36,0,324140472,0,0,0,16,0,0.3956979811191559,1.0,-3.7620296478271484,0.25947314500808716,200.0,0.5985582731664181,1870.69140625,67.03369140625,,data/instances/train/real_06.cip
mix_16_0,3,85,85,A,,60.0,100,0.14172717928886414,0.5142436027526855,3.619196653366089,0.96675,,,,,,,,,,,,,,,,,,,,,16,,37,37,0,329920276,0,0,0,16,0,0.5686327815055847,1.0,-4.030255317687988,0.3745485246181488,25.0,0.5638125091791153,1870.69140625,67.03369140625,,data/instances/train/real_06.cip
mix_16_0,3,86,86,A,,60.0,100,0.13651765882968903,0.5462127923965454,2.7664382457733154,0.96675,,,,,,,,,,,,,,,,,,,,,16,,37,37,0,329920276,0,0,0,16,0,0.41118523478507996,1.0,-3.8375792503356934,0.32054081559181213,25.0,0.5742334071546793,1870.69140625,67.03369140625,,data/instances/train/real_06.cip
mix_16_0,3,87,87,A,,60.0,100,0.24671012163162231,0.9419037699699402,6.031551361083984,0.96675,,,,,,,,,,,,,,,,,,,,,16,,37,37,0,329920276,0,0,0,16,0,0.39548128843307495,1.0,-4.06119441986084,0.40603509545326233,25.0,0.6048923507332802,1870.69140625,67.03369140625,,data/instances/train/real_06.cip
mix_16_0,3,88,88,A,,60.0,100,0.1759311556816101,0.7628907561302185,3.3170664310455322,0.96675,,,,,,,,,,,,,,,,,,,,,16,,37,37,0,329920276,0,0,0,16,0,0.39980319142341614,1.0,-3.7572712898254395,0.3371713161468506,25.0,0.6067885719239712,1870.69140625,67.03369140625,,data/instances/train/real_06.cip
mix_16_0,3,89,89,A,,60.0,100,0.11745257675647736,0.6690101623535156,2.984255075454712,0.9651666666666666,,,,,,,,,,,,,,,,,,,,,16,,38,38,0,335610844,0,0,0,16,0,0.3023764193058014,1.0,-3.7643203735351562,0.3805316090583801,98.0,0.537184089422226,1870.69921875,67.03369140625,,data/instances/train/real_06.cip
mix_16_0,3,90,90,A,,60.0,100,0.10001347213983536,0.5118573904037476,2.2459959983825684,0.9651666666666666,,,,,,,,,,,,,,,,,,,,,16,,38,38,0,335610844,0,0,0,16,0,0.38432079553604126,1.0,-3.6255621910095215,0.3614962100982666,98.0,0.5898504760116339,1870.69921875,67.03369140625,,data/instances/train/real_06.cip
mix_16_0,3,91,91,A,,60.0,100,0.08818918466567993,0.4160608649253845,1.9510480165481567,0.9651666666666666,,,,,,,,,,,,,,,,,,,,,16,,38,38,0,335610844,0,0,0,16,0,0.5584568381309509,1.0,-3.5743284225463867,0.36058786511421204,98.0,0.6046761628240347,1870.69921875,67.03369140625,,data/instances/train/real_06.cip
mix_16_0,3,92,92,A,,60.0,100,0.08205045759677887,0.40558040142059326,1.2278778553009033,0.9651666666666666,,,,,,,,,,,,,,,,,,,,,16,,38,38,0,335610844,0,0,0,16,0,0.51020747423172,1.0,-3.504455089569092,0.37154215574264526,98.0,0.6095217689871788,1870.69921875,67.03369140625,,data/instances/train/real_06.cip
mix_16_0,3,93,93,A,,60.0,100,0.19493496417999268,0.7049558758735657,4.2244791984558105,0.9635833333333333,,,,,,,,,,,,,,,,,,,,,16,,39,39,0,341185100,0,0,0,16,0,0.5111015439033508,1.0,-3.223940849304199,0.311764121055603,43.0,0.5459247976541519,1870.69921875,67.03369140625,,data/instances/train/real_06.cip
mix_16_0,3,94,94,A,,60.0,100,0.1275101602077484,0.685545802116394,2.463853359222412,0.9635833333333333,,,,,,,,,,,,,,,,,,,,,16,,39,39,0,341185100,0,0,0,16,0,0.37044161558151245,1.0,-3.179077625274658,0.27724960446357727,43.0,0.5813985336571932,1870.69921875,67.03369140625,,data/instances/train/real_06.cip
mix_16_0,3,95,95,A,,60.0,100,0.14130370318889618,0.7152873873710632,3.3014657497406006,0.9635833333333333,,,,,,,,,,,,,,,,,,,,,16,,39,39,0,341185100,0,0,0,16,0,0.41160306334495544,1.0,-3.219247341156006,0.34952491521835327,43.0,0.6002229508012533,1870.69921875,67.03369140625,,data/instances/train/real_06.cip
mix_16_0,3,96,96,A,,60.0,100,0.11192658543586731,0.6509636044502258,3.629038095474243,0.9635833333333333,,,,,,,,,,,,,,,,,,,,,16,,39,39,0,341185100,0,0,0,16,0,0.38920965790748596,1.0,-3.2677884101867676,0.2655569314956665,43.0,0.6101068891584873,1870.69921875,67.03369140625,,data/instances/train/real_06.cip
mix_16_0,3,97,97,A,,60.0,100,0.0997835174202919,0.5632480382919312,4.118204116821289,0.962,,,,,,,,,,,,,,,,,,,,,16,,40,40,0,346721392,0,0,0,16,0,0.4597596526145935,1.0,-3.3415987491607666,0.4485706686973572,221.0,0.5433926023542881,1870.71484375,67.03369140625,,data/instances/train/real_06.cip
mix_16_0,3,98,98,A,,60.0,100,0.0377354621887207,0.27069923281669617,2.2297537326812744,0.962,,,,,,,,,,,,,,,,,,,,,16,,40,40,0,346721392,0,0,0,16,0,0.5166009068489075,1.0,-3.636087656021118,0.45675259828567505,221.0,0.5898937955498695,1870.71484375,67.03369140625,,data/instances/train/real_06.cip
mix_16_0,3,99,99,A,,60.0,100,0.12866085767745972,0.5133059024810791,5.08540153503418,0.962,,,,,,,,,,,,,,,,,,,,,16,,40,40,0,346721392,0,0,0,16,0,0.6793729662895203,1.0,-3.6697607040405273,0.3628590404987335,221.0,0.604163933545351,1870.71484375,67.03369140625,,data/instances/train/real_06.cip
mix_16_0,3,100,100,A,,60.0,100,0.11957762390375137,0.6615141034126282,1.6275584697723389,0.962,,,,,,,,,,,,,,,,,,,,,16,,40,40,0,346721392,0,0,0,16,0,0.3115757405757904,1.0,-3.840611696243286,0.48485755920410156,221.0,0.6041447538882494,1870.71484375,67.03369140625,,data/instances/train/real_06.cip
mix_16_0,3,101,101,A,,60.0,100,0.1712917983531952,0.6408146619796753,2.047257423400879,0.9604166666666667,,,,,,,,,,,,,,,,,,,,,16,,41,41,0,352185448,0,0,0,16,0,0.4402904212474823,1.0,-3.8508334159851074,0.3879918158054352,126.0,0.5331179797649384,1870.71484375,67.03369140625,,data/instances/train/real_06.cip
mix_16_0,3,102,102,A,,60.0,100,0.17680723965168,0.6343609690666199,5.358414649963379,0.9604166666666667,,,,,,,,,,,,,,,,,,,,,16,,41,41,0,352185448,0,0,0,16,0,0.47157710790634155,1.0,-4.456035137176514,0.37430188059806824,126.0,0.5950163174420595,1870.71484375,67.03369140625,,data/instances/train/real_06.cip
mix_16_0,3,103,103,A,,60.0,100,0.18125829100608826,0.8232657313346863,5.570369720458984,0.9604166666666667,,,,,,,,,,,,,,,,,,,,,16,,41,41,0,352185448,0,0,0,16,0,0.33139732480049133,1.0,-4.3084821701049805,0.41262319684028625,126.0,0.6048821117728949,1870.71484375,67.03369140625,,data/instances/train/real_06.cip
mix_16_0,3,104,104,A,,60.0,100,0.19760042428970337,0.8232107758522034,4.574123859405518,0.9604166666666667,,,,,,,,,,,,,,,,,,,,,16,,41,41,0,352185448,0,0,0,16,0,0.38210925459861755,1.0,-4.2330322265625,0.48242440819740295,126.0,0.6068986225873232,1870.71484375,67.03369140625,,data/instances/train/real_06.cip
mix_16_0,3,105,105,A,,60.0,100,0.08739453554153442,0.5873429775238037,3.194465160369873,0.9588333333333333,,,,,,,,,,,,,,,,,,,,,16,,42,42,0,357489192,0,0,0,16,0,0.2872532308101654,1.0,-4.163249969482422,0.44240379333496094,230.0,0.554336728528142,1870.71484375,67.03369140625,,data/instances/train/real_06.cip
mix_16_0,3,106,106,A,,60.0,100,0.0994035005569458,0.45423614978790283,1.7055449485778809,0.9588333333333333,,,,,,,,,,,,,,,,,,,,,16,,42,42,0,357489192,0,0,0,16,0,0.4267933666706085,1.0,-4.043242454528809,0.4123542308807373,230.0,0.592593003064394,1870.71484375,67.03369140625,,data/instances/train/real_06.cip
mix_16_0,3,107,107,A,,60.0,100,0.17975658178329468,0.5435762405395508,4.640200614929199,0.9588333333333333,,,,,,,,,,,,,,,,,,,,,16,,42,42,0,357489192,0,0,0,16,0,0.6532772183418274,1.0,-4.040642261505127,0.4706435799598694,230.0,0.605024229735136,1870.71484375,67.03369140625,,data/instances/train/real_06.cip
mix_16_0,3,108,108,A,,60.0,100,0.11171027272939682,0.576616644859314,1.435471773147583,0.9588333333333333,,,,,,,,,,,,,,,,,,,,,16,,42,42,0,357489192,0,0,0,16,0,0.3735016882419586,1.0,-3.4983577728271484,0.37798836827278137,230.0,0.6053622644394636,1870.71484375,67.03369140625,,data/instances/train/real_06.cip
mix_16_0,3,109,109,A,,60.0,100,0.21017664670944214,0.7706217765808105,7.189820766448975,0.95725,,,,,,,,,,,,,,,,,,,,,16,,43,43,0,362717888,0,0,0,16,0,0.4706501364707947,1.0,-3.392791748046875,0.34623387455940247,12.0,0.5512896403670311,1870.71484375,67.03369140625,,data/instances/train/real_06.cip
mix_16_0,3,110,110,A,,60.0,100,0.20167756080627441,0.8173614144325256,4.016551971435547,0.95725,,,,,,,,,,,,,,,,,,,,,16,,43,43,0,362717888,0,0,0,16,0,0.5044848322868347,1.0,-3.254498243331909,0.3500059247016907,12.0,0.5777950454503298,1870.71484375,67.03369140625,,data/instances/train/real_06.cip
mix_16_0,3,111,111,A,,60.0,100,0.1889057755470276,0.7555779218673706,5.914150714874268,0.95725,,,,,,,,,,,,,,,,,,,,,16,,43,43,0,362717888,0,0,0,16,0,0.5570608973503113,1.0,-3.2485289573669434,0.3902634382247925,12.0,0.6019329335540533,1870.71484375,67.03369140625,,data/instances/train/real_06.cip
mix_16_0,3,112,112,A,,60.0,100,0.13184592127799988,0.59076988697052,4.981245517730713,0.95725,,,,,,,,,,,,,,,,,,,,,16,,43,43,0,362717888,0,0,0,16,0,0.5476111173629761,1.0,-3.4710707664489746,0.36975333094596863,12.0,0.6085887234658003,1870.71484375,67.03369140625,,data/instances/train/real_06.cip
mix_16_0,3,113,113,A,,60.0,100,0.06200423836708069,0.45048314332962036,2.602898359298706,0.9556666666666667,,,,,,,,,,,,,,,,,,,,,16,,44,44,0,367813604,0,0,0,16,0,0.4079056680202484,1.0,-3.5651605129241943,0.38745787739753723,112.0,0.5527043361216784,1870.71484375,67.03369140625,,data/instances/train/real_06.cip
mix_16_0,3,114,114,A,,60.0,100,0.1084442138671875,0.40894240140914917,0.781836211681366,0.9556666666666667,,,,,,,,,,,,,,,,,,,,,16,,44,44,0,367813604,0,0,0,16,0,0.6335915327072144,1.0,-3.7094035148620605,0.27730080485343933,112.0,0.5816096588969231,1870.71484375,67.03369140625,,data/instances/train/real_06.cip
mix_16_0,3,115,115,A,,60.0,100,0.059168655425310135,0.3404545187950134,0.8721699118614197,0.9556666666666667,,,,,,,,,,,,,,,,,,,,,16,,44,44,0,367813604,0,0,0,16,0,0.4990362226963043,1.0,-4.077980041503906,0.4988551437854767,112.0,0.6013219114392996,1870.71484375,67.03369140625,,data/instances/train/real_06.cip
mix_16_0,3,116,116,A,,60.0,100,0.05958075448870659,0.43037962913513184,1.5612359046936035,0.9556666666666667,,,,,,,,,,,,,,,,,,,,,16,,44,44,0,367813604,0,0,0,16,0,0.3656078279018402,1.0,-4.110235691070557,0.5218544602394104,112.0,0.6057920753955841,1870.71484375,67.03369140625,,data/instances/train/real_06.cip
mix_16_0,3,117,117,A,,60.0,100,0.10897310078144073,0.45634979009628296,2.79264235496521,0.9540833333333334,,,,,,,,,,,,,,,,,,,,,16,,45,45,0,372862572,0,0,0,16,0,0.5425469279289246,1.0,-4.284483432769775,0.5413429737091064,97.0,0.5473276805132627,1870.71875,67.03369140625,,data/instances/train/real_06.cip
mix_16_0,3,118,118,A,,60.0,100,0.09356284141540527,0.5034875273704529,1.90081787109375,0.9540833333333334,,,,,,,,,,,,,,,,,,,,,16,,45,45,0,372862572,0,0,0,16,0,0.371266633272171,1.0,-4.326988220214844,0.5725547075271606,97.0,0.5805213209241629,1870.71875,67.03369140625,,data/instances/train/real_06.cip
mix_16_0,3,119,119,A,,60.0,100,0.15138933062553406,0.5268653035163879,3.6601336002349854,0.9540833333333334,,,,,,,,,,,,,,,,,,,,,16,,45,45,0,372862572,0,0,0,16,0,0.5620983242988586,1.0,-4.4518327713012695,0.4066346287727356,97.0,0.6085649840533733,1870.71875,67.03369140625,,data/instances/train/real_06.cip
mix_16_0,3,120,120,A,,60.0,100,0.06691618263721466,0.567875325679779,2.067521333694458,0.9540833333333334,,,,,,,,,,,,,,,,,,,,,16,,45,45,0,372862572,0,0,0,16,0,0.20705875754356384,1.0,-4.171623229980469,0.4850790500640869,97.0,0.6125351805239916,1870.71875,67.03369140625,,data/instances/train/real_06.cip
mix_16_0,3,121,121,A,,60.0,100,0.10126593708992004,0.47787874937057495,1.3761212825775146,0.9525,,,,,,,,,,,,,,,,,,,,,16,,46,46,0,377835336,0,0,0,16,0,0.3966437876224518,1.0,-4.16993522644043,0.4093070328235626,54.0,0.5374143291264772,1870.71875,67.03369140625,,data/instances/train/real_06.cip
mix_16_0,3,122,122,A,,60.0,100,0.0689687579870224,0.5434364676475525,2.46173095703125,0.9525,,,,,,,,,,,,,,,,,,,,,16,,46,46,0,377835336,0,0,0,16,0,0.2649626135826111,1.0,-4.101188659667969,0.35750681161880493,54.0,0.5833801403641701,1870.71875,67.03369140625,,data/instances/train/real_06.cip
mix_16_0,3,123,123,A,,60.0,100,0.018810637295246124,0.19949424266815186,0.5588038563728333,0.9525,,,,,,,,,,,,,,,,,,,,,16,,46,46,0,377835336,0,0,0,16,0,0.39217624068260193,1.0,-4.0582475662231445,0.4295727014541626,54.0,0.6033236496150494,1870.71875,67.03369140625,,data/instances/train/real_06.cip
mix_16_0,3,124,124,A,,60.0,100,0.09096690267324448,0.42150217294692993,1.7340878248214722,0.9525,,,,,,,,,,,,,,,,,,,,,16,,46,46,0,377835336,0,0,0,16,0,0.5562519431114197,1.0,-3.924625873565674,0.4522901177406311,54.0,0.6069794613867998,1870.71875,67.03369140625,,data/instances/train/real_06.cip
mix_16_0,3,125,125,A,,60.0,100,0.057851359248161316,0.4361265301704407,1.687408685684204,0.9509166666666666,,,,,,,,,,,,,,,,,,,,,16,,47,47,0,382783600,0,0,0,16,0,0.32442158460617065,1.0,-3.8317229747772217,0.5043030977249146,189.0,0.5420993734151125,1870.71875,67.03369140625,,data/instances/train/real_06.cip
mix_16_0,3,126,126,A,,60.0,100,0.11076705902814865,0.5319153070449829,2.92338228225708,0.9509166666666666,,,,,,,,,,,,,,,,,,,,,16,,47,47,0,382783600,0,0,0,16,0,0.4619705080986023,1.0,-3.921841621398926,0.4199293851852417,189.0,0.5831793639808893,1870.71875,67.03369140625,,data/instances/train/real_06.cip
mix_16_0,3,127,127,A,,60.0,100,0.13078993558883667,0.6342618465423584,0.5922070741653442,0.9509166666666666,,,,,,,,,,,,,,,,,,,,,16,,47,47,0,382783600,0,0,0,16,0,0.4197324216365814,1.0,-3.632155656814575,0.2698928415775299,189.0,0.6033244766294956,1870.71875,67.03369140625,,data/instances/train/real_06.cip
mix_16_0,3,128,128,A,,60.0,100,0.1118897944688797,0.5912024974822998,4.363986968994141,0.9509166666666666,,,,,,,,,,,,,,,,,,,,,16,,47,47,0,382783600,0,0,0,16,0,0.4892466366291046,1.0,-3.870152473449707,0.42495837807655334,189.0,0.606902752071619,1870.71875,67.03369140625,,data/instances/train/real_06.cip
mix_16_0,3,129,129,A,,60.0,100,0.06936465203762054,0.487954318523407,1.8924883604049683,0.9493333333333334,,,,,,,,,,,,,,,,,,,,,16,,48,48,0,387727928,0,0,0,16,0,0.4351481795310974,1.0,-3.6958746910095215,0.28719133138656616,12.0,0.5418074410408735,1870.765625,67.03369140625,,data/instances/train/real_06.cip
mix_16_0,3,130,130,A,,60.0,100,0.061986763030290604,0.5096143484115601,0.8638169169425964,0.9493333333333334,,,,,,,,,,,,,,,,,,,,,16,,48,48,0,387727928,0,0,0,16,0,0.31070882081985474,1.0,-3.85701847076416,0.4181510806083679,12.0,0.5805541984736919,1870.765625,67.03369140625,,data/instances/train/real_06.cip
mix_16_0,3,131,131,A,,60.0,100,0.023564137518405914,0.3077506422996521,0.571603536605835,0.9493333333333334,,,,,,,,,,,,,,,,,,,,,16,,48,48,0,387727928,0,0,0,16,0,0.24713417887687683,1.0,-3.9139819145202637,0.37114226818084717,12.0,0.5978142153471708,1870.765625,67.03369140625,,data/instances/train/real_06.cip
mix_16_0,3,132,132,A,,60.0,100,0.10618123412132263,0.552527904510498,2.7435836791992188,0.9493333333333334,,,,,,,,,,,,,,,,,,,,,16,,48,48,0,387727928,0,0,0,16,0,0.3865012526512146,1.0,-3.9682445526123047,0.37466931343078613,12.0,0.5934996195137501,1870.765625,67.03369140625,,data/instances/train/real_06.cip
mix_16_0,3,133,133,A,,60.0,100,0.11048872768878937,0.3848830461502075,0.5069037079811096,0.94775,,,,,,,,,,,,,,,,,,,,,16,,49,49,0,392597844,0,0,0,16,0,0.6460673213005066,1.0,-4.1349196434021,0.4014343321323395,216.0,0.5379207413643599,1870.765625,67.03369140625,,data/instances/train/real_06.cip
mix_16_0,3,134,134,A,,60.0,100,0.21179653704166412,0.6936588883399963,4.504616737365723,0.94775,,,,,,,,,,,,,,,,,,,,,16,,49,49,0,392597844,0,0,0,16,0,0.5146483778953552,1.0,-3.887363910675049,0.23802228271961212,216.0,0.5754549950361252,1870.765625,67.03369140625,,data/instances/train/real_06.cip
mix_16_0,3,135,135,A,,60.0,100,0.06567230075597763,0.3748553991317749,2.354203701019287,0.94775,,,,,,,,,,,,,,,,,,,,,16,,49,49,0,392597844,0,0,0,16,0,0.5677551031112671,1.0,-4.088364601135254,0.41203179955482483,216.0,0.6051074285060167,1870.765625,67.03369140625,,data/instances/train/real_06.cip
mix_16_0,3,136,136,A,,60.0,100,0.19056767225265503,0.6948643326759338,4.377236843109131,0.94775,,,,,,,,,,,,,,,,,,,,,16,,49,49,0,392597844,0,0,0,16,0,0.528902530670166,1.0,-3.9682319164276123,0.295265793800354,216.0,0.6079303473234177,1870.765625,67.03369140625,,data/instances/train/real_06.cip
mix_16_0,3,137,137,A,,60.0,100,0.0493062287569046,0.592943549156189,1.0974160432815552,0.9461666666666667,,,,,,,,,,,,,,,,,,,,,16,,50,50,0,397275704,0,0,0,16,0,0.16755682229995728,1.0,-3.7607359886169434,0.19791553914546967,1.0,0.5221515018492937,1870.96875,67.03369140625,,data/instances/train/real_06.cip
mix_16_0,3,138,138,A,,60.0,100,0.13668107986450195,0.6354910135269165,3.3403732776641846,0.9461666666666667,,,,,,,,,,,,,,,,,,,,,16,,50,50,0,397275704,0,0,0,16,0,0.47491729259490967,1.0,-3.6591763496398926,0.2402588427066803,1.0,0.5848174374550581,1870.96875,67.03369140625,,data/instances/train/real_06.cip
mix_16_0,3,139,139,A,,60.0,100,0.09909817576408386,0.5875884294509888,2.9332752227783203,0.9461666666666667,,,,,,,,,,,,,,,,,,,,,16,,50,50,0,397275704,0,0,0,16,0,0.3618038296699524,1.0,-3.7274184226989746,0.3403088450431824,1.0,0.6022500302642584,1870.96875,67.03369140625,,data/instances/train/real_06.cip
mix_16_0,3,140,140,A,,60.0,100,0.08969913423061371,0.6340866088867188,1.2629237174987793,0.9461666666666667,,,,,,,,,,,,,,,,,,,,,16,,50,50,0,397275704,0,0,0,16,0,0.35940274596214294,1.0,-3.8407082557678223,0.3705396354198456,1.0,0.606794036924839,1870.96875,67.03369140625,,data/instances/train/real_06.cip
episode,3,140,140,A,,60.0,100,0.08969913423061371,0.6340866088867188,1.2629237174987793,0.9445833333333333,-16.107699999999998,-16.0,-0.1077,-16.107699999999998,True,17,60.337994,,,,,,,,inf,0.025280562733891204,120.0,12.734664,0.0,8542,16,True,52,52,0,406629820,0,0,0,16,0,,,,,102.375,,1870.96875,67.03369140625,timelimit,data/instances/train/real_06.cip
mix_16_0,4,141,141,A,,60.0,100,0.08951780945062637,0.5312317609786987,0.6025683283805847,0.9445833333333333,,,,,,,,,,,,,,,,,,,,,16,,52,52,0,406629820,0,0,0,16,0,0.4006510376930237,1.0,-3.8457322120666504,0.35235628485679626,1.0,0.5551211405545473,2044.44140625,67.03369140625,,data/instances/train/real_07.cip
mix_16_0,4,142,142,A,,60.0,100,0.1536310613155365,0.5823938846588135,2.633751392364502,0.9445833333333333,,,,,,,,,,,,,,,,,,,,,16,,52,52,0,406629820,0,0,0,16,0,0.6701335906982422,1.0,-3.84883975982666,0.3096453547477722,1.0,0.5626331921666861,2044.44140625,67.03369140625,,data/instances/train/real_07.cip
mix_16_0,4,143,143,A,,60.0,100,0.1085464209318161,0.5937080383300781,2.2974915504455566,0.9445833333333333,,,,,,,,,,,,,,,,,,,,,16,,52,52,0,406629820,0,0,0,16,0,0.4081405997276306,1.0,-3.888608932495117,0.23876966536045074,1.0,0.5921463090926409,2044.44140625,67.03369140625,,data/instances/train/real_07.cip
mix_16_0,4,144,144,A,,60.0,100,0.09623783081769943,0.5545112490653992,0.36290884017944336,0.9445833333333333,,,,,,,,,,,,,,,,,,,,,16,,52,52,0,406629820,0,0,0,16,0,0.3391968607902527,1.0,-3.909773349761963,0.24025391042232513,1.0,0.6068504527211189,2044.44140625,67.03369140625,,data/instances/train/real_07.cip
mix_16_0,4,145,145,A,,60.0,100,0.13771703839302063,0.5793213248252869,1.7344123125076294,0.9430000000000001,,,,,,,,,,,,,,,,,,,,,16,,52,52,0,406629820,0,0,0,16,0,0.3956959545612335,1.0,-3.9660305976867676,0.21603907644748688,121.0,0.523271482437849,2050.3671875,67.03369140625,,data/instances/train/real_07.cip
mix_16_0,4,146,146,A,,60.0,100,0.0564020611345768,0.3503747582435608,0.5959550142288208,0.9430000000000001,,,,,,,,,,,,,,,,,,,,,16,,52,52,0,406629820,0,0,0,16,0,0.39257317781448364,1.0,-4.226591110229492,0.24803945422172546,121.0,0.5056196451187134,2050.3671875,67.03369140625,,data/instances/train/real_07.cip
mix_16_0,4,147,147,A,,60.0,100,0.17667865753173828,0.5423975586891174,3.6209609508514404,0.9430000000000001,,,,,,,,,,,,,,,,,,,,,16,,52,52,0,406629820,0,0,0,16,0,0.5543271899223328,1.0,-4.392398834228516,0.3959953486919403,121.0,0.5978858284652233,2050.3671875,67.03369140625,,data/instances/train/real_07.cip
mix_16_0,4,148,148,A,,60.0,100,0.14945681393146515,0.7471312284469604,3.675966262817383,0.9430000000000001,,,,,,,,,,,,,,,,,,,,,16,,52,52,0,406629820,0,0,0,16,0,0.3266248106956482,1.0,-4.393193244934082,0.45427006483078003,121.0,0.6023900508880615,2050.3671875,67.03369140625,,data/instances/train/real_07.cip
mix_16_0,4,149,149,A,,60.0,100,0.11050888895988464,0.6336932182312012,1.5665229558944702,0.9414166666666667,,,,,,,,,,,,,,,,,,,,,16,,53,53,0,415081820,0,0,0,16,0,0.30468857288360596,1.0,-4.20625114440918,0.32802629470825195,141.0,0.5230923984199762,2055.33203125,67.03369140625,,data/instances/train/real_07.cip
mix_16_0,4,150,150,A,,60.0,100,0.0930648148059845,0.7153310775756836,2.4642505645751953,0.9414166666666667,,,,,,,,,,,,,,,,,,,,,16,,53,53,0,415081820,0,0,0,16,0,0.23952747881412506,1.0,-4.3200225830078125,0.42610785365104675,141.0,0.5839444193989038,2055.33203125,67.03369140625,,data/instances/train/real_07.cip
mix_16_0,4,151,151,A,,60.0,100,0.065917007625103,0.5489168167114258,0.5303581357002258,0.9414166666666667,,,,,,,,,,,,,,,,,,,,,16,,53,53,0,415081820,0,0,0,16,0,0.23515309393405914,1.0,-4.02521276473999,0.322507381439209,141.0,0.6025585662573576,2055.33203125,67.03369140625,,data/instances/train/real_07.cip
mix_16_0,4,152,152,A,,60.0,100,0.13149037957191467,0.755922794342041,0.92786705493927,0.9414166666666667,,,,,,,,,,,,,,,,,,,,,16,,53,53,0,415081820,0,0,0,16,0,0.30851680040359497,1.0,-3.857217788696289,0.2784063220024109,141.0,0.6003449149429798,2055.33203125,67.03369140625,,data/instances/train/real_07.cip
mix_16_0,4,153,153,A,,60.0,100,0.2381933331489563,0.8652094006538391,1.1681016683578491,0.9398333333333333,,,,,,,,,,,,,,,,,,,,,16,,54,54,0,423566992,0,0,0,16,0,0.5344462394714355,1.0,-3.99599027633667,0.3596421480178833,84.0,0.5122446678578854,2058.296875,67.03369140625,,data/instances/train/real_07.cip
mix_16_0,4,154,154,A,,60.0,100,0.08508483320474625,0.5656157732009888,1.098479151725769,0.9398333333333333,,,,,,,,,,,,,,,,,,,,,16,,54,54,0,423566992,0,0,0,16,0,0.3491910994052887,1.0,-3.8348376750946045,0.35092803835868835,84.0,0.5766081847250462,2058.296875,67.03369140625,,data/instances/train/real_07.cip
mix_16_0,4,155,155,A,,60.0,100,0.10261841118335724,0.5335743427276611,1.4565277099609375,0.9398333333333333,,,,,,,,,,,,,,,,,,,,,16,,54,54,0,423566992,0,0,0,16,0,0.47792816162109375,1.0,-3.8886256217956543,0.32699522376060486,84.0,0.6043493691831827,2058.296875,67.03369140625,,data/instances/train/real_07.cip
mix_16_0,4,156,156,A,,60.0,100,0.11064934730529785,0.6771553158760071,2.0848467350006104,0.9398333333333333,,,,,,,,,,,,,,,,,,,,,16,,54,54,0,423566992,0,0,0,16,0,0.35158342123031616,1.0,-3.9817585945129395,0.303064227104187,84.0,0.6034239791333675,2058.296875,67.03369140625,,data/instances/train/real_07.cip
mix_16_0,4,157,157,A,,60.0,100,0.0371098667383194,0.3667221665382385,2.4662821292877197,0.93825,,,,,,,,,,,,,,,,,,,,,16,,55,55,0,432099948,0,0,0,16,0,0.33797141909599304,1.0,-3.923858165740967,0.20271846652030945,223.0,0.5364602003246546,2062.6328125,67.03369140625,,data/instances/train/real_07.cip
mix_16_0,4,158,158,A,,60.0,100,0.07409258186817169,0.5008522272109985,0.6220322251319885,0.93825,,,,,,,,,,,,,,,,,,,,,16,,55,55,0,432099948,0,0,0,16,0,0.35119161009788513,1.0,-3.831491231918335,0.17781755328178406,223.0,0.5999803859740496,2062.6328125,67.03369140625,,data/instances/train/real_07.cip
mix_16_0,4,159,159,A,,60.0,100,0.1152699887752533,0.5575182437896729,4.006369113922119,0.93825,,,,,,,,,,,,,,,,,,,,,16,,55,55,0,432099948,0,0,0,16,0,0.5074443221092224,1.0,-4.037146091461182,0.24802584946155548,223.0,0.6146326009184122,2062.6328125,67.03369140625,,data/instances/train/real_07.cip
mix_16_0,4,160,160,A,,60.0,100,0.1364666372537613,0.47821927070617676,1.536759376525879,0.93825,,,,,,,,,,,,,,,,,,,,,16,,55,55,0,432099948,0,0,0,16,0,0.6323028206825256,1.0,-4.1952409744262695,0.28450554609298706,223.0,0.6023592408746481,2062.6328125,67.03369140625,,data/instances/train/real_07.cip
mix_16_0,4,161,161,A,,60.0,100,0.08449375629425049,0.4720005989074707,0.8727440237998962,0.9366666666666666,,,,,,,,,,,,,,,,,,,,,16,,56,56,0,440634012,0,0,0,16,0,0.35865283012390137,1.0,-4.209238529205322,0.3025969862937927,22.0,0.5259948708117008,2069.55859375,67.03369140625,,data/instances/train/real_07.cip
mix_16_0,4,162,162,A,,60.0,100,0.07589469105005264,0.49130234122276306,2.4548873901367188,0.9366666666666666,,,,,,,,,,,,,,,,,,,,,16,,56,56,0,440634012,0,0,0,16,0,0.2974342107772827,1.0,-4.419778347015381,0.30138227343559265,22.0,0.5846017692238092,2069.55859375,67.03369140625,,data/instances/train/real_07.cip
mix_16_0,4,163,163,A,,60.0,100,0.15752822160720825,0.5930081605911255,3.7919137477874756,0.9366666666666666,,,,,,,,,,,,,,,,,,,,,16,,56,56,0,440634012,0,0,0,16,0,0.46931174397468567,1.0,-4.344119071960449,0.33488017320632935,22.0,0.6022193785756826,2069.55859375,67.03369140625,,data/instances/train/real_07.cip
mix_16_0,4,164,164,A,,60.0,100,0.1218184232711792,0.6337364912033081,2.511864185333252,0.9366666666666666,,,,,,,,,,,,,,,,,,,,,16,,56,56,0,440634012,0,0,0,16,0,0.3224271535873413,1.0,-4.383127689361572,0.24325288832187653,22.0,0.6025915611535311,2069.55859375,67.03369140625,,data/instances/train/real_07.cip
mix_16_0,4,165,165,A,,60.0,100,0.10384607315063477,0.476092666387558,4.074080944061279,0.9350833333333334,,,,,,,,,,,,,,,,,,,,,16,,57,57,0,449171212,0,0,0,16,0,0.5400210618972778,1.0,-4.423710346221924,0.3449723720550537,187.0,0.5160047989338636,2071.05859375,67.03369140625,,data/instances/train/real_07.cip
mix_16_0,4,166,166,A,,60.0,100,0.15791700780391693,0.5867189168930054,1.7703914642333984,0.9350833333333334,,,,,,,,,,,,,,,,,,,,,16,,57,57,0,449171212,0,0,0,16,0,0.5397464036941528,1.0,-4.361968040466309,0.37697094678878784,187.0,0.5921299643814564,2071.16796875,67.03369140625,,data/instances/train/real_07.cip
mix_16_0,4,167,167,A,,60.0,100,0.09763936698436737,0.6043829917907715,0.3069373071193695,0.9350833333333334,,,,,,,,,,,,,,,,,,,,,16,,57,57,0,449171212,0,0,0,16,0,0.3232119381427765,1.0,-4.085867404937744,0.2689673602581024,187.0,0.6021136529743671,2071.16796875,67.03369140625,,data/instances/train/real_07.cip
mix_16_0,4,168,168,A,,60.0,100,0.07872743159532547,0.5603066086769104,2.6709330081939697,0.9350833333333334,,,,,,,,,,,,,,,,,,,,,16,,57,57,0,449171212,0,0,0,16,0,0.30372485518455505,1.0,-4.050516605377197,0.2950640022754669,187.0,0.6052307151257992,2071.16796875,67.03369140625,,data/instances/train/real_07.cip
mix_16_0,4,169,169,A,,60.0,100,0.0634777694940567,0.5320717096328735,2.8493173122406006,0.9335,,,,,,,,,,,,,,,,,,,,,16,,58,58,0,457748268,0,0,0,16,0,0.2721498906612396,1.0,-4.060142517089844,0.28576144576072693,42.0,0.5519082695245743,2074.46875,67.03369140625,,data/instances/train/real_07.cip
mix_16_0,4,170,170,A,,60.0,100,0.1516992747783661,0.6563199758529663,2.9464118480682373,0.9335,,,,,,,,,,,,,,,,,,,,,16,,58,58,0,457748268,0,0,0,16,0,0.476540744304657,1.0,-3.8470702171325684,0.20345355570316315,42.0,0.5730920098721981,2074.46875,67.03369140625,,data/instances/train/real_07.cip
mix_16_0,4,171,171,A,,60.0,100,0.057048432528972626,0.5112378597259521,2.449800729751587,0.9335,,,,,,,,,,,,,,,,,,,,,16,,58,58,0,457748268,0,0,0,16,0,0.2334294319152832,1.0,-3.9887843132019043,0.3136841654777527,42.0,0.601423742249608,2074.46875,67.03369140625,,data/instances/train/real_07.cip
mix_16_0,4,172,172,A,,60.0,100,0.06941297650337219,0.6009409427642822,0.9126841425895691,0.9335,,,,,,,,,,,,,,,,,,,,,16,,58,58,0,457748268,0,0,0,16,0,0.27221205830574036,1.0,-3.944310188293457,0.328052818775177,42.0,0.6040087509900331,2074.46875,67.03369140625,,data/instances/train/real_07.cip
mix_16_0,4,173,173,A,,60.0,100,0.10671831667423248,0.5054329037666321,2.1264829635620117,0.9319166666666667,,,,,,,,,,,,,,,,,,,,,16,,59,59,0,466195576,0,0,0,16,0,0.5092594623565674,1.0,-3.9481780529022217,0.28726693987846375,25.0,0.5265797767788172,2080.78125,67.03369140625,,data/instances/train/real_07.cip
mix_16_0,4,174,174,A,,60.0,100,0.15461334586143494,0.5789874196052551,5.312581539154053,0.9319166666666667,,,,,,,,,,,,,,,,,,,,,16,,59,59,0,466195576,0,0,0,16,0,0.6638425588607788,1.0,-4.312115669250488,0.2608659267425537,25.0,0.5842670258134604,2080.78125,67.03369140625,,data/instances/train/real_07.cip
mix_16_0,4,175,175,A,,60.0,100,0.0650881677865982,0.5242676734924316,0.4674442410469055,0.9319166666666667,,,,,,,,,,,,,,,,,,,,,16,,59,59,0,466195576,0,0,0,16,0,0.2541056275367737,1.0,-4.353472709655762,0.22856789827346802,25.0,0.6008531767874956,2080.98046875,67.03369140625,,data/instances/train/real_07.cip
mix_16_0,4,176,176,A,,60.0,100,0.07774071395397186,0.3584359288215637,2.4586315155029297,0.9319166666666667,,,,,,,,,,,,,,,,,,,,,16,,59,59,0,466195576,0,0,0,16,0,0.46464526653289795,1.0,-4.560993194580078,0.2526949644088745,25.0,0.6033360417932272,2080.98046875,67.03369140625,,data/instances/train/real_07.cip
mix_16_0,4,177,177,A,,60.0,100,0.2948305010795593,0.7999355792999268,4.457879543304443,0.9303333333333333,,,,,,,,,,,,,,,,,,,,,13,,62,62,0,478814976,0,0,0,16,0,0.5166941285133362,1.0,-4.600467681884766,0.3310651481151581,1.0,0.6160974204540253,2080.98046875,67.03369140625,,data/instances/train/real_07.cip
mix_16_0,4,178,178,A,,60.0,100,0.40008822083473206,0.9494726061820984,6.026793479919434,0.9303333333333333,,,,,,,,,,,,,,,,,,,,,14,,62,62,0,478814976,0,0,0,16,0,0.5482161045074463,1.0,-4.50331449508667,0.22521644830703735,1.0,0.602476803585887,2080.98046875,67.03369140625,,data/instances/train/real_07.cip
mix_16_0,4,179,179,A,,60.0,100,0.4027695655822754,1.7473156452178955,3.527299165725708,0.9303333333333333,,,,,,,,,,,,,,,,,,,,,8,,62,62,0,478814976,0,0,0,16,0,0.2666192948818207,1.0,-4.346424102783203,0.14413297176361084,1.0,0.5483293496072292,2080.98046875,67.03369140625,,data/instances/train/real_07.cip
mix_16_0,4,180,180,A,,60.0,100,0.24096640944480896,1.0953443050384521,0.30849945545196533,0.9303333333333333,,,,,,,,,,,,,,,,,,,,,13,,62,62,0,478814976,0,0,0,16,0,0.2781304717063904,1.0,-4.338349342346191,0.24160301685333252,1.0,0.6062125340104103,2080.98046875,67.03369140625,,data/instances/train/real_07.cip
episode,4,180,180,A,,60.0,100,0.24096640944480896,1.0953443050384521,0.30849945545196533,0.92875,-9.078100000000001,-9.0,-0.0781,-9.078100000000001,True,10,49.326462,,,,,,,,inf,0.0,49.326462,49.326462,1.0,10468,13,False,62,62,0,478814976,0,0,0,16,0,,,,,84.7,,1980.46484375,67.03369140625,optimal,data/instances/train/real_07.cip
mix_16_0,5,181,181,A,,60.0,100,0.23411740362644196,1.1403717994689941,1.6948271989822388,0.92875,,,,,,,,,,,,,,,,,,,,,13,,62,62,0,478814976,0,0,0,16,0,0.25640174746513367,1.0,-4.244727611541748,0.3509754538536072,636.0,0.5119186658412218,2120.95703125,67.03369140625,,data/instances/transfer/real_01.cip
mix_16_0,5,182,182,A,,60.0,100,0.26982933282852173,1.0783487558364868,1.0513620376586914,0.92875,,,,,,,,,,,,,,,,,,,,,11,,62,62,0,478814976,0,0,0,16,0,0.2998480796813965,1.0,-4.0759477615356445,0.36405232548713684,636.0,0.47187042236328125,2120.95703125,67.03369140625,,data/instances/transfer/real_01.cip
mix_16_0,5,183,183,A,,60.0,100,0.1527605503797531,0.8672996163368225,0.9499682188034058,0.92875,,,,,,,,,,,,,,,,,,,,,12,,62,62,0,478814976,0,0,0,16,0,0.25537675619125366,1.0,-4.029984474182129,0.38295355439186096,636.0,0.4821251817047596,2120.95703125,67.03369140625,,data/instances/transfer/real_01.cip
mix_16_0,5,184,184,A,,60.0,100,0.36389926075935364,1.3147794008255005,0.6166955232620239,0.92875,,,,,,,,,,,,,,,,,,,,,12,,62,62,0,478814976,0,0,0,16,0,0.36037173867225647,1.0,-3.8139841556549072,0.3536900579929352,636.0,0.46927531622350216,2120.95703125,67.03369140625,,data/instances/transfer/real_01.cip
mix_16_0,5,185,185,A,,60.0,100,0.18938994407653809,0.8548771142959595,5.743033409118652,0.9271666666666667,,,,,,,,,,,,,,,,,,,,,15,,62,62,0,478814976,0,0,0,16,0,0.2979828715324402,1.0,-3.8603246212005615,0.2732742130756378,650.0,0.5216608513146639,2128.9921875,67.03369140625,,data/instances/transfer/real_01.cip
mix_16_0,5,186,186,A,,60.0,100,0.22204726934432983,0.8044692277908325,6.290349006652832,0.9271666666666667,,,,,,,,,,,,,,,,,,,,,15,,62,62,0,478814976,0,0,0,16,0,0.4570063650608063,1.0,-3.7805094718933105,0.1851145476102829,650.0,0.5068698916584253,2128.9921875,67.03369140625,,data/instances/transfer/real_01.cip
mix_16_0,5,187,187,A,,60.0,100,0.43711304664611816,1.171987771987915,5.179535865783691,0.9271666666666667,,,,,,,,,,,,,,,,,,,,,13,,62,62,0,478814976,0,0,0,16,0,0.5257024765014648,1.0,-4.0392842292785645,0.2688198983669281,650.0,0.505845570936799,2128.9921875,67.03369140625,,data/instances/transfer/real_01.cip
mix_16_0,5,188,188,A,,60.0,100,0.08260715752840042,0.6225067377090454,0.9431369304656982,0.9271666666666667,,,,,,,,,,,,,,,,,,,,,15,,62,62,0,478814976,0,0,0,16,0,0.20495212078094482,1.0,-4.358674049377441,0.29599982500076294,650.0,0.5226008426398039,2128.9921875,67.03369140625,,data/instances/transfer/real_01.cip
mix_16_0,5,189,189,A,,60.0,100,0.1870650351047516,0.6220113039016724,0.6018752455711365,0.9255833333333333,,,,,,,,,,,,,,,,,,,,,15,,63,63,0,489087140,0,0,0,16,0,0.4162985682487488,1.0,-4.486268997192383,0.29370763897895813,1.0,0.4862852431833744,2132.61328125,67.03369140625,,data/instances/transfer/real_01.cip
mix_16_0,5,190,190,A,,60.0,100,0.3362879157066345,1.0828056335449219,2.524944305419922,0.9255833333333333,,,,,,,,,,,,,,,,,,,,,13,,63,63,0,489087140,0,0,0,16,0,0.3959905207157135,1.0,-4.699769020080566,0.348271906375885,1.0,0.511597165837884,2132.61328125,67.03369140625,,data/instances/transfer/real_01.cip
mix_16_0,5,191,191,A,,60.0,100,0.24024496972560883,0.7056938409805298,3.6168088912963867,0.9255833333333333,,,,,,,,,,,,,,,,,,,,,14,,63,63,0,489087140,0,0,0,16,0,0.4199005663394928,1.0,-4.6985764503479,0.33250901103019714,1.0,0.48750401102006435,2132.61328125,67.03369140625,,data/instances/transfer/real_01.cip
mix_16_0,5,192,192,A,,60.0,100,0.4478479027748108,1.4885540008544922,6.0775580406188965,0.9255833333333333,,,,,,,,,,,,,,,,,,,,,12,,63,63,0,489087140,0,0,0,16,0,0.3382713496685028,1.0,-4.74633264541626,0.40159139037132263,1.0,0.4749793317168951,2132.61328125,67.03369140625,,data/instances/transfer/real_01.cip
mix_16_0,5,193,193,A,,60.0,100,0.372308611869812,1.3537986278533936,5.6254682540893555,0.924,,,,,,,,,,,,,,,,,,,,,12,,64,64,0,499176740,0,0,0,16,0,0.3359760642051697,1.0,-4.701216697692871,0.33438944816589355,488.0,0.46014852449297905,2135.26171875,67.03369140625,,data/instances/transfer/real_01.cip
mix_16_0,5,194,194,A,,60.0,100,0.12643884122371674,0.805526614189148,1.3266527652740479,0.924,,,,,,,,,,,,,,,,,,,,,14,,64,64,0,499176740,0,0,0,16,0,0.22244587540626526,1.0,-4.524345397949219,0.3886827230453491,488.0,0.4982946813106537,2135.26171875,67.03369140625,,data/instances/transfer/real_01.cip
mix_16_0,5,195,195,A,,60.0,100,0.3797922730445862,1.1184420585632324,2.0318105220794678,0.924,,,,,,,,,,,,,,,,,,,,,11,,64,64,0,499176740,0,0,0,16,0,0.42173755168914795,1.0,-4.444507598876953,0.39834192395210266,488.0,0.4772963486611843,2135.26171875,67.03369140625,,data/instances/transfer/real_01.cip
mix_16_0,5,196,196,A,,60.0,100,0.2734820246696472,0.8944015502929688,1.644639015197754,0.924,,,,,,,,,,,,,,,,,,,,,13,,64,64,0,499176740,0,0,0,16,0,0.4332779347896576,1.0,-4.277976036071777,0.3272402584552765,488.0,0.49924102425575256,2135.26171875,67.03369140625,,data/instances/transfer/real_01.cip
mix_16_0,5,197,197,A,,60.0,100,0.20963364839553833,0.7422165274620056,4.621013164520264,0.9224166666666667,,,,,,,,,,,,,,,,,,,,,16,,65,65,0,509330188,0,0,0,16,0,0.4241582751274109,1.0,-4.008667945861816,0.41893741488456726,1.0,0.486557524651289,2144.62890625,67.03369140625,,data/instances/transfer/real_01.cip
mix_16_0,5,198,198,A,,60.0,100,0.36939769983291626,1.4607460498809814,3.7545151710510254,0.9224166666666667,,,,,,,,,,,,,,,,,,,,,11,,65,65,0,509330188,0,0,0,16,0,0.30262401700019836,1.0,-4.015787601470947,0.29873761534690857,1.0,0.5326979123055935,2144.62890625,67.03369140625,,data/instances/transfer/real_01.cip
mix_16_0,5,199,199,A,,60.0,100,0.2816210389137268,0.8798002600669861,5.870235443115234,0.9224166666666667,,,,,,,,,,,,,,,,,,,,,14,,65,65,0,509330188,0,0,0,16,0,0.5014767646789551,1.0,-4.037515640258789,0.2911187708377838,1.0,0.605796517804265,2144.87890625,67.03369140625,,data/instances/transfer/real_01.cip
mix_16_0,5,200,200,A,,60.0,100,0.171389639377594,0.7842057347297668,3.5971524715423584,0.9224166666666667,,,,,,,,,,,,,,,,,,,,,14,,65,65,0,509330188,0,0,0,16,0,0.33866605162620544,1.0,-4.14363431930542,0.31465238332748413,1.0,0.5975319724529982,2144.87890625,67.03369140625,,data/instances/transfer/real_01.cip
mix_16_0,5,201,201,A,,60.0,100,0.15022443234920502,0.8873563408851624,3.0376172065734863,0.9208333333333334,,,,,,,,,,,,,,,,,,,,,14,,66,66,0,519499148,0,0,0,16,0,0.24830465018749237,1.0,-4.270542621612549,0.2835228443145752,287.0,0.49120317585766315,2146.328125,67.03369140625,,data/instances/transfer/real_01.cip
mix_16_0,5,202,202,A,,60.0,100,0.1639251559972763,0.7482428550720215,0.9439862966537476,0.9208333333333334,,,,,,,,,,,,,,,,,,,,,14,,66,66,0,519499148,0,0,0,16,0,0.3130873143672943,1.0,-4.416669845581055,0.24065816402435303,287.0,0.5156686715781689,2146.328125,67.03369140625,,data/instances/transfer/real_01.cip
mix_16_0,5,203,203,A,,60.0,100,0.19700397551059723,0.6631212830543518,2.819962978363037,0.9208333333333334,,,,,,,,,,,,,,,,,,,,,15,,66,66,0,519499148,0,0,0,16,0,0.4561424255371094,1.0,-4.648352146148682,0.3634195923805237,287.0,0.5398252531886101,2146.328125,67.03369140625,,data/instances/transfer/real_01.cip
mix_16_0,5,204,204,A,,60.0,100,0.24552801251411438,1.1973130702972412,3.710810661315918,0.9208333333333334,,,,,,,,,,,,,,,,,,,,,13,,66,66,0,519499148,0,0,0,16,0,0.25388291478157043,1.0,-4.6779561042785645,0.28954601287841797,287.0,0.5058249477297068,2146.328125,67.03369140625,,data/instances/transfer/real_01.cip
mix_16_0,5,205,205,A,,60.0,100,0.11384028941392899,0.4573318362236023,3.3496286869049072,0.91925,,,,,,,,,,,,,,,,,,,,,15,,67,67,0,529667380,0,0,0,16,0,0.3379511833190918,1.0,-4.956333637237549,0.38073334097862244,664.0,0.5071083381772041,2156.46484375,67.03369140625,,data/instances/transfer/real_01.cip
mix_16_0,5,206,206,A,,60.0,100,0.3890022039413452,1.336653709411621,4.130049228668213,0.91925,,,,,,,,,,,,,,,,,,,,,12,,67,67,0,529667380,0,0,0,16,0,0.3505003750324249,1.0,-4.65749454498291,0.22310136258602142,664.0,0.545643012970686,2156.46484375,67.03369140625,,data/instances/transfer/real_01.cip
mix_16_0,5,207,207,A,,60.0,100,0.392238587141037,1.361085057258606,2.565112829208374,0.91925,,,,,,,,,,,,,,,,,,,,,11,,67,67,0,529667380,0,0,0,16,0,0.34075215458869934,1.0,-4.516575813293457,0.18613427877426147,664.0,0.5706173181533813,2156.46484375,67.03369140625,,data/instances/transfer/real_01.cip
mix_16_0,5,208,208,A,,60.0,100,0.0307764895260334,0.2758067846298218,0.48324859142303467,0.91925,,,,,,,,,,,,,,,,,,,,,16,,67,67,0,529667380,0,0,0,16,0,0.3952881395816803,1.0,-4.718830108642578,0.2857193350791931,664.0,0.6341745443642139,2156.46484375,67.03369140625,,data/instances/transfer/real_01.cip
mix_16_0,5,209,209,A,,60.0,100,0.1947762817144394,1.3305530548095703,1.2893164157867432,0.9176666666666666,,,,,,,,,,,,,,,,,,,,,12,,68,68,0,539829876,0,0,0,16,0,0.18471917510032654,1.0,-4.33979606628418,0.31113746762275696,175.0,0.4904412105679512,2157.9140625,67.03369140625,,data/instances/transfer/real_01.cip
mix_16_0,5,210,210,A,,60.0,100,0.10507462918758392,0.5909208059310913,1.2413161993026733,0.9176666666666666,,,,,,,,,,,,,,,,,,,,,15,,68,68,0,539829876,0,0,0,16,0,0.2805580794811249,1.0,-4.394294261932373,0.3308594524860382,175.0,0.5910179000347853,2157.9140625,67.03369140625,,data/instances/transfer/real_01.cip
mix_16_0,5,211,211,A,,60.0,100,0.21139462292194366,1.2001793384552002,1.4936548471450806,0.9176666666666666,,,,,,,,,,,,,,,,,,,,,12,,68,68,0,539829876,0,0,0,16,0,0.21435700356960297,1.0,-4.264073371887207,0.30741778016090393,175.0,0.5838225595653057,2157.9140625,67.03369140625,,data/instances/transfer/real_01.cip
mix_16_0,5,212,212,A,,60.0,100,0.1596245914697647,0.7259619235992432,3.177665948867798,0.9176666666666666,,,,,,,,,,,,,,,,,,,,,15,,68,68,0,539829876,0,0,0,16,0,0.33917343616485596,1.0,-4.255780220031738,0.30399587750434875,175.0,0.6140375826507807,2157.9140625,67.03369140625,,data/instances/transfer/real_01.cip
mix_16_0,5,213,213,A,,60.0,100,0.175438791513443,0.7049910426139832,5.114795207977295,0.9160833333333334,,,,,,,,,,,,,,,,,,,,,15,,69,69,0,549977392,0,0,0,16,0,0.3630320727825165,1.0,-4.3104352951049805,0.2530600130558014,1.0,0.5246494840830564,2168.05078125,67.03369140625,,data/instances/transfer/real_01.cip
mix_16_0,5,214,214,A,,60.0,100,0.17758730053901672,1.1184163093566895,0.7572252154350281,0.9160833333333334,,,,,,,,,,,,,,,,,,,,,12,,69,69,0,549977392,0,0,0,16,0,0.2018805891275406,1.0,-4.413060665130615,0.4155310392379761,1.0,0.5587822552770376,2168.05078125,67.03369140625,,data/instances/transfer/real_01.cip
mix_16_0,5,215,215,A,,60.0,100,0.43552297353744507,1.377439260482788,3.4668307304382324,0.9160833333333334,,,,,,,,,,,,,,,,,,,,,11,,69,69,0,549977392,0,0,0,16,0,0.39559799432754517,1.0,-4.434370040893555,0.413818359375,1.0,0.5754762794822454,2168.05078125,67.03369140625,,data/instances/transfer/real_01.cip
mix_16_0,5,216,216,A,,60.0,100,0.07929836213588715,0.45020005106925964,2.6800789833068848,0.9160833333333334,,,,,,,,,,,,,,,,,,,,,16,,69,69,0,549977392,0,0,0,16,0,0.4937085509300232,1.0,-4.588193416595459,0.3940058946609497,1.0,0.617684019729495,2168.05078125,67.03369140625,,data/instances/transfer/real_01.cip
mix_16_0,5,217,217,A,,60.0,100,0.19628237187862396,0.8876888751983643,0.5666295289993286,0.9145,,,,,,,,,,,,,,,,,,,,,13,,70,70,0,560123880,0,0,0,16,0,0.2802621126174927,1.0,-4.609536170959473,0.2718673050403595,589.0,0.5242827106267214,2171.73828125,67.03369140625,,data/instances/transfer/real_01.cip
mix_16_0,5,218,218,A,,60.0,100,0.29655376076698303,1.2124242782592773,1.190780758857727,0.9145,,,,,,,,,,,,,,,,,,,,,12,,70,70,0,560123880,0,0,0,16,0,0.3077099025249481,1.0,-4.724061965942383,0.359468013048172,589.0,0.5533288326114416,2171.73828125,67.03369140625,,data/instances/transfer/real_01.cip
mix_16_0,5,219,219,A,,60.0,100,0.4743088483810425,1.3749579191207886,2.3294806480407715,0.9145,,,,,,,,,,,,,,,,,,,,,10,,70,70,0,560123880,0,0,0,16,0,0.40352678298950195,1.0,-4.597431659698486,0.19783347845077515,589.0,0.5890643522143364,2171.73828125,67.03369140625,,data/instances/transfer/real_01.cip
mix_16_0,5,220,220,A,,60.0,100,0.27556300163269043,1.2755672931671143,1.019290566444397,0.9145,,,,,,,,,,,,,,,,,,,,,11,,70,70,0,560123880,0,0,0,16,0,0.26573023200035095,1.0,-4.717967510223389,0.3676659166812897,589.0,0.5827554203569889,2171.73828125,67.03369140625,,data/instances/transfer/real_01.cip
mix_16_0,5,221,221,A,,60.0,100,0.13438601791858673,0.7258483171463013,0.8674733638763428,0.9129166666666667,,,,,,,,,,,,,,,,,,,,,14,,71,71,0,570275916,0,0,0,16,0,0.2589324116706848,1.0,-4.782495975494385,0.35393762588500977,541.0,0.5189914386719465,2173.875,67.03369140625,,data/instances/transfer/real_01.cip
mix_16_0,5,222,222,A,,60.0,100,0.048785097897052765,0.4694535732269287,0.9160380959510803,0.9129166666666667,,,,,,,,,,,,,,,,,,,,,16,,71,71,0,570275916,0,0,0,16,0,0.20253057777881622,1.0,-4.749947547912598,0.3770386576652527,541.0,0.6055190041661263,2173.875,67.03369140625,,data/instances/transfer/real_01.cip
mix_16_0,5,223,223,A,,60.0,100,0.25783592462539673,0.9892650842666626,0.917763888835907,0.9129166666666667,,,,,,,,,,,,,,,,,,,,,13,,71,71,0,570275916,0,0,0,16,0,0.35222193598747253,1.0,-4.571545600891113,0.3251776099205017,541.0,0.5849461108446121,2173.875,67.03369140625,,data/instances/transfer/real_01.cip
mix_16_0,5,224,224,A,,60.0,100,0.3636701703071594,1.2883992195129395,0.3305681645870209,0.9129166666666667,,,,,,,,,,,,,,,,,,,,,12,,71,71,0,570275916,0,0,0,16,0,0.349056214094162,1.0,-4.675457000732422,0.42090561985969543,541.0,0.5945311523973942,2173.875,67.03369140625,,data/instances/transfer/real_01.cip
mix_16_0,5,225,225,A,,60.0,100,0.38491421937942505,1.0822051763534546,3.5636017322540283,0.9113333333333333,,,,,,,,,,,,,,,,,,,,,12,,72,72,0,580372184,0,0,0,16,0,0.4722120463848114,1.0,-4.788026809692383,0.46762004494667053,1.0,0.5058834962546825,2182.26953125,67.03369140625,,data/instances/transfer/real_01.cip
mix_16_0,5,226,226,A,,60.0,100,0.3324194550514221,1.0987646579742432,0.8204458355903625,0.9113333333333333,,,,,,,,,,,,,,,,,,,,,13,,72,72,0,580372184,0,0,0,16,0,0.3997611403465271,1.0,-4.737879753112793,0.49478521943092346,1.0,0.5700232367962599,2182.26953125,67.03369140625,,data/instances/transfer/real_01.cip
mix_16_0,5,227,227,A,,60.0,100,0.309163898229599,1.1152877807617188,1.1845780611038208,0.9113333333333333,,,,,,,,,,,,,,,,,,,,,12,,72,72,0,580372184,0,0,0,16,0,0.3506583869457245,1.0,-4.535360813140869,0.4128146767616272,1.0,0.5952410399913788,2182.26953125,67.03369140625,,data/instances/transfer/real_01.cip
mix_16_0,5,228,228,A,,60.0,100,0.16754485666751862,0.862673282623291,4.081231594085693,0.9113333333333333,,,,,,,,,,,,,,,,,,,,,14,,72,72,0,580372184,0,0,0,16,0,0.27260807156562805,1.0,-4.574813365936279,0.2809584140777588,1.0,0.6091660894453526,2182.26953125,67.03369140625,,data/instances/transfer/real_01.cip
mix_16_0,5,229,229,A,,60.0,100,0.13048702478408813,0.952702522277832,0.8074002861976624,0.9097500000000001,,,,,,,,,,,,,,,,,,,,,13,,73,73,0,590469892,0,0,0,16,0,0.1946924477815628,1.0,-4.649970531463623,0.35885465145111084,575.0,0.4805196560919285,2186.578125,67.03369140625,,data/instances/transfer/real_01.cip
mix_16_0,5,230,230,A,,60.0,100,0.15586918592453003,0.6678481698036194,5.437218189239502,0.9097500000000001,,,,,,,,,,,,,,,,,,,,,15,,73,73,0,590469892,0,0,0,16,0,0.3847543001174927,1.0,-4.683067321777344,0.2231254130601883,575.0,0.3545489199459553,2186.578125,67.03369140625,,data/instances/transfer/real_01.cip
mix_16_0,5,231,231,A,,60.0,100,0.08430379629135132,0.5495492219924927,1.13251531124115,0.9097500000000001,,,,,,,,,,,,,,,,,,,,,15,,73,73,0,590469892,0,0,0,16,0,0.29640746116638184,1.0,-4.799393653869629,0.3265751302242279,575.0,0.32684180326759815,2186.578125,67.03369140625,,data/instances/transfer/real_01.cip
mix_16_0,5,232,232,A,,60.0,100,0.19341689348220825,0.7201719284057617,0.9828667640686035,0.9097500000000001,,,,,,,,,,,,,,,,,,,,,14,,73,73,0,590469892,0,0,0,16,0,0.36803996562957764,1.0,-5.006630897521973,0.3176359534263611,575.0,0.3399939797818661,2186.578125,67.03369140625,,data/instances/transfer/real_01.cip
mix_16_0,5,233,233,A,,60.0,100,0.11876218765974045,1.1132705211639404,1.5144357681274414,0.9081666666666667,,,,,,,,,,,,,,,,,,,,,13,,74,74,0,600570436,0,0,0,16,0,0.1303357183933258,1.0,-4.958276748657227,0.4086472988128662,140.0,0.5119533129036427,2194.484375,67.03369140625,,data/instances/transfer/real_01.cip
mix_16_0,5,234,234,A,,60.0,100,0.16435472667217255,0.6108149886131287,2.4766316413879395,0.9081666666666667,,,,,,,,,,,,,,,,,,,,,15,,74,74,0,600570436,0,0,0,16,0,0.4117845296859741,1.0,-5.234673976898193,0.3468113839626312,140.0,0.5764189045876265,2194.67578125,67.03369140625,,data/instances/transfer/real_01.cip
mix_16_0,5,235,235,A,,60.0,100,0.3302609622478485,1.3412725925445557,3.226630210876465,0.9081666666666667,,,,,,,,,,,,,,,,,,,,,12,,74,74,0,600570436,0,0,0,16,0,0.30115795135498047,1.0,-5.203893184661865,0.44140827655792236,140.0,0.5729304626584053,2194.67578125,67.03369140625,,data/instances/transfer/real_01.cip
mix_16_0,5,236,236,A,,60.0,100,0.35016101598739624,1.2549313306808472,3.2160866260528564,0.9081666666666667,,,,,,,,,,,,,,,,,,,,,11,,74,74,0,600570436,0,0,0,16,0,0.3290959596633911,1.0,-5.108578681945801,0.4048892557621002,140.0,0.5867978539317846,2194.67578125,67.03369140625,,data/instances/transfer/real_01.cip
episode,5,236,236,A,,60.0,100,0.35016101598739624,1.2549313306808472,3.2160866260528564,0.9065833333333333,-14.2474,-14.0,-0.24740000000000004,-14.2474,True,15,62.136381,,,,,,,,inf,0.029812672326531734,120.0,16.425664,0.0,30373,11,True,76,76,0,620691312,0,0,0,16,0,,,,,339.2142857142857,,1979.3984375,67.03369140625,timelimit,data/instances/transfer/real_01.cip
mix_16_0,6,237,237,A,,60.0,100,0.30953142046928406,1.1483575105667114,2.0637047290802,0.9065833333333333,,,,,,,,,,,,,,,,,,,,,12,,76,76,0,620691312,0,0,0,16,0,0.33048921823501587,1.0,-4.827240943908691,0.38468679785728455,128.0,0.5280985701829195,2265.44921875,67.03369140625,,data/instances/transfer/real_03.cip
mix_16_0,6,238,238,A,,60.0,100,0.17106309533119202,0.9311313033103943,1.0584850311279297,0.9065833333333333,,,,,,,,,,,,,,,,,,,,,13,,76,76,0,620691312,0,0,0,16,0,0.24274350702762604,1.0,-4.893694877624512,0.3908047378063202,128.0,0.5835424643009901,2265.44921875,67.03369140625,,data/instances/transfer/real_03.cip
mix_16_0,6,239,239,A,,60.0,100,0.24436801671981812,1.1635894775390625,0.698820173740387,0.9065833333333333,,,,,,,,,,,,,,,,,,,,,12,,76,76,0,620691312,0,0,0,16,0,0.2566915452480316,1.0,-4.7025299072265625,0.4108666181564331,128.0,0.572396682575345,2265.44921875,67.03369140625,,data/instances/transfer/real_03.cip
mix_16_0,6,240,240,A,,60.0,100,0.4721575379371643,1.6353923082351685,0.9679161310195923,0.9065833333333333,,,,,,,,,,,,,,,,,,,,,9,,76,76,0,620691312,0,0,0,16,0,0.3453046679496765,1.0,-4.3753228187561035,0.33184337615966797,128.0,0.5012411959469318,2265.44921875,67.03369140625,,data/instances/transfer/real_03.cip
mix_16_0,6,241,241,A,,60.0,100,0.37505847215652466,1.3906195163726807,4.081578731536865,0.905,,,,,,,,,,,,,,,,,,,,,12,,76,76,0,620691312,0,0,0,16,0,0.31516531109809875,1.0,-4.319615364074707,0.3401139974594116,263.0,0.5040847919881344,2265.44921875,67.03369140625,,data/instances/transfer/real_03.cip
mix_16_0,6,242,242,A,,60.0,100,0.26980292797088623,0.9742538332939148,3.469658374786377,0.905,,,,,,,,,,,,,,,,,,,,,14,,76,76,0,620691312,0,0,0,16,0,0.3769233822822571,1.0,-4.290065288543701,0.3285282552242279,263.0,0.5742553323507309,2265.44921875,67.03369140625,,data/instances/transfer/real_03.cip
mix_16_0,6,243,243,A,,60.0,100,0.284469336271286,1.3486231565475464,3.1540980339050293,0.905,,,,,,,,,,,,,,,,,,,,,12,,76,76,0,620691312,0,0,0,16,0,0.26379653811454773,1.0,-4.465330123901367,0.37251123785972595,263.0,0.5091906040906906,2265.44921875,67.03369140625,,data/instances/transfer/real_03.cip
mix_16_0,6,244,244,A,,60.0,100,0.21459165215492249,0.8788528442382812,2.906715154647827,0.905,,,,,,,,,,,,,,,,,,,,,14,,76,76,0,620691312,0,0,0,16,0,0.35422608256340027,1.0,-4.649937629699707,0.392511785030365,263.0,0.4786025043576956,2265.44921875,67.03369140625,,data/instances/transfer/real_03.cip
mix_16_0,6,245,245,A,,60.0,100,0.18791866302490234,0.874320387840271,3.083712100982666,0.9034166666666666,,,,,,,,,,,,,,,,,,,,,14,,77,77,0,629900064,0,0,0,16,0,0.3050317168235779,1.0,-4.8299665451049805,0.2838485538959503,1.0,0.5371996033936739,2265.44921875,67.03369140625,,data/instances/transfer/real_03.cip
mix_16_0,6,246,246,A,,60.0,100,0.3387536406517029,0.9559411406517029,0.8149179816246033,0.9034166666666666,,,,,,,,,,,,,,,,,,,,,13,,77,77,0,629900064,0,0,0,16,0,0.4622945487499237,1.0,-4.875607013702393,0.38292357325553894,1.0,0.5612725038081408,2265.44921875,67.03369140625,,data/instances/transfer/real_03.cip
mix_16_0,6,247,247,A,,60.0,100,0.2808442711830139,1.359513282775879,1.2692846059799194,0.9034166666666666,,,,,,,,,,,,,,,,,,,,,11,,77,77,0,629900064,0,0,0,16,0,0.25151732563972473,1.0,-4.993158340454102,0.37501391768455505,1.0,0.5767897237092257,2265.44921875,67.03369140625,,data/instances/transfer/real_03.cip
mix_16_0,6,248,248,A,,60.0,100,0.29898372292518616,0.8755660057067871,0.9854891300201416,0.9034166666666666,,,,,,,,,,,,,,,,,,,,,14,,77,77,0,629900064,0,0,0,16,0,0.45321595668792725,1.0,-5.2247772216796875,0.3952798545360565,1.0,0.6121724303811789,2265.44921875,67.03369140625,,data/instances/transfer/real_03.cip
mix_16_0,6,249,249,A,,60.0,100,0.19242209196090698,1.4118995666503906,3.909801483154297,0.9018333333333334,,,,,,,,,,,,,,,,,,,,,12,,78,78,0,639003592,0,0,0,16,0,0.14362399280071259,1.0,-5.472748756408691,0.4313181936740875,109.0,0.5057956334203482,2267.26953125,67.03369140625,,data/instances/transfer/real_03.cip
mix_16_0,6,250,250,A,,60.0,100,0.14190927147865295,0.8517115116119385,3.2346889972686768,0.9018333333333334,,,,,,,,,,,,,,,,,,,,,15,,78,78,0,639003592,0,0,0,16,0,0.21675817668437958,1.0,-5.490074157714844,0.45849692821502686,109.0,0.5913330223411322,2267.4765625,67.03369140625,,data/instances/transfer/real_03.cip
mix_16_0,6,251,251,A,,60.0,100,0.15982922911643982,0.9696115255355835,2.215101480484009,0.9018333333333334,,,,,,,,,,,,,,,,,,,,,14,,78,78,0,639003592,0,0,0,16,0,0.21930822730064392,1.0,-5.4806742668151855,0.490770161151886,109.0,0.5878235157579184,2267.4765625,67.03369140625,,data/instances/transfer/real_03.cip
mix_16_0,6,252,252,A,,60.0,100,0.188785582780838,1.2090356349945068,3.1073520183563232,0.9018333333333334,,,,,,,,,,,,,,,,,,,,,13,,78,78,0,639003592,0,0,0,16,0,0.19361679255962372,1.0,-5.389629364013672,0.48080283403396606,109.0,0.5876096077263355,2267.4765625,67.03369140625,,data/instances/transfer/real_03.cip
mix_16_0,6,253,253,A,,60.0,100,0.21070104837417603,0.974425196647644,1.4104948043823242,0.90025,,,,,,,,,,,,,,,,,,,,,14,,79,79,0,647937392,0,0,0,16,0,0.2719433009624481,1.0,-4.996441841125488,0.430035263299942,19.0,0.5396989043802023,2271.83984375,67.03369140625,,data/instances/transfer/real_03.cip
mix_16_0,6,254,254,A,,60.0,100,0.24125158786773682,0.8995662927627563,1.7015907764434814,0.90025,,,,,,,,,,,,,,,,,,,,,13,,79,79,0,647937392,0,0,0,16,0,0.33533093333244324,1.0,-5.018793106079102,0.36143943667411804,19.0,0.5542442034929991,2271.83984375,67.03369140625,,data/instances/transfer/real_03.cip
mix_16_0,6,255,255,A,,60.0,100,0.1745857149362564,0.8144667148590088,0.8772561550140381,0.90025,,,,,,,,,,,,,,,,,,,,,14,,79,79,0,647937392,0,0,0,16,0,0.31768640875816345,1.0,-4.993283271789551,0.4008084833621979,19.0,0.6039956174790859,2271.83984375,67.03369140625,,data/instances/transfer/real_03.cip
mix_16_0,6,256,256,A,,60.0,100,0.05987156555056572,0.6329407691955566,1.4976862668991089,0.90025,,,,,,,,,,,,,,,,,,,,,16,,79,79,0,647937392,0,0,0,16,0,0.19967950880527496,1.0,-4.711996078491211,0.3635752201080322,19.0,0.6080923490226269,2271.83984375,67.03369140625,,data/instances/transfer/real_03.cip
mix_16_0,6,257,257,A,,60.0,100,0.1787944734096527,0.8127109408378601,4.547398090362549,0.8986666666666667,,,,,,,,,,,,,,,,,,,,,15,,80,80,0,656565860,0,0,0,16,0,0.29847243428230286,1.0,-4.83299446105957,0.37682297825813293,22.0,0.5313548091799021,2276.10546875,67.03369140625,,data/instances/transfer/real_03.cip
mix_16_0,6,258,258,A,,60.0,100,0.35070115327835083,1.3621717691421509,1.9640644788742065,0.8986666666666667,,,,,,,,,,,,,,,,,,,,,12,,80,80,0,656565860,0,0,0,16,0,0.31163468956947327,1.0,-4.636209011077881,0.4379241466522217,22.0,0.553274929523468,2276.10546875,67.03369140625,,data/instances/transfer/real_03.cip
mix_16_0,6,259,259,A,,60.0,100,0.25781872868537903,1.0905537605285645,3.0418102741241455,0.8986666666666667,,,,,,,,,,,,,,,,,,,,,14,,80,80,0,656565860,0,0,0,16,0,0.3125225901603699,1.0,-4.800126075744629,0.36336827278137207,22.0,0.6027553360909224,2276.10546875,67.03369140625,,data/instances/transfer/real_03.cip
mix_16_0,6,260,260,A,,60.0,100,0.5262672901153564,1.5204706192016602,0.9460306167602539,0.8986666666666667,,,,,,,,,,,,,,,,,,,,,11,,80,80,0,656565860,0,0,0,16,0,0.40902236104011536,1.0,-4.803238391876221,0.3462328016757965,22.0,0.5754082072526217,2276.10546875,67.03369140625,,data/instances/transfer/real_03.cip
mix_16_0,6,261,261,A,,60.0,100,0.22222043573856354,0.8953020572662354,1.2129141092300415,0.8970833333333333,,,,,,,,,,,,,,,,,,,,,14,,81,81,0,664983156,0,0,0,16,0,0.3424852788448334,1.0,-4.97275972366333,0.33069613575935364,4.0,0.3284202627837658,2280.328125,67.03369140625,,data/instances/transfer/real_03.cip
mix_16_0,6,262,262,A,,60.0,100,0.1393585205078125,1.129206895828247,0.6078910827636719,0.8970833333333333,,,,,,,,,,,,,,,,,,,,,12,,81,81,0,664983156,0,0,0,16,0,0.15095484256744385,1.0,-5.158295631408691,0.4079577922821045,4.0,0.2930343635380268,2280.51171875,67.03369140625,,data/instances/transfer/real_03.cip
mix_16_0,6,263,263,A,,60.0,100,0.09189645946025848,1.0136830806732178,0.09783974289894104,0.8970833333333333,,,,,,,,,,,,,,,,,,,,,13,,81,81,0,664983156,0,0,0,16,0,0.11303822696208954,1.0,-5.2980055809021,0.4007716774940491,4.0,0.3086654581129551,2280.51171875,67.03369140625,,data/instances/transfer/real_03.cip
mix_16_0,6,264,264,A,,60.0,100,0.23974400758743286,1.4653141498565674,1.7786083221435547,0.8970833333333333,,,,,,,,,,,,,,,,,,,,,11,,81,81,0,664983156,0,0,0,16,0,0.19019635021686554,1.0,-5.3662800788879395,0.4614843726158142,4.0,0.417174244299531,2280.51171875,67.03369140625,,data/instances/transfer/real_03.cip
mix_16_0,6,265,265,A,,60.0,100,0.3509041666984558,1.475101351737976,5.847682476043701,0.8955,,,,,,,,,,,,,,,,,,,,,12,,82,82,0,673728904,0,0,0,16,0,0.27684155106544495,1.0,-5.651381492614746,0.5337058901786804,29.0,0.5232714395970106,2280.63671875,67.03369140625,,data/instances/transfer/real_03.cip
mix_16_0,6,266,266,A,,60.0,100,0.17897345125675201,1.3260002136230469,1.0205602645874023,0.8955,,,,,,,,,,,,,,,,,,,,,12,,82,82,0,673728904,0,0,0,16,0,0.16523373126983643,1.0,-5.421659469604492,0.49588459730148315,29.0,0.5525831170380116,2280.63671875,67.03369140625,,data/instances/transfer/real_03.cip
mix_16_0,6,267,267,A,,60.0,100,0.11141081154346466,0.9328256845474243,0.6374783515930176,0.8955,,,,,,,,,,,,,,,,,,,,,14,,82,82,0,673728904,0,0,0,16,0,0.14996282756328583,1.0,-5.277857303619385,0.3889053165912628,29.0,0.6083542071282864,2280.63671875,67.03369140625,,data/instances/transfer/real_03.cip
mix_16_0,6,268,268,A,,60.0,100,0.2650449275970459,0.8622039556503296,1.3749184608459473,0.8955,,,,,,,,,,,,,,,,,,,,,13,,82,82,0,673728904,0,0,0,16,0,0.38441386818885803,1.0,-5.364368438720703,0.3583913743495941,29.0,0.5967049114406109,2280.63671875,67.03369140625,,data/instances/transfer/real_03.cip
mix_16_0,6,269,269,A,,60.0,100,0.34225934743881226,1.3203015327453613,2.3122551441192627,0.8939166666666667,,,,,,,,,,,,,,,,,,,,,12,,83,83,0,682396356,0,0,0,16,0,0.3172608017921448,1.0,-5.042891502380371,0.4081127643585205,116.0,0.523018904030323,2283.28125,67.03369140625,,data/instances/transfer/real_03.cip
mix_16_0,6,270,270,A,,60.0,100,0.1881767213344574,1.2422595024108887,1.3171648979187012,0.8939166666666667,,,,,,,,,,,,,,,,,,,,,12,,83,83,0,682396356,0,0,0,16,0,0.18116037547588348,1.0,-5.051375389099121,0.44624531269073486,116.0,0.5643485989421606,2283.28125,67.03369140625,,data/instances/transfer/real_03.cip
mix_16_0,6,271,271,A,,60.0,100,0.1256294548511505,0.857772707939148,3.0495333671569824,0.8939166666666667,,,,,,,,,,,,,,,,,,,,,15,,83,83,0,682396356,0,0,0,16,0,0.21965420246124268,1.0,-4.970945358276367,0.37081801891326904,116.0,0.6070903427898884,2283.28125,67.03369140625,,data/instances/transfer/real_03.cip
mix_16_0,6,272,272,A,,60.0,100,0.1737571358680725,1.3959376811981201,0.46678581833839417,0.8939166666666667,,,,,,,,,,,,,,,,,,,,,12,,83,83,0,682396356,0,0,0,16,0,0.15145087242126465,1.0,-5.089641571044922,0.4445350468158722,116.0,0.5806613434106112,2283.28125,67.03369140625,,data/instances/transfer/real_03.cip
mix_16_0,6,273,273,A,,60.0,100,0.2873551845550537,1.1761322021484375,4.2791428565979,0.8923333333333333,,,,,,,,,,,,,,,,,,,,,14,,84,84,0,690851284,0,0,0,16,0,0.3137854039669037,1.0,-4.988412857055664,0.3079780042171478,250.0,0.5180951245129108,2288.0703125,67.03369140625,,data/instances/transfer/real_03.cip
mix_16_0,6,274,274,A,,60.0,100,0.2434973418712616,1.083449125289917,1.8994375467300415,0.8923333333333333,,,,,,,,,,,,,,,,,,,,,13,,84,84,0,690851284,0,0,0,16,0,0.27990010380744934,1.0,-5.238827705383301,0.4725983738899231,250.0,0.5559052769094706,2288.3046875,67.03369140625,,data/instances/transfer/real_03.cip
mix_16_0,6,275,275,A,,60.0,100,0.1853906661272049,0.9868025779724121,2.6321218013763428,0.8923333333333333,,,,,,,,,,,,,,,,,,,,,14,,84,84,0,690851284,0,0,0,16,0,0.25020602345466614,1.0,-5.295600891113281,0.3806503415107727,250.0,0.6131583042442799,2288.3046875,67.03369140625,,data/instances/transfer/real_03.cip
mix_16_0,6,276,276,A,,60.0,100,0.2582515776157379,1.2578020095825195,2.3546142578125,0.8923333333333333,,,,,,,,,,,,,,,,,,,,,12,,84,84,0,690851284,0,0,0,16,0,0.2343035340309143,1.0,-5.540457725524902,0.39938074350357056,250.0,0.5675145015120506,2288.3046875,67.03369140625,,data/instances/transfer/real_03.cip
mix_16_0,6,277,277,A,,60.0,100,0.11590385437011719,0.7399052381515503,2.4442617893218994,0.89075,,,,,,,,,,,,,,,,,,,,,14,,85,85,0,698451608,0,0,0,16,0,0.20718510448932648,1.0,-5.820383071899414,0.34644898772239685,262.0,0.5444893185049295,2297.71875,67.03369140625,,data/instances/transfer/real_03.cip
mix_16_0,6,278,278,A,,60.0,100,0.3967370092868805,1.6310410499572754,3.7535293102264404,0.89075,,,,,,,,,,,,,,,,,,,,,11,,85,85,0,698451608,0,0,0,16,0,0.27472952008247375,1.0,-5.647812366485596,0.4312992990016937,262.0,0.556958632543683,2297.71875,67.03369140625,,data/instances/transfer/real_03.cip
mix_16_0,6,279,279,A,,60.0,100,0.3094782829284668,1.2476240396499634,2.8060057163238525,0.89075,,,,,,,,,,,,,,,,,,,,,13,,85,85,0,698451608,0,0,0,16,0,0.2962948977947235,1.0,-5.601634979248047,0.34793519973754883,262.0,0.6082729287445545,2297.71875,67.03369140625,,data/instances/transfer/real_03.cip
mix_16_0,6,280,280,A,,60.0,100,0.24468199908733368,1.2537405490875244,0.9596962928771973,0.89075,,,,,,,,,,,,,,,,,,,,,12,,85,85,0,698451608,0,0,0,16,0,0.229307159781456,1.0,-5.379697322845459,0.44077831506729126,262.0,0.5791005566716194,2297.71875,67.03369140625,,data/instances/transfer/real_03.cip
mix_16_0,6,281,281,A,,60.0,100,0.2398730367422104,1.6081242561340332,1.56940495967865,0.8891666666666667,,,,,,,,,,,,,,,,,,,,,11,,86,86,0,706167172,0,0,0,16,0,0.1760731190443039,1.0,-5.179191589355469,0.4240154027938843,46.0,0.4935278445482254,2297.71875,67.03369140625,,data/instances/transfer/real_03.cip
mix_16_0,6,282,282,A,,60.0,100,0.3644213080406189,1.6160861253738403,2.1225826740264893,0.8891666666666667,,,,,,,,,,,,,,,,,,,,,11,,86,86,0,706167172,0,0,0,16,0,0.25761574506759644,1.0,-5.089673042297363,0.4223645329475403,46.0,0.5607690643519163,2297.71875,67.03369140625,,data/instances/transfer/real_03.cip
mix_16_0,6,283,283,A,,60.0,100,0.33863741159439087,1.3788597583770752,1.4534337520599365,0.8891666666666667,,,,,,,,,,,,,,,,,,,,,11,,86,86,0,706167172,0,0,0,16,0,0.2922811806201935,1.0,-5.101569175720215,0.41874030232429504,46.0,0.5916899740695953,2297.71875,67.03369140625,,data/instances/transfer/real_03.cip
mix_16_0,6,284,284,A,,60.0,100,0.2872447967529297,1.9182772636413574,2.4390454292297363,0.8891666666666667,,,,,,,,,,,,,,,,,,,,,11,,86,86,0,706167172,0,0,0,16,0,0.16850265860557556,1.0,-4.8945817947387695,0.434003621339798,46.0,0.5668031740933657,2297.71875,67.03369140625,,data/instances/transfer/real_03.cip
mix_16_0,6,285,285,A,,60.0,100,0.2141284942626953,0.8283944129943848,5.162206172943115,0.8875833333333334,,,,,,,,,,,,,,,,,,,,,15,,87,87,0,714796996,0,0,0,16,0,0.33242860436439514,1.0,-5.095012664794922,0.3254238963127136,195.0,0.5112250987440348,2300.8828125,67.03369140625,,data/instances/transfer/real_03.cip
mix_16_0,6,286,286,A,,60.0,100,0.3856510519981384,1.231276512145996,6.497408390045166,0.8875833333333334,,,,,,,,,,,,,,,,,,,,,14,,87,87,0,714796996,0,0,0,16,0,0.3951781988143921,1.0,-4.857544898986816,0.29062965512275696,195.0,0.566250380128622,2300.8828125,67.03369140625,,data/instances/transfer/real_03.cip
mix_16_0,6,287,287,A,,60.0,100,0.1559692621231079,0.650368332862854,3.6767947673797607,0.8875833333333334,,,,,,,,,,,,,,,,,,,,,15,,87,87,0,714796996,0,0,0,16,0,0.3547946512699127,1.0,-5.59769344329834,0.37844306230545044,195.0,0.6014465820044279,2300.8828125,67.03369140625,,data/instances/transfer/real_03.cip
mix_16_0,6,288,288,A,,60.0,100,0.19250056147575378,1.2905669212341309,0.8995251655578613,0.8875833333333334,,,,,,,,,,,,,,,,,,,,,12,,87,87,0,714796996,0,0,0,16,0,0.1775793433189392,1.0,-5.755136013031006,0.4236142635345459,195.0,0.5887488089501858,2300.8828125,67.03369140625,,data/instances/transfer/real_03.cip
mix_16_0,6,289,289,A,,60.0,100,0.5461664199829102,2.1954798698425293,5.590421676635742,0.886,,,,,,,,,,,,,,,,,,,,,10,,90,90,0,725220004,0,0,0,16,0,0.2784119248390198,1.0,-6.22073221206665,0.5963008999824524,312.0,0.6069679893553257,2300.890625,67.03369140625,,data/instances/transfer/real_03.cip
mix_16_0,6,290,290,A,,60.0,100,0.35351240634918213,1.7643847465515137,8.030240058898926,0.886,,,,,,,,,,,,,,,,,,,,,12,,90,90,0,725220004,0,0,0,16,0,0.2014254480600357,1.0,-6.457640171051025,0.5375981330871582,312.0,0.35745748318731785,2300.90625,67.03369140625,,data/instances/transfer/real_03.cip
mix_16_0,6,291,291,A,,60.0,100,0.7467035055160522,1.8579329252243042,8.369047164916992,0.886,,,,,,,,,,,,,,,,,,,,,11,,90,90,0,725220004,0,0,0,16,0,0.46005913615226746,1.0,-6.048878192901611,0.40805959701538086,312.0,0.28714287281036377,2300.90625,67.03369140625,,data/instances/transfer/real_03.cip
mix_16_0,6,292,292,A,,60.0,100,0.4690425395965576,1.8075021505355835,5.352295398712158,0.886,,,,,,,,,,,,,,,,,,,,,10,,90,90,0,725220004,0,0,0,16,0,0.2922486662864685,1.0,-5.930965423583984,0.5029824376106262,312.0,0.28399352729320526,2300.90625,67.03369140625,,data/instances/transfer/real_03.cip
episode,6,292,292,A,,60.0,100,0.4690425395965576,1.8075021505355835,5.352295398712158,0.8844166666666666,-13.512699999999999,-13.0,-0.5127,-13.512699999999999,True,14,65.07647,,,,,,,,inf,0.03135605896043455,120.0,42.050048,0.0,27118,10,False,90,90,0,725220004,0,0,0,16,0,,,,,125.42857142857143,,2180.55078125,67.03369140625,timelimit,data/instances/transfer/real_03.cip
validation,7,292,292,A,,,,,,,,,,,,,,,1.0,9.109954,inf,0.0,9.109954,1.0,8436.0,,,,,,,,,90,90,0,725220004,0,0,0,,,,,,,,,,,optimal,data/instances/validation/real_08.cip
mix_16_0,7,293,293,A,,60.0,100,0.07355885207653046,1.8637635707855225,0.7304654121398926,0.8844166666666666,,,,,,,,,,,,,,,,,,,,,11,,90,90,0,725220004,0,0,0,16,0,0.036089446395635605,1.0,-5.6822075843811035,0.5334134697914124,258.0,0.4951386284083128,2276.87890625,67.03369140625,,data/instances/transfer/real_05.cip
mix_16_0,7,294,294,A,,60.0,100,0.4383569657802582,1.6491782665252686,1.558973789215088,0.8844166666666666,,,,,,,,,,,,,,,,,,,,,10,,90,90,0,725220004,0,0,0,16,0,0.3176821768283844,1.0,-4.9520111083984375,0.42889732122421265,258.0,0.5462543200701475,2276.87890625,67.03369140625,,data/instances/transfer/real_05.cip
mix_16_0,7,295,295,A,,60.0,100,0.5542186498641968,2.00205659866333,3.4246435165405273,0.8844166666666666,,,,,,,,,,,,,,,,,,,,,10,,90,90,0,725220004,0,0,0,16,0,0.2721293866634369,1.0,-4.930171012878418,0.4592055678367615,258.0,0.5823003835976124,2276.87890625,67.03369140625,,data/instances/transfer/real_05.cip
mix_16_0,7,296,296,A,,60.0,100,0.9992026090621948,2.2597930431365967,7.766927242279053,0.8844166666666666,,,,,,,,,,,,,,,,,,,,,11,,90,90,0,725220004,0,0,0,16,0,0.41545504331588745,1.0,-4.838357925415039,0.4931427836418152,258.0,0.5957635045051575,2276.87890625,67.03369140625,,data/instances/transfer/real_05.cip
mix_16_0,7,297,297,A,,60.0,100,0.39707791805267334,1.870339035987854,4.487846374511719,0.8828333333333334,,,,,,,,,,,,,,,,,,,,,11,,90,90,0,725220004,0,0,0,16,0,0.20450225472450256,1.0,-4.973901748657227,0.36243975162506104,71.0,0.525027934461832,2289.9453125,67.03369140625,,data/instances/transfer/real_05.cip
mix_16_0,7,298,298,A,,60.0,100,0.6285849213600159,1.6554582118988037,5.951448917388916,0.8828333333333334,,,,,,,,,,,,,,,,,,,,,11,,90,90,0,725220004,0,0,0,16,0,0.42895302176475525,1.0,-4.903062343597412,0.36591851711273193,71.0,0.5550622288137674,2289.9453125,67.03369140625,,data/instances/transfer/real_05.cip
mix_16_0,7,299,299,A,,60.0,100,0.414390504360199,1.5164486169815063,4.02541446685791,0.8828333333333334,,,,,,,,,,,,,,,,,,,,,13,,90,90,0,725220004,0,0,0,16,0,0.3247528374195099,1.0,-5.180546283721924,0.49095040559768677,71.0,0.6023584268987179,2289.9453125,67.03369140625,,data/instances/transfer/real_05.cip
mix_16_0,7,300,300,A,,60.0,100,0.24877102673053741,0.9480615258216858,6.429398059844971,0.8828333333333334,,,,,,,,,,,,,,,,,,,,,15,,90,90,0,725220004,0,0,0,16,0,0.3508240282535553,1.0,-5.653493881225586,0.3356776535511017,71.0,0.62500518001616,2289.9453125,67.03369140625,,data/instances/transfer/real_05.cip
mix_16_0,7,301,301,A,,60.0,100,0.23015549778938293,1.0374293327331543,0.6329342126846313,0.88125,,,,,,,,,,,,,,,,,,,,,14,,91,91,0,734188088,0,0,0,16,0,0.26812487840652466,1.0,-5.9435343742370605,0.5975615382194519,86.0,0.5212753005325794,2289.9453125,67.03369140625,,data/instances/transfer/real_05.cip
mix_16_0,7,302,302,A,,60.0,100,0.15539877116680145,0.6391319036483765,8.383007049560547,0.88125,,,,,,,,,,,,,,,,,,,,,16,,91,91,0,734188088,0,0,0,16,0,0.4926804304122925,1.0,-6.6678290367126465,0.3182756006717682,86.0,0.6030068062245846,2289.9453125,67.03369140625,,data/instances/transfer/real_05.cip
mix_16_0,7,303,303,A,,60.0,100,0.20310106873512268,1.125831127166748,4.676862716674805,0.88125,,,,,,,,,,,,,,,,,,,,,14,,91,91,0,734188088,0,0,0,16,0,0.1917540580034256,1.0,-6.513864517211914,0.3915727138519287,86.0,0.591153658926487,2289.9453125,67.03369140625,,data/instances/transfer/real_05.cip
mix_16_0,7,304,304,A,,60.0,100,0.8052201271057129,2.6733527183532715,6.617398262023926,0.88125,,,,,,,,,,,,,,,,,,,,,9,,91,91,0,734188088,0,0,0,16,0,0.3204342722892761,1.0,-6.477090835571289,0.582922637462616,86.0,0.5599456503987312,2289.9453125,67.03369140625,,data/instances/transfer/real_05.cip
mix_16_0,7,305,305,A,,60.0,100,0.4343858063220978,1.9426449537277222,8.813104629516602,0.8796666666666667,,,,,,,,,,,,,,,,,,,,,12,,92,92,0,743357180,0,0,0,16,0,0.22191286087036133,1.0,-6.571752548217773,0.37646162509918213,159.0,0.5440836288034916,2292.40234375,67.03369140625,,data/instances/transfer/real_05.cip
mix_16_0,7,306,306,A,,60.0,100,0.29526546597480774,2.0342302322387695,0.7940373420715332,0.8796666666666667,,,,,,,,,,,,,,,,,,,,,11,,92,92,0,743357180,0,0,0,16,0,0.1576758772134781,1.0,-6.140652656555176,0.5440410375595093,159.0,0.5472679659724236,2292.40234375,67.03369140625,,data/instances/transfer/real_05.cip
mix_16_0,7,307,307,A,,60.0,100,0.9052822589874268,2.2458419799804688,4.08566427230835,0.8796666666666667,,,,,,,,,,,,,,,,,,,,,9,,92,92,0,743357180,0,0,0,16,0,0.44315290451049805,1.0,-5.902608871459961,0.5097010731697083,159.0,0.5593829862773418,2292.40234375,67.03369140625,,data/instances/transfer/real_05.cip
mix_16_0,7,308,308,A,,60.0,100,0.0713491290807724,0.6503102779388428,2.927088737487793,0.8796666666666667,,,,,,,,,,,,,,,,,,,,,15,,92,92,0,743357180,0,0,0,16,0,0.13893544673919678,1.0,-5.603148460388184,0.4017294943332672,159.0,0.6214824672788382,2292.40234375,67.03369140625,,data/instances/transfer/real_05.cip
mix_16_0,7,309,309,A,,60.0,100,0.40911582112312317,1.3135771751403809,2.8920044898986816,0.8780833333333333,,,,,,,,,,,,,,,,,,,,,12,,93,93,0,752296072,0,0,0,16,0,0.3292694091796875,1.0,-5.137835502624512,0.48714563250541687,1.0,0.4996028859168291,2294.97265625,67.03369140625,,data/instances/transfer/real_05.cip
mix_16_0,7,310,310,A,,60.0,100,0.8194764852523804,2.194227457046509,6.164921760559082,0.8780833333333333,,,,,,,,,,,,,,,,,,,,,10,,93,93,0,752296072,0,0,0,16,0,0.3900955617427826,1.0,-5.106451034545898,0.39901283383369446,1.0,0.5550990216434002,2294.97265625,67.03369140625,,data/instances/transfer/real_05.cip
mix_16_0,7,311,311,A,,60.0,100,0.91949462890625,2.1481423377990723,7.205065727233887,0.8780833333333333,,,,,,,,,,,,,,,,,,,,,11,,93,93,0,752296072,0,0,0,16,0,0.45401525497436523,1.0,-5.1158294677734375,0.32521191239356995,1.0,0.5900567434728146,2294.984375,67.03369140625,,data/instances/transfer/real_05.cip
mix_16_0,7,312,312,A,,60.0,100,0.3813013732433319,1.1807081699371338,7.6341753005981445,0.8780833333333333,,,,,,,,,,,,,,,,,,,,,14,,93,93,0,752296072,0,0,0,16,0,0.4240395128726959,1.0,-5.259213924407959,0.30856937170028687,1.0,0.6078322492539883,2294.984375,67.03369140625,,data/instances/transfer/real_05.cip
mix_16_0,7,313,313,A,,60.0,100,0.3878357410430908,1.602987289428711,3.1929454803466797,0.8765000000000001,,,,,,,,,,,,,,,,,,,,,11,,94,94,0,761247372,0,0,0,16,0,0.25885632634162903,1.0,-5.349535942077637,0.3911340832710266,117.0,0.494821073487401,2302.046875,67.03369140625,,data/instances/transfer/real_05.cip
mix_16_0,7,314,314,A,,60.0,100,0.7561524510383606,2.0958361625671387,1.1706615686416626,0.8765000000000001,,,,,,,,,,,,,,,,,,,,,9,,94,94,0,761247372,0,0,0,16,0,0.39183005690574646,1.0,-5.653293609619141,0.507102906703949,117.0,0.5506003871560097,2302.046875,67.03369140625,,data/instances/transfer/real_05.cip
mix_16_0,7,315,315,A,,60.0,100,0.8168820738792419,2.4052445888519287,5.545428276062012,0.8765000000000001,,,,,,,,,,,,,,,,,,,,,9,,94,94,0,761247372,0,0,0,16,0,0.35930752754211426,1.0,-6.032787322998047,0.44355088472366333,117.0,0.5683509893715382,2302.046875,67.03369140625,,data/instances/transfer/real_05.cip
mix_16_0,7,316,316,A,,60.0,100,0.3544315695762634,1.6579639911651611,1.854468822479248,0.8765000000000001,,,,,,,,,,,,,,,,,,,,,11,,94,94,0,761247372,0,0,0,16,0,0.2325352132320404,1.0,-6.0350728034973145,0.4530097246170044,117.0,0.58211874589324,2302.046875,67.03369140625,,data/instances/transfer/real_05.cip
mix_16_0,7,317,317,A,,60.0,100,0.28018414974212646,1.677351713180542,1.8065773248672485,0.8749166666666667,,,,,,,,,,,,,,,,,,,,,11,,95,95,0,770198264,0,0,0,16,0,0.1784692406654358,1.0,-6.214406967163086,0.5222914814949036,252.0,0.5019609201699495,2304.61328125,67.03369140625,,data/instances/transfer/real_05.cip
mix_16_0,7,318,318,A,,60.0,100,0.2893868088722229,1.4673879146575928,1.4855773448944092,0.8749166666666667,,,,,,,,,,,,,,,,,,,,,13,,95,95,0,770198264,0,0,0,16,0,0.222377210855484,1.0,-6.284279823303223,0.3843786120414734,252.0,0.5743681620806456,2304.61328125,67.03369140625,,data/instances/transfer/real_05.cip
mix_16_0,7,319,319,A,,60.0,100,0.47078937292099,1.4817372560501099,4.841651916503906,0.8749166666666667,,,,,,,,,,,,,,,,,,,,,13,,95,95,0,770198264,0,0,0,16,0,0.34178802371025085,1.0,-6.24707555770874,0.45226427912712097,252.0,0.5936696026474237,2304.61328125,67.03369140625,,data/instances/transfer/real_05.cip
mix_16_0,7,320,320,A,,60.0,100,0.3974655866622925,1.7973772287368774,2.617323875427246,0.8749166666666667,,,,,,,,,,,,,,,,,,,,,10,,95,95,0,770198264,0,0,0,16,0,0.24761395156383514,1.0,-5.995621681213379,0.590223491191864,252.0,0.5774043127894402,2304.61328125,67.03369140625,,data/instances/transfer/real_05.cip
mix_16_0,7,321,321,A,,60.0,100,0.7772655487060547,2.1555895805358887,0.8304010033607483,0.8733333333333333,,,,,,,,,,,,,,,,,,,,,10,,96,96,0,778928976,0,0,0,16,0,0.39810290932655334,1.0,-5.926662445068359,0.4000219702720642,17.0,0.4717482775449753,2309.125,67.03369140625,,data/instances/transfer/real_05.cip
mix_16_0,7,322,322,A,,60.0,100,0.31756269931793213,1.2107291221618652,1.8898361921310425,0.8733333333333333,,,,,,,,,,,,,,,,,,,,,14,,96,96,0,778928976,0,0,0,16,0,0.30997323989868164,1.0,-5.861912727355957,0.3576105237007141,17.0,0.5933602340519428,2309.125,67.03369140625,,data/instances/transfer/real_05.cip
mix_16_0,7,323,323,A,,60.0,100,0.2843383848667145,1.728259801864624,1.9921313524246216,0.8733333333333333,,,,,,,,,,,,,,,,,,,,,11,,96,96,0,778928976,0,0,0,16,0,0.1829334944486618,1.0,-5.753125190734863,0.4405318796634674,17.0,0.5911234393715858,2309.125,67.03369140625,,data/instances/transfer/real_05.cip
mix_16_0,7,324,324,A,,60.0,100,0.6550047397613525,2.2154526710510254,2.3387529850006104,0.8733333333333333,,,,,,,,,,,,,,,,,,,,,9,,96,96,0,778928976,0,0,0,16,0,0.32026681303977966,1.0,-5.475246429443359,0.5000697374343872,17.0,0.560062063857913,2309.125,67.03369140625,,data/instances/transfer/real_05.cip
mix_16_0,7,325,325,A,,60.0,100,0.4573022127151489,1.4100879430770874,5.859843730926514,0.87175,,,,,,,,,,,,,,,,,,,,,13,,97,97,0,787654528,0,0,0,16,0,0.3737351596355438,1.0,-5.791801452636719,0.45807743072509766,235.0,0.5187657494097948,2313.6171875,67.03369140625,,data/instances/transfer/real_05.cip
mix_16_0,7,326,326,A,,60.0,100,0.4367160201072693,1.5413799285888672,1.8114964962005615,0.87175,,,,,,,,,,,,,,,,,,,,,11,,97,97,0,787654528,0,0,0,16,0,0.3268386125564575,1.0,-5.985095977783203,0.46781790256500244,235.0,0.4571903236210346,2313.6171875,67.03369140625,,data/instances/transfer/real_05.cip
mix_16_0,7,327,327,A,,60.0,100,0.624527633190155,1.9916954040527344,1.2018522024154663,0.87175,,,,,,,,,,,,,,,,,,,,,10,,97,97,0,787654528,0,0,0,16,0,0.350995808839798,1.0,-5.985269546508789,0.5380818843841553,235.0,0.31973258778452873,2313.6171875,67.03369140625,,data/instances/transfer/real_05.cip
mix_16_0,7,328,328,A,,60.0,100,0.2088559865951538,1.4825050830841064,1.1782046556472778,0.87175,,,,,,,,,,,,,,,,,,,,,11,,97,97,0,787654528,0,0,0,16,0,0.16417643427848816,1.0,-6.158384323120117,0.4717196822166443,235.0,0.327591510489583,2313.6171875,67.03369140625,,data/instances/transfer/real_05.cip
mix_16_0,7,329,329,A,,60.0,100,0.4391840696334839,2.042393207550049,0.7459742426872253,0.8701666666666666,,,,,,,,,,,,,,,,,,,,,10,,98,98,0,796401072,0,0,0,16,0,0.2328103929758072,1.0,-6.099347114562988,0.5137445330619812,1.0,0.4488104712218046,2320.82421875,67.03369140625,,data/instances/transfer/real_05.cip
mix_16_0,7,330,330,A,,60.0,100,0.6656200289726257,2.536874294281006,5.287865161895752,0.8701666666666666,,,,,,,,,,,,,,,,,,,,,9,,98,98,0,796401072,0,0,0,16,0,0.2906998097896576,1.0,-6.382756233215332,0.3951238989830017,1.0,0.5430116634815931,2320.82421875,67.03369140625,,data/instances/transfer/real_05.cip
mix_16_0,7,331,331,A,,60.0,100,0.44369715452194214,1.4374229907989502,1.1559911966323853,0.8701666666666666,,,,,,,,,,,,,,,,,,,,,12,,98,98,0,796401072,0,0,0,16,0,0.3546164035797119,1.0,-6.342555999755859,0.30808937549591064,1.0,0.5977094043046236,2320.82421875,67.03369140625,,data/instances/transfer/real_05.cip
mix_16_0,7,332,332,A,,60.0,100,0.17993669211864471,1.27962327003479,0.6399904489517212,0.8701666666666666,,,,,,,,,,,,,,,,,,,,,13,,98,98,0,796401072,0,0,0,16,0,0.16199848055839539,1.0,-6.182919502258301,0.5350193977355957,1.0,0.5781770329922438,2320.82421875,67.03369140625,,data/instances/transfer/real_05.cip
mix_16_0,7,333,333,A,,60.0,100,0.7757565379142761,1.9835312366485596,4.612547874450684,0.8685833333333334,,,,,,,,,,,,,,,,,,,,,10,,99,99,0,805153988,0,0,0,16,0,0.43329957127571106,1.0,-5.961041450500488,0.431887149810791,57.0,0.4885407332330942,2323.3984375,67.03369140625,,data/instances/transfer/real_05.cip
mix_16_0,7,334,334,A,,60.0,100,0.4613712430000305,1.6228808164596558,1.099157691001892,0.8685833333333334,,,,,,,,,,,,,,,,,,,,,11,,99,99,0,805153988,0,0,0,16,0,0.32971686124801636,1.0,-6.03126335144043,0.5782926678657532,57.0,0.3369330521672964,2323.3984375,67.03369140625,,data/instances/transfer/real_05.cip
mix_16_0,7,335,335,A,,60.0,100,0.5277889966964722,1.968641996383667,2.5064563751220703,0.8685833333333334,,,,,,,,,,,,,,,,,,,,,11,,99,99,0,805153988,0,0,0,16,0,0.2933596968650818,1.0,-5.895556449890137,0.4041902720928192,57.0,0.47538547590374947,2323.40625,67.03369140625,,data/instances/transfer/real_05.cip
mix_16_0,7,336,336,A,,60.0,100,0.2533922493457794,1.2241860628128052,1.3930882215499878,0.8685833333333334,,,,,,,,,,,,,,,,,,,,,12,,99,99,0,805153988,0,0,0,16,0,0.24488335847854614,1.0,-5.891101837158203,0.5850816965103149,57.0,0.5812192093580961,2323.40625,67.03369140625,,data/instances/transfer/real_05.cip
mix_16_0,7,337,337,A,,60.0,100,0.1936916559934616,1.6279770135879517,2.9520928859710693,0.867,,,,,,,,,,,,,,,,,,,,,12,,100,100,0,813900764,0,0,0,16,0,0.11939340829849243,1.0,-5.812183380126953,0.6408651471138,270.0,0.5005383957177401,2333.28515625,67.03369140625,,data/instances/transfer/real_05.cip
mix_16_0,7,338,338,A,,60.0,100,0.2925565838813782,1.2783994674682617,5.343982696533203,0.867,,,,,,,,,,,,,,,,,,,,,14,,100,100,0,813900764,0,0,0,16,0,0.26839351654052734,1.0,-5.712912559509277,0.3742668628692627,270.0,0.5746659059077501,2333.28515625,67.03369140625,,data/instances/transfer/real_05.cip
mix_16_0,7,339,339,A,,60.0,100,0.2799686789512634,1.9768303632736206,1.3913805484771729,0.867,,,,,,,,,,,,,,,,,,,,,11,,100,100,0,813900764,0,0,0,16,0,0.16063298285007477,1.0,-5.812737464904785,0.3153976798057556,270.0,0.5763034671545029,2333.28515625,67.03369140625,,data/instances/transfer/real_05.cip
mix_16_0,7,340,340,A,,60.0,100,0.4880979061126709,1.4917287826538086,3.2493350505828857,0.867,,,,,,,,,,,,,,,,,,,,,12,,100,100,0,813900764,0,0,0,16,0,0.38124796748161316,1.0,-6.132585525512695,0.4205487072467804,270.0,0.5805024895817041,2333.28515625,67.03369140625,,data/instances/transfer/real_05.cip
mix_16_0,7,341,341,A,,60.0,100,0.39968341588974,1.6323158740997314,4.399838924407959,0.8654166666666667,,,,,,,,,,,,,,,,,,,,,11,,101,101,0,822668936,0,0,0,16,0,0.2653496265411377,1.0,-6.42515230178833,0.4058837592601776,62.0,0.48560940101742744,2335.859375,67.03369140625,,data/instances/transfer/real_05.cip
mix_16_0,7,342,342,A,,60.0,100,0.7034403681755066,2.3622324466705322,8.146385192871094,0.8654166666666667,,,,,,,,,,,,,,,,,,,,,9,,101,101,0,822668936,0,0,0,16,0,0.32251420617103577,1.0,-6.477869987487793,0.3832125663757324,62.0,0.5280122887343168,2335.859375,67.03369140625,,data/instances/transfer/real_05.cip
mix_16_0,7,343,343,A,,60.0,100,0.32854270935058594,2.025012731552124,2.979583978652954,0.8654166666666667,,,,,,,,,,,,,,,,,,,,,11,,101,101,0,822668936,0,0,0,16,0,0.17537158727645874,1.0,-6.452272415161133,0.534313440322876,62.0,0.5611822288483381,2335.859375,67.03369140625,,data/instances/transfer/real_05.cip
mix_16_0,7,344,344,A,,60.0,100,0.6372455358505249,2.011058807373047,1.01292884349823,0.8654166666666667,,,,,,,,,,,,,,,,,,,,,11,,101,101,0,822668936,0,0,0,16,0,0.3611285984516144,1.0,-6.180825710296631,0.33211836218833923,62.0,0.4568123184144497,2335.859375,67.03369140625,,data/instances/transfer/real_05.cip
episode,7,344,344,A,,60.0,100,0.6372455358505249,2.011058807373047,1.01292884349823,0.8638333333333333,-13.027199999999997,-13.0,-0.027200000000000002,-13.027199999999997,True,14,61.023132,,,,,,,,inf,1e+20,120.0,inf,0.0,14874,11,True,103,103,0,840197112,0,0,0,16,0,,,,,122.0,,2103.05859375,67.03369140625,timelimit,data/instances/transfer/real_05.cip
mix_16_0,8,345,345,A,,60.0,100,0.3040310740470886,1.2734200954437256,2.363600015640259,0.8638333333333333,,,,,,,,,,,,,,,,,,,,,13,,103,103,0,840197112,0,0,0,16,0,0.28929418325424194,1.0,-6.06501579284668,0.6426647901535034,224.0,0.5084413103759289,2178.36328125,67.03369140625,,data/instances/train/real_06.cip
mix_16_0,8,346,346,A,,60.0,100,0.355543315410614,1.5010278224945068,2.022310733795166,0.8638333333333333,,,,,,,,,,,,,,,,,,,,,12,,103,103,0,840197112,0,0,0,16,0,0.27996477484703064,1.0,-6.03324031829834,0.5853509306907654,224.0,0.5629593916237354,2178.36328125,67.03369140625,,data/instances/train/real_06.cip
mix_16_0,8,347,347,A,,60.0,100,0.3427053987979889,1.4859766960144043,5.780144214630127,0.8638333333333333,,,,,,,,,,,,,,,,,,,,,12,,103,103,0,840197112,0,0,0,16,0,0.25884056091308594,1.0,-5.911670207977295,0.39385396242141724,224.0,0.5888315085321665,2178.36328125,67.03369140625,,data/instances/train/real_06.cip
mix_16_0,8,348,348,A,,60.0,100,0.22083845734596252,1.2409632205963135,2.79711651802063,0.8638333333333333,,,,,,,,,,,,,,,,,,,,,13,,103,103,0,840197112,0,0,0,16,0,0.19443492591381073,1.0,-6.102519512176514,0.535944938659668,224.0,0.5947166308760643,2178.36328125,67.03369140625,,data/instances/train/real_06.cip
mix_16_0,8,349,349,A,,60.0,100,0.5995757579803467,1.7398993968963623,3.425029754638672,0.86225,,,,,,,,,,,,,,,,,,,,,11,,103,103,0,840197112,0,0,0,16,0,0.396522581577301,1.0,-6.068698406219482,0.4868418872356415,222.0,0.49012227542698383,2178.36328125,67.03369140625,,data/instances/train/real_06.cip
mix_16_0,8,350,350,A,,60.0,100,0.42799216508865356,1.5372190475463867,1.4069966077804565,0.86225,,,,,,,,,,,,,,,,,,,,,12,,103,103,0,840197112,0,0,0,16,0,0.3359743654727936,1.0,-6.0634660720825195,0.4109439253807068,222.0,0.5781952850520611,2178.36328125,67.03369140625,,data/instances/train/real_06.cip
mix_16_0,8,351,351,A,,60.0,100,0.20380531251430511,1.4043736457824707,2.3672778606414795,0.86225,,,,,,,,,,,,,,,,,,,,,13,,103,103,0,840197112,0,0,0,16,0,0.17469023168087006,1.0,-6.334725856781006,0.4406547248363495,222.0,0.5876482129096985,2178.36328125,67.03369140625,,data/instances/train/real_06.cip
mix_16_0,8,352,352,A,,60.0,100,0.29861199855804443,1.2481461763381958,1.9340767860412598,0.86225,,,,,,,,,,,,,,,,,,,,,13,,103,103,0,840197112,0,0,0,16,0,0.2882951498031616,1.0,-6.306400775909424,0.5652291774749756,222.0,0.6017004046589136,2178.36328125,67.03369140625,,data/instances/train/real_06.cip
mix_16_0,8,353,353,A,,60.0,100,0.18099282681941986,1.0195894241333008,3.031496286392212,0.8606666666666667,,,,,,,,,,,,,,,,,,,,,14,,104,104,0,845488904,0,0,0,16,0,0.21865887939929962,1.0,-6.336869239807129,0.49351632595062256,114.0,0.5174661595374346,2178.37109375,67.03369140625,,data/instances/train/real_06.cip
mix_16_0,8,354,354,A,,60.0,100,0.2583743929862976,1.4999796152114868,0.5715028643608093,0.8606666666666667,,,,,,,,,,,,,,,,,,,,,12,,104,104,0,845488904,0,0,0,16,0,0.19641150534152985,1.0,-6.469421863555908,0.3926592469215393,114.0,0.5483129639178514,2178.37109375,67.03369140625,,data/instances/train/real_06.cip
mix_16_0,8,355,355,A,,60.0,100,0.2802956700325012,1.2171313762664795,4.073862552642822,0.8606666666666667,,,,,,,,,,,,,,,,,,,,,13,,104,104,0,845488904,0,0,0,16,0,0.26949942111968994,1.0,-6.894279479980469,0.5563982129096985,114.0,0.4142769444733858,2178.37109375,67.03369140625,,data/instances/train/real_06.cip
mix_16_0,8,356,356,A,,60.0,100,0.3953610360622406,1.5576242208480835,2.9130256175994873,0.8606666666666667,,,,,,,,,,,,,,,,,,,,,12,,104,104,0,845488904,0,0,0,16,0,0.29257625341415405,1.0,-6.741308212280273,0.5273693203926086,114.0,0.391317643225193,2178.37890625,67.03369140625,,data/instances/train/real_06.cip
mix_16_0,8,357,357,A,,60.0,100,0.5855007767677307,2.1987385749816895,5.000926494598389,0.8590833333333333,,,,,,,,,,,,,,,,,,,,,11,,105,105,0,850688704,0,0,0,16,0,0.3033655285835266,1.0,-6.650618553161621,0.6978115439414978,219.0,0.3495911192148924,2178.37890625,67.03369140625,,data/instances/train/real_06.cip
mix_16_0,8,358,358,A,,60.0,100,0.4155573546886444,1.8989014625549316,1.6384029388427734,0.8590833333333333,,,,,,,,,,,,,,,,,,,,,11,,105,105,0,850688704,0,0,0,16,0,0.240304633975029,1.0,-6.469344615936279,0.47810640931129456,219.0,0.3643149100244045,2178.37890625,67.03369140625,,data/instances/train/real_06.cip
mix_16_0,8,359,359,A,,60.0,100,0.3168206810951233,1.714326024055481,1.3436115980148315,0.8590833333333333,,,,,,,,,,,,,,,,,,,,,11,,105,105,0,850688704,0,0,0,16,0,0.20598968863487244,1.0,-6.471014976501465,0.598286509513855,219.0,0.38574649952352047,2178.37890625,67.03369140625,,data/instances/train/real_06.cip
mix_16_0,8,360,360,A,,60.0,100,0.3083347678184509,1.712698221206665,2.70363450050354,0.8590833333333333,,,,,,,,,,,,,,,,,,,,,11,,105,105,0,850688704,0,0,0,16,0,0.19763019680976868,1.0,-6.110804557800293,0.5322756767272949,219.0,0.36606138199567795,2178.37890625,67.03369140625,,data/instances/train/real_06.cip
mix_16_0,8,361,361,A,,60.0,100,0.49886471033096313,1.626275897026062,1.4512957334518433,0.8575,,,,,,,,,,,,,,,,,,,,,10,,106,106,0,855845428,0,0,0,16,0,0.3394523561000824,1.0,-6.154001235961914,0.6870125532150269,1.0,0.42895958945155144,2178.37890625,67.03369140625,,data/instances/train/real_06.cip
mix_16_0,8,362,362,A,,60.0,100,0.741012454032898,2.1180367469787598,3.173460006713867,0.8575,,,,,,,,,,,,,,,,,,,,,10,,106,106,0,855845428,0,0,0,16,0,0.3770028352737427,1.0,-5.7862653732299805,0.5274856686592102,1.0,0.5433375239372253,2178.37890625,67.03369140625,,data/instances/train/real_06.cip
mix_16_0,8,363,363,A,,60.0,100,0.3240911364555359,1.4212157726287842,1.9876649379730225,0.8575,,,,,,,,,,,,,,,,,,,,,12,,106,106,0,855845428,0,0,0,16,0,0.24468491971492767,1.0,-6.005303382873535,0.6592033505439758,1.0,0.5921274237334728,2178.37890625,67.03369140625,,data/instances/train/real_06.cip
mix_16_0,8,364,364,A,,60.0,100,0.5819103121757507,1.8936262130737305,4.9183173179626465,0.8575,,,,,,,,,,,,,,,,,,,,,12,,106,106,0,855845428,0,0,0,16,0,0.33892789483070374,1.0,-6.042688846588135,0.608839213848114,1.0,0.5950491614639759,2178.37890625,67.03369140625,,data/instances/train/real_06.cip
mix_16_0,8,365,365,A,,60.0,100,0.7902629375457764,1.7752004861831665,2.702636957168579,0.8559166666666667,,,,,,,,,,,,,,,,,,,,,11,,107,107,0,860891732,0,0,0,16,0,0.5198544263839722,1.0,-6.310835361480713,0.6279658675193787,38.0,0.4870462194085121,2178.37890625,67.03369140625,,data/instances/train/real_06.cip
mix_16_0,8,366,366,A,,60.0,100,0.5730106234550476,1.9148319959640503,0.8011637926101685,0.8559166666666667,,,,,,,,,,,,,,,,,,,,,11,,107,107,0,860891732,0,0,0,16,0,0.3424030542373657,1.0,-6.3303961753845215,0.6655322313308716,38.0,0.5661253556609154,2178.37890625,67.03369140625,,data/instances/train/real_06.cip
mix_16_0,8,367,367,A,,60.0,100,0.32860487699508667,1.3408371210098267,1.923244595527649,0.8559166666666667,,,,,,,,,,,,,,,,,,,,,12,,107,107,0,860891732,0,0,0,16,0,0.2974286377429962,1.0,-6.553166389465332,0.604261040687561,38.0,0.6019003558903933,2178.37890625,67.03369140625,,data/instances/train/real_06.cip
mix_16_0,8,368,368,A,,60.0,100,0.134040966629982,1.2530579566955566,1.039928674697876,0.8559166666666667,,,,,,,,,,,,,,,,,,,,,12,,107,107,0,860891732,0,0,0,16,0,0.1206124797463417,1.0,-6.7268218994140625,0.7423638105392456,38.0,0.5906293597072363,2178.37890625,67.03369140625,,data/instances/train/real_06.cip
mix_16_0,8,369,369,A,,60.0,100,0.22325660288333893,1.0877141952514648,0.5611981749534607,0.8543333333333334,,,,,,,,,,,,,,,,,,,,,14,,108,108,0,865938684,0,0,0,16,0,0.2529773712158203,1.0,-6.794779300689697,0.49480700492858887,161.0,0.5214648153632879,2178.37890625,67.03369140625,,data/instances/train/real_06.cip
mix_16_0,8,370,370,A,,60.0,100,0.20828548073768616,1.0706875324249268,3.5711846351623535,0.8543333333333334,,,,,,,,,,,,,,,,,,,,,14,,108,108,0,865938684,0,0,0,16,0,0.2245146632194519,1.0,-7.005094051361084,0.6148207783699036,161.0,0.5831003785133362,2178.3828125,67.03369140625,,data/instances/train/real_06.cip
mix_16_0,8,371,371,A,,60.0,100,0.5965490341186523,2.5976035594940186,6.425021171569824,0.8543333333333334,,,,,,,,,,,,,,,,,,,,,9,,108,108,0,865938684,0,0,0,16,0,0.2502603530883789,1.0,-6.576821327209473,0.6961272954940796,161.0,0.5593941863626242,2178.3828125,67.03369140625,,data/instances/train/real_06.cip
mix_16_0,8,372,372,A,,60.0,100,0.23337504267692566,1.3772062063217163,0.7826738953590393,0.8543333333333334,,,,,,,,,,,,,,,,,,,,,13,,108,108,0,865938684,0,0,0,16,0,0.20171064138412476,1.0,-6.764654159545898,0.5691377520561218,161.0,0.6031012032181025,2178.3828125,67.03369140625,,data/instances/train/real_06.cip
mix_16_0,8,373,373,A,,60.0,100,0.3486540615558624,1.8971933126449585,0.7174059748649597,0.85275,,,,,,,,,,,,,,,,,,,,,10,,109,109,0,871052048,0,0,0,16,0,0.21049587428569794,1.0,-6.274614334106445,0.5519136190414429,46.0,0.466925797984004,2178.3828125,67.03369140625,,data/instances/train/real_06.cip
mix_16_0,8,374,374,A,,60.0,100,0.2856314182281494,1.5364736318588257,2.5162007808685303,0.85275,,,,,,,,,,,,,,,,,,,,,12,,109,109,0,871052048,0,0,0,16,0,0.20791000127792358,1.0,-6.215009689331055,0.6485568881034851,46.0,0.5769180916249752,2178.3828125,67.03369140625,,data/instances/train/real_06.cip
mix_16_0,8,375,375,A,,60.0,100,0.37591031193733215,1.8569884300231934,3.1968300342559814,0.85275,,,,,,,,,,,,,,,,,,,,,10,,109,109,0,871052048,0,0,0,16,0,0.21574907004833221,1.0,-6.145119667053223,0.7974278926849365,46.0,0.5583242904394865,2178.3828125,67.03369140625,,data/instances/train/real_06.cip
mix_16_0,8,376,376,A,,60.0,100,0.30399957299232483,1.3567514419555664,3.379756450653076,0.85275,,,,,,,,,,,,,,,,,,,,,13,,109,109,0,871052048,0,0,0,16,0,0.2523030638694763,1.0,-6.126381874084473,0.5313445925712585,46.0,0.5988369267433882,2178.3828125,67.03369140625,,data/instances/train/real_06.cip
mix_16_0,8,377,377,A,,60.0,100,0.18189013004302979,0.900412917137146,5.018613815307617,0.8511666666666666,,,,,,,,,,,,,,,,,,,,,15,,110,110,0,876204724,0,0,0,16,0,0.2285105586051941,1.0,-6.324160099029541,0.7117370963096619,180.0,0.5222691465169191,2178.3828125,67.03369140625,,data/instances/train/real_06.cip
mix_16_0,8,378,378,A,,60.0,100,0.08802630007266998,0.6473482847213745,3.8177695274353027,0.8511666666666666,,,,,,,,,,,,,,,,,,,,,15,,110,110,0,876204724,0,0,0,16,0,0.20105914771556854,1.0,-6.803010940551758,0.5920943021774292,180.0,0.5801899526268244,2178.3828125,67.03369140625,,data/instances/train/real_06.cip
mix_16_0,8,379,379,A,,60.0,100,0.09715002775192261,0.9909244179725647,1.183106541633606,0.8511666666666666,,,,,,,,,,,,,,,,,,,,,14,,110,110,0,876204724,0,0,0,16,0,0.11630310118198395,1.0,-7.073396682739258,0.5475288033485413,180.0,0.5920500792562962,2178.3828125,67.03369140625,,data/instances/train/real_06.cip
mix_16_0,8,380,380,A,,60.0,100,0.5208781361579895,1.6518551111221313,8.661293983459473,0.8511666666666666,,,,,,,,,,,,,,,,,,,,,12,,110,110,0,876204724,0,0,0,16,0,0.345377117395401,1.0,-7.007392883300781,0.7125823497772217,180.0,0.5834023002535105,2178.3828125,67.03369140625,,data/instances/train/real_06.cip
mix_16_0,8,381,381,A,,60.0,100,0.5075200796127319,1.685054898262024,1.6710550785064697,0.8495833333333334,,,,,,,,,,,,,,,,,,,,,11,,111,111,0,881364924,0,0,0,16,0,0.3445322811603546,1.0,-6.8242902755737305,0.4558805227279663,1.0,0.4716123528778553,2178.3828125,67.03369140625,,data/instances/train/real_06.cip
mix_16_0,8,382,382,A,,60.0,100,0.28928321599960327,1.0224032402038574,1.2693727016448975,0.8495833333333334,,,,,,,,,,,,,,,,,,,,,14,,111,111,0,881364924,0,0,0,16,0,0.387599378824234,1.0,-7.088013172149658,0.598577082157135,1.0,0.586978405714035,2178.3828125,67.03369140625,,data/instances/train/real_06.cip
mix_16_0,8,383,383,A,,60.0,100,0.3003387451171875,1.0754739046096802,2.908400297164917,0.8495833333333334,,,,,,,,,,,,,,,,,,,,,13,,111,111,0,881364924,0,0,0,16,0,0.3329034745693207,1.0,-6.986361026763916,0.8858851194381714,1.0,0.5847973171621561,2178.3828125,67.03369140625,,data/instances/train/real_06.cip
mix_16_0,8,384,384,A,,60.0,100,0.3696427047252655,1.292328953742981,1.0988608598709106,0.8495833333333334,,,,,,,,,,,,,,,,,,,,,12,,111,111,0,881364924,0,0,0,16,0,0.33848562836647034,1.0,-6.8901824951171875,0.8251284956932068,1.0,0.5992940869182348,2178.3828125,67.03369140625,,data/instances/train/real_06.cip
mix_16_0,8,385,385,A,,60.0,100,0.36729830503463745,1.5781865119934082,1.0540978908538818,0.848,,,,,,,,,,,,,,,,,,,,,11,,112,112,0,886400920,0,0,0,16,0,0.26541614532470703,1.0,-6.552159309387207,0.8273322582244873,18.0,0.4910106938332319,2178.42578125,67.03369140625,,data/instances/train/real_06.cip
mix_16_0,8,386,386,A,,60.0,100,0.2712825536727905,1.2725692987442017,6.060314655303955,0.848,,,,,,,,,,,,,,,,,,,,,13,,112,112,0,886400920,0,0,0,16,0,0.22246481478214264,1.0,-6.523178577423096,0.8241398334503174,18.0,0.574342917650938,2178.42578125,67.03369140625,,data/instances/train/real_06.cip
mix_16_0,8,387,387,A,,60.0,100,0.4813944101333618,1.44385826587677,8.897473335266113,0.848,,,,,,,,,,,,,,,,,,,,,13,,112,112,0,886400920,0,0,0,16,0,0.3510621190071106,1.0,-6.547968864440918,0.6301507353782654,18.0,0.5934536140412092,2178.42578125,67.03369140625,,data/instances/train/real_06.cip
mix_16_0,8,388,388,A,,60.0,100,0.3319748640060425,1.4874533414840698,0.9387626051902771,0.848,,,,,,,,,,,,,,,,,,,,,12,,112,112,0,886400920,0,0,0,16,0,0.25556570291519165,1.0,-6.994378089904785,0.742297351360321,18.0,0.5866651013493538,2178.42578125,67.03369140625,,data/instances/train/real_06.cip
mix_16_0,8,389,389,A,,60.0,100,0.21891546249389648,1.2209386825561523,1.2247329950332642,0.8464166666666667,,,,,,,,,,,,,,,,,,,,,13,,113,113,0,891435680,0,0,0,16,0,0.2013980746269226,1.0,-7.396427154541016,0.8147043585777283,195.0,0.5000242814421654,2178.42578125,67.03369140625,,data/instances/train/real_06.cip
mix_16_0,8,390,390,A,,60.0,100,0.5269516706466675,1.7637591361999512,8.63403034210205,0.8464166666666667,,,,,,,,,,,,,,,,,,,,,12,,113,113,0,891435680,0,0,0,16,0,0.31404536962509155,1.0,-7.262581825256348,0.7011862993240356,195.0,0.5736623927950859,2178.42578125,67.03369140625,,data/instances/train/real_06.cip
mix_16_0,8,391,391,A,,60.0,100,0.3998631536960602,1.1566091775894165,9.444639205932617,0.8464166666666667,,,,,,,,,,,,,,,,,,,,,14,,113,113,0,891435680,0,0,0,16,0,0.41228118538856506,1.0,-7.658045291900635,0.5928162932395935,195.0,0.6028706338256598,2178.42578125,67.03369140625,,data/instances/train/real_06.cip
mix_16_0,8,392,392,A,,60.0,100,0.4128904938697815,2.469536542892456,2.8880321979522705,0.8464166666666667,,,,,,,,,,,,,,,,,,,,,9,,113,113,0,891435680,0,0,0,16,0,0.18706046044826508,1.0,-6.761950969696045,0.7715460658073425,195.0,0.5681055840104818,2178.42578125,67.03369140625,,data/instances/train/real_06.cip
mix_16_0,8,393,393,A,,60.0,100,0.2036847025156021,0.8119779825210571,7.352994918823242,0.8448333333333333,,,,,,,,,,,,,,,,,,,,,15,,114,114,0,896393296,0,0,0,16,0,0.3185533583164215,1.0,-7.028387069702148,0.5493306517601013,1.0,0.5271220225840807,2178.42578125,67.03369140625,,data/instances/train/real_06.cip
mix_16_0,8,394,394,A,,60.0,100,0.2599581480026245,1.6348028182983398,5.3393120765686035,0.8448333333333333,,,,,,,,,,,,,,,,,,,,,13,,114,114,0,896393296,0,0,0,16,0,0.1710776537656784,1.0,-6.3993635177612305,0.7441883087158203,1.0,0.5520664844661951,2178.42578125,67.03369140625,,data/instances/train/real_06.cip
mix_16_0,8,395,395,A,,60.0,100,0.5403586626052856,1.8486309051513672,8.063325881958008,0.8448333333333333,,,,,,,,,,,,,,,,,,,,,12,,114,114,0,896393296,0,0,0,16,0,0.31959372758865356,1.0,-6.255677223205566,0.7254919409751892,1.0,0.5901200864464045,2178.42578125,67.03369140625,,data/instances/train/real_06.cip
mix_16_0,8,396,396,A,,60.0,100,0.24686086177825928,1.8311009407043457,0.6114275455474854,0.8448333333333333,,,,,,,,,,,,,,,,,,,,,11,,114,114,0,896393296,0,0,0,16,0,0.1570066660642624,1.0,-6.966814041137695,0.8410109877586365,1.0,0.5752998553216457,2178.42578125,67.03369140625,,data/instances/train/real_06.cip
mix_16_0,8,397,397,A,,60.0,100,0.8795657753944397,2.699716091156006,3.5559983253479004,0.84325,,,,,,,,,,,,,,,,,,,,,9,,115,115,0,901033424,0,0,0,16,0,0.35946905612945557,1.0,-7.139052867889404,0.565189778804779,1.0,0.4570214990526438,2178.42578125,67.03369140625,,data/instances/train/real_06.cip
mix_16_0,8,398,398,A,,60.0,100,0.44855570793151855,1.7277625799179077,1.282620906829834,0.84325,,,,,,,,,,,,,,,,,,,,,12,,115,115,0,901033424,0,0,0,16,0,0.2869304418563843,1.0,-7.352676868438721,0.6648409962654114,1.0,0.5917341411113739,2178.42578125,67.03369140625,,data/instances/train/real_06.cip
mix_16_0,8,399,399,A,,60.0,100,0.1495421975851059,0.9359447956085205,2.19819974899292,0.84325,,,,,,,,,,,,,,,,,,,,,14,,115,115,0,901033424,0,0,0,16,0,0.21075455844402313,1.0,-7.529026508331299,0.7613623738288879,1.0,0.601049954071641,2178.42578125,67.03369140625,,data/instances/train/real_06.cip
mix_16_0,8,400,400,A,,60.0,100,0.479663610458374,1.7102861404418945,6.517653465270996,0.84325,,,,,,,,,,,,,,,,,,,,,12,,115,115,0,901033424,0,0,0,16,0,0.320314884185791,1.0,-7.416502952575684,0.8806367516517639,1.0,0.5799894127994776,2178.42578125,67.03369140625,,data/instances/train/real_06.cip
mix_16_0,8,401,401,A,,60.0,100,0.40790072083473206,1.3742361068725586,1.557594656944275,0.8416666666666667,,,,,,,,,,,,,,,,,,,,,13,,116,116,0,905671096,0,0,0,16,0,0.319495290517807,1.0,-7.309193134307861,0.7059946060180664,118.0,0.5071160271763802,2178.42578125,67.03369140625,,data/instances/train/real_06.cip
mix_16_0,8,402,402,A,,60.0,100,0.20958386361598969,1.457993984222412,2.3958072662353516,0.8416666666666667,,,,,,,,,,,,,,,,,,,,,13,,116,116,0,905671096,0,0,0,16,0,0.1733780950307846,1.0,-7.277552127838135,0.534147322177887,118.0,0.5731448959559202,2178.4296875,67.03369140625,,data/instances/train/real_06.cip
mix_16_0,8,403,403,A,,60.0,100,0.40253615379333496,1.870597004890442,1.3496017456054688,0.8416666666666667,,,,,,,,,,,,,,,,,,,,,11,,116,116,0,905671096,0,0,0,16,0,0.23358254134655,1.0,-7.161961555480957,0.631598949432373,118.0,0.5730983447283506,2178.4296875,67.03369140625,,data/instances/train/real_06.cip
mix_16_0,8,404,404,A,,60.0,100,0.37589865922927856,2.28120493888855,1.2465548515319824,0.8416666666666667,,,,,,,,,,,,,,,,,,,,,10,,116,116,0,905671096,0,0,0,16,0,0.18085455894470215,1.0,-6.759827613830566,0.9381577968597412,118.0,0.5709114316850901,2178.4296875,67.03369140625,,data/instances/train/real_06.cip
mix_16_0,8,405,405,A,,60.0,100,0.20242524147033691,1.362199306488037,3.4285526275634766,0.8400833333333333,,,,,,,,,,,,,,,,,,,,,13,,117,117,0,910183224,0,0,0,16,0,0.16512757539749146,1.0,-6.977849960327148,0.5657061338424683,1.0,0.5215554367750883,2178.4296875,67.03369140625,,data/instances/train/real_06.cip
mix_16_0,8,406,406,A,,60.0,100,0.5790278911590576,1.9609136581420898,1.936446189880371,0.8400833333333333,,,,,,,,,,,,,,,,,,,,,10,,117,117,0,910183224,0,0,0,16,0,0.3329792320728302,1.0,-6.558195114135742,1.0663650035858154,1.0,0.5331032928079367,2178.4296875,67.03369140625,,data/instances/train/real_06.cip
mix_16_0,8,407,407,A,,60.0,100,0.21207386255264282,1.0486018657684326,2.4822378158569336,0.8400833333333333,,,,,,,,,,,,,,,,,,,,,14,,117,117,0,910183224,0,0,0,16,0,0.24253001809120178,1.0,-7.135313510894775,0.7808182239532471,1.0,0.6091753877699375,2178.4296875,67.03369140625,,data/instances/train/real_06.cip
mix_16_0,8,408,408,A,,60.0,100,0.6392881870269775,2.0792646408081055,2.029973030090332,0.8400833333333333,,,,,,,,,,,,,,,,,,,,,10,,117,117,0,910183224,0,0,0,16,0,0.3396564722061157,1.0,-7.03115177154541,0.8970978856086731,1.0,0.574782183393836,2178.4296875,67.03369140625,,data/instances/train/real_06.cip
mix_16_0,8,409,409,A,,60.0,100,0.33308660984039307,1.441632628440857,3.001415967941284,0.8385,,,,,,,,,,,,,,,,,,,,,13,,118,118,0,914366944,0,0,0,16,0,0.26301175355911255,1.0,-7.219245910644531,0.6656211018562317,12.0,0.5086338873952627,2178.4296875,67.03369140625,,data/instances/train/real_06.cip
mix_16_0,8,410,410,A,,60.0,100,0.15431584417819977,1.1272612810134888,1.1870427131652832,0.8385,,,,,,,,,,,,,,,,,,,,,13,,118,118,0,914366944,0,0,0,16,0,0.1631806194782257,1.0,-7.392655372619629,0.7991664409637451,12.0,0.5706603117287159,2178.4296875,67.03369140625,,data/instances/train/real_06.cip
mix_16_0,8,411,411,A,,60.0,100,0.7769339680671692,2.000018358230591,3.1237194538116455,0.8385,,,,,,,,,,,,,,,,,,,,,11,,118,118,0,914366944,0,0,0,16,0,0.43467918038368225,1.0,-7.319108009338379,0.6665767431259155,12.0,0.5731383413076401,2178.4296875,67.03369140625,,data/instances/train/real_06.cip
mix_16_0,8,412,412,A,,60.0,100,0.7309069037437439,2.8084988594055176,5.634859561920166,0.8385,,,,,,,,,,,,,,,,,,,,,9,,118,118,0,914366944,0,0,0,16,0,0.2795526385307312,1.0,-7.354941368103027,0.8384639024734497,12.0,0.5738266780972481,2178.4296875,67.03369140625,,data/instances/train/real_06.cip
mix_16_0,8,413,413,A,,60.0,100,0.2851638197898865,1.3065104484558105,1.3077161312103271,0.8369166666666666,,,,,,,,,,,,,,,,,,,,,13,,119,119,0,918548572,0,0,0,16,0,0.2486667037010193,1.0,-7.897191524505615,0.6226539015769958,143.0,0.5050627533346415,2178.4296875,67.03369140625,,data/instances/train/real_06.cip
mix_16_0,8,414,414,A,,60.0,100,0.5632573366165161,1.7890496253967285,7.667391777038574,0.8369166666666666,,,,,,,,,,,,,,,,,,,,,12,,119,119,0,918548572,0,0,0,16,0,0.3495441675186157,1.0,-7.656363010406494,1.0155030488967896,143.0,0.5567758362740278,2178.4296875,67.03369140625,,data/instances/train/real_06.cip
mix_16_0,8,415,415,A,,60.0,100,0.43863382935523987,2.2937264442443848,0.7411518096923828,0.8369166666666666,,,,,,,,,,,,,,,,,,,,,10,,119,119,0,918548572,0,0,0,16,0,0.20599447190761566,1.0,-7.008364200592041,0.8423647880554199,143.0,0.5781622100621462,2178.4296875,67.03369140625,,data/instances/train/real_06.cip
mix_16_0,8,416,416,A,,60.0,100,0.1493803709745407,1.2428162097930908,0.30998876690864563,0.8369166666666666,,,,,,,,,,,,,,,,,,,,,13,,119,119,0,918548572,0,0,0,16,0,0.14040805399417877,1.0,-7.392745018005371,0.931332528591156,143.0,0.6041578762233257,2178.4296875,67.03369140625,,data/instances/train/real_06.cip
episode,8,416,416,A,,60.0,100,0.1493803709745407,1.2428162097930908,0.30998876690864563,0.8353333333333334,-18.019199999999998,-18.0,-0.019200000000000002,-18.019199999999998,True,19,60.807863,,,,,,,,inf,0.00038563570272000285,120.0,9.974481,0.0,9655,13,True,121,121,0,926585900,0,0,0,16,0,,,,,94.16666666666667,,2103.16015625,67.03369140625,timelimit,data/instances/train/real_06.cip
mix_16_0,9,417,417,A,,60.0,100,0.5065172910690308,2.2403814792633057,2.9385488033294678,0.8353333333333334,,,,,,,,,,,,,,,,,,,,,10,,121,121,0,926585900,0,0,0,16,0,0.23369337618350983,1.0,-6.579022407531738,0.9134320616722107,185.0,0.4886880088597536,2329.58984375,67.03369140625,,data/instances/train/real_07.cip
mix_16_0,9,418,418,A,,60.0,100,0.7331021428108215,2.463195323944092,1.5590919256210327,0.8353333333333334,,,,,,,,,,,,,,,,,,,,,9,,121,121,0,926585900,0,0,0,16,0,0.3243262469768524,1.0,-6.723589897155762,1.067818284034729,185.0,0.5446694456040859,2329.6015625,67.03369140625,,data/instances/train/real_07.cip
mix_16_0,9,419,419,A,,60.0,100,0.34806767106056213,1.468255877494812,8.558652877807617,0.8353333333333334,,,,,,,,,,,,,,,,,,,,,13,,121,121,0,926585900,0,0,0,16,0,0.25854283571243286,1.0,-6.926084041595459,0.9439881443977356,185.0,0.6009261161088943,2329.6015625,67.03369140625,,data/instances/train/real_07.cip
mix_16_0,9,420,420,A,,60.0,100,0.5963837504386902,2.179154634475708,3.6565663814544678,0.8353333333333334,,,,,,,,,,,,,,,,,,,,,11,,121,121,0,926585900,0,0,0,16,0,0.2869492173194885,1.0,-6.667720794677734,0.741372287273407,185.0,0.5835271254181862,2329.6015625,67.03369140625,,data/instances/train/real_07.cip
mix_16_0,9,421,421,A,,60.0,100,0.1962393820285797,0.9154754877090454,5.1882429122924805,0.83375,,,,,,,,,,,,,,,,,,,,,15,,121,121,0,926585900,0,0,0,16,0,0.27588149905204773,1.0,-7.465282917022705,0.8100324869155884,137.0,0.5258507560938597,2333.95703125,67.03369140625,,data/instances/train/real_07.cip
mix_16_0,9,422,422,A,,60.0,100,0.5088850855827332,2.559998035430908,2.9661829471588135,0.83375,,,,,,,,,,,,,,,,,,,,,9,,121,121,0,926585900,0,0,0,16,0,0.21396054327487946,1.0,-7.213488578796387,1.0067940950393677,137.0,0.5350996628403664,2333.95703125,67.03369140625,,data/instances/train/real_07.cip
mix_16_0,9,423,423,A,,60.0,100,0.2824298143386841,1.4834959506988525,5.026520252227783,0.83375,,,,,,,,,,,,,,,,,,,,,13,,121,121,0,926585900,0,0,0,16,0,0.2070339471101761,1.0,-7.788811683654785,1.0429425239562988,137.0,0.587992150336504,2333.95703125,67.03369140625,,data/instances/train/real_07.cip
mix_16_0,9,424,424,A,,60.0,100,0.6481465697288513,2.5119166374206543,7.38655424118042,0.83375,,,,,,,,,,,,,,,,,,,,,10,,121,121,0,926585900,0,0,0,16,0,0.27009519934654236,1.0,-7.62534761428833,1.4219449758529663,137.0,0.5795125477015972,2333.95703125,67.03369140625,,data/instances/train/real_07.cip
mix_16_0,9,425,425,A,,60.0,100,0.4225125312805176,1.5785534381866455,6.8467512130737305,0.8321666666666667,,,,,,,,,,,,,,,,,,,,,13,,122,122,0,934950908,0,0,0,16,0,0.28919169306755066,1.0,-8.003473281860352,0.809563934803009,1.0,0.4515324719250202,2338.31640625,67.03369140625,,data/instances/train/real_07.cip
mix_16_0,9,426,426,A,,60.0,100,0.19883158802986145,1.0692367553710938,1.875748872756958,0.8321666666666667,,,,,,,,,,,,,,,,,,,,,14,,122,122,0,934950908,0,0,0,16,0,0.2100914567708969,1.0,-7.57993745803833,0.9647180438041687,1.0,0.5176019314676523,2338.31640625,67.03369140625,,data/instances/train/real_07.cip
mix_16_0,9,427,427,A,,60.0,100,0.36867764592170715,1.3740551471710205,4.49684476852417,0.8321666666666667,,,,,,,,,,,,,,,,,,,,,13,,122,122,0,934950908,0,0,0,16,0,0.2809332609176636,1.0,-7.22803258895874,1.1109001636505127,1.0,0.5749686993658543,2338.31640625,67.03369140625,,data/instances/train/real_07.cip
mix_16_0,9,428,428,A,,60.0,100,0.3826411962509155,1.4659130573272705,5.386794090270996,0.8321666666666667,,,,,,,,,,,,,,,,,,,,,13,,122,122,0,934950908,0,0,0,16,0,0.28875869512557983,1.0,-7.254081726074219,0.9162446856498718,1.0,0.6051151398569345,2338.31640625,67.03369140625,,data/instances/train/real_07.cip
mix_16_0,9,429,429,A,,60.0,100,0.4327923357486725,1.6667461395263672,2.721278429031372,0.8305833333333333,,,,,,,,,,,,,,,,,,,,,12,,123,123,0,943313572,0,0,0,16,0,0.2972623109817505,1.0,-7.228034496307373,1.1013003587722778,15.0,0.4852245207875967,2340.8046875,67.03369140625,,data/instances/train/real_07.cip
mix_16_0,9,430,430,A,,60.0,100,0.42790085077285767,1.3016583919525146,3.179352045059204,0.8305833333333333,,,,,,,,,,,,,,,,,,,,,13,,123,123,0,943313572,0,0,0,16,0,0.3791860342025757,1.0,-7.2228288650512695,0.9032958149909973,15.0,0.574801791459322,2340.8046875,67.03369140625,,data/instances/train/real_07.cip
mix_16_0,9,431,431,A,,60.0,100,0.43196696043014526,1.4854142665863037,1.4860421419143677,0.8305833333333333,,,,,,,,,,,,,,,,,,,,,13,,123,123,0,943313572,0,0,0,16,0,0.32788342237472534,1.0,-7.65317440032959,0.8153375387191772,15.0,0.5945154801011086,2340.8046875,67.03369140625,,data/instances/train/real_07.cip
mix_16_0,9,432,432,A,,60.0,100,0.3141241669654846,1.5238821506500244,1.0498712062835693,0.8305833333333333,,,,,,,,,,,,,,,,,,,,,13,,123,123,0,943313572,0,0,0,16,0,0.2350982427597046,1.0,-7.353700160980225,0.8042861223220825,15.0,0.5985840708017349,2340.8046875,67.03369140625,,data/instances/train/real_07.cip
mix_16_0,9,433,433,A,,60.0,100,0.2877209484577179,2.569312572479248,4.2424702644348145,0.829,,,,,,,,,,,,,,,,,,,,,10,,124,124,0,951632912,0,0,0,16,0,0.11548594385385513,1.0,-7.722153663635254,0.9064545035362244,1.0,0.4674459844827652,2347.7890625,67.03369140625,,data/instances/train/real_07.cip
mix_16_0,9,434,434,A,,60.0,100,0.10296035557985306,0.5678255558013916,6.583826065063477,0.829,,,,,,,,,,,,,,,,,,,,,16,,124,124,0,951632912,0,0,0,16,0,0.1965855360031128,1.0,-8.481914520263672,0.5543023943901062,1.0,0.5953926127403975,2347.7890625,67.03369140625,,data/instances/train/real_07.cip
mix_16_0,9,435,435,A,,60.0,100,0.5100643634796143,1.7752163410186768,11.062418937683105,0.829,,,,,,,,,,,,,,,,,,,,,12,,124,124,0,951632912,0,0,0,16,0,0.3066290616989136,1.0,-7.784228801727295,1.0234870910644531,1.0,0.5567546971142292,2347.7890625,67.03369140625,,data/instances/train/real_07.cip
mix_16_0,9,436,436,A,,60.0,100,0.3353478014469147,2.336226224899292,2.369978666305542,0.829,,,,,,,,,,,,,,,,,,,,,10,,124,124,0,951632912,0,0,0,16,0,0.14845123887062073,1.0,-6.861787796020508,1.4297878742218018,1.0,0.582688556984067,2347.7890625,67.03369140625,,data/instances/train/real_07.cip
mix_16_0,9,437,437,A,,60.0,100,0.25179940462112427,1.9092886447906494,2.746015787124634,0.8274166666666667,,,,,,,,,,,,,,,,,,,,,11,,125,125,0,960122068,0,0,0,16,0,0.1386820375919342,1.0,-7.070352077484131,1.0375149250030518,82.0,0.4985876511782408,2350.27734375,67.03369140625,,data/instances/train/real_07.cip
mix_16_0,9,438,438,A,,60.0,100,0.3674970865249634,1.193141222000122,10.578638076782227,0.8274166666666667,,,,,,,,,,,,,,,,,,,,,14,,125,125,0,960122068,0,0,0,16,0,0.30731478333473206,1.0,-6.85430908203125,1.3087565898895264,82.0,0.5736014731228352,2350.27734375,67.03369140625,,data/instances/train/real_07.cip
mix_16_0,9,439,439,A,,60.0,100,0.4741021394729614,1.637279987335205,8.301734924316406,0.8274166666666667,,,,,,,,,,,,,,,,,,,,,12,,125,125,0,960122068,0,0,0,16,0,0.3147849440574646,1.0,-6.49360466003418,1.3669787645339966,82.0,0.5879097320139408,2350.27734375,67.03369140625,,data/instances/train/real_07.cip
mix_16_0,9,440,440,A,,60.0,100,0.3476901650428772,1.4858633279800415,6.246732711791992,0.8274166666666667,,,,,,,,,,,,,,,,,,,,,13,,125,125,0,960122068,0,0,0,16,0,0.2518332898616791,1.0,-7.019270420074463,1.0844590663909912,82.0,0.5864100661128759,2350.27734375,67.03369140625,,data/instances/train/real_07.cip
mix_16_0,9,441,441,A,,60.0,100,0.18082565069198608,0.8518384695053101,3.45015287399292,0.8258333333333334,,,,,,,,,,,,,,,,,,,,,15,,126,126,0,968611388,0,0,0,16,0,0.2758888900279999,1.0,-7.767632007598877,0.8458217978477478,94.0,0.5127932503819466,2354.63671875,67.03369140625,,data/instances/train/real_07.cip
mix_16_0,9,442,442,A,,60.0,100,0.28963136672973633,2.3254201412200928,5.0799455642700195,0.8258333333333334,,,,,,,,,,,,,,,,,,,,,11,,126,126,0,968611388,0,0,0,16,0,0.12937074899673462,1.0,-7.875876426696777,0.6931613087654114,94.0,0.5523149445652962,2354.63671875,67.03369140625,,data/instances/train/real_07.cip
mix_16_0,9,443,443,A,,60.0,100,0.6027483940124512,1.8685922622680664,8.139938354492188,0.8258333333333334,,,,,,,,,,,,,,,,,,,,,12,,126,126,0,968611388,0,0,0,16,0,0.3432619571685791,1.0,-7.991616725921631,1.137499451637268,94.0,0.5817495118826628,2354.66015625,67.03369140625,,data/instances/train/real_07.cip
mix_16_0,9,444,444,A,,60.0,100,0.2702370882034302,1.277640700340271,4.668269634246826,0.8258333333333334,,,,,,,,,,,,,,,,,,,,,13,,126,126,0,968611388,0,0,0,16,0,0.24054627120494843,1.0,-8.114105224609375,1.2650893926620483,94.0,0.6071945037692785,2354.66015625,67.03369140625,,data/instances/train/real_07.cip
mix_16_0,9,445,445,A,,60.0,100,0.45007622241973877,1.4456555843353271,3.2747879028320312,0.82425,,,,,,,,,,,,,,,,,,,,,12,,127,127,0,976672200,0,0,0,16,0,0.3589590787887573,1.0,-7.620612144470215,1.5570399761199951,108.0,0.5096165090799332,2359.640625,67.03369140625,,data/instances/train/real_07.cip
mix_16_0,9,446,446,A,,60.0,100,0.39558184146881104,1.5332295894622803,1.54521644115448,0.82425,,,,,,,,,,,,,,,,,,,,,12,,127,127,0,976672200,0,0,0,16,0,0.2824377715587616,1.0,-7.306931495666504,0.9433741569519043,108.0,0.560986926779151,2359.640625,67.03369140625,,data/instances/train/real_07.cip
mix_16_0,9,447,447,A,,60.0,100,0.3427538275718689,1.1860843896865845,10.608481407165527,0.82425,,,,,,,,,,,,,,,,,,,,,14,,127,127,0,976672200,0,0,0,16,0,0.3067314326763153,1.0,-7.396384239196777,1.1290851831436157,108.0,0.6103199794888496,2359.640625,67.03369140625,,data/instances/train/real_07.cip
mix_16_0,9,448,448,A,,60.0,100,1.0119514465332031,2.468825340270996,6.803648948669434,0.82425,,,,,,,,,,,,,,,,,,,,,9,,127,127,0,976672200,0,0,0,16,0,0.41346845030784607,1.0,-6.698269844055176,1.4424041509628296,108.0,0.550215482711792,2359.640625,67.03369140625,,data/instances/train/real_07.cip
mix_16_0,9,449,449,A,,60.0,100,0.6511406302452087,2.11679744720459,4.355294704437256,0.8226666666666667,,,,,,,,,,,,,,,,,,,,,10,,128,128,0,984732860,0,0,0,16,0,0.32619938254356384,1.0,-7.172431945800781,1.2040351629257202,30.0,0.3121832646429539,2362.59765625,67.03369140625,,data/instances/train/real_07.cip
mix_16_0,9,450,450,A,,60.0,100,0.18806305527687073,0.8910006284713745,2.1116390228271484,0.8226666666666667,,,,,,,,,,,,,,,,,,,,,14,,128,128,0,984732860,0,0,0,16,0,0.26538094878196716,1.0,-8.124098777770996,1.1535173654556274,30.0,0.34420913085341454,2362.59765625,67.03369140625,,data/instances/train/real_07.cip
mix_16_0,9,451,451,A,,60.0,100,0.21157726645469666,1.1254154443740845,4.051791667938232,0.8226666666666667,,,,,,,,,,,,,,,,,,,,,14,,128,128,0,984732860,0,0,0,16,0,0.21201933920383453,1.0,-8.128974914550781,0.8523977994918823,30.0,0.45138835720717907,2362.59765625,67.03369140625,,data/instances/train/real_07.cip
mix_16_0,9,452,452,A,,60.0,100,0.2741122841835022,1.0952799320220947,6.325997829437256,0.8226666666666667,,,,,,,,,,,,,,,,,,,,,14,,128,128,0,984732860,0,0,0,16,0,0.285867303609848,1.0,-8.37179946899414,0.878929615020752,30.0,0.5713844709098339,2362.59765625,67.03369140625,,data/instances/train/real_07.cip
mix_16_0,9,453,453,A,,60.0,100,0.23655655980110168,1.708863377571106,2.0937111377716064,0.8210833333333334,,,,,,,,,,,,,,,,,,,,,13,,129,129,0,992788560,0,0,0,16,0,0.15159191191196442,1.0,-8.000110626220703,0.924347460269928,1.0,0.5054754670709372,2368.98046875,67.03369140625,,data/instances/train/real_07.cip
mix_16_0,9,454,454,A,,60.0,100,0.15337271988391876,0.9709866642951965,2.439894676208496,0.8210833333333334,,,,,,,,,,,,,,,,,,,,,15,,129,129,0,992788560,0,0,0,16,0,0.196217343211174,1.0,-8.358649253845215,0.8942450881004333,1.0,0.5833388697355986,2368.98046875,67.03369140625,,data/instances/train/real_07.cip
mix_16_0,9,455,455,A,,60.0,100,0.27489587664604187,1.588925838470459,1.4204797744750977,0.8210833333333334,,,,,,,,,,,,,,,,,,,,,12,,129,129,0,992788560,0,0,0,16,0,0.174732968211174,1.0,-7.737240791320801,1.041183352470398,1.0,0.5748758316040039,2368.98046875,67.03369140625,,data/instances/train/real_07.cip
mix_16_0,9,456,456,A,,60.0,100,0.3640899956226349,1.1976650953292847,3.002291679382324,0.8210833333333334,,,,,,,,,,,,,,,,,,,,,14,,129,129,0,992788560,0,0,0,16,0,0.3349962830543518,1.0,-8.046290397644043,0.9918503165245056,1.0,0.6040305662900209,2368.98046875,67.03369140625,,data/instances/train/real_07.cip
mix_16_0,9,457,457,A,,60.0,100,0.3007981777191162,1.504224181175232,5.573195934295654,0.8195,,,,,,,,,,,,,,,,,,,,,13,,130,130,0,1000564244,0,0,0,16,0,0.20777323842048645,1.0,-7.47629451751709,1.3625487089157104,126.0,0.5164692010730505,2373.01171875,67.03369140625,,data/instances/train/real_07.cip
mix_16_0,9,458,458,A,,60.0,100,0.2958299517631531,1.4409077167510986,5.738317966461182,0.8195,,,,,,,,,,,,,,,,,,,,,13,,130,130,0,1000564244,0,0,0,16,0,0.20365354418754578,1.0,-7.816506385803223,1.3483543395996094,126.0,0.5703758485615253,2373.01171875,67.03369140625,,data/instances/train/real_07.cip
mix_16_0,9,459,459,A,,60.0,100,0.2891002595424652,1.3159708976745605,3.872779369354248,0.8195,,,,,,,,,,,,,,,,,,,,,13,,130,130,0,1000564244,0,0,0,16,0,0.2356722205877304,1.0,-7.367730140686035,1.2655876874923706,126.0,0.589098896831274,2373.01171875,67.03369140625,,data/instances/train/real_07.cip
mix_16_0,9,460,460,A,,60.0,100,0.10371742397546768,0.6882073879241943,2.5430757999420166,0.8195,,,,,,,,,,,,,,,,,,,,,15,,130,130,0,1000564244,0,0,0,16,0,0.20648904144763947,1.0,-8.624815940856934,1.2521311044692993,126.0,0.6066474840044975,2373.01171875,67.03369140625,,data/instances/train/real_07.cip
mix_16_0,9,461,461,A,,60.0,100,0.21203477680683136,0.8502235412597656,7.372892379760742,0.8179166666666666,,,,,,,,,,,,,,,,,,,,,15,,131,131,0,1008317664,0,0,0,16,0,0.2792849838733673,1.0,-8.798951148986816,1.0075933933258057,169.0,0.5145460274070501,2378.35546875,67.03369140625,,data/instances/train/real_07.cip
mix_16_0,9,462,462,A,,60.0,100,0.14676430821418762,1.5050921440124512,4.765812397003174,0.8179166666666666,,,,,,,,,,,,,,,,,,,,,13,,131,131,0,1008317664,0,0,0,16,0,0.10028860718011856,1.0,-8.49960708618164,1.2596272230148315,169.0,0.563500052317977,2378.35546875,67.03369140625,,data/instances/train/real_07.cip
mix_16_0,9,463,463,A,,60.0,100,0.13835705816745758,0.9085467457771301,5.6388750076293945,0.8179166666666666,,,,,,,,,,,,,,,,,,,,,15,,131,131,0,1008317664,0,0,0,16,0,0.17702297866344452,1.0,-8.707608222961426,0.9592223167419434,169.0,0.6159675735980272,2378.35546875,67.03369140625,,data/instances/train/real_07.cip
mix_16_0,9,464,464,A,,60.0,100,0.41929757595062256,1.6204884052276611,3.2238919734954834,0.8179166666666666,,,,,,,,,,,,,,,,,,,,,13,,131,131,0,1008317664,0,0,0,16,0,0.277725487947464,1.0,-8.175217628479004,1.1061930656433105,169.0,0.593555411323905,2378.35546875,67.03369140625,,data/instances/train/real_07.cip
mix_16_0,9,465,465,A,,60.0,100,0.4169939160346985,1.0586549043655396,6.019772052764893,0.8163333333333334,,,,,,,,,,,,,,,,,,,,,14,,132,132,0,1016063276,0,0,0,16,0,0.48351019620895386,1.0,-7.417891502380371,1.1809439659118652,66.0,0.5014794021844864,2380.12890625,67.03369140625,,data/instances/train/real_07.cip
mix_16_0,9,466,466,A,,60.0,100,0.21716049313545227,1.6007940769195557,2.866896390914917,0.8163333333333334,,,,,,,,,,,,,,,,,,,,,13,,132,132,0,1016063276,0,0,0,16,0,0.1469133198261261,1.0,-7.884183883666992,1.0130560398101807,66.0,0.5740232393145561,2380.12890625,67.03369140625,,data/instances/train/real_07.cip
mix_16_0,9,467,467,A,,60.0,100,0.8669313192367554,2.5587456226348877,2.826505184173584,0.8163333333333334,,,,,,,,,,,,,,,,,,,,,9,,132,132,0,1016063276,0,0,0,16,0,0.3448316156864166,1.0,-7.314337730407715,1.2007542848587036,66.0,0.5650937668979168,2380.12890625,67.03369140625,,data/instances/train/real_07.cip
mix_16_0,9,468,468,A,,60.0,100,0.6184117794036865,2.313915729522705,3.903346538543701,0.8163333333333334,,,,,,,,,,,,,,,,,,,,,11,,132,132,0,1016063276,0,0,0,16,0,0.2885536253452301,1.0,-7.931357383728027,0.9933054447174072,66.0,0.5649949759244919,2380.12890625,67.03369140625,,data/instances/train/real_07.cip
episode,9,468,468,A,,60.0,100,0.6184117794036865,2.313915729522705,3.903346538543701,0.81475,-13.015299999999998,-13.0,-0.015300000000000001,-13.015299999999998,True,14,60.195656,,,,,,,,inf,1e+20,120.0,inf,0.0,10440,11,True,134,134,0,1031742724,0,0,0,16,0,,,,,78.07692307692308,,2183.00390625,67.03369140625,timelimit,data/instances/train/real_07.cip
mix_16_0,10,469,469,A,,60.0,100,0.423494428396225,2.002756118774414,5.806640148162842,0.81475,,,,,,,,,,,,,,,,,,,,,12,,134,134,0,1031742724,0,0,0,16,0,0.22240254282951355,1.0,-7.865121841430664,1.0870987176895142,134.0,0.5245552621781826,2412.46875,67.03369140625,,data/instances/transfer/real_01.cip
mix_16_0,10,470,470,A,,60.0,100,0.3608686029911041,1.5684856176376343,1.674742579460144,0.81475,,,,,,,,,,,,,,,,,,,,,13,,134,134,0,1031742724,0,0,0,16,0,0.2627703547477722,1.0,-7.909571647644043,0.7564716339111328,134.0,0.5774342063814402,2412.4765625,67.03369140625,,data/instances/transfer/real_01.cip
mix_16_0,10,471,471,A,,60.0,100,0.45306551456451416,1.6681814193725586,5.3942551612854,0.81475,,,,,,,,,,,,,,,,,,,,,13,,134,134,0,1031742724,0,0,0,16,0,0.29320284724235535,1.0,-8.549491882324219,0.9492116570472717,134.0,0.5830513034015894,2412.4765625,67.03369140625,,data/instances/transfer/real_01.cip
mix_16_0,10,472,472,A,,60.0,100,0.4581960439682007,2.8438289165496826,2.9759562015533447,0.81475,,,,,,,,,,,,,,,,,,,,,10,,134,134,0,1031742724,0,0,0,16,0,0.17095084488391876,1.0,-8.4642333984375,0.8800170421600342,134.0,0.5785568449646235,2412.4765625,67.03369140625,,data/instances/transfer/real_01.cip
mix_16_0,10,473,473,A,,60.0,100,0.24279674887657166,1.4397578239440918,6.468114376068115,0.8131666666666667,,,,,,,,,,,,,,,,,,,,,14,,134,134,0,1031742724,0,0,0,16,0,0.17394930124282837,1.0,-8.530349731445312,0.8366837501525879,1.0,0.5533511117100716,2412.48046875,67.03369140625,,data/instances/transfer/real_01.cip
mix_16_0,10,474,474,A,,60.0,100,0.3100336194038391,1.1655875444412231,3.137115478515625,0.8131666666666667,,,,,,,,,,,,,,,,,,,,,14,,134,134,0,1031742724,0,0,0,16,0,0.30816107988357544,1.0,-8.177984237670898,1.1887009143829346,1.0,0.5689098853617907,2412.48046875,67.03369140625,,data/instances/transfer/real_01.cip
mix_16_0,10,475,475,A,,60.0,100,0.27518343925476074,1.968942642211914,1.3670629262924194,0.8131666666666667,,,,,,,,,,,,,,,,,,,,,11,,134,134,0,1031742724,0,0,0,16,0,0.14703772962093353,1.0,-8.136112213134766,1.1720730066299438,1.0,0.5570691712200642,2412.48046875,67.03369140625,,data/instances/transfer/real_01.cip
mix_16_0,10,476,476,A,,60.0,100,0.42991024255752563,1.8165173530578613,7.521329879760742,0.8131666666666667,,,,,,,,,,,,,,,,,,,,,12,,134,134,0,1031742724,0,0,0,16,0,0.2240053415298462,1.0,-7.23137092590332,1.0374538898468018,1.0,0.576780067756772,2412.48046875,67.03369140625,,data/instances/transfer/real_01.cip
mix_16_0,10,477,477,A,,60.0,100,0.3115845322608948,1.9097480773925781,2.722811222076416,0.8115833333333333,,,,,,,,,,,,,,,,,,,,,10,,135,135,0,1042300736,0,0,0,16,0,0.17310428619384766,1.0,-7.374393463134766,1.6525784730911255,516.0,0.4608284682035446,2414.5625,67.03369140625,,data/instances/transfer/real_01.cip
mix_16_0,10,478,478,A,,60.0,100,0.34228917956352234,1.167884111404419,10.671676635742188,0.8115833333333333,,,,,,,,,,,,,,,,,,,,,14,,135,135,0,1042300736,0,0,0,16,0,0.3423430621623993,1.0,-8.214916229248047,1.2292059659957886,516.0,0.6005014814436436,2414.5703125,67.03369140625,,data/instances/transfer/real_01.cip
mix_16_0,10,479,479,A,,60.0,100,0.2584714889526367,1.053346037864685,1.881691336631775,0.8115833333333333,,,,,,,,,,,,,,,,,,,,,14,,135,135,0,1042300736,0,0,0,16,0,0.3063559830188751,1.0,-8.211572647094727,1.2634434700012207,516.0,0.607821436598897,2414.5703125,67.03369140625,,data/instances/transfer/real_01.cip
mix_16_0,10,480,480,A,,60.0,100,0.49421101808547974,1.4374154806137085,7.300318241119385,0.8115833333333333,,,,,,,,,,,,,,,,,,,,,12,,135,135,0,1042300736,0,0,0,16,0,0.3952864110469818,1.0,-8.298337936401367,1.755927562713623,516.0,0.5875874310731888,2414.5703125,67.03369140625,,data/instances/transfer/real_01.cip
mix_16_0,10,481,481,A,,60.0,100,0.42666950821876526,1.5897324085235596,5.851145267486572,0.81,,,,,,,,,,,,,,,,,,,,,13,,136,136,0,1052671916,0,0,0,16,0,0.2986580431461334,1.0,-8.528873443603516,1.0681778192520142,172.0,0.4857421759516001,2418.21875,67.03369140625,,data/instances/transfer/real_01.cip
mix_16_0,10,482,482,A,,60.0,100,0.49384573101997375,1.5025242567062378,10.172446250915527,0.81,,,,,,,,,,,,,,,,,,,,,13,,136,136,0,1052671916,0,0,0,16,0,0.35893532633781433,1.0,-8.707426071166992,1.1043992042541504,172.0,0.4595115836709738,2418.21875,67.03369140625,,data/instances/transfer/real_01.cip
mix_16_0,10,483,483,A,,60.0,100,0.4704478681087494,1.5378880500793457,2.3698086738586426,0.81,,,,,,,,,,,,,,,,,,,,,13,,136,136,0,1052671916,0,0,0,16,0,0.32521337270736694,1.0,-8.280511856079102,1.380656123161316,172.0,0.5644443742930889,2418.21875,67.03369140625,,data/instances/transfer/real_01.cip
mix_16_0,10,484,484,A,,60.0,100,0.32446515560150146,1.3489642143249512,4.489001274108887,0.81,,,,,,,,,,,,,,,,,,,,,13,,136,136,0,1052671916,0,0,0,16,0,0.2619752585887909,1.0,-8.222734451293945,1.5015904903411865,172.0,0.5895749796181917,2418.21875,67.03369140625,,data/instances/transfer/real_01.cip
mix_16_0,10,485,485,A,,60.0,100,0.4105522334575653,1.4059453010559082,4.387084484100342,0.8084166666666667,,,,,,,,,,,,,,,,,,,,,12,,137,137,0,1063033356,0,0,0,16,0,0.33480727672576904,1.0,-7.917966842651367,1.4256612062454224,1.0,0.5048373434692621,2422.4765625,67.03369140625,,data/instances/transfer/real_01.cip
mix_16_0,10,486,486,A,,60.0,100,0.20788869261741638,0.9062479734420776,9.47856330871582,0.8084166666666667,,,,,,,,,,,,,,,,,,,,,15,,137,137,0,1063033356,0,0,0,16,0,0.149979829788208,1.0,-7.880181312561035,1.502684473991394,1.0,0.5915821380913258,2422.4765625,67.03369140625,,data/instances/transfer/real_01.cip
mix_16_0,10,487,487,A,,60.0,100,0.1833188235759735,1.2546008825302124,4.022411346435547,0.8084166666666667,,,,,,,,,,,,,,,,,,,,,14,,137,137,0,1063033356,0,0,0,16,0,0.1638742834329605,1.0,-8.283912658691406,0.9121801257133484,1.0,0.5986161921173334,2422.4765625,67.03369140625,,data/instances/transfer/real_01.cip
mix_16_0,10,488,488,A,,60.0,100,0.16876810789108276,1.4655472040176392,1.879076600074768,0.8084166666666667,,,,,,,,,,,,,,,,,,,,,13,,137,137,0,1063033356,0,0,0,16,0,0.12780317664146423,1.0,-8.678178787231445,0.9058148264884949,1.0,0.595086770132184,2422.4765625,67.03369140625,,data/instances/transfer/real_01.cip
mix_16_0,10,489,489,A,,60.0,100,0.24986273050308228,1.310094952583313,2.482078790664673,0.8068333333333333,,,,,,,,,,,,,,,,,,,,,13,,138,138,0,1073393116,0,0,0,16,0,0.20419883728027344,1.0,-8.317355155944824,1.1939244270324707,291.0,0.5027812719345093,2432.5546875,67.03369140625,,data/instances/transfer/real_01.cip
mix_16_0,10,490,490,A,,60.0,100,0.4232357144355774,1.3035118579864502,9.87529468536377,0.8068333333333333,,,,,,,,,,,,,,,,,,,,,13,,138,138,0,1073393116,0,0,0,16,0,0.4070446789264679,1.0,-8.739439010620117,1.4835309982299805,291.0,0.5645457226783037,2432.5546875,67.03369140625,,data/instances/transfer/real_01.cip
mix_16_0,10,491,491,A,,60.0,100,0.44526243209838867,1.9042816162109375,13.074359893798828,0.8068333333333333,,,,,,,,,,,,,,,,,,,,,12,,138,138,0,1073393116,0,0,0,16,0,0.23531310260295868,1.0,-8.696089744567871,1.8861658573150635,291.0,0.5920615904033184,2432.5546875,67.03369140625,,data/instances/transfer/real_01.cip
mix_16_0,10,492,492,A,,60.0,100,0.39932888746261597,1.3737120628356934,5.389891147613525,0.8068333333333333,,,,,,,,,,,,,,,,,,,,,14,,138,138,0,1073393116,0,0,0,16,0,0.30789026618003845,1.0,-8.764151573181152,0.8706794381141663,291.0,0.5998357441276312,2432.5546875,67.03369140625,,data/instances/transfer/real_01.cip
mix_16_0,10,493,493,A,,60.0,100,0.3350081741809845,1.416014552116394,9.2897310256958,0.80525,,,,,,,,,,,,,,,,,,,,,14,,139,139,0,1083720340,0,0,0,16,0,0.25846704840660095,1.0,-8.146303176879883,0.9749338030815125,261.0,0.5113654602319002,2438.3046875,67.03369140625,,data/instances/transfer/real_01.cip
mix_16_0,10,494,494,A,,60.0,100,0.2785820960998535,1.423264741897583,3.893177032470703,0.80525,,,,,,,,,,,,,,,,,,,,,13,,139,139,0,1083720340,0,0,0,16,0,0.2196507602930069,1.0,-8.006343841552734,1.2990237474441528,261.0,0.5708534624427557,2438.3046875,67.03369140625,,data/instances/transfer/real_01.cip
mix_16_0,10,495,495,A,,60.0,100,0.0976063683629036,1.1020379066467285,1.0782334804534912,0.80525,,,,,,,,,,,,,,,,,,,,,13,,139,139,0,1083720340,0,0,0,16,0,0.0991818755865097,1.0,-8.193493843078613,1.3237030506134033,261.0,0.594050370156765,2438.3046875,67.03369140625,,data/instances/transfer/real_01.cip
mix_16_0,10,496,496,A,,60.0,100,0.49124792218208313,2.3228204250335693,1.3953113555908203,0.80525,,,,,,,,,,,,,,,,,,,,,10,,139,139,0,1083720340,0,0,0,16,0,0.224323108792305,1.0,-8.077322006225586,1.349739670753479,261.0,0.565923048183322,2438.3046875,67.03369140625,,data/instances/transfer/real_01.cip
mix_16_0,10,497,497,A,,60.0,100,0.4121473729610443,1.4557974338531494,6.757894992828369,0.8036666666666666,,,,,,,,,,,,,,,,,,,,,14,,140,140,0,1094040580,0,0,0,16,0,0.31753864884376526,1.0,-8.548796653747559,0.769177258014679,318.0,0.5347689278423786,2442.47265625,67.03369140625,,data/instances/transfer/real_01.cip
mix_16_0,10,498,498,A,,60.0,100,0.25664767622947693,0.952134907245636,4.296477317810059,0.8036666666666666,,,,,,,,,,,,,,,,,,,,,15,,140,140,0,1094040580,0,0,0,16,0,0.3264957368373871,1.0,-8.807076454162598,0.7942840456962585,318.0,0.5757269784808159,2442.47265625,67.03369140625,,data/instances/transfer/real_01.cip
mix_16_0,10,499,499,A,,60.0,100,0.3513670563697815,1.944669485092163,4.415293216705322,0.8036666666666666,,,,,,,,,,,,,,,,,,,,,11,,140,140,0,1094040580,0,0,0,16,0,0.18994583189487457,1.0,-8.1441011428833,1.763420581817627,318.0,0.5689250323921442,2442.47265625,67.03369140625,,data/instances/transfer/real_01.cip
mix_16_0,10,500,500,A,,60.0,100,0.2967131733894348,0.9699130654335022,7.741327285766602,0.8036666666666666,,,,,,,,,,,,,,,,,,,,,14,,140,140,0,1094040580,0,0,0,16,0,0.39756181836128235,1.0,-8.204935073852539,1.6658142805099487,318.0,0.5986958984285593,2442.47265625,67.03369140625,,data/instances/transfer/real_01.cip
mix_16_0,10,501,501,A,,60.0,100,0.13757547736167908,0.5715346336364746,1.3425297737121582,0.8020833333333334,,,,,,,,,,,,,,,,,,,,,15,,141,141,0,1104341148,0,0,0,16,0,0.32950443029403687,1.0,-9.019789695739746,1.6335855722427368,248.0,0.5135504677891731,2446.03515625,67.03369140625,,data/instances/transfer/real_01.cip
mix_16_0,10,502,502,A,,60.0,100,0.209085613489151,0.8338220119476318,4.159738063812256,0.8020833333333334,,,,,,,,,,,,,,,,,,,,,15,,141,141,0,1104341148,0,0,0,16,0,0.2535741925239563,1.0,-8.434989929199219,1.1089327335357666,248.0,0.5857162103056908,2446.03515625,67.03369140625,,data/instances/transfer/real_01.cip
mix_16_0,10,503,503,A,,60.0,100,0.5289876461029053,1.695770025253296,8.360055923461914,0.8020833333333334,,,,,,,,,,,,,,,,,,,,,12,,141,141,0,1104341148,0,0,0,16,0,0.31052732467651367,1.0,-7.76652193069458,1.810167670249939,248.0,0.5830134395509958,2446.0546875,67.03369140625,,data/instances/transfer/real_01.cip
mix_16_0,10,504,504,A,,60.0,100,0.577960729598999,1.7178329229354858,5.176169395446777,0.8020833333333334,,,,,,,,,,,,,,,,,,,,,12,,141,141,0,1104341148,0,0,0,16,0,0.3730998635292053,1.0,-8.46110725402832,1.2516257762908936,248.0,0.5973655767738819,2446.0546875,67.03369140625,,data/instances/transfer/real_01.cip
mix_16_0,10,505,505,A,,60.0,100,0.7327220439910889,2.6640825271606445,10.200745582580566,0.8005,,,,,,,,,,,,,,,,,,,,,11,,142,142,0,1114701084,0,0,0,16,0,0.2904871702194214,1.0,-9.079293251037598,0.8230637311935425,365.0,0.5015529897063971,2450.76171875,67.03369140625,,data/instances/transfer/real_01.cip
mix_16_0,10,506,506,A,,60.0,100,0.271761417388916,1.3375991582870483,1.6197960376739502,0.8005,,,,,,,,,,,,,,,,,,,,,13,,142,142,0,1114701084,0,0,0,16,0,0.21666286885738373,1.0,-8.813335418701172,1.341581106185913,365.0,0.5702303797006607,2450.76171875,67.03369140625,,data/instances/transfer/real_01.cip
mix_16_0,10,507,507,A,,60.0,100,0.3604932427406311,1.4780826568603516,10.338374137878418,0.8005,,,,,,,,,,,,,,,,,,,,,13,,142,142,0,1114701084,0,0,0,16,0,0.2567291855812073,1.0,-8.999099731445312,1.542022466659546,365.0,0.5891357287764549,2450.76171875,67.03369140625,,data/instances/transfer/real_01.cip
mix_16_0,10,508,508,A,,60.0,100,0.3729042708873749,2.1708669662475586,1.081892728805542,0.8005,,,,,,,,,,,,,,,,,,,,,11,,142,142,0,1114701084,0,0,0,16,0,0.17687152326107025,1.0,-7.798194408416748,1.7672914266586304,365.0,0.5785251576453447,2450.76171875,67.03369140625,,data/instances/transfer/real_01.cip
mix_16_0,10,509,509,A,,60.0,100,0.4284742474555969,1.5532335042953491,12.461292266845703,0.7989166666666667,,,,,,,,,,,,,,,,,,,,,13,,143,143,0,1125031832,0,0,0,16,0,0.25472956895828247,1.0,-8.420265197753906,1.1955623626708984,467.0,0.5049753934144974,2456.47265625,67.03369140625,,data/instances/transfer/real_01.cip
mix_16_0,10,510,510,A,,60.0,100,0.2749607264995575,1.2963929176330566,10.677716255187988,0.7989166666666667,,,,,,,,,,,,,,,,,,,,,14,,143,143,0,1125031832,0,0,0,16,0,0.20777560770511627,1.0,-8.162887573242188,1.5310653448104858,467.0,0.5742084421217442,2456.47265625,67.03369140625,,data/instances/transfer/real_01.cip
mix_16_0,10,511,511,A,,60.0,100,0.19387896358966827,0.9383227825164795,5.583666801452637,0.7989166666666667,,,,,,,,,,,,,,,,,,,,,15,,143,143,0,1125031832,0,0,0,16,0,0.23926769196987152,1.0,-8.585670471191406,1.1957151889801025,467.0,0.6014048289507627,2456.47265625,67.03369140625,,data/instances/transfer/real_01.cip
mix_16_0,10,512,512,A,,60.0,100,0.37841033935546875,1.678656816482544,4.797789573669434,0.7989166666666667,,,,,,,,,,,,,,,,,,,,,13,,143,143,0,1125031832,0,0,0,16,0,0.23528212308883667,1.0,-8.839137077331543,1.101914882659912,467.0,0.5800983048975468,2456.47265625,67.03369140625,,data/instances/transfer/real_01.cip
mix_16_0,10,513,513,A,,60.0,100,0.35214662551879883,1.9623194932937622,9.174630165100098,0.7973333333333333,,,,,,,,,,,,,,,,,,,,,12,,144,144,0,1135343240,0,0,0,16,0,0.17414408922195435,1.0,-8.704793930053711,1.6152079105377197,12.0,0.47801715321838856,2460.75,67.03369140625,,data/instances/transfer/real_01.cip
mix_16_0,10,514,514,A,,60.0,100,0.592210054397583,2.0163028240203857,9.3245267868042,0.7973333333333333,,,,,,,,,,,,,,,,,,,,,11,,144,144,0,1135343240,0,0,0,16,0,0.3010806441307068,1.0,-8.738327980041504,2.042310953140259,12.0,0.5660752635449171,2460.75,67.03369140625,,data/instances/transfer/real_01.cip
mix_16_0,10,515,515,A,,60.0,100,0.5036512017250061,2.156592845916748,6.130368232727051,0.7973333333333333,,,,,,,,,,,,,,,,,,,,,11,,144,144,0,1135343240,0,0,0,16,0,0.24290123581886292,1.0,-8.693580627441406,1.762620210647583,12.0,0.5805646479129791,2460.76953125,67.03369140625,,data/instances/transfer/real_01.cip
mix_16_0,10,516,516,A,,60.0,100,0.5297308564186096,1.863673210144043,3.5860941410064697,0.7973333333333333,,,,,,,,,,,,,,,,,,,,,12,,144,144,0,1135343240,0,0,0,16,0,0.30690813064575195,1.0,-8.263395309448242,1.6084233522415161,12.0,0.6002396792173386,2460.76953125,67.03369140625,,data/instances/transfer/real_01.cip
mix_16_0,10,517,517,A,,60.0,100,0.4352435767650604,1.416931390762329,11.034250259399414,0.79575,,,,,,,,,,,,,,,,,,,,,14,,145,145,0,1145741168,0,0,0,16,0,0.28748735785484314,1.0,-8.714658737182617,0.7207573652267456,215.0,0.5209697093814611,2468.80859375,67.03369140625,,data/instances/transfer/real_01.cip
mix_16_0,10,518,518,A,,60.0,100,0.40713778138160706,1.7415462732315063,11.166728019714355,0.79575,,,,,,,,,,,,,,,,,,,,,13,,145,145,0,1145741168,0,0,0,16,0,0.20750202238559723,1.0,-7.307248115539551,1.9463493824005127,215.0,0.5648930128663778,2468.80859375,67.03369140625,,data/instances/transfer/real_01.cip
mix_16_0,10,519,519,A,,60.0,100,0.20789960026741028,1.351892352104187,4.478788375854492,0.79575,,,,,,,,,,,,,,,,,,,,,14,,145,145,0,1145741168,0,0,0,16,0,0.172927588224411,1.0,-8.568799018859863,1.1461694240570068,215.0,0.5995466727763414,2468.80859375,67.03369140625,,data/instances/transfer/real_01.cip
mix_16_0,10,520,520,A,,60.0,100,0.16387127339839935,1.1348462104797363,2.484081506729126,0.79575,,,,,,,,,,,,,,,,,,,,,13,,145,145,0,1145741168,0,0,0,16,0,0.16076549887657166,1.0,-8.035249710083008,1.9345049858093262,215.0,0.591704960912466,2468.80859375,67.03369140625,,data/instances/transfer/real_01.cip
mix_16_0,10,521,521,A,,60.0,100,0.5555027723312378,1.7985671758651733,8.939126014709473,0.7941666666666667,,,,,,,,,,,,,,,,,,,,,13,,146,146,0,1156109748,0,0,0,16,0,0.3226696252822876,1.0,-9.095319747924805,1.6763389110565186,235.0,0.501523919403553,2476.69921875,67.03369140625,,data/instances/transfer/real_01.cip
mix_16_0,10,522,522,A,,60.0,100,0.3452911376953125,2.0807981491088867,8.954339027404785,0.7941666666666667,,,,,,,,,,,,,,,,,,,,,11,,146,146,0,1156109748,0,0,0,16,0,0.1579509973526001,1.0,-9.002365112304688,2.0187904834747314,235.0,0.5495079327374697,2476.69921875,67.03369140625,,data/instances/transfer/real_01.cip
mix_16_0,10,523,523,A,,60.0,100,0.30540236830711365,1.6614785194396973,6.9027910232543945,0.7941666666666667,,,,,,,,,,,,,,,,,,,,,13,,146,146,0,1156109748,0,0,0,16,0,0.17946669459342957,1.0,-9.001047134399414,1.3225754499435425,235.0,0.5937259141355753,2476.69921875,67.03369140625,,data/instances/transfer/real_01.cip
mix_16_0,10,524,524,A,,60.0,100,0.20132112503051758,1.1404962539672852,1.753080129623413,0.7941666666666667,,,,,,,,,,,,,,,,,,,,,14,,146,146,0,1156109748,0,0,0,16,0,0.20937281847000122,1.0,-9.013453483581543,1.0235050916671753,235.0,0.6057546362280846,2476.69921875,67.03369140625,,data/instances/transfer/real_01.cip
episode,10,524,524,A,,60.0,100,0.20132112503051758,1.1404962539672852,1.753080129623413,0.7925833333333334,-14.038699999999999,-14.0,-0.0387,-14.038699999999999,True,15,62.186979,,,,,,,,inf,0.32916537553125125,120.0,17.093398,0.0,29852,14,True,148,148,0,1176828572,0,0,0,16,0,,,,,231.14285714285714,,2283.4453125,67.03369140625,timelimit,data/instances/transfer/real_01.cip
validation,11,524,524,A,,,,,,,,,,,,,,,1.0,9.032774,inf,0.0,9.032774,1.0,8436.0,,,,,,,,,148,148,0,1176828572,0,0,0,,,,,,,,,,,optimal,data/instances/validation/real_08.cip
mix_16_0,11,525,525,A,,60.0,100,0.6046874523162842,2.1891825199127197,9.102075576782227,0.7925833333333334,,,,,,,,,,,,,,,,,,,,,11,,148,148,0,1176828572,0,0,0,16,0,0.299152135848999,1.0,-8.513084411621094,1.4240689277648926,280.0,0.5343960039317608,2589.921875,67.03369140625,,data/instances/transfer/real_03.cip
mix_16_0,11,526,526,A,,60.0,100,0.5943501591682434,1.9326201677322388,9.411587715148926,0.7925833333333334,,,,,,,,,,,,,,,,,,,,,13,,148,148,0,1176828572,0,0,0,16,0,0.28221720457077026,1.0,-7.947325229644775,1.5026816129684448,280.0,0.5872923601418734,2589.921875,67.03369140625,,data/instances/transfer/real_03.cip
mix_16_0,11,527,527,A,,60.0,100,0.47065314650535583,1.7063872814178467,15.016922950744629,0.7925833333333334,,,,,,,,,,,,,,,,,,,,,14,,148,148,0,1176828572,0,0,0,16,0,0.23894855380058289,1.0,-7.951352596282959,1.1245455741882324,280.0,0.6024385672062635,2589.921875,67.03369140625,,data/instances/transfer/real_03.cip
mix_16_0,11,528,528,A,,60.0,100,0.3972036838531494,1.6914677619934082,8.035395622253418,0.7925833333333334,,,,,,,,,,,,,,,,,,,,,12,,148,148,0,1176828572,0,0,0,16,0,0.230840802192688,1.0,-7.64368200302124,1.8430105447769165,280.0,0.5952138546854258,2589.921875,67.03369140625,,data/instances/transfer/real_03.cip
mix_16_0,11,529,529,A,,60.0,100,0.1366298794746399,1.157894492149353,3.775402784347534,0.791,,,,,,,,,,,,,,,,,,,,,14,,148,148,0,1176828572,0,0,0,16,0,0.11975079774856567,1.0,-8.63267707824707,1.5414928197860718,58.0,0.5150533393025398,2589.921875,67.03369140625,,data/instances/transfer/real_03.cip
mix_16_0,11,530,530,A,,60.0,100,0.4330402910709381,1.3042430877685547,3.697340250015259,0.791,,,,,,,,,,,,,,,,,,,,,14,,148,148,0,1176828572,0,0,0,16,0,0.3796653151512146,1.0,-9.461532592773438,0.8179563283920288,58.0,0.5668914709240198,2589.921875,67.03369140625,,data/instances/transfer/real_03.cip
mix_16_0,11,531,531,A,,60.0,100,0.43758127093315125,1.631399154663086,9.5225830078125,0.791,,,,,,,,,,,,,,,,,,,,,13,,148,148,0,1176828572,0,0,0,16,0,0.2878480553627014,1.0,-9.445208549499512,1.3260204792022705,58.0,0.5949925240129232,2589.921875,67.03369140625,,data/instances/transfer/real_03.cip
mix_16_0,11,532,532,A,,60.0,100,0.31763434410095215,1.7686192989349365,9.80150318145752,0.791,,,,,,,,,,,,,,,,,,,,,13,,148,148,0,1176828572,0,0,0,16,0,0.16181673109531403,1.0,-9.178428649902344,1.4263477325439453,58.0,0.610864782705903,2589.921875,67.03369140625,,data/instances/transfer/real_03.cip
mix_16_0,11,533,533,A,,60.0,100,0.6251344680786133,1.5887346267700195,9.04389476776123,0.7894166666666667,,,,,,,,,,,,,,,,,,,,,12,,149,149,0,1184702664,0,0,0,16,0,0.3814064860343933,1.0,-8.684170722961426,2.117567777633667,1.0,0.5046735871583223,2589.921875,67.03369140625,,data/instances/transfer/real_03.cip
mix_16_0,11,534,534,A,,60.0,100,0.649565577507019,2.5417227745056152,2.1933608055114746,0.7894166666666667,,,,,,,,,,,,,,,,,,,,,10,,149,149,0,1184702664,0,0,0,16,0,0.27284684777259827,1.0,-8.195817947387695,1.3315379619598389,1.0,0.5417589694261551,2589.921875,67.03369140625,,data/instances/transfer/real_03.cip
mix_16_0,11,535,535,A,,60.0,100,0.5840733051300049,2.1259613037109375,11.743149757385254,0.7894166666666667,,,,,,,,,,,,,,,,,,,,,13,,149,149,0,1184702664,0,0,0,16,0,0.25586456060409546,1.0,-8.234213829040527,1.293830156326294,1.0,0.6048111505806446,2589.921875,67.03369140625,,data/instances/transfer/real_03.cip
mix_16_0,11,536,536,A,,60.0,100,0.5729696750640869,2.1615161895751953,12.701594352722168,0.7894166666666667,,,,,,,,,,,,,,,,,,,,,12,,149,149,0,1184702664,0,0,0,16,0,0.24816393852233887,1.0,-7.135791778564453,1.3095465898513794,1.0,0.5863388068974018,2589.921875,67.03369140625,,data/instances/transfer/real_03.cip
mix_16_0,11,537,537,A,,60.0,100,0.42307713627815247,1.2867439985275269,16.885400772094727,0.7878333333333334,,,,,,,,,,,,,,,,,,,,,14,,150,150,0,1192545364,0,0,0,16,0,0.3456033170223236,1.0,-7.876198768615723,1.4642308950424194,196.0,0.5142001155763865,2589.921875,67.03369140625,,data/instances/transfer/real_03.cip
mix_16_0,11,538,538,A,,60.0,100,0.5908311009407043,1.6519722938537598,14.773289680480957,0.7878333333333334,,,,,,,,,,,,,,,,,,,,,14,,150,150,0,1192545364,0,0,0,16,0,0.40099677443504333,1.0,-8.55560302734375,1.1036508083343506,196.0,0.56653524748981,2589.921875,67.03369140625,,data/instances/transfer/real_03.cip
mix_16_0,11,539,539,A,,60.0,100,0.3127559423446655,1.9478821754455566,0.85989910364151,0.7878333333333334,,,,,,,,,,,,,,,,,,,,,13,,150,150,0,1192545364,0,0,0,16,0,0.16861073672771454,1.0,-9.004781723022461,1.2899022102355957,196.0,0.5901738703250885,2589.921875,67.03369140625,,data/instances/transfer/real_03.cip
mix_16_0,11,540,540,A,,60.0,100,0.11622752994298935,0.6852544546127319,8.45911693572998,0.7878333333333334,,,,,,,,,,,,,,,,,,,,,16,,150,150,0,1192545364,0,0,0,16,0,0.25543299317359924,1.0,-10.286834716796875,1.0086549520492554,196.0,0.6157128363847733,2589.921875,67.03369140625,,data/instances/transfer/real_03.cip
mix_16_0,11,541,541,A,,60.0,100,0.4527421295642853,2.1350862979888916,11.219223022460938,0.78625,,,,,,,,,,,,,,,,,,,,,13,,151,151,0,1200385280,0,0,0,16,0,0.21422947943210602,1.0,-10.29694938659668,0.9625382423400879,1.0,0.5167430676519871,2589.9609375,67.03369140625,,data/instances/transfer/real_03.cip
mix_16_0,11,542,542,A,,60.0,100,0.5656238794326782,1.6631581783294678,14.664356231689453,0.78625,,,,,,,,,,,,,,,,,,,,,13,,151,151,0,1200385280,0,0,0,16,0,0.318485826253891,1.0,-9.730615615844727,1.8083182573318481,1.0,0.5789765752851963,2589.9609375,67.03369140625,,data/instances/transfer/real_03.cip
mix_16_0,11,543,543,A,,60.0,100,0.4202689230442047,1.7904231548309326,6.738941669464111,0.78625,,,,,,,,,,,,,,,,,,,,,13,,151,151,0,1200385280,0,0,0,16,0,0.25432050228118896,1.0,-9.455323219299316,1.6331357955932617,1.0,0.6026944443583488,2589.9609375,67.03369140625,,data/instances/transfer/real_03.cip
mix_16_0,11,544,544,A,,60.0,100,0.6220192909240723,2.245901107788086,1.968374252319336,0.78625,,,,,,,,,,,,,,,,,,,,,11,,151,151,0,1200385280,0,0,0,16,0,0.2967960238456726,1.0,-8.792388916015625,1.7084009647369385,1.0,0.559045072644949,2589.9609375,67.03369140625,,data/instances/transfer/real_03.cip
mix_16_0,11,545,545,A,,60.0,100,0.3425830602645874,1.3154969215393066,7.295166492462158,0.7846666666666666,,,,,,,,,,,,,,,,,,,,,14,,152,152,0,1208222136,0,0,0,16,0,0.2585899233818054,1.0,-8.575704574584961,1.6492489576339722,140.0,0.5210159718990326,2594.1328125,67.03369140625,,data/instances/transfer/real_03.cip
mix_16_0,11,546,546,A,,60.0,100,0.1686546355485916,1.9114863872528076,5.200106143951416,0.7846666666666666,,,,,,,,,,,,,,,,,,,,,13,,152,152,0,1208222136,0,0,0,16,0,0.06864680349826813,1.0,-8.926355361938477,1.0893210172653198,140.0,0.5695277322083712,2594.1328125,67.03369140625,,data/instances/transfer/real_03.cip
mix_16_0,11,547,547,A,,60.0,100,0.7400732040405273,2.138657569885254,10.556221961975098,0.7846666666666666,,,,,,,,,,,,,,,,,,,,,11,,152,152,0,1208222136,0,0,0,16,0,0.30487197637557983,1.0,-7.865434646606445,2.0250062942504883,140.0,0.5752721391618252,2594.1328125,67.03369140625,,data/instances/transfer/real_03.cip
mix_16_0,11,548,548,A,,60.0,100,0.24615220725536346,1.0057101249694824,9.050392150878906,0.7846666666666666,,,,,,,,,,,,,,,,,,,,,15,,152,152,0,1208222136,0,0,0,16,0,0.26678889989852905,1.0,-8.950654983520508,1.0720106363296509,140.0,0.6115712579339743,2594.1328125,67.03369140625,,data/instances/transfer/real_03.cip
mix_16_0,11,549,549,A,,60.0,100,0.24351641535758972,1.3274695873260498,0.8378736972808838,0.7830833333333334,,,,,,,,,,,,,,,,,,,,,13,,153,153,0,1216005136,0,0,0,16,0,0.21016806364059448,1.0,-8.936315536499023,2.0720551013946533,3.0,0.49848288483917713,2600.6015625,67.03369140625,,data/instances/transfer/real_03.cip
mix_16_0,11,550,550,A,,60.0,100,0.28354889154434204,1.0902260541915894,11.485465049743652,0.7830833333333334,,,,,,,,,,,,,,,,,,,,,15,,153,153,0,1216005136,0,0,0,16,0,0.2610732316970825,1.0,-9.709054946899414,0.8135916590690613,3.0,0.5842117946594954,2600.6015625,67.03369140625,,data/instances/transfer/real_03.cip
mix_16_0,11,551,551,A,,60.0,100,0.6241484880447388,1.7173389196395874,14.693558692932129,0.7830833333333334,,,,,,,,,,,,,,,,,,,,,13,,153,153,0,1216005136,0,0,0,16,0,0.3579145073890686,1.0,-9.873363494873047,1.3897435665130615,3.0,0.5877516362816095,2600.6015625,67.03369140625,,data/instances/transfer/real_03.cip
mix_16_0,11,552,552,A,,60.0,100,0.6496481895446777,1.8881922960281372,8.905534744262695,0.7830833333333334,,,,,,,,,,,,,,,,,,,,,11,,153,153,0,1216005136,0,0,0,16,0,0.3541705906391144,1.0,-8.459582328796387,2.3112940788269043,3.0,0.5709663406014442,2600.6015625,67.03369140625,,data/instances/transfer/real_03.cip
mix_16_0,11,553,553,A,,60.0,100,0.34778088331222534,1.1452817916870117,6.570995330810547,0.7815,,,,,,,,,,,,,,,,,,,,,14,,154,154,0,1223785084,0,0,0,16,0,0.31616783142089844,1.0,-9.061684608459473,1.7695988416671753,155.0,0.5007095336914062,2600.6015625,67.03369140625,,data/instances/transfer/real_03.cip
mix_16_0,11,554,554,A,,60.0,100,0.4483274817466736,1.4889450073242188,8.342944145202637,0.7815,,,,,,,,,,,,,,,,,,,,,13,,154,154,0,1223785084,0,0,0,16,0,0.28418678045272827,1.0,-8.662515640258789,1.7434481382369995,155.0,0.5645362436771393,2600.6015625,67.03369140625,,data/instances/transfer/real_03.cip
mix_16_0,11,555,555,A,,60.0,100,0.6833394765853882,2.544281005859375,1.5832223892211914,0.7815,,,,,,,,,,,,,,,,,,,,,9,,154,154,0,1223785084,0,0,0,16,0,0.26908233761787415,1.0,-8.306425094604492,2.3706138134002686,155.0,0.5703342445194721,2600.6015625,67.03369140625,,data/instances/transfer/real_03.cip
mix_16_0,11,556,556,A,,60.0,100,0.23716041445732117,1.2732462882995605,10.102548599243164,0.7815,,,,,,,,,,,,,,,,,,,,,14,,154,154,0,1223785084,0,0,0,16,0,0.16241157054901123,1.0,-8.991987228393555,1.2410244941711426,155.0,0.6076289489865303,2600.6015625,67.03369140625,,data/instances/transfer/real_03.cip
mix_16_0,11,557,557,A,,60.0,100,0.3187220096588135,1.8641135692596436,3.4603652954101562,0.7799166666666667,,,,,,,,,,,,,,,,,,,,,13,,155,155,0,1231561780,0,0,0,16,0,0.17785820364952087,1.0,-9.206079483032227,0.9255819916725159,1.0,0.471564918756485,2600.91796875,67.03369140625,,data/instances/transfer/real_03.cip
mix_16_0,11,558,558,A,,60.0,100,0.028427228331565857,0.4174911379814148,0.6439648866653442,0.7799166666666667,,,,,,,,,,,,,,,,,,,,,16,,155,155,0,1231561780,0,0,0,16,0,0.14852581918239594,1.0,-9.740917205810547,1.3861377239227295,1.0,0.5972977709025145,2600.91796875,67.03369140625,,data/instances/transfer/real_03.cip
mix_16_0,11,559,559,A,,60.0,100,0.3129594922065735,1.3211913108825684,7.185274600982666,0.7799166666666667,,,,,,,,,,,,,,,,,,,,,13,,155,155,0,1231561780,0,0,0,16,0,0.2397610992193222,1.0,-9.665914535522461,2.097994804382324,1.0,0.5785926673561335,2600.98046875,67.03369140625,,data/instances/transfer/real_03.cip
mix_16_0,11,560,560,A,,60.0,100,0.3292357921600342,1.901602029800415,7.41715145111084,0.7799166666666667,,,,,,,,,,,,,,,,,,,,,12,,155,155,0,1231561780,0,0,0,16,0,0.17701458930969238,1.0,-9.883283615112305,1.6509500741958618,1.0,0.5921094603836536,2600.98046875,67.03369140625,,data/instances/transfer/real_03.cip
mix_16_0,11,561,561,A,,60.0,100,0.17484325170516968,0.8285182118415833,6.674950122833252,0.7783333333333333,,,,,,,,,,,,,,,,,,,,,15,,156,156,0,1239558788,0,0,0,16,0,0.20815883576869965,1.0,-10.268686294555664,1.0577040910720825,10.0,0.5411109253764153,2608.79296875,67.03369140625,,data/instances/transfer/real_03.cip
mix_16_0,11,562,562,A,,60.0,100,0.18183524906635284,0.7824952006340027,2.8100099563598633,0.7783333333333333,,,,,,,,,,,,,,,,,,,,,15,,156,156,0,1239558788,0,0,0,16,0,0.3269532024860382,1.0,-9.391889572143555,1.6258639097213745,10.0,0.5747138764709234,2608.79296875,67.03369140625,,data/instances/transfer/real_03.cip
mix_16_0,11,563,563,A,,60.0,100,0.6988117694854736,1.9054425954818726,4.811212539672852,0.7783333333333333,,,,,,,,,,,,,,,,,,,,,10,,156,156,0,1239558788,0,0,0,16,0,0.38256821036338806,1.0,-7.707226753234863,2.3346545696258545,10.0,0.559174332767725,2608.79296875,67.03369140625,,data/instances/transfer/real_03.cip
mix_16_0,11,564,564,A,,60.0,100,0.5066311955451965,1.8977152109146118,11.418190002441406,0.7783333333333333,,,,,,,,,,,,,,,,,,,,,13,,156,156,0,1239558788,0,0,0,16,0,0.24818851053714752,1.0,-9.095855712890625,1.008778691291809,10.0,0.6080539673566818,2608.79296875,67.03369140625,,data/instances/transfer/real_03.cip
mix_16_0,11,565,565,A,,60.0,100,0.410521924495697,1.3570290803909302,13.34393310546875,0.77675,,,,,,,,,,,,,,,,,,,,,14,,157,157,0,1247531936,0,0,0,16,0,0.30134573578834534,1.0,-9.155128479003906,1.9354612827301025,120.0,0.5189217254519463,2612.58203125,67.03369140625,,data/instances/transfer/real_03.cip
mix_16_0,11,566,566,A,,60.0,100,0.6719670295715332,2.9204936027526855,3.191570997238159,0.77675,,,,,,,,,,,,,,,,,,,,,9,,157,157,0,1247531936,0,0,0,16,0,0.23464131355285645,1.0,-8.63934326171875,1.9928576946258545,120.0,0.5229401737451553,2612.58203125,67.03369140625,,data/instances/transfer/real_03.cip
mix_16_0,11,567,567,A,,60.0,100,0.14825940132141113,1.3082668781280518,3.8570563793182373,0.77675,,,,,,,,,,,,,,,,,,,,,13,,157,157,0,1247531936,0,0,0,16,0,0.11251542717218399,1.0,-9.914205551147461,1.6262565851211548,120.0,0.6112924944609404,2612.58203125,67.03369140625,,data/instances/transfer/real_03.cip
mix_16_0,11,568,568,A,,60.0,100,0.2795563042163849,1.1076762676239014,8.81152057647705,0.77675,,,,,,,,,,,,,,,,,,,,,14,,157,157,0,1247531936,0,0,0,16,0,0.2709178030490875,1.0,-10.204338073730469,1.4586840867996216,120.0,0.6039237473160028,2612.58203125,67.03369140625,,data/instances/transfer/real_03.cip
mix_16_0,11,569,569,A,,60.0,100,0.2647809684276581,0.9846587777137756,10.35205078125,0.7751666666666667,,,,,,,,,,,,,,,,,,,,,15,,158,158,0,1255661608,0,0,0,16,0,0.2274380922317505,1.0,-10.57406234741211,1.1220481395721436,208.0,0.5258741769939661,2613.5,67.03369140625,,data/instances/transfer/real_03.cip
mix_16_0,11,570,570,A,,60.0,100,0.2988928556442261,2.076084613800049,1.885406255722046,0.7751666666666667,,,,,,,,,,,,,,,,,,,,,12,,158,158,0,1255661608,0,0,0,16,0,0.1500183492898941,1.0,-9.27428913116455,1.9704049825668335,208.0,0.5537592601031065,2613.5,67.03369140625,,data/instances/transfer/real_03.cip
mix_16_0,11,571,571,A,,60.0,100,0.31706494092941284,2.108837127685547,1.8214507102966309,0.7751666666666667,,,,,,,,,,,,,,,,,,,,,12,,158,158,0,1255661608,0,0,0,16,0,0.15220743417739868,1.0,-9.446460723876953,1.2254210710525513,208.0,0.5966816321015358,2613.5,67.03369140625,,data/instances/transfer/real_03.cip
mix_16_0,11,572,572,A,,60.0,100,0.33239781856536865,1.747998595237732,8.471390724182129,0.7751666666666667,,,,,,,,,,,,,,,,,,,,,13,,158,158,0,1255661608,0,0,0,16,0,0.16849647462368011,1.0,-8.418485641479492,1.3927870988845825,208.0,0.5973733309656382,2613.5,67.03369140625,,data/instances/transfer/real_03.cip
mix_16_0,11,573,573,A,,60.0,100,0.43782877922058105,1.8262380361557007,4.743077754974365,0.7735833333333333,,,,,,,,,,,,,,,,,,,,,13,,159,159,0,1263763180,0,0,0,16,0,0.2510974407196045,1.0,-9.478851318359375,1.3357110023498535,243.0,0.4983702227473259,2616.08984375,67.03369140625,,data/instances/transfer/real_03.cip
mix_16_0,11,574,574,A,,60.0,100,0.09209337830543518,0.840599775314331,4.226961612701416,0.7735833333333333,,,,,,,,,,,,,,,,,,,,,15,,159,159,0,1263763180,0,0,0,16,0,0.11400557309389114,1.0,-9.419092178344727,1.6035720109939575,243.0,0.5778664983808994,2616.140625,67.03369140625,,data/instances/transfer/real_03.cip
mix_16_0,11,575,575,A,,60.0,100,0.270540714263916,1.1822383403778076,2.831747055053711,0.7735833333333333,,,,,,,,,,,,,,,,,,,,,14,,159,159,0,1263763180,0,0,0,16,0,0.2552744150161743,1.0,-9.349782943725586,1.9461551904678345,243.0,0.5986840445548296,2616.140625,67.03369140625,,data/instances/transfer/real_03.cip
mix_16_0,11,576,576,A,,60.0,100,0.6520180106163025,2.3366551399230957,2.792755603790283,0.7735833333333333,,,,,,,,,,,,,,,,,,,,,12,,159,159,0,1263763180,0,0,0,16,0,0.294953316450119,1.0,-9.252914428710938,1.216714859008789,243.0,0.5993792153894901,2616.140625,67.03369140625,,data/instances/transfer/real_03.cip
episode,11,576,576,A,,60.0,100,0.6520180106163025,2.3366551399230957,2.792755603790283,0.772,-13.026299999999997,-13.0,-0.0263,-13.026299999999997,True,14,61.993759,,,,,,,,inf,1e+20,120.0,inf,0.0,17068,12,True,161,161,0,1280080788,0,0,0,16,0,,,,,108.92307692307692,,2309.8671875,67.03369140625,timelimit,data/instances/transfer/real_03.cip
mix_16_0,12,577,577,A,,60.0,100,0.3704458177089691,1.20132315158844,8.511001586914062,0.772,,,,,,,,,,,,,,,,,,,,,13,,161,161,0,1280080788,0,0,0,16,0,0.2895006239414215,1.0,-8.858396530151367,1.9540761709213257,51.0,0.5299503840506077,2565.88671875,67.03369140625,,data/instances/transfer/real_05.cip
mix_16_0,12,578,578,A,,60.0,100,0.36857008934020996,1.4766967296600342,2.415802478790283,0.772,,,,,,,,,,,,,,,,,,,,,14,,161,161,0,1280080788,0,0,0,16,0,0.28861576318740845,1.0,-9.675934791564941,1.4771671295166016,51.0,0.5834942981600761,2565.88671875,67.03369140625,,data/instances/transfer/real_05.cip
mix_16_0,12,579,579,A,,60.0,100,0.48279428482055664,1.8335400819778442,3.852980852127075,0.772,,,,,,,,,,,,,,,,,,,,,12,,161,161,0,1280080788,0,0,0,16,0,0.28970763087272644,1.0,-9.45259952545166,1.9401164054870605,51.0,0.5758631471544504,2565.88671875,67.03369140625,,data/instances/transfer/real_05.cip
mix_16_0,12,580,580,A,,60.0,100,0.361525297164917,1.8162657022476196,0.8475133776664734,0.772,,,,,,,,,,,,,,,,,,,,,12,,161,161,0,1280080788,0,0,0,16,0,0.21071749925613403,1.0,-8.763605117797852,1.58889901638031,51.0,0.5899707041680813,2565.88671875,67.03369140625,,data/instances/transfer/real_05.cip
mix_16_0,12,581,581,A,,60.0,100,0.1469784379005432,1.113766074180603,5.843138217926025,0.7704166666666666,,,,,,,,,,,,,,,,,,,,,15,,161,161,0,1280080788,0,0,0,16,0,0.1264960914850235,1.0,-9.448476791381836,1.3639758825302124,148.0,0.5503094121813774,2565.88671875,67.03369140625,,data/instances/transfer/real_05.cip
mix_16_0,12,582,582,A,,60.0,100,0.4022863507270813,1.4052350521087646,15.345240592956543,0.7704166666666666,,,,,,,,,,,,,,,,,,,,,14,,161,161,0,1280080788,0,0,0,16,0,0.26773229241371155,1.0,-9.191238403320312,1.640160322189331,148.0,0.5726304091513157,2565.88671875,67.03369140625,,data/instances/transfer/real_05.cip
mix_16_0,12,583,583,A,,60.0,100,0.3184354603290558,1.683682918548584,4.17603063583374,0.7704166666666666,,,,,,,,,,,,,,,,,,,,,14,,161,161,0,1280080788,0,0,0,16,0,0.13714461028575897,1.0,-9.491025924682617,2.021462917327881,148.0,0.598300077021122,2565.88671875,67.03369140625,,data/instances/transfer/real_05.cip
mix_16_0,12,584,584,A,,60.0,100,0.0990833193063736,0.539746880531311,3.8575351238250732,0.7704166666666666,,,,,,,,,,,,,,,,,,,,,16,,161,161,0,1280080788,0,0,0,16,0,0.2931073009967804,1.0,-10.012463569641113,1.879285454750061,148.0,0.6193354278802872,2565.88671875,67.03369140625,,data/instances/transfer/real_05.cip
mix_16_0,12,585,585,A,,60.0,100,0.485452800989151,1.7910619974136353,6.322749137878418,0.7688333333333334,,,,,,,,,,,,,,,,,,,,,12,,162,162,0,1289129072,0,0,0,16,0,0.27252283692359924,1.0,-9.478498458862305,2.0111143589019775,285.0,0.4802836012095213,2571.1953125,67.03369140625,,data/instances/transfer/real_05.cip
mix_16_0,12,586,586,A,,60.0,100,0.45448175072669983,1.8897831439971924,14.036333084106445,0.7688333333333334,,,,,,,,,,,,,,,,,,,,,13,,162,162,0,1289129072,0,0,0,16,0,0.2144704908132553,1.0,-10.610574722290039,1.874150276184082,285.0,0.5787292998284101,2571.1953125,67.03369140625,,data/instances/transfer/real_05.cip
mix_16_0,12,587,587,A,,60.0,100,0.4663699269294739,1.9531558752059937,5.87478494644165,0.7688333333333334,,,,,,,,,,,,,,,,,,,,,12,,162,162,0,1289129072,0,0,0,16,0,0.24782782793045044,1.0,-9.66850757598877,1.9907512664794922,285.0,0.5870602186769247,2571.1953125,67.03369140625,,data/instances/transfer/real_05.cip
mix_16_0,12,588,588,A,,60.0,100,0.346688449382782,1.4453823566436768,7.4502692222595215,0.7688333333333334,,,,,,,,,,,,,,,,,,,,,12,,162,162,0,1289129072,0,0,0,16,0,0.29548972845077515,1.0,-8.65217399597168,2.5337929725646973,285.0,0.5852766204625368,2571.1953125,67.03369140625,,data/instances/transfer/real_05.cip
mix_16_0,12,589,589,A,,60.0,100,0.31285715103149414,1.4111659526824951,5.048059463500977,0.76725,,,,,,,,,,,,,,,,,,,,,12,,163,163,0,1298065400,0,0,0,16,0,0.21611614525318146,1.0,-9.199605941772461,2.473817825317383,63.0,0.5084959957748652,2573.7734375,67.03369140625,,data/instances/transfer/real_05.cip
mix_16_0,12,590,590,A,,60.0,100,0.31691476702690125,1.5892746448516846,8.531146049499512,0.76725,,,,,,,,,,,,,,,,,,,,,13,,163,163,0,1298065400,0,0,0,16,0,0.16663798689842224,1.0,-8.659299850463867,2.353745460510254,63.0,0.5799210257828236,2573.7734375,67.03369140625,,data/instances/transfer/real_05.cip
mix_16_0,12,591,591,A,,60.0,100,0.4679367244243622,2.012692928314209,11.147749900817871,0.76725,,,,,,,,,,,,,,,,,,,,,12,,163,163,0,1298065400,0,0,0,16,0,0.19584202766418457,1.0,-8.083788871765137,2.2137491703033447,63.0,0.5879099760204554,2573.7734375,67.03369140625,,data/instances/transfer/real_05.cip
mix_16_0,12,592,592,A,,60.0,100,0.15342923998832703,0.894349217414856,7.457686424255371,0.76725,,,,,,,,,,,,,,,,,,,,,15,,163,163,0,1298065400,0,0,0,16,0,0.20675121247768402,1.0,-9.219608306884766,1.8779327869415283,63.0,0.6241036579012871,2573.7734375,67.03369140625,,data/instances/transfer/real_05.cip
mix_16_0,12,593,593,A,,60.0,100,0.17293092608451843,0.9436642527580261,2.429110527038574,0.7656666666666667,,,,,,,,,,,,,,,,,,,,,14,,164,164,0,1307021500,0,0,0,16,0,0.2494594007730484,1.0,-9.75896167755127,2.19490122795105,1.0,0.5146296583116055,2581.5078125,67.03369140625,,data/instances/transfer/real_05.cip
mix_16_0,12,594,594,A,,60.0,100,0.29013198614120483,1.1373637914657593,4.077430725097656,0.7656666666666667,,,,,,,,,,,,,,,,,,,,,14,,164,164,0,1307021500,0,0,0,16,0,0.28162145614624023,1.0,-9.731550216674805,2.0987343788146973,1.0,0.5724799912422895,2581.61328125,67.03369140625,,data/instances/transfer/real_05.cip
mix_16_0,12,595,595,A,,60.0,100,0.25386738777160645,1.5291645526885986,9.465994834899902,0.7656666666666667,,,,,,,,,,,,,,,,,,,,,14,,164,164,0,1307021500,0,0,0,16,0,0.154179647564888,1.0,-10.927367210388184,2.270690679550171,1.0,0.5990246273577213,2581.61328125,67.03369140625,,data/instances/transfer/real_05.cip
mix_16_0,12,596,596,A,,60.0,100,0.5374006032943726,2.5345287322998047,11.430830955505371,0.7656666666666667,,,,,,,,,,,,,,,,,,,,,11,,164,164,0,1307021500,0,0,0,16,0,0.20815308392047882,1.0,-9.971660614013672,2.0587689876556396,1.0,0.5693388693034649,2581.61328125,67.03369140625,,data/instances/transfer/real_05.cip
mix_16_0,12,597,597,A,,60.0,100,0.6949506402015686,2.750481128692627,8.018232345581055,0.7640833333333333,,,,,,,,,,,,,,,,,,,,,11,,165,165,0,1315930340,0,0,0,16,0,0.26477015018463135,1.0,-9.979646682739258,1.9674789905548096,45.0,0.4820243436843157,2584.21484375,67.03369140625,,data/instances/transfer/real_05.cip
mix_16_0,12,598,598,A,,60.0,100,0.6606086492538452,2.3583338260650635,5.50119161605835,0.7640833333333333,,,,,,,,,,,,,,,,,,,,,11,,165,165,0,1315930340,0,0,0,16,0,0.2881487011909485,1.0,-9.600234985351562,2.0261447429656982,45.0,0.5573243275284767,2584.21484375,67.03369140625,,data/instances/transfer/real_05.cip
mix_16_0,12,599,599,A,,60.0,100,0.5320385098457336,1.809511661529541,6.071384906768799,0.7640833333333333,,,,,,,,,,,,,,,,,,,,,13,,165,165,0,1315930340,0,0,0,16,0,0.2847210168838501,1.0,-9.220888137817383,2.0529584884643555,45.0,0.6112836133688688,2584.21484375,67.03369140625,,data/instances/transfer/real_05.cip
mix_16_0,12,600,600,A,,60.0,100,0.4657772183418274,1.903359055519104,7.635957717895508,0.7640833333333333,,,,,,,,,,,,,,,,,,,,,13,,165,165,0,1315930340,0,0,0,16,0,0.22115391492843628,1.0,-9.507572174072266,1.570436716079712,45.0,0.6004885621368885,2584.21484375,67.03369140625,,data/instances/transfer/real_05.cip
mix_16_0,12,601,601,A,,60.0,100,0.3662019371986389,1.9132522344589233,9.910058975219727,0.7625,,,,,,,,,,,,,,,,,,,,,13,,166,166,0,1324839180,0,0,0,16,0,0.1958317905664444,1.0,-9.16488265991211,1.7717922925949097,1.0,0.5097762532532215,2589.3671875,67.03369140625,,data/instances/transfer/real_05.cip
mix_16_0,12,602,602,A,,60.0,100,0.42192739248275757,1.8052712678909302,9.699602127075195,0.7625,,,,,,,,,,,,,,,,,,,,,13,,166,166,0,1324839180,0,0,0,16,0,0.22800785303115845,1.0,-9.15847396850586,1.6278645992279053,1.0,0.5636282172054052,2589.3671875,67.03369140625,,data/instances/transfer/real_05.cip
mix_16_0,12,603,603,A,,60.0,100,0.22416433691978455,1.5453295707702637,1.637378454208374,0.7625,,,,,,,,,,,,,,,,,,,,,14,,166,166,0,1324839180,0,0,0,16,0,0.15363144874572754,1.0,-10.240175247192383,1.2729291915893555,1.0,0.5911161378026009,2589.3671875,67.03369140625,,data/instances/transfer/real_05.cip
mix_16_0,12,604,604,A,,60.0,100,0.7528607845306396,2.625912666320801,20.79730987548828,0.7625,,,,,,,,,,,,,,,,,,,,,12,,166,166,0,1324839180,0,0,0,16,0,0.23076902329921722,1.0,-9.810155868530273,1.9123055934906006,1.0,0.5920220706611872,2589.47265625,67.03369140625,,data/instances/transfer/real_05.cip
mix_16_0,12,605,605,A,,60.0,100,0.0510605052113533,0.7342262268066406,2.83941650390625,0.7609166666666667,,,,,,,,,,,,,,,,,,,,,15,,167,167,0,1333667900,0,0,0,16,0,0.07963933795690536,1.0,-10.603658676147461,1.6895719766616821,258.0,0.5343958232551813,2592.05078125,67.03369140625,,data/instances/transfer/real_05.cip
mix_16_0,12,606,606,A,,60.0,100,0.758812427520752,2.893350601196289,11.835759162902832,0.7609166666666667,,,,,,,,,,,,,,,,,,,,,11,,167,167,0,1333667900,0,0,0,16,0,0.272377610206604,1.0,-10.44495964050293,1.476438045501709,258.0,0.5314236525446177,2592.05078125,67.03369140625,,data/instances/transfer/real_05.cip
mix_16_0,12,607,607,A,,60.0,100,0.23714520037174225,1.9620468616485596,2.798492431640625,0.7609166666666667,,,,,,,,,,,,,,,,,,,,,13,,167,167,0,1333667900,0,0,0,16,0,0.11563755571842194,1.0,-9.959147453308105,1.836418628692627,258.0,0.5985361840575933,2592.05078125,67.03369140625,,data/instances/transfer/real_05.cip
mix_16_0,12,608,608,A,,60.0,100,0.39093971252441406,2.0869874954223633,3.9089388847351074,0.7609166666666667,,,,,,,,,,,,,,,,,,,,,10,,167,167,0,1333667900,0,0,0,16,0,0.18958964943885803,1.0,-8.778257369995117,2.789577007293701,258.0,0.5671069901436567,2592.05078125,67.03369140625,,data/instances/transfer/real_05.cip
mix_16_0,12,609,609,A,,60.0,100,0.46099749207496643,1.7212440967559814,3.3872714042663574,0.7593333333333333,,,,,,,,,,,,,,,,,,,,,13,,168,168,0,1342286352,0,0,0,16,0,0.30092930793762207,1.0,-9.743577003479004,1.588708758354187,1.0,0.5282247103750706,2596.5625,67.03369140625,,data/instances/transfer/real_05.cip
mix_16_0,12,610,610,A,,60.0,100,0.1274743229150772,1.1825973987579346,5.559072017669678,0.7593333333333333,,,,,,,,,,,,,,,,,,,,,14,,168,168,0,1342286352,0,0,0,16,0,0.09246120601892471,1.0,-8.777137756347656,1.6122328042984009,1.0,0.5595217030495405,2596.5625,67.03369140625,,data/instances/transfer/real_05.cip
mix_16_0,12,611,611,A,,60.0,100,0.3099265992641449,1.6276462078094482,4.858334541320801,0.7593333333333333,,,,,,,,,,,,,,,,,,,,,12,,168,168,0,1342286352,0,0,0,16,0,0.18567679822444916,1.0,-8.227507591247559,2.088810443878174,1.0,0.5747598074376583,2596.5625,67.03369140625,,data/instances/transfer/real_05.cip
mix_16_0,12,612,612,A,,60.0,100,0.32727113366127014,1.8262869119644165,7.964690685272217,0.7593333333333333,,,,,,,,,,,,,,,,,,,,,13,,168,168,0,1342286352,0,0,0,16,0,0.13935266435146332,1.0,-8.687498092651367,1.9895365238189697,1.0,0.6043356116861105,2596.5625,67.03369140625,,data/instances/transfer/real_05.cip
mix_16_0,12,613,613,A,,60.0,100,0.4576684832572937,1.6198275089263916,10.524470329284668,0.75775,,,,,,,,,,,,,,,,,,,,,14,,169,169,0,1351029236,0,0,0,16,0,0.29891863465309143,1.0,-9.583403587341309,2.002182722091675,188.0,0.5129450149834156,2601.75,67.03369140625,,data/instances/transfer/real_05.cip
mix_16_0,12,614,614,A,,60.0,100,0.29521363973617554,1.0432469844818115,2.8054792881011963,0.75775,,,,,,,,,,,,,,,,,,,,,14,,169,169,0,1351029236,0,0,0,16,0,0.35329481959342957,1.0,-9.438387870788574,2.2826855182647705,188.0,0.5739137325435877,2601.75,67.03369140625,,data/instances/transfer/real_05.cip
mix_16_0,12,615,615,A,,60.0,100,0.6345990896224976,3.2508904933929443,9.216879844665527,0.75775,,,,,,,,,,,,,,,,,,,,,10,,169,169,0,1351029236,0,0,0,16,0,0.19894681870937347,1.0,-9.908099174499512,2.4543185234069824,188.0,0.5670334044843912,2601.75,67.03369140625,,data/instances/transfer/real_05.cip
mix_16_0,12,616,616,A,,60.0,100,0.6627012491226196,2.488396644592285,4.992073059082031,0.75775,,,,,,,,,,,,,,,,,,,,,11,,169,169,0,1351029236,0,0,0,16,0,0.26962587237358093,1.0,-10.005921363830566,1.8519093990325928,188.0,0.5870231110602617,2601.75,67.03369140625,,data/instances/transfer/real_05.cip
mix_16_0,12,617,617,A,,60.0,100,0.22414033114910126,1.6069542169570923,8.932129859924316,0.7561666666666667,,,,,,,,,,,,,,,,,,,,,14,,170,170,0,1359643088,0,0,0,16,0,0.12107418477535248,1.0,-10.360245704650879,2.0434951782226562,1.0,0.514639101922512,2606.35546875,67.03369140625,,data/instances/transfer/real_05.cip
mix_16_0,12,618,618,A,,60.0,100,0.5440236330032349,1.706039309501648,4.438727378845215,0.7561666666666667,,,,,,,,,,,,,,,,,,,,,13,,170,170,0,1359643088,0,0,0,16,0,0.3448370695114136,1.0,-9.41195297241211,2.704200506210327,1.0,0.5757189597934484,2606.35546875,67.03369140625,,data/instances/transfer/real_05.cip
mix_16_0,12,619,619,A,,60.0,100,0.2962980270385742,1.4829235076904297,3.552133083343506,0.7561666666666667,,,,,,,,,,,,,,,,,,,,,14,,170,170,0,1359643088,0,0,0,16,0,0.2208680361509323,1.0,-8.793115615844727,1.6236443519592285,1.0,0.5976679231971502,2606.35546875,67.03369140625,,data/instances/transfer/real_05.cip
mix_16_0,12,620,620,A,,60.0,100,0.29587265849113464,1.628680944442749,7.831308364868164,0.7561666666666667,,,,,,,,,,,,,,,,,,,,,13,,170,170,0,1359643088,0,0,0,16,0,0.18323653936386108,1.0,-9.472603797912598,1.97144615650177,1.0,0.592329228296876,2606.35546875,67.03369140625,,data/instances/transfer/real_05.cip
mix_16_0,12,621,621,A,,60.0,100,0.47008854150772095,1.7343010902404785,9.27247142791748,0.7545833333333334,,,,,,,,,,,,,,,,,,,,,13,,171,171,0,1368093588,0,0,0,16,0,0.2869943380355835,1.0,-9.818502426147461,1.585205078125,81.0,0.5079290140420198,2608.94921875,67.03369140625,,data/instances/transfer/real_05.cip
mix_16_0,12,622,622,A,,60.0,100,0.3389722406864166,1.387700080871582,8.788183212280273,0.7545833333333334,,,,,,,,,,,,,,,,,,,,,14,,171,171,0,1368093588,0,0,0,16,0,0.2617728114128113,1.0,-10.386756896972656,1.0434502363204956,81.0,0.5753365326672792,2608.94921875,67.03369140625,,data/instances/transfer/real_05.cip
mix_16_0,12,623,623,A,,60.0,100,0.5428048968315125,2.245049238204956,7.725856781005859,0.7545833333333334,,,,,,,,,,,,,,,,,,,,,12,,171,171,0,1368093588,0,0,0,16,0,0.25790590047836304,1.0,-9.407222747802734,2.3301055431365967,81.0,0.580749424174428,2608.94921875,67.03369140625,,data/instances/transfer/real_05.cip
mix_16_0,12,624,624,A,,60.0,100,0.5190566778182983,2.7116236686706543,12.832940101623535,0.7545833333333334,,,,,,,,,,,,,,,,,,,,,11,,171,171,0,1368093588,0,0,0,16,0,0.1445578932762146,1.0,-9.795083999633789,1.9984015226364136,81.0,0.5682237762957811,2608.94921875,67.03369140625,,data/instances/transfer/real_05.cip
episode,12,624,624,A,,60.0,100,0.5190566778182983,2.7116236686706543,12.832940101623535,0.753,-12.011800000000001,-12.0,-0.0118,-12.011800000000001,True,13,60.026255,,,,,,,,inf,1e+20,120.0,inf,0.0,16473,11,True,173,173,0,1385197884,0,0,0,16,0,,,,,93.58333333333333,,2408.98828125,67.03369140625,timelimit,data/instances/transfer/real_05.cip
mix_16_0,13,625,625,A,,60.0,100,0.5522090196609497,1.6241487264633179,21.502044677734375,0.753,,,,,,,,,,,,,,,,,,,,,14,,173,173,0,1385197884,0,0,0,16,0,0.310965895652771,1.0,-10.738574981689453,1.7570431232452393,1.0,0.545912891626358,2474.4296875,67.03369140625,,data/instances/train/real_06.cip
mix_16_0,13,626,626,A,,60.0,100,0.38763564825057983,1.8182803392410278,5.990886688232422,0.753,,,,,,,,,,,,,,,,,,,,,13,,173,173,0,1385197884,0,0,0,16,0,0.23139281570911407,1.0,-9.987049102783203,1.598025918006897,1.0,0.5543233565986156,2474.4296875,67.03369140625,,data/instances/train/real_06.cip
mix_16_0,13,627,627,A,,60.0,100,0.23550927639007568,1.1649335622787476,10.896592140197754,0.753,,,,,,,,,,,,,,,,,,,,,15,,173,173,0,1385197884,0,0,0,16,0,0.18958505988121033,1.0,-9.458772659301758,0.9374808073043823,1.0,0.6221956387162209,2474.4296875,67.03369140625,,data/instances/train/real_06.cip
mix_16_0,13,628,628,A,,60.0,100,0.27069324254989624,1.4341070652008057,7.617392539978027,0.753,,,,,,,,,,,,,,,,,,,,,14,,173,173,0,1385197884,0,0,0,16,0,0.1743190735578537,1.0,-9.218839645385742,1.5920259952545166,1.0,0.6113551445305347,2474.44140625,67.03369140625,,data/instances/train/real_06.cip
mix_16_0,13,629,629,A,,60.0,100,0.6192479133605957,2.6266820430755615,4.3867411613464355,0.7514166666666666,,,,,,,,,,,,,,,,,,,,,11,,173,173,0,1385197884,0,0,0,16,0,0.24161241948604584,1.0,-8.881024360656738,1.7532517910003662,110.0,0.5043378416448832,2474.44140625,67.03369140625,,data/instances/train/real_06.cip
mix_16_0,13,630,630,A,,60.0,100,0.976035475730896,3.4299445152282715,7.821233749389648,0.7514166666666666,,,,,,,,,,,,,,,,,,,,,8,,173,173,0,1385197884,0,0,0,16,0,0.2869871258735657,1.0,-8.648508071899414,1.5805996656417847,110.0,0.5259092766791582,2474.44140625,67.03369140625,,data/instances/train/real_06.cip
mix_16_0,13,631,631,A,,60.0,100,0.21340405941009521,1.4378118515014648,3.4535164833068848,0.7514166666666666,,,,,,,,,,,,,,,,,,,,,13,,173,173,0,1385197884,0,0,0,16,0,0.15807735919952393,1.0,-9.959625244140625,2.2558231353759766,110.0,0.607745872810483,2474.44140625,67.03369140625,,data/instances/train/real_06.cip
mix_16_0,13,632,632,A,,60.0,100,0.1939857006072998,1.6309244632720947,5.457647800445557,0.7514166666666666,,,,,,,,,,,,,,,,,,,,,14,,173,173,0,1385197884,0,0,0,16,0,0.11237601190805435,1.0,-10.014666557312012,1.0070393085479736,110.0,0.5497719142585993,2474.44140625,67.03369140625,,data/instances/train/real_06.cip
mix_16_0,13,633,633,A,,60.0,100,0.5372558236122131,2.6958060264587402,2.0411670207977295,0.7498333333333334,,,,,,,,,,,,,,,,,,,,,10,,174,174,0,1390093360,0,0,0,16,0,0.20907467603683472,1.0,-10.076576232910156,2.3743667602539062,1.0,0.4867273401468992,2474.44140625,67.03369140625,,data/instances/train/real_06.cip
mix_16_0,13,634,634,A,,60.0,100,0.19981643557548523,0.9506449699401855,9.730679512023926,0.7498333333333334,,,,,,,,,,,,,,,,,,,,,15,,174,174,0,1390093360,0,0,0,16,0,0.17639251053333282,1.0,-10.553546905517578,1.9651395082473755,1.0,0.5897837243974209,2474.44140625,67.03369140625,,data/instances/train/real_06.cip
mix_16_0,13,635,635,A,,60.0,100,0.3323577046394348,2.5306496620178223,2.7308058738708496,0.7498333333333334,,,,,,,,,,,,,,,,,,,,,11,,174,174,0,1390093360,0,0,0,16,0,0.13754355907440186,1.0,-10.260041236877441,1.7586817741394043,1.0,0.5702149830758572,2474.44140625,67.03369140625,,data/instances/train/real_06.cip
mix_16_0,13,636,636,A,,60.0,100,0.5769417881965637,2.4571800231933594,1.3184795379638672,0.7498333333333334,,,,,,,,,,,,,,,,,,,,,11,,174,174,0,1390093360,0,0,0,16,0,0.23562407493591309,1.0,-9.162461280822754,2.7093875408172607,1.0,0.5830277409404516,2474.44140625,67.03369140625,,data/instances/train/real_06.cip
mix_16_0,13,637,637,A,,60.0,100,0.30492573976516724,1.7141077518463135,5.173430919647217,0.7482500000000001,,,,,,,,,,,,,,,,,,,,,14,,175,175,0,1394970708,0,0,0,16,0,0.17081399261951447,1.0,-10.150017738342285,1.8816694021224976,46.0,0.5199444927275181,2474.44140625,67.03369140625,,data/instances/train/real_06.cip
mix_16_0,13,638,638,A,,60.0,100,0.646899938583374,2.5381884574890137,7.657886981964111,0.7482500000000001,,,,,,,,,,,,,,,,,,,,,11,,175,175,0,1394970708,0,0,0,16,0,0.245497927069664,1.0,-9.098580360412598,2.2025749683380127,46.0,0.5333152208477259,2474.44140625,67.03369140625,,data/instances/train/real_06.cip
mix_16_0,13,639,639,A,,60.0,100,0.2777986526489258,1.3553035259246826,6.731805324554443,0.7482500000000001,,,,,,,,,,,,,,,,,,,,,14,,175,175,0,1394970708,0,0,0,16,0,0.2016380876302719,1.0,-9.929540634155273,1.9367311000823975,46.0,0.6115502770990133,2474.44140625,67.03369140625,,data/instances/train/real_06.cip
mix_16_0,13,640,640,A,,60.0,100,0.6216057538986206,2.6308984756469727,1.6474725008010864,0.7482500000000001,,,,,,,,,,,,,,,,,,,,,11,,175,175,0,1394970708,0,0,0,16,0,0.2520309388637543,1.0,-9.550915718078613,1.8608838319778442,46.0,0.5774514134973288,2474.44140625,67.03369140625,,data/instances/train/real_06.cip
mix_16_0,13,641,641,A,,60.0,100,0.30196237564086914,1.8281326293945312,1.6241803169250488,0.7466666666666667,,,,,,,,,,,,,,,,,,,,,11,,176,176,0,1399809744,0,0,0,16,0,0.16375698149204254,1.0,-9.113079071044922,2.881247043609619,1.0,0.487473564222455,2474.44140625,67.03369140625,,data/instances/train/real_06.cip
mix_16_0,13,642,642,A,,60.0,100,0.49004852771759033,1.8881468772888184,3.341062307357788,0.7466666666666667,,,,,,,,,,,,,,,,,,,,,13,,176,176,0,1399809744,0,0,0,16,0,0.2612645924091339,1.0,-9.890976905822754,2.0389249324798584,1.0,0.5848276149481535,2474.44140625,67.03369140625,,data/instances/train/real_06.cip
mix_16_0,13,643,643,A,,60.0,100,0.16159601509571075,1.0276765823364258,4.537015438079834,0.7466666666666667,,,,,,,,,,,,,,,,,,,,,14,,176,176,0,1399809744,0,0,0,16,0,0.19596853852272034,1.0,-9.759902954101562,2.453011989593506,1.0,0.5767972953617573,2474.44140625,67.03369140625,,data/instances/train/real_06.cip
mix_16_0,13,644,644,A,,60.0,100,0.3137744069099426,1.2702844142913818,5.951827049255371,0.7466666666666667,,,,,,,,,,,,,,,,,,,,,14,,176,176,0,1399809744,0,0,0,16,0,0.2571221888065338,1.0,-10.298107147216797,2.233078718185425,1.0,0.5403190962970257,2474.44140625,67.03369140625,,data/instances/train/real_06.cip
mix_16_0,13,645,645,A,,60.0,100,0.40053418278694153,1.993459701538086,2.806846857070923,0.7450833333333333,,,,,,,,,,,,,,,,,,,,,13,,177,177,0,1404608116,0,0,0,16,0,0.21964919567108154,1.0,-10.515670776367188,1.2331910133361816,1.0,0.4980453234165907,2474.4609375,67.03369140625,,data/instances/train/real_06.cip
mix_16_0,13,646,646,A,,60.0,100,0.3630618453025818,2.3574557304382324,7.156050682067871,0.7450833333333333,,,,,,,,,,,,,,,,,,,,,12,,177,177,0,1404608116,0,0,0,16,0,0.13595061004161835,1.0,-9.995807647705078,1.8858767747879028,1.0,0.5629750248044729,2474.4609375,67.03369140625,,data/instances/train/real_06.cip
mix_16_0,13,647,647,A,,60.0,100,0.42901089787483215,2.111947774887085,5.595600605010986,0.7450833333333333,,,,,,,,,,,,,,,,,,,,,13,,177,177,0,1404608116,0,0,0,16,0,0.191050723195076,1.0,-9.841851234436035,2.3435254096984863,1.0,0.5966659802943468,2474.4609375,67.03369140625,,data/instances/train/real_06.cip
mix_16_0,13,648,648,A,,60.0,100,0.10718321800231934,0.6188127398490906,8.209637641906738,0.7450833333333333,,,,,,,,,,,,,,,,,,,,,16,,177,177,0,1404608116,0,0,0,16,0,0.2310405820608139,1.0,-10.050107955932617,1.6025729179382324,1.0,0.6221207864582539,2474.4609375,67.03369140625,,data/instances/train/real_06.cip
mix_16_0,13,649,649,A,,60.0,100,0.7074729800224304,2.0128579139709473,14.987967491149902,0.7435,,,,,,,,,,,,,,,,,,,,,13,,178,178,0,1409483984,0,0,0,16,0,0.33069583773612976,1.0,-9.606535911560059,2.132162094116211,162.0,0.49419012665748596,2474.4609375,67.03369140625,,data/instances/train/real_06.cip
mix_16_0,13,650,650,A,,60.0,100,0.4003210663795471,1.6355202198028564,3.941387891769409,0.7435,,,,,,,,,,,,,,,,,,,,,13,,178,178,0,1409483984,0,0,0,16,0,0.2325173318386078,1.0,-9.739974021911621,2.4734601974487305,162.0,0.5703212898224592,2474.4609375,67.03369140625,,data/instances/train/real_06.cip
mix_16_0,13,651,651,A,,60.0,100,0.08467666059732437,1.3506795167922974,1.6632791757583618,0.7435,,,,,,,,,,,,,,,,,,,,,14,,178,178,0,1409483984,0,0,0,16,0,0.06402286887168884,1.0,-10.56248664855957,1.7846367359161377,162.0,0.6019693594425917,2474.4609375,67.03369140625,,data/instances/train/real_06.cip
mix_16_0,13,652,652,A,,60.0,100,0.1700819581747055,1.2468993663787842,4.136119842529297,0.7435,,,,,,,,,,,,,,,,,,,,,15,,178,178,0,1409483984,0,0,0,16,0,0.14079615473747253,1.0,-11.052286148071289,2.184169054031372,162.0,0.6139646172523499,2474.4609375,67.03369140625,,data/instances/train/real_06.cip
mix_16_0,13,653,653,A,,60.0,100,0.39297211170196533,1.9956684112548828,9.680968284606934,0.7419166666666667,,,,,,,,,,,,,,,,,,,,,12,,179,179,0,1414363600,0,0,0,16,0,0.17189693450927734,1.0,-9.45532512664795,2.806459665298462,63.0,0.5021236203610897,2474.4609375,67.03369140625,,data/instances/train/real_06.cip
mix_16_0,13,654,654,A,,60.0,100,0.1391010582447052,1.4860767126083374,2.035034656524658,0.7419166666666667,,,,,,,,,,,,,,,,,,,,,14,,179,179,0,1414363600,0,0,0,16,0,0.09629902988672256,1.0,-10.38794231414795,1.6164904832839966,63.0,0.5813954882323742,2474.4609375,67.03369140625,,data/instances/train/real_06.cip
mix_16_0,13,655,655,A,,60.0,100,0.5136781930923462,1.794569492340088,6.021949768066406,0.7419166666666667,,,,,,,,,,,,,,,,,,,,,13,,179,179,0,1414363600,0,0,0,16,0,0.2929994463920593,1.0,-10.743709564208984,2.113129138946533,63.0,0.5947647765278816,2474.4609375,67.03369140625,,data/instances/train/real_06.cip
mix_16_0,13,656,656,A,,60.0,100,0.2603369653224945,1.2328258752822876,9.465252876281738,0.7419166666666667,,,,,,,,,,,,,,,,,,,,,15,,179,179,0,1414363600,0,0,0,16,0,0.1860450804233551,1.0,-10.522290229797363,1.4005067348480225,63.0,0.6029411479830742,2474.4609375,67.03369140625,,data/instances/train/real_06.cip
mix_16_0,13,657,657,A,,60.0,100,0.3594713807106018,1.63618004322052,13.38068675994873,0.7403333333333333,,,,,,,,,,,,,,,,,,,,,13,,180,180,0,1419202744,0,0,0,16,0,0.19440299272537231,1.0,-9.837465286254883,1.9118572473526,159.0,0.49832622334361076,2474.47265625,67.03369140625,,data/instances/train/real_06.cip
mix_16_0,13,658,658,A,,60.0,100,0.3469310402870178,1.7595570087432861,10.626877784729004,0.7403333333333333,,,,,,,,,,,,,,,,,,,,,14,,180,180,0,1419202744,0,0,0,16,0,0.18988119065761566,1.0,-9.877076148986816,1.5640822649002075,159.0,0.5885350815951824,2474.47265625,67.03369140625,,data/instances/train/real_06.cip
mix_16_0,13,659,659,A,,60.0,100,0.46248549222946167,1.924519419670105,0.8131798505783081,0.7403333333333333,,,,,,,,,,,,,,,,,,,,,13,,180,180,0,1419202744,0,0,0,16,0,0.24025173485279083,1.0,-9.917621612548828,2.184720039367676,159.0,0.4846665021032095,2474.47265625,67.03369140625,,data/instances/train/real_06.cip
mix_16_0,13,660,660,A,,60.0,100,0.1911734789609909,2.0055437088012695,5.434018611907959,0.7403333333333333,,,,,,,,,,,,,,,,,,,,,12,,180,180,0,1419202744,0,0,0,16,0,0.09367813915014267,1.0,-11.154247283935547,2.5315027236938477,159.0,0.579470906406641,2474.47265625,67.03369140625,,data/instances/train/real_06.cip
mix_16_0,13,661,661,A,,60.0,100,0.2178724706172943,0.842125415802002,14.181958198547363,0.73875,,,,,,,,,,,,,,,,,,,,,15,,181,181,0,1424162692,0,0,0,16,0,0.2373976707458496,1.0,-11.229501724243164,2.3944787979125977,108.0,0.5289112683385611,2474.47265625,67.03369140625,,data/instances/train/real_06.cip
mix_16_0,13,662,662,A,,60.0,100,0.15927784144878387,1.9704582691192627,5.348247051239014,0.73875,,,,,,,,,,,,,,,,,,,,,13,,181,181,0,1424162692,0,0,0,16,0,0.06866241246461868,1.0,-10.81013011932373,2.0735208988189697,108.0,0.5676543414592743,2474.47265625,67.03369140625,,data/instances/train/real_06.cip
mix_16_0,13,663,663,A,,60.0,100,0.1885075718164444,1.1768487691879272,4.759927272796631,0.73875,,,,,,,,,,,,,,,,,,,,,15,,181,181,0,1424162692,0,0,0,16,0,0.1698305606842041,1.0,-10.418453216552734,1.5975074768066406,108.0,0.6178338285535574,2474.47265625,67.03369140625,,data/instances/train/real_06.cip
mix_16_0,13,664,664,A,,60.0,100,0.7413594722747803,2.654202461242676,11.855432510375977,0.73875,,,,,,,,,,,,,,,,,,,,,11,,181,181,0,1424162692,0,0,0,16,0,0.2790108323097229,1.0,-9.286314010620117,1.8884764909744263,108.0,0.5734736025333405,2474.47265625,67.03369140625,,data/instances/train/real_06.cip
mix_16_0,13,665,665,A,,60.0,100,0.26256874203681946,1.9784750938415527,6.172231674194336,0.7371666666666667,,,,,,,,,,,,,,,,,,,,,13,,182,182,0,1429036072,0,0,0,16,0,0.1283196061849594,1.0,-9.979724884033203,2.234158515930176,1.0,0.5066137872636318,2474.47265625,67.03369140625,,data/instances/train/real_06.cip
mix_16_0,13,666,666,A,,60.0,100,0.42647629976272583,2.052199602127075,8.356880187988281,0.7371666666666667,,,,,,,,,,,,,,,,,,,,,12,,182,182,0,1429036072,0,0,0,16,0,0.1801631599664688,1.0,-9.410959243774414,2.0985512733459473,1.0,0.57266915589571,2474.47265625,67.03369140625,,data/instances/train/real_06.cip
mix_16_0,13,667,667,A,,60.0,100,0.673370897769928,2.1049699783325195,15.320667266845703,0.7371666666666667,,,,,,,,,,,,,,,,,,,,,14,,182,182,0,1429036072,0,0,0,16,0,0.25878778100013733,1.0,-9.189916610717773,1.9259740114212036,1.0,0.5887265913188457,2474.47265625,67.03369140625,,data/instances/train/real_06.cip
mix_16_0,13,668,668,A,,60.0,100,0.3837689161300659,1.8754510879516602,5.065117359161377,0.7371666666666667,,,,,,,,,,,,,,,,,,,,,13,,182,182,0,1429036072,0,0,0,16,0,0.19637981057167053,1.0,-9.602019309997559,1.984131932258606,1.0,0.5914772003889084,2474.47265625,67.03369140625,,data/instances/train/real_06.cip
mix_16_0,13,669,669,A,,60.0,100,0.37195920944213867,1.278931736946106,10.711212158203125,0.7355833333333334,,,,,,,,,,,,,,,,,,,,,14,,183,183,0,1433907552,0,0,0,16,0,0.3337557315826416,1.0,-10.911079406738281,1.8144904375076294,59.0,0.47866317443549633,2474.47265625,67.03369140625,,data/instances/train/real_06.cip
mix_16_0,13,670,670,A,,60.0,100,0.46333861351013184,1.4995158910751343,3.839475393295288,0.7355833333333334,,,,,,,,,,,,,,,,,,,,,13,,183,183,0,1433907552,0,0,0,16,0,0.33566468954086304,1.0,-9.549715995788574,2.517390251159668,59.0,0.5743810180574656,2474.47265625,67.03369140625,,data/instances/train/real_06.cip
mix_16_0,13,671,671,A,,60.0,100,0.43561118841171265,1.3920841217041016,12.206974029541016,0.7355833333333334,,,,,,,,,,,,,,,,,,,,,15,,183,183,0,1433907552,0,0,0,16,0,0.31597191095352173,1.0,-10.974191665649414,1.2852379083633423,59.0,0.6067486722022295,2474.47265625,67.03369140625,,data/instances/train/real_06.cip
mix_16_0,13,672,672,A,,60.0,100,0.32715314626693726,2.1198902130126953,6.1673407554626465,0.7355833333333334,,,,,,,,,,,,,,,,,,,,,12,,183,183,0,1433907552,0,0,0,16,0,0.15456460416316986,1.0,-10.425088882446289,2.3316752910614014,59.0,0.5791622996330261,2474.47265625,67.03369140625,,data/instances/train/real_06.cip
mix_16_0,13,673,673,A,,60.0,100,0.4955669641494751,2.1252031326293945,12.277046203613281,0.734,,,,,,,,,,,,,,,,,,,,,12,,184,184,0,1438724816,0,0,0,16,0,0.22243088483810425,1.0,-10.8950777053833,2.7034833431243896,1.0,0.49618637561798096,2474.47265625,67.03369140625,,data/instances/train/real_06.cip
mix_16_0,13,674,674,A,,60.0,100,0.27389585971832275,1.3694570064544678,6.3972930908203125,0.734,,,,,,,,,,,,,,,,,,,,,15,,184,184,0,1438724816,0,0,0,16,0,0.1973511129617691,1.0,-10.865852355957031,2.2403459548950195,1.0,0.5790813844650984,2474.47265625,67.03369140625,,data/instances/train/real_06.cip
mix_16_0,13,675,675,A,,60.0,100,0.408357709646225,1.9518097639083862,6.348125457763672,0.734,,,,,,,,,,,,,,,,,,,,,12,,184,184,0,1438724816,0,0,0,16,0,0.1990838646888733,1.0,-9.91755199432373,1.9695900678634644,1.0,0.5857449416071177,2474.47265625,67.03369140625,,data/instances/train/real_06.cip
mix_16_0,13,676,676,A,,60.0,100,0.5646377801895142,2.3241119384765625,11.192337989807129,0.734,,,,,,,,,,,,,,,,,,,,,12,,184,184,0,1438724816,0,0,0,16,0,0.20911066234111786,1.0,-9.94747543334961,2.1163649559020996,1.0,0.5983803700655699,2474.47265625,67.03369140625,,data/instances/train/real_06.cip
mix_16_0,13,677,677,A,,60.0,100,0.7540000677108765,2.292875289916992,15.487992286682129,0.7324166666666667,,,,,,,,,,,,,,,,,,,,,13,,185,185,0,1443410552,0,0,0,16,0,0.3117125332355499,1.0,-9.152267456054688,2.1118721961975098,115.0,0.4878394156694412,2474.47265625,67.03369140625,,data/instances/train/real_06.cip
mix_16_0,13,678,678,A,,60.0,100,0.6798107624053955,2.086348533630371,11.37983226776123,0.7324166666666667,,,,,,,,,,,,,,,,,,,,,12,,185,185,0,1443410552,0,0,0,16,0,0.3114382326602936,1.0,-9.446378707885742,2.798600435256958,115.0,0.5595844835042953,2474.47265625,67.03369140625,,data/instances/train/real_06.cip
mix_16_0,13,679,679,A,,60.0,100,0.38698384165763855,2.600226879119873,1.9929981231689453,0.7324166666666667,,,,,,,,,,,,,,,,,,,,,11,,185,185,0,1443410552,0,0,0,16,0,0.15150810778141022,1.0,-10.144789695739746,2.3147268295288086,115.0,0.5852141976356506,2474.47265625,67.03369140625,,data/instances/train/real_06.cip
mix_16_0,13,680,680,A,,60.0,100,0.2789658010005951,1.2708919048309326,15.231087684631348,0.7324166666666667,,,,,,,,,,,,,,,,,,,,,15,,185,185,0,1443410552,0,0,0,16,0,0.2013673037290573,1.0,-10.905537605285645,1.489478349685669,115.0,0.6174284238368273,2474.47265625,67.03369140625,,data/instances/train/real_06.cip
mix_16_0,13,681,681,A,,60.0,100,0.5813632011413574,2.108733892440796,14.811124801635742,0.7308333333333333,,,,,,,,,,,,,,,,,,,,,12,,186,186,0,1448092612,0,0,0,16,0,0.25127726793289185,1.0,-10.441709518432617,3.29594349861145,32.0,0.49853464774787426,2474.47265625,67.03369140625,,data/instances/train/real_06.cip
mix_16_0,13,682,682,A,,60.0,100,0.2924319803714752,1.8544527292251587,11.247392654418945,0.7308333333333333,,,,,,,,,,,,,,,,,,,,,12,,186,186,0,1448092612,0,0,0,16,0,0.11800993233919144,1.0,-10.520030975341797,2.6621999740600586,32.0,0.5809737984091043,2474.47265625,67.03369140625,,data/instances/train/real_06.cip
mix_16_0,13,683,683,A,,60.0,100,0.17341148853302002,1.6163618564605713,7.422369003295898,0.7308333333333333,,,,,,,,,,,,,,,,,,,,,14,,186,186,0,1448092612,0,0,0,16,0,0.1118507832288742,1.0,-10.782453536987305,1.3151389360427856,32.0,0.5927800685167313,2474.47265625,67.03369140625,,data/instances/train/real_06.cip
mix_16_0,13,684,684,A,,60.0,100,0.3211809992790222,2.0374550819396973,4.148154258728027,0.7308333333333333,,,,,,,,,,,,,,,,,,,,,13,,186,186,0,1448092612,0,0,0,16,0,0.16737143695354462,1.0,-10.525925636291504,1.2622900009155273,32.0,0.5992790274322033,2474.47265625,67.03369140625,,data/instances/train/real_06.cip
mix_16_0,13,685,685,A,,60.0,100,0.1845117211341858,0.9497419595718384,6.93770694732666,0.72925,,,,,,,,,,,,,,,,,,,,,15,,187,187,0,1452720124,0,0,0,16,0,0.2356264591217041,1.0,-10.473791122436523,2.667288064956665,135.0,0.5150747690349817,2474.47265625,67.03369140625,,data/instances/train/real_06.cip
mix_16_0,13,686,686,A,,60.0,100,0.3375571370124817,2.598489761352539,3.4531121253967285,0.72925,,,,,,,,,,,,,,,,,,,,,12,,187,187,0,1452720124,0,0,0,16,0,0.13184039294719696,1.0,-10.017288208007812,2.005650758743286,135.0,0.5611619148403406,2474.47265625,67.03369140625,,data/instances/train/real_06.cip
mix_16_0,13,687,687,A,,60.0,100,0.37747159600257874,1.1606894731521606,2.760067939758301,0.72925,,,,,,,,,,,,,,,,,,,,,14,,187,187,0,1452720124,0,0,0,16,0,0.3525451421737671,1.0,-9.841893196105957,2.460744619369507,135.0,0.5997712891548872,2474.47265625,67.03369140625,,data/instances/train/real_06.cip
mix_16_0,13,688,688,A,,60.0,100,0.26992860436439514,1.4002788066864014,2.7653732299804688,0.72925,,,,,,,,,,,,,,,,,,,,,13,,187,187,0,1452720124,0,0,0,16,0,0.1895778775215149,1.0,-10.621644973754883,2.6538543701171875,135.0,0.5964175201952457,2474.47265625,67.03369140625,,data/instances/train/real_06.cip
episode,13,688,688,A,,60.0,100,0.26992860436439514,1.4002788066864014,2.7653732299804688,0.7276666666666667,-16.079499999999996,-16.0,-0.0795,-16.079499999999996,True,17,61.128068,,,,,,,,inf,0.0248949270311712,120.0,14.879117,0.0,10574,13,True,189,189,0,1461968092,0,0,0,16,0,,,,,62.1875,,2409.03515625,67.03369140625,timelimit,data/instances/train/real_06.cip
mix_16_0,14,689,689,A,,60.0,100,0.1813114583492279,1.0175731182098389,7.636449337005615,0.7276666666666667,,,,,,,,,,,,,,,,,,,,,16,,189,189,0,1461968092,0,0,0,16,0,0.11225985735654831,1.0,-11.235213279724121,2.481024980545044,27.0,0.5721315201371908,2625.0625,67.03369140625,,data/instances/train/real_07.cip
mix_16_0,14,690,690,A,,60.0,100,0.42077136039733887,3.038360118865967,5.820516109466553,0.7276666666666667,,,,,,,,,,,,,,,,,,,,,10,,189,189,0,1461968092,0,0,0,16,0,0.14359791576862335,1.0,-10.462589263916016,2.200376033782959,27.0,0.5386959835886955,2625.0625,67.03369140625,,data/instances/train/real_07.cip
mix_16_0,14,691,691,A,,60.0,100,0.24043670296669006,1.9791531562805176,3.174625873565674,0.7276666666666667,,,,,,,,,,,,,,,,,,,,,14,,189,189,0,1461968092,0,0,0,16,0,0.11313018202781677,1.0,-11.224373817443848,1.8606152534484863,27.0,0.6195656843483448,2625.0625,67.03369140625,,data/instances/train/real_07.cip
mix_16_0,14,692,692,A,,60.0,100,0.1471089869737625,0.9878331422805786,4.731581687927246,0.7276666666666667,,,,,,,,,,,,,,,,,,,,,15,,189,189,0,1461968092,0,0,0,16,0,0.15365895628929138,1.0,-10.85372543334961,1.9141484498977661,27.0,0.6054448019713163,2625.0625,67.03369140625,,data/instances/train/real_07.cip
mix_16_0,14,693,693,A,,60.0,100,0.3125113844871521,1.770763635635376,2.5390703678131104,0.7260833333333334,,,,,,,,,,,,,,,,,,,,,13,,189,189,0,1461968092,0,0,0,16,0,0.18153510987758636,1.0,-10.891287803649902,2.426227331161499,252.0,0.5139589589089155,2632.6015625,67.03369140625,,data/instances/train/real_07.cip
mix_16_0,14,694,694,A,,60.0,100,0.40867841243743896,1.5788154602050781,3.6086926460266113,0.7260833333333334,,,,,,,,,,,,,,,,,,,,,14,,189,189,0,1461968092,0,0,0,16,0,0.26224860548973083,1.0,-9.817506790161133,1.605573296546936,252.0,0.5760015118867159,2632.6015625,67.03369140625,,data/instances/train/real_07.cip
mix_16_0,14,695,695,A,,60.0,100,0.30753588676452637,1.0716828107833862,6.36350679397583,0.7260833333333334,,,,,,,,,,,,,,,,,,,,,15,,189,189,0,1461968092,0,0,0,16,0,0.31253620982170105,1.0,-10.596172332763672,1.9041872024536133,252.0,0.601810272783041,2632.6015625,67.03369140625,,data/instances/train/real_07.cip
mix_16_0,14,696,696,A,,60.0,100,0.6105698347091675,2.3286471366882324,3.0673298835754395,0.7260833333333334,,,,,,,,,,,,,,,,,,,,,12,,189,189,0,1461968092,0,0,0,16,0,0.25126543641090393,1.0,-10.467824935913086,2.3845624923706055,252.0,0.5838396977633238,2632.6015625,67.03369140625,,data/instances/train/real_07.cip
mix_16_0,14,697,697,A,,60.0,100,0.35941165685653687,2.133725643157959,1.7413135766983032,0.7245,,,,,,,,,,,,,,,,,,,,,13,,190,190,0,1471562004,0,0,0,16,0,0.18052637577056885,1.0,-11.086289405822754,1.971984624862671,1.0,0.5291419234126806,2635.15234375,67.03369140625,,data/instances/train/real_07.cip
mix_16_0,14,698,698,A,,60.0,100,0.10819493234157562,0.5742719173431396,8.67566967010498,0.7245,,,,,,,,,,,,,,,,,,,,,16,,190,190,0,1471562004,0,0,0,16,0,0.383017897605896,1.0,-10.538431167602539,2.1399312019348145,1.0,0.5960025116801262,2635.15234375,67.03369140625,,data/instances/train/real_07.cip
mix_16_0,14,699,699,A,,60.0,100,0.2211569994688034,1.4885079860687256,2.461893320083618,0.7245,,,,,,,,,,,,,,,,,,,,,14,,190,190,0,1471562004,0,0,0,16,0,0.11770495772361755,1.0,-10.828117370605469,2.0609290599823,1.0,0.5950573664158583,2635.15234375,67.03369140625,,data/instances/train/real_07.cip
mix_16_0,14,700,700,A,,60.0,100,0.23422685265541077,1.1481587886810303,4.312863349914551,0.7245,,,,,,,,,,,,,,,,,,,,,15,,190,190,0,1471562004,0,0,0,16,0,0.2081257402896881,1.0,-11.430923461914062,2.276313304901123,1.0,0.6062576081603765,2635.15234375,67.03369140625,,data/instances/train/real_07.cip
mix_16_0,14,701,701,A,,60.0,100,0.7374361753463745,2.362626075744629,15.543484687805176,0.7229166666666667,,,,,,,,,,,,,,,,,,,,,13,,191,191,0,1481100436,0,0,0,16,0,0.30428215861320496,1.0,-11.768928527832031,1.5695840120315552,71.0,0.4992831517010927,2642.125,67.03369140625,,data/instances/train/real_07.cip
mix_16_0,14,702,702,A,,60.0,100,0.40498489141464233,1.3424232006072998,11.60351848602295,0.7229166666666667,,,,,,,,,,,,,,,,,,,,,15,,191,191,0,1481100436,0,0,0,16,0,0.2812670171260834,1.0,-11.542139053344727,1.5710270404815674,71.0,0.5810165423899889,2642.125,67.03369140625,,data/instances/train/real_07.cip
mix_16_0,14,703,703,A,,60.0,100,0.24197594821453094,1.3801844120025635,3.6332015991210938,0.7229166666666667,,,,,,,,,,,,,,,,,,,,,14,,191,191,0,1481100436,0,0,0,16,0,0.174943745136261,1.0,-10.611261367797852,2.2372286319732666,71.0,0.5954954549670219,2642.125,67.03369140625,,data/instances/train/real_07.cip
mix_16_0,14,704,704,A,,60.0,100,0.2609226107597351,1.5986171960830688,2.896434783935547,0.7229166666666667,,,,,,,,,,,,,,,,,,,,,15,,191,191,0,1481100436,0,0,0,16,0,0.1508639007806778,1.0,-10.081708908081055,1.9479984045028687,71.0,0.592829829081893,2642.125,67.03369140625,,data/instances/train/real_07.cip
mix_16_0,14,705,705,A,,60.0,100,0.637054443359375,2.485267400741577,12.647531509399414,0.7213333333333334,,,,,,,,,,,,,,,,,,,,,12,,192,192,0,1490639428,0,0,0,16,0,0.22908182442188263,1.0,-9.249090194702148,2.2892708778381348,273.0,0.48364326916635036,2646.5625,67.03369140625,,data/instances/train/real_07.cip
mix_16_0,14,706,706,A,,60.0,100,0.3782259225845337,1.4868048429489136,10.742623329162598,0.7213333333333334,,,,,,,,,,,,,,,,,,,,,14,,192,192,0,1490639428,0,0,0,16,0,0.17590422928333282,1.0,-9.502365112304688,3.1538844108581543,273.0,0.5951975677162409,2646.5625,67.03369140625,,data/instances/train/real_07.cip
mix_16_0,14,707,707,A,,60.0,100,0.40354329347610474,1.536827564239502,15.374868392944336,0.7213333333333334,,,,,,,,,,,,,,,,,,,,,14,,192,192,0,1490639428,0,0,0,16,0,0.24554245173931122,1.0,-8.477166175842285,2.488596200942993,273.0,0.5942729599773884,2646.5625,67.03369140625,,data/instances/train/real_07.cip
mix_16_0,14,708,708,A,,60.0,100,0.3207201659679413,1.6884409189224243,6.471421241760254,0.7213333333333334,,,,,,,,,,,,,,,,,,,,,13,,192,192,0,1490639428,0,0,0,16,0,0.1883326917886734,1.0,-10.609556198120117,2.6199841499328613,273.0,0.5820514317601919,2646.5625,67.03369140625,,data/instances/train/real_07.cip
mix_16_0,14,709,709,A,,60.0,100,0.28395557403564453,2.38594651222229,2.879514455795288,0.71975,,,,,,,,,,,,,,,,,,,,,13,,193,193,0,1500190444,0,0,0,16,0,0.10493860393762589,1.0,-10.879348754882812,1.3197309970855713,1.0,0.5210407804697752,2651.0,67.03369140625,,data/instances/train/real_07.cip
mix_16_0,14,710,710,A,,60.0,100,0.312416136264801,2.574561357498169,9.119132995605469,0.71975,,,,,,,,,,,,,,,,,,,,,12,,193,193,0,1500190444,0,0,0,16,0,0.11626428365707397,1.0,-11.065328598022461,2.0200934410095215,1.0,0.5613862089812756,2651.0,67.03369140625,,data/instances/train/real_07.cip
mix_16_0,14,711,711,A,,60.0,100,0.4730657935142517,1.8378424644470215,21.449100494384766,0.71975,,,,,,,,,,,,,,,,,,,,,15,,193,193,0,1500190444,0,0,0,16,0,0.19089683890342712,1.0,-12.959211349487305,1.8036866188049316,1.0,0.6092988923192024,2651.0,67.03369140625,,data/instances/train/real_07.cip
mix_16_0,14,712,712,A,,60.0,100,0.31948021054267883,2.006134510040283,11.480672836303711,0.71975,,,,,,,,,,,,,,,,,,,,,13,,193,193,0,1500190444,0,0,0,16,0,0.15183086693286896,1.0,-11.661075592041016,1.740452527999878,1.0,0.5904705468565226,2651.0,67.03369140625,,data/instances/train/real_07.cip
mix_16_0,14,713,713,A,,60.0,100,0.4531906247138977,1.4787662029266357,17.096555709838867,0.7181666666666666,,,,,,,,,,,,,,,,,,,,,15,,194,194,0,1509813536,0,0,0,16,0,0.2622976303100586,1.0,-11.777084350585938,1.3315585851669312,1.0,0.5119694136083126,2655.4375,67.03369140625,,data/instances/train/real_07.cip
mix_16_0,14,714,714,A,,60.0,100,0.4893331825733185,2.1329281330108643,7.103289604187012,0.7181666666666666,,,,,,,,,,,,,,,,,,,,,13,,194,194,0,1509813536,0,0,0,16,0,0.218643456697464,1.0,-11.06891918182373,1.488339900970459,1.0,0.5652250703424215,2655.4375,67.03369140625,,data/instances/train/real_07.cip
mix_16_0,14,715,715,A,,60.0,100,0.3138867914676666,1.5542116165161133,9.504982948303223,0.7181666666666666,,,,,,,,,,,,,,,,,,,,,14,,194,194,0,1509813536,0,0,0,16,0,0.16326753795146942,1.0,-10.597403526306152,2.354954481124878,1.0,0.6156657505780458,2655.45703125,67.03369140625,,data/instances/train/real_07.cip
mix_16_0,14,716,716,A,,60.0,100,0.7652304172515869,2.240478038787842,13.673559188842773,0.7181666666666666,,,,,,,,,,,,,,,,,,,,,13,,194,194,0,1509813536,0,0,0,16,0,0.3120400011539459,1.0,-10.035126686096191,2.0509519577026367,1.0,0.6081011742353439,2655.45703125,67.03369140625,,data/instances/train/real_07.cip
mix_16_0,14,717,717,A,,60.0,100,0.4403846263885498,1.9531900882720947,9.921199798583984,0.7165833333333333,,,,,,,,,,,,,,,,,,,,,13,,195,195,0,1519436808,0,0,0,16,0,0.21642707288265228,1.0,-10.009784698486328,2.1970067024230957,94.0,0.49492369033396244,2660.53125,67.03369140625,,data/instances/train/real_07.cip
mix_16_0,14,718,718,A,,60.0,100,0.9874023199081421,2.4639949798583984,4.108727931976318,0.7165833333333333,,,,,,,,,,,,,,,,,,,,,12,,195,195,0,1519436808,0,0,0,16,0,0.40979695320129395,1.0,-10.816665649414062,2.2399754524230957,94.0,0.5613856203854084,2660.53125,67.03369140625,,data/instances/train/real_07.cip
mix_16_0,14,719,719,A,,60.0,100,0.7123371362686157,2.3225581645965576,9.667108535766602,0.7165833333333333,,,,,,,,,,,,,,,,,,,,,11,,195,195,0,1519436808,0,0,0,16,0,0.30356565117836,1.0,-10.185919761657715,2.097809076309204,94.0,0.5828381609171629,2660.53125,67.03369140625,,data/instances/train/real_07.cip
mix_16_0,14,720,720,A,,60.0,100,0.6124286651611328,2.2121660709381104,13.011298179626465,0.7165833333333333,,,,,,,,,,,,,,,,,,,,,13,,195,195,0,1519436808,0,0,0,16,0,0.268102765083313,1.0,-11.452448844909668,2.0181636810302734,94.0,0.5947044361382723,2660.53125,67.03369140625,,data/instances/train/real_07.cip
mix_16_0,14,721,721,A,,60.0,100,0.37216418981552124,1.2793469429016113,8.960433959960938,0.7150000000000001,,,,,,,,,,,,,,,,,,,,,15,,196,196,0,1529060308,0,0,0,16,0,0.28642261028289795,1.0,-12.054494857788086,1.8176037073135376,1.0,0.5271213334053755,2663.06640625,67.03369140625,,data/instances/train/real_07.cip
mix_16_0,14,722,722,A,,60.0,100,0.5464863777160645,1.8045634031295776,8.460556983947754,0.7150000000000001,,,,,,,,,,,,,,,,,,,,,14,,196,196,0,1529060308,0,0,0,16,0,0.3114789128303528,1.0,-10.787056922912598,1.6342943906784058,1.0,0.5654433164745569,2663.06640625,67.03369140625,,data/instances/train/real_07.cip
mix_16_0,14,723,723,A,,60.0,100,0.20632611215114594,1.161144495010376,8.855964660644531,0.7150000000000001,,,,,,,,,,,,,,,,,,,,,15,,196,196,0,1529060308,0,0,0,16,0,0.14617988467216492,1.0,-9.972434043884277,2.440068244934082,1.0,0.6101244762539864,2663.06640625,67.03369140625,,data/instances/train/real_07.cip
mix_16_0,14,724,724,A,,60.0,100,0.4461686909198761,1.4048348665237427,17.230783462524414,0.7150000000000001,,,,,,,,,,,,,,,,,,,,,15,,196,196,0,1529060308,0,0,0,16,0,0.3085852861404419,1.0,-10.998151779174805,1.6460087299346924,1.0,0.6061294786632061,2663.06640625,67.03369140625,,data/instances/train/real_07.cip
mix_16_0,14,725,725,A,,60.0,100,0.26298660039901733,1.3957099914550781,2.389007806777954,0.7134166666666666,,,,,,,,,,,,,,,,,,,,,14,,197,197,0,1538716012,0,0,0,16,0,0.21091516315937042,1.0,-11.575667381286621,1.9447448253631592,1.0,0.5296684894710779,2670.125,67.03369140625,,data/instances/train/real_07.cip
mix_16_0,14,726,726,A,,60.0,100,0.11157045513391495,0.9036257266998291,2.495272636413574,0.7134166666666666,,,,,,,,,,,,,,,,,,,,,15,,197,197,0,1538716012,0,0,0,16,0,0.14301888644695282,1.0,-12.89323616027832,1.3847362995147705,1.0,0.5769530273973942,2670.125,67.03369140625,,data/instances/train/real_07.cip
mix_16_0,14,727,727,A,,60.0,100,0.43552953004837036,1.2899723052978516,18.3455810546875,0.7134166666666666,,,,,,,,,,,,,,,,,,,,,14,,197,197,0,1538716012,0,0,0,16,0,0.34935587644577026,1.0,-12.302840232849121,3.256870985031128,1.0,0.5912199225276709,2670.125,67.03369140625,,data/instances/train/real_07.cip
mix_16_0,14,728,728,A,,60.0,100,0.3583971858024597,1.6569852828979492,13.860034942626953,0.7134166666666666,,,,,,,,,,,,,,,,,,,,,14,,197,197,0,1538716012,0,0,0,16,0,0.19084061682224274,1.0,-12.607147216796875,2.2645232677459717,1.0,0.6035613231360912,2670.125,67.03369140625,,data/instances/train/real_07.cip
mix_16_0,14,729,729,A,,60.0,100,0.8238295912742615,3.0735039710998535,5.8860344886779785,0.7118333333333333,,,,,,,,,,,,,,,,,,,,,11,,198,198,0,1548370988,0,0,0,16,0,0.27431151270866394,1.0,-10.107802391052246,1.4329068660736084,250.0,0.47896958515048027,2672.67578125,67.03369140625,,data/instances/train/real_07.cip
mix_16_0,14,730,730,A,,60.0,100,0.22244594991207123,1.2601571083068848,4.035771369934082,0.7118333333333333,,,,,,,,,,,,,,,,,,,,,14,,198,198,0,1548370988,0,0,0,16,0,0.17275819182395935,1.0,-11.024280548095703,3.6489992141723633,250.0,0.5896681100130081,2672.67578125,67.03369140625,,data/instances/train/real_07.cip
mix_16_0,14,731,731,A,,60.0,100,0.7110147476196289,3.267801284790039,2.9746100902557373,0.7118333333333333,,,,,,,,,,,,,,,,,,,,,9,,198,198,0,1548370988,0,0,0,16,0,0.20326517522335052,1.0,-8.734771728515625,2.753270149230957,250.0,0.5518829822540283,2672.67578125,67.03369140625,,data/instances/train/real_07.cip
mix_16_0,14,732,732,A,,60.0,100,0.6459451913833618,2.6997601985931396,6.333377838134766,0.7118333333333333,,,,,,,,,,,,,,,,,,,,,12,,198,198,0,1548370988,0,0,0,16,0,0.23575064539909363,1.0,-10.240241050720215,1.556136131286621,250.0,0.6065436825156212,2672.67578125,67.03369140625,,data/instances/train/real_07.cip
mix_16_0,14,733,733,A,,60.0,100,0.5852769613265991,2.131350040435791,14.8081693649292,0.71025,,,,,,,,,,,,,,,,,,,,,14,,199,199,0,1558099580,0,0,0,16,0,0.2015174925327301,1.0,-10.252767562866211,2.296520948410034,1.0,0.4906299542635679,2679.78515625,67.03369140625,,data/instances/train/real_07.cip
mix_16_0,14,734,734,A,,60.0,100,0.41711699962615967,1.5154178142547607,15.34677505493164,0.71025,,,,,,,,,,,,,,,,,,,,,15,,199,199,0,1558099580,0,0,0,16,0,0.3096936047077179,1.0,-11.091263771057129,2.0567541122436523,1.0,0.5749793667346239,2679.78515625,67.03369140625,,data/instances/train/real_07.cip
mix_16_0,14,735,735,A,,60.0,100,0.2911808490753174,1.5441969633102417,4.260444641113281,0.71025,,,,,,,,,,,,,,,,,,,,,14,,199,199,0,1558099580,0,0,0,16,0,0.20959316194057465,1.0,-11.727834701538086,1.9040886163711548,1.0,0.5974316950887442,2679.78515625,67.03369140625,,data/instances/train/real_07.cip
mix_16_0,14,736,736,A,,60.0,100,0.433992862701416,2.4121766090393066,5.402501583099365,0.71025,,,,,,,,,,,,,,,,,,,,,13,,199,199,0,1558099580,0,0,0,16,0,0.16931107640266418,1.0,-12.06060791015625,1.7326699495315552,1.0,0.5944978259503841,2679.78515625,67.03369140625,,data/instances/train/real_07.cip
mix_16_0,14,737,737,A,,60.0,100,0.17503651976585388,0.7486673593521118,9.717260360717773,0.7086666666666668,,,,,,,,,,,,,,,,,,,,,16,,200,200,0,1567786004,0,0,0,16,0,0.23550772666931152,1.0,-12.270624160766602,1.8348649740219116,127.0,0.514033941552043,2686.87890625,67.03369140625,,data/instances/train/real_07.cip
mix_16_0,14,738,738,A,,60.0,100,0.5740197896957397,2.5184643268585205,10.005727767944336,0.7086666666666668,,,,,,,,,,,,,,,,,,,,,12,,200,200,0,1567786004,0,0,0,16,0,0.2337474822998047,1.0,-11.782979965209961,2.367377996444702,127.0,0.5471419263631105,2686.87890625,67.03369140625,,data/instances/train/real_07.cip
mix_16_0,14,739,739,A,,60.0,100,0.5316417217254639,2.873175621032715,8.537595748901367,0.7086666666666668,,,,,,,,,,,,,,,,,,,,,12,,200,200,0,1567786004,0,0,0,16,0,0.1746475100517273,1.0,-11.635751724243164,1.6061376333236694,127.0,0.5928115118294954,2686.87890625,67.03369140625,,data/instances/train/real_07.cip
mix_16_0,14,740,740,A,,60.0,100,0.2724664509296417,1.012471318244934,10.21849250793457,0.7086666666666668,,,,,,,,,,,,,,,,,,,,,16,,200,200,0,1567786004,0,0,0,16,0,0.3269203007221222,1.0,-11.827157020568848,2.0056605339050293,127.0,0.6102750170975924,2686.87890625,67.03369140625,,data/instances/train/real_07.cip
episode,14,740,740,A,,60.0,100,0.2724664509296417,1.012471318244934,10.21849250793457,0.7070833333333333,-13.011499999999998,-13.0,-0.011499999999999998,-13.011499999999998,True,14,60.17909,,,,,,,,inf,1e+20,120.0,inf,0.0,8968,16,True,202,202,0,1587231184,0,0,0,16,0,,,,,84.61538461538461,,2533.921875,67.03369140625,timelimit,data/instances/train/real_07.cip
mix_16_0,15,741,741,A,,60.0,100,0.42932969331741333,2.8241658210754395,7.357786178588867,0.7070833333333333,,,,,,,,,,,,,,,,,,,,,11,,202,202,0,1587231184,0,0,0,16,0,0.13426391780376434,1.0,-10.135687828063965,3.095076084136963,1.0,0.5245465748012066,2736.35546875,67.03369140625,,data/instances/transfer/real_01.cip
mix_16_0,15,742,742,A,,60.0,100,0.5765494108200073,1.6056687831878662,16.23420524597168,0.7070833333333333,,,,,,,,,,,,,,,,,,,,,14,,202,202,0,1587231184,0,0,0,16,0,0.34487855434417725,1.0,-10.703360557556152,2.6412458419799805,1.0,0.5931525770574808,2736.36328125,67.03369140625,,data/instances/transfer/real_01.cip
mix_16_0,15,743,743,A,,60.0,100,0.3621053397655487,1.7430881261825562,15.677056312561035,0.7070833333333333,,,,,,,,,,,,,,,,,,,,,15,,202,202,0,1587231184,0,0,0,16,0,0.1361732929944992,1.0,-10.913990020751953,1.66182279586792,1.0,0.5990244392305613,2736.36328125,67.03369140625,,data/instances/transfer/real_01.cip
mix_16_0,15,744,744,A,,60.0,100,0.7936688661575317,1.74354887008667,12.14933967590332,0.7070833333333333,,,,,,,,,,,,,,,,,,,,,13,,202,202,0,1587231184,0,0,0,16,0,0.40624693036079407,1.0,-9.837221145629883,2.48525333404541,1.0,0.590471051633358,2736.36328125,67.03369140625,,data/instances/transfer/real_01.cip
mix_16_0,15,745,745,A,,60.0,100,0.3986089527606964,2.272623300552368,3.7965896129608154,0.7055,,,,,,,,,,,,,,,,,,,,,12,,202,202,0,1587231184,0,0,0,16,0,0.13209599256515503,1.0,-10.634598731994629,2.8698039054870605,24.0,0.5154644101858139,2736.36328125,67.03369140625,,data/instances/transfer/real_01.cip
mix_16_0,15,746,746,A,,60.0,100,0.17265552282333374,2.6777424812316895,2.8115756511688232,0.7055,,,,,,,,,,,,,,,,,,,,,11,,202,202,0,1587231184,0,0,0,16,0,0.049855925142765045,1.0,-11.330475807189941,2.4538209438323975,24.0,0.5574215427041054,2736.36328125,67.03369140625,,data/instances/transfer/real_01.cip
mix_16_0,15,747,747,A,,60.0,100,0.2466234415769577,1.4912025928497314,8.982359886169434,0.7055,,,,,,,,,,,,,,,,,,,,,13,,202,202,0,1587231184,0,0,0,16,0,0.15185023844242096,1.0,-12.173773765563965,3.3964552879333496,24.0,0.5996073484420776,2736.36328125,67.03369140625,,data/instances/transfer/real_01.cip
mix_16_0,15,748,748,A,,60.0,100,0.5604549050331116,2.1654164791107178,21.94377326965332,0.7055,,,,,,,,,,,,,,,,,,,,,13,,202,202,0,1587231184,0,0,0,16,0,0.2428797483444214,1.0,-12.775823593139648,2.4176411628723145,24.0,0.6003048196434975,2736.36328125,67.03369140625,,data/instances/transfer/real_01.cip
mix_16_0,15,749,749,A,,60.0,100,0.6580513715744019,2.4677062034606934,22.218639373779297,0.7039166666666667,,,,,,,,,,,,,,,,,,,,,14,,203,203,0,1597109508,0,0,0,16,0,0.22670985758304596,1.0,-11.817511558532715,1.964328408241272,1.0,0.5032848306000233,2739.1796875,67.03369140625,,data/instances/transfer/real_01.cip
mix_16_0,15,750,750,A,,60.0,100,0.23919394612312317,1.5041751861572266,3.135359525680542,0.7039166666666667,,,,,,,,,,,,,,,,,,,,,14,,203,203,0,1597109508,0,0,0,16,0,0.1552564948797226,1.0,-11.525200843811035,2.875729560852051,1.0,0.5793625060468912,2739.1796875,67.03369140625,,data/instances/transfer/real_01.cip
mix_16_0,15,751,751,A,,60.0,100,0.2569752633571625,1.2708230018615723,2.7660107612609863,0.7039166666666667,,,,,,,,,,,,,,,,,,,,,14,,203,203,0,1597109508,0,0,0,16,0,0.20392578840255737,1.0,-11.408655166625977,2.453036308288574,1.0,0.6042334493249655,2739.1796875,67.03369140625,,data/instances/transfer/real_01.cip
mix_16_0,15,752,752,A,,60.0,100,0.511658251285553,2.356761932373047,13.550442695617676,0.7039166666666667,,,,,,,,,,,,,,,,,,,,,12,,203,203,0,1597109508,0,0,0,16,0,0.168292835354805,1.0,-10.457242012023926,2.6128487586975098,1.0,0.5712721459567547,2739.1796875,67.03369140625,,data/instances/transfer/real_01.cip
mix_16_0,15,753,753,A,,60.0,100,0.6464918851852417,2.551917314529419,10.065680503845215,0.7023333333333333,,,,,,,,,,,,,,,,,,,,,12,,204,204,0,1606778692,0,0,0,16,0,0.19425079226493835,1.0,-9.676515579223633,2.1259689331054688,133.0,0.4852263145148754,2743.51953125,67.03369140625,,data/instances/transfer/real_01.cip
mix_16_0,15,754,754,A,,60.0,100,0.5632876753807068,2.7250585556030273,11.698912620544434,0.7023333333333333,,,,,,,,,,,,,,,,,,,,,12,,204,204,0,1606778692,0,0,0,16,0,0.185609832406044,1.0,-11.095837593078613,2.340683698654175,133.0,0.56926404312253,2743.51953125,67.03369140625,,data/instances/transfer/real_01.cip
mix_16_0,15,755,755,A,,60.0,100,0.31482774019241333,2.111283779144287,6.026199817657471,0.7023333333333333,,,,,,,,,,,,,,,,,,,,,13,,204,204,0,1606778692,0,0,0,16,0,0.10706250369548798,1.0,-10.31968879699707,2.1574630737304688,133.0,0.5980454329401255,2743.51953125,67.03369140625,,data/instances/transfer/real_01.cip
mix_16_0,15,756,756,A,,60.0,100,0.36169135570526123,1.3767541646957397,1.9773411750793457,0.7023333333333333,,,,,,,,,,,,,,,,,,,,,14,,204,204,0,1606778692,0,0,0,16,0,0.2560311257839203,1.0,-12.278823852539062,2.1632540225982666,133.0,0.5989051032811403,2743.51953125,67.03369140625,,data/instances/transfer/real_01.cip
mix_16_0,15,757,757,A,,60.0,100,0.24093583226203918,2.3662986755371094,4.923710346221924,0.70075,,,,,,,,,,,,,,,,,,,,,12,,205,205,0,1616491808,0,0,0,16,0,0.10259824246168137,1.0,-12.077934265136719,2.086655855178833,127.0,0.4880475550889969,2747.76171875,67.03369140625,,data/instances/transfer/real_01.cip
mix_16_0,15,758,758,A,,60.0,100,0.30877238512039185,1.3181321620941162,17.438627243041992,0.70075,,,,,,,,,,,,,,,,,,,,,15,,205,205,0,1616491808,0,0,0,16,0,0.20203150808811188,1.0,-13.041091918945312,2.040138006210327,127.0,0.5895195100456476,2747.76171875,67.03369140625,,data/instances/transfer/real_01.cip
mix_16_0,15,759,759,A,,60.0,100,0.18791146576404572,1.6970924139022827,7.697747230529785,0.70075,,,,,,,,,,,,,,,,,,,,,14,,205,205,0,1616491808,0,0,0,16,0,0.08699224889278412,1.0,-12.74729061126709,2.426100969314575,127.0,0.5985623467713594,2747.76171875,67.03369140625,,data/instances/transfer/real_01.cip
mix_16_0,15,760,760,A,,60.0,100,0.24976769089698792,1.1529512405395508,12.25143814086914,0.70075,,,,,,,,,,,,,,,,,,,,,16,,205,205,0,1616491808,0,0,0,16,0,0.24702796339988708,1.0,-12.124900817871094,2.314117431640625,127.0,0.6216676104813814,2747.76171875,67.03369140625,,data/instances/transfer/real_01.cip
mix_16_0,15,761,761,A,,60.0,100,0.2763617932796478,1.5713131427764893,2.959446907043457,0.6991666666666667,,,,,,,,,,,,,,,,,,,,,13,,206,206,0,1626139768,0,0,0,16,0,0.17446230351924896,1.0,-11.346256256103516,2.7963075637817383,530.0,0.49445612728595734,2753.59375,67.03369140625,,data/instances/transfer/real_01.cip
mix_16_0,15,762,762,A,,60.0,100,0.49973270297050476,1.7218749523162842,13.675798416137695,0.6991666666666667,,,,,,,,,,,,,,,,,,,,,14,,206,206,0,1626139768,0,0,0,16,0,0.23555392026901245,1.0,-11.645979881286621,1.686713695526123,530.0,0.5830766465514898,2753.59375,67.03369140625,,data/instances/transfer/real_01.cip
mix_16_0,15,763,763,A,,60.0,100,0.26413100957870483,1.6037771701812744,13.737791061401367,0.6991666666666667,,,,,,,,,,,,,,,,,,,,,15,,206,206,0,1626139768,0,0,0,16,0,0.12002269178628922,1.0,-10.98723030090332,1.9553340673446655,530.0,0.6174520403146744,2753.59375,67.03369140625,,data/instances/transfer/real_01.cip
mix_16_0,15,764,764,A,,60.0,100,0.24340997636318207,0.9512454271316528,5.071831226348877,0.6991666666666667,,,,,,,,,,,,,,,,,,,,,15,,206,206,0,1626139768,0,0,0,16,0,0.2724386751651764,1.0,-11.22733211517334,2.7162857055664062,530.0,0.609311331063509,2753.59375,67.03369140625,,data/instances/transfer/real_01.cip
mix_16_0,15,765,765,A,,60.0,100,0.26819705963134766,1.589827537536621,1.9482253789901733,0.6975833333333333,,,,,,,,,,,,,,,,,,,,,13,,207,207,0,1635862256,0,0,0,16,0,0.1456465870141983,1.0,-10.618535041809082,3.1051342487335205,326.0,0.5004848353564739,2753.81640625,67.03369140625,,data/instances/transfer/real_01.cip
mix_16_0,15,766,766,A,,60.0,100,0.8756408095359802,2.044929027557373,17.75368309020996,0.6975833333333333,,,,,,,,,,,,,,,,,,,,,13,,207,207,0,1635862256,0,0,0,16,0,0.4017156660556793,1.0,-10.086849212646484,2.4544310569763184,326.0,0.5589726269245148,2753.81640625,67.03369140625,,data/instances/transfer/real_01.cip
mix_16_0,15,767,767,A,,60.0,100,0.31573840975761414,1.3872251510620117,4.87714147567749,0.6975833333333333,,,,,,,,,,,,,,,,,,,,,15,,207,207,0,1635862256,0,0,0,16,0,0.22099392116069794,1.0,-11.548255920410156,1.5352692604064941,326.0,0.6248383242636919,2754.046875,67.03369140625,,data/instances/transfer/real_01.cip
mix_16_0,15,768,768,A,,60.0,100,0.23088303208351135,1.5908782482147217,6.277468204498291,0.6975833333333333,,,,,,,,,,,,,,,,,,,,,13,,207,207,0,1635862256,0,0,0,16,0,0.13836216926574707,1.0,-10.888388633728027,2.496079683303833,326.0,0.6043846011161804,2754.046875,67.03369140625,,data/instances/transfer/real_01.cip
mix_16_0,15,769,769,A,,60.0,100,0.2753724157810211,0.9097214937210083,5.23982048034668,0.696,,,,,,,,,,,,,,,,,,,,,16,,208,208,0,1645576796,0,0,0,16,0,0.41930145025253296,1.0,-12.843826293945312,1.4792464971542358,92.0,0.5692158322781324,2762.984375,67.03369140625,,data/instances/transfer/real_01.cip
mix_16_0,15,770,770,A,,60.0,100,0.5372849106788635,2.714358329772949,6.824883460998535,0.696,,,,,,,,,,,,,,,,,,,,,12,,208,208,0,1645576796,0,0,0,16,0,0.19696258008480072,1.0,-12.148003578186035,2.7680747509002686,92.0,0.6000364609062672,2763.1328125,67.03369140625,,data/instances/transfer/real_01.cip
mix_16_0,15,771,771,A,,60.0,100,0.19274067878723145,0.8167961239814758,7.085659503936768,0.696,,,,,,,,,,,,,,,,,,,,,16,,208,208,0,1645576796,0,0,0,16,0,0.21143363416194916,1.0,-11.507204055786133,1.8510416746139526,92.0,0.6332130767405033,2763.1640625,67.03369140625,,data/instances/transfer/real_01.cip
mix_16_0,15,772,772,A,,60.0,100,0.5980797410011292,2.5423202514648438,5.316450595855713,0.696,,,,,,,,,,,,,,,,,,,,,13,,208,208,0,1645576796,0,0,0,16,0,0.24487991631031036,1.0,-11.541751861572266,1.9802066087722778,92.0,0.5934209320694208,2763.1640625,67.03369140625,,data/instances/transfer/real_01.cip
mix_16_0,15,773,773,A,,60.0,100,0.06897412985563278,0.6062939763069153,2.0059335231781006,0.6944166666666667,,,,,,,,,,,,,,,,,,,,,16,,209,209,0,1655290444,0,0,0,16,0,0.19128741323947906,1.0,-11.511765480041504,2.243427276611328,510.0,0.593394722789526,2766.82421875,67.03369140625,,data/instances/transfer/real_01.cip
mix_16_0,15,774,774,A,,60.0,100,0.3919941186904907,1.2107288837432861,11.697311401367188,0.6944166666666667,,,,,,,,,,,,,,,,,,,,,15,,209,209,0,1655290444,0,0,0,16,0,0.28565263748168945,1.0,-11.694768905639648,1.977213978767395,510.0,0.6834180019795895,2766.82421875,67.03369140625,,data/instances/transfer/real_01.cip
mix_16_0,15,775,775,A,,60.0,100,0.3152615427970886,1.3508734703063965,8.1279935836792,0.6944166666666667,,,,,,,,,,,,,,,,,,,,,14,,209,209,0,1655290444,0,0,0,16,0,0.2419254034757614,1.0,-11.293723106384277,2.5328471660614014,510.0,0.6060028839856386,2766.82421875,67.03369140625,,data/instances/transfer/real_01.cip
mix_16_0,15,776,776,A,,60.0,100,0.08949564397335052,0.8699768781661987,1.2152915000915527,0.6944166666666667,,,,,,,,,,,,,,,,,,,,,15,,209,209,0,1655290444,0,0,0,16,0,0.12417875975370407,1.0,-12.411514282226562,3.072418451309204,510.0,0.6140425968915224,2766.8359375,67.03369140625,,data/instances/transfer/real_01.cip
mix_16_0,15,777,777,A,,60.0,100,0.2865888476371765,2.156778335571289,9.609906196594238,0.6928333333333334,,,,,,,,,,,,,,,,,,,,,13,,210,210,0,1665131536,0,0,0,16,0,0.09673836827278137,1.0,-11.415326118469238,2.4960451126098633,1.0,0.567329153418541,2773.75390625,67.03369140625,,data/instances/transfer/real_01.cip
mix_16_0,15,778,778,A,,60.0,100,0.4764919579029083,2.3230295181274414,11.930505752563477,0.6928333333333334,,,,,,,,,,,,,,,,,,,,,12,,210,210,0,1665131536,0,0,0,16,0,0.16939745843410492,1.0,-11.767267227172852,3.3141565322875977,1.0,0.6175486072897911,2773.75390625,67.03369140625,,data/instances/transfer/real_01.cip
mix_16_0,15,779,779,A,,60.0,100,0.25041747093200684,0.9451965093612671,14.101112365722656,0.6928333333333334,,,,,,,,,,,,,,,,,,,,,16,,210,210,0,1665131536,0,0,0,16,0,0.20992633700370789,1.0,-13.323683738708496,1.6805857419967651,1.0,0.6273537874221802,2773.75390625,67.03369140625,,data/instances/transfer/real_01.cip
mix_16_0,15,780,780,A,,60.0,100,0.4709412753582001,1.5787919759750366,12.642518043518066,0.6928333333333334,,,,,,,,,,,,,,,,,,,,,13,,210,210,0,1665131536,0,0,0,16,0,0.32208186388015747,1.0,-11.21457576751709,3.030616283416748,1.0,0.5794465821236372,2773.75390625,67.03369140625,,data/instances/transfer/real_01.cip
mix_16_0,15,781,781,A,,60.0,100,0.9201254844665527,3.160473108291626,8.150858879089355,0.69125,,,,,,,,,,,,,,,,,,,,,12,,211,211,0,1674912552,0,0,0,16,0,0.2901034355163574,1.0,-12.004119873046875,2.1484215259552,291.0,0.49437423795461655,2775.29296875,67.03369140625,,data/instances/transfer/real_01.cip
mix_16_0,15,782,782,A,,60.0,100,0.3714701533317566,1.895135760307312,5.72230339050293,0.69125,,,,,,,,,,,,,,,,,,,,,13,,211,211,0,1674912552,0,0,0,16,0,0.16503821313381195,1.0,-11.153326034545898,2.4949352741241455,291.0,0.5753388740122318,2775.29296875,67.03369140625,,data/instances/transfer/real_01.cip
mix_16_0,15,783,783,A,,60.0,100,0.47233372926712036,1.9667761325836182,11.266743659973145,0.69125,,,,,,,,,,,,,,,,,,,,,14,,211,211,0,1674912552,0,0,0,16,0,0.18766061961650848,1.0,-10.302530288696289,2.221853733062744,291.0,0.5939189214259386,2775.29296875,67.03369140625,,data/instances/transfer/real_01.cip
mix_16_0,15,784,784,A,,60.0,100,0.2941613793373108,2.4830589294433594,7.059913158416748,0.69125,,,,,,,,,,,,,,,,,,,,,13,,211,211,0,1674912552,0,0,0,16,0,0.08157430589199066,1.0,-10.308706283569336,3.062610626220703,291.0,0.5831248182803392,2775.29296875,67.03369140625,,data/instances/transfer/real_01.cip
mix_16_0,15,785,785,A,,60.0,100,0.17630788683891296,1.5331885814666748,9.734216690063477,0.6896666666666667,,,,,,,,,,,,,,,,,,,,,16,,212,212,0,1684773044,0,0,0,16,0,0.11754230409860611,1.0,-10.355062484741211,2.735607624053955,1.0,0.5598762780427933,2781.17578125,67.03369140625,,data/instances/transfer/real_01.cip
mix_16_0,15,786,786,A,,60.0,100,0.517389178276062,1.761496901512146,18.618106842041016,0.6896666666666667,,,,,,,,,,,,,,,,,,,,,14,,212,212,0,1684773044,0,0,0,16,0,0.24675112962722778,1.0,-10.786354064941406,2.7258975505828857,1.0,0.5682173576205969,2781.17578125,67.03369140625,,data/instances/transfer/real_01.cip
mix_16_0,15,787,787,A,,60.0,100,0.2729794681072235,1.00822913646698,18.3070125579834,0.6896666666666667,,,,,,,,,,,,,,,,,,,,,15,,212,212,0,1684773044,0,0,0,16,0,0.22834520041942596,1.0,-11.254080772399902,2.6523280143737793,1.0,0.6134511679410934,2781.17578125,67.03369140625,,data/instances/transfer/real_01.cip
mix_16_0,15,788,788,A,,60.0,100,1.3696990013122559,3.884099006652832,19.50938606262207,0.6896666666666667,,,,,,,,,,,,,,,,,,,,,11,,212,212,0,1684773044,0,0,0,16,0,0.3370848298072815,1.0,-12.750160217285156,1.7036328315734863,1.0,0.5741140618920326,2781.17578125,67.03369140625,,data/instances/transfer/real_01.cip
mix_16_0,15,789,789,A,,60.0,100,0.8884845972061157,2.246577501296997,28.96930503845215,0.6880833333333334,,,,,,,,,,,,,,,,,,,,,14,,213,213,0,1694738724,0,0,0,16,0,0.3549014627933502,1.0,-12.781400680541992,2.0327699184417725,1.0,0.5275028683245182,2783.30078125,67.03369140625,,data/instances/transfer/real_01.cip
mix_16_0,15,790,790,A,,60.0,100,0.5578127503395081,3.3451154232025146,16.835155487060547,0.6880833333333334,,,,,,,,,,,,,,,,,,,,,13,,213,213,0,1694738724,0,0,0,16,0,0.12962275743484497,1.0,-12.959689140319824,1.5988224744796753,1.0,0.5601365715265274,2783.30859375,67.03369140625,,data/instances/transfer/real_01.cip
mix_16_0,15,791,791,A,,60.0,100,0.2958338260650635,2.0407111644744873,13.623587608337402,0.6880833333333334,,,,,,,,,,,,,,,,,,,,,14,,213,213,0,1694738724,0,0,0,16,0,0.09542788565158844,1.0,-12.778299331665039,2.273200035095215,1.0,0.612864401191473,2783.30859375,67.03369140625,,data/instances/transfer/real_01.cip
mix_16_0,15,792,792,A,,60.0,100,0.42495715618133545,1.9716229438781738,12.557421684265137,0.6880833333333334,,,,,,,,,,,,,,,,,,,,,13,,213,213,0,1694738724,0,0,0,16,0,0.1834840029478073,1.0,-12.589641571044922,3.17756724357605,1.0,0.5817147362977266,2783.30859375,67.03369140625,,data/instances/transfer/real_01.cip
mix_16_0,15,793,793,A,,60.0,100,0.14912374317646027,0.8382027745246887,4.253704071044922,0.6865,,,,,,,,,,,,,,,,,,,,,15,,214,214,0,1704635956,0,0,0,16,0,0.19065360724925995,1.0,-12.04350471496582,2.5345394611358643,134.0,0.529783358797431,2789.6796875,67.03369140625,,data/instances/transfer/real_01.cip
mix_16_0,15,794,794,A,,60.0,100,0.3300849199295044,2.062774181365967,4.008317947387695,0.6865,,,,,,,,,,,,,,,,,,,,,13,,214,214,0,1704635956,0,0,0,16,0,0.13156911730766296,1.0,-10.860116958618164,2.3662285804748535,134.0,0.5817446559667587,2789.6796875,67.03369140625,,data/instances/transfer/real_01.cip
mix_16_0,15,795,795,A,,60.0,100,0.6791350245475769,3.087327480316162,10.005281448364258,0.6865,,,,,,,,,,,,,,,,,,,,,12,,214,214,0,1704635956,0,0,0,16,0,0.19565634429454803,1.0,-11.03766918182373,2.012160062789917,134.0,0.5859130788594484,2789.6796875,67.03369140625,,data/instances/transfer/real_01.cip
mix_16_0,15,796,796,A,,60.0,100,0.5605626106262207,1.6473004817962646,14.631591796875,0.6865,,,,,,,,,,,,,,,,,,,,,14,,214,214,0,1704635956,0,0,0,16,0,0.28287333250045776,1.0,-10.215906143188477,2.4521610736846924,134.0,0.6317421533167362,2789.6875,67.03369140625,,data/instances/transfer/real_01.cip
episode,15,796,796,A,,60.0,100,0.5605626106262207,1.6473004817962646,14.631591796875,0.6849166666666666,-14.201399999999998,-14.0,-0.20140000000000002,-14.201399999999998,True,15,60.29245,,,,,,,,inf,1e+20,120.0,inf,0.0,25875,14,True,216,216,0,1724642236,0,0,0,16,0,,,,,155.14285714285714,,2683.21875,67.03369140625,timelimit,data/instances/transfer/real_01.cip
validation,16,796,796,A,,,,,,,,,,,,,,,1.0,9.061895,inf,0.0,9.061895,1.0,8436.0,,,,,,,,,216,216,0,1724642236,0,0,0,,,,,,,,,,,optimal,data/instances/validation/real_08.cip
mix_16_0,16,797,797,A,,60.0,100,0.4565366208553314,1.8268563747406006,14.7947416305542,0.6849166666666666,,,,,,,,,,,,,,,,,,,,,14,,216,216,0,1724642236,0,0,0,16,0,0.24522511661052704,1.0,-11.249181747436523,2.2137200832366943,1.0,0.5724609792232513,2912.48046875,67.03369140625,,data/instances/transfer/real_03.cip
mix_16_0,16,798,798,A,,60.0,100,0.15335285663604736,1.1738202571868896,6.458548069000244,0.6849166666666666,,,,,,,,,,,,,,,,,,,,,15,,216,216,0,1724642236,0,0,0,16,0,0.13287442922592163,1.0,-11.093969345092773,2.2805371284484863,1.0,0.5895075332373381,2912.48046875,67.03369140625,,data/instances/transfer/real_03.cip
mix_16_0,16,799,799,A,,60.0,100,0.05370978266000748,0.5020613074302673,3.5682902336120605,0.6849166666666666,,,,,,,,,,,,,,,,,,,,,16,,216,216,0,1724642236,0,0,0,16,0,0.17166483402252197,1.0,-11.30282974243164,2.4280853271484375,1.0,0.6131107062101364,2912.48046875,67.03369140625,,data/instances/transfer/real_03.cip
mix_16_0,16,800,800,A,,60.0,100,0.4101012945175171,1.222348690032959,21.35532569885254,0.6849166666666666,,,,,,,,,,,,,,,,,,,,,16,,216,216,0,1724642236,0,0,0,16,0,0.39759188890457153,1.0,-12.871858596801758,1.530098557472229,1.0,0.6158798206597567,2912.48046875,67.03369140625,,data/instances/transfer/real_03.cip
mix_16_0,16,801,801,A,,60.0,100,0.65574049949646,3.2149815559387207,18.05454444885254,0.6833333333333333,,,,,,,,,,,,,,,,,,,,,12,,216,216,0,1724642236,0,0,0,16,0,0.16321931779384613,1.0,-12.653436660766602,2.3731260299682617,196.0,0.5031395722180605,2912.48046875,67.03369140625,,data/instances/transfer/real_03.cip
mix_16_0,16,802,802,A,,60.0,100,0.43288564682006836,1.4904128313064575,20.71810531616211,0.6833333333333333,,,,,,,,,,,,,,,,,,,,,15,,216,216,0,1724642236,0,0,0,16,0,0.2125900387763977,1.0,-13.340620040893555,2.101222276687622,196.0,0.6039043869823217,2912.48046875,67.03369140625,,data/instances/transfer/real_03.cip
mix_16_0,16,803,803,A,,60.0,100,0.4131338596343994,1.747176170349121,13.716410636901855,0.6833333333333333,,,,,,,,,,,,,,,,,,,,,14,,216,216,0,1724642236,0,0,0,16,0,0.22511407732963562,1.0,-13.165291786193848,2.374990463256836,196.0,0.6029030792415142,2912.48046875,67.03369140625,,data/instances/transfer/real_03.cip
mix_16_0,16,804,804,A,,60.0,100,0.8228777647018433,2.518653631210327,8.231013298034668,0.6833333333333333,,,,,,,,,,,,,,,,,,,,,10,,216,216,0,1724642236,0,0,0,16,0,0.27655014395713806,1.0,-10.734591484069824,3.941410779953003,196.0,0.5406578555703163,2912.48046875,67.03369140625,,data/instances/transfer/real_03.cip
mix_16_0,16,805,805,A,,60.0,100,0.22718890011310577,1.3919950723648071,7.581861972808838,0.6817500000000001,,,,,,,,,,,,,,,,,,,,,14,,217,217,0,1734083132,0,0,0,16,0,0.11719828844070435,1.0,-11.352803230285645,3.1327881813049316,1.0,0.5236232727766037,2912.48046875,67.03369140625,,data/instances/transfer/real_03.cip
mix_16_0,16,806,806,A,,60.0,100,0.37760400772094727,2.0890350341796875,8.560245513916016,0.6817500000000001,,,,,,,,,,,,,,,,,,,,,13,,217,217,0,1734083132,0,0,0,16,0,0.1476350575685501,1.0,-11.068459510803223,2.6725552082061768,1.0,0.5702002458274364,2912.4921875,67.03369140625,,data/instances/transfer/real_03.cip
mix_16_0,16,807,807,A,,60.0,100,0.8440020680427551,2.352020263671875,15.557510375976562,0.6817500000000001,,,,,,,,,,,,,,,,,,,,,13,,217,217,0,1734083132,0,0,0,16,0,0.3039857745170593,1.0,-10.647583961486816,1.8615658283233643,1.0,0.5934424083679914,2912.4921875,67.03369140625,,data/instances/transfer/real_03.cip
mix_16_0,16,808,808,A,,60.0,100,0.3442898094654083,1.1415891647338867,11.22359848022461,0.6817500000000001,,,,,,,,,,,,,,,,,,,,,16,,217,217,0,1734083132,0,0,0,16,0,0.2781127095222473,1.0,-12.283625602722168,1.7603726387023926,1.0,0.6175880935043097,2912.4921875,67.03369140625,,data/instances/transfer/real_03.cip
mix_16_0,16,809,809,A,,60.0,100,0.21119734644889832,1.2366936206817627,5.821576118469238,0.6801666666666667,,,,,,,,,,,,,,,,,,,,,14,,218,218,0,1743479028,0,0,0,16,0,0.1606251448392868,1.0,-11.949630737304688,3.329646348953247,59.0,0.5280306916683912,2912.4921875,67.03369140625,,data/instances/transfer/real_03.cip
mix_16_0,16,810,810,A,,60.0,100,0.34515947103500366,1.750495433807373,6.440167427062988,0.6801666666666667,,,,,,,,,,,,,,,,,,,,,14,,218,218,0,1743479028,0,0,0,16,0,0.18198752403259277,1.0,-11.75430965423584,3.078965902328491,59.0,0.5884022079408169,2912.4921875,67.03369140625,,data/instances/transfer/real_03.cip
mix_16_0,16,811,811,A,,60.0,100,0.18848559260368347,0.954553484916687,9.647438049316406,0.6801666666666667,,,,,,,,,,,,,,,,,,,,,15,,218,218,0,1743479028,0,0,0,16,0,0.21369455754756927,1.0,-13.029617309570312,2.815162420272827,59.0,0.6037796884775162,2912.4921875,67.03369140625,,data/instances/transfer/real_03.cip
mix_16_0,16,812,812,A,,60.0,100,0.354794442653656,2.0332088470458984,6.369383811950684,0.6801666666666667,,,,,,,,,,,,,,,,,,,,,12,,218,218,0,1743479028,0,0,0,16,0,0.17410673201084137,1.0,-11.587318420410156,3.6988775730133057,59.0,0.5783412922173738,2912.4921875,67.03369140625,,data/instances/transfer/real_03.cip
mix_16_0,16,813,813,A,,60.0,100,0.7818608283996582,2.751053810119629,15.362781524658203,0.6785833333333333,,,,,,,,,,,,,,,,,,,,,12,,219,219,0,1752874788,0,0,0,16,0,0.2841455638408661,1.0,-12.523993492126465,2.97749924659729,1.0,0.5014205239713192,2915.23046875,67.03369140625,,data/instances/transfer/real_03.cip
mix_16_0,16,814,814,A,,60.0,100,0.24247173964977264,2.500441074371338,2.0297493934631348,0.6785833333333333,,,,,,,,,,,,,,,,,,,,,12,,219,219,0,1752874788,0,0,0,16,0,0.08825859427452087,1.0,-12.186286926269531,2.5301618576049805,1.0,0.5680744759738445,2915.23046875,67.03369140625,,data/instances/transfer/real_03.cip
mix_16_0,16,815,815,A,,60.0,100,0.17956647276878357,0.6641430854797363,10.958792686462402,0.6785833333333333,,,,,,,,,,,,,,,,,,,,,16,,219,219,0,1752874788,0,0,0,16,0,0.41412392258644104,1.0,-13.744571685791016,2.397280693054199,1.0,0.6228954792022705,2915.23046875,67.03369140625,,data/instances/transfer/real_03.cip
mix_16_0,16,816,816,A,,60.0,100,0.15310829877853394,1.3329291343688965,9.371627807617188,0.6785833333333333,,,,,,,,,,,,,,,,,,,,,15,,219,219,0,1752874788,0,0,0,16,0,0.08484348654747009,1.0,-12.500896453857422,1.8955341577529907,1.0,0.6010334454476833,2915.23046875,67.03369140625,,data/instances/transfer/real_03.cip
mix_16_0,16,817,817,A,,60.0,100,0.1276131272315979,1.4595839977264404,6.6448235511779785,0.677,,,,,,,,,,,,,,,,,,,,,14,,220,220,0,1762270412,0,0,0,16,0,0.07177022099494934,1.0,-11.859350204467773,2.783125162124634,290.0,0.5233449768275023,2919.70703125,67.03369140625,,data/instances/transfer/real_03.cip
mix_16_0,16,818,818,A,,60.0,100,0.47760993242263794,1.5526539087295532,3.474947690963745,0.677,,,,,,,,,,,,,,,,,,,,,15,,220,220,0,1762270412,0,0,0,16,0,0.2650858461856842,1.0,-13.109935760498047,1.5610517263412476,290.0,0.5780195742845535,2919.71875,67.03369140625,,data/instances/transfer/real_03.cip
mix_16_0,16,819,819,A,,60.0,100,0.24003683030605316,0.7474929094314575,11.62209415435791,0.677,,,,,,,,,,,,,,,,,,,,,15,,220,220,0,1762270412,0,0,0,16,0,0.30649998784065247,1.0,-12.939718246459961,3.026949405670166,290.0,0.6050140373408794,2919.71875,67.03369140625,,data/instances/transfer/real_03.cip
mix_16_0,16,820,820,A,,60.0,100,0.36001521348953247,1.6435039043426514,1.922509789466858,0.677,,,,,,,,,,,,,,,,,,,,,14,,220,220,0,1762270412,0,0,0,16,0,0.20490777492523193,1.0,-12.91795825958252,2.6365721225738525,290.0,0.5967976246029139,2919.71875,67.03369140625,,data/instances/transfer/real_03.cip
mix_16_0,16,821,821,A,,60.0,100,0.6038866639137268,2.2911574840545654,12.392568588256836,0.6754166666666667,,,,,,,,,,,,,,,,,,,,,11,,221,221,0,1771740828,0,0,0,16,0,0.2382587492465973,1.0,-10.963569641113281,4.027319431304932,307.0,0.4837087709456682,2922.48828125,67.03369140625,,data/instances/transfer/real_03.cip
mix_16_0,16,822,822,A,,60.0,100,0.257709264755249,1.614302396774292,2.5106232166290283,0.6754166666666667,,,,,,,,,,,,,,,,,,,,,15,,221,221,0,1771740828,0,0,0,16,0,0.15070809423923492,1.0,-12.079818725585938,1.9697926044464111,307.0,0.6022540051490068,2922.48828125,67.03369140625,,data/instances/transfer/real_03.cip
mix_16_0,16,823,823,A,,60.0,100,0.2806910574436188,1.0587799549102783,14.09479808807373,0.6754166666666667,,,,,,,,,,,,,,,,,,,,,16,,221,221,0,1771740828,0,0,0,16,0,0.3211109936237335,1.0,-10.84981632232666,1.6476858854293823,307.0,0.6096110846847296,2922.48828125,67.03369140625,,data/instances/transfer/real_03.cip
mix_16_0,16,824,824,A,,60.0,100,0.20547950267791748,1.0268802642822266,7.578526020050049,0.6754166666666667,,,,,,,,,,,,,,,,,,,,,15,,221,221,0,1771740828,0,0,0,16,0,0.2264922559261322,1.0,-12.30213737487793,2.6965739727020264,307.0,0.6141499541699886,2922.48828125,67.03369140625,,data/instances/transfer/real_03.cip
mix_16_0,16,825,825,A,,60.0,100,0.24446582794189453,0.8989919424057007,3.7398760318756104,0.6738333333333333,,,,,,,,,,,,,,,,,,,,,15,,222,222,0,1781212988,0,0,0,16,0,0.21841537952423096,1.0,-11.363533973693848,3.578798770904541,1.0,0.5320685897022486,2932.60546875,67.03369140625,,data/instances/transfer/real_03.cip
mix_16_0,16,826,826,A,,60.0,100,0.7923870086669922,2.915616512298584,4.552946090698242,0.6738333333333333,,,,,,,,,,,,,,,,,,,,,11,,222,222,0,1781212988,0,0,0,16,0,0.27622759342193604,1.0,-11.333121299743652,2.096795082092285,1.0,0.5543128475546837,2932.60546875,67.03369140625,,data/instances/transfer/real_03.cip
mix_16_0,16,827,827,A,,60.0,100,0.6532286405563354,2.710749387741089,9.641839027404785,0.6738333333333333,,,,,,,,,,,,,,,,,,,,,11,,222,222,0,1781212988,0,0,0,16,0,0.22890068590641022,1.0,-12.297560691833496,3.610002040863037,1.0,0.5766332931816578,2932.60546875,67.03369140625,,data/instances/transfer/real_03.cip
mix_16_0,16,828,828,A,,60.0,100,0.7290470600128174,3.5575761795043945,1.6058984994888306,0.6738333333333333,,,,,,,,,,,,,,,,,,,,,10,,222,222,0,1781212988,0,0,0,16,0,0.20947803556919098,1.0,-11.491826057434082,2.5205841064453125,1.0,0.5813565645366907,2932.60546875,67.03369140625,,data/instances/transfer/real_03.cip
mix_16_0,16,829,829,A,,60.0,100,0.47991132736206055,1.4434102773666382,10.635976791381836,0.67225,,,,,,,,,,,,,,,,,,,,,14,,223,223,0,1790685012,0,0,0,16,0,0.3695952594280243,1.0,-10.670856475830078,2.4401602745056152,196.0,0.5160203073173761,2937.171875,67.03369140625,,data/instances/transfer/real_03.cip
mix_16_0,16,830,830,A,,60.0,100,0.40570273995399475,1.5304007530212402,19.36204719543457,0.67225,,,,,,,,,,,,,,,,,,,,,15,,223,223,0,1790685012,0,0,0,16,0,0.2034008800983429,1.0,-11.877193450927734,2.6552536487579346,196.0,0.579552199691534,2937.171875,67.03369140625,,data/instances/transfer/real_03.cip
mix_16_0,16,831,831,A,,60.0,100,0.25143110752105713,1.6730232238769531,3.3059585094451904,0.67225,,,,,,,,,,,,,,,,,,,,,15,,223,223,0,1790685012,0,0,0,16,0,0.14263425767421722,1.0,-12.47811222076416,2.6432108879089355,196.0,0.6004317328333855,2937.171875,67.03369140625,,data/instances/transfer/real_03.cip
mix_16_0,16,832,832,A,,60.0,100,0.2706015110015869,1.0657848119735718,8.050880432128906,0.67225,,,,,,,,,,,,,,,,,,,,,16,,223,223,0,1790685012,0,0,0,16,0,0.31889522075653076,1.0,-13.447942733764648,1.499468445777893,196.0,0.6156169716268778,2937.171875,67.03369140625,,data/instances/transfer/real_03.cip
mix_16_0,16,833,833,A,,60.0,100,0.5382059812545776,2.0821194648742676,15.132444381713867,0.6706666666666667,,,,,,,,,,,,,,,,,,,,,14,,224,224,0,1799979804,0,0,0,16,0,0.24310095608234406,1.0,-13.253743171691895,1.786345362663269,7.0,0.5261195972561836,2938.96484375,67.03369140625,,data/instances/transfer/real_03.cip
mix_16_0,16,834,834,A,,60.0,100,0.3132983148097992,1.5491900444030762,3.2179887294769287,0.6706666666666667,,,,,,,,,,,,,,,,,,,,,14,,224,224,0,1799979804,0,0,0,16,0,0.20472033321857452,1.0,-12.118011474609375,3.001863956451416,7.0,0.571381252259016,2938.96484375,67.03369140625,,data/instances/transfer/real_03.cip
mix_16_0,16,835,835,A,,60.0,100,0.2654765844345093,1.652895212173462,5.14248514175415,0.6706666666666667,,,,,,,,,,,,,,,,,,,,,13,,224,224,0,1799979804,0,0,0,16,0,0.15538816154003143,1.0,-12.488788604736328,3.153172492980957,7.0,0.591594010591507,2938.96484375,67.03369140625,,data/instances/transfer/real_03.cip
mix_16_0,16,836,836,A,,60.0,100,0.1710156798362732,1.0000126361846924,13.445469856262207,0.6706666666666667,,,,,,,,,,,,,,,,,,,,,16,,224,224,0,1799979804,0,0,0,16,0,0.13874806463718414,1.0,-11.63058853149414,2.446471929550171,7.0,0.6235515512526035,2938.96484375,67.03369140625,,data/instances/transfer/real_03.cip
mix_16_0,16,837,837,A,,60.0,100,0.28238195180892944,1.101606011390686,15.057129859924316,0.6690833333333334,,,,,,,,,,,,,,,,,,,,,15,,224,224,0,1799428944,0,1,0,16,0,0.27947327494621277,1.0,-11.50654411315918,3.2804744243621826,1.0,0.5192245244979858,2943.51171875,67.03369140625,,data/instances/transfer/real_03.cip
mix_16_0,16,838,838,A,,60.0,100,0.3411164879798889,1.7463455200195312,11.142934799194336,0.6690833333333334,,,,,,,,,,,,,,,,,,,,,13,,224,224,0,1799428944,0,1,0,16,0,0.18033289909362793,1.0,-10.956759452819824,2.935148239135742,1.0,0.5701126027852297,2943.51171875,67.03369140625,,data/instances/transfer/real_03.cip
mix_16_0,16,839,839,A,,60.0,100,0.4896094799041748,1.7868289947509766,16.95722007751465,0.6690833333333334,,,,,,,,,,,,,,,,,,,,,14,,224,224,0,1799428944,0,1,0,16,0,0.2732942998409271,1.0,-11.7371244430542,3.15938663482666,1.0,0.595967959612608,2943.51171875,67.03369140625,,data/instances/transfer/real_03.cip
mix_16_0,16,840,840,A,,60.0,100,0.374081552028656,1.5193811655044556,8.229799270629883,0.6690833333333334,,,,,,,,,,,,,,,,,,,,,14,,224,224,0,1799428944,0,1,0,16,0,0.24585501849651337,1.0,-12.046278953552246,3.217283010482788,1.0,0.611231891438365,2943.51171875,67.03369140625,,data/instances/transfer/real_03.cip
mix_16_0,16,841,841,A,,60.0,100,0.4203792214393616,1.4600651264190674,17.674903869628906,0.6675,,,,,,,,,,,,,,,,,,,,,15,,224,224,0,1798629968,0,2,0,16,0,0.261420339345932,1.0,-12.867263793945312,1.761001706123352,113.0,0.5289695598185062,2945.734375,67.03369140625,,data/instances/transfer/real_03.cip
mix_16_0,16,842,842,A,,60.0,100,0.8268476128578186,2.9841790199279785,8.80991268157959,0.6675,,,,,,,,,,,,,,,,,,,,,12,,224,224,0,1798629968,0,2,0,16,0,0.27465805411338806,1.0,-11.418169021606445,1.9545034170150757,113.0,0.5495596006512642,2945.734375,67.03369140625,,data/instances/transfer/real_03.cip
mix_16_0,16,843,843,A,,60.0,100,0.3139263689517975,1.918652057647705,10.552841186523438,0.6675,,,,,,,,,,,,,,,,,,,,,13,,224,224,0,1798629968,0,2,0,16,0,0.13766391575336456,1.0,-9.925098419189453,3.0057263374328613,113.0,0.6000803951174021,2945.734375,67.03369140625,,data/instances/transfer/real_03.cip
mix_16_0,16,844,844,A,,60.0,100,0.32663533091545105,1.1718395948410034,11.263917922973633,0.6675,,,,,,,,,,,,,,,,,,,,,15,,224,224,0,1798629968,0,2,0,16,0,0.29985931515693665,1.0,-11.250225067138672,2.437640428543091,113.0,0.5296551063656807,2945.734375,67.03369140625,,data/instances/transfer/real_03.cip
mix_16_0,16,845,845,A,,60.0,100,0.4635695219039917,2.273995876312256,11.96170711517334,0.6659166666666667,,,,,,,,,,,,,,,,,,,,,13,,224,224,0,1797647940,0,3,0,16,0,0.1746133416891098,1.0,-10.86512565612793,2.445124864578247,212.0,0.5176275670528412,2950.265625,67.03369140625,,data/instances/transfer/real_03.cip
mix_16_0,16,846,846,A,,60.0,100,0.24246925115585327,1.2675819396972656,5.583615779876709,0.6659166666666667,,,,,,,,,,,,,,,,,,,,,15,,224,224,0,1797647940,0,3,0,16,0,0.14260193705558777,1.0,-11.9627685546875,2.254904270172119,212.0,0.5600575599819422,2950.265625,67.03369140625,,data/instances/transfer/real_03.cip
mix_16_0,16,847,847,A,,60.0,100,0.11269419640302658,0.7954054474830627,1.9698606729507446,0.6659166666666667,,,,,,,,,,,,,,,,,,,,,15,,224,224,0,1797647940,0,3,0,16,0,0.1833454668521881,1.0,-13.677083969116211,2.5525991916656494,212.0,0.5147078689187765,2950.265625,67.03369140625,,data/instances/transfer/real_03.cip
mix_16_0,16,848,848,A,,60.0,100,0.5478207468986511,2.166534900665283,13.951701164245605,0.6659166666666667,,,,,,,,,,,,,,,,,,,,,14,,224,224,0,1797647940,0,3,0,16,0,0.23199757933616638,1.0,-13.446321487426758,1.7426074743270874,212.0,0.539249163120985,2950.265625,67.03369140625,,data/instances/transfer/real_03.cip
episode,16,848,848,A,,60.0,100,0.5478207468986511,2.166534900665283,13.951701164245605,0.6643333333333333,-13.023599999999998,-13.0,-0.023600000000000003,-13.023599999999998,True,14,60.685883,,,,,,,,inf,1e+20,120.0,inf,0.0,16294,14,True,224,224,0,1795427908,0,5,0,16,0,,,,,106.53846153846153,,2676.8828125,67.03369140625,timelimit,data/instances/transfer/real_03.cip
mix_16_0,17,849,849,A,,60.0,100,0.21854367852210999,1.1643295288085938,11.732630729675293,0.6643333333333333,,,,,,,,,,,,,,,,,,,,,15,,224,224,0,1795427908,0,5,0,16,0,0.19567513465881348,1.0,-13.194643020629883,2.5818676948547363,256.0,0.5682111959904432,2843.9609375,67.03369140625,,data/instances/transfer/real_05.cip
mix_16_0,17,850,850,A,,60.0,100,0.7405433654785156,2.684021234512329,14.442755699157715,0.6643333333333333,,,,,,,,,,,,,,,,,,,,,12,,224,224,0,1795427908,0,5,0,16,0,0.24677115678787231,1.0,-12.747620582580566,4.039975643157959,256.0,0.5348969232290983,2843.9609375,67.03369140625,,data/instances/transfer/real_05.cip
mix_16_0,17,851,851,A,,60.0,100,0.5950870513916016,2.904920816421509,4.813907623291016,0.6643333333333333,,,,,,,,,,,,,,,,,,,,,12,,224,224,0,1795427908,0,5,0,16,0,0.2026725858449936,1.0,-12.39699935913086,2.40435528755188,256.0,0.5661542266607285,2843.9609375,67.03369140625,,data/instances/transfer/real_05.cip
mix_16_0,17,852,852,A,,60.0,100,0.19241046905517578,1.6398975849151611,8.958613395690918,0.6643333333333333,,,,,,,,,,,,,,,,,,,,,14,,224,224,0,1795427908,0,5,0,16,0,0.09301922470331192,1.0,-10.40000057220459,3.0723001956939697,256.0,0.5753731783479452,2843.9609375,67.03369140625,,data/instances/transfer/real_05.cip
mix_16_0,17,853,853,A,,60.0,100,0.4931356906890869,2.543341875076294,9.388591766357422,0.66275,,,,,,,,,,,,,,,,,,,,,12,,224,224,0,1795427908,0,5,0,16,0,0.16419701278209686,1.0,-10.613102912902832,3.205829620361328,22.0,0.5015444699674845,2846.77734375,67.03369140625,,data/instances/transfer/real_05.cip
mix_16_0,17,854,854,A,,60.0,100,0.22456905245780945,3.2717552185058594,3.3100991249084473,0.66275,,,,,,,,,,,,,,,,,,,,,12,,224,224,0,1795427908,0,5,0,16,0,0.061194855719804764,1.0,-12.011012077331543,1.6021486520767212,22.0,0.5665397979319096,2846.77734375,67.03369140625,,data/instances/transfer/real_05.cip
mix_16_0,17,855,855,A,,60.0,100,0.20555943250656128,1.1195107698440552,9.047070503234863,0.66275,,,,,,,,,,,,,,,,,,,,,15,,224,224,0,1795427908,0,5,0,16,0,0.17589105665683746,1.0,-12.778305053710938,3.0963151454925537,22.0,0.5320809129625559,2846.77734375,67.03369140625,,data/instances/transfer/real_05.cip
mix_16_0,17,856,856,A,,60.0,100,0.46405819058418274,2.8309459686279297,3.466675281524658,0.66275,,,,,,,,,,,,,,,,,,,,,11,,224,224,0,1795427908,0,5,0,16,0,0.1570747047662735,1.0,-11.771377563476562,3.1344354152679443,22.0,0.5130093768239021,2846.77734375,67.03369140625,,data/instances/transfer/real_05.cip
mix_16_0,17,857,857,A,,60.0,100,0.8115760684013367,2.323333263397217,3.282465934753418,0.6611666666666667,,,,,,,,,,,,,,,,,,,,,13,,224,224,0,1796085444,0,6,0,16,0,0.3414454162120819,1.0,-11.217292785644531,2.425787925720215,367.0,0.4929666444659233,2851.88671875,67.03369140625,,data/instances/transfer/real_05.cip
mix_16_0,17,858,858,A,,60.0,100,0.2539063096046448,1.23972749710083,13.288143157958984,0.6611666666666667,,,,,,,,,,,,,,,,,,,,,16,,224,224,0,1796085444,0,6,0,16,0,0.2257343828678131,1.0,-13.948436737060547,2.5739409923553467,367.0,0.595277801156044,2851.88671875,67.03369140625,,data/instances/transfer/real_05.cip
mix_16_0,17,859,859,A,,60.0,100,1.0174391269683838,2.712674617767334,19.294736862182617,0.6611666666666667,,,,,,,,,,,,,,,,,,,,,14,,224,224,0,1796085444,0,6,0,16,0,0.33744582533836365,1.0,-12.78927993774414,2.0535900592803955,367.0,0.5886161886155605,2851.8984375,67.03369140625,,data/instances/transfer/real_05.cip
mix_16_0,17,860,860,A,,60.0,100,0.47188878059387207,2.5888450145721436,9.587433815002441,0.6611666666666667,,,,,,,,,,,,,,,,,,,,,12,,224,224,0,1796085444,0,6,0,16,0,0.17906412482261658,1.0,-13.194450378417969,3.250835418701172,367.0,0.5798069164156914,2851.8984375,67.03369140625,,data/instances/transfer/real_05.cip
mix_16_0,17,861,861,A,,60.0,100,0.322357714176178,1.7396965026855469,3.7421774864196777,0.6595833333333334,,,,,,,,,,,,,,,,,,,,,13,,224,224,0,1796785560,0,7,0,16,0,0.16184981167316437,1.0,-11.812186241149902,3.2909939289093018,1.0,0.5047419313341379,2851.8984375,67.03369140625,,data/instances/transfer/real_05.cip
mix_16_0,17,862,862,A,,60.0,100,0.37471267580986023,1.3887832164764404,19.955900192260742,0.6595833333333334,,,,,,,,,,,,,,,,,,,,,15,,224,224,0,1796785560,0,7,0,16,0,0.25842413306236267,1.0,-11.393904685974121,3.1911470890045166,1.0,0.5941220559179783,2851.8984375,67.03369140625,,data/instances/transfer/real_05.cip
mix_16_0,17,863,863,A,,60.0,100,0.2424771785736084,1.1580966711044312,9.026269912719727,0.6595833333333334,,,,,,,,,,,,,,,,,,,,,15,,224,224,0,1796785560,0,7,0,16,0,0.17136502265930176,1.0,-12.064493179321289,2.21427321434021,1.0,0.5905866101384163,2851.8984375,67.03369140625,,data/instances/transfer/real_05.cip
mix_16_0,17,864,864,A,,60.0,100,0.16260111331939697,1.2011723518371582,11.333025932312012,0.6595833333333334,,,,,,,,,,,,,,,,,,,,,15,,224,224,0,1796785560,0,7,0,16,0,0.08668771386146545,1.0,-12.38203239440918,2.515995740890503,1.0,0.6013695765286684,2851.8984375,67.03369140625,,data/instances/transfer/real_05.cip
mix_16_0,17,865,865,A,,60.0,100,0.3030298352241516,1.242281198501587,9.691252708435059,0.658,,,,,,,,,,,,,,,,,,,,,14,,224,224,0,1797570772,0,8,0,16,0,0.2551630735397339,1.0,-12.240907669067383,3.6439712047576904,370.0,0.5087943784892559,2856.37109375,67.03369140625,,data/instances/transfer/real_05.cip
mix_16_0,17,866,866,A,,60.0,100,0.0859563797712326,0.4531390070915222,11.119291305541992,0.658,,,,,,,,,,,,,,,,,,,,,16,,224,224,0,1797570772,0,8,0,16,0,0.1696656197309494,1.0,-14.217063903808594,1.7953959703445435,370.0,0.6002647168934345,2856.37109375,67.03369140625,,data/instances/transfer/real_05.cip
mix_16_0,17,867,867,A,,60.0,100,0.404071182012558,1.630734920501709,18.355125427246094,0.658,,,,,,,,,,,,,,,,,,,,,14,,224,224,0,1797570772,0,8,0,16,0,0.22819353640079498,1.0,-13.504829406738281,2.3903942108154297,370.0,0.5846439749002457,2856.37109375,67.03369140625,,data/instances/transfer/real_05.cip
mix_16_0,17,868,868,A,,60.0,100,0.45252716541290283,2.643409490585327,15.379450798034668,0.658,,,,,,,,,,,,,,,,,,,,,14,,224,224,0,1797570772,0,8,0,16,0,0.14226478338241577,1.0,-13.461969375610352,2.0299746990203857,370.0,0.5996307041496038,2856.37109375,67.03369140625,,data/instances/transfer/real_05.cip
mix_16_0,17,869,869,A,,60.0,100,0.27766311168670654,1.5917925834655762,6.640323162078857,0.6564166666666666,,,,,,,,,,,,,,,,,,,,,15,,224,224,0,1798434764,0,9,0,16,0,0.16873426735401154,1.0,-13.202505111694336,1.4874670505523682,1.0,0.5207550749182701,2855.3984375,67.03369140625,,data/instances/transfer/real_05.cip
mix_16_0,17,870,870,A,,60.0,100,0.26321709156036377,1.5771973133087158,9.313804626464844,0.6564166666666666,,,,,,,,,,,,,,,,,,,,,15,,224,224,0,1798434764,0,9,0,16,0,0.15162977576255798,1.0,-12.540462493896484,1.9911636114120483,1.0,0.5851215105503798,2855.3984375,67.03369140625,,data/instances/transfer/real_05.cip
mix_16_0,17,871,871,A,,60.0,100,0.5644631385803223,3.4033889770507812,7.8699564933776855,0.6564166666666666,,,,,,,,,,,,,,,,,,,,,12,,224,224,0,1798434764,0,9,0,16,0,0.14510346949100494,1.0,-11.30440902709961,1.319563388824463,1.0,0.5741686597466469,2855.3984375,67.03369140625,,data/instances/transfer/real_05.cip
mix_16_0,17,872,872,A,,60.0,100,0.6296999454498291,2.584925651550293,15.798580169677734,0.6564166666666666,,,,,,,,,,,,,,,,,,,,,13,,224,224,0,1798434764,0,9,0,16,0,0.2314300239086151,1.0,-11.917221069335938,1.6070265769958496,1.0,0.5820561274886131,2855.3984375,67.03369140625,,data/instances/transfer/real_05.cip
mix_16_0,17,873,873,A,,60.0,100,0.5622390508651733,3.107729434967041,8.552702903747559,0.6548333333333334,,,,,,,,,,,,,,,,,,,,,12,,224,224,0,1799244472,0,10,0,16,0,0.17060717940330505,1.0,-12.086505889892578,2.032707452774048,302.0,0.49496266804635525,2858.203125,67.03369140625,,data/instances/transfer/real_05.cip
mix_16_0,17,874,874,A,,60.0,100,0.4572039842605591,1.8129756450653076,15.681124687194824,0.6548333333333334,,,,,,,,,,,,,,,,,,,,,14,,224,224,0,1799244472,0,10,0,16,0,0.20226432383060455,1.0,-11.31448745727539,2.184859037399292,302.0,0.5836398974061012,2858.203125,67.03369140625,,data/instances/transfer/real_05.cip
mix_16_0,17,875,875,A,,60.0,100,0.3816840350627899,1.7839456796646118,11.014472007751465,0.6548333333333334,,,,,,,,,,,,,,,,,,,,,14,,224,224,0,1799244472,0,10,0,16,0,0.20549508929252625,1.0,-13.276596069335938,1.489119529724121,302.0,0.5944200232625008,2858.234375,67.03369140625,,data/instances/transfer/real_05.cip
mix_16_0,17,876,876,A,,60.0,100,0.3025060296058655,1.009284496307373,15.334192276000977,0.6548333333333334,,,,,,,,,,,,,,,,,,,,,16,,224,224,0,1799244472,0,10,0,16,0,0.32750704884529114,1.0,-12.265565872192383,2.875824213027954,302.0,0.6104993745684624,2858.234375,67.03369140625,,data/instances/transfer/real_05.cip
mix_16_0,17,877,877,A,,60.0,100,0.23305466771125793,1.0341591835021973,11.723915100097656,0.65325,,,,,,,,,,,,,,,,,,,,,15,,224,224,0,1800051840,0,11,0,16,0,0.21628476679325104,1.0,-13.699703216552734,2.1680822372436523,373.0,0.532982962206006,2863.34765625,67.03369140625,,data/instances/transfer/real_05.cip
mix_16_0,17,878,878,A,,60.0,100,0.7469532489776611,2.1758174896240234,19.65013313293457,0.65325,,,,,,,,,,,,,,,,,,,,,14,,224,224,0,1800051840,0,11,0,16,0,0.3121045231819153,1.0,-12.687642097473145,2.2815980911254883,373.0,0.5633010361343622,2863.34765625,67.03369140625,,data/instances/transfer/real_05.cip
mix_16_0,17,879,879,A,,60.0,100,0.5112398862838745,2.6824581623077393,13.469145774841309,0.65325,,,,,,,,,,,,,,,,,,,,,13,,224,224,0,1800051840,0,11,0,16,0,0.17653585970401764,1.0,-12.44741153717041,2.8596858978271484,373.0,0.5908131487667561,2863.34765625,67.03369140625,,data/instances/transfer/real_05.cip
mix_16_0,17,880,880,A,,60.0,100,0.24106067419052124,1.439070701599121,2.958317995071411,0.65325,,,,,,,,,,,,,,,,,,,,,15,,224,224,0,1800051840,0,11,0,16,0,0.15186965465545654,1.0,-12.814931869506836,1.6703351736068726,373.0,0.6135411392897367,2863.34765625,67.03369140625,,data/instances/transfer/real_05.cip
mix_16_0,17,881,881,A,,60.0,100,0.2767895758152008,2.22672963142395,3.079725503921509,0.6516666666666667,,,,,,,,,,,,,,,,,,,,,13,,224,224,0,1787145456,0,14,0,16,0,0.10477787256240845,1.0,-10.778058052062988,2.2907519340515137,117.0,0.6252429783344269,2863.34765625,67.03369140625,,data/instances/transfer/real_05.cip
mix_16_0,17,882,882,A,,60.0,100,0.8108981251716614,3.5962002277374268,12.454426765441895,0.6516666666666667,,,,,,,,,,,,,,,,,,,,,11,,224,224,0,1787145456,0,14,0,16,0,0.18955671787261963,1.0,-11.521427154541016,1.4829583168029785,117.0,0.5778268240392208,2863.34765625,67.03369140625,,data/instances/transfer/real_05.cip
mix_16_0,17,883,883,A,,60.0,100,0.43247339129447937,1.8473807573318481,12.72439956665039,0.6516666666666667,,,,,,,,,,,,,,,,,,,,,14,,224,224,0,1787145456,0,14,0,16,0,0.1655982881784439,1.0,-9.660432815551758,2.6253809928894043,117.0,0.6097528226673603,2863.34765625,67.03369140625,,data/instances/transfer/real_05.cip
mix_16_0,17,884,884,A,,60.0,100,0.8934690356254578,3.848907470703125,12.310638427734375,0.6516666666666667,,,,,,,,,,,,,,,,,,,,,10,,224,224,0,1787145456,0,14,0,16,0,0.21062691509723663,1.0,-11.154576301574707,2.246968984603882,117.0,0.5753653962165117,2863.34765625,67.03369140625,,data/instances/transfer/real_05.cip
episode,17,884,884,A,,60.0,100,0.8934690356254578,3.848907470703125,12.310638427734375,0.6500833333333333,-8.103399999999999,-8.0,-0.1034,-8.103399999999999,True,9,52.690105,,,,,,,,inf,0.0,52.690105,52.690105,1.0,17948,10,False,224,224,0,1787145456,0,14,0,16,0,,,,,201.0,,2724.62109375,67.03369140625,optimal,data/instances/transfer/real_05.cip
mix_16_0,18,885,885,A,,60.0,100,0.37627044320106506,1.6224701404571533,13.9816255569458,0.6500833333333333,,,,,,,,,,,,,,,,,,,,,14,,224,224,0,1787145456,0,14,0,16,0,0.21653206646442413,1.0,-11.344026565551758,2.8743903636932373,124.0,0.551094550639391,2727.875,67.03369140625,,data/instances/train/real_06.cip
mix_16_0,18,886,886,A,,60.0,100,0.5475485324859619,2.9396982192993164,8.4535551071167,0.6500833333333333,,,,,,,,,,,,,,,,,,,,,11,,224,224,0,1787145456,0,14,0,16,0,0.17701995372772217,1.0,-11.654211044311523,3.195432424545288,124.0,0.5599525552242994,2727.875,67.03369140625,,data/instances/train/real_06.cip
mix_16_0,18,887,887,A,,60.0,100,0.6034252047538757,2.368044853210449,18.300153732299805,0.6500833333333333,,,,,,,,,,,,,,,,,,,,,14,,224,224,0,1787145456,0,14,0,16,0,0.24232056736946106,1.0,-12.83442497253418,1.7222504615783691,124.0,0.6021817438304424,2727.875,67.03369140625,,data/instances/train/real_06.cip
mix_16_0,18,888,888,A,,60.0,100,0.3412650525569916,1.6114352941513062,10.333046913146973,0.6500833333333333,,,,,,,,,,,,,,,,,,,,,14,,224,224,0,1787145456,0,14,0,16,0,0.1670440286397934,1.0,-13.482419967651367,2.6508233547210693,124.0,0.607958722859621,2727.875,67.03369140625,,data/instances/train/real_06.cip
mix_16_0,18,889,889,A,,60.0,100,0.6695153713226318,3.3313193321228027,6.385204315185547,0.6485000000000001,,,,,,,,,,,,,,,,,,,,,10,,224,224,0,1787145456,0,14,0,16,0,0.19300507009029388,1.0,-11.627357482910156,3.433518648147583,243.0,0.48594954051077366,2727.875,67.03369140625,,data/instances/train/real_06.cip
mix_16_0,18,890,890,A,,60.0,100,0.33580005168914795,2.377147912979126,5.014400959014893,0.6485000000000001,,,,,,,,,,,,,,,,,,,,,13,,224,224,0,1787145456,0,14,0,16,0,0.12755702435970306,1.0,-12.056318283081055,2.331364870071411,243.0,0.5795649997889996,2727.875,67.03369140625,,data/instances/train/real_06.cip
mix_16_0,18,891,891,A,,60.0,100,0.5276765823364258,2.2190897464752197,3.489189386367798,0.6485000000000001,,,,,,,,,,,,,,,,,,,,,13,,224,224,0,1787145456,0,14,0,16,0,0.21365386247634888,1.0,-12.173276901245117,2.7028238773345947,243.0,0.6007279753684998,2727.875,67.03369140625,,data/instances/train/real_06.cip
mix_16_0,18,892,892,A,,60.0,100,0.8537813425064087,2.9788684844970703,8.88260555267334,0.6485000000000001,,,,,,,,,,,,,,,,,,,,,12,,224,224,0,1787145456,0,14,0,16,0,0.25192296504974365,1.0,-11.976744651794434,2.5785717964172363,243.0,0.5736849922686815,2727.875,67.03369140625,,data/instances/train/real_06.cip
mix_16_0,18,893,893,A,,60.0,100,1.1290249824523926,4.229581356048584,9.770869255065918,0.6469166666666667,,,,,,,,,,,,,,,,,,,,,10,,224,224,0,1782947936,0,15,0,16,0,0.2526234984397888,1.0,-11.523581504821777,2.3059287071228027,1.0,0.4865049049258232,2727.875,67.03369140625,,data/instances/train/real_06.cip
mix_16_0,18,894,894,A,,60.0,100,0.9599831104278564,3.197735071182251,3.355823278427124,0.6469166666666667,,,,,,,,,,,,,,,,,,,,,11,,224,224,0,1782947936,0,15,0,16,0,0.2925571799278259,1.0,-12.241090774536133,3.023808002471924,1.0,0.5583888031542301,2727.875,67.03369140625,,data/instances/train/real_06.cip
mix_16_0,18,895,895,A,,60.0,100,0.2595517337322235,1.8090736865997314,4.251316070556641,0.6469166666666667,,,,,,,,,,,,,,,,,,,,,13,,224,224,0,1782947936,0,15,0,16,0,0.13818027079105377,1.0,-13.215019226074219,2.624659776687622,1.0,0.6072040982544422,2727.875,67.03369140625,,data/instances/train/real_06.cip
mix_16_0,18,896,896,A,,60.0,100,0.3846409022808075,2.5154714584350586,3.421128034591675,0.6469166666666667,,,,,,,,,,,,,,,,,,,,,13,,224,224,0,1782947936,0,15,0,16,0,0.15866266191005707,1.0,-12.769994735717773,2.622382164001465,1.0,0.5897369813174009,2727.875,67.03369140625,,data/instances/train/real_06.cip
mix_16_0,18,897,897,A,,60.0,100,0.1457887887954712,1.9025013446807861,4.179812908172607,0.6453333333333333,,,,,,,,,,,,,,,,,,,,,14,,224,224,0,1778760140,0,16,0,16,0,0.06900422275066376,1.0,-12.525687217712402,3.100425958633423,1.0,0.5070973373949528,2727.875,67.03369140625,,data/instances/train/real_06.cip
mix_16_0,18,898,898,A,,60.0,100,0.6994858980178833,6.148054122924805,11.303823471069336,0.6453333333333333,,,,,,,,,,,,,,,,,,,,,7,,224,224,0,1778760140,0,16,0,16,0,0.1031605526804924,1.0,-12.102567672729492,2.759917736053467,1.0,0.5287829134613276,2727.875,67.03369140625,,data/instances/train/real_06.cip
mix_16_0,18,899,899,A,,60.0,100,1.1677982807159424,5.089727401733398,5.733121871948242,0.6453333333333333,,,,,,,,,,,,,,,,,,,,,8,,224,224,0,1778760140,0,16,0,16,0,0.23120014369487762,1.0,-12.185632705688477,2.4955058097839355,1.0,0.5517188254743814,2727.875,67.03369140625,,data/instances/train/real_06.cip
mix_16_0,18,900,900,A,,60.0,100,0.12293971329927444,0.8307000398635864,10.428997993469238,0.6453333333333333,,,,,,,,,,,,,,,,,,,,,16,,224,224,0,1778760140,0,16,0,16,0,0.13367468118667603,1.0,-14.308250427246094,2.312345027923584,1.0,0.6292679868638515,2727.875,67.03369140625,,data/instances/train/real_06.cip
mix_16_0,18,901,901,A,,60.0,100,0.700946569442749,3.234792709350586,10.88107681274414,0.64375,,,,,,,,,,,,,,,,,,,,,11,,224,224,0,1774535220,0,17,0,16,0,0.20685653388500214,1.0,-12.98674201965332,3.1305108070373535,53.0,0.4814743287861347,2727.875,67.03369140625,,data/instances/train/real_06.cip
mix_16_0,18,902,902,A,,60.0,100,0.23933115601539612,2.2700769901275635,3.8630828857421875,0.64375,,,,,,,,,,,,,,,,,,,,,13,,224,224,0,1774535220,0,17,0,16,0,0.09741280227899551,1.0,-11.938380241394043,2.9110138416290283,53.0,0.5792435593903065,2727.875,67.03369140625,,data/instances/train/real_06.cip
mix_16_0,18,903,903,A,,60.0,100,0.28019386529922485,1.9024617671966553,2.0496151447296143,0.64375,,,,,,,,,,,,,,,,,,,,,14,,224,224,0,1774535220,0,17,0,16,0,0.14431063830852509,1.0,-12.636734008789062,2.5325629711151123,53.0,0.6081589739769697,2727.875,67.03369140625,,data/instances/train/real_06.cip
mix_16_0,18,904,904,A,,60.0,100,1.936692476272583,4.575495719909668,28.086830139160156,0.64375,,,,,,,,,,,,,,,,,,,,,8,,224,224,0,1774535220,0,17,0,16,0,0.39206862449645996,1.0,-10.887481689453125,3.4730441570281982,53.0,0.5489960517734289,2727.875,67.03369140625,,data/instances/train/real_06.cip
mix_16_0,18,905,905,A,,60.0,100,0.6712918877601624,3.6358449459075928,3.3030097484588623,0.6421666666666668,,,,,,,,,,,,,,,,,,,,,11,,224,224,0,1770390080,0,18,0,16,0,0.17176175117492676,1.0,-11.647256851196289,3.273888111114502,218.0,0.47746727988123894,2727.875,67.03369140625,,data/instances/train/real_06.cip
mix_16_0,18,906,906,A,,60.0,100,0.46670377254486084,3.223939895629883,2.000882625579834,0.6421666666666668,,,,,,,,,,,,,,,,,,,,,11,,224,224,0,1770390080,0,18,0,16,0,0.13837876915931702,1.0,-11.369111061096191,2.390242338180542,218.0,0.5567917004227638,2727.875,67.03369140625,,data/instances/train/real_06.cip
mix_16_0,18,907,907,A,,60.0,100,0.7164155840873718,2.058621406555176,8.732218742370605,0.6421666666666668,,,,,,,,,,,,,,,,,,,,,14,,224,224,0,1770390080,0,18,0,16,0,0.2772080600261688,1.0,-13.640273094177246,3.7052135467529297,218.0,0.6200729142874479,2727.875,67.03369140625,,data/instances/train/real_06.cip
mix_16_0,18,908,908,A,,60.0,100,0.35863226652145386,2.617887020111084,2.5703954696655273,0.6421666666666668,,,,,,,,,,,,,,,,,,,,,13,,224,224,0,1770390080,0,18,0,16,0,0.13342808187007904,1.0,-13.350154876708984,2.38985013961792,218.0,0.599688770249486,2727.875,67.03369140625,,data/instances/train/real_06.cip
mix_16_0,18,909,909,A,,60.0,100,0.3487759232521057,2.8596415519714355,3.6144275665283203,0.6405833333333333,,,,,,,,,,,,,,,,,,,,,12,,224,224,0,1766242860,0,19,0,16,0,0.10811280459165573,1.0,-12.867849349975586,2.8817780017852783,84.0,0.503670634701848,2727.89453125,67.03369140625,,data/instances/train/real_06.cip
mix_16_0,18,910,910,A,,60.0,100,0.0735873132944107,1.132842779159546,4.962550163269043,0.6405833333333333,,,,,,,,,,,,,,,,,,,,,15,,224,224,0,1766242860,0,19,0,16,0,0.06712599843740463,1.0,-14.454776763916016,1.8134955167770386,84.0,0.5815318860113621,2727.89453125,67.03369140625,,data/instances/train/real_06.cip
mix_16_0,18,911,911,A,,60.0,100,0.38674217462539673,2.068711996078491,3.7180516719818115,0.6405833333333333,,,,,,,,,,,,,,,,,,,,,12,,224,224,0,1766242860,0,19,0,16,0,0.17831715941429138,1.0,-11.521137237548828,3.481316089630127,84.0,0.5810102466493845,2727.89453125,67.03369140625,,data/instances/train/real_06.cip
mix_16_0,18,912,912,A,,60.0,100,0.09911246597766876,2.2412562370300293,1.5200148820877075,0.6405833333333333,,,,,,,,,,,,,,,,,,,,,14,,224,224,0,1766242860,0,19,0,16,0,0.040432948619127274,1.0,-12.489091873168945,2.2558841705322266,84.0,0.599286925047636,2727.89453125,67.03369140625,,data/instances/train/real_06.cip
mix_16_0,18,913,913,A,,60.0,100,1.2185728549957275,3.38948655128479,9.28279972076416,0.639,,,,,,,,,,,,,,,,,,,,,12,,224,224,0,1762111964,0,20,0,16,0,0.352657675743103,1.0,-13.927736282348633,2.696819305419922,1.0,0.478584174066782,2727.89453125,67.03369140625,,data/instances/train/real_06.cip
mix_16_0,18,914,914,A,,60.0,100,0.22068066895008087,2.049079179763794,1.5322898626327515,0.639,,,,,,,,,,,,,,,,,,,,,13,,224,224,0,1762111964,0,20,0,16,0,0.10617907345294952,1.0,-13.277088165283203,3.310276508331299,1.0,0.5652517285197973,2727.89453125,67.03369140625,,data/instances/train/real_06.cip
mix_16_0,18,915,915,A,,60.0,100,0.4150467813014984,1.9697256088256836,5.2439751625061035,0.639,,,,,,,,,,,,,,,,,,,,,14,,224,224,0,1762111964,0,20,0,16,0,0.20541346073150635,1.0,-13.261275291442871,2.6096558570861816,1.0,0.5965505000203848,2727.89453125,67.03369140625,,data/instances/train/real_06.cip
mix_16_0,18,916,916,A,,60.0,100,0.3043648302555084,4.150806427001953,5.179818630218506,0.639,,,,,,,,,,,,,,,,,,,,,9,,224,224,0,1762111964,0,20,0,16,0,0.06820451468229294,1.0,-11.591974258422852,2.5695018768310547,1.0,0.5684269890189171,2727.89453125,67.03369140625,,data/instances/train/real_06.cip
mix_16_0,18,917,917,A,,60.0,100,0.38673436641693115,2.030913829803467,3.654834270477295,0.6374166666666667,,,,,,,,,,,,,,,,,,,,,13,,224,224,0,1757950556,0,21,0,16,0,0.18004530668258667,1.0,-12.38095760345459,3.0142955780029297,1.0,0.5190153289586306,2727.89453125,67.03369140625,,data/instances/train/real_06.cip
mix_16_0,18,918,918,A,,60.0,100,0.8475583791732788,5.215301513671875,3.1458513736724854,0.6374166666666667,,,,,,,,,,,,,,,,,,,,,9,,224,224,0,1757950556,0,21,0,16,0,0.1490391194820404,1.0,-12.471930503845215,2.2858927249908447,1.0,0.5461951438337564,2727.89453125,67.03369140625,,data/instances/train/real_06.cip
mix_16_0,18,919,919,A,,60.0,100,0.2677905559539795,1.5374257564544678,1.9088739156723022,0.6374166666666667,,,,,,,,,,,,,,,,,,,,,15,,224,224,0,1757950556,0,21,0,16,0,0.16468209028244019,1.0,-13.409747123718262,3.3994710445404053,1.0,0.6008391883224249,2727.89453125,67.03369140625,,data/instances/train/real_06.cip
mix_16_0,18,920,920,A,,60.0,100,0.30934613943099976,2.4602723121643066,1.3152759075164795,0.6374166666666667,,,,,,,,,,,,,,,,,,,,,13,,224,224,0,1757950556,0,21,0,16,0,0.11594860255718231,1.0,-12.275247573852539,2.7916197776794434,1.0,0.5990738365799189,2727.89453125,67.03369140625,,data/instances/train/real_06.cip
mix_16_0,18,921,921,A,,60.0,100,0.6845775842666626,2.9470489025115967,12.67589282989502,0.6358333333333333,,,,,,,,,,,,,,,,,,,,,13,,224,224,0,1753444772,0,22,0,16,0,0.19854606688022614,1.0,-11.654374122619629,1.85174560546875,246.0,0.5039466582238674,2727.89453125,67.03369140625,,data/instances/train/real_06.cip
mix_16_0,18,922,922,A,,60.0,100,0.8764806985855103,2.850170612335205,8.84512996673584,0.6358333333333333,,,,,,,,,,,,,,,,,,,,,12,,224,224,0,1753444772,0,22,0,16,0,0.28713712096214294,1.0,-12.60187816619873,3.243912696838379,246.0,0.5622668191790581,2727.89453125,67.03369140625,,data/instances/train/real_06.cip
mix_16_0,18,923,923,A,,60.0,100,0.6959259510040283,2.627613067626953,6.836244583129883,0.6358333333333333,,,,,,,,,,,,,,,,,,,,,12,,224,224,0,1753444772,0,22,0,16,0,0.24593998491764069,1.0,-11.746088027954102,2.5753591060638428,246.0,0.581740252673626,2727.89453125,67.03369140625,,data/instances/train/real_06.cip
mix_16_0,18,924,924,A,,60.0,100,0.2976028323173523,1.6177833080291748,5.257100582122803,0.6358333333333333,,,,,,,,,,,,,,,,,,,,,14,,224,224,0,1753444772,0,22,0,16,0,0.16977447271347046,1.0,-14.049837112426758,2.8348071575164795,246.0,0.6012775972485542,2727.89453125,67.03369140625,,data/instances/train/real_06.cip
mix_16_0,18,925,925,A,,60.0,100,0.47674548625946045,2.8755640983581543,10.061980247497559,0.63425,,,,,,,,,,,,,,,,,,,,,12,,224,224,0,1749146576,0,23,0,16,0,0.14492470026016235,1.0,-13.13306713104248,4.011447906494141,113.0,0.47932586446404457,2727.89453125,67.03369140625,,data/instances/train/real_06.cip
mix_16_0,18,926,926,A,,60.0,100,0.2072523832321167,1.5447331666946411,2.8472015857696533,0.63425,,,,,,,,,,,,,,,,,,,,,13,,224,224,0,1749146576,0,23,0,16,0,0.14257119596004486,1.0,-11.901653289794922,3.430504560470581,113.0,0.5827240031212568,2727.89453125,67.03369140625,,data/instances/train/real_06.cip
mix_16_0,18,927,927,A,,60.0,100,0.43198445439338684,2.495382785797119,6.149608612060547,0.63425,,,,,,,,,,,,,,,,,,,,,12,,224,224,0,1749146576,0,23,0,16,0,0.15552911162376404,1.0,-11.607524871826172,3.4848804473876953,113.0,0.5779221020638943,2727.89453125,67.03369140625,,data/instances/train/real_06.cip
mix_16_0,18,928,928,A,,60.0,100,0.35444405674934387,1.4448800086975098,8.980081558227539,0.63425,,,,,,,,,,,,,,,,,,,,,13,,224,224,0,1749146576,0,23,0,16,0,0.2541460394859314,1.0,-11.336949348449707,3.3042640686035156,113.0,0.6084040980786085,2727.89453125,67.03369140625,,data/instances/train/real_06.cip
mix_16_0,18,929,929,A,,60.0,100,0.3855964243412018,2.1711530685424805,3.583496332168579,0.6326666666666667,,,,,,,,,,,,,,,,,,,,,13,,224,224,0,1744799924,0,24,0,16,0,0.1684737205505371,1.0,-13.411272048950195,3.6846044063568115,56.0,0.5035374201834202,2727.89453125,67.03369140625,,data/instances/train/real_06.cip
mix_16_0,18,930,930,A,,60.0,100,0.27780744433403015,1.7940067052841187,2.0356132984161377,0.6326666666666667,,,,,,,,,,,,,,,,,,,,,14,,224,224,0,1744799924,0,24,0,16,0,0.15323752164840698,1.0,-13.733331680297852,1.8792815208435059,56.0,0.5823554936796427,2727.89453125,67.03369140625,,data/instances/train/real_06.cip
mix_16_0,18,931,931,A,,60.0,100,0.14271262288093567,2.925771474838257,1.8757895231246948,0.6326666666666667,,,,,,,,,,,,,,,,,,,,,11,,224,224,0,1744799924,0,24,0,16,0,0.046171337366104126,1.0,-12.28218936920166,3.8902735710144043,56.0,0.5760671515017748,2727.921875,67.03369140625,,data/instances/train/real_06.cip
mix_16_0,18,932,932,A,,60.0,100,0.224469855427742,1.4222162961959839,3.570340871810913,0.6326666666666667,,,,,,,,,,,,,,,,,,,,,15,,224,224,0,1744799924,0,24,0,16,0,0.15273456275463104,1.0,-12.922782897949219,2.3914601802825928,56.0,0.6112943608313799,2727.921875,67.03369140625,,data/instances/train/real_06.cip
mix_16_0,18,933,933,A,,60.0,100,0.7757575511932373,3.5946860313415527,15.442414283752441,0.6310833333333334,,,,,,,,,,,,,,,,,,,,,11,,224,224,0,1740152548,0,25,0,16,0,0.20702522993087769,1.0,-12.109945297241211,2.933432102203369,70.0,0.5042240507900715,2727.921875,67.03369140625,,data/instances/train/real_06.cip
mix_16_0,18,934,934,A,,60.0,100,0.23853188753128052,3.0344393253326416,3.3991382122039795,0.6310833333333334,,,,,,,,,,,,,,,,,,,,,13,,224,224,0,1740152548,0,25,0,16,0,0.07292026281356812,1.0,-12.683976173400879,2.6889052391052246,70.0,0.5645525958389044,2727.921875,67.03369140625,,data/instances/train/real_06.cip
mix_16_0,18,935,935,A,,60.0,100,0.3887367248535156,2.8181145191192627,5.2498955726623535,0.6310833333333334,,,,,,,,,,,,,,,,,,,,,13,,224,224,0,1740152548,0,25,0,16,0,0.1334528923034668,1.0,-13.756366729736328,2.354113817214966,70.0,0.5964916758239269,2727.921875,67.03369140625,,data/instances/train/real_06.cip
mix_16_0,18,936,936,A,,60.0,100,0.4551748037338257,2.991659164428711,1.8807027339935303,0.6310833333333334,,,,,,,,,,,,,,,,,,,,,11,,224,224,0,1740152548,0,25,0,16,0,0.1495783030986786,1.0,-12.587091445922852,3.4272472858428955,70.0,0.5838267207145691,2727.921875,67.03369140625,,data/instances/train/real_06.cip
mix_16_0,18,937,937,A,,60.0,100,0.37313783168792725,3.106706380844116,3.7624199390411377,0.6295,,,,,,,,,,,,,,,,,,,,,12,,224,224,0,1723633596,0,28,0,16,0,0.11199922859668732,1.0,-13.279672622680664,2.2408175468444824,1.0,0.611963514238596,2727.921875,67.03369140625,,data/instances/train/real_06.cip
mix_16_0,18,938,938,A,,60.0,100,0.45119085907936096,3.036163568496704,3.058974027633667,0.6295,,,,,,,,,,,,,,,,,,,,,10,,224,224,0,1723633596,0,28,0,16,0,0.12998142838478088,1.0,-10.555764198303223,3.722949266433716,1.0,0.5847633387893438,2727.921875,67.03369140625,,data/instances/train/real_06.cip
mix_16_0,18,939,939,A,,60.0,100,0.43938255310058594,4.072174072265625,1.9488648176193237,0.6295,,,,,,,,,,,,,,,,,,,,,9,,224,224,0,1723633596,0,28,0,16,0,0.10579874366521835,1.0,-11.590968132019043,3.1039745807647705,1.0,0.5648115873336792,2727.921875,67.03369140625,,data/instances/train/real_06.cip
mix_16_0,18,940,940,A,,60.0,100,0.40702465176582336,3.5354058742523193,9.607784271240234,0.6295,,,,,,,,,,,,,,,,,,,,,12,,224,224,0,1723633596,0,28,0,16,0,0.07644180208444595,1.0,-11.474242210388184,1.6988904476165771,1.0,0.5952265840023756,2727.921875,67.03369140625,,data/instances/train/real_06.cip
episode,18,940,940,A,,60.0,100,0.40702465176582336,3.5354058742523193,9.607784271240234,0.6279166666666667,-13.0658,-13.0,-0.0658,-13.0658,True,14,49.602962,,,,,,,,inf,0.0,49.602962,9.972847,1.0,8166,12,False,224,224,0,1723633596,0,28,0,16,0,,,,,86.57142857142857,,2727.921875,67.03369140625,optimal,data/instances/train/real_06.cip
mix_16_0,19,941,941,A,,60.0,100,0.7361369132995605,3.7601046562194824,4.23576545715332,0.6279166666666667,,,,,,,,,,,,,,,,,,,,,10,,224,224,0,1723633596,0,28,0,16,0,0.19264155626296997,1.0,-11.068517684936523,2.126429319381714,176.0,0.48697357065975666,2876.09765625,67.03369140625,,data/instances/train/real_07.cip
mix_16_0,19,942,942,A,,60.0,100,0.5789417624473572,3.038027048110962,4.18202018737793,0.6279166666666667,,,,,,,,,,,,,,,,,,,,,12,,224,224,0,1723633596,0,28,0,16,0,0.18357717990875244,1.0,-12.534843444824219,2.6091842651367188,176.0,0.5970035046339035,2876.09765625,67.03369140625,,data/instances/train/real_07.cip
mix_16_0,19,943,943,A,,60.0,100,0.6170757412910461,3.4927589893341064,2.0699706077575684,0.6279166666666667,,,,,,,,,,,,,,,,,,,,,11,,224,224,0,1723633596,0,28,0,16,0,0.1713840663433075,1.0,-12.423059463500977,3.404510974884033,176.0,0.580471821129322,2876.09765625,67.03369140625,,data/instances/train/real_07.cip
mix_16_0,19,944,944,A,,60.0,100,0.5835587382316589,3.3462719917297363,1.6657428741455078,0.6279166666666667,,,,,,,,,,,,,,,,,,,,,9,,224,224,0,1723633596,0,28,0,16,0,0.16602803766727448,1.0,-11.002717971801758,4.536989212036133,176.0,0.5597180165350437,2876.09765625,67.03369140625,,data/instances/train/real_07.cip
mix_16_0,19,945,945,A,,60.0,100,0.6373207569122314,3.0977723598480225,5.375879764556885,0.6263333333333334,,,,,,,,,,,,,,,,,,,,,12,,224,224,0,1723633596,0,28,0,16,0,0.20150601863861084,1.0,-13.118892669677734,3.091478109359741,228.0,0.4860203079879284,2876.09765625,67.03369140625,,data/instances/train/real_07.cip
mix_16_0,19,946,946,A,,60.0,100,0.913588285446167,2.605612277984619,10.31670093536377,0.6263333333333334,,,,,,,,,,,,,,,,,,,,,13,,224,224,0,1723633596,0,28,0,16,0,0.349234014749527,1.0,-13.595531463623047,2.2786216735839844,228.0,0.5834986288100481,2876.09765625,67.03369140625,,data/instances/train/real_07.cip
mix_16_0,19,947,947,A,,60.0,100,0.5836411714553833,4.103945732116699,3.4818880558013916,0.6263333333333334,,,,,,,,,,,,,,,,,,,,,10,,224,224,0,1723633596,0,28,0,16,0,0.1331058144569397,1.0,-11.688459396362305,2.7784013748168945,228.0,0.5665068197995424,2876.09765625,67.03369140625,,data/instances/train/real_07.cip
mix_16_0,19,948,948,A,,60.0,100,0.695837140083313,2.2639856338500977,11.270419120788574,0.6263333333333334,,,,,,,,,,,,,,,,,,,,,12,,224,224,0,1723633596,0,28,0,16,0,0.2687080502510071,1.0,-11.14711856842041,4.325835704803467,228.0,0.5923982597887516,2876.09765625,67.03369140625,,data/instances/train/real_07.cip
mix_16_0,19,949,949,A,,60.0,100,0.14833474159240723,1.2937219142913818,2.198213577270508,0.62475,,,,,,,,,,,,,,,,,,,,,14,,224,224,0,1724917792,0,29,0,16,0,0.12240879237651825,1.0,-11.82540225982666,3.2406883239746094,121.0,0.49933793395757675,2876.09765625,67.03369140625,,data/instances/train/real_07.cip
mix_16_0,19,950,950,A,,60.0,100,0.32769426703453064,2.003370761871338,5.006078243255615,0.62475,,,,,,,,,,,,,,,,,,,,,13,,224,224,0,1724917792,0,29,0,16,0,0.1470266580581665,1.0,-12.343008041381836,3.8751771450042725,121.0,0.5630497932434082,2876.09765625,67.03369140625,,data/instances/train/real_07.cip
mix_16_0,19,951,951,A,,60.0,100,0.18989107012748718,3.108053207397461,0.8868562579154968,0.62475,,,,,,,,,,,,,,,,,,,,,11,,224,224,0,1724917792,0,29,0,16,0,0.05938088893890381,1.0,-13.545635223388672,3.128706693649292,121.0,0.5786023549735546,2876.09765625,67.03369140625,,data/instances/train/real_07.cip
mix_16_0,19,952,952,A,,60.0,100,1.2070978879928589,5.007826805114746,7.6959733963012695,0.62475,,,,,,,,,,,,,,,,,,,,,9,,224,224,0,1724917792,0,29,0,16,0,0.2320994734764099,1.0,-12.492664337158203,2.153386116027832,121.0,0.5603432897478342,2876.09765625,67.03369140625,,data/instances/train/real_07.cip
mix_16_0,19,953,953,A,,60.0,100,0.9358578324317932,3.3482210636138916,6.909505367279053,0.6231666666666666,,,,,,,,,,,,,,,,,,,,,10,,224,224,0,1725743068,0,30,0,16,0,0.2787059545516968,1.0,-12.93239688873291,3.6929266452789307,25.0,0.4650678485631943,2875.11328125,67.03369140625,,data/instances/train/real_07.cip
mix_16_0,19,954,954,A,,60.0,100,0.284964919090271,2.143162250518799,6.48380184173584,0.6231666666666666,,,,,,,,,,,,,,,,,,,,,12,,224,224,0,1725743068,0,30,0,16,0,0.11223340779542923,1.0,-12.012384414672852,4.082005023956299,25.0,0.5825129710137844,2875.11328125,67.03369140625,,data/instances/train/real_07.cip
mix_16_0,19,955,955,A,,60.0,100,0.3902445435523987,2.919628143310547,2.9761099815368652,0.6231666666666666,,,,,,,,,,,,,,,,,,,,,12,,224,224,0,1725743068,0,30,0,16,0,0.12834809720516205,1.0,-12.223361015319824,3.2283082008361816,25.0,0.5822342354804277,2875.11328125,67.03369140625,,data/instances/train/real_07.cip
mix_16_0,19,956,956,A,,60.0,100,0.5308723449707031,1.6215450763702393,6.620571613311768,0.6231666666666666,,,,,,,,,,,,,,,,,,,,,13,,224,224,0,1725743068,0,30,0,16,0,0.24539388716220856,1.0,-11.422876358032227,3.618072032928467,25.0,0.6029571611434221,2875.12109375,67.03369140625,,data/instances/train/real_07.cip
mix_16_0,19,957,957,A,,60.0,100,0.5927364826202393,2.558279037475586,21.074352264404297,0.6215833333333334,,,,,,,,,,,,,,,,,,,,,14,,224,224,0,1726523228,0,31,0,16,0,0.15919099748134613,1.0,-11.182414054870605,2.684231758117676,1.0,0.5159904062747955,2875.12109375,67.03369140625,,data/instances/train/real_07.cip
mix_16_0,19,958,958,A,,60.0,100,0.5161899328231812,2.1189064979553223,9.4534273147583,0.6215833333333334,,,,,,,,,,,,,,,,,,,,,13,,224,224,0,1726523228,0,31,0,16,0,0.2160220444202423,1.0,-11.782407760620117,2.8587985038757324,1.0,0.5625834837555885,2875.12109375,67.03369140625,,data/instances/train/real_07.cip
mix_16_0,19,959,959,A,,60.0,100,0.411094069480896,3.102234125137329,2.967339515686035,0.6215833333333334,,,,,,,,,,,,,,,,,,,,,12,,224,224,0,1726523228,0,31,0,16,0,0.13136540353298187,1.0,-13.11496353149414,2.5380301475524902,1.0,0.5878311283886433,2875.12109375,67.03369140625,,data/instances/train/real_07.cip
mix_16_0,19,960,960,A,,60.0,100,0.34597155451774597,1.2241342067718506,4.065273761749268,0.6215833333333334,,,,,,,,,,,,,,,,,,,,,15,,224,224,0,1726523228,0,31,0,16,0,0.2999730110168457,1.0,-12.315170288085938,3.0618457794189453,1.0,0.6179463565349579,2875.12109375,67.03369140625,,data/instances/train/real_07.cip
mix_16_0,19,961,961,A,,60.0,100,0.3269711136817932,1.9742153882980347,10.416508674621582,0.62,,,,,,,,,,,,,,,,,,,,,14,,224,224,0,1727460604,0,32,0,16,0,0.14293448626995087,1.0,-14.30091381072998,2.7771999835968018,177.0,0.5395687539130449,2875.12109375,67.03369140625,,data/instances/train/real_07.cip
mix_16_0,19,962,962,A,,60.0,100,0.39066392183303833,2.7030937671661377,3.2623300552368164,0.62,,,,,,,,,,,,,,,,,,,,,13,,224,224,0,1727460604,0,32,0,16,0,0.13502928614616394,1.0,-12.688608169555664,2.6941449642181396,177.0,0.5712207946926355,2875.12109375,67.03369140625,,data/instances/train/real_07.cip
mix_16_0,19,963,963,A,,60.0,100,0.7541369795799255,3.395315170288086,1.8964146375656128,0.62,,,,,,,,,,,,,,,,,,,,,11,,224,224,0,1727460604,0,32,0,16,0,0.20677462220191956,1.0,-11.723179817199707,3.171264410018921,177.0,0.5744385104626417,2875.12109375,67.03369140625,,data/instances/train/real_07.cip
mix_16_0,19,964,964,A,,60.0,100,0.46153149008750916,2.728994131088257,3.0244803428649902,0.62,,,,,,,,,,,,,,,,,,,,,12,,224,224,0,1727460604,0,32,0,16,0,0.16709770262241364,1.0,-12.677896499633789,3.250502109527588,177.0,0.5838070157915354,2875.12890625,67.03369140625,,data/instances/train/real_07.cip
mix_16_0,19,965,965,A,,60.0,100,0.7050202488899231,3.4937312602996826,3.249467372894287,0.6184166666666666,,,,,,,,,,,,,,,,,,,,,11,,224,224,0,1727997760,0,33,0,16,0,0.1904568374156952,1.0,-11.264978408813477,2.2492997646331787,51.0,0.49168299697339535,2875.12890625,67.03369140625,,data/instances/train/real_07.cip
mix_16_0,19,966,966,A,,60.0,100,0.4527098834514618,2.2155601978302,8.506062507629395,0.6184166666666666,,,,,,,,,,,,,,,,,,,,,13,,224,224,0,1727997760,0,33,0,16,0,0.18627957999706268,1.0,-12.518392562866211,2.496824264526367,51.0,0.573111766949296,2875.12890625,67.03369140625,,data/instances/train/real_07.cip
mix_16_0,19,967,967,A,,60.0,100,0.9876009821891785,3.434469699859619,11.055861473083496,0.6184166666666666,,,,,,,,,,,,,,,,,,,,,12,,224,224,0,1727997760,0,33,0,16,0,0.26486101746559143,1.0,-12.364704132080078,2.6185176372528076,51.0,0.584371279925108,2875.12890625,67.03369140625,,data/instances/train/real_07.cip
mix_16_0,19,968,968,A,,60.0,100,0.25086215138435364,0.8445368409156799,4.472716331481934,0.6184166666666666,,,,,,,,,,,,,,,,,,,,,16,,224,224,0,1727997760,0,33,0,16,0,0.359192818403244,1.0,-13.977044105529785,1.993544578552246,51.0,0.6222542114555836,2875.12890625,67.03369140625,,data/instances/train/real_07.cip
mix_16_0,19,969,969,A,,60.0,100,0.6284672021865845,4.462718963623047,9.442859649658203,0.6168333333333333,,,,,,,,,,,,,,,,,,,,,10,,224,224,0,1728448288,0,34,0,16,0,0.14130255579948425,1.0,-12.953889846801758,1.4933899641036987,26.0,0.5016875118017197,2875.12890625,67.03369140625,,data/instances/train/real_07.cip
mix_16_0,19,970,970,A,,60.0,100,1.3741257190704346,4.428182601928711,13.053954124450684,0.6168333333333333,,,,,,,,,,,,,,,,,,,,,10,,224,224,0,1728448288,0,34,0,16,0,0.31512680649757385,1.0,-13.041753768920898,1.8068305253982544,26.0,0.5459631271660328,2875.13671875,67.03369140625,,data/instances/train/real_07.cip
mix_16_0,19,971,971,A,,60.0,100,1.2541584968566895,3.849973440170288,4.691101551055908,0.6168333333333333,,,,,,,,,,,,,,,,,,,,,12,,224,224,0,1728448288,0,34,0,16,0,0.30985185503959656,1.0,-12.385393142700195,1.499327540397644,26.0,0.5878633428364992,2875.13671875,67.03369140625,,data/instances/train/real_07.cip
mix_16_0,19,972,972,A,,60.0,100,0.7917792797088623,3.7478034496307373,10.657509803771973,0.6168333333333333,,,,,,,,,,,,,,,,,,,,,10,,224,224,0,1728448288,0,34,0,16,0,0.18245892226696014,1.0,-11.618797302246094,3.6724679470062256,26.0,0.589470749720931,2875.13671875,67.03369140625,,data/instances/train/real_07.cip
mix_16_0,19,973,973,A,,60.0,100,0.7761502265930176,3.892575740814209,3.8910727500915527,0.6152500000000001,,,,,,,,,,,,,,,,,,,,,11,,224,224,0,1728936164,0,35,0,16,0,0.18931175768375397,1.0,-12.138409614562988,2.092402696609497,91.0,0.48609548062086105,2875.13671875,67.03369140625,,data/instances/train/real_07.cip
mix_16_0,19,974,974,A,,60.0,100,0.3282119035720825,2.3944334983825684,2.6698079109191895,0.6152500000000001,,,,,,,,,,,,,,,,,,,,,14,,224,224,0,1728936164,0,35,0,16,0,0.11411671340465546,1.0,-12.716962814331055,1.955368995666504,91.0,0.5817845091223717,2875.13671875,67.03369140625,,data/instances/train/real_07.cip
mix_16_0,19,975,975,A,,60.0,100,0.9290380477905273,4.681815147399902,3.225754976272583,0.6152500000000001,,,,,,,,,,,,,,,,,,,,,9,,224,224,0,1728936164,0,35,0,16,0,0.1868647187948227,1.0,-11.299928665161133,3.1711456775665283,91.0,0.5448092725127935,2875.13671875,67.03369140625,,data/instances/train/real_07.cip
mix_16_0,19,976,976,A,,60.0,100,0.4562336504459381,3.1169402599334717,7.6190595626831055,0.6152500000000001,,,,,,,,,,,,,,,,,,,,,12,,224,224,0,1728936164,0,35,0,16,0,0.12199687212705612,1.0,-12.346189498901367,3.2202165126800537,91.0,0.6090591121464968,2875.13671875,67.03369140625,,data/instances/train/real_07.cip
mix_16_0,19,977,977,A,,60.0,100,0.4796904921531677,1.9282522201538086,18.299060821533203,0.6136666666666667,,,,,,,,,,,,,,,,,,,,,14,,224,224,0,1728689980,0,36,0,16,0,0.25049862265586853,1.0,-13.985873222351074,2.0385990142822266,39.0,0.5071634389460087,2875.19140625,67.03369140625,,data/instances/train/real_07.cip
mix_16_0,19,978,978,A,,60.0,100,0.3707493841648102,1.8656198978424072,2.7881367206573486,0.6136666666666667,,,,,,,,,,,,,,,,,,,,,14,,224,224,0,1728689980,0,36,0,16,0,0.17478713393211365,1.0,-12.8679780960083,2.334678888320923,39.0,0.5657367315143347,2875.19140625,67.03369140625,,data/instances/train/real_07.cip
mix_16_0,19,979,979,A,,60.0,100,1.2930054664611816,6.221593856811523,11.001484870910645,0.6136666666666667,,,,,,,,,,,,,,,,,,,,,8,,224,224,0,1728689980,0,36,0,16,0,0.19722534716129303,1.0,-13.25654125213623,2.111112356185913,39.0,0.539095239713788,2875.19140625,67.03369140625,,data/instances/train/real_07.cip
mix_16_0,19,980,980,A,,60.0,100,0.9897671341896057,3.839764356613159,21.029329299926758,0.6136666666666667,,,,,,,,,,,,,,,,,,,,,12,,224,224,0,1728689980,0,36,0,16,0,0.2408997118473053,1.0,-14.263076782226562,2.3261287212371826,39.0,0.6020002607256174,2875.19140625,67.03369140625,,data/instances/train/real_07.cip
mix_16_0,19,981,981,A,,60.0,100,0.5816957950592041,2.742276668548584,9.614538192749023,0.6120833333333333,,,,,,,,,,,,,,,,,,,,,13,,224,224,0,1730878432,0,37,0,16,0,0.20445433259010315,1.0,-14.085809707641602,2.394566535949707,165.0,0.4934205561876297,2875.19140625,67.03369140625,,data/instances/train/real_07.cip
mix_16_0,19,982,982,A,,60.0,100,1.1128222942352295,3.6120996475219727,15.168323516845703,0.6120833333333333,,,,,,,,,,,,,,,,,,,,,12,,224,224,0,1730878432,0,37,0,16,0,0.2941896617412567,1.0,-13.924762725830078,2.5805819034576416,165.0,0.5597042161971331,2875.19140625,67.03369140625,,data/instances/train/real_07.cip
mix_16_0,19,983,983,A,,60.0,100,0.6233684420585632,2.8177051544189453,6.432662010192871,0.6120833333333333,,,,,,,,,,,,,,,,,,,,,13,,224,224,0,1730878432,0,37,0,16,0,0.1950197070837021,1.0,-11.48359489440918,2.034635066986084,165.0,0.5927211362868547,2875.19140625,67.03369140625,,data/instances/train/real_07.cip
mix_16_0,19,984,984,A,,60.0,100,0.25765421986579895,4.127198219299316,4.474308967590332,0.6120833333333333,,,,,,,,,,,,,,,,,,,,,10,,224,224,0,1730878432,0,37,0,16,0,0.0543619841337204,1.0,-12.278743743896484,2.54624342918396,165.0,0.5695286467671394,2875.19140625,67.03369140625,,data/instances/train/real_07.cip
mix_16_0,19,985,985,A,,60.0,100,0.6330206394195557,2.6768765449523926,20.109760284423828,0.6105,,,,,,,,,,,,,,,,,,,,,13,,224,224,0,1733082332,0,38,0,16,0,0.1861489862203598,1.0,-11.42525577545166,2.780341863632202,18.0,0.5147186983376741,2875.19921875,67.03369140625,,data/instances/train/real_07.cip
mix_16_0,19,986,986,A,,60.0,100,0.36000776290893555,2.0168702602386475,15.050292015075684,0.6105,,,,,,,,,,,,,,,,,,,,,14,,224,224,0,1733082332,0,38,0,16,0,0.12887170910835266,1.0,-12.592608451843262,2.7166783809661865,18.0,0.5637542679905891,2875.19921875,67.03369140625,,data/instances/train/real_07.cip
mix_16_0,19,987,987,A,,60.0,100,0.18453790247440338,5.595575332641602,2.721215009689331,0.6105,,,,,,,,,,,,,,,,,,,,,7,,224,224,0,1733082332,0,38,0,16,0,0.029213733971118927,1.0,-11.818270683288574,2.997256278991699,18.0,0.5484193731099367,2875.19921875,67.03369140625,,data/instances/train/real_07.cip
mix_16_0,19,988,988,A,,60.0,100,0.4310515522956848,1.867814302444458,4.770016670227051,0.6105,,,,,,,,,,,,,,,,,,,,,14,,224,224,0,1733082332,0,38,0,16,0,0.20915120840072632,1.0,-12.664575576782227,2.867521047592163,18.0,0.5969105623662472,2875.19921875,67.03369140625,,data/instances/train/real_07.cip
episode,19,988,988,A,,60.0,100,0.4310515522956848,1.867814302444458,4.770016670227051,0.6089166666666667,-12.013799999999998,-12.0,-0.0138,-12.013799999999998,True,13,62.19192,,,,,,,,inf,1e+20,120.0,inf,0.0,11506,14,True,224,224,0,1736267096,0,40,0,16,0,,,,,93.16666666666667,,2767.6171875,67.03369140625,timelimit,data/instances/train/real_07.cip
mix_16_0,20,989,989,A,,60.0,100,0.2130388617515564,1.4847428798675537,9.669145584106445,0.6089166666666667,,,,,,,,,,,,,,,,,,,,,14,,224,224,0,1736267096,0,40,0,16,0,0.12205277383327484,1.0,-12.460765838623047,2.775784969329834,1.0,0.5436902847141027,2878.62890625,67.03369140625,,data/instances/transfer/real_01.cip
mix_16_0,20,990,990,A,,60.0,100,0.19449850916862488,1.8339664936065674,10.199786186218262,0.6089166666666667,,,,,,,,,,,,,,,,,,,,,13,,224,224,0,1736267096,0,40,0,16,0,0.09675168246030807,1.0,-12.939827919006348,3.355111837387085,1.0,0.5766142047941685,2878.62890625,67.03369140625,,data/instances/transfer/real_01.cip
mix_16_0,20,991,991,A,,60.0,100,0.6914191246032715,3.6058335304260254,12.159167289733887,0.6089166666666667,,,,,,,,,,,,,,,,,,,,,11,,224,224,0,1736267096,0,40,0,16,0,0.19452688097953796,1.0,-12.827851295471191,2.068742275238037,1.0,0.5639155376702547,2878.62890625,67.03369140625,,data/instances/transfer/real_01.cip
mix_16_0,20,992,992,A,,60.0,100,0.611840546131134,2.274392604827881,3.630852460861206,0.6089166666666667,,,,,,,,,,,,,,,,,,,,,14,,224,224,0,1736267096,0,40,0,16,0,0.25223448872566223,1.0,-12.719970703125,2.621708631515503,1.0,0.610166858881712,2878.6328125,67.03369140625,,data/instances/transfer/real_01.cip
mix_16_0,20,993,993,A,,60.0,100,0.7924584150314331,2.2131433486938477,17.114994049072266,0.6073333333333333,,,,,,,,,,,,,,,,,,,,,12,,224,224,0,1736267096,0,40,0,16,0,0.3164708614349365,1.0,-12.332562446594238,3.3556067943573,355.0,0.5069268718361855,2880.73046875,67.03369140625,,data/instances/transfer/real_01.cip
mix_16_0,20,994,994,A,,60.0,100,0.14605477452278137,3.204240322113037,2.0900802612304688,0.6073333333333333,,,,,,,,,,,,,,,,,,,,,13,,224,224,0,1736267096,0,40,0,16,0,0.03385546803474426,1.0,-11.900505065917969,2.1868343353271484,355.0,0.5563089139759541,2880.73046875,67.03369140625,,data/instances/transfer/real_01.cip
mix_16_0,20,995,995,A,,60.0,100,0.6917965412139893,2.6707754135131836,15.739463806152344,0.6073333333333333,,,,,,,,,,,,,,,,,,,,,12,,224,224,0,1736267096,0,40,0,16,0,0.24474290013313293,1.0,-12.883798599243164,2.1622297763824463,355.0,0.5841757506132126,2880.73046875,67.03369140625,,data/instances/transfer/real_01.cip
mix_16_0,20,996,996,A,,60.0,100,0.31916964054107666,2.992825508117676,2.9103188514709473,0.6073333333333333,,,,,,,,,,,,,,,,,,,,,12,,224,224,0,1736267096,0,40,0,16,0,0.10144942998886108,1.0,-12.846805572509766,3.0358901023864746,355.0,0.5927481800317764,2880.73046875,67.03369140625,,data/instances/transfer/real_01.cip
mix_16_0,20,997,997,A,,60.0,100,0.3494417667388916,2.4700138568878174,2.83646297454834,0.60575,,,,,,,,,,,,,,,,,,,,,14,,224,224,0,1741205736,0,41,0,16,0,0.12514136731624603,1.0,-13.355941772460938,3.4435014724731445,171.0,0.5260528959333897,2881.34765625,67.03369140625,,data/instances/transfer/real_01.cip
mix_16_0,20,998,998,A,,60.0,100,0.5615670084953308,3.1288163661956787,5.262044429779053,0.60575,,,,,,,,,,,,,,,,,,,,,11,,224,224,0,1741205736,0,41,0,16,0,0.18433444201946259,1.0,-11.282926559448242,2.3355259895324707,171.0,0.5447008199989796,2881.34765625,67.03369140625,,data/instances/transfer/real_01.cip
mix_16_0,20,999,999,A,,60.0,100,0.372975617647171,1.621788501739502,5.95549201965332,0.60575,,,,,,,,,,,,,,,,,,,,,16,,224,224,0,1741205736,0,41,0,16,0,0.254884272813797,1.0,-12.056087493896484,2.2657196521759033,171.0,0.6269028205424547,2881.34765625,67.03369140625,,data/instances/transfer/real_01.cip
mix_16_0,20,1000,1000,A,,60.0,100,0.6436021327972412,3.145420551300049,5.301093101501465,0.60575,,,,,,,,,,,,,,,,,,,,,13,,224,224,0,1741205736,0,41,0,16,0,0.18969610333442688,1.0,-11.774547576904297,2.398333787918091,171.0,0.5769423004239798,2881.34765625,67.03369140625,,data/instances/transfer/real_01.cip
mix_16_0,20,1001,1001,A,,60.0,100,0.9346988201141357,4.615940570831299,11.150057792663574,0.6041666666666667,,,,,,,,,,,,,,,,,,,,,10,,224,224,0,1746098556,0,42,0,16,0,0.19233210384845734,1.0,-13.545486450195312,3.758089303970337,201.0,0.47943790815770626,2885.140625,67.03369140625,,data/instances/transfer/real_01.cip
mix_16_0,20,1002,1002,A,,60.0,100,0.32339292764663696,3.4117376804351807,2.7966418266296387,0.6041666666666667,,,,,,,,,,,,,,,,,,,,,13,,224,224,0,1746098556,0,42,0,16,0,0.0882762148976326,1.0,-12.973915100097656,2.681335210800171,201.0,0.5819755252450705,2885.140625,67.03369140625,,data/instances/transfer/real_01.cip
mix_16_0,20,1003,1003,A,,60.0,100,0.5853554010391235,4.990941524505615,2.412203550338745,0.6041666666666667,,,,,,,,,,,,,,,,,,,,,9,,224,224,0,1746098556,0,42,0,16,0,0.11206147074699402,1.0,-12.40847110748291,3.0022497177124023,201.0,0.5602070428431034,2885.140625,67.03369140625,,data/instances/transfer/real_01.cip
mix_16_0,20,1004,1004,A,,60.0,100,0.7113022208213806,2.732937812805176,5.899888038635254,0.6041666666666667,,,,,,,,,,,,,,,,,,,,,12,,224,224,0,1746098556,0,42,0,16,0,0.23415030539035797,1.0,-11.742116928100586,3.878178596496582,201.0,0.5993163604289293,2885.140625,67.03369140625,,data/instances/transfer/real_01.cip
mix_16_0,20,1005,1005,A,,60.0,100,1.2265371084213257,3.980445623397827,7.631019592285156,0.6025833333333334,,,,,,,,,,,,,,,,,,,,,8,,224,224,0,1751008196,0,43,0,16,0,0.29197531938552856,1.0,-10.76968765258789,4.174238681793213,1.0,0.4607393238693476,2885.140625,67.03369140625,,data/instances/transfer/real_01.cip
mix_16_0,20,1006,1006,A,,60.0,100,0.586510419845581,2.741992473602295,18.218791961669922,0.6025833333333334,,,,,,,,,,,,,,,,,,,,,13,,224,224,0,1751008196,0,43,0,16,0,0.13800457119941711,1.0,-12.25160026550293,2.7401676177978516,1.0,0.5805629957467318,2885.140625,67.03369140625,,data/instances/transfer/real_01.cip
mix_16_0,20,1007,1007,A,,60.0,100,0.8968815803527832,3.580169200897217,9.764538764953613,0.6025833333333334,,,,,,,,,,,,,,,,,,,,,13,,224,224,0,1751008196,0,43,0,16,0,0.19757650792598724,1.0,-10.739906311035156,2.526322841644287,1.0,0.6036144755780697,2885.140625,67.03369140625,,data/instances/transfer/real_01.cip
mix_16_0,20,1008,1008,A,,60.0,100,0.8720059394836426,3.1947784423828125,12.175990104675293,0.6025833333333334,,,,,,,,,,,,,,,,,,,,,10,,224,224,0,1751008196,0,43,0,16,0,0.23783519864082336,1.0,-10.492259979248047,3.920635938644409,1.0,0.5718458760529757,2885.140625,67.03369140625,,data/instances/transfer/real_01.cip
mix_16_0,20,1009,1009,A,,60.0,100,0.6774164438247681,1.3651789426803589,21.56913948059082,0.601,,,,,,,,,,,,,,,,,,,,,16,,224,224,0,1756017628,0,44,0,16,0,0.35171255469322205,1.0,-11.388275146484375,3.4902284145355225,1.0,0.5362440291792154,2887.43359375,67.03369140625,,data/instances/transfer/real_01.cip
mix_16_0,20,1010,1010,A,,60.0,100,0.37997204065322876,2.4489247798919678,7.472165107727051,0.601,,,,,,,,,,,,,,,,,,,,,13,,224,224,0,1756017628,0,44,0,16,0,0.1451685130596161,1.0,-14.013412475585938,3.3474225997924805,1.0,0.558382198214531,2887.43359375,67.03369140625,,data/instances/transfer/real_01.cip
mix_16_0,20,1011,1011,A,,60.0,100,0.621361255645752,2.058720827102661,17.913393020629883,0.601,,,,,,,,,,,,,,,,,,,,,14,,224,224,0,1756017628,0,44,0,16,0,0.29806429147720337,1.0,-14.653484344482422,2.5171871185302734,1.0,0.6030973065644503,2887.43359375,67.03369140625,,data/instances/transfer/real_01.cip
mix_16_0,20,1012,1012,A,,60.0,100,0.5614738464355469,2.181612968444824,21.660181045532227,0.601,,,,,,,,,,,,,,,,,,,,,15,,224,224,0,1756017628,0,44,0,16,0,0.18522031605243683,1.0,-15.683917999267578,2.66886568069458,1.0,0.6141991000622511,2887.43359375,67.03369140625,,data/instances/transfer/real_01.cip
mix_16_0,20,1013,1013,A,,60.0,100,0.5693605542182922,2.357445240020752,20.459819793701172,0.5994166666666667,,,,,,,,,,,,,,,,,,,,,14,,224,224,0,1761104284,0,45,0,16,0,0.19117479026317596,1.0,-14.046226501464844,2.8399910926818848,569.0,0.5115287937223911,2891.765625,67.03369140625,,data/instances/transfer/real_01.cip
mix_16_0,20,1014,1014,A,,60.0,100,0.7438374161720276,5.578139781951904,9.887579917907715,0.5994166666666667,,,,,,,,,,,,,,,,,,,,,8,,224,224,0,1761104284,0,45,0,16,0,0.12063957750797272,1.0,-12.867532730102539,3.5738582611083984,569.0,0.5247589331120253,2891.765625,67.03369140625,,data/instances/transfer/real_01.cip
mix_16_0,20,1015,1015,A,,60.0,100,1.090933084487915,4.147880554199219,8.780074119567871,0.5994166666666667,,,,,,,,,,,,,,,,,,,,,11,,224,224,0,1761104284,0,45,0,16,0,0.25522246956825256,1.0,-12.967842102050781,1.8056999444961548,569.0,0.5866889245808125,2891.765625,67.03369140625,,data/instances/transfer/real_01.cip
mix_16_0,20,1016,1016,A,,60.0,100,0.5014796257019043,3.6377007961273193,4.94044303894043,0.5994166666666667,,,,,,,,,,,,,,,,,,,,,10,,224,224,0,1761104284,0,45,0,16,0,0.12587827444076538,1.0,-11.832255363464355,2.7288525104522705,569.0,0.5701388642191887,2891.765625,67.03369140625,,data/instances/transfer/real_01.cip
mix_16_0,20,1017,1017,A,,60.0,100,0.7410653829574585,3.3922500610351562,8.856557846069336,0.5978333333333333,,,,,,,,,,,,,,,,,,,,,11,,224,224,0,1766167240,0,46,0,16,0,0.1944732666015625,1.0,-11.1119384765625,3.1576220989227295,200.0,0.48370553366839886,2892.84375,67.03369140625,,data/instances/transfer/real_01.cip
mix_16_0,20,1018,1018,A,,60.0,100,0.5770807862281799,3.2804696559906006,8.879361152648926,0.5978333333333333,,,,,,,,,,,,,,,,,,,,,12,,224,224,0,1766167240,0,46,0,16,0,0.13160833716392517,1.0,-10.302090644836426,2.335923194885254,200.0,0.5770228318870068,2892.84375,67.03369140625,,data/instances/transfer/real_01.cip
mix_16_0,20,1019,1019,A,,60.0,100,1.157952904701233,3.5898900032043457,12.916723251342773,0.5978333333333333,,,,,,,,,,,,,,,,,,,,,10,,224,224,0,1766167240,0,46,0,16,0,0.2637518644332886,1.0,-10.285073280334473,3.860609531402588,200.0,0.565861763432622,2892.84375,67.03369140625,,data/instances/transfer/real_01.cip
mix_16_0,20,1020,1020,A,,60.0,100,0.6249131560325623,3.453916549682617,12.64841079711914,0.5978333333333333,,,,,,,,,,,,,,,,,,,,,11,,224,224,0,1766167240,0,46,0,16,0,0.13831739127635956,1.0,-12.193635940551758,3.3593029975891113,200.0,0.5868047997355461,2892.84375,67.03369140625,,data/instances/transfer/real_01.cip
mix_16_0,20,1021,1021,A,,60.0,100,0.4523550271987915,1.5059654712677002,22.540428161621094,0.59625,,,,,,,,,,,,,,,,,,,,,15,,224,224,0,1771253704,0,47,0,16,0,0.23467741906642914,1.0,-13.074936866760254,3.553159475326538,596.0,0.5167223289608955,2892.9453125,67.03369140625,,data/instances/transfer/real_01.cip
mix_16_0,20,1022,1022,A,,60.0,100,0.6925323605537415,2.4443297386169434,9.996149063110352,0.59625,,,,,,,,,,,,,,,,,,,,,13,,224,224,0,1771253704,0,47,0,16,0,0.24517937004566193,1.0,-14.191459655761719,2.84938383102417,596.0,0.5724241491407156,2892.9453125,67.03369140625,,data/instances/transfer/real_01.cip
mix_16_0,20,1023,1023,A,,60.0,100,0.6572985649108887,3.491384744644165,16.273231506347656,0.59625,,,,,,,,,,,,,,,,,,,,,11,,224,224,0,1771253704,0,47,0,16,0,0.13924182951450348,1.0,-12.647867202758789,3.6732475757598877,596.0,0.5761176515370607,2892.9453125,67.03369140625,,data/instances/transfer/real_01.cip
mix_16_0,20,1024,1024,A,,60.0,100,0.149893119931221,1.285510540008545,8.442914009094238,0.59625,,,,,,,,,,,,,,,,,,,,,15,,224,224,0,1771253704,0,47,0,16,0,0.09924674034118652,1.0,-16.215164184570312,2.207758665084839,596.0,0.6202648971229792,2892.9453125,67.03369140625,,data/instances/transfer/real_01.cip
mix_16_0,20,1025,1025,A,,60.0,100,0.4238610565662384,3.8089711666107178,9.365806579589844,0.5946666666666667,,,,,,,,,,,,,,,,,,,,,12,,224,224,0,1776334888,0,48,0,16,0,0.096731036901474,1.0,-12.989530563354492,2.541766881942749,269.0,0.4906643331050873,2892.9453125,67.03369140625,,data/instances/transfer/real_01.cip
mix_16_0,20,1026,1026,A,,60.0,100,0.39944785833358765,1.9146785736083984,3.476145029067993,0.5946666666666667,,,,,,,,,,,,,,,,,,,,,14,,224,224,0,1776334888,0,48,0,16,0,0.2146945595741272,1.0,-13.522137641906738,3.019179582595825,269.0,0.5832456462085247,2892.9453125,67.03369140625,,data/instances/transfer/real_01.cip
mix_16_0,20,1027,1027,A,,60.0,100,0.43471115827560425,2.324129581451416,5.686437606811523,0.5946666666666667,,,,,,,,,,,,,,,,,,,,,13,,224,224,0,1776334888,0,48,0,16,0,0.16457177698612213,1.0,-11.109275817871094,3.0213866233825684,269.0,0.602283300831914,2893.0,67.03369140625,,data/instances/transfer/real_01.cip
mix_16_0,20,1028,1028,A,,60.0,100,0.9740808606147766,3.09763765335083,9.798306465148926,0.5946666666666667,,,,,,,,,,,,,,,,,,,,,12,,224,224,0,1776334888,0,48,0,16,0,0.29707852005958557,1.0,-12.388789176940918,2.3188328742980957,269.0,0.5777971930801868,2893.0,67.03369140625,,data/instances/transfer/real_01.cip
mix_16_0,20,1029,1029,A,,60.0,100,0.7868400812149048,3.056624412536621,12.544412612915039,0.5930833333333334,,,,,,,,,,,,,,,,,,,,,13,,224,224,0,1781455868,0,49,0,16,0,0.22461166977882385,1.0,-11.752313613891602,2.4377574920654297,1.0,0.5184552427381277,2893.0,67.03369140625,,data/instances/transfer/real_01.cip
mix_16_0,20,1030,1030,A,,60.0,100,0.9979091286659241,4.581737518310547,4.784789085388184,0.5930833333333334,,,,,,,,,,,,,,,,,,,,,9,,224,224,0,1781455868,0,49,0,16,0,0.20552417635917664,1.0,-11.746362686157227,3.447420358657837,1.0,0.5405301246792078,2893.0,67.03369140625,,data/instances/transfer/real_01.cip
mix_16_0,20,1031,1031,A,,60.0,100,0.7181637287139893,3.516650676727295,4.99359130859375,0.5930833333333334,,,,,,,,,,,,,,,,,,,,,12,,224,224,0,1781455868,0,49,0,16,0,0.18571744859218597,1.0,-12.52186393737793,2.294156789779663,1.0,0.5764876361936331,2893.0,67.03369140625,,data/instances/transfer/real_01.cip
mix_16_0,20,1032,1032,A,,60.0,100,0.6146878004074097,3.8570010662078857,1.9801790714263916,0.5930833333333334,,,,,,,,,,,,,,,,,,,,,11,,224,224,0,1781455868,0,49,0,16,0,0.15733154118061066,1.0,-13.711694717407227,2.3461756706237793,1.0,0.5942731630057096,2893.0,67.03369140625,,data/instances/transfer/real_01.cip
mix_16_0,20,1033,1033,A,,60.0,100,1.3073210716247559,4.586124897003174,5.378303527832031,0.5915,,,,,,,,,,,,,,,,,,,,,10,,224,224,0,1786887396,0,50,0,16,0,0.2919846475124359,1.0,-12.923385620117188,2.4269540309906006,476.0,0.5073157828301191,2894.13671875,67.03369140625,,data/instances/transfer/real_01.cip
mix_16_0,20,1034,1034,A,,60.0,100,0.311545729637146,3.398594856262207,1.947252869606018,0.5915,,,,,,,,,,,,,,,,,,,,,11,,224,224,0,1786887396,0,50,0,16,0,0.08532024174928665,1.0,-12.905686378479004,3.429116725921631,476.0,0.5393113028258085,2894.13671875,67.03369140625,,data/instances/transfer/real_01.cip
mix_16_0,20,1035,1035,A,,60.0,100,0.8911175727844238,3.7114052772521973,3.7164387702941895,0.5915,,,,,,,,,,,,,,,,,,,,,11,,224,224,0,1786887396,0,50,0,16,0,0.24345743656158447,1.0,-13.256401062011719,3.1416242122650146,476.0,0.5758765190839767,2894.13671875,67.03369140625,,data/instances/transfer/real_01.cip
mix_16_0,20,1036,1036,A,,60.0,100,0.5522430539131165,3.040644884109497,12.61929988861084,0.5915,,,,,,,,,,,,,,,,,,,,,13,,224,224,0,1786887396,0,50,0,16,0,0.16949567198753357,1.0,-14.297163009643555,2.679272413253784,476.0,0.6057382747530937,2894.140625,67.03369140625,,data/instances/transfer/real_01.cip
mix_16_0,20,1037,1037,A,,60.0,100,0.6893666982650757,2.637146472930908,6.547863006591797,0.5899166666666666,,,,,,,,,,,,,,,,,,,,,13,,224,224,0,1792292660,0,51,0,16,0,0.25964415073394775,1.0,-12.312169075012207,2.6547794342041016,1.0,0.5115452688187361,2900.671875,67.03369140625,,data/instances/transfer/real_01.cip
mix_16_0,20,1038,1038,A,,60.0,100,0.37965285778045654,1.6336122751235962,2.8962016105651855,0.5899166666666666,,,,,,,,,,,,,,,,,,,,,15,,224,224,0,1792292660,0,51,0,16,0,0.22988367080688477,1.0,-13.38815689086914,3.140829086303711,1.0,0.5918904431164265,2900.671875,67.03369140625,,data/instances/transfer/real_01.cip
mix_16_0,20,1039,1039,A,,60.0,100,0.3809046149253845,2.89943790435791,3.5950775146484375,0.5899166666666666,,,,,,,,,,,,,,,,,,,,,12,,224,224,0,1792292660,0,51,0,16,0,0.12369993329048157,1.0,-12.640358924865723,2.704648733139038,1.0,0.5755722746253014,2900.671875,67.03369140625,,data/instances/transfer/real_01.cip
mix_16_0,20,1040,1040,A,,60.0,100,0.5342974662780762,3.699963092803955,4.960201263427734,0.5899166666666666,,,,,,,,,,,,,,,,,,,,,11,,224,224,0,1792292660,0,51,0,16,0,0.1382952630519867,1.0,-12.04761028289795,3.004211187362671,1.0,0.584698598831892,2900.671875,67.03369140625,,data/instances/transfer/real_01.cip
episode,20,1040,1040,A,,60.0,100,0.5342974662780762,3.699963092803955,4.960201263427734,0.5883333333333334,-13.0312,-13.0,-0.0312,-13.0312,True,14,60.147184,,,,,,,,inf,1e+20,120.0,inf,0.0,30866,11,True,224,224,0,1799396036,0,53,0,16,0,,,,,218.6153846153846,,2900.671875,67.03369140625,timelimit,data/instances/transfer/real_01.cip
validation,21,1040,1040,A,,,,,,,,,,,,,,,1.0,9.004817,inf,0.0,9.004817,1.0,8436.0,,,,,,,,,224,224,0,1799396036,0,53,0,,,,,,,,,,,optimal,data/instances/validation/real_08.cip
mix_16_0,21,1041,1041,A,,60.0,100,0.343624472618103,3.102620840072632,6.859777450561523,0.5883333333333334,,,,,,,,,,,,,,,,,,,,,12,,224,224,0,1799396036,0,53,0,16,0,0.09616955369710922,1.0,-12.375870704650879,2.6627697944641113,1.0,0.5320471357554197,3020.2734375,67.03369140625,,data/instances/transfer/real_03.cip
mix_16_0,21,1042,1042,A,,60.0,100,0.15812638401985168,2.4851229190826416,5.214794158935547,0.5883333333333334,,,,,,,,,,,,,,,,,,,,,13,,224,224,0,1799396036,0,53,0,16,0,0.04761411249637604,1.0,-12.246135711669922,4.07582426071167,1.0,0.5745490565896034,3020.28125,67.03369140625,,data/instances/transfer/real_03.cip
mix_16_0,21,1043,1043,A,,60.0,100,0.3780384361743927,2.9596452713012695,6.1993231773376465,0.5883333333333334,,,,,,,,,,,,,,,,,,,,,13,,224,224,0,1799396036,0,53,0,16,0,0.10741743445396423,1.0,-11.237911224365234,2.6948049068450928,1.0,0.596550365909934,3020.28515625,67.03369140625,,data/instances/transfer/real_03.cip
mix_16_0,21,1044,1044,A,,60.0,100,0.7689884901046753,2.8838984966278076,5.499495506286621,0.5883333333333334,,,,,,,,,,,,,,,,,,,,,13,,224,224,0,1799396036,0,53,0,16,0,0.24553921818733215,1.0,-13.481148719787598,2.0562498569488525,1.0,0.6149061191827059,3020.28515625,67.03369140625,,data/instances/transfer/real_03.cip
mix_16_0,21,1045,1045,A,,60.0,100,0.4599738121032715,3.3830974102020264,7.5625433921813965,0.58675,,,,,,,,,,,,,,,,,,,,,11,,224,224,0,1799396036,0,53,0,16,0,0.12893278896808624,1.0,-12.146749496459961,3.1990694999694824,300.0,0.4947968889027834,3020.28515625,67.03369140625,,data/instances/transfer/real_03.cip
mix_16_0,21,1046,1046,A,,60.0,100,1.2935309410095215,4.3815836906433105,17.33921241760254,0.58675,,,,,,,,,,,,,,,,,,,,,9,,224,224,0,1799396036,0,53,0,16,0,0.2801229655742645,1.0,-11.438249588012695,3.4054274559020996,300.0,0.5402821395546198,3020.28515625,67.03369140625,,data/instances/transfer/real_03.cip
mix_16_0,21,1047,1047,A,,60.0,100,0.4167736768722534,4.0168352127075195,2.4388630390167236,0.58675,,,,,,,,,,,,,,,,,,,,,10,,224,224,0,1799396036,0,53,0,16,0,0.10437147319316864,1.0,-12.153104782104492,2.8848795890808105,300.0,0.5875946339219809,3020.28515625,67.03369140625,,data/instances/transfer/real_03.cip
mix_16_0,21,1048,1048,A,,60.0,100,0.7100608944892883,3.894810199737549,7.237181663513184,0.58675,,,,,,,,,,,,,,,,,,,,,12,,224,224,0,1799396036,0,53,0,16,0,0.16966360807418823,1.0,-12.045249938964844,2.7704732418060303,300.0,0.5868350509554148,3020.28515625,67.03369140625,,data/instances/transfer/real_03.cip
mix_16_0,21,1049,1049,A,,60.0,100,1.19792640209198,3.843590497970581,5.5240278244018555,0.5851666666666667,,,,,,,,,,,,,,,,,,,,,11,,224,224,0,1799036040,0,54,0,16,0,0.301946759223938,1.0,-12.29750919342041,2.510817766189575,1.0,0.4887331947684288,3020.30078125,67.03369140625,,data/instances/transfer/real_03.cip
mix_16_0,21,1050,1050,A,,60.0,100,0.42055803537368774,3.255444049835205,5.262086868286133,0.5851666666666667,,,,,,,,,,,,,,,,,,,,,11,,224,224,0,1799036040,0,54,0,16,0,0.1131834089756012,1.0,-13.131231307983398,3.944352865219116,1.0,0.5536503326147795,3020.30078125,67.03369140625,,data/instances/transfer/real_03.cip
mix_16_0,21,1051,1051,A,,60.0,100,0.2851598560810089,2.450024366378784,6.526479721069336,0.5851666666666667,,,,,,,,,,,,,,,,,,,,,13,,224,224,0,1799036040,0,54,0,16,0,0.10996070504188538,1.0,-13.908121109008789,2.6616365909576416,1.0,0.6175184901803732,3020.30078125,67.03369140625,,data/instances/transfer/real_03.cip
mix_16_0,21,1052,1052,A,,60.0,100,0.37048500776290894,2.374606132507324,10.22670841217041,0.5851666666666667,,,,,,,,,,,,,,,,,,,,,14,,224,224,0,1799036040,0,54,0,16,0,0.11607223004102707,1.0,-12.411238670349121,3.022949695587158,1.0,0.5931295100599527,3020.30078125,67.03369140625,,data/instances/transfer/real_03.cip
mix_16_0,21,1053,1053,A,,60.0,100,0.46844547986984253,1.8496849536895752,3.396299123764038,0.5835833333333333,,,,,,,,,,,,,,,,,,,,,14,,224,224,0,1798539372,0,55,0,16,0,0.254564106464386,1.0,-13.50894546508789,2.8066577911376953,1.0,0.5092607326805592,3020.30078125,67.03369140625,,data/instances/transfer/real_03.cip
mix_16_0,21,1054,1054,A,,60.0,100,0.39446139335632324,2.7573490142822266,5.539266586303711,0.5835833333333333,,,,,,,,,,,,,,,,,,,,,12,,224,224,0,1798539372,0,55,0,16,0,0.12947659194469452,1.0,-12.336248397827148,3.105072021484375,1.0,0.5671834144741297,3020.31640625,67.03369140625,,data/instances/transfer/real_03.cip
mix_16_0,21,1055,1055,A,,60.0,100,0.7177757024765015,3.2405548095703125,11.420262336730957,0.5835833333333333,,,,,,,,,,,,,,,,,,,,,12,,224,224,0,1798539372,0,55,0,16,0,0.20414599776268005,1.0,-13.388066291809082,3.730661153793335,1.0,0.601238552480936,3020.31640625,67.03369140625,,data/instances/transfer/real_03.cip
mix_16_0,21,1056,1056,A,,60.0,100,0.3669778108596802,3.8998377323150635,5.310135841369629,0.5835833333333333,,,,,,,,,,,,,,,,,,,,,10,,224,224,0,1798539372,0,55,0,16,0,0.08804962038993835,1.0,-11.449760437011719,3.5957911014556885,1.0,0.581053551286459,3020.31640625,67.03369140625,,data/instances/transfer/real_03.cip
mix_16_0,21,1057,1057,A,,60.0,100,0.257097065448761,2.168336868286133,5.7688493728637695,0.5820000000000001,,,,,,,,,,,,,,,,,,,,,14,,224,224,0,1798046616,0,56,0,16,0,0.10107744485139847,1.0,-11.97744369506836,3.361541271209717,1.0,0.5211744774132967,3020.31640625,67.03369140625,,data/instances/transfer/real_03.cip
mix_16_0,21,1058,1058,A,,60.0,100,0.5354615449905396,2.943587303161621,4.304163932800293,0.5820000000000001,,,,,,,,,,,,,,,,,,,,,12,,224,224,0,1798046616,0,56,0,16,0,0.1613040715456009,1.0,-12.057319641113281,4.352570056915283,1.0,0.5675010308623314,3020.31640625,67.03369140625,,data/instances/transfer/real_03.cip
mix_16_0,21,1059,1059,A,,60.0,100,0.37180107831954956,2.3513622283935547,10.387030601501465,0.5820000000000001,,,,,,,,,,,,,,,,,,,,,13,,224,224,0,1798046616,0,56,0,16,0,0.14666002988815308,1.0,-13.980278015136719,4.137523174285889,1.0,0.5993462409824133,3020.31640625,67.03369140625,,data/instances/transfer/real_03.cip
mix_16_0,21,1060,1060,A,,60.0,100,0.8711149096488953,4.017033576965332,12.763456344604492,0.5820000000000001,,,,,,,,,,,,,,,,,,,,,10,,224,224,0,1798046616,0,56,0,16,0,0.2068648785352707,1.0,-13.037384033203125,4.955376148223877,1.0,0.5676671583205462,3020.31640625,67.03369140625,,data/instances/transfer/real_03.cip
mix_16_0,21,1061,1061,A,,60.0,100,0.6523868441581726,2.1269419193267822,12.582742691040039,0.5804166666666667,,,,,,,,,,,,,,,,,,,,,14,,224,224,0,1797418904,0,57,0,16,0,0.25294554233551025,1.0,-13.228766441345215,3.4127981662750244,1.0,0.5492638181895018,3020.31640625,67.03369140625,,data/instances/transfer/real_03.cip
mix_16_0,21,1062,1062,A,,60.0,100,0.8323252201080322,4.239853382110596,8.898665428161621,0.5804166666666667,,,,,,,,,,,,,,,,,,,,,11,,224,224,0,1797418904,0,57,0,16,0,0.16889029741287231,1.0,-9.731765747070312,2.9062235355377197,1.0,0.542377607896924,3020.31640625,67.03369140625,,data/instances/transfer/real_03.cip
mix_16_0,21,1063,1063,A,,60.0,100,0.3086559772491455,2.243574380874634,9.839128494262695,0.5804166666666667,,,,,,,,,,,,,,,,,,,,,14,,224,224,0,1797418904,0,57,0,16,0,0.11614681780338287,1.0,-12.77104663848877,3.6625046730041504,1.0,0.6184256486594677,3020.31640625,67.03369140625,,data/instances/transfer/real_03.cip
mix_16_0,21,1064,1064,A,,60.0,100,0.5246312618255615,2.728860855102539,4.458542823791504,0.5804166666666667,,,,,,,,,,,,,,,,,,,,,13,,224,224,0,1797418904,0,57,0,16,0,0.18761320412158966,1.0,-13.402630805969238,3.0767014026641846,1.0,0.5943717751652002,3020.31640625,67.03369140625,,data/instances/transfer/real_03.cip
mix_16_0,21,1065,1065,A,,60.0,100,0.41096949577331543,2.279568672180176,1.711424708366394,0.5788333333333333,,,,,,,,,,,,,,,,,,,,,12,,224,224,0,1796777796,0,58,0,16,0,0.16647963225841522,1.0,-12.488882064819336,3.945221185684204,1.0,0.4920750465244055,3020.31640625,67.03369140625,,data/instances/transfer/real_03.cip
mix_16_0,21,1066,1066,A,,60.0,100,0.8871208429336548,3.713330030441284,19.857528686523438,0.5788333333333333,,,,,,,,,,,,,,,,,,,,,12,,224,224,0,1796777796,0,58,0,16,0,0.2141953706741333,1.0,-12.88167667388916,2.5279338359832764,1.0,0.5768393762409687,3020.31640625,67.03369140625,,data/instances/transfer/real_03.cip
mix_16_0,21,1067,1067,A,,60.0,100,0.3853450417518616,4.494608402252197,4.686594486236572,0.5788333333333333,,,,,,,,,,,,,,,,,,,,,10,,224,224,0,1796777796,0,58,0,16,0,0.08625377714633942,1.0,-12.46271800994873,1.7115254402160645,1.0,0.5730914045125246,3020.31640625,67.03369140625,,data/instances/transfer/real_03.cip
mix_16_0,21,1068,1068,A,,60.0,100,0.4194968342781067,4.44285774230957,6.63340425491333,0.5788333333333333,,,,,,,,,,,,,,,,,,,,,11,,224,224,0,1796777796,0,58,0,16,0,0.0845869928598404,1.0,-13.247251510620117,2.632641315460205,1.0,0.5877147540450096,3020.31640625,67.03369140625,,data/instances/transfer/real_03.cip
mix_16_0,21,1069,1069,A,,60.0,100,0.6669782400131226,3.572373390197754,7.417074203491211,0.57725,,,,,,,,,,,,,,,,,,,,,10,,224,224,0,1796271716,0,59,0,16,0,0.17897021770477295,1.0,-12.664658546447754,4.20158576965332,1.0,0.4976369123905897,3020.31640625,67.03369140625,,data/instances/transfer/real_03.cip
mix_16_0,21,1070,1070,A,,60.0,100,0.4309241771697998,2.6453850269317627,5.40884256362915,0.57725,,,,,,,,,,,,,,,,,,,,,13,,224,224,0,1796271716,0,59,0,16,0,0.1465308517217636,1.0,-12.873550415039062,2.355783462524414,1.0,0.5796289667487144,3020.31640625,67.03369140625,,data/instances/transfer/real_03.cip
mix_16_0,21,1071,1071,A,,60.0,100,0.8920375108718872,3.888408660888672,6.499682903289795,0.57725,,,,,,,,,,,,,,,,,,,,,11,,224,224,0,1796271716,0,59,0,16,0,0.20661403238773346,1.0,-12.349752426147461,2.6884267330169678,1.0,0.5728870928287506,3020.33203125,67.03369140625,,data/instances/transfer/real_03.cip
mix_16_0,21,1072,1072,A,,60.0,100,0.6645839214324951,4.143511772155762,5.963181972503662,0.57725,,,,,,,,,,,,,,,,,,,,,9,,224,224,0,1796271716,0,59,0,16,0,0.14022225141525269,1.0,-11.585163116455078,4.224215030670166,1.0,0.5708020646125078,3020.33203125,67.03369140625,,data/instances/transfer/real_03.cip
mix_16_0,21,1073,1073,A,,60.0,100,0.26569676399230957,2.1023740768432617,11.01380729675293,0.5756666666666668,,,,,,,,,,,,,,,,,,,,,13,,224,224,0,1799758616,0,60,0,16,0,0.10301339626312256,1.0,-11.59327507019043,4.111397743225098,1.0,0.5147696603089571,3020.33203125,67.03369140625,,data/instances/transfer/real_03.cip
mix_16_0,21,1074,1074,A,,60.0,100,0.31636297702789307,2.0911803245544434,4.821020126342773,0.5756666666666668,,,,,,,,,,,,,,,,,,,,,13,,224,224,0,1799758616,0,60,0,16,0,0.13369154930114746,1.0,-12.820999145507812,4.018441200256348,1.0,0.5627347491681576,3020.33203125,67.03369140625,,data/instances/transfer/real_03.cip
mix_16_0,21,1075,1075,A,,60.0,100,0.9439681768417358,3.876098155975342,12.509300231933594,0.5756666666666668,,,,,,,,,,,,,,,,,,,,,11,,224,224,0,1799758616,0,60,0,16,0,0.22061799466609955,1.0,-12.259050369262695,3.6422910690307617,1.0,0.5920046679675579,3020.33203125,67.03369140625,,data/instances/transfer/real_03.cip
mix_16_0,21,1076,1076,A,,60.0,100,0.8833646774291992,3.987438440322876,15.92459774017334,0.5756666666666668,,,,,,,,,,,,,,,,,,,,,10,,224,224,0,1799758616,0,60,0,16,0,0.21249860525131226,1.0,-13.277006149291992,3.134258508682251,1.0,0.5661885440349579,3020.33203125,67.03369140625,,data/instances/transfer/real_03.cip
mix_16_0,21,1077,1077,A,,60.0,100,0.19624121487140656,2.8793768882751465,4.555609703063965,0.5740833333333334,,,,,,,,,,,,,,,,,,,,,12,,224,224,0,1803212856,0,61,0,16,0,0.056432195007801056,1.0,-13.223382949829102,3.502746820449829,170.0,0.5173512324690819,3020.33984375,67.03369140625,,data/instances/transfer/real_03.cip
mix_16_0,21,1078,1078,A,,60.0,100,0.3312556743621826,1.9220681190490723,3.4136712551116943,0.5740833333333334,,,,,,,,,,,,,,,,,,,,,13,,224,224,0,1803212856,0,61,0,16,0,0.16056889295578003,1.0,-12.757402420043945,4.244113445281982,170.0,0.5803924929350615,3020.33984375,67.03369140625,,data/instances/transfer/real_03.cip
mix_16_0,21,1079,1079,A,,60.0,100,0.29564231634140015,2.1705033779144287,4.468071460723877,0.5740833333333334,,,,,,,,,,,,,,,,,,,,,13,,224,224,0,1803212856,0,61,0,16,0,0.12851554155349731,1.0,-13.104433059692383,3.5560247898101807,170.0,0.573994867503643,3020.33984375,67.03369140625,,data/instances/transfer/real_03.cip
mix_16_0,21,1080,1080,A,,60.0,100,0.7500447034835815,3.667992115020752,13.172986030578613,0.5740833333333334,,,,,,,,,,,,,,,,,,,,,10,,224,224,0,1803212856,0,61,0,16,0,0.17620401084423065,1.0,-10.455096244812012,3.5349068641662598,170.0,0.5655944719910622,3020.33984375,67.03369140625,,data/instances/transfer/real_03.cip
mix_16_0,21,1081,1081,A,,60.0,100,0.5496847033500671,3.0711252689361572,7.160179615020752,0.5725,,,,,,,,,,,,,,,,,,,,,12,,224,224,0,1806488196,0,62,0,16,0,0.16075071692466736,1.0,-12.255569458007812,2.944758653640747,1.0,0.5101437512785196,3020.34375,67.03369140625,,data/instances/transfer/real_03.cip
mix_16_0,21,1082,1082,A,,60.0,100,0.6566464900970459,2.8186416625976562,6.7793965339660645,0.5725,,,,,,,,,,,,,,,,,,,,,13,,224,224,0,1806488196,0,62,0,16,0,0.2157439887523651,1.0,-12.06100082397461,2.488405227661133,1.0,0.5624297764152288,3020.34375,67.03369140625,,data/instances/transfer/real_03.cip
mix_16_0,21,1083,1083,A,,60.0,100,0.42028528451919556,3.3513803482055664,9.701811790466309,0.5725,,,,,,,,,,,,,,,,,,,,,11,,224,224,0,1806488196,0,62,0,16,0,0.11907485127449036,1.0,-13.881387710571289,3.5470855236053467,1.0,0.578559547662735,3020.34375,67.03369140625,,data/instances/transfer/real_03.cip
mix_16_0,21,1084,1084,A,,60.0,100,0.44642728567123413,2.2015175819396973,4.871745586395264,0.5725,,,,,,,,,,,,,,,,,,,,,11,,224,224,0,1806488196,0,62,0,16,0,0.19832272827625275,1.0,-11.249161720275879,4.907428741455078,1.0,0.583008510991931,3020.34375,67.03369140625,,data/instances/transfer/real_03.cip
mix_16_0,21,1085,1085,A,,60.0,100,0.41708436608314514,2.926262378692627,7.644444465637207,0.5709166666666667,,,,,,,,,,,,,,,,,,,,,13,,224,224,0,1803478752,0,63,0,16,0,0.12263558804988861,1.0,-13.03072738647461,3.0180788040161133,215.0,0.5152337197214365,3020.34375,67.03369140625,,data/instances/transfer/real_03.cip
mix_16_0,21,1086,1086,A,,60.0,100,0.4411279261112213,2.6335010528564453,4.635472297668457,0.5709166666666667,,,,,,,,,,,,,,,,,,,,,14,,224,224,0,1803478752,0,63,0,16,0,0.1249120905995369,1.0,-12.422152519226074,3.725569009780884,215.0,0.5747505463659763,3020.34375,67.03369140625,,data/instances/transfer/real_03.cip
mix_16_0,21,1087,1087,A,,60.0,100,0.9543704390525818,3.335798740386963,9.0582275390625,0.5709166666666667,,,,,,,,,,,,,,,,,,,,,12,,224,224,0,1803478752,0,63,0,16,0,0.30055999755859375,1.0,-12.743906021118164,3.4456214904785156,215.0,0.5794305931776762,3020.34375,67.03369140625,,data/instances/transfer/real_03.cip
mix_16_0,21,1088,1088,A,,60.0,100,0.3740502595901489,1.8059842586517334,17.190303802490234,0.5709166666666667,,,,,,,,,,,,,,,,,,,,,13,,224,224,0,1803478752,0,63,0,16,0,0.1398666799068451,1.0,-10.105143547058105,3.41359543800354,215.0,0.5975562240928411,3020.34375,67.03369140625,,data/instances/transfer/real_03.cip
mix_16_0,21,1089,1089,A,,60.0,100,0.2654043138027191,1.4005223512649536,13.657990455627441,0.5693333333333334,,,,,,,,,,,,,,,,,,,,,16,,224,224,0,1800617032,0,64,0,16,0,0.12213598191738129,1.0,-13.206884384155273,3.6418373584747314,202.0,0.5377753265202045,3020.34375,67.03369140625,,data/instances/transfer/real_03.cip
mix_16_0,21,1090,1090,A,,60.0,100,0.27617424726486206,2.4020533561706543,9.9743013381958,0.5693333333333334,,,,,,,,,,,,,,,,,,,,,14,,224,224,0,1800617032,0,64,0,16,0,0.05945992469787598,1.0,-11.349862098693848,2.7632479667663574,202.0,0.5696962121874094,3020.34375,67.03369140625,,data/instances/transfer/real_03.cip
mix_16_0,21,1091,1091,A,,60.0,100,0.7149167060852051,3.838508367538452,4.552133083343506,0.5693333333333334,,,,,,,,,,,,,,,,,,,,,11,,224,224,0,1800617032,0,64,0,16,0,0.17536190152168274,1.0,-11.627711296081543,3.6143689155578613,202.0,0.5660243388265371,3020.34375,67.03369140625,,data/instances/transfer/real_03.cip
mix_16_0,21,1092,1092,A,,60.0,100,0.2649359703063965,2.756762981414795,1.3123303651809692,0.5693333333333334,,,,,,,,,,,,,,,,,,,,,13,,224,224,0,1800617032,0,64,0,16,0,0.09104595333337784,1.0,-13.737300872802734,3.096525192260742,202.0,0.6151180900633335,3020.34375,67.03369140625,,data/instances/transfer/real_03.cip
episode,21,1092,1092,A,,60.0,100,0.2649359703063965,2.756762981414795,1.3123303651809692,0.56775,-13.018099999999997,-13.0,-0.018099999999999998,-13.018099999999997,True,14,60.601758,,,,,,,,inf,1e+20,120.0,inf,0.0,21422,13,True,224,224,0,1794055240,0,66,0,16,0,,,,,68.92307692307692,,2934.9921875,67.03369140625,timelimit,data/instances/transfer/real_03.cip
mix_16_0,22,1093,1093,A,,60.0,100,0.40891680121421814,2.0946450233459473,10.230263710021973,0.56775,,,,,,,,,,,,,,,,,,,,,14,,224,224,0,1794055240,0,66,0,16,0,0.16133204102516174,1.0,-12.56446647644043,3.496997117996216,96.0,0.5303181316703558,2955.7109375,67.03369140625,,data/instances/transfer/real_05.cip
mix_16_0,22,1094,1094,A,,60.0,100,0.5484973788261414,2.1963400840759277,17.425806045532227,0.56775,,,,,,,,,,,,,,,,,,,,,13,,224,224,0,1794055240,0,66,0,16,0,0.23432736098766327,1.0,-14.274459838867188,3.3549721240997314,96.0,0.5711731351912022,2955.71484375,67.03369140625,,data/instances/transfer/real_05.cip
mix_16_0,22,1095,1095,A,,60.0,100,0.90926194190979,3.580068826675415,10.09811019897461,0.56775,,,,,,,,,,,,,,,,,,,,,13,,224,224,0,1794055240,0,66,0,16,0,0.23244424164295197,1.0,-12.838273048400879,2.194913148880005,96.0,0.5859173256903887,2955.71484375,67.03369140625,,data/instances/transfer/real_05.cip
mix_16_0,22,1096,1096,A,,60.0,100,0.5488617420196533,2.9473047256469727,4.6995697021484375,0.56775,,,,,,,,,,,,,,,,,,,,,12,,224,224,0,1794055240,0,66,0,16,0,0.1747756153345108,1.0,-11.739315032958984,3.261526107788086,96.0,0.5945611875504255,2955.71484375,67.03369140625,,data/instances/transfer/real_05.cip
mix_16_0,22,1097,1097,A,,60.0,100,0.23733054101467133,2.630384683609009,2.7268948554992676,0.5661666666666667,,,,,,,,,,,,,,,,,,,,,12,,224,224,0,1794055240,0,66,0,16,0,0.08410946279764175,1.0,-13.423320770263672,2.492190361022949,103.0,0.5085466224700212,2954.7421875,67.03369140625,,data/instances/transfer/real_05.cip
mix_16_0,22,1098,1098,A,,60.0,100,0.33576685190200806,1.9019826650619507,9.1472749710083,0.5661666666666667,,,,,,,,,,,,,,,,,,,,,13,,224,224,0,1794055240,0,66,0,16,0,0.15507234632968903,1.0,-11.659721374511719,4.2608466148376465,103.0,0.5783918146044016,2954.7421875,67.03369140625,,data/instances/transfer/real_05.cip
mix_16_0,22,1099,1099,A,,60.0,100,0.3357177972793579,1.8097882270812988,4.618588924407959,0.5661666666666667,,,,,,,,,,,,,,,,,,,,,14,,224,224,0,1794055240,0,66,0,16,0,0.18233095109462738,1.0,-13.110639572143555,3.1170225143432617,103.0,0.6035605128854513,2954.7421875,67.03369140625,,data/instances/transfer/real_05.cip
mix_16_0,22,1100,1100,A,,60.0,100,0.3822765350341797,3.1730751991271973,5.823106288909912,0.5661666666666667,,,,,,,,,,,,,,,,,,,,,12,,224,224,0,1794055240,0,66,0,16,0,0.11424508690834045,1.0,-11.235740661621094,1.8177319765090942,103.0,0.5893598571419716,2954.7421875,67.03369140625,,data/instances/transfer/real_05.cip
mix_16_0,22,1101,1101,A,,60.0,100,0.34792429208755493,1.243777871131897,2.515894651412964,0.5645833333333334,,,,,,,,,,,,,,,,,,,,,14,,224,224,0,1790033052,0,67,0,16,0,0.2276465743780136,1.0,-13.414484977722168,4.552242755889893,59.0,0.525808023288846,2955.7265625,67.03369140625,,data/instances/transfer/real_05.cip
mix_16_0,22,1102,1102,A,,60.0,100,0.46248316764831543,2.2424230575561523,0.9724794030189514,0.5645833333333334,,,,,,,,,,,,,,,,,,,,,14,,224,224,0,1790033052,0,67,0,16,0,0.19888803362846375,1.0,-13.497257232666016,2.7650082111358643,59.0,0.5771216470748186,2955.7265625,67.03369140625,,data/instances/transfer/real_05.cip
mix_16_0,22,1103,1103,A,,60.0,100,0.7131601572036743,2.9732186794281006,6.93533992767334,0.5645833333333334,,,,,,,,,,,,,,,,,,,,,13,,224,224,0,1790033052,0,67,0,16,0,0.20415516197681427,1.0,-13.137499809265137,2.819783926010132,59.0,0.597626319155097,2955.73046875,67.03369140625,,data/instances/transfer/real_05.cip
mix_16_0,22,1104,1104,A,,60.0,100,0.28893986344337463,1.6436755657196045,11.078226089477539,0.5645833333333334,,,,,,,,,,,,,,,,,,,,,15,,224,224,0,1790033052,0,67,0,16,0,0.14943718910217285,1.0,-12.20020866394043,2.9884817600250244,59.0,0.6149409841746092,2955.73046875,67.03369140625,,data/instances/transfer/real_05.cip
mix_16_0,22,1105,1105,A,,60.0,100,0.2693939507007599,2.2420592308044434,2.5855865478515625,0.563,,,,,,,,,,,,,,,,,,,,,14,,224,224,0,1785861108,0,68,0,16,0,0.11677709966897964,1.0,-13.78970718383789,2.5083541870117188,1.0,0.517022967338562,2955.73046875,67.03369140625,,data/instances/transfer/real_05.cip
mix_16_0,22,1106,1106,A,,60.0,100,0.12110249698162079,1.1376060247421265,3.325040102005005,0.563,,,,,,,,,,,,,,,,,,,,,14,,224,224,0,1785861108,0,68,0,16,0,0.11107435077428818,1.0,-13.295670509338379,3.1428632736206055,1.0,0.5829160343855619,2955.73046875,67.03369140625,,data/instances/transfer/real_05.cip
mix_16_0,22,1107,1107,A,,60.0,100,0.5422406792640686,2.190251111984253,13.499687194824219,0.563,,,,,,,,,,,,,,,,,,,,,13,,224,224,0,1785861108,0,68,0,16,0,0.23081256449222565,1.0,-13.399419784545898,3.5248754024505615,1.0,0.5858877133578062,2955.73046875,67.03369140625,,data/instances/transfer/real_05.cip
mix_16_0,22,1108,1108,A,,60.0,100,0.8665036559104919,3.5792903900146484,22.017370223999023,0.563,,,,,,,,,,,,,,,,,,,,,12,,224,224,0,1785861108,0,68,0,16,0,0.22890706360340118,1.0,-11.478189468383789,3.1189465522766113,1.0,0.5961081087589264,2955.73046875,67.03369140625,,data/instances/transfer/real_05.cip
mix_16_0,22,1109,1109,A,,60.0,100,0.35041677951812744,3.9441092014312744,1.770127296447754,0.5614166666666667,,,,,,,,,,,,,,,,,,,,,10,,224,224,0,1781775704,0,69,0,16,0,0.07861483097076416,1.0,-11.172117233276367,3.273595094680786,170.0,0.46135008335113525,2955.73046875,67.03369140625,,data/instances/transfer/real_05.cip
mix_16_0,22,1110,1110,A,,60.0,100,0.2802790403366089,1.7213151454925537,12.374358177185059,0.5614166666666667,,,,,,,,,,,,,,,,,,,,,13,,224,224,0,1781775704,0,69,0,16,0,0.1036263033747673,1.0,-11.880777359008789,4.612185478210449,170.0,0.5904043186455965,2955.73046875,67.03369140625,,data/instances/transfer/real_05.cip
mix_16_0,22,1111,1111,A,,60.0,100,0.17050951719284058,2.4493255615234375,6.145927429199219,0.5614166666666667,,,,,,,,,,,,,,,,,,,,,13,,224,224,0,1781775704,0,69,0,16,0,0.046728283166885376,1.0,-10.747909545898438,3.5685346126556396,170.0,0.5964868292212486,2955.73046875,67.03369140625,,data/instances/transfer/real_05.cip
mix_16_0,22,1112,1112,A,,60.0,100,0.7924469709396362,3.1981234550476074,11.380949020385742,0.5614166666666667,,,,,,,,,,,,,,,,,,,,,11,,224,224,0,1781775704,0,69,0,16,0,0.21630142629146576,1.0,-13.150919914245605,3.4314522743225098,170.0,0.5944946557283401,2955.73046875,67.03369140625,,data/instances/transfer/real_05.cip
mix_16_0,22,1113,1113,A,,60.0,100,0.7180095911026001,3.3618783950805664,6.122126579284668,0.5598333333333334,,,,,,,,,,,,,,,,,,,,,12,,224,224,0,1760389960,0,72,0,16,0,0.19802501797676086,1.0,-11.676146507263184,2.893639087677002,1.0,0.6228230055421591,2955.73046875,67.03369140625,,data/instances/transfer/real_05.cip
mix_16_0,22,1114,1114,A,,60.0,100,0.4997463822364807,3.2195959091186523,2.4000260829925537,0.5598333333333334,,,,,,,,,,,,,,,,,,,,,10,,224,224,0,1760389960,0,72,0,16,0,0.1447068154811859,1.0,-12.779550552368164,3.8925840854644775,1.0,0.5746293496340513,2955.73046875,67.03369140625,,data/instances/transfer/real_05.cip
mix_16_0,22,1115,1115,A,,60.0,100,0.7191641926765442,2.7767460346221924,10.914887428283691,0.5598333333333334,,,,,,,,,,,,,,,,,,,,,12,,224,224,0,1760389960,0,72,0,16,0,0.2343057543039322,1.0,-11.982307434082031,3.5624451637268066,1.0,0.5877678077667952,2955.73046875,67.03369140625,,data/instances/transfer/real_05.cip
mix_16_0,22,1116,1116,A,,60.0,100,1.0385479927062988,3.1373748779296875,21.185802459716797,0.5598333333333334,,,,,,,,,,,,,,,,,,,,,13,,224,224,0,1760389960,0,72,0,16,0,0.30402040481567383,1.0,-13.092962265014648,2.649827718734741,1.0,0.6088023167103529,2955.73046875,67.03369140625,,data/instances/transfer/real_05.cip
episode,22,1116,1116,A,,60.0,100,1.0385479927062988,3.1373748779296875,21.185802459716797,0.55825,-5.0337000000000005,-5.0,-0.0337,-5.0337000000000005,True,6,39.372166,,,,,,,,inf,0.0,39.372166,39.372166,1.0,13482,13,False,224,224,0,1760389960,0,72,0,16,0,,,,,71.66666666666667,,2941.515625,67.03369140625,optimal,data/instances/transfer/real_05.cip
mix_16_0,23,1117,1117,A,,60.0,100,0.37296056747436523,2.078845500946045,16.458759307861328,0.55825,,,,,,,,,,,,,,,,,,,,,14,,224,224,0,1760389960,0,72,0,16,0,0.13607890903949738,1.0,-14.011770248413086,3.40741229057312,225.0,0.5573256816715002,2941.5390625,67.03369140625,,data/instances/train/real_06.cip
mix_16_0,23,1118,1118,A,,60.0,100,0.37414541840553284,5.379164695739746,2.576692581176758,0.55825,,,,,,,,,,,,,,,,,,,,,10,,224,224,0,1760389960,0,72,0,16,0,0.068076953291893,1.0,-13.605241775512695,3.690347671508789,225.0,0.544925082474947,2941.546875,67.03369140625,,data/instances/train/real_06.cip
mix_16_0,23,1119,1119,A,,60.0,100,0.9555445909500122,4.623104095458984,1.2544429302215576,0.55825,,,,,,,,,,,,,,,,,,,,,10,,224,224,0,1760389960,0,72,0,16,0,0.2065429985523224,1.0,-14.468326568603516,3.204319953918457,225.0,0.5674774367362261,2941.546875,67.03369140625,,data/instances/train/real_06.cip
mix_16_0,23,1120,1120,A,,60.0,100,1.9298187494277954,6.193241119384766,2.826448440551758,0.55825,,,,,,,,,,,,,,,,,,,,,8,,224,224,0,1760389960,0,72,0,16,0,0.28616806864738464,1.0,-11.392328262329102,2.4091808795928955,225.0,0.5599806103855371,2941.546875,67.03369140625,,data/instances/train/real_06.cip
mix_16_0,23,1121,1121,A,,60.0,100,0.6264722347259521,3.4509449005126953,12.63581657409668,0.5566666666666666,,,,,,,,,,,,,,,,,,,,,12,,224,224,0,1760389960,0,72,0,16,0,0.13014404475688934,1.0,-11.709529876708984,3.845982074737549,1.0,0.503363236784935,2941.546875,67.03369140625,,data/instances/train/real_06.cip
mix_16_0,23,1122,1122,A,,60.0,100,1.383836269378662,4.2890472412109375,23.89571189880371,0.5566666666666666,,,,,,,,,,,,,,,,,,,,,12,,224,224,0,1760389960,0,72,0,16,0,0.24127456545829773,1.0,-10.78072738647461,2.3663151264190674,1.0,0.5610620435327291,2941.546875,67.03369140625,,data/instances/train/real_06.cip
mix_16_0,23,1123,1123,A,,60.0,100,0.6559706330299377,2.909125328063965,18.92481803894043,0.5566666666666666,,,,,,,,,,,,,,,,,,,,,13,,224,224,0,1760389960,0,72,0,16,0,0.14767412841320038,1.0,-12.709324836730957,3.195577621459961,1.0,0.5961120594292879,2941.546875,67.03369140625,,data/instances/train/real_06.cip
mix_16_0,23,1124,1124,A,,60.0,100,0.9722164869308472,4.0735297203063965,3.191328763961792,0.5566666666666666,,,,,,,,,,,,,,,,,,,,,10,,224,224,0,1760389960,0,72,0,16,0,0.2130143791437149,1.0,-10.966080665588379,3.74291729927063,1.0,0.5824687015265226,2941.546875,67.03369140625,,data/instances/train/real_06.cip
mix_16_0,23,1125,1125,A,,60.0,100,0.5369477272033691,4.765647888183594,3.880138874053955,0.5550833333333334,,,,,,,,,,,,,,,,,,,,,9,,224,224,0,1755707568,0,73,0,16,0,0.1088828593492508,1.0,-11.466472625732422,3.9051132202148438,1.0,0.45464055985212326,2941.546875,67.03369140625,,data/instances/train/real_06.cip
mix_16_0,23,1126,1126,A,,60.0,100,0.22228318452835083,1.518829345703125,6.273830890655518,0.5550833333333334,,,,,,,,,,,,,,,,,,,,,15,,224,224,0,1755707568,0,73,0,16,0,0.1263139843940735,1.0,-13.03132438659668,2.6057188510894775,1.0,0.608524989336729,2941.546875,67.03369140625,,data/instances/train/real_06.cip
mix_16_0,23,1127,1127,A,,60.0,100,0.49456554651260376,3.7974815368652344,9.642593383789062,0.5550833333333334,,,,,,,,,,,,,,,,,,,,,12,,224,224,0,1755707568,0,73,0,16,0,0.10429847985506058,1.0,-13.543716430664062,2.7650909423828125,1.0,0.5788068752735853,2941.546875,67.03369140625,,data/instances/train/real_06.cip
mix_16_0,23,1128,1128,A,,60.0,100,0.5054140090942383,4.366276264190674,12.98364543914795,0.5550833333333334,,,,,,,,,,,,,,,,,,,,,12,,224,224,0,1755707568,0,73,0,16,0,0.0842648595571518,1.0,-15.290639877319336,2.391402006149292,1.0,0.595897052437067,2941.546875,67.03369140625,,data/instances/train/real_06.cip
mix_16_0,23,1129,1129,A,,60.0,100,0.6407527923583984,4.043875217437744,14.525010108947754,0.5535000000000001,,,,,,,,,,,,,,,,,,,,,12,,224,224,0,1750728828,0,74,0,16,0,0.13724732398986816,1.0,-14.17483901977539,2.473572015762329,1.0,0.4999078903347254,2941.546875,67.03369140625,,data/instances/train/real_06.cip
mix_16_0,23,1130,1130,A,,60.0,100,0.6327306032180786,5.455938339233398,9.943299293518066,0.5535000000000001,,,,,,,,,,,,,,,,,,,,,7,,224,224,0,1750728828,0,74,0,16,0,0.09528201818466187,1.0,-11.221171379089355,3.488309621810913,1.0,0.5203409232199192,2941.546875,67.03369140625,,data/instances/train/real_06.cip
mix_16_0,23,1131,1131,A,,60.0,100,0.3214271664619446,2.439865827560425,4.998435974121094,0.5535000000000001,,,,,,,,,,,,,,,,,,,,,13,,224,224,0,1750728828,0,74,0,16,0,0.12231656163930893,1.0,-13.442066192626953,3.685575246810913,1.0,0.6068449169397354,2941.546875,67.03369140625,,data/instances/train/real_06.cip
mix_16_0,23,1132,1132,A,,60.0,100,0.7333545684814453,2.5104904174804688,22.287019729614258,0.5535000000000001,,,,,,,,,,,,,,,,,,,,,13,,224,224,0,1750728828,0,74,0,16,0,0.241615891456604,1.0,-11.37495231628418,2.621441125869751,1.0,0.6003862489014864,2941.546875,67.03369140625,,data/instances/train/real_06.cip
mix_16_0,23,1133,1133,A,,60.0,100,0.5665212869644165,2.615483045578003,12.296117782592773,0.5519166666666666,,,,,,,,,,,,,,,,,,,,,13,,224,224,0,1745612600,0,75,0,16,0,0.1967298984527588,1.0,-13.549821853637695,2.5266854763031006,1.0,0.5061378721147776,2941.546875,67.03369140625,,data/instances/train/real_06.cip
mix_16_0,23,1134,1134,A,,60.0,100,0.7433408498764038,5.102356910705566,8.88553524017334,0.5519166666666666,,,,,,,,,,,,,,,,,,,,,10,,224,224,0,1745612600,0,75,0,16,0,0.13319961726665497,1.0,-13.30929183959961,2.2685635089874268,1.0,0.5525925364345312,2941.546875,67.03369140625,,data/instances/train/real_06.cip
mix_16_0,23,1135,1135,A,,60.0,100,0.86598140001297,3.616466999053955,4.0814528465271,0.5519166666666666,,,,,,,,,,,,,,,,,,,,,12,,224,224,0,1745612600,0,75,0,16,0,0.2250698357820511,1.0,-14.58827018737793,2.1367249488830566,1.0,0.5965260192751884,2941.5546875,67.03369140625,,data/instances/train/real_06.cip
mix_16_0,23,1136,1136,A,,60.0,100,0.37460803985595703,4.117216110229492,5.580819606781006,0.5519166666666666,,,,,,,,,,,,,,,,,,,,,10,,224,224,0,1745612600,0,75,0,16,0,0.07823324203491211,1.0,-12.562076568603516,3.7553346157073975,1.0,0.5796704664826393,2941.5546875,67.03369140625,,data/instances/train/real_06.cip
mix_16_0,23,1137,1137,A,,60.0,100,0.4112243056297302,3.2570462226867676,6.670989990234375,0.5503333333333333,,,,,,,,,,,,,,,,,,,,,14,,224,224,0,1740145604,0,76,0,16,0,0.11092162132263184,1.0,-15.05066204071045,2.2816169261932373,1.0,0.5088800080120564,2941.5546875,67.03369140625,,data/instances/train/real_06.cip
mix_16_0,23,1138,1138,A,,60.0,100,0.05415353178977966,3.2177886962890625,2.1985747814178467,0.5503333333333333,,,,,,,,,,,,,,,,,,,,,12,,224,224,0,1740145604,0,76,0,16,0,0.013597769662737846,1.0,-13.793869018554688,2.9742090702056885,1.0,0.5668885353952646,2941.5546875,67.03369140625,,data/instances/train/real_06.cip
mix_16_0,23,1139,1139,A,,60.0,100,0.46207427978515625,3.6936275959014893,10.865726470947266,0.5503333333333333,,,,,,,,,,,,,,,,,,,,,13,,224,224,0,1740145604,0,76,0,16,0,0.1033707782626152,1.0,-14.755631446838379,1.9412739276885986,1.0,0.60392733104527,2941.5546875,67.03369140625,,data/instances/train/real_06.cip
mix_16_0,23,1140,1140,A,,60.0,100,0.19327080249786377,2.204423427581787,7.78693151473999,0.5503333333333333,,,,,,,,,,,,,,,,,,,,,15,,224,224,0,1740145604,0,76,0,16,0,0.060181938111782074,1.0,-14.050521850585938,2.8806817531585693,1.0,0.6028362903743982,2941.5546875,67.03369140625,,data/instances/train/real_06.cip
mix_16_0,23,1141,1141,A,,60.0,100,0.7922376394271851,3.724883556365967,3.1683132648468018,0.5487500000000001,,,,,,,,,,,,,,,,,,,,,13,,224,224,0,1735099604,0,77,0,16,0,0.1940212994813919,1.0,-14.393226623535156,2.194805383682251,1.0,0.5059068351984024,2941.5546875,67.03369140625,,data/instances/train/real_06.cip
mix_16_0,23,1142,1142,A,,60.0,100,0.3904024362564087,3.450166940689087,4.835140705108643,0.5487500000000001,,,,,,,,,,,,,,,,,,,,,10,,224,224,0,1735099604,0,77,0,16,0,0.09717120975255966,1.0,-11.220705032348633,4.176414966583252,1.0,0.5461301766335964,2941.5546875,67.03369140625,,data/instances/train/real_06.cip
mix_16_0,23,1143,1143,A,,60.0,100,0.5074102878570557,1.8218762874603271,18.419803619384766,0.5487500000000001,,,,,,,,,,,,,,,,,,,,,14,,224,224,0,1735099604,0,77,0,16,0,0.23096159100532532,1.0,-13.453563690185547,4.306397914886475,1.0,0.622349364683032,2941.5546875,67.03369140625,,data/instances/train/real_06.cip
mix_16_0,23,1144,1144,A,,60.0,100,0.4232463240623474,2.566235065460205,9.027113914489746,0.5487500000000001,,,,,,,,,,,,,,,,,,,,,14,,224,224,0,1735099604,0,77,0,16,0,0.10928437858819962,1.0,-12.449690818786621,2.0479276180267334,1.0,0.6036048643290997,2941.5546875,67.03369140625,,data/instances/train/real_06.cip
mix_16_0,23,1145,1145,A,,60.0,100,0.5705411434173584,2.5058035850524902,8.159320831298828,0.5471666666666667,,,,,,,,,,,,,,,,,,,,,15,,224,224,0,1730123548,0,78,0,16,0,0.19429026544094086,1.0,-13.490852355957031,2.7545132637023926,1.0,0.5073103606700897,2941.5546875,67.03369140625,,data/instances/train/real_06.cip
mix_16_0,23,1146,1146,A,,60.0,100,1.0821974277496338,3.8938560485839844,2.1246626377105713,0.5471666666666667,,,,,,,,,,,,,,,,,,,,,11,,224,224,0,1730123548,0,78,0,16,0,0.2626083195209503,1.0,-12.559316635131836,3.1373424530029297,1.0,0.5478548277169466,2941.5546875,67.03369140625,,data/instances/train/real_06.cip
mix_16_0,23,1147,1147,A,,60.0,100,0.9166560173034668,4.774317741394043,8.72053337097168,0.5471666666666667,,,,,,,,,,,,,,,,,,,,,9,,224,224,0,1730123548,0,78,0,16,0,0.17762356996536255,1.0,-12.315521240234375,3.1622519493103027,1.0,0.5722687784582376,2941.5546875,67.03369140625,,data/instances/train/real_06.cip
mix_16_0,23,1148,1148,A,,60.0,100,0.7963522672653198,4.456172943115234,15.402923583984375,0.5471666666666667,,,,,,,,,,,,,,,,,,,,,11,,224,224,0,1730123548,0,78,0,16,0,0.16320213675498962,1.0,-14.183074951171875,3.05826997756958,1.0,0.5878881644457579,2941.5546875,67.03369140625,,data/instances/train/real_06.cip
mix_16_0,23,1149,1149,A,,60.0,100,0.40562546253204346,3.8131346702575684,2.501746892929077,0.5455833333333333,,,,,,,,,,,,,,,,,,,,,12,,224,224,0,1725239012,0,79,0,16,0,0.08951471000909805,1.0,-13.555614471435547,3.261462688446045,1.0,0.5000744536519051,2941.5546875,67.03369140625,,data/instances/train/real_06.cip
mix_16_0,23,1150,1150,A,,60.0,100,0.3051922619342804,3.87838077545166,2.5710346698760986,0.5455833333333333,,,,,,,,,,,,,,,,,,,,,12,,224,224,0,1725239012,0,79,0,16,0,0.07347970455884933,1.0,-13.765109062194824,2.3202390670776367,1.0,0.5576008036732674,2941.5546875,67.03369140625,,data/instances/train/real_06.cip
mix_16_0,23,1151,1151,A,,60.0,100,0.5515445470809937,5.509434700012207,6.849826335906982,0.5455833333333333,,,,,,,,,,,,,,,,,,,,,8,,224,224,0,1725239012,0,79,0,16,0,0.09527222067117691,1.0,-13.546918869018555,3.1351983547210693,1.0,0.5532966386526823,2941.5546875,67.03369140625,,data/instances/train/real_06.cip
mix_16_0,23,1152,1152,A,,60.0,100,0.8010673522949219,3.682157039642334,6.30216121673584,0.5455833333333333,,,,,,,,,,,,,,,,,,,,,12,,224,224,0,1725239012,0,79,0,16,0,0.21149806678295135,1.0,-13.908111572265625,2.984940767288208,1.0,0.6066828034818172,2941.5546875,67.03369140625,,data/instances/train/real_06.cip
mix_16_0,23,1153,1153,A,,60.0,100,0.22603076696395874,1.8287181854248047,4.247182846069336,0.544,,,,,,,,,,,,,,,,,,,,,13,,224,224,0,1720181220,0,80,0,16,0,0.1056252270936966,1.0,-12.750019073486328,4.530522346496582,1.0,0.5330730192363262,2941.5546875,67.03369140625,,data/instances/train/real_06.cip
mix_16_0,23,1154,1154,A,,60.0,100,0.9609647989273071,4.825631618499756,4.743857383728027,0.544,,,,,,,,,,,,,,,,,,,,,10,,224,224,0,1720181220,0,80,0,16,0,0.1740189790725708,1.0,-12.155843734741211,2.8953866958618164,1.0,0.547608956694603,2941.5546875,67.03369140625,,data/instances/train/real_06.cip
mix_16_0,23,1155,1155,A,,60.0,100,0.6246815323829651,1.990112543106079,15.062551498413086,0.544,,,,,,,,,,,,,,,,,,,,,13,,224,224,0,1720181220,0,80,0,16,0,0.2722947895526886,1.0,-11.407041549682617,4.3686909675598145,1.0,0.598224775865674,2941.5546875,67.03369140625,,data/instances/train/real_06.cip
mix_16_0,23,1156,1156,A,,60.0,100,0.7377855181694031,3.2080869674682617,19.46694564819336,0.544,,,,,,,,,,,,,,,,,,,,,13,,224,224,0,1720181220,0,80,0,16,0,0.1701650321483612,1.0,-11.123299598693848,2.3224658966064453,1.0,0.5940961707383394,2941.5546875,67.03369140625,,data/instances/train/real_06.cip
mix_16_0,23,1157,1157,A,,60.0,100,0.347278892993927,1.865443229675293,3.4045612812042236,0.5424166666666667,,,,,,,,,,,,,,,,,,,,,13,,224,224,0,1715240968,0,81,0,16,0,0.16420015692710876,1.0,-13.183553695678711,4.122432231903076,96.0,0.49254204146564007,2941.5546875,67.03369140625,,data/instances/train/real_06.cip
mix_16_0,23,1158,1158,A,,60.0,100,0.5870257019996643,3.4982621669769287,9.830842971801758,0.5424166666666667,,,,,,,,,,,,,,,,,,,,,12,,224,224,0,1715240968,0,81,0,16,0,0.14182481169700623,1.0,-13.734847068786621,3.423222780227661,96.0,0.5711420383304358,2941.5546875,67.03369140625,,data/instances/train/real_06.cip
mix_16_0,23,1159,1159,A,,60.0,100,1.222845435142517,4.399045944213867,18.570768356323242,0.5424166666666667,,,,,,,,,,,,,,,,,,,,,11,,224,224,0,1715240968,0,81,0,16,0,0.24282079935073853,1.0,-13.500104904174805,3.5352890491485596,96.0,0.5829709023237228,2941.5546875,67.03369140625,,data/instances/train/real_06.cip
mix_16_0,23,1160,1160,A,,60.0,100,0.5200966596603394,2.4264135360717773,13.062485694885254,0.5424166666666667,,,,,,,,,,,,,,,,,,,,,13,,224,224,0,1715240968,0,81,0,16,0,0.1691453456878662,1.0,-13.622638702392578,4.189453601837158,96.0,0.6082318183034658,2941.5546875,67.03369140625,,data/instances/train/real_06.cip
mix_16_0,23,1161,1161,A,,60.0,100,0.4686816334724426,1.8119235038757324,2.9757087230682373,0.5408333333333333,,,,,,,,,,,,,,,,,,,,,15,,224,224,0,1710024496,0,82,0,16,0,0.19555409252643585,1.0,-13.306934356689453,2.9110665321350098,142.0,0.5287623293697834,2941.5546875,67.03369140625,,data/instances/train/real_06.cip
mix_16_0,23,1162,1162,A,,60.0,100,0.7426276206970215,4.593116283416748,4.6407389640808105,0.5408333333333333,,,,,,,,,,,,,,,,,,,,,10,,224,224,0,1710024496,0,82,0,16,0,0.13675417006015778,1.0,-12.756924629211426,3.241152763366699,142.0,0.5402689818292856,2941.5546875,67.03369140625,,data/instances/train/real_06.cip
mix_16_0,23,1163,1163,A,,60.0,100,0.7155462503433228,4.351961135864258,7.626326560974121,0.5408333333333333,,,,,,,,,,,,,,,,,,,,,10,,224,224,0,1710024496,0,82,0,16,0,0.14706198871135712,1.0,-12.9439697265625,2.5217230319976807,142.0,0.5716636348515749,2941.5546875,67.03369140625,,data/instances/train/real_06.cip
mix_16_0,23,1164,1164,A,,60.0,100,0.9228367805480957,3.963623046875,8.6265869140625,0.5408333333333333,,,,,,,,,,,,,,,,,,,,,11,,224,224,0,1710024496,0,82,0,16,0,0.2178129404783249,1.0,-13.314321517944336,3.4211459159851074,142.0,0.6019121520221233,2941.5546875,67.03369140625,,data/instances/train/real_06.cip
mix_16_0,23,1165,1165,A,,60.0,100,0.6128217577934265,2.599069356918335,11.338595390319824,0.53925,,,,,,,,,,,,,,,,,,,,,12,,224,224,0,1705006532,0,83,0,16,0,0.18599458038806915,1.0,-12.833436965942383,3.476992607116699,1.0,0.48660386353731155,2941.5546875,67.03369140625,,data/instances/train/real_06.cip
mix_16_0,23,1166,1166,A,,60.0,100,0.9485920071601868,3.6159427165985107,3.855247974395752,0.53925,,,,,,,,,,,,,,,,,,,,,12,,224,224,0,1705006532,0,83,0,16,0,0.2588248550891876,1.0,-13.217440605163574,3.332094669342041,1.0,0.5767680518329144,2941.5546875,67.03369140625,,data/instances/train/real_06.cip
mix_16_0,23,1167,1167,A,,60.0,100,0.4496905207633972,4.583922386169434,3.8823983669281006,0.53925,,,,,,,,,,,,,,,,,,,,,10,,224,224,0,1705006532,0,83,0,16,0,0.09195821732282639,1.0,-12.787994384765625,3.1458301544189453,1.0,0.5584493689239025,2941.5546875,67.03369140625,,data/instances/train/real_06.cip
mix_16_0,23,1168,1168,A,,60.0,100,0.6096960306167603,4.072558403015137,8.715557098388672,0.53925,,,,,,,,,,,,,,,,,,,,,11,,224,224,0,1705006532,0,83,0,16,0,0.141513392329216,1.0,-13.217914581298828,3.1526389122009277,1.0,0.594163790345192,2941.5546875,67.03369140625,,data/instances/train/real_06.cip
mix_16_0,23,1169,1169,A,,60.0,100,0.1409689038991928,2.3457188606262207,2.6736321449279785,0.5376666666666667,,,,,,,,,,,,,,,,,,,,,14,,224,224,0,1700272664,0,84,0,16,0,0.04413191229104996,1.0,-14.363070487976074,2.4387481212615967,56.0,0.5349525138735771,2941.60546875,67.03369140625,,data/instances/train/real_06.cip
mix_16_0,23,1170,1170,A,,60.0,100,0.9384068250656128,5.4957051277160645,10.165181159973145,0.5376666666666667,,,,,,,,,,,,,,,,,,,,,9,,224,224,0,1700272664,0,84,0,16,0,0.15817791223526,1.0,-12.706748962402344,3.3894264698028564,56.0,0.5274096578359604,2941.6328125,67.03369140625,,data/instances/train/real_06.cip
mix_16_0,23,1171,1171,A,,60.0,100,0.37165752053260803,4.374683856964111,3.519002914428711,0.5376666666666667,,,,,,,,,,,,,,,,,,,,,10,,224,224,0,1700272664,0,84,0,16,0,0.0790981724858284,1.0,-13.052961349487305,3.4935500621795654,56.0,0.5701925493776798,2941.6328125,67.03369140625,,data/instances/train/real_06.cip
mix_16_0,23,1172,1172,A,,60.0,100,0.5293712615966797,3.240077018737793,11.19859790802002,0.5376666666666667,,,,,,,,,,,,,,,,,,,,,13,,224,224,0,1700272664,0,84,0,16,0,0.13321200013160706,1.0,-13.463516235351562,2.6914451122283936,56.0,0.6088050995022058,2941.6328125,67.03369140625,,data/instances/train/real_06.cip
mix_16_0,23,1173,1173,A,,60.0,100,0.6727192401885986,4.009830474853516,3.657308578491211,0.5360833333333334,,,,,,,,,,,,,,,,,,,,,11,,224,224,0,1696180248,0,85,0,16,0,0.15419086813926697,1.0,-12.187501907348633,2.2648093700408936,1.0,0.4664209336042404,2941.6484375,67.03369140625,,data/instances/train/real_06.cip
mix_16_0,23,1174,1174,A,,60.0,100,0.10010651499032974,2.5301947593688965,5.373266696929932,0.5360833333333334,,,,,,,,,,,,,,,,,,,,,13,,224,224,0,1696180248,0,85,0,16,0,0.02628348581492901,1.0,-13.014557838439941,3.4486725330352783,1.0,0.5801402404904366,2941.6484375,67.03369140625,,data/instances/train/real_06.cip
mix_16_0,23,1175,1175,A,,60.0,100,0.7332406044006348,3.09814715385437,2.3564658164978027,0.5360833333333334,,,,,,,,,,,,,,,,,,,,,12,,224,224,0,1696180248,0,85,0,16,0,0.20470218360424042,1.0,-13.060744285583496,3.6324543952941895,1.0,0.5847645979374647,2941.6484375,67.03369140625,,data/instances/train/real_06.cip
mix_16_0,23,1176,1176,A,,60.0,100,0.34310680627822876,4.019949913024902,2.3324685096740723,0.5360833333333334,,,,,,,,,,,,,,,,,,,,,12,,224,224,0,1696180248,0,85,0,16,0,0.08039948344230652,1.0,-14.25020980834961,2.6259124279022217,1.0,0.5812675897032022,2941.6484375,67.03369140625,,data/instances/train/real_06.cip
mix_16_0,23,1177,1177,A,,60.0,100,0.3704262375831604,2.4930248260498047,7.510860443115234,0.5345,,,,,,,,,,,,,,,,,,,,,14,,224,224,0,1691964268,0,86,0,16,0,0.12464316934347153,1.0,-12.44346809387207,4.487426280975342,1.0,0.504803504794836,2941.6484375,67.03369140625,,data/instances/train/real_06.cip
mix_16_0,23,1178,1178,A,,60.0,100,1.7685558795928955,5.295141696929932,3.7921383380889893,0.5345,,,,,,,,,,,,,,,,,,,,,8,,224,224,0,1691964268,0,86,0,16,0,0.3034334182739258,1.0,-11.94239616394043,3.641591787338257,1.0,0.5209850892424583,2941.6484375,67.03369140625,,data/instances/train/real_06.cip
mix_16_0,23,1179,1179,A,,60.0,100,0.12674933671951294,1.648319959640503,3.885481834411621,0.5345,,,,,,,,,,,,,,,,,,,,,14,,224,224,0,1691964268,0,86,0,16,0,0.05373507738113403,1.0,-13.272424697875977,3.8266255855560303,1.0,0.6191376969218254,2941.6484375,67.03369140625,,data/instances/train/real_06.cip
mix_16_0,23,1180,1180,A,,60.0,100,0.5900723934173584,2.911557197570801,6.640736103057861,0.5345,,,,,,,,,,,,,,,,,,,,,12,,224,224,0,1691964268,0,86,0,16,0,0.19235609471797943,1.0,-13.921972274780273,3.1166317462921143,1.0,0.5868064388632774,2941.6484375,67.03369140625,,data/instances/train/real_06.cip
mix_16_0,23,1181,1181,A,,60.0,100,0.7862222790718079,3.2021002769470215,8.747044563293457,0.5329166666666667,,,,,,,,,,,,,,,,,,,,,13,,224,224,0,1686884416,0,87,0,16,0,0.1987454742193222,1.0,-12.559037208557129,2.428924798965454,1.0,0.49582249857485294,2941.6484375,67.03369140625,,data/instances/train/real_06.cip
mix_16_0,23,1182,1182,A,,60.0,100,0.45821619033813477,2.6541965007781982,12.096653938293457,0.5329166666666667,,,,,,,,,,,,,,,,,,,,,13,,224,224,0,1686884416,0,87,0,16,0,0.14217568933963776,1.0,-11.657808303833008,4.277836799621582,1.0,0.5828761905431747,2941.6484375,67.03369140625,,data/instances/train/real_06.cip
mix_16_0,23,1183,1183,A,,60.0,100,0.42359399795532227,1.9066686630249023,7.885829448699951,0.5329166666666667,,,,,,,,,,,,,,,,,,,,,14,,224,224,0,1686884416,0,87,0,16,0,0.19058336317539215,1.0,-12.587007522583008,3.430037260055542,1.0,0.601802583783865,2941.6484375,67.03369140625,,data/instances/train/real_06.cip
mix_16_0,23,1184,1184,A,,60.0,100,0.4432196021080017,2.189286947250366,3.3010082244873047,0.5329166666666667,,,,,,,,,,,,,,,,,,,,,14,,224,224,0,1686884416,0,87,0,16,0,0.1744452863931656,1.0,-12.262550354003906,4.393538475036621,1.0,0.6005923934280872,2941.6484375,67.03369140625,,data/instances/train/real_06.cip
mix_16_0,23,1185,1185,A,,60.0,100,0.49390923976898193,3.8994874954223633,4.428284645080566,0.5313333333333333,,,,,,,,,,,,,,,,,,,,,11,,224,224,0,1686999336,0,88,0,16,0,0.10974167287349701,1.0,-12.68448257446289,3.527508497238159,1.0,0.4777871612459421,2941.6484375,67.03369140625,,data/instances/train/real_06.cip
mix_16_0,23,1186,1186,A,,60.0,100,1.6840571165084839,6.062171936035156,3.661501884460449,0.5313333333333333,,,,,,,,,,,,,,,,,,,,,8,,224,224,0,1686999336,0,88,0,16,0,0.25366485118865967,1.0,-11.083700180053711,3.713794231414795,1.0,0.5457219090312719,2941.6484375,67.03369140625,,data/instances/train/real_06.cip
mix_16_0,23,1187,1187,A,,60.0,100,0.45616573095321655,3.036155939102173,8.297532081604004,0.5313333333333333,,,,,,,,,,,,,,,,,,,,,12,,224,224,0,1686999336,0,88,0,16,0,0.12834477424621582,1.0,-11.881570816040039,2.896716833114624,1.0,0.605717346072197,2941.6484375,67.03369140625,,data/instances/train/real_06.cip
mix_16_0,23,1188,1188,A,,60.0,100,0.6113268136978149,3.4937210083007812,7.406376838684082,0.5313333333333333,,,,,,,,,,,,,,,,,,,,,12,,224,224,0,1686999336,0,88,0,16,0,0.16169460117816925,1.0,-13.2520112991333,2.7752621173858643,1.0,0.5867023952305317,2941.6484375,67.03369140625,,data/instances/train/real_06.cip
episode,23,1188,1188,A,,60.0,100,0.6113268136978149,3.4937210083007812,7.406376838684082,0.5297499999999999,-18.189499999999995,-18.0,-0.1895,-18.189499999999995,True,19,61.972402,,,,,,,,inf,1e+20,120.0,inf,0.0,11087,12,True,224,224,0,1685508936,0,90,0,16,0,,,,,29.61111111111111,,2941.6484375,67.03369140625,timelimit,data/instances/train/real_06.cip
mix_16_0,24,1189,1189,A,,60.0,100,0.9356127381324768,5.895512580871582,4.803136348724365,0.5297499999999999,,,,,,,,,,,,,,,,,,,,,9,,224,224,0,1685508936,0,90,0,16,0,0.13890457153320312,1.0,-12.5892915725708,1.9058640003204346,252.0,0.49493980407714844,2953.0703125,67.03369140625,,data/instances/train/real_07.cip
mix_16_0,24,1190,1190,A,,60.0,100,0.5905156135559082,3.3001952171325684,7.514604568481445,0.5297499999999999,,,,,,,,,,,,,,,,,,,,,12,,224,224,0,1685508936,0,90,0,16,0,0.15026625990867615,1.0,-12.083483695983887,4.228036403656006,252.0,0.5826580077409744,2953.0703125,67.03369140625,,data/instances/train/real_07.cip
mix_16_0,24,1191,1191,A,,60.0,100,1.5983307361602783,5.763129234313965,21.780261993408203,0.5297499999999999,,,,,,,,,,,,,,,,,,,,,9,,224,224,0,1685508936,0,90,0,16,0,0.24474216997623444,1.0,-12.467941284179688,4.015047073364258,252.0,0.5366437956690788,2953.0703125,67.03369140625,,data/instances/train/real_07.cip
mix_16_0,24,1192,1192,A,,60.0,100,0.6377029418945312,4.481241226196289,2.8156261444091797,0.5297499999999999,,,,,,,,,,,,,,,,,,,,,11,,224,224,0,1685508936,0,90,0,16,0,0.13563396036624908,1.0,-12.949028015136719,4.7450127601623535,252.0,0.5992415472865105,2953.0703125,67.03369140625,,data/instances/train/real_07.cip
mix_16_0,24,1193,1193,A,,60.0,100,0.39579522609710693,2.9666950702667236,4.232075214385986,0.5281666666666667,,,,,,,,,,,,,,,,,,,,,13,,224,224,0,1685508936,0,90,0,16,0,0.1193280890583992,1.0,-12.3474702835083,3.6262898445129395,225.0,0.5224459078162909,2953.0703125,67.03369140625,,data/instances/train/real_07.cip
mix_16_0,24,1194,1194,A,,60.0,100,0.5667498111724854,3.1221189498901367,13.401633262634277,0.5281666666666667,,,,,,,,,,,,,,,,,,,,,12,,224,224,0,1685508936,0,90,0,16,0,0.15027707815170288,1.0,-12.215133666992188,4.482450485229492,225.0,0.5584285259246826,2953.08203125,67.03369140625,,data/instances/train/real_07.cip
mix_16_0,24,1195,1195,A,,60.0,100,0.46426257491111755,4.451618194580078,2.325913906097412,0.5281666666666667,,,,,,,,,,,,,,,,,,,,,11,,224,224,0,1685508936,0,90,0,16,0,0.09153565764427185,1.0,-12.523799896240234,2.7294669151306152,225.0,0.5762797854840755,2953.08203125,67.03369140625,,data/instances/train/real_07.cip
mix_16_0,24,1196,1196,A,,60.0,100,0.7274324297904968,3.161202907562256,5.860252380371094,0.5281666666666667,,,,,,,,,,,,,,,,,,,,,12,,224,224,0,1685508936,0,90,0,16,0,0.20909766852855682,1.0,-12.755870819091797,3.8865866661071777,225.0,0.6033431123942137,2953.08203125,67.03369140625,,data/instances/train/real_07.cip
mix_16_0,24,1197,1197,A,,60.0,100,0.24204441905021667,2.3896102905273438,4.293044567108154,0.5265833333333334,,,,,,,,,,,,,,,,,,,,,14,,224,224,0,1685694224,0,91,0,16,0,0.07931196689605713,1.0,-12.631668090820312,3.049107551574707,1.0,0.5121290348470211,2953.08203125,67.03369140625,,data/instances/train/real_07.cip
mix_16_0,24,1198,1198,A,,60.0,100,0.35754460096359253,2.3084800243377686,9.045149803161621,0.5265833333333334,,,,,,,,,,,,,,,,,,,,,14,,224,224,0,1685694224,0,91,0,16,0,0.13869819045066833,1.0,-13.787839889526367,2.133371114730835,1.0,0.5798882450908422,2953.08203125,67.03369140625,,data/instances/train/real_07.cip
mix_16_0,24,1199,1199,A,,60.0,100,0.25468775629997253,2.0079426765441895,9.237823486328125,0.5265833333333334,,,,,,,,,,,,,,,,,,,,,14,,224,224,0,1685694224,0,91,0,16,0,0.09169404953718185,1.0,-14.265251159667969,3.3366496562957764,1.0,0.607967684045434,2953.08203125,67.03369140625,,data/instances/train/real_07.cip
mix_16_0,24,1200,1200,A,,60.0,100,0.4165772795677185,4.5223188400268555,2.295480251312256,0.5265833333333334,,,,,,,,,,,,,,,,,,,,,11,,224,224,0,1685694224,0,91,0,16,0,0.08995230495929718,1.0,-13.340428352355957,3.6418826580047607,1.0,0.5800799764692783,2953.08203125,67.03369140625,,data/instances/train/real_07.cip
mix_16_0,24,1201,1201,A,,60.0,100,0.5932209491729736,2.7994401454925537,11.95046615600586,0.525,,,,,,,,,,,,,,,,,,,,,14,,224,224,0,1685519828,0,92,0,16,0,0.1882319301366806,1.0,-14.515776634216309,2.95954966545105,1.0,0.5003700908273458,2953.08203125,67.03369140625,,data/instances/train/real_07.cip
mix_16_0,24,1202,1202,A,,60.0,100,0.2816653847694397,2.9988741874694824,6.570178031921387,0.525,,,,,,,,,,,,,,,,,,,,,14,,224,224,0,1685519828,0,92,0,16,0,0.07272807508707047,1.0,-13.237272262573242,3.090754508972168,1.0,0.5658619478344917,2953.08203125,67.03369140625,,data/instances/train/real_07.cip
mix_16_0,24,1203,1203,A,,60.0,100,0.9482491612434387,3.6441617012023926,13.758634567260742,0.525,,,,,,,,,,,,,,,,,,,,,12,,224,224,0,1685519828,0,92,0,16,0,0.24333550035953522,1.0,-14.123272895812988,3.5820302963256836,1.0,0.5929856877774,2953.08984375,67.03369140625,,data/instances/train/real_07.cip
mix_16_0,24,1204,1204,A,,60.0,100,0.36218664050102234,2.968681812286377,3.773214101791382,0.525,,,,,,,,,,,,,,,,,,,,,13,,224,224,0,1685519828,0,92,0,16,0,0.11827895790338516,1.0,-14.485864639282227,2.7778961658477783,1.0,0.5859192740172148,2953.08984375,67.03369140625,,data/instances/train/real_07.cip
mix_16_0,24,1205,1205,A,,60.0,100,0.264381468296051,2.2627246379852295,2.4606733322143555,0.5234166666666666,,,,,,,,,,,,,,,,,,,,,13,,224,224,0,1685703196,0,93,0,16,0,0.10157748311758041,1.0,-13.033796310424805,3.045074939727783,1.0,0.4536853190511465,2953.08984375,67.03369140625,,data/instances/train/real_07.cip
mix_16_0,24,1206,1206,A,,60.0,100,0.328724205493927,2.31534481048584,14.542396545410156,0.5234166666666666,,,,,,,,,,,,,,,,,,,,,14,,224,224,0,1685703196,0,93,0,16,0,0.10442257672548294,1.0,-14.753323554992676,2.3400588035583496,1.0,0.5661772806197405,2953.08984375,67.03369140625,,data/instances/train/real_07.cip
mix_16_0,24,1207,1207,A,,60.0,100,0.3650982975959778,2.5673470497131348,11.424116134643555,0.5234166666666666,,,,,,,,,,,,,,,,,,,,,13,,224,224,0,1685703196,0,93,0,16,0,0.11509916186332703,1.0,-11.581664085388184,3.4646403789520264,1.0,0.5356675256043673,2953.08984375,67.03369140625,,data/instances/train/real_07.cip
mix_16_0,24,1208,1208,A,,60.0,100,0.534990668296814,3.2809975147247314,10.675226211547852,0.5234166666666666,,,,,,,,,,,,,,,,,,,,,13,,224,224,0,1685703196,0,93,0,16,0,0.12616746127605438,1.0,-12.293123245239258,2.2619049549102783,1.0,0.5910731963813305,2953.08984375,67.03369140625,,data/instances/train/real_07.cip
mix_16_0,24,1209,1209,A,,60.0,100,0.4126459062099457,2.4876670837402344,2.5745134353637695,0.5218333333333334,,,,,,,,,,,,,,,,,,,,,14,,224,224,0,1685632948,0,94,0,16,0,0.14743898808956146,1.0,-12.850238800048828,3.3683393001556396,1.0,0.5054337959736586,2953.08984375,67.03369140625,,data/instances/train/real_07.cip
mix_16_0,24,1210,1210,A,,60.0,100,0.15635904669761658,0.6689314246177673,1.7163622379302979,0.5218333333333334,,,,,,,,,,,,,,,,,,,,,16,,224,224,0,1685632948,0,94,0,16,0,0.3465003967285156,1.0,-15.537229537963867,2.3112480640411377,1.0,0.6050666514784098,2953.08984375,67.03369140625,,data/instances/train/real_07.cip
mix_16_0,24,1211,1211,A,,60.0,100,0.07522247731685638,0.4211575388908386,6.018279552459717,0.5218333333333334,,,,,,,,,,,,,,,,,,,,,16,,224,224,0,1685632948,0,94,0,16,0,0.23168104887008667,1.0,-15.10508918762207,2.5677196979522705,1.0,0.6191875021904707,2953.08984375,67.03369140625,,data/instances/train/real_07.cip
mix_16_0,24,1212,1212,A,,60.0,100,0.916813850402832,4.250889778137207,18.130779266357422,0.5218333333333334,,,,,,,,,,,,,,,,,,,,,12,,224,224,0,1685632948,0,94,0,16,0,0.17712491750717163,1.0,-14.693642616271973,2.9156582355499268,1.0,0.5824209656566381,2953.08984375,67.03369140625,,data/instances/train/real_07.cip
mix_16_0,24,1213,1213,A,,60.0,100,0.7696692943572998,3.787715435028076,19.9411678314209,0.5202500000000001,,,,,,,,,,,,,,,,,,,,,12,,224,224,0,1685385972,0,95,0,16,0,0.17973268032073975,1.0,-14.598058700561523,3.9345028400421143,291.0,0.49711640179157257,2953.08984375,67.03369140625,,data/instances/train/real_07.cip
mix_16_0,24,1214,1214,A,,60.0,100,0.7043959498405457,3.0780715942382812,9.111224174499512,0.5202500000000001,,,,,,,,,,,,,,,,,,,,,13,,224,224,0,1685385972,0,95,0,16,0,0.18689128756523132,1.0,-14.094600677490234,2.613100051879883,291.0,0.5679071750491858,2953.08984375,67.03369140625,,data/instances/train/real_07.cip
mix_16_0,24,1215,1215,A,,60.0,100,0.623314380645752,2.9948205947875977,5.576281547546387,0.5202500000000001,,,,,,,,,,,,,,,,,,,,,13,,224,224,0,1685385972,0,95,0,16,0,0.18672612309455872,1.0,-13.595815658569336,2.600092887878418,291.0,0.5969121623784304,2953.08984375,67.03369140625,,data/instances/train/real_07.cip
mix_16_0,24,1216,1216,A,,60.0,100,0.29687532782554626,1.9200838804244995,10.51662540435791,0.5202500000000001,,,,,,,,,,,,,,,,,,,,,15,,224,224,0,1685385972,0,95,0,16,0,0.1154804676771164,1.0,-12.936271667480469,2.869131326675415,291.0,0.6001142002642155,2953.08984375,67.03369140625,,data/instances/train/real_07.cip
mix_16_0,24,1217,1217,A,,60.0,100,0.20257309079170227,1.98294997215271,5.853453636169434,0.5186666666666666,,,,,,,,,,,,,,,,,,,,,14,,224,224,0,1685450424,0,96,0,16,0,0.08852411806583405,1.0,-12.674199104309082,3.3440990447998047,91.0,0.5134370122104883,2953.08984375,67.03369140625,,data/instances/train/real_07.cip
mix_16_0,24,1218,1218,A,,60.0,100,0.764474630355835,5.662935256958008,3.528143882751465,0.5186666666666666,,,,,,,,,,,,,,,,,,,,,8,,224,224,0,1685450424,0,96,0,16,0,0.12374161183834076,1.0,-12.68358039855957,2.7224714756011963,91.0,0.510821932926774,2953.08984375,67.03369140625,,data/instances/train/real_07.cip
mix_16_0,24,1219,1219,A,,60.0,100,0.6868970394134521,3.81435489654541,5.355570316314697,0.5186666666666666,,,,,,,,,,,,,,,,,,,,,12,,224,224,0,1685450424,0,96,0,16,0,0.16148905456066132,1.0,-14.808040618896484,2.964512348175049,91.0,0.5918221399188042,2953.08984375,67.03369140625,,data/instances/train/real_07.cip
mix_16_0,24,1220,1220,A,,60.0,100,0.19136066734790802,1.6241121292114258,1.3279979228973389,0.5186666666666666,,,,,,,,,,,,,,,,,,,,,14,,224,224,0,1685450424,0,96,0,16,0,0.11062710732221603,1.0,-13.994458198547363,3.624270439147949,91.0,0.6030188705772161,2953.09765625,67.03369140625,,data/instances/train/real_07.cip
mix_16_0,24,1221,1221,A,,60.0,100,0.578162431716919,3.9587998390197754,13.710592269897461,0.5170833333333333,,,,,,,,,,,,,,,,,,,,,11,,224,224,0,1685393552,0,97,0,16,0,0.12241464853286743,1.0,-13.57418441772461,3.1822543144226074,42.0,0.47649799659848213,2953.09765625,67.03369140625,,data/instances/train/real_07.cip
mix_16_0,24,1222,1222,A,,60.0,100,1.1359586715698242,4.252105712890625,20.290321350097656,0.5170833333333333,,,,,,,,,,,,,,,,,,,,,11,,224,224,0,1685393552,0,97,0,16,0,0.23801718652248383,1.0,-14.375337600708008,3.1041810512542725,42.0,0.549475671723485,2953.09765625,67.03369140625,,data/instances/train/real_07.cip
mix_16_0,24,1223,1223,A,,60.0,100,0.3788769841194153,6.262537002563477,3.855299472808838,0.5170833333333333,,,,,,,,,,,,,,,,,,,,,9,,224,224,0,1685393552,0,97,0,16,0,0.06101158633828163,1.0,-14.461858749389648,2.196665048599243,42.0,0.5841722693294287,2953.09765625,67.03369140625,,data/instances/train/real_07.cip
mix_16_0,24,1224,1224,A,,60.0,100,0.46838462352752686,3.816889524459839,9.482746124267578,0.5170833333333333,,,,,,,,,,,,,,,,,,,,,12,,224,224,0,1685393552,0,97,0,16,0,0.11143957823514938,1.0,-12.216458320617676,3.0019664764404297,42.0,0.5892437882721424,2953.09765625,67.03369140625,,data/instances/train/real_07.cip
mix_16_0,24,1225,1225,A,,60.0,100,0.5099806189537048,2.7143478393554688,14.518816947937012,0.5155000000000001,,,,,,,,,,,,,,,,,,,,,13,,224,224,0,1685144040,0,98,0,16,0,0.16305947303771973,1.0,-12.992128372192383,2.44765567779541,1.0,0.508962232619524,2953.09765625,67.03369140625,,data/instances/train/real_07.cip
mix_16_0,24,1226,1226,A,,60.0,100,0.4717109203338623,3.199777841567993,3.602213144302368,0.5155000000000001,,,,,,,,,,,,,,,,,,,,,12,,224,224,0,1685144040,0,98,0,16,0,0.1325412392616272,1.0,-13.260191917419434,2.8735649585723877,1.0,0.5509493071585894,2953.09765625,67.03369140625,,data/instances/train/real_07.cip
mix_16_0,24,1227,1227,A,,60.0,100,1.1486451625823975,4.376728057861328,4.637894630432129,0.5155000000000001,,,,,,,,,,,,,,,,,,,,,11,,224,224,0,1685144040,0,98,0,16,0,0.2480679452419281,1.0,-12.624884605407715,3.8225016593933105,1.0,0.44301983900368214,2953.09765625,67.03369140625,,data/instances/train/real_07.cip
mix_16_0,24,1228,1228,A,,60.0,100,0.14429672062397003,1.7305809259414673,2.2577428817749023,0.5155000000000001,,,,,,,,,,,,,,,,,,,,,14,,224,224,0,1685144040,0,98,0,16,0,0.07042721658945084,1.0,-14.447731018066406,2.758664131164551,1.0,0.37570963986217976,2953.09765625,67.03369140625,,data/instances/train/real_07.cip
mix_16_0,24,1229,1229,A,,60.0,100,0.5381139516830444,3.642099380493164,10.237778663635254,0.5139166666666666,,,,,,,,,,,,,,,,,,,,,11,,224,224,0,1684896184,0,99,0,16,0,0.13480722904205322,1.0,-13.3877592086792,2.746541738510132,230.0,0.4561124723404646,2953.09765625,67.03369140625,,data/instances/train/real_07.cip
mix_16_0,24,1230,1230,A,,60.0,100,0.5365563035011292,3.0582709312438965,9.50770092010498,0.5139166666666666,,,,,,,,,,,,,,,,,,,,,11,,224,224,0,1684896184,0,99,0,16,0,0.1507345288991928,1.0,-13.597511291503906,3.375256061553955,230.0,0.5075504500418901,2953.09765625,67.03369140625,,data/instances/train/real_07.cip
mix_16_0,24,1231,1231,A,,60.0,100,1.0910838842391968,6.168436050415039,4.559681415557861,0.5139166666666666,,,,,,,,,,,,,,,,,,,,,9,,224,224,0,1684896184,0,99,0,16,0,0.16667385399341583,1.0,-12.047831535339355,2.4449613094329834,230.0,0.541218176484108,2953.09765625,67.03369140625,,data/instances/train/real_07.cip
mix_16_0,24,1232,1232,A,,60.0,100,1.195983648300171,4.198517322540283,14.134472846984863,0.5139166666666666,,,,,,,,,,,,,,,,,,,,,11,,224,224,0,1684896184,0,99,0,16,0,0.24403977394104004,1.0,-11.411112785339355,2.9856977462768555,230.0,0.6089274678379297,2953.09765625,67.03369140625,,data/instances/train/real_07.cip
episode,24,1232,1232,A,,60.0,100,1.195983648300171,4.198517322540283,14.134472846984863,0.5123333333333333,-11.0092,-11.0,-0.009200000000000002,-11.0092,True,12,61.066103,,,,,,,,inf,1e+20,120.0,inf,0.0,11557,11,True,224,224,0,1684388608,0,101,0,16,0,,,,,103.27272727272727,,2942.1796875,67.03369140625,timelimit,data/instances/train/real_07.cip
mix_16_0,25,1233,1233,A,,60.0,100,0.660286545753479,3.786062717437744,5.451943874359131,0.5123333333333333,,,,,,,,,,,,,,,,,,,,,11,,224,224,0,1684388608,0,101,0,16,0,0.14854185283184052,1.0,-10.540386199951172,3.059919834136963,1.0,0.5117021556943655,2942.1796875,67.03369140625,,data/instances/transfer/real_01.cip
mix_16_0,25,1234,1234,A,,60.0,100,0.6769258975982666,3.3559443950653076,14.47067928314209,0.5123333333333333,,,,,,,,,,,,,,,,,,,,,13,,224,224,0,1684388608,0,101,0,16,0,0.1355152279138565,1.0,-11.93521785736084,2.7656421661376953,1.0,0.4610635470598936,2942.1796875,67.03369140625,,data/instances/transfer/real_01.cip
mix_16_0,25,1235,1235,A,,60.0,100,0.2164740115404129,2.217226982116699,7.006156921386719,0.5123333333333333,,,,,,,,,,,,,,,,,,,,,15,,224,224,0,1684388608,0,101,0,16,0,0.0487423911690712,1.0,-10.992735862731934,3.1915647983551025,1.0,0.5688309241086245,2942.1796875,67.03369140625,,data/instances/transfer/real_01.cip
mix_16_0,25,1236,1236,A,,60.0,100,1.2493133544921875,4.0833282470703125,21.68411636352539,0.5123333333333333,,,,,,,,,,,,,,,,,,,,,11,,224,224,0,1684388608,0,101,0,16,0,0.2540964186191559,1.0,-12.657062530517578,2.636913776397705,1.0,0.5664695668965578,2942.1796875,67.03369140625,,data/instances/transfer/real_01.cip
mix_16_0,25,1237,1237,A,,60.0,100,0.7131043076515198,4.956384658813477,3.1150803565979004,0.51075,,,,,,,,,,,,,,,,,,,,,9,,224,224,0,1684388608,0,101,0,16,0,0.13813607394695282,1.0,-12.784914016723633,2.606945753097534,1.0,0.4721042700111866,2942.1796875,67.03369140625,,data/instances/transfer/real_01.cip
mix_16_0,25,1238,1238,A,,60.0,100,1.0029752254486084,3.968977451324463,4.3017578125,0.51075,,,,,,,,,,,,,,,,,,,,,11,,224,224,0,1684388608,0,101,0,16,0,0.2173638641834259,1.0,-11.399923324584961,4.077197074890137,1.0,0.5545851960778236,2942.1796875,67.03369140625,,data/instances/transfer/real_01.cip
mix_16_0,25,1239,1239,A,,60.0,100,0.6495202779769897,4.338714122772217,10.666890144348145,0.51075,,,,,,,,,,,,,,,,,,,,,11,,224,224,0,1684388608,0,101,0,16,0,0.14149194955825806,1.0,-13.6854887008667,2.4738986492156982,1.0,0.5948040038347244,2942.1796875,67.03369140625,,data/instances/transfer/real_01.cip
mix_16_0,25,1240,1240,A,,60.0,100,0.25238049030303955,0.8614790439605713,20.755598068237305,0.51075,,,,,,,,,,,,,,,,,,,,,16,,224,224,0,1684388608,0,101,0,16,0,0.3385307192802429,1.0,-15.881107330322266,3.1724987030029297,1.0,0.6234979834407568,2942.1796875,67.03369140625,,data/instances/transfer/real_01.cip
mix_16_0,25,1241,1241,A,,60.0,100,0.37076741456985474,1.4053943157196045,9.234309196472168,0.5091666666666667,,,,,,,,,,,,,,,,,,,,,15,,224,224,0,1685382172,0,102,0,16,0,0.20381486415863037,1.0,-14.570632934570312,3.9883992671966553,1.0,0.5440256725996733,2942.1875,67.03369140625,,data/instances/transfer/real_01.cip
mix_16_0,25,1242,1242,A,,60.0,100,1.2458670139312744,5.697054862976074,12.35069751739502,0.5091666666666667,,,,,,,,,,,,,,,,,,,,,9,,224,224,0,1685382172,0,102,0,16,0,0.21802595257759094,1.0,-14.574106216430664,3.003516912460327,1.0,0.5395814757794142,2942.1875,67.03369140625,,data/instances/transfer/real_01.cip
mix_16_0,25,1243,1243,A,,60.0,100,0.5551758408546448,3.939800500869751,2.1857082843780518,0.5091666666666667,,,,,,,,,,,,,,,,,,,,,10,,224,224,0,1685382172,0,102,0,16,0,0.13159126043319702,1.0,-13.10600471496582,3.5832087993621826,1.0,0.5753916930407286,2942.1875,67.03369140625,,data/instances/transfer/real_01.cip
mix_16_0,25,1244,1244,A,,60.0,100,0.21918556094169617,2.572787046432495,8.04481029510498,0.5091666666666667,,,,,,,,,,,,,,,,,,,,,14,,224,224,0,1685382172,0,102,0,16,0,0.05192606896162033,1.0,-12.563483238220215,3.070574998855591,1.0,0.6136552821844816,2942.1875,67.03369140625,,data/instances/transfer/real_01.cip
mix_16_0,25,1245,1245,A,,60.0,100,0.5545968413352966,3.3868966102600098,19.29888153076172,0.5075833333333334,,,,,,,,,,,,,,,,,,,,,13,,224,224,0,1686216824,0,103,0,16,0,0.1025216281414032,1.0,-13.598806381225586,1.8957171440124512,1.0,0.5128090623766184,2942.1875,67.03369140625,,data/instances/transfer/real_01.cip
mix_16_0,25,1246,1246,A,,60.0,100,0.7138671278953552,2.5781028270721436,10.379583358764648,0.5075833333333334,,,,,,,,,,,,,,,,,,,,,12,,224,224,0,1686216824,0,103,0,16,0,0.23175238072872162,1.0,-10.283873558044434,4.041501998901367,1.0,0.5640527922660112,2942.1875,67.03369140625,,data/instances/transfer/real_01.cip
mix_16_0,25,1247,1247,A,,60.0,100,0.3144053816795349,2.42244815826416,5.203343868255615,0.5075833333333334,,,,,,,,,,,,,,,,,,,,,12,,224,224,0,1686216824,0,103,0,16,0,0.10938380658626556,1.0,-11.781370162963867,3.244582414627075,1.0,0.5966367293149233,2942.1875,67.03369140625,,data/instances/transfer/real_01.cip
mix_16_0,25,1248,1248,A,,60.0,100,0.6549012660980225,3.892838954925537,3.3836588859558105,0.5075833333333334,,,,,,,,,,,,,,,,,,,,,12,,224,224,0,1686216824,0,103,0,16,0,0.15672259032726288,1.0,-13.070138931274414,2.816863536834717,1.0,0.5825189165771008,2942.1953125,67.03369140625,,data/instances/transfer/real_01.cip
mix_16_0,25,1249,1249,A,,60.0,100,1.126627802848816,4.065672874450684,16.135787963867188,0.506,,,,,,,,,,,,,,,,,,,,,11,,224,224,0,1690540176,0,104,0,16,0,0.23688149452209473,1.0,-12.96612548828125,3.8035526275634766,368.0,0.47043812833726406,2942.1953125,67.03369140625,,data/instances/transfer/real_01.cip
mix_16_0,25,1250,1250,A,,60.0,100,0.40925127267837524,4.1696648597717285,4.743102550506592,0.506,,,,,,,,,,,,,,,,,,,,,11,,224,224,0,1690540176,0,104,0,16,0,0.0854475274682045,1.0,-14.935246467590332,3.388939142227173,368.0,0.5505300313234329,2942.1953125,67.03369140625,,data/instances/transfer/real_01.cip
mix_16_0,25,1251,1251,A,,60.0,100,0.6354778409004211,4.3991804122924805,10.319930076599121,0.506,,,,,,,,,,,,,,,,,,,,,11,,224,224,0,1690540176,0,104,0,16,0,0.1400260478258133,1.0,-14.249778747558594,1.905419111251831,368.0,0.5962140914052725,2942.1953125,67.03369140625,,data/instances/transfer/real_01.cip
mix_16_0,25,1252,1252,A,,60.0,100,0.15468662977218628,1.5620399713516235,3.7889602184295654,0.506,,,,,,,,,,,,,,,,,,,,,15,,224,224,0,1690540176,0,104,0,16,0,0.08663943409919739,1.0,-14.139154434204102,1.8823418617248535,368.0,0.6074771359562874,2942.1953125,67.03369140625,,data/instances/transfer/real_01.cip
mix_16_0,25,1253,1253,A,,60.0,100,0.2068621814250946,1.3972816467285156,5.241738319396973,0.5044166666666667,,,,,,,,,,,,,,,,,,,,,15,,224,224,0,1694931028,0,105,0,16,0,0.13374648988246918,1.0,-13.726651191711426,2.8174099922180176,148.0,0.5313903912901878,2942.1953125,67.03369140625,,data/instances/transfer/real_01.cip
mix_16_0,25,1254,1254,A,,60.0,100,0.5060232877731323,3.99503755569458,6.1758713722229,0.5044166666666667,,,,,,,,,,,,,,,,,,,,,11,,224,224,0,1694931028,0,105,0,16,0,0.11291713267564774,1.0,-12.272547721862793,3.520315408706665,148.0,0.5334418192505836,2942.1953125,67.03369140625,,data/instances/transfer/real_01.cip
mix_16_0,25,1255,1255,A,,60.0,100,1.2645022869110107,4.9771013259887695,3.8454041481018066,0.5044166666666667,,,,,,,,,,,,,,,,,,,,,9,,224,224,0,1694931028,0,105,0,16,0,0.2313469797372818,1.0,-12.078290939331055,2.456014394760132,148.0,0.5810337960720062,2942.1953125,67.03369140625,,data/instances/transfer/real_01.cip
mix_16_0,25,1256,1256,A,,60.0,100,0.6369236707687378,3.1092047691345215,14.153053283691406,0.5044166666666667,,,,,,,,,,,,,,,,,,,,,13,,224,224,0,1694931028,0,105,0,16,0,0.18422572314739227,1.0,-13.643964767456055,2.792402744293213,148.0,0.5904016327112913,2942.1953125,67.03369140625,,data/instances/transfer/real_01.cip
mix_16_0,25,1257,1257,A,,60.0,100,0.32046404480934143,1.5551823377609253,3.727360725402832,0.5028333333333334,,,,,,,,,,,,,,,,,,,,,14,,224,224,0,1699305676,0,106,0,16,0,0.18615174293518066,1.0,-13.152666091918945,3.953565835952759,481.0,0.5073072668164968,2942.1953125,67.03369140625,,data/instances/transfer/real_01.cip
mix_16_0,25,1258,1258,A,,60.0,100,0.5437740683555603,2.374838352203369,16.977249145507812,0.5028333333333334,,,,,,,,,,,,,,,,,,,,,13,,224,224,0,1699305676,0,106,0,16,0,0.18377919495105743,1.0,-13.42420768737793,3.1759443283081055,481.0,0.5797751192003489,2942.1953125,67.03369140625,,data/instances/transfer/real_01.cip
mix_16_0,25,1259,1259,A,,60.0,100,0.6235270500183105,3.3044486045837402,9.130416870117188,0.5028333333333334,,,,,,,,,,,,,,,,,,,,,12,,224,224,0,1699305676,0,106,0,16,0,0.16585153341293335,1.0,-12.931029319763184,3.3632113933563232,481.0,0.5932294838130474,2942.1953125,67.03369140625,,data/instances/transfer/real_01.cip
mix_16_0,25,1260,1260,A,,60.0,100,0.7267615795135498,4.323108673095703,13.381844520568848,0.5028333333333334,,,,,,,,,,,,,,,,,,,,,11,,224,224,0,1699305676,0,106,0,16,0,0.15018892288208008,1.0,-13.844223022460938,3.1629347801208496,481.0,0.5828096345067024,2942.1953125,67.03369140625,,data/instances/transfer/real_01.cip
mix_16_0,25,1261,1261,A,,60.0,100,0.3865259885787964,4.976133823394775,1.3251997232437134,0.50125,,,,,,,,,,,,,,,,,,,,,10,,224,224,0,1703805724,0,107,0,16,0,0.07464039325714111,1.0,-13.707107543945312,2.6354074478149414,1.0,0.4882957022637129,2942.1953125,67.03369140625,,data/instances/transfer/real_01.cip
mix_16_0,25,1262,1262,A,,60.0,100,0.4526591897010803,3.8145766258239746,5.722803115844727,0.50125,,,,,,,,,,,,,,,,,,,,,11,,224,224,0,1703805724,0,107,0,16,0,0.09288491308689117,1.0,-13.306351661682129,3.4345321655273438,1.0,0.5673473905771971,2942.1953125,67.03369140625,,data/instances/transfer/real_01.cip
mix_16_0,25,1263,1263,A,,60.0,100,0.4234064221382141,2.7580153942108154,11.562117576599121,0.50125,,,,,,,,,,,,,,,,,,,,,13,,224,224,0,1703805724,0,107,0,16,0,0.11059435456991196,1.0,-11.905887603759766,3.1568374633789062,1.0,0.601579274982214,2942.1953125,67.03369140625,,data/instances/transfer/real_01.cip
mix_16_0,25,1264,1264,A,,60.0,100,0.7139027714729309,3.3387646675109863,18.1708984375,0.50125,,,,,,,,,,,,,,,,,,,,,12,,224,224,0,1703805724,0,107,0,16,0,0.18215152621269226,1.0,-13.37391471862793,3.0723161697387695,1.0,0.504474800080061,2942.1953125,67.03369140625,,data/instances/transfer/real_01.cip
mix_16_0,25,1265,1265,A,,60.0,100,0.8225395083427429,3.640486240386963,6.666632175445557,0.4996666666666667,,,,,,,,,,,,,,,,,,,,,12,,224,224,0,1708251944,0,108,0,16,0,0.20531129837036133,1.0,-12.70654296875,4.084200859069824,1.0,0.4584471806883812,2942.1953125,67.03369140625,,data/instances/transfer/real_01.cip
mix_16_0,25,1266,1266,A,,60.0,100,0.1801702082157135,3.633157253265381,1.044148325920105,0.4996666666666667,,,,,,,,,,,,,,,,,,,,,12,,224,224,0,1708251944,0,108,0,16,0,0.0459127314388752,1.0,-13.607490539550781,1.7316828966140747,1.0,0.540629530325532,2942.1953125,67.03369140625,,data/instances/transfer/real_01.cip
mix_16_0,25,1267,1267,A,,60.0,100,0.3506212830543518,2.956686019897461,7.70770788192749,0.4996666666666667,,,,,,,,,,,,,,,,,,,,,12,,224,224,0,1708251944,0,108,0,16,0,0.09757432341575623,1.0,-12.7149019241333,3.1862688064575195,1.0,0.4986859355121851,2942.1953125,67.03369140625,,data/instances/transfer/real_01.cip
mix_16_0,25,1268,1268,A,,60.0,100,0.8648508191108704,4.7593231201171875,11.986544609069824,0.4996666666666667,,,,,,,,,,,,,,,,,,,,,10,,224,224,0,1708251944,0,108,0,16,0,0.1661635786294937,1.0,-13.501370429992676,3.786759376525879,1.0,0.40092966705560684,2942.1953125,67.03369140625,,data/instances/transfer/real_01.cip
mix_16_0,25,1269,1269,A,,60.0,100,0.19788126647472382,1.5745973587036133,5.8988165855407715,0.4980833333333333,,,,,,,,,,,,,,,,,,,,,14,,224,224,0,1712794560,0,109,0,16,0,0.0653328001499176,1.0,-12.385473251342773,4.701663494110107,279.0,0.48254409432411194,2942.1953125,67.03369140625,,data/instances/transfer/real_01.cip
mix_16_0,25,1270,1270,A,,60.0,100,0.5357958078384399,4.100064754486084,8.857732772827148,0.4980833333333333,,,,,,,,,,,,,,,,,,,,,11,,224,224,0,1712794560,0,109,0,16,0,0.1176004484295845,1.0,-12.91038990020752,3.205756664276123,279.0,0.5511755794286728,2942.1953125,67.03369140625,,data/instances/transfer/real_01.cip
mix_16_0,25,1271,1271,A,,60.0,100,0.2538306713104248,1.979762315750122,3.3926544189453125,0.4980833333333333,,,,,,,,,,,,,,,,,,,,,14,,224,224,0,1712794560,0,109,0,16,0,0.11829298734664917,1.0,-14.173397064208984,3.530925989151001,279.0,0.6147316414862871,2942.1953125,67.03369140625,,data/instances/transfer/real_01.cip
mix_16_0,25,1272,1272,A,,60.0,100,0.4810221791267395,3.1252665519714355,10.512983322143555,0.4980833333333333,,,,,,,,,,,,,,,,,,,,,12,,224,224,0,1712794560,0,109,0,16,0,0.12584778666496277,1.0,-13.425416946411133,3.9249045848846436,279.0,0.6060681026428938,2942.1953125,67.03369140625,,data/instances/transfer/real_01.cip
mix_16_0,25,1273,1273,A,,60.0,100,0.19715259969234467,2.6540756225585938,8.539937019348145,0.49650000000000005,,,,,,,,,,,,,,,,,,,,,13,,224,224,0,1717296664,0,110,0,16,0,0.05524371564388275,1.0,-12.336965560913086,3.418069362640381,1.0,0.3274727165699005,2942.1953125,67.03369140625,,data/instances/transfer/real_01.cip
mix_16_0,25,1274,1274,A,,60.0,100,0.3293779194355011,2.721900224685669,1.8218708038330078,0.49650000000000005,,,,,,,,,,,,,,,,,,,,,13,,224,224,0,1717296664,0,110,0,16,0,0.0884123221039772,1.0,-11.885046005249023,4.073957443237305,1.0,0.3217559326440096,2942.1953125,67.03369140625,,data/instances/transfer/real_01.cip
mix_16_0,25,1275,1275,A,,60.0,100,0.4879845976829529,4.187689781188965,2.590672731399536,0.49650000000000005,,,,,,,,,,,,,,,,,,,,,10,,224,224,0,1717296664,0,110,0,16,0,0.10844983905553818,1.0,-12.591079711914062,3.557137966156006,1.0,0.2728671971708536,2942.1953125,67.03369140625,,data/instances/transfer/real_01.cip
mix_16_0,25,1276,1276,A,,60.0,100,0.21358060836791992,2.3663289546966553,2.0827605724334717,0.49650000000000005,,,,,,,,,,,,,,,,,,,,,14,,224,224,0,1717296664,0,110,0,16,0,0.07719412446022034,1.0,-13.237844467163086,3.2168900966644287,1.0,0.32764233835041523,2942.1953125,67.03369140625,,data/instances/transfer/real_01.cip
mix_16_0,25,1277,1277,A,,60.0,100,0.6551066637039185,4.706523895263672,6.874502658843994,0.4949166666666668,,,,,,,,,,,,,,,,,,,,,9,,224,224,0,1721814060,0,111,0,16,0,0.12453709542751312,1.0,-11.706456184387207,3.784266233444214,1.0,0.4707202557474375,2942.23828125,67.03369140625,,data/instances/transfer/real_01.cip
mix_16_0,25,1278,1278,A,,60.0,100,0.5349233150482178,3.087965965270996,5.605936050415039,0.4949166666666668,,,,,,,,,,,,,,,,,,,,,13,,224,224,0,1721814060,0,111,0,16,0,0.15659666061401367,1.0,-14.523147583007812,3.6582565307617188,1.0,0.5904091522097588,2942.23828125,67.03369140625,,data/instances/transfer/real_01.cip
mix_16_0,25,1279,1279,A,,60.0,100,0.8384275436401367,4.862282752990723,5.7139363288879395,0.4949166666666668,,,,,,,,,,,,,,,,,,,,,10,,224,224,0,1721814060,0,111,0,16,0,0.14340455830097198,1.0,-12.743378639221191,4.498938083648682,1.0,0.40048428624868393,2942.23828125,67.03369140625,,data/instances/transfer/real_01.cip
mix_16_0,25,1280,1280,A,,60.0,100,0.35748404264450073,2.7638912200927734,2.8719253540039062,0.4949166666666668,,,,,,,,,,,,,,,,,,,,,11,,224,224,0,1721814060,0,111,0,16,0,0.10246232897043228,1.0,-12.14239501953125,4.327789306640625,1.0,0.42711020819842815,2942.23828125,67.03369140625,,data/instances/transfer/real_01.cip
mix_16_0,25,1281,1281,A,,60.0,100,0.40594565868377686,3.744617462158203,5.659822463989258,0.4933333333333334,,,,,,,,,,,,,,,,,,,,,12,,224,224,0,1726686196,0,112,0,16,0,0.09832453727722168,1.0,-13.984881401062012,3.3582231998443604,1.0,0.47838148288428783,2942.23828125,67.03369140625,,data/instances/transfer/real_01.cip
mix_16_0,25,1282,1282,A,,60.0,100,0.36267587542533875,3.0040555000305176,7.399991989135742,0.4933333333333334,,,,,,,,,,,,,,,,,,,,,13,,224,224,0,1726686196,0,112,0,16,0,0.08816878497600555,1.0,-12.691751480102539,3.2619435787200928,1.0,0.5646817553788424,2942.23828125,67.03369140625,,data/instances/transfer/real_01.cip
mix_16_0,25,1283,1283,A,,60.0,100,0.569872260093689,3.0830342769622803,2.053626298904419,0.4933333333333334,,,,,,,,,,,,,,,,,,,,,12,,224,224,0,1726686196,0,112,0,16,0,0.16226018965244293,1.0,-12.835247039794922,4.3525238037109375,1.0,0.5746025834232569,2942.23828125,67.03369140625,,data/instances/transfer/real_01.cip
mix_16_0,25,1284,1284,A,,60.0,100,0.2904394268989563,4.025935173034668,3.975861072540283,0.4933333333333334,,,,,,,,,,,,,,,,,,,,,11,,224,224,0,1726686196,0,112,0,16,0,0.0680699422955513,1.0,-13.024490356445312,4.32640266418457,1.0,0.5854738634079695,2942.23828125,67.03369140625,,data/instances/transfer/real_01.cip
mix_16_0,25,1285,1285,A,,60.0,100,0.28552713990211487,2.1810784339904785,3.132810115814209,0.49175,,,,,,,,,,,,,,,,,,,,,14,,224,224,0,1731625808,0,113,0,16,0,0.11312289535999298,1.0,-13.168806076049805,2.8079354763031006,428.0,0.5080186370760202,2942.23828125,67.03369140625,,data/instances/transfer/real_01.cip
mix_16_0,25,1286,1286,A,,60.0,100,0.14514361321926117,1.9093939065933228,0.8693312406539917,0.49175,,,,,,,,,,,,,,,,,,,,,14,,224,224,0,1731625808,0,113,0,16,0,0.06313885003328323,1.0,-13.712841033935547,2.6569437980651855,428.0,0.580287791788578,2942.23828125,67.03369140625,,data/instances/transfer/real_01.cip
mix_16_0,25,1287,1287,A,,60.0,100,0.39248842000961304,4.304698467254639,12.340775489807129,0.49175,,,,,,,,,,,,,,,,,,,,,9,,224,224,0,1731625808,0,113,0,16,0,0.0676482543349266,1.0,-12.979951858520508,3.9132206439971924,428.0,0.5561772640794516,2942.25390625,67.03369140625,,data/instances/transfer/real_01.cip
mix_16_0,25,1288,1288,A,,60.0,100,0.33654049038887024,1.866234540939331,3.9478046894073486,0.49175,,,,,,,,,,,,,,,,,,,,,14,,224,224,0,1731625808,0,113,0,16,0,0.145638570189476,1.0,-13.766260147094727,3.713737726211548,428.0,0.6064145751297474,2942.25390625,67.03369140625,,data/instances/transfer/real_01.cip
mix_16_0,25,1289,1289,A,,60.0,100,0.4207631051540375,5.129360675811768,1.010391116142273,0.49016666666666675,,,,,,,,,,,,,,,,,,,,,10,,224,224,0,1736664436,0,114,0,16,0,0.07732848078012466,1.0,-13.09146785736084,2.700777053833008,1.0,0.4623773116618395,2942.25390625,67.03369140625,,data/instances/transfer/real_01.cip
mix_16_0,25,1290,1290,A,,60.0,100,0.16978906095027924,2.215642213821411,1.9502357244491577,0.49016666666666675,,,,,,,,,,,,,,,,,,,,,13,,224,224,0,1736664436,0,114,0,16,0,0.06797754764556885,1.0,-11.652361869812012,3.458270788192749,1.0,0.5877109877765179,2942.25390625,67.03369140625,,data/instances/transfer/real_01.cip
mix_16_0,25,1291,1291,A,,60.0,100,0.6623340249061584,3.682891607284546,9.48755931854248,0.49016666666666675,,,,,,,,,,,,,,,,,,,,,12,,224,224,0,1736664436,0,114,0,16,0,0.16469736397266388,1.0,-13.399337768554688,3.2424123287200928,1.0,0.5765394829213619,2942.25390625,67.03369140625,,data/instances/transfer/real_01.cip
mix_16_0,25,1292,1292,A,,60.0,100,0.2110191434621811,1.9501454830169678,2.237262725830078,0.49016666666666675,,,,,,,,,,,,,,,,,,,,,13,,224,224,0,1736664436,0,114,0,16,0,0.0945630669593811,1.0,-12.814678192138672,3.5174221992492676,1.0,0.6011038068681955,2942.25390625,67.03369140625,,data/instances/transfer/real_01.cip
episode,25,1292,1292,A,,60.0,100,0.2110191434621811,1.9501454830169678,2.237262725830078,0.48858333333333337,-15.0362,-15.0,-0.0362,-15.0362,True,16,60.141591,,,,,,,,inf,1e+20,120.0,inf,0.0,25856,13,True,224,224,0,1747445684,0,116,0,16,0,,,,,114.26666666666667,,2942.25390625,67.03369140625,timelimit,data/instances/transfer/real_01.cip
validation,26,1292,1292,A,,,,,,,,,,,,,,,1.0,9.06069,inf,0.0,9.06069,1.0,8436.0,,,,,,,,,224,224,0,1747445684,0,116,0,,,,,,,,,,,optimal,data/instances/validation/real_08.cip
mix_16_0,26,1293,1293,A,,60.0,100,0.5672359466552734,3.74684476852417,4.738744735717773,0.48858333333333337,,,,,,,,,,,,,,,,,,,,,12,,224,224,0,1747445684,0,116,0,16,0,0.1281084567308426,1.0,-12.518506050109863,3.0443830490112305,1.0,0.5048793070018291,3042.3515625,67.03369140625,,data/instances/transfer/real_03.cip
mix_16_0,26,1294,1294,A,,60.0,100,0.20630279183387756,1.537235975265503,2.9834036827087402,0.48858333333333337,,,,,,,,,,,,,,,,,,,,,14,,224,224,0,1747445684,0,116,0,16,0,0.08949440717697144,1.0,-10.5740327835083,3.8074989318847656,1.0,0.5984189193695784,3042.35546875,67.03369140625,,data/instances/transfer/real_03.cip
mix_16_0,26,1295,1295,A,,60.0,100,0.21546827256679535,1.4889533519744873,3.3309199810028076,0.48858333333333337,,,,,,,,,,,,,,,,,,,,,15,,224,224,0,1747445684,0,116,0,16,0,0.1109585389494896,1.0,-12.478609085083008,2.7267651557922363,1.0,0.6140667572617531,3042.35546875,67.03369140625,,data/instances/transfer/real_03.cip
mix_16_0,26,1296,1296,A,,60.0,100,0.7380146980285645,2.397188186645508,11.690178871154785,0.48858333333333337,,,,,,,,,,,,,,,,,,,,,14,,224,224,0,1747445684,0,116,0,16,0,0.23929782211780548,1.0,-12.037705421447754,3.813829183578491,1.0,0.6003276668488979,3042.35546875,67.03369140625,,data/instances/transfer/real_03.cip
mix_16_0,26,1297,1297,A,,60.0,100,0.5430164337158203,3.481484889984131,7.265080451965332,0.487,,,,,,,,,,,,,,,,,,,,,13,,224,224,0,1747445684,0,116,0,16,0,0.14063286781311035,1.0,-12.021146774291992,2.8528530597686768,187.0,0.5012442898005247,3042.35546875,67.03369140625,,data/instances/transfer/real_03.cip
mix_16_0,26,1298,1298,A,,60.0,100,0.7180707454681396,3.61352276802063,5.183195114135742,0.487,,,,,,,,,,,,,,,,,,,,,11,,224,224,0,1747445684,0,116,0,16,0,0.17051000893115997,1.0,-11.422072410583496,3.5105135440826416,187.0,0.557508684694767,3042.35546875,67.03369140625,,data/instances/transfer/real_03.cip
mix_16_0,26,1299,1299,A,,60.0,100,0.6073846220970154,4.520000457763672,6.753997325897217,0.487,,,,,,,,,,,,,,,,,,,,,10,,224,224,0,1747445684,0,116,0,16,0,0.1160469725728035,1.0,-13.161410331726074,3.036318778991699,187.0,0.5805451143532991,3042.35546875,67.03369140625,,data/instances/transfer/real_03.cip
mix_16_0,26,1300,1300,A,,60.0,100,0.45392078161239624,3.161834716796875,6.801079750061035,0.487,,,,,,,,,,,,,,,,,,,,,13,,224,224,0,1747445684,0,116,0,16,0,0.1276165395975113,1.0,-14.019964218139648,2.9948489665985107,187.0,0.6053325720131397,3042.35546875,67.03369140625,,data/instances/transfer/real_03.cip
mix_16_0,26,1301,1301,A,,60.0,100,0.8197017908096313,3.1804938316345215,10.059540748596191,0.4854166666666667,,,,,,,,,,,,,,,,,,,,,13,,224,224,0,1751618048,0,117,0,16,0,0.22903887927532196,1.0,-13.573051452636719,2.1016652584075928,224.0,0.4944703858345747,3042.359375,67.03369140625,,data/instances/transfer/real_03.cip
mix_16_0,26,1302,1302,A,,60.0,100,0.4126954972743988,3.5250511169433594,6.099264621734619,0.4854166666666667,,,,,,,,,,,,,,,,,,,,,13,,224,224,0,1751618048,0,117,0,16,0,0.11078964918851852,1.0,-13.753182411193848,3.681797981262207,224.0,0.5764408204704523,3042.359375,67.03369140625,,data/instances/transfer/real_03.cip
mix_16_0,26,1303,1303,A,,60.0,100,0.6540472507476807,5.306880474090576,11.13469409942627,0.4854166666666667,,,,,,,,,,,,,,,,,,,,,10,,224,224,0,1751618048,0,117,0,16,0,0.11441035568714142,1.0,-11.862565040588379,3.2495858669281006,224.0,0.5757521186023951,3042.359375,67.03369140625,,data/instances/transfer/real_03.cip
mix_16_0,26,1304,1304,A,,60.0,100,1.0051895380020142,4.97967529296875,5.035483360290527,0.4854166666666667,,,,,,,,,,,,,,,,,,,,,11,,224,224,0,1751618048,0,117,0,16,0,0.18964368104934692,1.0,-13.189033508300781,2.5250725746154785,224.0,0.5813166424632072,3042.359375,67.03369140625,,data/instances/transfer/real_03.cip
mix_16_0,26,1305,1305,A,,60.0,100,0.3222969174385071,4.063209533691406,1.5349817276000977,0.48383333333333334,,,,,,,,,,,,,,,,,,,,,11,,224,224,0,1755957376,0,118,0,16,0,0.07387564331293106,1.0,-13.111051559448242,3.589240789413452,1.0,0.5022889319807291,3042.359375,67.03369140625,,data/instances/transfer/real_03.cip
mix_16_0,26,1306,1306,A,,60.0,100,0.13257469236850739,2.694572925567627,2.21541690826416,0.48383333333333334,,,,,,,,,,,,,,,,,,,,,13,,224,224,0,1755957376,0,118,0,16,0,0.04278857633471489,1.0,-13.198083877563477,3.5261387825012207,1.0,0.5769528709352016,3042.359375,67.03369140625,,data/instances/transfer/real_03.cip
mix_16_0,26,1307,1307,A,,60.0,100,0.45988669991493225,3.292531967163086,4.442461013793945,0.48383333333333334,,,,,,,,,,,,,,,,,,,,,9,,224,224,0,1755957376,0,118,0,16,0,0.1196066215634346,1.0,-11.557239532470703,4.352166652679443,1.0,0.5628737919032574,3042.359375,67.03369140625,,data/instances/transfer/real_03.cip
mix_16_0,26,1308,1308,A,,60.0,100,0.7713092565536499,3.934872627258301,6.828545093536377,0.48383333333333334,,,,,,,,,,,,,,,,,,,,,12,,224,224,0,1755957376,0,118,0,16,0,0.17777559161186218,1.0,-14.613737106323242,2.9013657569885254,1.0,0.5996112506836653,3042.359375,67.03369140625,,data/instances/transfer/real_03.cip
mix_16_0,26,1309,1309,A,,60.0,100,0.3856049180030823,2.43855619430542,5.3634514808654785,0.48224999999999996,,,,,,,,,,,,,,,,,,,,,14,,224,224,0,1760297848,0,119,0,16,0,0.11421215534210205,1.0,-13.43575668334961,4.2258076667785645,1.0,0.5078039821237326,3042.359375,67.03369140625,,data/instances/transfer/real_03.cip
mix_16_0,26,1310,1310,A,,60.0,100,0.298030823469162,0.8449910879135132,20.396251678466797,0.48224999999999996,,,,,,,,,,,,,,,,,,,,,16,,224,224,0,1760297848,0,119,0,16,0,0.48098117113113403,1.0,-13.797897338867188,3.9355318546295166,1.0,0.591600876301527,3042.359375,67.03369140625,,data/instances/transfer/real_03.cip
mix_16_0,26,1311,1311,A,,60.0,100,0.28202730417251587,2.870718240737915,6.5200114250183105,0.48224999999999996,,,,,,,,,,,,,,,,,,,,,12,,224,224,0,1760297848,0,119,0,16,0,0.084577277302742,1.0,-13.628947257995605,4.67247200012207,1.0,0.5857388880103827,3042.359375,67.03369140625,,data/instances/transfer/real_03.cip
mix_16_0,26,1312,1312,A,,60.0,100,0.43851155042648315,4.582053184509277,9.17348861694336,0.48224999999999996,,,,,,,,,,,,,,,,,,,,,10,,224,224,0,1760297848,0,119,0,16,0,0.07956133782863617,1.0,-13.813389778137207,3.5041515827178955,1.0,0.5690129958093166,3042.359375,67.03369140625,,data/instances/transfer/real_03.cip
mix_16_0,26,1313,1313,A,,60.0,100,0.07380687445402145,2.412919044494629,2.2363271713256836,0.4806666666666667,,,,,,,,,,,,,,,,,,,,,13,,224,224,0,1764677056,0,120,0,16,0,0.024243298918008804,1.0,-13.310266494750977,4.141745567321777,202.0,0.5058248899877071,3042.359375,67.03369140625,,data/instances/transfer/real_03.cip
mix_16_0,26,1314,1314,A,,60.0,100,0.3484955430030823,1.4818998575210571,14.638782501220703,0.4806666666666667,,,,,,,,,,,,,,,,,,,,,15,,224,224,0,1764677056,0,120,0,16,0,0.19140882790088654,1.0,-15.178671836853027,3.4866690635681152,202.0,0.583876533433795,3042.359375,67.03369140625,,data/instances/transfer/real_03.cip
mix_16_0,26,1315,1315,A,,60.0,100,0.4805067181587219,3.829904794692993,5.827836513519287,0.4806666666666667,,,,,,,,,,,,,,,,,,,,,12,,224,224,0,1764677056,0,120,0,16,0,0.11689455062150955,1.0,-14.150992393493652,3.0831353664398193,202.0,0.5861345566809177,3042.359375,67.03369140625,,data/instances/transfer/real_03.cip
mix_16_0,26,1316,1316,A,,60.0,100,0.34738585352897644,2.0200247764587402,3.531486988067627,0.4806666666666667,,,,,,,,,,,,,,,,,,,,,13,,224,224,0,1764677056,0,120,0,16,0,0.16458190977573395,1.0,-13.392457962036133,3.279158592224121,202.0,0.6005412507802248,3042.359375,67.03369140625,,data/instances/transfer/real_03.cip
mix_16_0,26,1317,1317,A,,60.0,100,0.5856832265853882,2.4633238315582275,3.863217830657959,0.4790833333333333,,,,,,,,,,,,,,,,,,,,,13,,224,224,0,1769298376,0,121,0,16,0,0.21437130868434906,1.0,-11.749451637268066,2.9639432430267334,318.0,0.49770881049335003,3042.359375,67.03369140625,,data/instances/transfer/real_03.cip
mix_16_0,26,1318,1318,A,,60.0,100,0.3076087534427643,2.9977078437805176,4.552204132080078,0.4790833333333333,,,,,,,,,,,,,,,,,,,,,13,,224,224,0,1769298376,0,121,0,16,0,0.09552467614412308,1.0,-12.760744094848633,2.9688098430633545,318.0,0.5698566753417253,3042.359375,67.03369140625,,data/instances/transfer/real_03.cip
mix_16_0,26,1319,1319,A,,60.0,100,0.4414115250110626,2.8475563526153564,9.085015296936035,0.4790833333333333,,,,,,,,,,,,,,,,,,,,,13,,224,224,0,1769298376,0,121,0,16,0,0.1277775913476944,1.0,-13.404884338378906,1.9560664892196655,318.0,0.6129742152988911,3042.3828125,67.03369140625,,data/instances/transfer/real_03.cip
mix_16_0,26,1320,1320,A,,60.0,100,0.7934045791625977,3.9736738204956055,15.699477195739746,0.4790833333333333,,,,,,,,,,,,,,,,,,,,,12,,224,224,0,1769298376,0,121,0,16,0,0.1798972189426422,1.0,-13.239437103271484,3.0731613636016846,318.0,0.5915403440594673,3042.3828125,67.03369140625,,data/instances/transfer/real_03.cip
mix_16_0,26,1321,1321,A,,60.0,100,0.3495696783065796,3.3728790283203125,7.7708024978637695,0.47750000000000004,,,,,,,,,,,,,,,,,,,,,11,,224,224,0,1769448696,0,122,0,16,0,0.0892779529094696,1.0,-13.075632095336914,3.2420952320098877,1.0,0.47745720110833645,3042.3828125,67.03369140625,,data/instances/transfer/real_03.cip
mix_16_0,26,1322,1322,A,,60.0,100,0.24443726241588593,2.276369571685791,8.48260498046875,0.47750000000000004,,,,,,,,,,,,,,,,,,,,,13,,224,224,0,1769448696,0,122,0,16,0,0.07929231226444244,1.0,-12.486381530761719,3.7157094478607178,1.0,0.6034189648926258,3042.3828125,67.03369140625,,data/instances/transfer/real_03.cip
mix_16_0,26,1323,1323,A,,60.0,100,0.6850956082344055,2.9525146484375,4.4391255378723145,0.47750000000000004,,,,,,,,,,,,,,,,,,,,,13,,224,224,0,1769448696,0,122,0,16,0,0.19291816651821136,1.0,-11.85205364227295,3.7000796794891357,1.0,0.5984046328812838,3042.3828125,67.03369140625,,data/instances/transfer/real_03.cip
mix_16_0,26,1324,1324,A,,60.0,100,0.26095038652420044,2.9272077083587646,6.687554836273193,0.47750000000000004,,,,,,,,,,,,,,,,,,,,,12,,224,224,0,1769448696,0,122,0,16,0,0.06479205191135406,1.0,-12.090617179870605,4.002238750457764,1.0,0.5892068818211555,3042.3828125,67.03369140625,,data/instances/transfer/real_03.cip
mix_16_0,26,1325,1325,A,,60.0,100,0.23915594816207886,1.4413366317749023,11.938833236694336,0.47591666666666677,,,,,,,,,,,,,,,,,,,,,15,,224,224,0,1769208768,0,123,0,16,0,0.135494664311409,1.0,-12.650749206542969,3.239553213119507,137.0,0.5278716310858727,3042.3828125,67.03369140625,,data/instances/transfer/real_03.cip
mix_16_0,26,1326,1326,A,,60.0,100,1.1066625118255615,3.942736864089966,15.749323844909668,0.47591666666666677,,,,,,,,,,,,,,,,,,,,,12,,224,224,0,1769208768,0,123,0,16,0,0.2504749894142151,1.0,-11.944417953491211,2.9007208347320557,137.0,0.5556898713111877,3042.3828125,67.03369140625,,data/instances/transfer/real_03.cip
mix_16_0,26,1327,1327,A,,60.0,100,0.43924665451049805,3.47094988822937,0.9709319472312927,0.47591666666666677,,,,,,,,,,,,,,,,,,,,,12,,224,224,0,1769208768,0,123,0,16,0,0.12049432843923569,1.0,-13.175309181213379,2.934117078781128,137.0,0.5936751123517752,3042.3828125,67.03369140625,,data/instances/transfer/real_03.cip
mix_16_0,26,1328,1328,A,,60.0,100,0.3077836334705353,1.7845840454101562,4.282479286193848,0.47591666666666677,,,,,,,,,,,,,,,,,,,,,14,,224,224,0,1769208768,0,123,0,16,0,0.1425839513540268,1.0,-12.54599380493164,3.694282293319702,137.0,0.6188195608556271,3042.3828125,67.03369140625,,data/instances/transfer/real_03.cip
mix_16_0,26,1329,1329,A,,60.0,100,0.408145934343338,2.3570022583007812,8.715996742248535,0.4743333333333334,,,,,,,,,,,,,,,,,,,,,14,,224,224,0,1768823516,0,124,0,16,0,0.15888701379299164,1.0,-14.410213470458984,3.629157543182373,170.0,0.5293745826929808,3042.3828125,67.03369140625,,data/instances/transfer/real_03.cip
mix_16_0,26,1330,1330,A,,60.0,100,0.1181735247373581,2.7414772510528564,3.3740711212158203,0.4743333333333334,,,,,,,,,,,,,,,,,,,,,13,,224,224,0,1768823516,0,124,0,16,0,0.03328361734747887,1.0,-13.114774703979492,4.149568557739258,170.0,0.5682686679065228,3042.3828125,67.03369140625,,data/instances/transfer/real_03.cip
mix_16_0,26,1331,1331,A,,60.0,100,0.8700655698776245,3.5605452060699463,10.440805435180664,0.4743333333333334,,,,,,,,,,,,,,,,,,,,,11,,224,224,0,1768823516,0,124,0,16,0,0.22348861396312714,1.0,-13.393088340759277,3.952390193939209,170.0,0.5775532443076372,3042.3828125,67.03369140625,,data/instances/transfer/real_03.cip
mix_16_0,26,1332,1332,A,,60.0,100,0.8006035089492798,3.8390281200408936,5.353219509124756,0.4743333333333334,,,,,,,,,,,,,,,,,,,,,10,,224,224,0,1768823516,0,124,0,16,0,0.18257957696914673,1.0,-12.16524887084961,3.6861839294433594,170.0,0.5690192114561796,3042.3828125,67.03369140625,,data/instances/transfer/real_03.cip
mix_16_0,26,1333,1333,A,,60.0,100,0.2867357134819031,3.0985798835754395,3.9339730739593506,0.47275,,,,,,,,,,,,,,,,,,,,,11,,224,224,0,1768266704,0,125,0,16,0,0.07936830818653107,1.0,-12.061467170715332,4.381683826446533,256.0,0.49533585272729397,3042.3828125,67.03369140625,,data/instances/transfer/real_03.cip
mix_16_0,26,1334,1334,A,,60.0,100,0.28202417492866516,4.067906379699707,5.191722869873047,0.47275,,,,,,,,,,,,,,,,,,,,,11,,224,224,0,1768266704,0,125,0,16,0,0.05392178148031235,1.0,-11.09792709350586,3.6892149448394775,256.0,0.5574692171066999,3042.3828125,67.03369140625,,data/instances/transfer/real_03.cip
mix_16_0,26,1335,1335,A,,60.0,100,0.574767529964447,2.6536917686462402,16.64286231994629,0.47275,,,,,,,,,,,,,,,,,,,,,13,,224,224,0,1768266704,0,125,0,16,0,0.17371046543121338,1.0,-12.767355918884277,3.615295171737671,256.0,0.614571787416935,3042.3828125,67.03369140625,,data/instances/transfer/real_03.cip
mix_16_0,26,1336,1336,A,,60.0,100,0.9150525331497192,4.640590190887451,7.065849781036377,0.47275,,,,,,,,,,,,,,,,,,,,,10,,224,224,0,1768266704,0,125,0,16,0,0.17846207320690155,1.0,-12.12767505645752,3.8031914234161377,256.0,0.5642567873001099,3042.3828125,67.03369140625,,data/instances/transfer/real_03.cip
mix_16_0,26,1337,1337,A,,60.0,100,0.16413067281246185,1.598710060119629,4.265437602996826,0.47116666666666673,,,,,,,,,,,,,,,,,,,,,15,,224,224,0,1767316080,0,126,0,16,0,0.08417107164859772,1.0,-12.897960662841797,2.9111111164093018,124.0,0.5219690520316362,3042.3828125,67.03369140625,,data/instances/transfer/real_03.cip
mix_16_0,26,1338,1338,A,,60.0,100,0.29371535778045654,2.489258289337158,9.465088844299316,0.47116666666666673,,,,,,,,,,,,,,,,,,,,,13,,224,224,0,1767316080,0,126,0,16,0,0.09954549372196198,1.0,-13.608711242675781,3.724928140640259,124.0,0.5733184665441513,3042.3828125,67.03369140625,,data/instances/transfer/real_03.cip
mix_16_0,26,1339,1339,A,,60.0,100,0.2600979208946228,2.0359840393066406,6.0363569259643555,0.47116666666666673,,,,,,,,,,,,,,,,,,,,,14,,224,224,0,1767316080,0,126,0,16,0,0.09479445964097977,1.0,-15.01742935180664,3.0405826568603516,124.0,0.6176233738660812,3042.3828125,67.03369140625,,data/instances/transfer/real_03.cip
mix_16_0,26,1340,1340,A,,60.0,100,0.7028774619102478,3.678483247756958,7.140809059143066,0.47116666666666673,,,,,,,,,,,,,,,,,,,,,12,,224,224,0,1767316080,0,126,0,16,0,0.17671208083629608,1.0,-12.484283447265625,2.4532880783081055,124.0,0.5948062147945166,3042.3828125,67.03369140625,,data/instances/transfer/real_03.cip
episode,26,1340,1340,A,,60.0,100,0.7028774619102478,3.678483247756958,7.140809059143066,0.46958333333333335,-12.016899999999998,-12.0,-0.0169,-12.016899999999998,True,13,61.215175,,,,,,,,inf,1e+20,120.0,inf,0.0,17202,12,True,224,224,0,1765894272,0,128,0,16,0,,,,,135.16666666666666,,2942.33203125,67.03369140625,timelimit,data/instances/transfer/real_03.cip
mix_16_0,27,1341,1341,A,,60.0,100,0.25008928775787354,2.1320998668670654,4.386866569519043,0.46958333333333335,,,,,,,,,,,,,,,,,,,,,13,,224,224,0,1765894272,0,128,0,16,0,0.10230380296707153,1.0,-13.827677726745605,4.0325927734375,1.0,0.5518905725330114,2962.07421875,67.03369140625,,data/instances/transfer/real_05.cip
mix_16_0,27,1342,1342,A,,60.0,100,0.1400662660598755,1.1816911697387695,1.405410885810852,0.46958333333333335,,,,,,,,,,,,,,,,,,,,,15,,224,224,0,1765894272,0,128,0,16,0,0.11836694180965424,1.0,-14.316900253295898,2.9584107398986816,1.0,0.6095873098820448,2962.07421875,67.03369140625,,data/instances/transfer/real_05.cip
mix_16_0,27,1343,1343,A,,60.0,100,0.8035532832145691,4.211428642272949,5.1586079597473145,0.46958333333333335,,,,,,,,,,,,,,,,,,,,,11,,224,224,0,1765894272,0,128,0,16,0,0.175665020942688,1.0,-12.97061824798584,2.8283820152282715,1.0,0.5717127155512571,2962.07421875,67.03369140625,,data/instances/transfer/real_05.cip
mix_16_0,27,1344,1344,A,,60.0,100,0.8348807096481323,4.337329387664795,6.542809963226318,0.46958333333333335,,,,,,,,,,,,,,,,,,,,,10,,224,224,0,1765894272,0,128,0,16,0,0.17679302394390106,1.0,-13.680901527404785,3.4874069690704346,1.0,0.5843434128910303,2962.07421875,67.03369140625,,data/instances/transfer/real_05.cip
mix_16_0,27,1345,1345,A,,60.0,100,0.2500782012939453,2.0071988105773926,3.7763583660125732,0.46799999999999997,,,,,,,,,,,,,,,,,,,,,13,,224,224,0,1765894272,0,128,0,16,0,0.10614673793315887,1.0,-12.132022857666016,3.385558843612671,90.0,0.5287778936326504,2962.07421875,67.03369140625,,data/instances/transfer/real_05.cip
mix_16_0,27,1346,1346,A,,60.0,100,0.30281177163124084,2.082643985748291,5.212110996246338,0.46799999999999997,,,,,,,,,,,,,,,,,,,,,14,,224,224,0,1765894272,0,128,0,16,0,0.09861209243535995,1.0,-12.854127883911133,3.2688424587249756,90.0,0.5591224897652864,2962.07421875,67.03369140625,,data/instances/transfer/real_05.cip
mix_16_0,27,1347,1347,A,,60.0,100,0.33972519636154175,3.8019766807556152,4.097934722900391,0.46799999999999997,,,,,,,,,,,,,,,,,,,,,11,,224,224,0,1765894272,0,128,0,16,0,0.08366573601961136,1.0,-12.887553215026855,2.004014253616333,90.0,0.5766418855637312,2962.07421875,67.03369140625,,data/instances/transfer/real_05.cip
mix_16_0,27,1348,1348,A,,60.0,100,0.22357779741287231,3.785630702972412,6.245959281921387,0.46799999999999997,,,,,,,,,,,,,,,,,,,,,12,,224,224,0,1765894272,0,128,0,16,0,0.04611106589436531,1.0,-13.689722061157227,3.089139461517334,90.0,0.6042203474789858,2962.07421875,67.03369140625,,data/instances/transfer/real_05.cip
mix_16_0,27,1349,1349,A,,60.0,100,0.25410228967666626,2.690965175628662,6.13804817199707,0.4664166666666667,,,,,,,,,,,,,,,,,,,,,12,,224,224,0,1763987124,0,129,0,16,0,0.082518070936203,1.0,-12.440492630004883,3.6642982959747314,16.0,0.5127985998988152,2962.07421875,67.03369140625,,data/instances/transfer/real_05.cip
mix_16_0,27,1350,1350,A,,60.0,100,0.5245539546012878,2.823094606399536,2.3763298988342285,0.4664166666666667,,,,,,,,,,,,,,,,,,,,,13,,224,224,0,1763987124,0,129,0,16,0,0.16941595077514648,1.0,-13.423799514770508,2.491420030593872,16.0,0.5888074934482574,2962.07421875,67.03369140625,,data/instances/transfer/real_05.cip
mix_16_0,27,1351,1351,A,,60.0,100,0.19321465492248535,1.767087697982788,4.806584358215332,0.4664166666666667,,,,,,,,,,,,,,,,,,,,,15,,224,224,0,1763987124,0,129,0,16,0,0.06322678923606873,1.0,-13.549713134765625,3.078374147415161,16.0,0.6169192511588335,2962.07421875,67.03369140625,,data/instances/transfer/real_05.cip
mix_16_0,27,1352,1352,A,,60.0,100,0.4237537384033203,4.369916915893555,11.260872840881348,0.4664166666666667,,,,,,,,,,,,,,,,,,,,,11,,224,224,0,1763987124,0,129,0,16,0,0.08090262860059738,1.0,-12.765315055847168,2.4947121143341064,16.0,0.569343825802207,2962.07421875,67.03369140625,,data/instances/transfer/real_05.cip
mix_16_0,27,1353,1353,A,,60.0,100,0.4200842082500458,2.01096248626709,4.78120231628418,0.4648333333333333,,,,,,,,,,,,,,,,,,,,,12,,224,224,0,1762246356,0,130,0,16,0,0.1859046220779419,1.0,-12.232870101928711,5.160823345184326,42.0,0.4888271186500788,2962.07421875,67.03369140625,,data/instances/transfer/real_05.cip
mix_16_0,27,1354,1354,A,,60.0,100,0.3660884201526642,2.4076740741729736,2.4672610759735107,0.4648333333333333,,,,,,,,,,,,,,,,,,,,,13,,224,224,0,1762246356,0,130,0,16,0,0.14733894169330597,1.0,-13.361909866333008,4.167748928070068,42.0,0.5768403988331556,2962.07421875,67.03369140625,,data/instances/transfer/real_05.cip
mix_16_0,27,1355,1355,A,,60.0,100,0.6508030295372009,2.8523573875427246,5.479048252105713,0.4648333333333333,,,,,,,,,,,,,,,,,,,,,12,,224,224,0,1762246356,0,130,0,16,0,0.2236068844795227,1.0,-11.64853286743164,2.64680814743042,42.0,0.5853400770574808,2962.07421875,67.03369140625,,data/instances/transfer/real_05.cip
mix_16_0,27,1356,1356,A,,60.0,100,1.1181080341339111,6.59465217590332,15.97061824798584,0.4648333333333333,,,,,,,,,,,,,,,,,,,,,7,,224,224,0,1762246356,0,130,0,16,0,0.15745681524276733,1.0,-13.30644416809082,3.545003652572632,42.0,0.5450828652828932,2962.07421875,67.03369140625,,data/instances/transfer/real_05.cip
mix_16_0,27,1357,1357,A,,60.0,100,0.26504087448120117,3.3613860607147217,1.2528985738754272,0.46325000000000005,,,,,,,,,,,,,,,,,,,,,12,,224,224,0,1760556376,0,131,0,16,0,0.07548011094331741,1.0,-13.890393257141113,2.722917318344116,1.0,0.5219790041446686,2962.07421875,67.03369140625,,data/instances/transfer/real_05.cip
mix_16_0,27,1358,1358,A,,60.0,100,0.2532678246498108,2.5201520919799805,2.2525267601013184,0.46325000000000005,,,,,,,,,,,,,,,,,,,,,13,,224,224,0,1760556376,0,131,0,16,0,0.0923672467470169,1.0,-14.62619400024414,3.984008312225342,1.0,0.5750405471771955,2962.07421875,67.03369140625,,data/instances/transfer/real_05.cip
mix_16_0,27,1359,1359,A,,60.0,100,0.15906426310539246,2.3993895053863525,4.065698623657227,0.46325000000000005,,,,,,,,,,,,,,,,,,,,,12,,224,224,0,1760556376,0,131,0,16,0,0.05313469097018242,1.0,-12.434141159057617,4.771310806274414,1.0,0.5869680251926184,2962.07421875,67.03369140625,,data/instances/transfer/real_05.cip
mix_16_0,27,1360,1360,A,,60.0,100,0.4251643419265747,3.0807089805603027,9.426432609558105,0.46325000000000005,,,,,,,,,,,,,,,,,,,,,12,,224,224,0,1760556376,0,131,0,16,0,0.11575496941804886,1.0,-11.080660820007324,3.684645414352417,1.0,0.5879596043378115,2962.07421875,67.03369140625,,data/instances/transfer/real_05.cip
mix_16_0,27,1361,1361,A,,60.0,100,0.138060063123703,2.0067081451416016,5.238895416259766,0.46166666666666667,,,,,,,,,,,,,,,,,,,,,14,,224,224,0,1758758864,0,132,0,16,0,0.06140660122036934,1.0,-12.787583351135254,3.6702897548675537,1.0,0.5165205001831055,2962.07421875,67.03369140625,,data/instances/transfer/real_05.cip
mix_16_0,27,1362,1362,A,,60.0,100,0.1360858678817749,0.6289660930633545,6.78699254989624,0.46166666666666667,,,,,,,,,,,,,,,,,,,,,16,,224,224,0,1758758864,0,132,0,16,0,0.14500781893730164,1.0,-14.649646759033203,3.2196059226989746,1.0,0.5919730700552464,2962.07421875,67.03369140625,,data/instances/transfer/real_05.cip
mix_16_0,27,1363,1363,A,,60.0,100,0.2849465608596802,3.0765161514282227,4.333591938018799,0.46166666666666667,,,,,,,,,,,,,,,,,,,,,12,,224,224,0,1758758864,0,132,0,16,0,0.08391819894313812,1.0,-14.049103736877441,3.7942163944244385,1.0,0.5810617059469223,2962.07421875,67.03369140625,,data/instances/transfer/real_05.cip
mix_16_0,27,1364,1364,A,,60.0,100,0.7881523370742798,5.431917190551758,7.911739826202393,0.46166666666666667,,,,,,,,,,,,,,,,,,,,,9,,224,224,0,1758758864,0,132,0,16,0,0.1392526775598526,1.0,-13.709905624389648,3.1731550693511963,1.0,0.5681204479187727,2962.07421875,67.03369140625,,data/instances/transfer/real_05.cip
mix_16_0,27,1365,1365,A,,60.0,100,0.16504043340682983,1.3532909154891968,9.246359825134277,0.4600833333333333,,,,,,,,,,,,,,,,,,,,,14,,224,224,0,1756862976,0,133,0,16,0,0.0870005264878273,1.0,-14.308494567871094,3.4458060264587402,159.0,0.4499495103955269,2962.07421875,67.03369140625,,data/instances/transfer/real_05.cip
mix_16_0,27,1366,1366,A,,60.0,100,0.24602381885051727,2.089773416519165,1.756455659866333,0.4600833333333333,,,,,,,,,,,,,,,,,,,,,14,,224,224,0,1756862976,0,133,0,16,0,0.11047050356864929,1.0,-14.453483581542969,2.9458529949188232,159.0,0.5435775481164455,2962.07421875,67.03369140625,,data/instances/transfer/real_05.cip
mix_16_0,27,1367,1367,A,,60.0,100,0.4629894495010376,2.7914562225341797,2.0963194370269775,0.4600833333333333,,,,,,,,,,,,,,,,,,,,,13,,224,224,0,1756862976,0,133,0,16,0,0.1582247018814087,1.0,-13.597585678100586,2.5677623748779297,159.0,0.5878427643328905,2962.07421875,67.03369140625,,data/instances/transfer/real_05.cip
mix_16_0,27,1368,1368,A,,60.0,100,0.2663479447364807,3.9721837043762207,2.020230770111084,0.4600833333333333,,,,,,,,,,,,,,,,,,,,,10,,224,224,0,1756862976,0,133,0,16,0,0.06118471920490265,1.0,-11.673521041870117,3.591909170150757,159.0,0.5699141919612885,2962.07421875,67.03369140625,,data/instances/transfer/real_05.cip
mix_16_0,27,1369,1369,A,,60.0,100,0.4487883448600769,4.072901248931885,5.068480491638184,0.4585,,,,,,,,,,,,,,,,,,,,,11,,224,224,0,1755063756,0,134,0,16,0,0.10592459887266159,1.0,-13.356522560119629,2.0238475799560547,1.0,0.3242009561508894,2962.07421875,67.03369140625,,data/instances/transfer/real_05.cip
mix_16_0,27,1370,1370,A,,60.0,100,0.28832685947418213,4.9211015701293945,1.5269336700439453,0.4585,,,,,,,,,,,,,,,,,,,,,10,,224,224,0,1755063756,0,134,0,16,0,0.056832749396562576,1.0,-14.908330917358398,2.828933000564575,1.0,0.46131888031959534,2962.07421875,67.03369140625,,data/instances/transfer/real_05.cip
mix_16_0,27,1371,1371,A,,60.0,100,0.6401760578155518,4.42868709564209,7.228741645812988,0.4585,,,,,,,,,,,,,,,,,,,,,11,,224,224,0,1755063756,0,134,0,16,0,0.13094602525234222,1.0,-13.370458602905273,3.0577874183654785,1.0,0.5038788858801126,2962.07421875,67.03369140625,,data/instances/transfer/real_05.cip
mix_16_0,27,1372,1372,A,,60.0,100,0.4983007311820984,2.9522228240966797,3.235158920288086,0.4585,,,,,,,,,,,,,,,,,,,,,13,,224,224,0,1755063756,0,134,0,16,0,0.17120003700256348,1.0,-14.027168273925781,2.371955633163452,1.0,0.5802515055984259,2962.07421875,67.03369140625,,data/instances/transfer/real_05.cip
mix_16_0,27,1373,1373,A,,60.0,100,0.12652482092380524,1.7049942016601562,4.499575614929199,0.45691666666666675,,,,,,,,,,,,,,,,,,,,,15,,224,224,0,1750455980,0,135,0,16,0,0.05640954151749611,1.0,-14.842803955078125,2.888333797454834,1.0,0.5255799666047096,2962.07421875,67.03369140625,,data/instances/transfer/real_05.cip
mix_16_0,27,1374,1374,A,,60.0,100,0.27518612146377563,2.1687684059143066,4.1303863525390625,0.45691666666666675,,,,,,,,,,,,,,,,,,,,,14,,224,224,0,1750455980,0,135,0,16,0,0.10493108630180359,1.0,-13.377035140991211,2.9901397228240967,1.0,0.5874838531017303,2962.07421875,67.03369140625,,data/instances/transfer/real_05.cip
mix_16_0,27,1375,1375,A,,60.0,100,0.23698337376117706,5.320013523101807,3.9987244606018066,0.45691666666666675,,,,,,,,,,,,,,,,,,,,,10,,224,224,0,1750455980,0,135,0,16,0,0.04339908808469772,1.0,-13.569442749023438,3.5851705074310303,1.0,0.5758199095726013,2962.07421875,67.03369140625,,data/instances/transfer/real_05.cip
mix_16_0,27,1376,1376,A,,60.0,100,0.4583930969238281,2.295731782913208,11.998628616333008,0.45691666666666675,,,,,,,,,,,,,,,,,,,,,14,,224,224,0,1750455980,0,135,0,16,0,0.17264589667320251,1.0,-12.233930587768555,3.1531269550323486,1.0,0.5994316339492798,2962.07421875,67.03369140625,,data/instances/transfer/real_05.cip
mix_16_0,27,1377,1377,A,,60.0,100,0.1896299123764038,3.2502894401550293,5.4805097579956055,0.45533333333333337,,,,,,,,,,,,,,,,,,,,,12,,224,224,0,1745769768,0,136,0,16,0,0.043973904103040695,1.0,-10.9553861618042,3.8834896087646484,11.0,0.4856769647449255,2962.07421875,67.03369140625,,data/instances/transfer/real_05.cip
mix_16_0,27,1378,1378,A,,60.0,100,0.6062494516372681,4.508345603942871,6.2045087814331055,0.45533333333333337,,,,,,,,,,,,,,,,,,,,,10,,224,224,0,1745769768,0,136,0,16,0,0.11362805217504501,1.0,-12.0416898727417,3.6447038650512695,11.0,0.5388905238360167,2962.07421875,67.03369140625,,data/instances/transfer/real_05.cip
mix_16_0,27,1379,1379,A,,60.0,100,0.21970847249031067,3.164294481277466,8.344320297241211,0.45533333333333337,,,,,,,,,,,,,,,,,,,,,12,,224,224,0,1745769768,0,136,0,16,0,0.05083206295967102,1.0,-12.739465713500977,3.8254377841949463,11.0,0.6050511468201876,2962.07421875,67.03369140625,,data/instances/transfer/real_05.cip
mix_16_0,27,1380,1380,A,,60.0,100,0.41829001903533936,2.5234529972076416,7.82082462310791,0.45533333333333337,,,,,,,,,,,,,,,,,,,,,13,,224,224,0,1745769768,0,136,0,16,0,0.13038477301597595,1.0,-11.785064697265625,3.9192981719970703,11.0,0.5962069556117058,2962.07421875,67.03369140625,,data/instances/transfer/real_05.cip
mix_16_0,27,1381,1381,A,,60.0,100,0.15138806402683258,2.518928289413452,1.707084059715271,0.4537500000000001,,,,,,,,,,,,,,,,,,,,,13,,224,224,0,1740897336,0,137,0,16,0,0.05034816637635231,1.0,-12.087924003601074,4.773792743682861,1.0,0.49768583849072456,2962.07421875,67.03369140625,,data/instances/transfer/real_05.cip
mix_16_0,27,1382,1382,A,,60.0,100,0.46197038888931274,4.386092185974121,3.872924327850342,0.4537500000000001,,,,,,,,,,,,,,,,,,,,,11,,224,224,0,1740897336,0,137,0,16,0,0.0989300087094307,1.0,-12.370393753051758,3.9921436309814453,1.0,0.563848402351141,2962.07421875,67.03369140625,,data/instances/transfer/real_05.cip
mix_16_0,27,1383,1383,A,,60.0,100,0.5889127254486084,3.8318111896514893,15.410785675048828,0.4537500000000001,,,,,,,,,,,,,,,,,,,,,12,,224,224,0,1740897336,0,137,0,16,0,0.13349337875843048,1.0,-14.330179214477539,3.87496280670166,1.0,0.59656379558146,2962.07421875,67.03369140625,,data/instances/transfer/real_05.cip
mix_16_0,27,1384,1384,A,,60.0,100,0.3365441560745239,3.9792003631591797,10.057904243469238,0.4537500000000001,,,,,,,,,,,,,,,,,,,,,11,,224,224,0,1740897336,0,137,0,16,0,0.0737394243478775,1.0,-13.674179077148438,4.159656524658203,1.0,0.5797282122075558,2962.07421875,67.03369140625,,data/instances/transfer/real_05.cip
episode,27,1384,1384,A,,60.0,100,0.3365441560745239,3.9792003631591797,10.057904243469238,0.4521666666666667,-11.0223,-11.0,-0.0223,-11.0223,True,12,61.240469,,,,,,,,inf,1e+20,120.0,inf,0.0,12624,11,True,224,224,0,1730988620,0,139,0,16,0,,,,,29.454545454545453,,2942.33203125,67.03369140625,timelimit,data/instances/transfer/real_05.cip
mix_16_0,28,1385,1385,A,,60.0,100,0.385193407535553,3.3955836296081543,1.4017540216445923,0.4521666666666667,,,,,,,,,,,,,,,,,,,,,11,,224,224,0,1730988620,0,139,0,16,0,0.10378605872392654,1.0,-12.954312324523926,4.104559898376465,1.0,0.5214169416576624,2942.33203125,67.03369140625,,data/instances/train/real_06.cip
mix_16_0,28,1386,1386,A,,60.0,100,0.6469603180885315,3.641037702560425,1.3908026218414307,0.4521666666666667,,,,,,,,,,,,,,,,,,,,,12,,224,224,0,1730988620,0,139,0,16,0,0.1693698614835739,1.0,-12.387857437133789,2.6376936435699463,1.0,0.5832567047327757,2942.33203125,67.03369140625,,data/instances/train/real_06.cip
mix_16_0,28,1387,1387,A,,60.0,100,0.5506142973899841,2.3376965522766113,5.675645351409912,0.4521666666666667,,,,,,,,,,,,,,,,,,,,,13,,224,224,0,1730988620,0,139,0,16,0,0.19579759240150452,1.0,-11.45555305480957,4.259271144866943,1.0,0.6089480482041836,2942.33203125,67.03369140625,,data/instances/train/real_06.cip
mix_16_0,28,1388,1388,A,,60.0,100,0.3683357536792755,2.6463522911071777,15.843606948852539,0.4521666666666667,,,,,,,,,,,,,,,,,,,,,14,,224,224,0,1730988620,0,139,0,16,0,0.09754133224487305,1.0,-13.188837051391602,3.261040687561035,1.0,0.6012148205190897,2942.33203125,67.03369140625,,data/instances/train/real_06.cip
mix_16_0,28,1389,1389,A,,60.0,100,0.4158129096031189,1.565500259399414,4.9954400062561035,0.45058333333333334,,,,,,,,,,,,,,,,,,,,,14,,224,224,0,1730988620,0,139,0,16,0,0.2394583374261856,1.0,-12.044159889221191,4.590850353240967,96.0,0.5225578658282757,2942.33203125,67.03369140625,,data/instances/train/real_06.cip
mix_16_0,28,1390,1390,A,,60.0,100,0.25486332178115845,2.2010560035705566,2.0613162517547607,0.45058333333333334,,,,,,,,,,,,,,,,,,,,,14,,224,224,0,1730988620,0,139,0,16,0,0.102084681391716,1.0,-11.582815170288086,3.1521692276000977,96.0,0.568190660327673,2942.33203125,67.03369140625,,data/instances/train/real_06.cip
mix_16_0,28,1391,1391,A,,60.0,100,1.2479498386383057,5.136475563049316,4.449411869049072,0.45058333333333334,,,,,,,,,,,,,,,,,,,,,10,,224,224,0,1730988620,0,139,0,16,0,0.23291586339473724,1.0,-13.657889366149902,3.5072121620178223,96.0,0.5767996143549681,2942.33203125,67.03369140625,,data/instances/train/real_06.cip
mix_16_0,28,1392,1392,A,,60.0,100,0.2659783363342285,2.380652666091919,8.157686233520508,0.45058333333333334,,,,,,,,,,,,,,,,,,,,,14,,224,224,0,1730988620,0,139,0,16,0,0.09879570454359055,1.0,-14.640838623046875,3.8575050830841064,96.0,0.6140425503253937,2942.33203125,67.03369140625,,data/instances/train/real_06.cip
mix_16_0,28,1393,1393,A,,60.0,100,0.28179267048835754,1.4276829957962036,5.315534591674805,0.44900000000000007,,,,,,,,,,,,,,,,,,,,,15,,224,224,0,1725513104,0,140,0,16,0,0.1771378219127655,1.0,-14.180901527404785,3.9568135738372803,1.0,0.5295108072459698,2942.33203125,67.03369140625,,data/instances/train/real_06.cip
mix_16_0,28,1394,1394,A,,60.0,100,0.40791183710098267,3.7156171798706055,5.104361534118652,0.44900000000000007,,,,,,,,,,,,,,,,,,,,,12,,224,224,0,1725513104,0,140,0,16,0,0.10125849395990372,1.0,-12.844894409179688,2.5309438705444336,1.0,0.5443504676222801,2942.33203125,67.03369140625,,data/instances/train/real_06.cip
mix_16_0,28,1395,1395,A,,60.0,100,0.2640838623046875,2.8542423248291016,2.1790971755981445,0.44900000000000007,,,,,,,,,,,,,,,,,,,,,13,,224,224,0,1725513104,0,140,0,16,0,0.0899236872792244,1.0,-12.639899253845215,3.145785331726074,1.0,0.5837500896304846,2942.33203125,67.03369140625,,data/instances/train/real_06.cip
mix_16_0,28,1396,1396,A,,60.0,100,0.2849152386188507,2.896315097808838,2.9025793075561523,0.44900000000000007,,,,,,,,,,,,,,,,,,,,,13,,224,224,0,1725513104,0,140,0,16,0,0.09262096136808395,1.0,-11.992025375366211,2.5015885829925537,1.0,0.59006242826581,2942.33203125,67.03369140625,,data/instances/train/real_06.cip
mix_16_0,28,1397,1397,A,,60.0,100,0.36135971546173096,2.9730377197265625,1.7680249214172363,0.4474166666666667,,,,,,,,,,,,,,,,,,,,,12,,224,224,0,1719992716,0,141,0,16,0,0.11069398373365402,1.0,-14.289749145507812,3.7720143795013428,1.0,0.4986314345151186,2942.33203125,67.03369140625,,data/instances/train/real_06.cip
mix_16_0,28,1398,1398,A,,60.0,100,0.30897194147109985,2.3757102489471436,6.4254536628723145,0.4474166666666667,,,,,,,,,,,,,,,,,,,,,12,,224,224,0,1719992716,0,141,0,16,0,0.11432798951864243,1.0,-12.733711242675781,4.159443378448486,1.0,0.5776992496103048,2942.33203125,67.03369140625,,data/instances/train/real_06.cip
mix_16_0,28,1399,1399,A,,60.0,100,0.38108646869659424,3.1082005500793457,1.9230191707611084,0.4474166666666667,,,,,,,,,,,,,,,,,,,,,12,,224,224,0,1719992716,0,141,0,16,0,0.11296332627534866,1.0,-14.836404800415039,3.809880018234253,1.0,0.5730086825788021,2942.33203125,67.03369140625,,data/instances/train/real_06.cip
mix_16_0,28,1400,1400,A,,60.0,100,0.5427175760269165,4.671875953674316,9.757765769958496,0.4474166666666667,,,,,,,,,,,,,,,,,,,,,10,,224,224,0,1719992716,0,141,0,16,0,0.1129123866558075,1.0,-11.568265914916992,3.130150556564331,1.0,0.5540007874369621,2942.33203125,67.03369140625,,data/instances/train/real_06.cip
mix_16_0,28,1401,1401,A,,60.0,100,0.3510778546333313,3.178720712661743,1.1341218948364258,0.4458333333333333,,,,,,,,,,,,,,,,,,,,,12,,224,224,0,1714409124,0,142,0,16,0,0.10118161886930466,1.0,-11.931985855102539,4.445943832397461,1.0,0.48515831492841244,2942.33203125,67.03369140625,,data/instances/train/real_06.cip
mix_16_0,28,1402,1402,A,,60.0,100,0.23374614119529724,1.891155481338501,7.0424275398254395,0.4458333333333333,,,,,,,,,,,,,,,,,,,,,13,,224,224,0,1714409124,0,142,0,16,0,0.09101393818855286,1.0,-11.478018760681152,3.742178440093994,1.0,0.5916564948856831,2942.33203125,67.03369140625,,data/instances/train/real_06.cip
mix_16_0,28,1403,1403,A,,60.0,100,0.47113728523254395,2.4855856895446777,10.117219924926758,0.4458333333333333,,,,,,,,,,,,,,,,,,,,,12,,224,224,0,1714409124,0,142,0,16,0,0.17068201303482056,1.0,-12.098133087158203,3.5913195610046387,1.0,0.5574527010321617,2942.33203125,67.03369140625,,data/instances/train/real_06.cip
mix_16_0,28,1404,1404,A,,60.0,100,0.8961751461029053,5.5192718505859375,1.5672019720077515,0.4458333333333333,,,,,,,,,,,,,,,,,,,,,9,,224,224,0,1714409124,0,142,0,16,0,0.1620294600725174,1.0,-13.716870307922363,3.5992648601531982,1.0,0.5426021181046963,2942.33203125,67.03369140625,,data/instances/train/real_06.cip
mix_16_0,28,1405,1405,A,,60.0,100,0.22050799429416656,1.8684356212615967,5.445221424102783,0.44425000000000003,,,,,,,,,,,,,,,,,,,,,13,,224,224,0,1708850364,0,143,0,16,0,0.08417883515357971,1.0,-11.201839447021484,3.9750306606292725,88.0,0.5011017397046089,2942.33203125,67.03369140625,,data/instances/train/real_06.cip
mix_16_0,28,1406,1406,A,,60.0,100,0.33711370825767517,2.482177495956421,7.977907180786133,0.44425000000000003,,,,,,,,,,,,,,,,,,,,,12,,224,224,0,1708850364,0,143,0,16,0,0.1044079065322876,1.0,-13.925529479980469,4.4326887130737305,88.0,0.5671077035367489,2942.33203125,67.03369140625,,data/instances/train/real_06.cip
mix_16_0,28,1407,1407,A,,60.0,100,0.28020691871643066,4.23146915435791,4.168680191040039,0.44425000000000003,,,,,,,,,,,,,,,,,,,,,11,,224,224,0,1708850364,0,143,0,16,0,0.061240874230861664,1.0,-13.008283615112305,3.7048521041870117,88.0,0.5624375846236944,2942.33203125,67.03369140625,,data/instances/train/real_06.cip
mix_16_0,28,1408,1408,A,,60.0,100,0.4710996747016907,2.581109046936035,5.273394584655762,0.44425000000000003,,,,,,,,,,,,,,,,,,,,,12,,224,224,0,1708850364,0,143,0,16,0,0.1564691960811615,1.0,-12.96470832824707,4.628192901611328,88.0,0.5782424956560135,2942.33203125,67.03369140625,,data/instances/train/real_06.cip
mix_16_0,28,1409,1409,A,,60.0,100,0.5883670449256897,3.147681474685669,3.955939292907715,0.44266666666666665,,,,,,,,,,,,,,,,,,,,,12,,224,224,0,1703305284,0,144,0,16,0,0.1722002774477005,1.0,-13.363357543945312,3.5626392364501953,1.0,0.49055093340575695,2942.33203125,67.03369140625,,data/instances/train/real_06.cip
mix_16_0,28,1410,1410,A,,60.0,100,0.4420427083969116,4.36125373840332,9.075396537780762,0.44266666666666665,,,,,,,,,,,,,,,,,,,,,10,,224,224,0,1703305284,0,144,0,16,0,0.08432100713253021,1.0,-11.522655487060547,2.653682231903076,1.0,0.5429100878536701,2942.33203125,67.03369140625,,data/instances/train/real_06.cip
mix_16_0,28,1411,1411,A,,60.0,100,0.18996018171310425,1.7071266174316406,12.7274751663208,0.44266666666666665,,,,,,,,,,,,,,,,,,,,,15,,224,224,0,1703305284,0,144,0,16,0,0.07838751375675201,1.0,-11.726197242736816,3.554980993270874,1.0,0.5858164839446545,2942.33203125,67.03369140625,,data/instances/train/real_06.cip
mix_16_0,28,1412,1412,A,,60.0,100,0.46054327487945557,3.060343027114868,7.171896934509277,0.44266666666666665,,,,,,,,,,,,,,,,,,,,,12,,224,224,0,1703305284,0,144,0,16,0,0.12730173766613007,1.0,-11.922901153564453,3.802821397781372,1.0,0.578491099178791,2942.33203125,67.03369140625,,data/instances/train/real_06.cip
mix_16_0,28,1413,1413,A,,60.0,100,0.394322007894516,2.4681484699249268,1.9694477319717407,0.44108333333333327,,,,,,,,,,,,,,,,,,,,,12,,224,224,0,1697669944,0,145,0,16,0,0.14335493743419647,1.0,-12.689123153686523,4.684154033660889,1.0,0.5049159284681082,2942.33203125,67.03369140625,,data/instances/train/real_06.cip
mix_16_0,28,1414,1414,A,,60.0,100,0.27228081226348877,2.5865182876586914,12.007184982299805,0.44108333333333327,,,,,,,,,,,,,,,,,,,,,13,,224,224,0,1697669944,0,145,0,16,0,0.07252822071313858,1.0,-13.137565612792969,3.2334492206573486,1.0,0.5756236594170332,2942.33203125,67.03369140625,,data/instances/train/real_06.cip
mix_16_0,28,1415,1415,A,,60.0,100,0.42272481322288513,2.490841865539551,20.756832122802734,0.44108333333333327,,,,,,,,,,,,,,,,,,,,,13,,224,224,0,1697669944,0,145,0,16,0,0.1295655071735382,1.0,-13.748443603515625,3.4542150497436523,1.0,0.532748831436038,2942.33203125,67.03369140625,,data/instances/train/real_06.cip
mix_16_0,28,1416,1416,A,,60.0,100,0.5630741119384766,3.277111768722534,16.7928524017334,0.44108333333333327,,,,,,,,,,,,,,,,,,,,,11,,224,224,0,1697669944,0,145,0,16,0,0.12379766255617142,1.0,-10.304471969604492,4.539484977722168,1.0,0.5233877766877413,2942.33203125,67.03369140625,,data/instances/train/real_06.cip
mix_16_0,28,1417,1417,A,,60.0,100,0.6544690728187561,5.145449638366699,7.614326000213623,0.4395,,,,,,,,,,,,,,,,,,,,,9,,224,224,0,1692061504,0,146,0,16,0,0.12206139415502548,1.0,-12.944206237792969,3.177525758743286,5.0,0.4564286768436432,2942.33203125,67.03369140625,,data/instances/train/real_06.cip
mix_16_0,28,1418,1418,A,,60.0,100,0.16597980260849,0.6854712963104248,13.065621376037598,0.4395,,,,,,,,,,,,,,,,,,,,,16,,224,224,0,1692061504,0,146,0,16,0,0.30526378750801086,1.0,-12.6461820602417,4.277456283569336,5.0,0.6054058484733105,2942.33203125,67.03369140625,,data/instances/train/real_06.cip
mix_16_0,28,1419,1419,A,,60.0,100,0.5091589093208313,3.7159852981567383,10.21226692199707,0.4395,,,,,,,,,,,,,,,,,,,,,11,,224,224,0,1692061504,0,146,0,16,0,0.10303165763616562,1.0,-12.354236602783203,4.268711566925049,5.0,0.5444800071418285,2942.33203125,67.03369140625,,data/instances/train/real_06.cip
mix_16_0,28,1420,1420,A,,60.0,100,0.3979300260543823,3.2015628814697266,8.380032539367676,0.4395,,,,,,,,,,,,,,,,,,,,,10,,224,224,0,1692061504,0,146,0,16,0,0.09108594805002213,1.0,-12.016521453857422,4.68272590637207,5.0,0.5696596894413233,2942.33203125,67.03369140625,,data/instances/train/real_06.cip
mix_16_0,28,1421,1421,A,,60.0,100,0.5213488936424255,3.9989969730377197,9.89612102508545,0.43791666666666673,,,,,,,,,,,,,,,,,,,,,11,,224,224,0,1686514608,0,147,0,16,0,0.11871515959501266,1.0,-12.80029582977295,3.4295003414154053,58.0,0.492637787014246,2942.33203125,67.03369140625,,data/instances/train/real_06.cip
mix_16_0,28,1422,1422,A,,60.0,100,0.38908055424690247,2.7959697246551514,4.357284069061279,0.43791666666666673,,,,,,,,,,,,,,,,,,,,,13,,224,224,0,1686514608,0,147,0,16,0,0.1332715004682541,1.0,-13.465579986572266,3.858232259750366,58.0,0.5883643794804811,2942.33203125,67.03369140625,,data/instances/train/real_06.cip
mix_16_0,28,1423,1423,A,,60.0,100,0.17805323004722595,3.979970932006836,4.922796726226807,0.43791666666666673,,,,,,,,,,,,,,,,,,,,,11,,224,224,0,1686514608,0,147,0,16,0,0.036631856113672256,1.0,-13.051555633544922,3.573849678039551,58.0,0.5029363874346018,2942.33203125,67.03369140625,,data/instances/train/real_06.cip
mix_16_0,28,1424,1424,A,,60.0,100,0.3537946939468384,2.6438183784484863,12.09675407409668,0.43791666666666673,,,,,,,,,,,,,,,,,,,,,13,,224,224,0,1686514608,0,147,0,16,0,0.10265451669692993,1.0,-11.127534866333008,3.417773962020874,58.0,0.5314705148339272,2942.33203125,67.03369140625,,data/instances/train/real_06.cip
mix_16_0,28,1425,1425,A,,60.0,100,0.18505379557609558,1.7855600118637085,10.542597770690918,0.43633333333333335,,,,,,,,,,,,,,,,,,,,,14,,224,224,0,1680969216,0,148,0,16,0,0.0783914253115654,1.0,-13.20300006866455,5.10385274887085,1.0,0.5084021911025047,2942.33203125,67.03369140625,,data/instances/train/real_06.cip
mix_16_0,28,1426,1426,A,,60.0,100,0.1989445686340332,2.867427349090576,4.953632354736328,0.43633333333333335,,,,,,,,,,,,,,,,,,,,,12,,224,224,0,1680969216,0,148,0,16,0,0.06524323672056198,1.0,-12.581311225891113,3.916778087615967,1.0,0.5469514615833759,2942.33203125,67.03369140625,,data/instances/train/real_06.cip
mix_16_0,28,1427,1427,A,,60.0,100,0.6427340507507324,4.734732151031494,6.189787864685059,0.43633333333333335,,,,,,,,,,,,,,,,,,,,,9,,224,224,0,1680969216,0,148,0,16,0,0.12105309218168259,1.0,-11.404007911682129,3.6516830921173096,1.0,0.5135443434119225,2942.33203125,67.03369140625,,data/instances/train/real_06.cip
mix_16_0,28,1428,1428,A,,60.0,100,0.23262549936771393,2.074415683746338,5.688854694366455,0.43633333333333335,,,,,,,,,,,,,,,,,,,,,13,,224,224,0,1680969216,0,148,0,16,0,0.0948539674282074,1.0,-12.304167747497559,5.130023002624512,1.0,0.5787009373307228,2942.33203125,67.03369140625,,data/instances/train/real_06.cip
mix_16_0,28,1429,1429,A,,60.0,100,0.6616247892379761,3.683345317840576,4.468139171600342,0.4347500000000001,,,,,,,,,,,,,,,,,,,,,12,,224,224,0,1677902648,0,149,0,16,0,0.17162643373012543,1.0,-11.514483451843262,3.743083953857422,1.0,0.49964455887675285,2942.33203125,67.03369140625,,data/instances/train/real_06.cip
mix_16_0,28,1430,1430,A,,60.0,100,1.7377116680145264,7.528824329376221,3.3296406269073486,0.4347500000000001,,,,,,,,,,,,,,,,,,,,,6,,224,224,0,1677902648,0,149,0,16,0,0.22861649096012115,1.0,-12.837156295776367,4.370407581329346,1.0,0.4450157042592764,2942.33203125,67.03369140625,,data/instances/train/real_06.cip
mix_16_0,28,1431,1431,A,,60.0,100,0.40748128294944763,2.2660775184631348,17.395339965820312,0.4347500000000001,,,,,,,,,,,,,,,,,,,,,14,,224,224,0,1677902648,0,149,0,16,0,0.13494306802749634,1.0,-12.691398620605469,3.768432140350342,1.0,0.5609591528773308,2942.33203125,67.03369140625,,data/instances/train/real_06.cip
mix_16_0,28,1432,1432,A,,60.0,100,0.5324180126190186,3.786792755126953,4.92495059967041,0.4347500000000001,,,,,,,,,,,,,,,,,,,,,11,,224,224,0,1677902648,0,149,0,16,0,0.13197052478790283,1.0,-12.754191398620605,3.428994655609131,1.0,0.5712869297713041,2942.33203125,67.03369140625,,data/instances/train/real_06.cip
mix_16_0,28,1433,1433,A,,60.0,100,0.4831286668777466,3.4968724250793457,4.762403964996338,0.4331666666666667,,,,,,,,,,,,,,,,,,,,,12,,224,224,0,1674920512,0,150,0,16,0,0.13190379738807678,1.0,-13.147066116333008,3.524320602416992,56.0,0.471601277589798,2942.33203125,67.03369140625,,data/instances/train/real_06.cip
mix_16_0,28,1434,1434,A,,60.0,100,0.6358441710472107,4.545639991760254,11.448430061340332,0.4331666666666667,,,,,,,,,,,,,,,,,,,,,11,,224,224,0,1674920512,0,150,0,16,0,0.13306640088558197,1.0,-14.107311248779297,2.733947515487671,56.0,0.5755477230995893,2942.33203125,67.03369140625,,data/instances/train/real_06.cip
mix_16_0,28,1435,1435,A,,60.0,100,0.2891107499599457,4.831146240234375,8.826249122619629,0.4331666666666667,,,,,,,,,,,,,,,,,,,,,11,,224,224,0,1674920512,0,150,0,16,0,0.0521262101829052,1.0,-12.95530891418457,2.4618618488311768,56.0,0.5863967519253492,2942.3359375,67.03369140625,,data/instances/train/real_06.cip
mix_16_0,28,1436,1436,A,,60.0,100,0.24884110689163208,2.612706184387207,8.716431617736816,0.4331666666666667,,,,,,,,,,,,,,,,,,,,,11,,224,224,0,1674920512,0,150,0,16,0,0.07536178082227707,1.0,-13.497081756591797,5.131360054016113,56.0,0.5747195445001125,2942.3359375,67.03369140625,,data/instances/train/real_06.cip
mix_16_0,28,1437,1437,A,,60.0,100,0.8032678961753845,4.404838562011719,8.221271514892578,0.4315833333333333,,,,,,,,,,,,,,,,,,,,,11,,224,224,0,1671937340,0,151,0,16,0,0.16136977076530457,1.0,-13.3816499710083,3.9399032592773438,1.0,0.47766217216849327,2942.3359375,67.03369140625,,data/instances/train/real_06.cip
mix_16_0,28,1438,1438,A,,60.0,100,0.19176064431667328,3.6328372955322266,3.3506948947906494,0.4315833333333333,,,,,,,,,,,,,,,,,,,,,12,,224,224,0,1671937340,0,151,0,16,0,0.04211721196770668,1.0,-13.052061080932617,2.859459400177002,1.0,0.5558550860732794,2942.3359375,67.03369140625,,data/instances/train/real_06.cip
mix_16_0,28,1439,1439,A,,60.0,100,0.3627128005027771,2.956757068634033,15.794268608093262,0.4315833333333333,,,,,,,,,,,,,,,,,,,,,13,,224,224,0,1671937340,0,151,0,16,0,0.06533919274806976,1.0,-12.923949241638184,1.8620448112487793,1.0,0.5772799607366323,2942.3359375,67.03369140625,,data/instances/train/real_06.cip
mix_16_0,28,1440,1440,A,,60.0,100,0.144499272108078,1.4486093521118164,10.120552062988281,0.4315833333333333,,,,,,,,,,,,,,,,,,,,,15,,224,224,0,1671937340,0,151,0,16,0,0.0795721784234047,1.0,-12.961055755615234,3.3528635501861572,1.0,0.5626124162226915,2942.3359375,67.03369140625,,data/instances/train/real_06.cip
mix_16_0,28,1441,1441,A,,60.0,100,0.521125316619873,3.892979860305786,13.504091262817383,0.43000000000000005,,,,,,,,,,,,,,,,,,,,,12,,224,224,0,1668696232,0,152,0,16,0,0.11440519243478775,1.0,-11.964527130126953,3.1042075157165527,161.0,0.4454267043620348,2942.3359375,67.03369140625,,data/instances/train/real_06.cip
mix_16_0,28,1442,1442,A,,60.0,100,0.8553347587585449,4.151241302490234,5.342389106750488,0.43000000000000005,,,,,,,,,,,,,,,,,,,,,11,,224,224,0,1668696232,0,152,0,16,0,0.19300414621829987,1.0,-12.223913192749023,2.729395866394043,161.0,0.5106095485389233,2942.3359375,67.03369140625,,data/instances/train/real_06.cip
mix_16_0,28,1443,1443,A,,60.0,100,0.13963346183300018,2.3193182945251465,8.76343059539795,0.43000000000000005,,,,,,,,,,,,,,,,,,,,,13,,224,224,0,1668696232,0,152,0,16,0,0.04049054905772209,1.0,-11.6631498336792,4.065237522125244,161.0,0.6029126886278391,2942.3359375,67.03369140625,,data/instances/train/real_06.cip
mix_16_0,28,1444,1444,A,,60.0,100,1.1365165710449219,4.334612846374512,19.901165008544922,0.43000000000000005,,,,,,,,,,,,,,,,,,,,,9,,224,224,0,1668696232,0,152,0,16,0,0.23158752918243408,1.0,-12.664318084716797,4.389827251434326,161.0,0.5104156173765659,2942.3359375,67.03369140625,,data/instances/train/real_06.cip
mix_16_0,28,1445,1445,A,,60.0,100,0.4751705527305603,3.4535446166992188,10.589111328125,0.42841666666666667,,,,,,,,,,,,,,,,,,,,,13,,224,224,0,1665396324,0,153,0,16,0,0.11598601937294006,1.0,-13.738365173339844,3.794753313064575,1.0,0.504310205578804,2942.3359375,67.03369140625,,data/instances/train/real_06.cip
mix_16_0,28,1446,1446,A,,60.0,100,0.6826366186141968,3.6701316833496094,8.726553916931152,0.42841666666666667,,,,,,,,,,,,,,,,,,,,,10,,224,224,0,1665396324,0,153,0,16,0,0.15374085307121277,1.0,-10.737512588500977,4.194940090179443,1.0,0.5090802684426308,2942.3359375,67.03369140625,,data/instances/train/real_06.cip
mix_16_0,28,1447,1447,A,,60.0,100,0.4999527037143707,2.676201820373535,7.587958812713623,0.42841666666666667,,,,,,,,,,,,,,,,,,,,,13,,224,224,0,1665396324,0,153,0,16,0,0.17742149531841278,1.0,-11.175735473632812,3.603020191192627,1.0,0.34998698718845844,2942.3359375,67.03369140625,,data/instances/train/real_06.cip
mix_16_0,28,1448,1448,A,,60.0,100,0.24619463086128235,0.983482837677002,23.006715774536133,0.42841666666666667,,,,,,,,,,,,,,,,,,,,,15,,224,224,0,1665396324,0,153,0,16,0,0.21691836416721344,1.0,-12.087068557739258,4.498053073883057,1.0,0.5280489902943373,2942.3359375,67.03369140625,,data/instances/train/real_06.cip
mix_16_0,28,1449,1449,A,,60.0,100,0.20838381350040436,2.968010187149048,3.0806846618652344,0.4268333333333333,,,,,,,,,,,,,,,,,,,,,12,,224,224,0,1662094540,0,154,0,16,0,0.057725559920072556,1.0,-12.1568021774292,4.643579483032227,1.0,0.49970429576933384,2942.3359375,67.03369140625,,data/instances/train/real_06.cip
mix_16_0,28,1450,1450,A,,60.0,100,0.31829845905303955,1.6630797386169434,10.531667709350586,0.4268333333333333,,,,,,,,,,,,,,,,,,,,,13,,224,224,0,1662094540,0,154,0,16,0,0.1475234180688858,1.0,-11.505857467651367,3.825059652328491,1.0,0.5644346438348293,2942.3359375,67.03369140625,,data/instances/train/real_06.cip
mix_16_0,28,1451,1451,A,,60.0,100,0.2589121460914612,1.5484426021575928,4.837540626525879,0.4268333333333333,,,,,,,,,,,,,,,,,,,,,15,,224,224,0,1662094540,0,154,0,16,0,0.11488252878189087,1.0,-12.10690689086914,4.306331157684326,1.0,0.5761563554406166,2942.3359375,67.03369140625,,data/instances/train/real_06.cip
mix_16_0,28,1452,1452,A,,60.0,100,0.2038557082414627,1.535093069076538,5.226137161254883,0.4268333333333333,,,,,,,,,,,,,,,,,,,,,13,,224,224,0,1662094540,0,154,0,16,0,0.11404293775558472,1.0,-13.029679298400879,4.739297389984131,1.0,0.5789733771234751,2942.3359375,67.03369140625,,data/instances/train/real_06.cip
episode,28,1452,1452,A,,60.0,100,0.2038557082414627,1.535093069076538,5.226137161254883,0.42525,-17.006099999999996,-17.0,-0.006100000000000001,-17.006099999999996,True,18,60.205915,,,,,,,,inf,0.058011494869128155,120.0,12.466933,0.0,8300,13,True,224,224,0,1654650132,0,156,0,16,0,,,,,27.941176470588236,,2942.3359375,67.03369140625,timelimit,data/instances/train/real_06.cip
mix_16_0,29,1453,1453,A,,60.0,100,0.464497447013855,3.070005178451538,11.069098472595215,0.42525,,,,,,,,,,,,,,,,,,,,,13,,224,224,0,1654650132,0,156,0,16,0,0.13869579136371613,1.0,-13.084320068359375,3.810420513153076,1.0,0.5247634015977383,2942.3359375,67.03369140625,,data/instances/train/real_07.cip
mix_16_0,29,1454,1454,A,,60.0,100,0.20100340247154236,3.961341142654419,1.2735753059387207,0.42525,,,,,,,,,,,,,,,,,,,,,10,,224,224,0,1654650132,0,156,0,16,0,0.048294004052877426,1.0,-10.559146881103516,5.206860542297363,1.0,0.5663731619715691,2942.3359375,67.03369140625,,data/instances/train/real_07.cip
mix_16_0,29,1455,1455,A,,60.0,100,0.5926903486251831,4.305361747741699,2.577305316925049,0.42525,,,,,,,,,,,,,,,,,,,,,11,,224,224,0,1654650132,0,156,0,16,0,0.1321064978837967,1.0,-13.58395767211914,3.0120999813079834,1.0,0.5272128339856863,2942.3359375,67.03369140625,,data/instances/train/real_07.cip
mix_16_0,29,1456,1456,A,,60.0,100,0.37148815393447876,3.117129325866699,6.941944122314453,0.42525,,,,,,,,,,,,,,,,,,,,,12,,224,224,0,1654650132,0,156,0,16,0,0.1051592081785202,1.0,-12.478309631347656,4.223843097686768,1.0,0.5450927764177322,2942.3359375,67.03369140625,,data/instances/train/real_07.cip
mix_16_0,29,1457,1457,A,,60.0,100,0.2938164472579956,5.341141700744629,3.1898229122161865,0.42366666666666664,,,,,,,,,,,,,,,,,,,,,8,,224,224,0,1654650132,0,156,0,16,0,0.05332520976662636,1.0,-12.279537200927734,3.8583381175994873,1.0,0.4633618239313364,2942.3359375,67.03369140625,,data/instances/train/real_07.cip
mix_16_0,29,1458,1458,A,,60.0,100,0.21789033710956573,2.821720600128174,3.0768227577209473,0.42366666666666664,,,,,,,,,,,,,,,,,,,,,13,,224,224,0,1654650132,0,156,0,16,0,0.07440469413995743,1.0,-12.976072311401367,1.5413994789123535,1.0,0.5793362148106098,2942.3359375,67.03369140625,,data/instances/train/real_07.cip
mix_16_0,29,1459,1459,A,,60.0,100,0.24689599871635437,2.074150562286377,9.18986988067627,0.42366666666666664,,,,,,,,,,,,,,,,,,,,,14,,224,224,0,1654650132,0,156,0,16,0,0.10006752610206604,1.0,-12.28565502166748,4.515567779541016,1.0,0.5944615583866835,2942.3359375,67.03369140625,,data/instances/train/real_07.cip
mix_16_0,29,1460,1460,A,,60.0,100,0.2958434224128723,3.5028438568115234,3.8090755939483643,0.42366666666666664,,,,,,,,,,,,,,,,,,,,,12,,224,224,0,1654650132,0,156,0,16,0,0.08058901876211166,1.0,-12.810674667358398,4.86726188659668,1.0,0.5745453871786594,2942.3359375,67.03369140625,,data/instances/train/real_07.cip
mix_16_0,29,1461,1461,A,,60.0,100,0.6705275774002075,4.05747652053833,14.765063285827637,0.42208333333333337,,,,,,,,,,,,,,,,,,,,,11,,224,224,0,1654002588,0,157,0,16,0,0.14537197351455688,1.0,-13.301117897033691,3.318657875061035,1.0,0.499119583517313,2942.3359375,67.03369140625,,data/instances/train/real_07.cip
mix_16_0,29,1462,1462,A,,60.0,100,1.0775012969970703,3.905787944793701,13.049747467041016,0.42208333333333337,,,,,,,,,,,,,,,,,,,,,11,,224,224,0,1654002588,0,157,0,16,0,0.24204935133457184,1.0,-12.384565353393555,3.4262850284576416,1.0,0.576836472377181,2942.3359375,67.03369140625,,data/instances/train/real_07.cip
mix_16_0,29,1463,1463,A,,60.0,100,0.1174684539437294,0.8196617960929871,3.461444854736328,0.42208333333333337,,,,,,,,,,,,,,,,,,,,,15,,224,224,0,1654002588,0,157,0,16,0,0.17614059150218964,1.0,-12.762336730957031,5.031363487243652,1.0,0.6245947945863008,2942.3359375,67.03369140625,,data/instances/train/real_07.cip
mix_16_0,29,1464,1464,A,,60.0,100,0.6885088682174683,3.912338972091675,6.610634803771973,0.42208333333333337,,,,,,,,,,,,,,,,,,,,,12,,224,224,0,1654002588,0,157,0,16,0,0.1632298082113266,1.0,-12.742725372314453,4.3843512535095215,1.0,0.4538442436605692,2942.3359375,67.03369140625,,data/instances/train/real_07.cip
mix_16_0,29,1465,1465,A,,60.0,100,0.2538626492023468,2.263554096221924,13.626226425170898,0.4205,,,,,,,,,,,,,,,,,,,,,14,,224,224,0,1653073664,0,158,0,16,0,0.0900995060801506,1.0,-13.119304656982422,3.856997013092041,1.0,0.5253802835941315,2942.3359375,67.03369140625,,data/instances/train/real_07.cip
mix_16_0,29,1466,1466,A,,60.0,100,0.3055245876312256,2.88594388961792,5.219029426574707,0.4205,,,,,,,,,,,,,,,,,,,,,12,,224,224,0,1653073664,0,158,0,16,0,0.10168725997209549,1.0,-12.922538757324219,4.158609390258789,1.0,0.5590335242450237,2942.3359375,67.03369140625,,data/instances/train/real_07.cip
mix_16_0,29,1467,1467,A,,60.0,100,0.4573718309402466,3.1054723262786865,6.072397232055664,0.4205,,,,,,,,,,,,,,,,,,,,,13,,224,224,0,1653073664,0,158,0,16,0,0.13196112215518951,1.0,-12.84888744354248,3.891901731491089,1.0,0.6097486037760973,2942.3359375,67.03369140625,,data/instances/train/real_07.cip
mix_16_0,29,1468,1468,A,,60.0,100,0.6181945204734802,4.4482903480529785,8.988532066345215,0.4205,,,,,,,,,,,,,,,,,,,,,9,,224,224,0,1653073664,0,158,0,16,0,0.12430351227521896,1.0,-12.776579856872559,4.087865829467773,1.0,0.5706694405525923,2942.3359375,67.03369140625,,data/instances/train/real_07.cip
mix_16_0,29,1469,1469,A,,60.0,100,0.5418073534965515,4.076420783996582,3.1835124492645264,0.4189166666666667,,,,,,,,,,,,,,,,,,,,,11,,224,224,0,1652205892,0,159,0,16,0,0.12594357132911682,1.0,-13.683363914489746,3.829831600189209,1.0,0.5046048760414124,2942.3359375,67.03369140625,,data/instances/train/real_07.cip
mix_16_0,29,1470,1470,A,,60.0,100,0.5256856679916382,3.1914491653442383,6.135047435760498,0.4189166666666667,,,,,,,,,,,,,,,,,,,,,11,,224,224,0,1652205892,0,159,0,16,0,0.14744973182678223,1.0,-10.791958808898926,5.6277594566345215,1.0,0.5638061538338661,2942.3359375,67.03369140625,,data/instances/train/real_07.cip
mix_16_0,29,1471,1471,A,,60.0,100,0.1322401463985443,0.9635877013206482,2.106795072555542,0.4189166666666667,,,,,,,,,,,,,,,,,,,,,15,,224,224,0,1652205892,0,159,0,16,0,0.17951646447181702,1.0,-10.707715034484863,4.775452136993408,1.0,0.6208122558891773,2942.3359375,67.03369140625,,data/instances/train/real_07.cip
mix_16_0,29,1472,1472,A,,60.0,100,0.19092217087745667,1.2517139911651611,3.353325843811035,0.4189166666666667,,,,,,,,,,,,,,,,,,,,,14,,224,224,0,1652205892,0,159,0,16,0,0.1392255574464798,1.0,-11.912670135498047,4.639833927154541,1.0,0.5932187456637621,2942.3359375,67.03369140625,,data/instances/train/real_07.cip
mix_16_0,29,1473,1473,A,,60.0,100,0.18778768181800842,1.962376356124878,2.145979404449463,0.41733333333333344,,,,,,,,,,,,,,,,,,,,,14,,224,224,0,1651354100,0,160,0,16,0,0.09107562899589539,1.0,-13.602821350097656,3.5657074451446533,146.0,0.5316392965614796,2942.3359375,67.03369140625,,data/instances/train/real_07.cip
mix_16_0,29,1474,1474,A,,60.0,100,0.26268646121025085,3.5352678298950195,4.586122035980225,0.41733333333333344,,,,,,,,,,,,,,,,,,,,,12,,224,224,0,1651354100,0,160,0,16,0,0.06471096724271774,1.0,-14.053857803344727,2.6572132110595703,146.0,0.5730147995054722,2942.3359375,67.03369140625,,data/instances/train/real_07.cip
mix_16_0,29,1475,1475,A,,60.0,100,0.3513653576374054,3.2111668586730957,8.108843803405762,0.41733333333333344,,,,,,,,,,,,,,,,,,,,,12,,224,224,0,1651354100,0,160,0,16,0,0.09083811938762665,1.0,-12.674205780029297,4.316834449768066,146.0,0.5974688213318586,2942.3359375,67.03369140625,,data/instances/train/real_07.cip
mix_16_0,29,1476,1476,A,,60.0,100,0.6378685235977173,3.92543363571167,1.8420904874801636,0.41733333333333344,,,,,,,,,,,,,,,,,,,,,11,,224,224,0,1651354100,0,160,0,16,0,0.1482160985469818,1.0,-12.06265640258789,3.3035011291503906,146.0,0.5738126505166292,2942.3359375,67.03369140625,,data/instances/train/real_07.cip
mix_16_0,29,1477,1477,A,,60.0,100,0.28073084354400635,2.1083593368530273,2.5054330825805664,0.41575000000000006,,,,,,,,,,,,,,,,,,,,,13,,224,224,0,1650293532,0,161,0,16,0,0.10750855505466461,1.0,-14.471565246582031,3.801722764968872,1.0,0.5153285320848227,2942.3359375,67.03369140625,,data/instances/train/real_07.cip
mix_16_0,29,1478,1478,A,,60.0,100,0.3659032881259918,3.404520034790039,9.714242935180664,0.41575000000000006,,,,,,,,,,,,,,,,,,,,,12,,224,224,0,1650293532,0,161,0,16,0,0.09162960201501846,1.0,-12.247543334960938,3.622546911239624,1.0,0.5678934101015329,2942.3359375,67.03369140625,,data/instances/train/real_07.cip
mix_16_0,29,1479,1479,A,,60.0,100,0.43161627650260925,3.6809117794036865,2.4604554176330566,0.41575000000000006,,,,,,,,,,,,,,,,,,,,,11,,224,224,0,1650293532,0,161,0,16,0,0.10439794510602951,1.0,-12.626585006713867,3.7199721336364746,1.0,0.5813215356320143,2942.3359375,67.03369140625,,data/instances/train/real_07.cip
mix_16_0,29,1480,1480,A,,60.0,100,0.9533364772796631,4.70881462097168,2.5342845916748047,0.41575000000000006,,,,,,,,,,,,,,,,,,,,,10,,224,224,0,1650293532,0,161,0,16,0,0.18084754049777985,1.0,-12.121702194213867,3.6197781562805176,1.0,0.5738707836717367,2942.3359375,67.03369140625,,data/instances/train/real_07.cip
mix_16_0,29,1481,1481,A,,60.0,100,0.35176557302474976,2.2003912925720215,8.4048433303833,0.4141666666666667,,,,,,,,,,,,,,,,,,,,,13,,224,224,0,1648120264,0,162,0,16,0,0.1394483745098114,1.0,-11.900298118591309,3.9395782947540283,1.0,0.5233730748295784,2942.3359375,67.03369140625,,data/instances/train/real_07.cip
mix_16_0,29,1482,1482,A,,60.0,100,0.3833731710910797,3.0583698749542236,5.19469690322876,0.4141666666666667,,,,,,,,,,,,,,,,,,,,,12,,224,224,0,1648120264,0,162,0,16,0,0.11157604306936264,1.0,-12.865191459655762,3.1071248054504395,1.0,0.5562504809349775,2942.3359375,67.03369140625,,data/instances/train/real_07.cip
mix_16_0,29,1483,1483,A,,60.0,100,0.3838523030281067,2.493054151535034,11.963736534118652,0.4141666666666667,,,,,,,,,,,,,,,,,,,,,13,,224,224,0,1648120264,0,162,0,16,0,0.129985049366951,1.0,-12.797467231750488,3.9381961822509766,1.0,0.6055392883718014,2942.3359375,67.03369140625,,data/instances/train/real_07.cip
mix_16_0,29,1484,1484,A,,60.0,100,0.9441800117492676,3.924640655517578,4.372597694396973,0.4141666666666667,,,,,,,,,,,,,,,,,,,,,11,,224,224,0,1648120264,0,162,0,16,0,0.2124808132648468,1.0,-9.959161758422852,3.3770270347595215,1.0,0.582218574360013,2942.3359375,67.03369140625,,data/instances/train/real_07.cip
mix_16_0,29,1485,1485,A,,60.0,100,0.5963071584701538,3.550915002822876,8.81839656829834,0.4125833333333334,,,,,,,,,,,,,,,,,,,,,11,,224,224,0,1646053880,0,163,0,16,0,0.16304463148117065,1.0,-13.14164924621582,4.494877815246582,1.0,0.48786560259759426,2942.3359375,67.03369140625,,data/instances/train/real_07.cip
mix_16_0,29,1486,1486,A,,60.0,100,0.8324562907218933,5.101315498352051,3.7456657886505127,0.4125833333333334,,,,,,,,,,,,,,,,,,,,,9,,224,224,0,1646053880,0,163,0,16,0,0.15500937402248383,1.0,-13.117704391479492,4.845974922180176,1.0,0.5269210506230593,2942.3359375,67.03369140625,,data/instances/train/real_07.cip
mix_16_0,29,1487,1487,A,,60.0,100,0.5668190717697144,3.489703893661499,7.848116874694824,0.4125833333333334,,,,,,,,,,,,,,,,,,,,,12,,224,224,0,1646053880,0,163,0,16,0,0.1487341970205307,1.0,-12.662922859191895,3.344481945037842,1.0,0.6132566779851913,2942.3359375,67.03369140625,,data/instances/train/real_07.cip
mix_16_0,29,1488,1488,A,,60.0,100,0.5390446782112122,3.2978172302246094,12.23995590209961,0.4125833333333334,,,,,,,,,,,,,,,,,,,,,12,,224,224,0,1646053880,0,163,0,16,0,0.13243429362773895,1.0,-12.940119743347168,4.39774751663208,1.0,0.5814688466489315,2942.3359375,67.03369140625,,data/instances/train/real_07.cip
mix_16_0,29,1489,1489,A,,60.0,100,0.16722902655601501,2.091059684753418,3.220876693725586,0.41100000000000003,,,,,,,,,,,,,,,,,,,,,13,,224,224,0,1643671008,0,164,0,16,0,0.07739996910095215,1.0,-12.415602684020996,4.41818904876709,112.0,0.5026169456541538,2942.3359375,67.03369140625,,data/instances/train/real_07.cip
mix_16_0,29,1490,1490,A,,60.0,100,0.3172656297683716,2.880331516265869,2.5876574516296387,0.41100000000000003,,,,,,,,,,,,,,,,,,,,,13,,224,224,0,1643671008,0,164,0,16,0,0.10376916825771332,1.0,-13.369887351989746,4.64000940322876,112.0,0.5800361931324005,2942.3359375,67.03369140625,,data/instances/train/real_07.cip
mix_16_0,29,1491,1491,A,,60.0,100,0.39700233936309814,2.6702709197998047,11.937417984008789,0.41100000000000003,,,,,,,,,,,,,,,,,,,,,11,,224,224,0,1643671008,0,164,0,16,0,0.11435042321681976,1.0,-13.127739906311035,4.85009765625,112.0,0.5823018215596676,2942.3359375,67.03369140625,,data/instances/train/real_07.cip
mix_16_0,29,1492,1492,A,,60.0,100,0.7216078042984009,3.176255941390991,16.246810913085938,0.41100000000000003,,,,,,,,,,,,,,,,,,,,,12,,224,224,0,1643671008,0,164,0,16,0,0.18827249109745026,1.0,-11.52432632446289,3.790451765060425,112.0,0.592968238517642,2942.3359375,67.03369140625,,data/instances/train/real_07.cip
mix_16_0,29,1493,1493,A,,60.0,100,0.49876803159713745,5.742170333862305,5.214750289916992,0.40941666666666665,,,,,,,,,,,,,,,,,,,,,9,,224,224,0,1640925652,0,165,0,16,0,0.08169680833816528,1.0,-12.515192985534668,3.9644525051116943,6.0,0.4398308265954256,2942.3359375,67.03369140625,,data/instances/train/real_07.cip
mix_16_0,29,1494,1494,A,,60.0,100,0.18832162022590637,2.1065196990966797,6.332022190093994,0.40941666666666665,,,,,,,,,,,,,,,,,,,,,13,,224,224,0,1640925652,0,165,0,16,0,0.07715751230716705,1.0,-12.257880210876465,4.328058242797852,6.0,0.5787797756493092,2942.3359375,67.03369140625,,data/instances/train/real_07.cip
mix_16_0,29,1495,1495,A,,60.0,100,0.3575049936771393,2.5761146545410156,13.981514930725098,0.40941666666666665,,,,,,,,,,,,,,,,,,,,,12,,224,224,0,1640925652,0,165,0,16,0,0.08452865481376648,1.0,-9.269630432128906,4.103719234466553,6.0,0.591498751193285,2942.3359375,67.03369140625,,data/instances/train/real_07.cip
mix_16_0,29,1496,1496,A,,60.0,100,0.19839778542518616,2.2415661811828613,9.239632606506348,0.40941666666666665,,,,,,,,,,,,,,,,,,,,,14,,224,224,0,1640925652,0,165,0,16,0,0.0687839537858963,1.0,-11.858577728271484,2.7034003734588623,6.0,0.5998017098754644,2942.3359375,67.03369140625,,data/instances/train/real_07.cip
mix_16_0,29,1497,1497,A,,60.0,100,0.3430298864841461,2.1281354427337646,5.809239387512207,0.4078333333333334,,,,,,,,,,,,,,,,,,,,,13,,224,224,0,1638178296,0,166,0,16,0,0.14552205801010132,1.0,-10.968681335449219,4.21476936340332,112.0,0.3957846537232399,2942.3359375,67.03369140625,,data/instances/train/real_07.cip
mix_16_0,29,1498,1498,A,,60.0,100,0.2048431783914566,4.457435607910156,3.5747580528259277,0.4078333333333334,,,,,,,,,,,,,,,,,,,,,11,,224,224,0,1638178296,0,166,0,16,0,0.04380151629447937,1.0,-13.583257675170898,2.8785808086395264,112.0,0.5007334761321545,2942.3359375,67.03369140625,,data/instances/train/real_07.cip
mix_16_0,29,1499,1499,A,,60.0,100,0.28263550996780396,2.415656089782715,14.183466911315918,0.4078333333333334,,,,,,,,,,,,,,,,,,,,,14,,224,224,0,1638178296,0,166,0,16,0,0.09017934650182724,1.0,-13.950183868408203,3.3432040214538574,112.0,0.6109291426837444,2942.3359375,67.03369140625,,data/instances/train/real_07.cip
mix_16_0,29,1500,1500,A,,60.0,100,0.3588927388191223,2.7990291118621826,13.211393356323242,0.4078333333333334,,,,,,,,,,,,,,,,,,,,,13,,224,224,0,1638178296,0,166,0,16,0,0.09805423021316528,1.0,-12.996553421020508,3.456385850906372,112.0,0.5896078925579786,2942.3359375,67.03369140625,,data/instances/train/real_07.cip
mix_16_0,29,1501,1501,A,,60.0,100,0.8429340720176697,4.310364246368408,8.881610870361328,0.40625,,,,,,,,,,,,,,,,,,,,,11,,224,224,0,1635212548,0,167,0,16,0,0.18245117366313934,1.0,-13.35432243347168,3.533261775970459,112.0,0.4810163527727127,2942.3359375,67.03369140625,,data/instances/train/real_07.cip
mix_16_0,29,1502,1502,A,,60.0,100,0.5289581418037415,4.201406478881836,7.791446208953857,0.40625,,,,,,,,,,,,,,,,,,,,,11,,224,224,0,1635212548,0,167,0,16,0,0.12119117379188538,1.0,-13.541374206542969,3.9992473125457764,112.0,0.5572056397795677,2942.3359375,67.03369140625,,data/instances/train/real_07.cip
mix_16_0,29,1503,1503,A,,60.0,100,0.16157028079032898,1.097987413406372,6.699174404144287,0.40625,,,,,,,,,,,,,,,,,,,,,15,,224,224,0,1635212548,0,167,0,16,0,0.13093140721321106,1.0,-14.8367280960083,3.27976131439209,112.0,0.5994335412979126,2942.3359375,67.03369140625,,data/instances/train/real_07.cip
mix_16_0,29,1504,1504,A,,60.0,100,0.5766720771789551,3.748589515686035,3.566727876663208,0.40625,,,,,,,,,,,,,,,,,,,,,12,,224,224,0,1635212548,0,167,0,16,0,0.1358558088541031,1.0,-12.03809642791748,3.363935947418213,112.0,0.5875217448920012,2942.3359375,67.03369140625,,data/instances/train/real_07.cip
mix_16_0,29,1505,1505,A,,60.0,100,0.5461425185203552,4.266995906829834,6.178915023803711,0.4046666666666666,,,,,,,,,,,,,,,,,,,,,11,,224,224,0,1632383608,0,168,0,16,0,0.1159920021891594,1.0,-11.483159065246582,3.674771308898926,1.0,0.4757427331060171,2942.3359375,67.03369140625,,data/instances/train/real_07.cip
mix_16_0,29,1506,1506,A,,60.0,100,0.0981464758515358,3.6973462104797363,3.3144235610961914,0.4046666666666666,,,,,,,,,,,,,,,,,,,,,12,,224,224,0,1632383608,0,168,0,16,0,0.023128746077418327,1.0,-11.396751403808594,2.5765233039855957,1.0,0.5830009430646896,2942.3359375,67.03369140625,,data/instances/train/real_07.cip
mix_16_0,29,1507,1507,A,,60.0,100,0.20512083172798157,1.69887375831604,1.745696783065796,0.4046666666666666,,,,,,,,,,,,,,,,,,,,,13,,224,224,0,1632383608,0,168,0,16,0,0.09537710249423981,1.0,-11.959495544433594,4.459585189819336,1.0,0.6057342253625393,2942.3359375,67.03369140625,,data/instances/train/real_07.cip
mix_16_0,29,1508,1508,A,,60.0,100,0.3690759539604187,2.312213182449341,7.4944634437561035,0.4046666666666666,,,,,,,,,,,,,,,,,,,,,13,,224,224,0,1632383608,0,168,0,16,0,0.13668082654476166,1.0,-13.484220504760742,3.3564021587371826,1.0,0.5961964037269354,2942.3359375,67.03369140625,,data/instances/train/real_07.cip
episode,29,1508,1508,A,,60.0,100,0.3690759539604187,2.312213182449341,7.4944634437561035,0.40308333333333335,-14.011899999999999,-14.0,-0.0119,-14.011899999999999,True,15,61.400936,,,,,,,,inf,1e+20,120.0,inf,0.0,9432,13,True,224,224,0,1626601472,0,170,0,16,0,,,,,35.5,,2942.3359375,67.03369140625,timelimit,data/instances/train/real_07.cip
validation,30,1508,1508,A,,,,,,,,,,,,,,,1.0,9.248103,inf,0.0,9.248103,1.0,8436.0,,,,,,,,,224,224,0,1626601472,0,170,0,,,,,,,,,,,optimal,data/instances/validation/real_08.cip
mix_16_0,30,1509,1509,A,,60.0,100,0.40863165259361267,3.578516960144043,8.08722972869873,0.40308333333333335,,,,,,,,,,,,,,,,,,,,,12,,224,224,0,1626601472,0,170,0,16,0,0.1023179367184639,1.0,-14.62413501739502,3.060281991958618,1.0,0.5357457585632801,2955.16796875,67.03369140625,,data/instances/transfer/real_01.cip
mix_16_0,30,1510,1510,A,,60.0,100,0.4966927170753479,3.591198444366455,1.6705162525177002,0.40308333333333335,,,,,,,,,,,,,,,,,,,,,11,,224,224,0,1626601472,0,170,0,16,0,0.13223415613174438,1.0,-13.318717956542969,3.289504289627075,1.0,0.5585899874567986,2955.16796875,67.03369140625,,data/instances/transfer/real_01.cip
mix_16_0,30,1511,1511,A,,60.0,100,0.33335167169570923,2.753420352935791,1.313421368598938,0.40308333333333335,,,,,,,,,,,,,,,,,,,,,13,,224,224,0,1626601472,0,170,0,16,0,0.11217451840639114,1.0,-13.4197416305542,2.747812271118164,1.0,0.603188045322895,2955.16796875,67.03369140625,,data/instances/transfer/real_01.cip
mix_16_0,30,1512,1512,A,,60.0,100,0.6462855935096741,3.673686981201172,9.420882225036621,0.40308333333333335,,,,,,,,,,,,,,,,,,,,,10,,224,224,0,1626601472,0,170,0,16,0,0.15870055556297302,1.0,-11.161721229553223,4.057717323303223,1.0,0.4191649165004492,2955.16796875,67.03369140625,,data/instances/transfer/real_01.cip
mix_16_0,30,1513,1513,A,,60.0,100,0.15506386756896973,1.5122302770614624,10.720593452453613,0.4015000000000001,,,,,,,,,,,,,,,,,,,,,15,,224,224,0,1626601472,0,170,0,16,0,0.08106332272291183,1.0,-10.488157272338867,4.165351867675781,677.0,0.5198331251740456,2955.16796875,67.03369140625,,data/instances/transfer/real_01.cip
mix_16_0,30,1514,1514,A,,60.0,100,0.3707781434059143,3.088867425918579,2.1228115558624268,0.4015000000000001,,,,,,,,,,,,,,,,,,,,,11,,224,224,0,1626601472,0,170,0,16,0,0.10774818807840347,1.0,-10.29173469543457,4.064204692840576,677.0,0.5514168795198202,2955.16796875,67.03369140625,,data/instances/transfer/real_01.cip
mix_16_0,30,1515,1515,A,,60.0,100,0.6629248261451721,4.993814468383789,7.1388936042785645,0.4015000000000001,,,,,,,,,,,,,,,,,,,,,9,,224,224,0,1626601472,0,170,0,16,0,0.1283702552318573,1.0,-13.308563232421875,4.176774501800537,677.0,0.5657685920596123,2955.16796875,67.03369140625,,data/instances/transfer/real_01.cip
mix_16_0,30,1516,1516,A,,60.0,100,0.12916192412376404,1.2595733404159546,6.4891510009765625,0.4015000000000001,,,,,,,,,,,,,,,,,,,,,14,,224,224,0,1626601472,0,170,0,16,0,0.08721699565649033,1.0,-12.451136589050293,3.5273852348327637,677.0,0.6191145051270723,2955.16796875,67.03369140625,,data/instances/transfer/real_01.cip
mix_16_0,30,1517,1517,A,,60.0,100,0.4440176486968994,2.0832650661468506,6.709394454956055,0.3999166666666667,,,,,,,,,,,,,,,,,,,,,13,,224,224,0,1628554740,0,171,0,16,0,0.19459515810012817,1.0,-13.49821662902832,4.159872531890869,1.0,0.5116210207343102,2955.16796875,67.03369140625,,data/instances/transfer/real_01.cip
mix_16_0,30,1518,1518,A,,60.0,100,0.5241414308547974,2.2602028846740723,5.703606605529785,0.3999166666666667,,,,,,,,,,,,,,,,,,,,,14,,224,224,0,1628554740,0,171,0,16,0,0.1934746354818344,1.0,-11.389995574951172,3.249713182449341,1.0,0.5869182273745537,2955.16796875,67.03369140625,,data/instances/transfer/real_01.cip
mix_16_0,30,1519,1519,A,,60.0,100,0.34860384464263916,3.106649875640869,3.314638376235962,0.3999166666666667,,,,,,,,,,,,,,,,,,,,,12,,224,224,0,1628554740,0,171,0,16,0,0.0921359434723854,1.0,-12.23383903503418,4.248388767242432,1.0,0.5897919423878193,2955.16796875,67.03369140625,,data/instances/transfer/real_01.cip
mix_16_0,30,1520,1520,A,,60.0,100,0.6264773607254028,4.585343837738037,3.971710205078125,0.3999166666666667,,,,,,,,,,,,,,,,,,,,,11,,224,224,0,1628554740,0,171,0,16,0,0.1366771161556244,1.0,-15.254731178283691,3.3420841693878174,1.0,0.5821299143135548,2955.16796875,67.03369140625,,data/instances/transfer/real_01.cip
mix_16_0,30,1521,1521,A,,60.0,100,0.18231862783432007,1.377197027206421,10.669610023498535,0.39833333333333343,,,,,,,,,,,,,,,,,,,,,15,,224,224,0,1630068528,0,172,0,16,0,0.1247074082493782,1.0,-15.428154945373535,3.5956408977508545,1.0,0.5583713706582785,2955.16796875,67.03369140625,,data/instances/transfer/real_01.cip
mix_16_0,30,1522,1522,A,,60.0,100,0.28881338238716125,3.884023666381836,4.274864673614502,0.39833333333333343,,,,,,,,,,,,,,,,,,,,,11,,224,224,0,1630068528,0,172,0,16,0,0.06793417781591415,1.0,-10.180648803710938,4.678684711456299,1.0,0.544746357947588,2955.16796875,67.03369140625,,data/instances/transfer/real_01.cip
mix_16_0,30,1523,1523,A,,60.0,100,0.22894187271595,1.0025644302368164,13.325708389282227,0.39833333333333343,,,,,,,,,,,,,,,,,,,,,15,,224,224,0,1630068528,0,172,0,16,0,0.2553889751434326,1.0,-11.582221984863281,5.414960861206055,1.0,0.6110945101827383,2955.16796875,67.03369140625,,data/instances/transfer/real_01.cip
mix_16_0,30,1524,1524,A,,60.0,100,0.3301551938056946,2.1268434524536133,9.162961959838867,0.39833333333333343,,,,,,,,,,,,,,,,,,,,,14,,224,224,0,1630068528,0,172,0,16,0,0.14455190300941467,1.0,-14.188749313354492,3.5747783184051514,1.0,0.6066342033445835,2955.16796875,67.03369140625,,data/instances/transfer/real_01.cip
mix_16_0,30,1525,1525,A,,60.0,100,0.5781770944595337,3.642714738845825,4.524308204650879,0.39675000000000005,,,,,,,,,,,,,,,,,,,,,12,,224,224,0,1631603572,0,173,0,16,0,0.14652897417545319,1.0,-12.931974411010742,5.034496784210205,1.0,0.4910032246261835,2955.16796875,67.03369140625,,data/instances/transfer/real_01.cip
mix_16_0,30,1526,1526,A,,60.0,100,0.3228146731853485,3.486603260040283,4.004472732543945,0.39675000000000005,,,,,,,,,,,,,,,,,,,,,12,,224,224,0,1631603572,0,173,0,16,0,0.08325807005167007,1.0,-11.843324661254883,3.467313289642334,1.0,0.5847867280244827,2955.16796875,67.03369140625,,data/instances/transfer/real_01.cip
mix_16_0,30,1527,1527,A,,60.0,100,0.3289545774459839,2.787853717803955,5.372114181518555,0.39675000000000005,,,,,,,,,,,,,,,,,,,,,13,,224,224,0,1631603572,0,173,0,16,0,0.10755868256092072,1.0,-14.046113967895508,3.7739145755767822,1.0,0.6449869610369205,2955.16796875,67.03369140625,,data/instances/transfer/real_01.cip
mix_16_0,30,1528,1528,A,,60.0,100,0.16229239106178284,2.287386178970337,4.058810710906982,0.39675000000000005,,,,,,,,,,,,,,,,,,,,,14,,224,224,0,1631603572,0,173,0,16,0,0.06074213236570358,1.0,-12.85909366607666,3.34828519821167,1.0,0.6937047876417637,2955.16796875,67.03369140625,,data/instances/transfer/real_01.cip
mix_16_0,30,1529,1529,A,,60.0,100,0.4641329050064087,4.663443565368652,1.0711894035339355,0.39516666666666667,,,,,,,,,,,,,,,,,,,,,11,,224,224,0,1636754260,0,174,0,16,0,0.09824048727750778,1.0,-13.18419361114502,3.5893242359161377,1.0,0.47904621437191963,2955.16796875,67.03369140625,,data/instances/transfer/real_01.cip
mix_16_0,30,1530,1530,A,,60.0,100,0.14419394731521606,1.6663854122161865,3.5754294395446777,0.39516666666666667,,,,,,,,,,,,,,,,,,,,,13,,224,224,0,1636754260,0,174,0,16,0,0.061381593346595764,1.0,-12.720129013061523,5.026576519012451,1.0,0.6281638443470001,2955.16796875,67.03369140625,,data/instances/transfer/real_01.cip
mix_16_0,30,1531,1531,A,,60.0,100,0.3541049063205719,2.1616101264953613,2.4447860717773438,0.39516666666666667,,,,,,,,,,,,,,,,,,,,,14,,224,224,0,1636754260,0,174,0,16,0,0.14520540833473206,1.0,-13.772005081176758,3.3361568450927734,1.0,0.6290225964039564,2955.16796875,67.03369140625,,data/instances/transfer/real_01.cip
mix_16_0,30,1532,1532,A,,60.0,100,0.8406458497047424,7.338371276855469,7.0437092781066895,0.39516666666666667,,,,,,,,,,,,,,,,,,,,,7,,224,224,0,1636754260,0,174,0,16,0,0.10725727677345276,1.0,-12.301615715026855,3.648451566696167,1.0,0.5993230566382408,2955.16796875,67.03369140625,,data/instances/transfer/real_01.cip
mix_16_0,30,1533,1533,A,,60.0,100,0.1199176087975502,1.9931490421295166,3.739687442779541,0.3935833333333334,,,,,,,,,,,,,,,,,,,,,14,,224,224,0,1641925476,0,175,0,16,0,0.0567256435751915,1.0,-12.666528701782227,4.2258524894714355,1.0,0.5211516320705414,2955.16796875,67.03369140625,,data/instances/transfer/real_01.cip
mix_16_0,30,1534,1534,A,,60.0,100,0.053709130734205246,1.7659778594970703,0.9353482127189636,0.3935833333333334,,,,,,,,,,,,,,,,,,,,,14,,224,224,0,1641925476,0,175,0,16,0,0.02973211370408535,1.0,-15.13918685913086,3.5898783206939697,1.0,0.6026295945048332,2955.16796875,67.03369140625,,data/instances/transfer/real_01.cip
mix_16_0,30,1535,1535,A,,60.0,100,0.09046919643878937,2.1943445205688477,0.7899040579795837,0.3935833333333334,,,,,,,,,,,,,,,,,,,,,13,,224,224,0,1641925476,0,175,0,16,0,0.037132054567337036,1.0,-11.918131828308105,4.592708587646484,1.0,0.6160925943404436,2955.16796875,67.03369140625,,data/instances/transfer/real_01.cip
mix_16_0,30,1536,1536,A,,60.0,100,0.3610371947288513,3.566467523574829,7.459051132202148,0.3935833333333334,,,,,,,,,,,,,,,,,,,,,12,,224,224,0,1641925476,0,175,0,16,0,0.09518321603536606,1.0,-14.74591064453125,2.5463223457336426,1.0,0.6563628520816565,2955.16796875,67.03369140625,,data/instances/transfer/real_01.cip
mix_16_0,30,1537,1537,A,,60.0,100,0.15491865575313568,2.9184277057647705,1.234805941581726,0.392,,,,,,,,,,,,,,,,,,,,,13,,224,224,0,1647109772,0,176,0,16,0,0.048728179186582565,1.0,-14.563318252563477,2.9096176624298096,94.0,0.5226017255336046,2955.16796875,67.03369140625,,data/instances/transfer/real_01.cip
mix_16_0,30,1538,1538,A,,60.0,100,0.4383402168750763,2.942173719406128,4.730319976806641,0.392,,,,,,,,,,,,,,,,,,,,,10,,224,224,0,1647109772,0,176,0,16,0,0.13829205930233002,1.0,-11.798269271850586,4.2192230224609375,94.0,0.5535932444036007,2955.16796875,67.03369140625,,data/instances/transfer/real_01.cip
mix_16_0,30,1539,1539,A,,60.0,100,0.28847718238830566,3.3053319454193115,3.1178650856018066,0.392,,,,,,,,,,,,,,,,,,,,,11,,224,224,0,1647109772,0,176,0,16,0,0.07369787991046906,1.0,-9.995588302612305,4.0870866775512695,94.0,0.6188018582761288,2955.16796875,67.03369140625,,data/instances/transfer/real_01.cip
mix_16_0,30,1540,1540,A,,60.0,100,0.2605850100517273,2.258286952972412,9.44780158996582,0.392,,,,,,,,,,,,,,,,,,,,,13,,224,224,0,1647109772,0,176,0,16,0,0.0907612219452858,1.0,-13.341567039489746,4.001845359802246,94.0,0.6452925838530064,2955.171875,67.03369140625,,data/instances/transfer/real_01.cip
mix_16_0,30,1541,1541,A,,60.0,100,1.2440054416656494,6.1980085372924805,4.567439079284668,0.39041666666666663,,,,,,,,,,,,,,,,,,,,,8,,224,224,0,1652326784,0,177,0,16,0,0.19236215949058533,1.0,-12.778367042541504,3.153679370880127,493.0,0.4681428726762533,2955.171875,67.03369140625,,data/instances/transfer/real_01.cip
mix_16_0,30,1542,1542,A,,60.0,100,0.30712267756462097,2.310760021209717,4.349238395690918,0.39041666666666663,,,,,,,,,,,,,,,,,,,,,13,,224,224,0,1652326784,0,177,0,16,0,0.11263599991798401,1.0,-12.492145538330078,4.268271446228027,493.0,0.5740515850484371,2955.171875,67.03369140625,,data/instances/transfer/real_01.cip
mix_16_0,30,1543,1543,A,,60.0,100,0.19161628186702728,2.2551074028015137,1.096107840538025,0.39041666666666663,,,,,,,,,,,,,,,,,,,,,13,,224,224,0,1652326784,0,177,0,16,0,0.0762154832482338,1.0,-12.579886436462402,3.6301348209381104,493.0,0.6664667259901762,2955.171875,67.03369140625,,data/instances/transfer/real_01.cip
mix_16_0,30,1544,1544,A,,60.0,100,0.25246891379356384,2.640866756439209,1.8211352825164795,0.39041666666666663,,,,,,,,,,,,,,,,,,,,,12,,224,224,0,1652326784,0,177,0,16,0,0.09350943565368652,1.0,-12.5355806350708,3.813965082168579,493.0,0.6533037852495909,2955.171875,67.03369140625,,data/instances/transfer/real_01.cip
mix_16_0,30,1545,1545,A,,60.0,100,0.5033934116363525,3.2200498580932617,5.9667253494262695,0.38883333333333336,,,,,,,,,,,,,,,,,,,,,12,,224,224,0,1657514096,0,178,0,16,0,0.15606582164764404,1.0,-12.591023445129395,3.4032397270202637,1.0,0.49051751010119915,2955.171875,67.03369140625,,data/instances/transfer/real_01.cip
mix_16_0,30,1546,1546,A,,60.0,100,0.2813546657562256,2.3482656478881836,9.028308868408203,0.38883333333333336,,,,,,,,,,,,,,,,,,,,,13,,224,224,0,1657514096,0,178,0,16,0,0.09661561995744705,1.0,-13.650146484375,4.02097749710083,1.0,0.5759032722562551,2955.171875,67.03369140625,,data/instances/transfer/real_01.cip
mix_16_0,30,1547,1547,A,,60.0,100,0.3345511555671692,3.7343008518218994,3.7808761596679688,0.38883333333333336,,,,,,,,,,,,,,,,,,,,,11,,224,224,0,1657514096,0,178,0,16,0,0.0847737267613411,1.0,-12.11170482635498,4.079533576965332,1.0,0.5758856032043695,2955.171875,67.03369140625,,data/instances/transfer/real_01.cip
mix_16_0,30,1548,1548,A,,60.0,100,0.3711298108100891,3.8204057216644287,3.426300048828125,0.38883333333333336,,,,,,,,,,,,,,,,,,,,,10,,224,224,0,1657514096,0,178,0,16,0,0.08496011048555374,1.0,-12.128642082214355,5.003282070159912,1.0,0.5780448988080025,2955.171875,67.03369140625,,data/instances/transfer/real_01.cip
mix_16_0,30,1549,1549,A,,60.0,100,0.0934460386633873,1.3461517095565796,6.245401382446289,0.38725,,,,,,,,,,,,,,,,,,,,,15,,224,224,0,1662662808,0,179,0,16,0,0.05349412187933922,1.0,-13.165522575378418,4.804238319396973,1.0,0.553334878757596,2955.171875,67.03369140625,,data/instances/transfer/real_01.cip
mix_16_0,30,1550,1550,A,,60.0,100,0.11102291941642761,1.358723521232605,7.978313446044922,0.38725,,,,,,,,,,,,,,,,,,,,,15,,224,224,0,1662662808,0,179,0,16,0,0.06706355512142181,1.0,-12.87082576751709,3.465486526489258,1.0,0.5597167275846004,2955.171875,67.03369140625,,data/instances/transfer/real_01.cip
mix_16_0,30,1551,1551,A,,60.0,100,0.17830471694469452,1.4156649112701416,1.0398688316345215,0.38725,,,,,,,,,,,,,,,,,,,,,14,,224,224,0,1662662808,0,179,0,16,0,0.11734829843044281,1.0,-11.897346496582031,4.1537370681762695,1.0,0.5843253880739212,2955.171875,67.03369140625,,data/instances/transfer/real_01.cip
mix_16_0,30,1552,1552,A,,60.0,100,0.64971524477005,5.43943977355957,11.498004913330078,0.38725,,,,,,,,,,,,,,,,,,,,,9,,224,224,0,1662662808,0,179,0,16,0,0.1041770800948143,1.0,-13.53349494934082,3.9684624671936035,1.0,0.5434110593050718,2955.171875,67.03369140625,,data/instances/transfer/real_01.cip
mix_16_0,30,1553,1553,A,,60.0,100,0.8212535381317139,4.709578514099121,19.347393035888672,0.3856666666666667,,,,,,,,,,,,,,,,,,,,,10,,224,224,0,1667907720,0,180,0,16,0,0.1467422991991043,1.0,-11.31797981262207,3.5417697429656982,362.0,0.4886199366301298,2955.171875,67.03369140625,,data/instances/transfer/real_01.cip
mix_16_0,30,1554,1554,A,,60.0,100,0.35320210456848145,3.7273614406585693,6.714040279388428,0.3856666666666667,,,,,,,,,,,,,,,,,,,,,12,,224,224,0,1667907720,0,180,0,16,0,0.08088202029466629,1.0,-13.697057723999023,5.087559223175049,362.0,0.5566570479422808,2955.171875,67.03369140625,,data/instances/transfer/real_01.cip
mix_16_0,30,1555,1555,A,,60.0,100,0.6313461065292358,3.3837571144104004,4.410638332366943,0.3856666666666667,,,,,,,,,,,,,,,,,,,,,10,,224,224,0,1667907720,0,180,0,16,0,0.15941911935806274,1.0,-11.794601440429688,4.801175117492676,362.0,0.5636515561491251,2955.171875,67.03369140625,,data/instances/transfer/real_01.cip
mix_16_0,30,1556,1556,A,,60.0,100,0.18045485019683838,3.803832530975342,1.9738731384277344,0.3856666666666667,,,,,,,,,,,,,,,,,,,,,11,,224,224,0,1667907720,0,180,0,16,0,0.04325423762202263,1.0,-12.119659423828125,4.732308387756348,362.0,0.5842699594795704,2955.171875,67.03369140625,,data/instances/transfer/real_01.cip
mix_16_0,30,1557,1557,A,,60.0,100,0.17564253509044647,2.7183547019958496,7.230264186859131,0.38408333333333333,,,,,,,,,,,,,,,,,,,,,12,,224,224,0,1673079748,0,181,0,16,0,0.03206346184015274,1.0,-9.811103820800781,3.590916633605957,1.0,0.5030235592275858,2955.171875,67.03369140625,,data/instances/transfer/real_01.cip
mix_16_0,30,1558,1558,A,,60.0,100,0.24433153867721558,2.2750258445739746,11.9752836227417,0.38408333333333333,,,,,,,,,,,,,,,,,,,,,14,,224,224,0,1673079748,0,181,0,16,0,0.08132666349411011,1.0,-13.558807373046875,3.6026148796081543,1.0,0.6013086885213852,2955.171875,67.03369140625,,data/instances/transfer/real_01.cip
mix_16_0,30,1559,1559,A,,60.0,100,0.38866037130355835,3.226580858230591,7.330833911895752,0.38408333333333333,,,,,,,,,,,,,,,,,,,,,11,,224,224,0,1673079748,0,181,0,16,0,0.09608200937509537,1.0,-12.146173477172852,3.855727195739746,1.0,0.559349013492465,2955.171875,67.03369140625,,data/instances/transfer/real_01.cip
mix_16_0,30,1560,1560,A,,60.0,100,0.1965387463569641,1.1766643524169922,3.3514468669891357,0.38408333333333333,,,,,,,,,,,,,,,,,,,,,15,,224,224,0,1673079748,0,181,0,16,0,0.1687883883714676,1.0,-12.069343566894531,3.6336255073547363,1.0,0.6242410112172365,2955.171875,67.03369140625,,data/instances/transfer/real_01.cip
episode,30,1560,1560,A,,60.0,100,0.1965387463569641,1.1766643524169922,3.3514468669891357,0.38250000000000006,-13.259899999999998,-13.0,-0.2599,-13.259899999999998,True,14,61.214435,,,,,,,,inf,0.04609256299184414,120.0,57.913556,0.0,28650,15,True,224,224,0,1683612712,0,183,0,16,0,,,,,125.76923076923077,,2955.171875,67.03369140625,timelimit,data/instances/transfer/real_01.cip
mix_16_0,31,1561,1561,A,,60.0,100,0.5342240333557129,4.526287078857422,15.83439826965332,0.38250000000000006,,,,,,,,,,,,,,,,,,,,,11,,224,224,0,1683612712,0,183,0,16,0,0.10954280197620392,1.0,-14.814594268798828,3.2230587005615234,116.0,0.5019666478037834,3055.97265625,67.03369140625,,data/instances/transfer/real_03.cip
mix_16_0,31,1562,1562,A,,60.0,100,0.4283285140991211,4.193173408508301,8.730620384216309,0.38250000000000006,,,,,,,,,,,,,,,,,,,,,12,,224,224,0,1683612712,0,183,0,16,0,0.09600990265607834,1.0,-14.289003372192383,3.1502652168273926,116.0,0.5791493728756905,3055.97265625,67.03369140625,,data/instances/transfer/real_03.cip
mix_16_0,31,1563,1563,A,,60.0,100,0.2505284547805786,3.3064184188842773,7.636538028717041,0.38250000000000006,,,,,,,,,,,,,,,,,,,,,12,,224,224,0,1683612712,0,183,0,16,0,0.06041853502392769,1.0,-12.239349365234375,5.099638938903809,116.0,0.5870525259524584,3055.97265625,67.03369140625,,data/instances/transfer/real_03.cip
mix_16_0,31,1564,1564,A,,60.0,100,0.40532559156417847,2.974013328552246,7.847441673278809,0.38250000000000006,,,,,,,,,,,,,,,,,,,,,12,,224,224,0,1683612712,0,183,0,16,0,0.12548799812793732,1.0,-13.165982246398926,4.531947612762451,116.0,0.5946637950837612,3055.97265625,67.03369140625,,data/instances/transfer/real_03.cip
mix_16_0,31,1565,1565,A,,60.0,100,0.6350668668746948,4.823137283325195,2.7701454162597656,0.3809166666666668,,,,,,,,,,,,,,,,,,,,,10,,224,224,0,1683612712,0,183,0,16,0,0.11912798881530762,1.0,-11.725837707519531,5.31416654586792,1.0,0.4823922272771597,3055.97265625,67.03369140625,,data/instances/transfer/real_03.cip
mix_16_0,31,1566,1566,A,,60.0,100,0.4352535903453827,3.030655860900879,14.60469913482666,0.3809166666666668,,,,,,,,,,,,,,,,,,,,,13,,224,224,0,1683612712,0,183,0,16,0,0.10793708264827728,1.0,-11.879142761230469,4.3155670166015625,1.0,0.588582344353199,3055.97265625,67.03369140625,,data/instances/transfer/real_03.cip
mix_16_0,31,1567,1567,A,,60.0,100,0.4471069872379303,2.560631036758423,14.078041076660156,0.3809166666666668,,,,,,,,,,,,,,,,,,,,,13,,224,224,0,1683612712,0,183,0,16,0,0.12098591029644012,1.0,-11.02556037902832,5.482270240783691,1.0,0.6021074205636978,3055.97265625,67.03369140625,,data/instances/transfer/real_03.cip
mix_16_0,31,1568,1568,A,,60.0,100,0.2566398084163666,2.6100096702575684,5.8543829917907715,0.3809166666666668,,,,,,,,,,,,,,,,,,,,,13,,224,224,0,1683612712,0,183,0,16,0,0.0722229853272438,1.0,-10.671947479248047,4.426570415496826,1.0,0.5837737079709768,3055.97265625,67.03369140625,,data/instances/transfer/real_03.cip
mix_16_0,31,1569,1569,A,,60.0,100,0.5443463325500488,3.962520122528076,5.236225128173828,0.3793333333333334,,,,,,,,,,,,,,,,,,,,,10,,224,224,0,1686557456,0,184,0,16,0,0.1181773841381073,1.0,-12.061805725097656,4.835129261016846,1.0,0.3171974867582321,3055.97265625,67.03369140625,,data/instances/transfer/real_03.cip
mix_16_0,31,1570,1570,A,,60.0,100,0.8330240845680237,7.651625633239746,1.8110194206237793,0.3793333333333334,,,,,,,,,,,,,,,,,,,,,7,,224,224,0,1686557456,0,184,0,16,0,0.10547173768281937,1.0,-14.332374572753906,1.727658748626709,1.0,0.44142787903547287,3055.97265625,67.03369140625,,data/instances/transfer/real_03.cip
mix_16_0,31,1571,1571,A,,60.0,100,0.251905620098114,3.487071990966797,5.116029262542725,0.3793333333333334,,,,,,,,,,,,,,,,,,,,,12,,224,224,0,1686557456,0,184,0,16,0,0.06736677885055542,1.0,-13.779264450073242,3.0965735912323,1.0,0.5923178903758526,3055.97265625,67.03369140625,,data/instances/transfer/real_03.cip
mix_16_0,31,1572,1572,A,,60.0,100,0.5944281816482544,2.7366085052490234,6.223548889160156,0.3793333333333334,,,,,,,,,,,,,,,,,,,,,13,,224,224,0,1686557456,0,184,0,16,0,0.20004114508628845,1.0,-12.045515060424805,4.494444847106934,1.0,0.5912755094468594,3055.97265625,67.03369140625,,data/instances/transfer/real_03.cip
mix_16_0,31,1573,1573,A,,60.0,100,0.22590124607086182,3.1268904209136963,4.531497001647949,0.37775000000000003,,,,,,,,,,,,,,,,,,,,,13,,224,224,0,1689571924,0,185,0,16,0,0.06412268429994583,1.0,-13.660905838012695,3.849017858505249,1.0,0.5381940118968487,3055.97265625,67.03369140625,,data/instances/transfer/real_03.cip
mix_16_0,31,1574,1574,A,,60.0,100,0.5025956034660339,3.617879867553711,4.681585788726807,0.37775000000000003,,,,,,,,,,,,,,,,,,,,,12,,224,224,0,1689571924,0,185,0,16,0,0.13223689794540405,1.0,-13.92747688293457,2.5657520294189453,1.0,0.555634306743741,3055.97265625,67.03369140625,,data/instances/transfer/real_03.cip
mix_16_0,31,1575,1575,A,,60.0,100,0.2818743586540222,3.2838456630706787,2.71061110496521,0.37775000000000003,,,,,,,,,,,,,,,,,,,,,10,,224,224,0,1689571924,0,185,0,16,0,0.07270444184541702,1.0,-11.023540496826172,4.135209560394287,1.0,0.5783523563295603,3055.97265625,67.03369140625,,data/instances/transfer/real_03.cip
mix_16_0,31,1576,1576,A,,60.0,100,0.328578919172287,3.107163429260254,8.54847526550293,0.37775000000000003,,,,,,,,,,,,,,,,,,,,,12,,224,224,0,1689571924,0,185,0,16,0,0.08471664041280746,1.0,-12.60789680480957,3.558527708053589,1.0,0.6023755948990583,3055.97265625,67.03369140625,,data/instances/transfer/real_03.cip
mix_16_0,31,1577,1577,A,,60.0,100,0.16594234108924866,1.9405226707458496,1.7080128192901611,0.37616666666666676,,,,,,,,,,,,,,,,,,,,,14,,224,224,0,1692616444,0,186,0,16,0,0.07112865895032883,1.0,-13.977294921875,4.2161383628845215,225.0,0.5199990831315517,3055.97265625,67.03369140625,,data/instances/transfer/real_03.cip
mix_16_0,31,1578,1578,A,,60.0,100,0.371105432510376,3.601557493209839,2.651005744934082,0.37616666666666676,,,,,,,,,,,,,,,,,,,,,12,,224,224,0,1692616444,0,186,0,16,0,0.09790992736816406,1.0,-12.656185150146484,3.810692310333252,225.0,0.5512899048626423,3055.97265625,67.03369140625,,data/instances/transfer/real_03.cip
mix_16_0,31,1579,1579,A,,60.0,100,0.4770827293395996,4.166464328765869,4.759958744049072,0.37616666666666676,,,,,,,,,,,,,,,,,,,,,11,,224,224,0,1692616444,0,186,0,16,0,0.11233734339475632,1.0,-13.952816009521484,3.2875330448150635,225.0,0.5777218397706747,3055.97265625,67.03369140625,,data/instances/transfer/real_03.cip
mix_16_0,31,1580,1580,A,,60.0,100,0.35302358865737915,3.5183181762695312,4.454058647155762,0.37616666666666676,,,,,,,,,,,,,,,,,,,,,11,,224,224,0,1692616444,0,186,0,16,0,0.0792469009757042,1.0,-11.288276672363281,3.947869062423706,225.0,0.5768048334866762,3055.97265625,67.03369140625,,data/instances/transfer/real_03.cip
mix_16_0,31,1581,1581,A,,60.0,100,0.2961941957473755,3.004031181335449,5.060961723327637,0.3745833333333334,,,,,,,,,,,,,,,,,,,,,12,,224,224,0,1695587272,0,187,0,16,0,0.08883247524499893,1.0,-14.661373138427734,3.752845525741577,1.0,0.4927134644240141,3055.97265625,67.03369140625,,data/instances/transfer/real_03.cip
mix_16_0,31,1582,1582,A,,60.0,100,0.37826964259147644,3.7548160552978516,4.176219940185547,0.3745833333333334,,,,,,,,,,,,,,,,,,,,,12,,224,224,0,1695587272,0,187,0,16,0,0.08799146860837936,1.0,-13.480510711669922,2.5812864303588867,1.0,0.5880110822618008,3055.97265625,67.03369140625,,data/instances/transfer/real_03.cip
mix_16_0,31,1583,1583,A,,60.0,100,0.23762133717536926,3.0674784183502197,6.671833038330078,0.3745833333333334,,,,,,,,,,,,,,,,,,,,,13,,224,224,0,1695587272,0,187,0,16,0,0.07327072322368622,1.0,-12.840381622314453,2.9198594093322754,1.0,0.5875687953084707,3055.97265625,67.03369140625,,data/instances/transfer/real_03.cip
mix_16_0,31,1584,1584,A,,60.0,100,0.3917563557624817,2.9084041118621826,1.3846479654312134,0.3745833333333334,,,,,,,,,,,,,,,,,,,,,12,,224,224,0,1695587272,0,187,0,16,0,0.12768451869487762,1.0,-12.887906074523926,4.006999969482422,1.0,0.578685075044632,3055.97265625,67.03369140625,,data/instances/transfer/real_03.cip
mix_16_0,31,1585,1585,A,,60.0,100,0.29947933554649353,2.548297882080078,3.488279342651367,0.373,,,,,,,,,,,,,,,,,,,,,12,,224,224,0,1698473280,0,188,0,16,0,0.09523282200098038,1.0,-10.504594802856445,3.9639413356781006,1.0,0.4808373786509037,3055.97265625,67.03369140625,,data/instances/transfer/real_03.cip
mix_16_0,31,1586,1586,A,,60.0,100,0.19251960515975952,2.4648685455322266,3.424168109893799,0.373,,,,,,,,,,,,,,,,,,,,,13,,224,224,0,1698473280,0,188,0,16,0,0.07538916170597076,1.0,-13.55752182006836,3.584238290786743,1.0,0.5913886707276106,3055.97265625,67.03369140625,,data/instances/transfer/real_03.cip
mix_16_0,31,1587,1587,A,,60.0,100,0.38426482677459717,2.995938777923584,4.742311000823975,0.373,,,,,,,,,,,,,,,,,,,,,12,,224,224,0,1698473280,0,188,0,16,0,0.11492232978343964,1.0,-13.318272590637207,3.412310838699341,1.0,0.5851552803069353,3055.97265625,67.03369140625,,data/instances/transfer/real_03.cip
mix_16_0,31,1588,1588,A,,60.0,100,0.17397508025169373,2.256150245666504,1.4490584135055542,0.373,,,,,,,,,,,,,,,,,,,,,14,,224,224,0,1698473280,0,188,0,16,0,0.06836316734552383,1.0,-15.634031295776367,4.44586706161499,1.0,0.6145246494561434,3055.97265625,67.03369140625,,data/instances/transfer/real_03.cip
mix_16_0,31,1589,1589,A,,60.0,100,0.1599075198173523,1.8365689516067505,0.8353682160377502,0.37141666666666673,,,,,,,,,,,,,,,,,,,,,14,,224,224,0,1701206184,0,189,0,16,0,0.07297195494174957,1.0,-13.931282043457031,3.9978597164154053,1.0,0.5489754993468523,3055.97265625,67.03369140625,,data/instances/transfer/real_03.cip
mix_16_0,31,1590,1590,A,,60.0,100,0.1741492748260498,1.660448670387268,6.67370080947876,0.37141666666666673,,,,,,,,,,,,,,,,,,,,,14,,224,224,0,1701206184,0,189,0,16,0,0.085741326212883,1.0,-12.253507614135742,3.429358720779419,1.0,0.5779141504317522,3055.97265625,67.03369140625,,data/instances/transfer/real_03.cip
mix_16_0,31,1591,1591,A,,60.0,100,0.3403169512748718,2.741874933242798,3.3946640491485596,0.37141666666666673,,,,,,,,,,,,,,,,,,,,,13,,224,224,0,1701206184,0,189,0,16,0,0.11161932349205017,1.0,-14.737222671508789,3.883575916290283,1.0,0.6047985833138227,3055.97265625,67.03369140625,,data/instances/transfer/real_03.cip
mix_16_0,31,1592,1592,A,,60.0,100,0.5273722410202026,4.810667991638184,8.284157752990723,0.37141666666666673,,,,,,,,,,,,,,,,,,,,,8,,224,224,0,1701206184,0,189,0,16,0,0.09542732685804367,1.0,-11.885305404663086,5.408856391906738,1.0,0.549583587795496,3055.97265625,67.03369140625,,data/instances/transfer/real_03.cip
mix_16_0,31,1593,1593,A,,60.0,100,0.3997044563293457,2.729804515838623,3.9829976558685303,0.36983333333333335,,,,,,,,,,,,,,,,,,,,,12,,224,224,0,1698235060,0,190,0,16,0,0.13964419066905975,1.0,-12.954553604125977,3.4181642532348633,1.0,0.4148257151246071,3055.97265625,67.03369140625,,data/instances/transfer/real_03.cip
mix_16_0,31,1594,1594,A,,60.0,100,0.3839893937110901,4.610809326171875,6.6734819412231445,0.36983333333333335,,,,,,,,,,,,,,,,,,,,,11,,224,224,0,1698235060,0,190,0,16,0,0.0729275792837143,1.0,-12.626789093017578,4.585320472717285,1.0,0.5527266468852758,3055.97265625,67.03369140625,,data/instances/transfer/real_03.cip
mix_16_0,31,1595,1595,A,,60.0,100,0.1977851688861847,2.885038137435913,7.14243221282959,0.36983333333333335,,,,,,,,,,,,,,,,,,,,,12,,224,224,0,1698235060,0,190,0,16,0,0.05845322087407112,1.0,-13.220703125,3.9740676879882812,1.0,0.5961701683700085,3055.97265625,67.03369140625,,data/instances/transfer/real_03.cip
mix_16_0,31,1596,1596,A,,60.0,100,0.2612173855304718,2.5365142822265625,11.658860206604004,0.36983333333333335,,,,,,,,,,,,,,,,,,,,,13,,224,224,0,1698235060,0,190,0,16,0,0.06853645294904709,1.0,-12.061938285827637,3.554259777069092,1.0,0.5928506888449192,3055.97265625,67.03369140625,,data/instances/transfer/real_03.cip
mix_16_0,31,1597,1597,A,,60.0,100,0.4800107479095459,4.084009170532227,1.6254303455352783,0.36824999999999997,,,,,,,,,,,,,,,,,,,,,11,,224,224,0,1695215288,0,191,0,16,0,0.11020216345787048,1.0,-14.224554061889648,2.7425758838653564,1.0,0.4105663150548935,3055.97265625,67.03369140625,,data/instances/transfer/real_03.cip
mix_16_0,31,1598,1598,A,,60.0,100,0.09384869039058685,3.0815465450286865,0.7842625975608826,0.36824999999999997,,,,,,,,,,,,,,,,,,,,,12,,224,224,0,1695215288,0,191,0,16,0,0.02681576833128929,1.0,-13.673980712890625,4.647822856903076,1.0,0.5262453407049179,3055.97265625,67.03369140625,,data/instances/transfer/real_03.cip
mix_16_0,31,1599,1599,A,,60.0,100,0.27089303731918335,2.226491928100586,7.591386795043945,0.36824999999999997,,,,,,,,,,,,,,,,,,,,,14,,224,224,0,1695215288,0,191,0,16,0,0.08847267925739288,1.0,-13.764719009399414,3.3936774730682373,1.0,0.6066598575562239,3055.97265625,67.03369140625,,data/instances/transfer/real_03.cip
mix_16_0,31,1600,1600,A,,60.0,100,0.5865365862846375,2.7498488426208496,18.81855010986328,0.36824999999999997,,,,,,,,,,,,,,,,,,,,,14,,224,224,0,1695215288,0,191,0,16,0,0.17479851841926575,1.0,-12.306655883789062,3.798006057739258,1.0,0.607967346906662,3055.97265625,67.03369140625,,data/instances/transfer/real_03.cip
mix_16_0,31,1601,1601,A,,60.0,100,0.3475389778614044,1.7376325130462646,6.911271572113037,0.3666666666666667,,,,,,,,,,,,,,,,,,,,,14,,224,224,0,1691999720,0,192,0,16,0,0.15216900408267975,1.0,-10.476204872131348,4.0196919441223145,61.0,0.49380985274910927,3055.97265625,67.03369140625,,data/instances/transfer/real_03.cip
mix_16_0,31,1602,1602,A,,60.0,100,0.20876410603523254,1.5056955814361572,9.76887035369873,0.3666666666666667,,,,,,,,,,,,,,,,,,,,,14,,224,224,0,1691999720,0,192,0,16,0,0.10855213552713394,1.0,-12.100183486938477,3.9777982234954834,61.0,0.5964482724666595,3055.97265625,67.03369140625,,data/instances/transfer/real_03.cip
mix_16_0,31,1603,1603,A,,60.0,100,0.1070515364408493,2.0941638946533203,6.0831193923950195,0.3666666666666667,,,,,,,,,,,,,,,,,,,,,14,,224,224,0,1691999720,0,192,0,16,0,0.03640959411859512,1.0,-12.661314010620117,2.8333940505981445,61.0,0.6007623113691807,3055.97265625,67.03369140625,,data/instances/transfer/real_03.cip
mix_16_0,31,1604,1604,A,,60.0,100,0.5314064025878906,3.3101468086242676,5.431364059448242,0.3666666666666667,,,,,,,,,,,,,,,,,,,,,12,,224,224,0,1691999720,0,192,0,16,0,0.1394253373146057,1.0,-11.478743553161621,3.8965940475463867,61.0,0.5795174520462751,3055.97265625,67.03369140625,,data/instances/transfer/real_03.cip
mix_16_0,31,1605,1605,A,,60.0,100,0.1690468192100525,1.335532546043396,6.850808620452881,0.3650833333333333,,,,,,,,,,,,,,,,,,,,,14,,224,224,0,1688414692,0,193,0,16,0,0.11367785185575485,1.0,-13.789427757263184,3.880951404571533,120.0,0.5220848433673382,3055.97265625,67.03369140625,,data/instances/transfer/real_03.cip
mix_16_0,31,1606,1606,A,,60.0,100,0.42596694827079773,4.5119805335998535,5.869974613189697,0.3650833333333333,,,,,,,,,,,,,,,,,,,,,11,,224,224,0,1688414692,0,193,0,16,0,0.08450181037187576,1.0,-12.026728630065918,3.103170156478882,120.0,0.5498375911265612,3055.97265625,67.03369140625,,data/instances/transfer/real_03.cip
mix_16_0,31,1607,1607,A,,60.0,100,0.6873936653137207,5.210274696350098,15.194025993347168,0.3650833333333333,,,,,,,,,,,,,,,,,,,,,10,,224,224,0,1688414692,0,193,0,16,0,0.12981149554252625,1.0,-14.65241527557373,2.2537055015563965,120.0,0.5794992744922638,3055.97265625,67.03369140625,,data/instances/transfer/real_03.cip
mix_16_0,31,1608,1608,A,,60.0,100,0.09656558185815811,2.034022331237793,2.1280429363250732,0.3650833333333333,,,,,,,,,,,,,,,,,,,,,14,,224,224,0,1688414692,0,193,0,16,0,0.039964355528354645,1.0,-14.918338775634766,3.4483799934387207,120.0,0.6120060048997402,3055.97265625,67.03369140625,,data/instances/transfer/real_03.cip
mix_16_0,31,1609,1609,A,,60.0,100,0.12363958358764648,0.5815635919570923,5.42453145980835,0.36350000000000005,,,,,,,,,,,,,,,,,,,,,16,,224,224,0,1684735492,0,194,0,16,0,0.3193817734718323,1.0,-12.673494338989258,3.478074312210083,89.0,0.5073054041713476,3055.97265625,67.03369140625,,data/instances/transfer/real_03.cip
mix_16_0,31,1610,1610,A,,60.0,100,0.5789347290992737,4.585744857788086,1.1560732126235962,0.36350000000000005,,,,,,,,,,,,,,,,,,,,,11,,224,224,0,1684735492,0,194,0,16,0,0.11692880094051361,1.0,-13.021117210388184,3.1271116733551025,89.0,0.5587909556925297,3055.97265625,67.03369140625,,data/instances/transfer/real_03.cip
mix_16_0,31,1611,1611,A,,60.0,100,0.4549431800842285,2.9874911308288574,5.6340718269348145,0.36350000000000005,,,,,,,,,,,,,,,,,,,,,12,,224,224,0,1684735492,0,194,0,16,0,0.12800797820091248,1.0,-13.124448776245117,4.191178321838379,89.0,0.5874373447149992,3055.97265625,67.03369140625,,data/instances/transfer/real_03.cip
mix_16_0,31,1612,1612,A,,60.0,100,0.6675450205802917,3.079867124557495,5.486744403839111,0.36350000000000005,,,,,,,,,,,,,,,,,,,,,12,,224,224,0,1684735492,0,194,0,16,0,0.215488001704216,1.0,-13.226465225219727,3.870551109313965,89.0,0.5838585812598467,3055.97265625,67.03369140625,,data/instances/transfer/real_03.cip
episode,31,1612,1612,A,,60.0,100,0.6675450205802917,3.079867124557495,5.486744403839111,0.3619166666666668,-13.022699999999999,-13.0,-0.0227,-13.022699999999999,True,14,60.18847,,,,,,,,inf,1e+20,120.0,inf,0.0,17238,12,True,224,224,0,1677612820,0,196,0,16,0,,,,,47.61538461538461,,3055.97265625,67.03369140625,timelimit,data/instances/transfer/real_03.cip
mix_16_0,32,1613,1613,A,,60.0,100,0.07074584066867828,0.619278073310852,8.964641571044922,0.3619166666666668,,,,,,,,,,,,,,,,,,,,,16,,224,224,0,1677612820,0,196,0,16,0,0.10071717947721481,1.0,-13.30389404296875,3.1218068599700928,1.0,0.5677973963320255,3056.0859375,67.03369140625,,data/instances/transfer/real_05.cip
mix_16_0,32,1614,1614,A,,60.0,100,0.12794284522533417,3.4660491943359375,0.9121308922767639,0.3619166666666668,,,,,,,,,,,,,,,,,,,,,12,,224,224,0,1677612820,0,196,0,16,0,0.03372359648346901,1.0,-14.596221923828125,3.2461466789245605,1.0,0.5638480931520462,3056.0859375,67.03369140625,,data/instances/transfer/real_05.cip
mix_16_0,32,1615,1615,A,,60.0,100,0.8502408266067505,4.805995941162109,7.1995768547058105,0.3619166666666668,,,,,,,,,,,,,,,,,,,,,10,,224,224,0,1677612820,0,196,0,16,0,0.1601426899433136,1.0,-13.307674407958984,3.3239877223968506,1.0,0.5653094593435526,3056.0859375,67.03369140625,,data/instances/transfer/real_05.cip
mix_16_0,32,1616,1616,A,,60.0,100,0.3668997287750244,2.8932149410247803,7.369624137878418,0.3619166666666668,,,,,,,,,,,,,,,,,,,,,13,,224,224,0,1677612820,0,196,0,16,0,0.11692336946725845,1.0,-13.371908187866211,4.282750606536865,1.0,0.602870075032115,3056.0859375,67.03369140625,,data/instances/transfer/real_05.cip
mix_16_0,32,1617,1617,A,,60.0,100,0.5747158527374268,3.692960739135742,4.44348669052124,0.3603333333333334,,,,,,,,,,,,,,,,,,,,,12,,224,224,0,1677612820,0,196,0,16,0,0.14018020033836365,1.0,-12.835561752319336,3.6267495155334473,29.0,0.5048460233956575,3056.0859375,67.03369140625,,data/instances/transfer/real_05.cip
mix_16_0,32,1618,1618,A,,60.0,100,0.8769382238388062,5.059253215789795,2.3521649837493896,0.3603333333333334,,,,,,,,,,,,,,,,,,,,,10,,224,224,0,1677612820,0,196,0,16,0,0.16395144164562225,1.0,-13.50285816192627,1.557167649269104,29.0,0.5344522967934608,3056.0859375,67.03369140625,,data/instances/transfer/real_05.cip
mix_16_0,32,1619,1619,A,,60.0,100,0.6638565063476562,4.248289108276367,2.526265859603882,0.3603333333333334,,,,,,,,,,,,,,,,,,,,,10,,224,224,0,1677612820,0,196,0,16,0,0.13796797394752502,1.0,-12.344514846801758,3.7846879959106445,29.0,0.5601203236728907,3056.0859375,67.03369140625,,data/instances/transfer/real_05.cip
mix_16_0,32,1620,1620,A,,60.0,100,0.30857953429222107,2.354398250579834,4.584864139556885,0.3603333333333334,,,,,,,,,,,,,,,,,,,,,13,,224,224,0,1677612820,0,196,0,16,0,0.10663456469774246,1.0,-12.942377090454102,3.9952216148376465,29.0,0.5976463668048382,3056.0859375,67.03369140625,,data/instances/transfer/real_05.cip
mix_16_0,32,1621,1621,A,,60.0,100,0.13562285900115967,2.9458608627319336,3.2081525325775146,0.35875,,,,,,,,,,,,,,,,,,,,,13,,224,224,0,1674509356,0,197,0,16,0,0.03841881826519966,1.0,-13.773175239562988,3.8571250438690186,1.0,0.5008074920624495,3056.0859375,67.03369140625,,data/instances/transfer/real_05.cip
mix_16_0,32,1622,1622,A,,60.0,100,0.3378283977508545,2.166078805923462,12.38332748413086,0.35875,,,,,,,,,,,,,,,,,,,,,14,,224,224,0,1674509356,0,197,0,16,0,0.1366639882326126,1.0,-13.353355407714844,2.657956838607788,1.0,0.5787331406027079,3056.0859375,67.03369140625,,data/instances/transfer/real_05.cip
mix_16_0,32,1623,1623,A,,60.0,100,0.8600079417228699,5.317707538604736,3.8397600650787354,0.35875,,,,,,,,,,,,,,,,,,,,,9,,224,224,0,1674509356,0,197,0,16,0,0.15478502213954926,1.0,-11.700813293457031,2.9132065773010254,1.0,0.5681593213230371,3056.0859375,67.03369140625,,data/instances/transfer/real_05.cip
mix_16_0,32,1624,1624,A,,60.0,100,0.15613630414009094,1.705298662185669,2.518781900405884,0.35875,,,,,,,,,,,,,,,,,,,,,13,,224,224,0,1674509356,0,197,0,16,0,0.07857915759086609,1.0,-13.56136417388916,4.880411148071289,1.0,0.5887040980160236,3056.0859375,67.03369140625,,data/instances/transfer/real_05.cip
mix_16_0,32,1625,1625,A,,60.0,100,0.14595384895801544,3.3037309646606445,4.078153133392334,0.35716666666666674,,,,,,,,,,,,,,,,,,,,,12,,224,224,0,1671376136,0,198,0,16,0,0.03578132390975952,1.0,-14.774394035339355,3.9528164863586426,1.0,0.5190662853419781,3056.0859375,67.03369140625,,data/instances/transfer/real_05.cip
mix_16_0,32,1626,1626,A,,60.0,100,0.08819306641817093,1.298346757888794,5.0871148109436035,0.35716666666666674,,,,,,,,,,,,,,,,,,,,,15,,224,224,0,1671376136,0,198,0,16,0,0.05778052285313606,1.0,-14.206558227539062,3.2831525802612305,1.0,0.5802693609148264,3056.0859375,67.03369140625,,data/instances/transfer/real_05.cip
mix_16_0,32,1627,1627,A,,60.0,100,0.43845492601394653,3.258197784423828,9.579965591430664,0.35716666666666674,,,,,,,,,,,,,,,,,,,,,11,,224,224,0,1671376136,0,198,0,16,0,0.11992799490690231,1.0,-11.721795082092285,4.11826229095459,1.0,0.5824615471065044,3056.0859375,67.03369140625,,data/instances/transfer/real_05.cip
mix_16_0,32,1628,1628,A,,60.0,100,0.16506585478782654,2.3920094966888428,1.7580896615982056,0.35716666666666674,,,,,,,,,,,,,,,,,,,,,13,,224,224,0,1671376136,0,198,0,16,0,0.06354846805334091,1.0,-12.560708999633789,3.5503900051116943,1.0,0.5958785600960255,3056.0859375,67.03369140625,,data/instances/transfer/real_05.cip
mix_16_0,32,1629,1629,A,,60.0,100,0.09161971509456635,1.611451268196106,5.544591903686523,0.35558333333333336,,,,,,,,,,,,,,,,,,,,,13,,224,224,0,1668389592,0,199,0,16,0,0.044747255742549896,1.0,-11.248888969421387,4.486776828765869,1.0,0.49899391271173954,3056.0859375,67.03369140625,,data/instances/transfer/real_05.cip
mix_16_0,32,1630,1630,A,,60.0,100,0.2064252644777298,1.7834622859954834,4.7936577796936035,0.35558333333333336,,,,,,,,,,,,,,,,,,,,,12,,224,224,0,1668389592,0,199,0,16,0,0.07962771505117416,1.0,-12.350326538085938,5.09116268157959,1.0,0.5806475039571524,3056.0859375,67.03369140625,,data/instances/transfer/real_05.cip
mix_16_0,32,1631,1631,A,,60.0,100,0.5474730134010315,5.507412910461426,3.703488826751709,0.35558333333333336,,,,,,,,,,,,,,,,,,,,,9,,224,224,0,1668389592,0,199,0,16,0,0.09405538439750671,1.0,-12.907407760620117,3.1572952270507812,1.0,0.5510808918625116,3056.0859375,67.03369140625,,data/instances/transfer/real_05.cip
mix_16_0,32,1632,1632,A,,60.0,100,0.1574878692626953,3.743864059448242,2.4990527629852295,0.35558333333333336,,,,,,,,,,,,,,,,,,,,,12,,224,224,0,1668389592,0,199,0,16,0,0.03545974940061569,1.0,-13.068958282470703,3.7035627365112305,1.0,0.5965844299644232,3056.0859375,67.03369140625,,data/instances/transfer/real_05.cip
mix_16_0,32,1633,1633,A,,60.0,100,0.4380316734313965,3.5906832218170166,12.347132682800293,0.354,,,,,,,,,,,,,,,,,,,,,12,,224,224,0,1665443536,0,200,0,16,0,0.10555735975503922,1.0,-12.643600463867188,3.4669320583343506,213.0,0.4775701090693474,3056.0859375,67.03369140625,,data/instances/transfer/real_05.cip
mix_16_0,32,1634,1634,A,,60.0,100,0.7307788133621216,4.477341175079346,2.4285471439361572,0.354,,,,,,,,,,,,,,,,,,,,,10,,224,224,0,1665443536,0,200,0,16,0,0.162902370095253,1.0,-14.437241554260254,3.469367504119873,213.0,0.5608013514429331,3056.0859375,67.03369140625,,data/instances/transfer/real_05.cip
mix_16_0,32,1635,1635,A,,60.0,100,0.6050968170166016,4.612558364868164,1.9126266241073608,0.354,,,,,,,,,,,,,,,,,,,,,11,,224,224,0,1665443536,0,200,0,16,0,0.12265277653932571,1.0,-14.10951042175293,3.345141649246216,213.0,0.5791721399873495,3056.0859375,67.03369140625,,data/instances/transfer/real_05.cip
mix_16_0,32,1636,1636,A,,60.0,100,0.29107487201690674,2.7553961277008057,3.3720054626464844,0.354,,,,,,,,,,,,,,,,,,,,,12,,224,224,0,1665443536,0,200,0,16,0,0.09744972735643387,1.0,-14.13569450378418,3.81767201423645,213.0,0.5889800805598497,3056.0859375,67.03369140625,,data/instances/transfer/real_05.cip
mix_16_0,32,1637,1637,A,,60.0,100,0.12976408004760742,0.5911312103271484,10.951191902160645,0.3524166666666667,,,,,,,,,,,,,,,,,,,,,16,,224,224,0,1662651496,0,201,0,16,0,0.18834204971790314,1.0,-13.24599838256836,3.058356523513794,139.0,0.5195762813091278,3056.0859375,67.03369140625,,data/instances/transfer/real_05.cip
mix_16_0,32,1638,1638,A,,60.0,100,0.3804832696914673,2.447169780731201,3.230215549468994,0.3524166666666667,,,,,,,,,,,,,,,,,,,,,13,,224,224,0,1662651496,0,201,0,16,0,0.1370922327041626,1.0,-13.240610122680664,4.474822044372559,139.0,0.47421296313405037,3056.0859375,67.03369140625,,data/instances/transfer/real_05.cip
mix_16_0,32,1639,1639,A,,60.0,100,0.25979092717170715,3.9569005966186523,1.8414216041564941,0.3524166666666667,,,,,,,,,,,,,,,,,,,,,12,,224,224,0,1662651496,0,201,0,16,0,0.060945723205804825,1.0,-12.464530944824219,4.948678016662598,139.0,0.47309163585305214,3056.0859375,67.03369140625,,data/instances/transfer/real_05.cip
mix_16_0,32,1640,1640,A,,60.0,100,0.624152660369873,5.766683578491211,6.82323694229126,0.3524166666666667,,,,,,,,,,,,,,,,,,,,,8,,224,224,0,1662651496,0,201,0,16,0,0.10293997079133987,1.0,-12.761972427368164,3.930145025253296,139.0,0.40148827247321606,3056.0859375,67.03369140625,,data/instances/transfer/real_05.cip
mix_16_0,32,1641,1641,A,,60.0,100,0.27756163477897644,3.436171531677246,5.589001655578613,0.35083333333333333,,,,,,,,,,,,,,,,,,,,,12,,224,224,0,1659895792,0,202,0,16,0,0.07161474972963333,1.0,-13.528715133666992,2.580153703689575,44.0,0.4942196849733591,3056.0859375,67.03369140625,,data/instances/transfer/real_05.cip
mix_16_0,32,1642,1642,A,,60.0,100,0.1936175376176834,1.0001047849655151,9.60469913482666,0.35083333333333333,,,,,,,,,,,,,,,,,,,,,14,,224,224,0,1659895792,0,202,0,16,0,0.13619597256183624,1.0,-11.82958984375,5.271752834320068,44.0,0.5748208276927471,3056.0859375,67.03369140625,,data/instances/transfer/real_05.cip
mix_16_0,32,1643,1643,A,,60.0,100,0.13321544229984283,1.9204556941986084,7.111743450164795,0.35083333333333333,,,,,,,,,,,,,,,,,,,,,12,,224,224,0,1659895792,0,202,0,16,0,0.03434319049119949,1.0,-11.027191162109375,4.852899551391602,44.0,0.5887017510831356,3056.0859375,67.03369140625,,data/instances/transfer/real_05.cip
mix_16_0,32,1644,1644,A,,60.0,100,0.34484827518463135,2.683609962463379,17.280757904052734,0.35083333333333333,,,,,,,,,,,,,,,,,,,,,14,,224,224,0,1659895792,0,202,0,16,0,0.07111247628927231,1.0,-11.219710350036621,4.29271936416626,44.0,0.5924221239984035,3056.0859375,67.03369140625,,data/instances/transfer/real_05.cip
mix_16_0,32,1645,1645,A,,60.0,100,0.2172725796699524,2.288339614868164,12.060609817504883,0.34924999999999995,,,,,,,,,,,,,,,,,,,,,14,,224,224,0,1656934748,0,203,0,16,0,0.06091088429093361,1.0,-13.172518730163574,4.5360589027404785,1.0,0.5155631825327873,3056.0859375,67.03369140625,,data/instances/transfer/real_05.cip
mix_16_0,32,1646,1646,A,,60.0,100,0.20810258388519287,3.0907692909240723,6.414816379547119,0.34924999999999995,,,,,,,,,,,,,,,,,,,,,12,,224,224,0,1656934748,0,203,0,16,0,0.05528266355395317,1.0,-11.719626426696777,4.040810585021973,1.0,0.5568788256496191,3056.0859375,67.03369140625,,data/instances/transfer/real_05.cip
mix_16_0,32,1647,1647,A,,60.0,100,0.3502442538738251,4.250559329986572,2.0473949909210205,0.34924999999999995,,,,,,,,,,,,,,,,,,,,,10,,224,224,0,1656934748,0,203,0,16,0,0.07998234033584595,1.0,-13.87425422668457,3.940990924835205,1.0,0.563396867364645,3056.0859375,67.03369140625,,data/instances/transfer/real_05.cip
mix_16_0,32,1648,1648,A,,60.0,100,0.25113439559936523,2.395901679992676,5.662974834442139,0.34924999999999995,,,,,,,,,,,,,,,,,,,,,14,,224,224,0,1656934748,0,203,0,16,0,0.08995591104030609,1.0,-14.053330421447754,4.132216930389404,1.0,0.6187084764242172,3056.0859375,67.03369140625,,data/instances/transfer/real_05.cip
mix_16_0,32,1649,1649,A,,60.0,100,0.40919679403305054,2.1952996253967285,21.192930221557617,0.3476666666666667,,,,,,,,,,,,,,,,,,,,,14,,224,224,0,1654208564,0,204,0,16,0,0.10558226704597473,1.0,-14.27103042602539,5.303724765777588,70.0,0.5127270165830851,3056.0859375,67.03369140625,,data/instances/transfer/real_05.cip
mix_16_0,32,1650,1650,A,,60.0,100,0.42096468806266785,4.871465682983398,5.5707244873046875,0.3476666666666667,,,,,,,,,,,,,,,,,,,,,11,,224,224,0,1654208564,0,204,0,16,0,0.08467160910367966,1.0,-13.804201126098633,3.294633388519287,70.0,0.5574720129370689,3056.0859375,67.03369140625,,data/instances/transfer/real_05.cip
mix_16_0,32,1651,1651,A,,60.0,100,0.7421520948410034,3.9246082305908203,12.237335205078125,0.3476666666666667,,,,,,,,,,,,,,,,,,,,,12,,224,224,0,1654208564,0,204,0,16,0,0.17767173051834106,1.0,-14.48286247253418,3.0922975540161133,70.0,0.579180808737874,3056.0859375,67.03369140625,,data/instances/transfer/real_05.cip
mix_16_0,32,1652,1652,A,,60.0,100,0.42542874813079834,5.458413600921631,2.697385549545288,0.3476666666666667,,,,,,,,,,,,,,,,,,,,,10,,224,224,0,1654208564,0,204,0,16,0,0.07272731512784958,1.0,-12.787277221679688,2.8109591007232666,70.0,0.5734678488224745,3056.0859375,67.03369140625,,data/instances/transfer/real_05.cip
mix_16_0,32,1653,1653,A,,60.0,100,0.2503828704357147,1.900590419769287,2.5173423290252686,0.3460833333333333,,,,,,,,,,,,,,,,,,,,,14,,224,224,0,1651524220,0,205,0,16,0,0.10856350511312485,1.0,-11.375886917114258,3.0259735584259033,235.0,0.5376342386007309,3056.0859375,67.03369140625,,data/instances/transfer/real_05.cip
mix_16_0,32,1654,1654,A,,60.0,100,0.21029727160930634,1.4697065353393555,13.180513381958008,0.3460833333333333,,,,,,,,,,,,,,,,,,,,,15,,224,224,0,1651524220,0,205,0,16,0,0.09519310295581818,1.0,-13.961406707763672,3.226691246032715,235.0,0.5884271487593651,3056.0859375,67.03369140625,,data/instances/transfer/real_05.cip
mix_16_0,32,1655,1655,A,,60.0,100,0.12658488750457764,2.0382347106933594,6.605469226837158,0.3460833333333333,,,,,,,,,,,,,,,,,,,,,13,,224,224,0,1651524220,0,205,0,16,0,0.025332581251859665,1.0,-11.152046203613281,3.999166488647461,235.0,0.5888963174074888,3056.0859375,67.03369140625,,data/instances/transfer/real_05.cip
mix_16_0,32,1656,1656,A,,60.0,100,0.47241929173469543,2.6968674659729004,10.659187316894531,0.3460833333333333,,,,,,,,,,,,,,,,,,,,,12,,224,224,0,1651524220,0,205,0,16,0,0.1598316878080368,1.0,-14.104059219360352,3.7006654739379883,235.0,0.5940880700945854,3056.0859375,67.03369140625,,data/instances/transfer/real_05.cip
episode,32,1656,1656,A,,60.0,100,0.47241929173469543,2.6968674659729004,10.659187316894531,0.34450000000000003,-11.017999999999999,-11.0,-0.018000000000000002,-11.017999999999999,True,12,63.345043,,,,,,,,inf,1e+20,120.0,inf,0.0,16928,12,True,224,224,0,1645919884,0,207,0,16,0,,,,,66.81818181818181,,3056.0859375,67.03369140625,timelimit,data/instances/transfer/real_05.cip
episode,33,1656,1656,A,,60.0,100,0.47241929173469543,2.6968674659729004,10.659187316894531,0.34450000000000003,0.0,0.0,0.0,0.0,True,1,9.427249,,,,,,,,inf,0.0,9.427249,9.427249,1.0,9619,12,False,224,224,0,1645919884,0,207,0,16,0,,,,,0.0,,3056.0859375,67.03369140625,optimal,data/instances/train/real_06.cip
mix_16_0,34,1657,1657,A,,60.0,100,0.24936321377754211,2.2243518829345703,5.981403350830078,0.34450000000000003,,,,,,,,,,,,,,,,,,,,,13,,224,224,0,1645919884,0,207,0,16,0,0.09802436828613281,1.0,-14.424074172973633,4.279345512390137,1.0,0.5391129534691572,3056.140625,67.03369140625,,data/instances/train/real_07.cip
mix_16_0,34,1658,1658,A,,60.0,100,0.14430519938468933,2.069023609161377,5.0136542320251465,0.34450000000000003,,,,,,,,,,,,,,,,,,,,,14,,224,224,0,1645919884,0,207,0,16,0,0.06295394152402878,1.0,-13.136591911315918,4.8748040199279785,1.0,0.5808785334229469,3056.140625,67.03369140625,,data/instances/train/real_07.cip
mix_16_0,34,1659,1659,A,,60.0,100,0.11899088323116302,2.3466641902923584,6.420459747314453,0.34450000000000003,,,,,,,,,,,,,,,,,,,,,14,,224,224,0,1645919884,0,207,0,16,0,0.03835421800613403,1.0,-14.829782485961914,3.8716440200805664,1.0,0.59217126108706,3056.140625,67.03369140625,,data/instances/train/real_07.cip
mix_16_0,34,1660,1660,A,,60.0,100,0.47613072395324707,3.8343377113342285,12.600996017456055,0.34450000000000003,,,,,,,,,,,,,,,,,,,,,12,,224,224,0,1645919884,0,207,0,16,0,0.10187029838562012,1.0,-12.678742408752441,3.3485162258148193,1.0,0.5616571754217148,3056.140625,67.03369140625,,data/instances/train/real_07.cip
mix_16_0,34,1661,1661,A,,60.0,100,0.5495762825012207,4.369635105133057,0.9327499270439148,0.34291666666666676,,,,,,,,,,,,,,,,,,,,,11,,224,224,0,1645919884,0,207,0,16,0,0.125608891248703,1.0,-14.702260971069336,3.271726131439209,1.0,0.5116452593356371,3056.140625,67.03369140625,,data/instances/train/real_07.cip
mix_16_0,34,1662,1662,A,,60.0,100,0.4477953612804413,2.612264633178711,10.651676177978516,0.34291666666666676,,,,,,,,,,,,,,,,,,,,,11,,224,224,0,1645919884,0,207,0,16,0,0.12997481226921082,1.0,-10.82756519317627,4.604470252990723,1.0,0.5714222397655249,3056.140625,67.03369140625,,data/instances/train/real_07.cip
mix_16_0,34,1663,1663,A,,60.0,100,0.3105158805847168,4.8994903564453125,6.4128265380859375,0.34291666666666676,,,,,,,,,,,,,,,,,,,,,9,,224,224,0,1645919884,0,207,0,16,0,0.049382057040929794,1.0,-11.55795955657959,4.264570236206055,1.0,0.552889809012413,3056.140625,67.03369140625,,data/instances/train/real_07.cip
mix_16_0,34,1664,1664,A,,60.0,100,0.42387089133262634,2.9641871452331543,9.72199535369873,0.34291666666666676,,,,,,,,,,,,,,,,,,,,,12,,224,224,0,1645919884,0,207,0,16,0,0.12400368601083755,1.0,-12.838876724243164,3.5328290462493896,1.0,0.6024103779345751,3056.140625,67.03369140625,,data/instances/train/real_07.cip
mix_16_0,34,1665,1665,A,,60.0,100,0.8261280655860901,5.981881141662598,3.5059995651245117,0.3413333333333334,,,,,,,,,,,,,,,,,,,,,8,,224,224,0,1644049408,0,208,0,16,0,0.1304975152015686,1.0,-13.466898918151855,3.6425583362579346,7.0,0.4539044853299856,3056.140625,67.03369140625,,data/instances/train/real_07.cip
mix_16_0,34,1666,1666,A,,60.0,100,0.7583355903625488,5.132859230041504,4.921146869659424,0.3413333333333334,,,,,,,,,,,,,,,,,,,,,10,,224,224,0,1644049408,0,208,0,16,0,0.13871584832668304,1.0,-13.022327423095703,2.299323797225952,7.0,0.551313366740942,3056.140625,67.03369140625,,data/instances/train/real_07.cip
mix_16_0,34,1667,1667,A,,60.0,100,0.6884819865226746,6.508064270019531,12.259753227233887,0.3413333333333334,,,,,,,,,,,,,,,,,,,,,9,,224,224,0,1644049408,0,208,0,16,0,0.09667403250932693,1.0,-14.094623565673828,2.518481492996216,7.0,0.5617879647761583,3056.140625,67.03369140625,,data/instances/train/real_07.cip
mix_16_0,34,1668,1668,A,,60.0,100,0.3101886212825775,3.612081527709961,5.201664447784424,0.3413333333333334,,,,,,,,,,,,,,,,,,,,,12,,224,224,0,1644049408,0,208,0,16,0,0.07944954186677933,1.0,-14.445100784301758,3.7883105278015137,7.0,0.6109249703586102,3056.140625,67.03369140625,,data/instances/train/real_07.cip
mix_16_0,34,1669,1669,A,,60.0,100,0.1793881356716156,1.3765394687652588,4.743311405181885,0.3397500000000001,,,,,,,,,,,,,,,,,,,,,14,,224,224,0,1642127896,0,209,0,16,0,0.11688625812530518,1.0,-12.177021980285645,3.2696733474731445,33.0,0.5114254932850599,3056.140625,67.03369140625,,data/instances/train/real_07.cip
mix_16_0,34,1670,1670,A,,60.0,100,0.3497757017612457,4.666783809661865,6.17164421081543,0.3397500000000001,,,,,,,,,,,,,,,,,,,,,10,,224,224,0,1642127896,0,209,0,16,0,0.058374710381031036,1.0,-11.991044998168945,4.628795623779297,33.0,0.5484447591006756,3056.140625,67.03369140625,,data/instances/train/real_07.cip
mix_16_0,34,1671,1671,A,,60.0,100,0.17413514852523804,2.1380419731140137,4.547102928161621,0.3397500000000001,,,,,,,,,,,,,,,,,,,,,14,,224,224,0,1642127896,0,209,0,16,0,0.06457461416721344,1.0,-13.158889770507812,3.1017184257507324,33.0,0.6230265963822603,3056.140625,67.03369140625,,data/instances/train/real_07.cip
mix_16_0,34,1672,1672,A,,60.0,100,0.3589467704296112,2.9992942810058594,14.789066314697266,0.3397500000000001,,,,,,,,,,,,,,,,,,,,,13,,224,224,0,1642127896,0,209,0,16,0,0.08471769094467163,1.0,-14.176319122314453,3.9710190296173096,33.0,0.5915450640022755,3056.140625,67.03369140625,,data/instances/train/real_07.cip
mix_16_0,34,1673,1673,A,,60.0,100,0.14647111296653748,2.283773422241211,3.578901767730713,0.3381666666666667,,,,,,,,,,,,,,,,,,,,,13,,224,224,0,1639996516,0,210,0,16,0,0.055943962186574936,1.0,-12.812294006347656,3.649500846862793,229.0,0.5213743019849062,3056.140625,67.03369140625,,data/instances/train/real_07.cip
mix_16_0,34,1674,1674,A,,60.0,100,0.44797152280807495,3.242812156677246,9.703391075134277,0.3381666666666667,,,,,,,,,,,,,,,,,,,,,12,,224,224,0,1639996516,0,210,0,16,0,0.13108234107494354,1.0,-13.30508041381836,3.333653450012207,229.0,0.5625583399087191,3056.140625,67.03369140625,,data/instances/train/real_07.cip
mix_16_0,34,1675,1675,A,,60.0,100,0.12047932296991348,2.455874443054199,4.770625114440918,0.3381666666666667,,,,,,,,,,,,,,,,,,,,,14,,224,224,0,1639996516,0,210,0,16,0,0.04040778800845146,1.0,-12.717260360717773,5.240860939025879,229.0,0.6015208326280117,3056.140625,67.03369140625,,data/instances/train/real_07.cip
mix_16_0,34,1676,1676,A,,60.0,100,1.1990268230438232,4.637955665588379,30.545991897583008,0.3381666666666667,,,,,,,,,,,,,,,,,,,,,12,,224,224,0,1639996516,0,210,0,16,0,0.2116842418909073,1.0,-13.943679809570312,3.499793529510498,229.0,0.5897713918238878,3056.140625,67.03369140625,,data/instances/train/real_07.cip
mix_16_0,34,1677,1677,A,,60.0,100,0.23107941448688507,2.1484925746917725,10.50192642211914,0.33658333333333335,,,,,,,,,,,,,,,,,,,,,14,,224,224,0,1637935792,0,211,0,16,0,0.0789121612906456,1.0,-12.982796669006348,3.9723033905029297,1.0,0.49746072478592396,3056.140625,67.03369140625,,data/instances/train/real_07.cip
mix_16_0,34,1678,1678,A,,60.0,100,0.38053154945373535,3.07338285446167,12.095075607299805,0.33658333333333335,,,,,,,,,,,,,,,,,,,,,12,,224,224,0,1637935792,0,211,0,16,0,0.11616494506597519,1.0,-12.989461898803711,3.1865313053131104,1.0,0.5632182527333498,3056.140625,67.03369140625,,data/instances/train/real_07.cip
mix_16_0,34,1679,1679,A,,60.0,100,0.17666348814964294,2.7248196601867676,1.0278435945510864,0.33658333333333335,,,,,,,,,,,,,,,,,,,,,13,,224,224,0,1637935792,0,211,0,16,0,0.05460865795612335,1.0,-13.477148056030273,3.041592836380005,1.0,0.6128293238580227,3056.140625,67.03369140625,,data/instances/train/real_07.cip
mix_16_0,34,1680,1680,A,,60.0,100,0.3432353138923645,4.662774562835693,6.014631271362305,0.33658333333333335,,,,,,,,,,,,,,,,,,,,,9,,224,224,0,1637935792,0,211,0,16,0,0.06707725673913956,1.0,-11.410752296447754,5.020317554473877,1.0,0.5709943417459726,3056.140625,67.03369140625,,data/instances/train/real_07.cip
mix_16_0,34,1681,1681,A,,60.0,100,0.7700441479682922,4.145795822143555,13.525371551513672,0.3350000000000001,,,,,,,,,,,,,,,,,,,,,12,,224,224,0,1635665964,0,212,0,16,0,0.15235920250415802,1.0,-12.712231636047363,3.601851224899292,1.0,0.5168953388929367,3056.140625,67.03369140625,,data/instances/train/real_07.cip
mix_16_0,34,1682,1682,A,,60.0,100,0.3272992968559265,4.667074203491211,2.6882200241088867,0.3350000000000001,,,,,,,,,,,,,,,,,,,,,9,,224,224,0,1635665964,0,212,0,16,0,0.06115315854549408,1.0,-11.544435501098633,5.049994468688965,1.0,0.5550754275172949,3056.140625,67.03369140625,,data/instances/train/real_07.cip
mix_16_0,34,1683,1683,A,,60.0,100,0.22541768848896027,2.818915843963623,5.357725143432617,0.3350000000000001,,,,,,,,,,,,,,,,,,,,,11,,224,224,0,1635665964,0,212,0,16,0,0.06108640506863594,1.0,-12.758935928344727,4.65324592590332,1.0,0.5734484922140837,3056.140625,67.03369140625,,data/instances/train/real_07.cip
mix_16_0,34,1684,1684,A,,60.0,100,0.8812048435211182,3.954768180847168,3.298178195953369,0.3350000000000001,,,,,,,,,,,,,,,,,,,,,12,,224,224,0,1635665964,0,212,0,16,0,0.2069508284330368,1.0,-12.942245483398438,3.135519027709961,1.0,0.5917956847697496,3056.140625,67.03369140625,,data/instances/train/real_07.cip
mix_16_0,34,1685,1685,A,,60.0,100,0.43674513697624207,4.652682304382324,3.725823402404785,0.3334166666666667,,,,,,,,,,,,,,,,,,,,,9,,224,224,0,1633208908,0,213,0,16,0,0.08858151733875275,1.0,-12.69603157043457,2.946091413497925,1.0,0.4424003940075636,3056.140625,67.03369140625,,data/instances/train/real_07.cip
mix_16_0,34,1686,1686,A,,60.0,100,0.6687134504318237,3.950432300567627,10.859413146972656,0.3334166666666667,,,,,,,,,,,,,,,,,,,,,11,,224,224,0,1633208908,0,213,0,16,0,0.1499343067407608,1.0,-13.736687660217285,4.25096321105957,1.0,0.5759012475609779,3056.140625,67.03369140625,,data/instances/train/real_07.cip
mix_16_0,34,1687,1687,A,,60.0,100,0.19933557510375977,2.8598861694335938,1.936766266822815,0.3334166666666667,,,,,,,,,,,,,,,,,,,,,13,,224,224,0,1633208908,0,213,0,16,0,0.06597965955734253,1.0,-13.693645477294922,3.2019171714782715,1.0,0.6057655941694975,3056.140625,67.03369140625,,data/instances/train/real_07.cip
mix_16_0,34,1688,1688,A,,60.0,100,0.11474357545375824,1.8898956775665283,1.3866851329803467,0.3334166666666667,,,,,,,,,,,,,,,,,,,,,14,,224,224,0,1633208908,0,213,0,16,0,0.06230984255671501,1.0,-15.114814758300781,3.1615467071533203,1.0,0.617362754419446,3056.140625,67.03369140625,,data/instances/train/real_07.cip
mix_16_0,34,1689,1689,A,,60.0,100,0.3051069378852844,3.1237590312957764,8.970396995544434,0.3318333333333333,,,,,,,,,,,,,,,,,,,,,13,,224,224,0,1630861652,0,214,0,16,0,0.08753280341625214,1.0,-12.807025909423828,2.791717529296875,1.0,0.47837778739631176,3056.140625,67.03369140625,,data/instances/train/real_07.cip
mix_16_0,34,1690,1690,A,,60.0,100,0.4040732979774475,3.50946307182312,3.06583571434021,0.3318333333333333,,,,,,,,,,,,,,,,,,,,,12,,224,224,0,1630861652,0,214,0,16,0,0.11542640626430511,1.0,-14.37161636352539,3.407088041305542,1.0,0.449923450127244,3056.140625,67.03369140625,,data/instances/train/real_07.cip
mix_16_0,34,1691,1691,A,,60.0,100,0.11635388433933258,3.827749729156494,1.4335920810699463,0.3318333333333333,,,,,,,,,,,,,,,,,,,,,11,,224,224,0,1630861652,0,214,0,16,0,0.027325276285409927,1.0,-12.590291023254395,4.150205135345459,1.0,0.4499392956495285,3056.140625,67.03369140625,,data/instances/train/real_07.cip
mix_16_0,34,1692,1692,A,,60.0,100,0.33231091499328613,4.453413009643555,4.386082649230957,0.3318333333333333,,,,,,,,,,,,,,,,,,,,,11,,224,224,0,1630861652,0,214,0,16,0,0.06968140602111816,1.0,-12.760910034179688,3.638906955718994,1.0,0.5712522491812706,3056.140625,67.03369140625,,data/instances/train/real_07.cip
mix_16_0,34,1693,1693,A,,60.0,100,0.42538076639175415,5.855260848999023,5.301161766052246,0.33025000000000004,,,,,,,,,,,,,,,,,,,,,9,,224,224,0,1628389272,0,215,0,16,0,0.07276242226362228,1.0,-14.806281089782715,3.1383981704711914,1.0,0.4756157323718071,3056.140625,67.03369140625,,data/instances/train/real_07.cip
mix_16_0,34,1694,1694,A,,60.0,100,0.4478967785835266,3.3610172271728516,2.9781322479248047,0.33025000000000004,,,,,,,,,,,,,,,,,,,,,12,,224,224,0,1628389272,0,215,0,16,0,0.12294105440378189,1.0,-13.544949531555176,3.5513103008270264,1.0,0.5041725635528564,3056.140625,67.03369140625,,data/instances/train/real_07.cip
mix_16_0,34,1695,1695,A,,60.0,100,0.3610595464706421,3.1092724800109863,4.63702917098999,0.33025000000000004,,,,,,,,,,,,,,,,,,,,,13,,224,224,0,1628389272,0,215,0,16,0,0.10502996295690536,1.0,-12.689647674560547,3.976757287979126,1.0,0.3043756876140833,3056.140625,67.03369140625,,data/instances/train/real_07.cip
mix_16_0,34,1696,1696,A,,60.0,100,0.4486490488052368,5.316322326660156,1.8918452262878418,0.33025000000000004,,,,,,,,,,,,,,,,,,,,,9,,224,224,0,1628389272,0,215,0,16,0,0.08173459768295288,1.0,-11.543498992919922,4.317531585693359,1.0,0.240504315122962,3056.140625,67.03369140625,,data/instances/train/real_07.cip
mix_16_0,34,1697,1697,A,,60.0,100,0.16051410138607025,1.8181788921356201,5.318048477172852,0.32866666666666666,,,,,,,,,,,,,,,,,,,,,14,,224,224,0,1625943656,0,216,0,16,0,0.07990577816963196,1.0,-12.910072326660156,3.623368740081787,154.0,0.4575422815978527,3056.140625,67.03369140625,,data/instances/train/real_07.cip
mix_16_0,34,1698,1698,A,,60.0,100,0.1541929543018341,1.5174247026443481,8.965126037597656,0.32866666666666666,,,,,,,,,,,,,,,,,,,,,14,,224,224,0,1625943656,0,216,0,16,0,0.07221009582281113,1.0,-13.296895980834961,4.436903476715088,154.0,0.4902354497462511,3056.140625,67.03369140625,,data/instances/train/real_07.cip
mix_16_0,34,1699,1699,A,,60.0,100,0.19924747943878174,3.4273650646209717,3.4013657569885254,0.32866666666666666,,,,,,,,,,,,,,,,,,,,,9,,224,224,0,1625943656,0,216,0,16,0,0.05177213251590729,1.0,-11.97330093383789,4.38227653503418,154.0,0.5041985642164946,3056.140625,67.03369140625,,data/instances/train/real_07.cip
mix_16_0,34,1700,1700,A,,60.0,100,0.30482620000839233,2.3289804458618164,3.426403522491455,0.32866666666666666,,,,,,,,,,,,,,,,,,,,,13,,224,224,0,1625943656,0,216,0,16,0,0.12093744426965714,1.0,-14.953410148620605,3.7655014991760254,154.0,0.5997918751090765,3056.140625,67.03369140625,,data/instances/train/real_07.cip
mix_16_0,34,1701,1701,A,,60.0,100,0.533189594745636,4.999166488647461,2.903654098510742,0.3270833333333333,,,,,,,,,,,,,,,,,,,,,9,,224,224,0,1624113000,0,217,0,16,0,0.0994659885764122,1.0,-12.869462966918945,3.9450390338897705,1.0,0.2634515408426523,3056.140625,67.03369140625,,data/instances/train/real_07.cip
mix_16_0,34,1702,1702,A,,60.0,100,0.12498396635055542,3.1250767707824707,4.150084972381592,0.3270833333333333,,,,,,,,,,,,,,,,,,,,,12,,224,224,0,1624113000,0,217,0,16,0,0.0348239503800869,1.0,-12.676283836364746,3.916430711746216,1.0,0.3249514698982239,3056.140625,67.03369140625,,data/instances/train/real_07.cip
mix_16_0,34,1703,1703,A,,60.0,100,0.11527605354785919,3.7401015758514404,6.369378089904785,0.3270833333333333,,,,,,,,,,,,,,,,,,,,,11,,224,224,0,1624113000,0,217,0,16,0,0.02293708734214306,1.0,-12.91602611541748,3.5945305824279785,1.0,0.37610149569809437,3056.140625,67.03369140625,,data/instances/train/real_07.cip
mix_16_0,34,1704,1704,A,,60.0,100,0.4914705157279968,4.324121952056885,1.275048017501831,0.3270833333333333,,,,,,,,,,,,,,,,,,,,,10,,224,224,0,1624113000,0,217,0,16,0,0.10696794092655182,1.0,-12.70380973815918,3.6998367309570312,1.0,0.4295525476336479,3056.140625,67.03369140625,,data/instances/train/real_07.cip
mix_16_0,34,1705,1705,A,,60.0,100,0.30402982234954834,4.554287910461426,4.692357063293457,0.3255,,,,,,,,,,,,,,,,,,,,,10,,224,224,0,1622249936,0,218,0,16,0,0.06144246086478233,1.0,-13.369927406311035,2.49269700050354,1.0,0.4811794478446245,3056.140625,67.03369140625,,data/instances/train/real_07.cip
mix_16_0,34,1706,1706,A,,60.0,100,0.3560405671596527,3.754693031311035,1.7316051721572876,0.3255,,,,,,,,,,,,,,,,,,,,,10,,224,224,0,1622249936,0,218,0,16,0,0.08461898565292358,1.0,-12.578691482543945,3.8688998222351074,1.0,0.5772733204066753,3056.140625,67.03369140625,,data/instances/train/real_07.cip
mix_16_0,34,1707,1707,A,,60.0,100,0.30435529351234436,2.4366323947906494,6.968679428100586,0.3255,,,,,,,,,,,,,,,,,,,,,14,,224,224,0,1622249936,0,218,0,16,0,0.10393648594617844,1.0,-13.853939056396484,2.228311777114868,1.0,0.6287095136940479,3056.140625,67.03369140625,,data/instances/train/real_07.cip
mix_16_0,34,1708,1708,A,,60.0,100,0.35187360644340515,3.643831729888916,2.0832197666168213,0.3255,,,,,,,,,,,,,,,,,,,,,10,,224,224,0,1622249936,0,218,0,16,0,0.08419683575630188,1.0,-10.807807922363281,4.340780258178711,1.0,0.4617736879736185,3056.140625,67.03369140625,,data/instances/train/real_07.cip
episode,34,1708,1708,A,,60.0,100,0.35187360644340515,3.643831729888916,2.0832197666168213,0.32391666666666674,-13.017999999999999,-13.0,-0.018000000000000002,-13.017999999999999,True,14,60.646592,,,,,,,,inf,1e+20,120.0,inf,0.0,11113,10,True,224,224,0,1618667460,0,220,0,16,0,,,,,33.23076923076923,,3056.140625,67.03369140625,timelimit,data/instances/train/real_07.cip
mix_16_0,35,1709,1709,A,,60.0,100,0.18928226828575134,2.5919485092163086,3.4494686126708984,0.32391666666666674,,,,,,,,,,,,,,,,,,,,,13,,224,224,0,1618667460,0,220,0,16,0,0.06386106461286545,1.0,-13.001025199890137,3.4638781547546387,1.0,0.5120622329413891,3056.0859375,67.03369140625,,data/instances/transfer/real_01.cip
mix_16_0,35,1710,1710,A,,60.0,100,0.24731460213661194,4.359963417053223,0.9364832639694214,0.32391666666666674,,,,,,,,,,,,,,,,,,,,,10,,224,224,0,1618667460,0,220,0,16,0,0.05366003140807152,1.0,-12.710606575012207,3.5644731521606445,1.0,0.5727987177670002,3056.0859375,67.03369140625,,data/instances/transfer/real_01.cip
mix_16_0,35,1711,1711,A,,60.0,100,1.096858263015747,4.904132843017578,7.4991984367370605,0.32391666666666674,,,,,,,,,,,,,,,,,,,,,10,,224,224,0,1618667460,0,220,0,16,0,0.2035127878189087,1.0,-13.207468032836914,3.1068804264068604,1.0,0.5917477235198021,3056.0859375,67.03369140625,,data/instances/transfer/real_01.cip
mix_16_0,35,1712,1712,A,,60.0,100,0.2851513922214508,2.6698386669158936,9.954036712646484,0.32391666666666674,,,,,,,,,,,,,,,,,,,,,13,,224,224,0,1618667460,0,220,0,16,0,0.09276976436376572,1.0,-12.333568572998047,4.339219093322754,1.0,0.6445665508508682,3056.0859375,67.03369140625,,data/instances/transfer/real_01.cip
mix_16_0,35,1713,1713,A,,60.0,100,0.16940897703170776,2.334200382232666,1.2225284576416016,0.32233333333333336,,,,,,,,,,,,,,,,,,,,,13,,224,224,0,1618667460,0,220,0,16,0,0.06582969427108765,1.0,-14.811103820800781,4.012202262878418,1.0,0.40468009375035763,3056.0859375,67.03369140625,,data/instances/transfer/real_01.cip
mix_16_0,35,1714,1714,A,,60.0,100,0.08506561815738678,1.3496273756027222,3.5547268390655518,0.32233333333333336,,,,,,,,,,,,,,,,,,,,,15,,224,224,0,1618667460,0,220,0,16,0,0.04828813299536705,1.0,-12.736373901367188,4.267086505889893,1.0,0.3863007463514805,3056.0859375,67.03369140625,,data/instances/transfer/real_01.cip
mix_16_0,35,1715,1715,A,,60.0,100,0.4339344799518585,5.571503639221191,4.2305402755737305,0.32233333333333336,,,,,,,,,,,,,,,,,,,,,8,,224,224,0,1618667460,0,220,0,16,0,0.07357002049684525,1.0,-12.40584945678711,4.318880081176758,1.0,0.3311308082193136,3056.0859375,67.03369140625,,data/instances/transfer/real_01.cip
mix_16_0,35,1716,1716,A,,60.0,100,0.8410611152648926,4.602293968200684,2.9026708602905273,0.32233333333333336,,,,,,,,,,,,,,,,,,,,,10,,224,224,0,1618667460,0,220,0,16,0,0.16647547483444214,1.0,-12.036758422851562,2.9818525314331055,1.0,0.4580447431653738,3056.0859375,67.03369140625,,data/instances/transfer/real_01.cip
mix_16_0,35,1717,1717,A,,60.0,100,0.19318744540214539,1.9292423725128174,1.5086601972579956,0.3207500000000001,,,,,,,,,,,,,,,,,,,,,13,,224,224,0,1619114448,0,221,0,16,0,0.07439093291759491,1.0,-11.062250137329102,4.558947563171387,411.0,0.3443074729293585,3056.0859375,67.03369140625,,data/instances/transfer/real_01.cip
mix_16_0,35,1718,1718,A,,60.0,100,0.8967034816741943,5.2955169677734375,1.9597350358963013,0.3207500000000001,,,,,,,,,,,,,,,,,,,,,8,,224,224,0,1619114448,0,221,0,16,0,0.15957015752792358,1.0,-12.515960693359375,4.483107566833496,411.0,0.3504003044217825,3056.0859375,67.03369140625,,data/instances/transfer/real_01.cip
mix_16_0,35,1719,1719,A,,60.0,100,0.573091983795166,4.060552597045898,3.628758668899536,0.3207500000000001,,,,,,,,,,,,,,,,,,,,,9,,224,224,0,1619114448,0,221,0,16,0,0.1282208412885666,1.0,-11.289617538452148,3.8620095252990723,411.0,0.3529143687337637,3056.0859375,67.03369140625,,data/instances/transfer/real_01.cip
mix_16_0,35,1720,1720,A,,60.0,100,0.2032574713230133,2.233745574951172,10.444697380065918,0.3207500000000001,,,,,,,,,,,,,,,,,,,,,14,,224,224,0,1619114448,0,221,0,16,0,0.06496666371822357,1.0,-14.069583892822266,3.1561331748962402,411.0,0.39934033155441284,3056.0859375,67.03369140625,,data/instances/transfer/real_01.cip
mix_16_0,35,1721,1721,A,,60.0,100,0.4148498773574829,2.9923572540283203,9.190522193908691,0.3191666666666667,,,,,,,,,,,,,,,,,,,,,13,,224,224,0,1619363388,0,222,0,16,0,0.11611826717853546,1.0,-13.460933685302734,3.4762322902679443,1.0,0.3369278870522976,3056.0859375,67.03369140625,,data/instances/transfer/real_01.cip
mix_16_0,35,1722,1722,A,,60.0,100,0.5017591714859009,3.160367965698242,5.170980930328369,0.3191666666666667,,,,,,,,,,,,,,,,,,,,,13,,224,224,0,1619363388,0,222,0,16,0,0.14061947166919708,1.0,-13.769511222839355,2.461860179901123,1.0,0.3977959267795086,3056.0859375,67.03369140625,,data/instances/transfer/real_01.cip
mix_16_0,35,1723,1723,A,,60.0,100,0.03583984822034836,0.5027197003364563,2.419098377227783,0.3191666666666667,,,,,,,,,,,,,,,,,,,,,16,,224,224,0,1619363388,0,222,0,16,0,0.11214234679937363,1.0,-12.654068946838379,4.326222896575928,1.0,0.34360571950674057,3056.0859375,67.03369140625,,data/instances/transfer/real_01.cip
mix_16_0,35,1724,1724,A,,60.0,100,0.40816786885261536,4.276420593261719,10.368894577026367,0.3191666666666667,,,,,,,,,,,,,,,,,,,,,11,,224,224,0,1619363388,0,222,0,16,0,0.08477851003408432,1.0,-12.759681701660156,3.9421558380126953,1.0,0.3633554205298424,3056.0859375,67.03369140625,,data/instances/transfer/real_01.cip
mix_16_0,35,1725,1725,A,,60.0,100,0.4167775809764862,3.9200870990753174,8.735982894897461,0.31758333333333333,,,,,,,,,,,,,,,,,,,,,12,,224,224,0,1619586788,0,223,0,16,0,0.0934482291340828,1.0,-13.492441177368164,4.479607105255127,1.0,0.28252274729311466,3056.0859375,67.03369140625,,data/instances/transfer/real_01.cip
mix_16_0,35,1726,1726,A,,60.0,100,0.23278169333934784,2.680309295654297,3.2025439739227295,0.31758333333333333,,,,,,,,,,,,,,,,,,,,,13,,224,224,0,1619586788,0,223,0,16,0,0.07721336930990219,1.0,-12.187641143798828,3.641083002090454,1.0,0.43908555433154106,3056.0859375,67.03369140625,,data/instances/transfer/real_01.cip
mix_16_0,35,1727,1727,A,,60.0,100,0.49039578437805176,3.051609754562378,12.68189525604248,0.31758333333333333,,,,,,,,,,,,,,,,,,,,,13,,224,224,0,1619586788,0,223,0,16,0,0.14616109430789948,1.0,-13.527576446533203,3.5371344089508057,1.0,0.5091413334012032,3056.0859375,67.03369140625,,data/instances/transfer/real_01.cip
mix_16_0,35,1728,1728,A,,60.0,100,0.19648131728172302,2.1170284748077393,1.7035828828811646,0.31758333333333333,,,,,,,,,,,,,,,,,,,,,14,,224,224,0,1619586788,0,223,0,16,0,0.06883684545755386,1.0,-13.155806541442871,4.807431697845459,1.0,0.5199925284832716,3056.0859375,67.03369140625,,data/instances/transfer/real_01.cip
mix_16_0,35,1729,1729,A,,60.0,100,0.5103651285171509,3.737650156021118,1.2857767343521118,0.31600000000000006,,,,,,,,,,,,,,,,,,,,,12,,224,224,0,1619983296,0,224,0,16,0,0.12362059950828552,1.0,-13.903022766113281,2.7022759914398193,1.0,0.473798505961895,3055.52734375,67.03369140625,,data/instances/transfer/real_01.cip
mix_16_0,35,1730,1730,A,,60.0,100,0.6082731485366821,5.299985885620117,2.6242425441741943,0.31600000000000006,,,,,,,,,,,,,,,,,,,,,10,,224,224,0,1619983296,0,224,0,16,0,0.10720400512218475,1.0,-13.343384742736816,2.101306438446045,1.0,0.519794050604105,3055.52734375,67.03369140625,,data/instances/transfer/real_01.cip
mix_16_0,35,1731,1731,A,,60.0,100,0.1831764280796051,3.6322991847991943,1.743815302848816,0.31600000000000006,,,,,,,,,,,,,,,,,,,,,12,,224,224,0,1619983296,0,224,0,16,0,0.04745713248848915,1.0,-13.716421127319336,4.332906723022461,1.0,0.5672543756663799,3055.45703125,67.03369140625,,data/instances/transfer/real_01.cip
mix_16_0,35,1732,1732,A,,60.0,100,0.08705148845911026,0.6450947523117065,3.3426685333251953,0.31600000000000006,,,,,,,,,,,,,,,,,,,,,15,,224,224,0,1619983296,0,224,0,16,0,0.1771601140499115,1.0,-12.480857849121094,4.637393474578857,1.0,0.599764559417963,3055.45703125,67.03369140625,,data/instances/transfer/real_01.cip
mix_16_0,35,1733,1733,A,,60.0,100,0.296266108751297,4.305599689483643,4.338398456573486,0.3144166666666667,,,,,,,,,,,,,,,,,,,,,11,,224,224,0,1620362956,0,225,0,16,0,0.06597746163606644,1.0,-13.276043891906738,3.7433948516845703,1.0,0.550217978656292,3055.45703125,67.03369140625,,data/instances/transfer/real_01.cip
mix_16_0,35,1734,1734,A,,60.0,100,0.5563288927078247,3.2723236083984375,3.767371416091919,0.3144166666666667,,,,,,,,,,,,,,,,,,,,,12,,224,224,0,1620362956,0,225,0,16,0,0.16387908160686493,1.0,-12.826964378356934,2.579191207885742,1.0,0.6201920863240957,3055.45703125,67.03369140625,,data/instances/transfer/real_01.cip
mix_16_0,35,1735,1735,A,,60.0,100,0.23927831649780273,4.04836368560791,3.202141284942627,0.3144166666666667,,,,,,,,,,,,,,,,,,,,,11,,224,224,0,1620362956,0,225,0,16,0,0.05150624364614487,1.0,-12.960427284240723,3.2602813243865967,1.0,0.5711466111242771,3055.45703125,67.03369140625,,data/instances/transfer/real_01.cip
mix_16_0,35,1736,1736,A,,60.0,100,0.30518338084220886,3.9935379028320312,1.1341103315353394,0.3144166666666667,,,,,,,,,,,,,,,,,,,,,10,,224,224,0,1620362956,0,225,0,16,0,0.07246678322553635,1.0,-11.478330612182617,5.077514171600342,1.0,0.5213295109570026,3055.45703125,67.03369140625,,data/instances/transfer/real_01.cip
mix_16_0,35,1737,1737,A,,60.0,100,0.41986924409866333,3.576504707336426,6.6610589027404785,0.3128333333333333,,,,,,,,,,,,,,,,,,,,,11,,224,224,0,1621124848,0,226,0,16,0,0.10001286119222641,1.0,-12.980549812316895,4.615489959716797,1.0,0.3560697566717863,3055.2890625,67.03369140625,,data/instances/transfer/real_01.cip
mix_16_0,35,1738,1738,A,,60.0,100,0.3483510911464691,4.763039588928223,3.6249706745147705,0.3128333333333333,,,,,,,,,,,,,,,,,,,,,10,,224,224,0,1621124848,0,226,0,16,0,0.0655677318572998,1.0,-13.147048950195312,2.2527360916137695,1.0,0.28773279674351215,3055.2890625,67.03369140625,,data/instances/transfer/real_01.cip
mix_16_0,35,1739,1739,A,,60.0,100,0.43306809663772583,2.5542078018188477,8.515287399291992,0.3128333333333333,,,,,,,,,,,,,,,,,,,,,14,,224,224,0,1621124848,0,226,0,16,0,0.13485294580459595,1.0,-12.005054473876953,4.077507972717285,1.0,0.40196399204432964,3055.2890625,67.03369140625,,data/instances/transfer/real_01.cip
mix_16_0,35,1740,1740,A,,60.0,100,0.46712809801101685,3.2731947898864746,5.765432834625244,0.3128333333333333,,,,,,,,,,,,,,,,,,,,,11,,224,224,0,1621124848,0,226,0,16,0,0.11840471625328064,1.0,-12.193649291992188,3.722841262817383,1.0,0.29420545138418674,3055.2890625,67.03369140625,,data/instances/transfer/real_01.cip
mix_16_0,35,1741,1741,A,,60.0,100,0.12470340728759766,3.05478835105896,3.5368404388427734,0.31125,,,,,,,,,,,,,,,,,,,,,12,,224,224,0,1622047144,0,227,0,16,0,0.03316500037908554,1.0,-13.584553718566895,3.9100027084350586,1.0,0.4702611528337002,3055.2890625,67.03369140625,,data/instances/transfer/real_01.cip
mix_16_0,35,1742,1742,A,,60.0,100,0.19145548343658447,2.27009916305542,1.1803823709487915,0.31125,,,,,,,,,,,,,,,,,,,,,13,,224,224,0,1622047144,0,227,0,16,0,0.07583516091108322,1.0,-13.043830871582031,3.862440824508667,1.0,0.5614676605910063,3055.2890625,67.03369140625,,data/instances/transfer/real_01.cip
mix_16_0,35,1743,1743,A,,60.0,100,0.36794495582580566,3.688744306564331,4.1449995040893555,0.31125,,,,,,,,,,,,,,,,,,,,,11,,224,224,0,1622047144,0,227,0,16,0,0.09289824962615967,1.0,-11.475702285766602,4.01980447769165,1.0,0.6007117200642824,3055.2890625,67.03369140625,,data/instances/transfer/real_01.cip
mix_16_0,35,1744,1744,A,,60.0,100,0.4375298023223877,3.2427785396575928,2.167611598968506,0.31125,,,,,,,,,,,,,,,,,,,,,13,,224,224,0,1622047144,0,227,0,16,0,0.1285153031349182,1.0,-14.512807846069336,3.7574994564056396,1.0,0.6221682317554951,3055.2890625,67.03369140625,,data/instances/transfer/real_01.cip
mix_16_0,35,1745,1745,A,,60.0,100,0.19344653189182281,1.830951452255249,3.2060561180114746,0.30966666666666665,,,,,,,,,,,,,,,,,,,,,14,,224,224,0,1623065408,0,228,0,16,0,0.09860032796859741,1.0,-12.322528839111328,4.315835952758789,1.0,0.5768276657909155,3055.2890625,67.03369140625,,data/instances/transfer/real_01.cip
mix_16_0,35,1746,1746,A,,60.0,100,0.409323513507843,3.086362361907959,1.8307431936264038,0.30966666666666665,,,,,,,,,,,,,,,,,,,,,12,,224,224,0,1623065408,0,228,0,16,0,0.11407470703125,1.0,-13.06272029876709,4.02307653427124,1.0,0.6052166428416967,3055.2890625,67.03369140625,,data/instances/transfer/real_01.cip
mix_16_0,35,1747,1747,A,,60.0,100,0.4028974175453186,2.374845266342163,2.5257046222686768,0.30966666666666665,,,,,,,,,,,,,,,,,,,,,12,,224,224,0,1623065408,0,228,0,16,0,0.15059517323970795,1.0,-10.203289985656738,4.746626377105713,1.0,0.6480572670698166,3055.2890625,67.03369140625,,data/instances/transfer/real_01.cip
mix_16_0,35,1748,1748,A,,60.0,100,0.28539738059043884,4.616118431091309,0.905367910861969,0.30966666666666665,,,,,,,,,,,,,,,,,,,,,11,,224,224,0,1623065408,0,228,0,16,0,0.05831541866064072,1.0,-12.956144332885742,3.5744469165802,1.0,0.5723520237952471,3055.2890625,67.03369140625,,data/instances/transfer/real_01.cip
mix_16_0,35,1749,1749,A,,60.0,100,0.29068660736083984,2.24062442779541,2.650644540786743,0.30808333333333326,,,,,,,,,,,,,,,,,,,,,13,,224,224,0,1624465912,0,229,0,16,0,0.1071419045329094,1.0,-11.406610488891602,4.403969764709473,1.0,0.35831770300865173,3055.2890625,67.03369140625,,data/instances/transfer/real_01.cip
mix_16_0,35,1750,1750,A,,60.0,100,0.46914777159690857,4.941294193267822,6.077362537384033,0.30808333333333326,,,,,,,,,,,,,,,,,,,,,10,,224,224,0,1624465912,0,229,0,16,0,0.08558538556098938,1.0,-11.22900390625,3.5928056240081787,1.0,0.5032750740647316,3055.2890625,67.03369140625,,data/instances/transfer/real_01.cip
mix_16_0,35,1751,1751,A,,60.0,100,0.2099314033985138,2.9852609634399414,6.459628582000732,0.30808333333333326,,,,,,,,,,,,,,,,,,,,,13,,224,224,0,1624465912,0,229,0,16,0,0.059388287365436554,1.0,-12.120759963989258,4.732443332672119,1.0,0.6433647312223911,3055.2890625,67.03369140625,,data/instances/transfer/real_01.cip
mix_16_0,35,1752,1752,A,,60.0,100,0.2503392696380615,1.642642617225647,4.59212064743042,0.30808333333333326,,,,,,,,,,,,,,,,,,,,,12,,224,224,0,1624465912,0,229,0,16,0,0.1225568875670433,1.0,-11.953927993774414,6.22874116897583,1.0,0.5715456064790487,3055.2890625,67.03369140625,,data/instances/transfer/real_01.cip
mix_16_0,35,1753,1753,A,,60.0,100,0.20133435726165771,3.7578635215759277,0.8488453030586243,0.3065,,,,,,,,,,,,,,,,,,,,,10,,224,224,0,1623828484,0,230,0,16,0,0.054352376610040665,1.0,-13.12203598022461,4.509486675262451,1.0,0.487714022397995,3055.2890625,67.03369140625,,data/instances/transfer/real_01.cip
mix_16_0,35,1754,1754,A,,60.0,100,0.16053804755210876,3.714895009994507,2.1744818687438965,0.3065,,,,,,,,,,,,,,,,,,,,,11,,224,224,0,1623828484,0,230,0,16,0,0.0415608286857605,1.0,-13.546255111694336,4.0448150634765625,1.0,0.4612395837903023,3055.2890625,67.03369140625,,data/instances/transfer/real_01.cip
mix_16_0,35,1755,1755,A,,60.0,100,0.38385042548179626,3.1862375736236572,10.094822883605957,0.3065,,,,,,,,,,,,,,,,,,,,,11,,224,224,0,1623828484,0,230,0,16,0,0.10525840520858765,1.0,-12.666776657104492,4.05944299697876,1.0,0.44262553192675114,3055.2890625,67.03369140625,,data/instances/transfer/real_01.cip
mix_16_0,35,1756,1756,A,,60.0,100,0.2594578266143799,4.826010704040527,1.0577467679977417,0.3065,,,,,,,,,,,,,,,,,,,,,9,,224,224,0,1623828484,0,230,0,16,0,0.0483747199177742,1.0,-11.448649406433105,4.149020195007324,1.0,0.35311077162623405,3055.2890625,67.03369140625,,data/instances/transfer/real_01.cip
mix_16_0,35,1757,1757,A,,60.0,100,0.27012771368026733,2.8484067916870117,2.4880669116973877,0.3049166666666667,,,,,,,,,,,,,,,,,,,,,12,,224,224,0,1623317132,0,231,0,16,0,0.08223453164100647,1.0,-9.883832931518555,4.602728843688965,1.0,0.30064496770501137,3055.2890625,67.03369140625,,data/instances/transfer/real_01.cip
mix_16_0,35,1758,1758,A,,60.0,100,0.34980064630508423,4.414374351501465,6.020606517791748,0.3049166666666667,,,,,,,,,,,,,,,,,,,,,11,,224,224,0,1623317132,0,231,0,16,0,0.0722719207406044,1.0,-13.159313201904297,3.9977197647094727,1.0,0.2941769156605005,3055.2890625,67.03369140625,,data/instances/transfer/real_01.cip
mix_16_0,35,1759,1759,A,,60.0,100,0.04933040589094162,2.178199291229248,0.7458950281143188,0.3049166666666667,,,,,,,,,,,,,,,,,,,,,12,,224,224,0,1623317132,0,231,0,16,0,0.01932375691831112,1.0,-14.363911628723145,5.1887078285217285,1.0,0.3357184436172247,3055.2890625,67.03369140625,,data/instances/transfer/real_01.cip
mix_16_0,35,1760,1760,A,,60.0,100,0.3655572533607483,3.612727642059326,7.305512428283691,0.3049166666666667,,,,,,,,,,,,,,,,,,,,,11,,224,224,0,1623317132,0,231,0,16,0,0.08500012755393982,1.0,-13.75418758392334,3.8940176963806152,1.0,0.30320565961301327,3055.2890625,67.03369140625,,data/instances/transfer/real_01.cip
episode,35,1760,1760,A,,60.0,100,0.3655572533607483,3.612727642059326,7.305512428283691,0.30333333333333345,-13.0239,-13.0,-0.0239,-13.0239,True,14,60.717898,,,,,,,,inf,1e+20,120.0,inf,0.0,25235,11,True,224,224,0,1622007276,0,233,0,16,0,,,,,32.53846153846154,,3055.2890625,67.03369140625,timelimit,data/instances/transfer/real_01.cip
validation,36,1760,1760,A,,,,,,,,,,,,,,,1.0,10.224417,inf,0.0,10.224417,1.0,8436.0,,,,,,,,,224,224,0,1622007276,0,233,0,,,,,,,,,,,optimal,data/instances/validation/real_08.cip
mix_16_0,36,1761,1761,A,,60.0,100,0.4888818860054016,3.0942888259887695,3.478121042251587,0.30333333333333345,,,,,,,,,,,,,,,,,,,,,11,,224,224,0,1622007276,0,233,0,16,0,0.14019551873207092,1.0,-11.029875755310059,4.42733907699585,81.0,0.4901126306504011,3055.265625,67.03369140625,,data/instances/transfer/real_03.cip
mix_16_0,36,1762,1762,A,,60.0,100,0.44981351494789124,3.008838653564453,6.887115478515625,0.30333333333333345,,,,,,,,,,,,,,,,,,,,,12,,224,224,0,1622007276,0,233,0,16,0,0.13808882236480713,1.0,-12.289568901062012,3.5678675174713135,81.0,0.5497787911444902,3055.265625,67.03369140625,,data/instances/transfer/real_03.cip
mix_16_0,36,1763,1763,A,,60.0,100,0.2209198921918869,5.402050971984863,5.006614685058594,0.30333333333333345,,,,,,,,,,,,,,,,,,,,,8,,224,224,0,1622007276,0,233,0,16,0,0.035917773842811584,1.0,-12.516334533691406,4.2598114013671875,81.0,0.5594051349908113,3055.265625,67.03369140625,,data/instances/transfer/real_03.cip
mix_16_0,36,1764,1764,A,,60.0,100,0.418440580368042,3.8072755336761475,3.8854572772979736,0.30333333333333345,,,,,,,,,,,,,,,,,,,,,12,,224,224,0,1622007276,0,233,0,16,0,0.10332776606082916,1.0,-13.35525131225586,3.3986899852752686,81.0,0.6525871530175209,3055.265625,67.03369140625,,data/instances/transfer/real_03.cip
mix_16_0,36,1765,1765,A,,60.0,100,0.40769025683403015,3.56093168258667,8.65623950958252,0.3017500000000001,,,,,,,,,,,,,,,,,,,,,11,,224,224,0,1622007276,0,233,0,16,0,0.10729821026325226,1.0,-10.546724319458008,4.019576072692871,23.0,0.5076477415859699,3055.265625,67.03369140625,,data/instances/transfer/real_03.cip
mix_16_0,36,1766,1766,A,,60.0,100,0.25507083535194397,3.524772882461548,5.341558933258057,0.3017500000000001,,,,,,,,,,,,,,,,,,,,,12,,224,224,0,1622007276,0,233,0,16,0,0.06309470534324646,1.0,-12.308623313903809,3.910590648651123,23.0,0.6160428766161203,3055.265625,67.03369140625,,data/instances/transfer/real_03.cip
mix_16_0,36,1767,1767,A,,60.0,100,0.28121763467788696,2.0656628608703613,2.742558240890503,0.3017500000000001,,,,,,,,,,,,,,,,,,,,,13,,224,224,0,1622007276,0,233,0,16,0,0.12334270775318146,1.0,-12.355745315551758,3.8198344707489014,23.0,0.6348621305078268,3055.265625,67.03369140625,,data/instances/transfer/real_03.cip
mix_16_0,36,1768,1768,A,,60.0,100,0.1093166396021843,1.8981432914733887,1.804443597793579,0.3017500000000001,,,,,,,,,,,,,,,,,,,,,14,,224,224,0,1622007276,0,233,0,16,0,0.05566371604800224,1.0,-14.152335166931152,3.002803325653076,23.0,0.6400370430201292,3055.265625,67.03369140625,,data/instances/transfer/real_03.cip
mix_16_0,36,1769,1769,A,,60.0,100,0.30622345209121704,3.417847156524658,5.737615585327148,0.3001666666666667,,,,,,,,,,,,,,,,,,,,,12,,224,224,0,1619276216,0,234,0,16,0,0.08299358189105988,1.0,-14.501471519470215,3.189305305480957,1.0,0.5306268930435181,3055.265625,67.03369140625,,data/instances/transfer/real_03.cip
mix_16_0,36,1770,1770,A,,60.0,100,0.10157214850187302,2.4779040813446045,1.6121145486831665,0.3001666666666667,,,,,,,,,,,,,,,,,,,,,11,,224,224,0,1619276216,0,234,0,16,0,0.032902806997299194,1.0,-12.88247299194336,5.234226226806641,1.0,0.5886868350207806,3055.265625,67.03369140625,,data/instances/transfer/real_03.cip
mix_16_0,36,1771,1771,A,,60.0,100,0.5228888392448425,2.4849586486816406,3.7229135036468506,0.3001666666666667,,,,,,,,,,,,,,,,,,,,,14,,224,224,0,1619276216,0,234,0,16,0,0.18154165148735046,1.0,-11.992218017578125,3.4434473514556885,1.0,0.6245627794414759,3055.265625,67.03369140625,,data/instances/transfer/real_03.cip
mix_16_0,36,1772,1772,A,,60.0,100,0.4751964211463928,4.173407077789307,1.8448591232299805,0.3001666666666667,,,,,,,,,,,,,,,,,,,,,10,,224,224,0,1619276216,0,234,0,16,0,0.10828065872192383,1.0,-12.938549041748047,3.2532997131347656,1.0,0.5925149172544479,3055.265625,67.03369140625,,data/instances/transfer/real_03.cip
mix_16_0,36,1773,1773,A,,60.0,100,0.131557896733284,1.4866671562194824,2.3762712478637695,0.2985833333333334,,,,,,,,,,,,,,,,,,,,,14,,224,224,0,1616305416,0,235,0,16,0,0.07461708784103394,1.0,-16.029218673706055,4.073337078094482,1.0,0.34736810624599457,3055.265625,67.03369140625,,data/instances/transfer/real_03.cip
mix_16_0,36,1774,1774,A,,60.0,100,0.43363815546035767,5.620284080505371,3.0629875659942627,0.2985833333333334,,,,,,,,,,,,,,,,,,,,,9,,224,224,0,1616305416,0,235,0,16,0,0.07428967207670212,1.0,-12.984627723693848,3.3219261169433594,1.0,0.290702348574996,3055.265625,67.03369140625,,data/instances/transfer/real_03.cip
mix_16_0,36,1775,1775,A,,60.0,100,0.12440764158964157,2.431201934814453,1.9155162572860718,0.2985833333333334,,,,,,,,,,,,,,,,,,,,,14,,224,224,0,1616305416,0,235,0,16,0,0.04340289905667305,1.0,-13.799161911010742,3.635145902633667,1.0,0.3525662887841463,3055.234375,67.03369140625,,data/instances/transfer/real_03.cip
mix_16_0,36,1776,1776,A,,60.0,100,0.4984161853790283,4.603565216064453,4.45775842666626,0.2985833333333334,,,,,,,,,,,,,,,,,,,,,10,,224,224,0,1616305416,0,235,0,16,0,0.10280916839838028,1.0,-12.991687774658203,4.277263641357422,1.0,0.3049986809492111,3055.234375,67.03369140625,,data/instances/transfer/real_03.cip
mix_16_0,36,1777,1777,A,,60.0,100,0.15311861038208008,4.632221221923828,2.130388021469116,0.29700000000000004,,,,,,,,,,,,,,,,,,,,,9,,224,224,0,1618242172,0,236,0,16,0,0.029871556907892227,1.0,-13.244356155395508,4.49336576461792,1.0,0.3061522915959358,3055.234375,67.03369140625,,data/instances/transfer/real_03.cip
mix_16_0,36,1778,1778,A,,60.0,100,0.24276532232761383,3.060014247894287,3.8003604412078857,0.29700000000000004,,,,,,,,,,,,,,,,,,,,,13,,224,224,0,1618242172,0,236,0,16,0,0.06688134372234344,1.0,-13.73975658416748,3.3196558952331543,1.0,0.5367332212626934,3055.234375,67.03369140625,,data/instances/transfer/real_03.cip
mix_16_0,36,1779,1779,A,,60.0,100,0.05366041511297226,1.8975627422332764,0.45652300119400024,0.29700000000000004,,,,,,,,,,,,,,,,,,,,,12,,224,224,0,1618242172,0,236,0,16,0,0.02093498222529888,1.0,-13.388145446777344,5.733364105224609,1.0,0.6137706134468317,3055.234375,67.03369140625,,data/instances/transfer/real_03.cip
mix_16_0,36,1780,1780,A,,60.0,100,0.5397786498069763,2.261199474334717,6.3399786949157715,0.29700000000000004,,,,,,,,,,,,,,,,,,,,,12,,224,224,0,1618242172,0,236,0,16,0,0.20137983560562134,1.0,-11.576532363891602,4.287232875823975,1.0,0.6235631033778191,3055.234375,67.03369140625,,data/instances/transfer/real_03.cip
mix_16_0,36,1781,1781,A,,60.0,100,0.49054649472236633,4.977925777435303,3.2993996143341064,0.29541666666666666,,,,,,,,,,,,,,,,,,,,,10,,224,224,0,1620232088,0,237,0,16,0,0.08967820554971695,1.0,-13.809453964233398,3.5826826095581055,1.0,0.4655044134706259,3055.234375,67.03369140625,,data/instances/transfer/real_03.cip
mix_16_0,36,1782,1782,A,,60.0,100,0.5043311715126038,3.292598247528076,12.822883605957031,0.29541666666666666,,,,,,,,,,,,,,,,,,,,,10,,224,224,0,1620232088,0,237,0,16,0,0.12451516836881638,1.0,-10.372822761535645,5.7328715324401855,1.0,0.5263505857437849,3055.234375,67.03369140625,,data/instances/transfer/real_03.cip
mix_16_0,36,1783,1783,A,,60.0,100,0.3292691707611084,1.4519357681274414,10.52501392364502,0.29541666666666666,,,,,,,,,,,,,,,,,,,,,14,,224,224,0,1620232088,0,237,0,16,0,0.25803548097610474,1.0,-11.275899887084961,3.4105846881866455,1.0,0.6405650395900011,3055.234375,67.03369140625,,data/instances/transfer/real_03.cip
mix_16_0,36,1784,1784,A,,60.0,100,0.2393255978822708,2.1665802001953125,1.1782176494598389,0.29541666666666666,,,,,,,,,,,,,,,,,,,,,13,,224,224,0,1620232088,0,237,0,16,0,0.10268449783325195,1.0,-12.712278366088867,4.0877227783203125,1.0,0.6139781437814236,3055.234375,67.03369140625,,data/instances/transfer/real_03.cip
mix_16_0,36,1785,1785,A,,60.0,100,0.44690608978271484,3.1877760887145996,13.64274787902832,0.2938333333333334,,,,,,,,,,,,,,,,,,,,,12,,224,224,0,1622229164,0,238,0,16,0,0.11400473117828369,1.0,-12.350186347961426,3.557915449142456,98.0,0.5057435985654593,3055.234375,67.03369140625,,data/instances/transfer/real_03.cip
mix_16_0,36,1786,1786,A,,60.0,100,0.21662724018096924,3.830415725708008,6.07948637008667,0.2938333333333334,,,,,,,,,,,,,,,,,,,,,12,,224,224,0,1622229164,0,238,0,16,0,0.05247893184423447,1.0,-15.632911682128906,2.320596218109131,98.0,0.6039375644177198,3055.234375,67.03369140625,,data/instances/transfer/real_03.cip
mix_16_0,36,1787,1787,A,,60.0,100,0.30772149562835693,2.085829973220825,4.507507801055908,0.2938333333333334,,,,,,,,,,,,,,,,,,,,,14,,224,224,0,1622229164,0,238,0,16,0,0.10767573863267899,1.0,-11.926507949829102,4.395549297332764,98.0,0.6298633050173521,3055.234375,67.03369140625,,data/instances/transfer/real_03.cip
mix_16_0,36,1788,1788,A,,60.0,100,0.10370656102895737,1.3353677988052368,2.723015785217285,0.2938333333333334,,,,,,,,,,,,,,,,,,,,,14,,224,224,0,1622229164,0,238,0,16,0,0.06561371684074402,1.0,-15.560586929321289,5.032961368560791,98.0,0.632749343290925,3055.234375,67.03369140625,,data/instances/transfer/real_03.cip
mix_16_0,36,1789,1789,A,,60.0,100,0.2716958522796631,2.132117986679077,4.787909030914307,0.29225,,,,,,,,,,,,,,,,,,,,,14,,224,224,0,1624116152,0,239,0,16,0,0.11466110497713089,1.0,-12.289201736450195,3.6491076946258545,1.0,0.39549979008734226,3055.234375,67.03369140625,,data/instances/transfer/real_03.cip
mix_16_0,36,1790,1790,A,,60.0,100,0.3672925531864166,2.2483954429626465,14.55846881866455,0.29225,,,,,,,,,,,,,,,,,,,,,14,,224,224,0,1624116152,0,239,0,16,0,0.1512468308210373,1.0,-12.004859924316406,3.2819595336914062,1.0,0.5151327773928642,3055.23046875,67.03369140625,,data/instances/transfer/real_03.cip
mix_16_0,36,1791,1791,A,,60.0,100,0.05856507271528244,0.5010369420051575,4.541821002960205,0.29225,,,,,,,,,,,,,,,,,,,,,16,,224,224,0,1624116152,0,239,0,16,0,0.20253866910934448,1.0,-13.197566032409668,3.0032894611358643,1.0,0.6492608692497015,3055.23046875,67.03369140625,,data/instances/transfer/real_03.cip
mix_16_0,36,1792,1792,A,,60.0,100,0.19755560159683228,2.312225341796875,5.6295695304870605,0.29225,,,,,,,,,,,,,,,,,,,,,14,,224,224,0,1624116152,0,239,0,16,0,0.06496550142765045,1.0,-13.804152488708496,3.2644731998443604,1.0,0.6428955979645252,3055.23046875,67.03369140625,,data/instances/transfer/real_03.cip
mix_16_0,36,1793,1793,A,,60.0,100,0.08925139158964157,0.9639804363250732,7.708491802215576,0.29066666666666663,,,,,,,,,,,,,,,,,,,,,14,,224,224,0,1626004452,0,240,0,16,0,0.045242223888635635,1.0,-11.389028549194336,4.716876983642578,253.0,0.40556288696825504,3055.1796875,67.03369140625,,data/instances/transfer/real_03.cip
mix_16_0,36,1794,1794,A,,60.0,100,0.06576019525527954,1.668791651725769,5.402426242828369,0.29066666666666663,,,,,,,,,,,,,,,,,,,,,15,,224,224,0,1626004452,0,240,0,16,0,0.020180044695734978,1.0,-13.485113143920898,2.5268728733062744,253.0,0.32841452583670616,3055.1796875,67.03369140625,,data/instances/transfer/real_03.cip
mix_16_0,36,1795,1795,A,,60.0,100,0.15250815451145172,2.9982264041900635,6.132318019866943,0.29066666666666663,,,,,,,,,,,,,,,,,,,,,13,,224,224,0,1626004452,0,240,0,16,0,0.044795744121074677,1.0,-12.891945838928223,4.955491065979004,253.0,0.2790027316659689,3055.1796875,67.03369140625,,data/instances/transfer/real_03.cip
mix_16_0,36,1796,1796,A,,60.0,100,0.3075043559074402,3.2702794075012207,5.771622657775879,0.29066666666666663,,,,,,,,,,,,,,,,,,,,,12,,224,224,0,1626004452,0,240,0,16,0,0.08490504324436188,1.0,-12.497565269470215,4.058785438537598,253.0,0.3031271528452635,3055.1796875,67.03369140625,,data/instances/transfer/real_03.cip
mix_16_0,36,1797,1797,A,,60.0,100,0.08189059793949127,0.7459784746170044,8.32961368560791,0.28908333333333336,,,,,,,,,,,,,,,,,,,,,16,,224,224,0,1627992776,0,241,0,16,0,0.05317458510398865,1.0,-12.741504669189453,3.504918336868286,1.0,0.5358091685920954,3055.1796875,67.03369140625,,data/instances/transfer/real_03.cip
mix_16_0,36,1798,1798,A,,60.0,100,0.15176154673099518,2.1644155979156494,7.752490997314453,0.28908333333333336,,,,,,,,,,,,,,,,,,,,,14,,224,224,0,1627992776,0,241,0,16,0,0.056836821138858795,1.0,-12.55215072631836,4.548774242401123,1.0,0.5944599285721779,3055.1796875,67.03369140625,,data/instances/transfer/real_03.cip
mix_16_0,36,1799,1799,A,,60.0,100,0.19476890563964844,2.2418394088745117,8.522294044494629,0.28908333333333336,,,,,,,,,,,,,,,,,,,,,14,,224,224,0,1627992776,0,241,0,16,0,0.07836801558732986,1.0,-12.617352485656738,3.814669370651245,1.0,0.6436561699956656,3055.1796875,67.03369140625,,data/instances/transfer/real_03.cip
mix_16_0,36,1800,1800,A,,60.0,100,0.15183411538600922,1.3233641386032104,2.1336164474487305,0.28908333333333336,,,,,,,,,,,,,,,,,,,,,15,,224,224,0,1627992776,0,241,0,16,0,0.1016354039311409,1.0,-14.418425559997559,4.882189750671387,1.0,0.5540062393993139,3055.1796875,67.03369140625,,data/instances/transfer/real_03.cip
mix_16_0,36,1801,1801,A,,60.0,100,0.41911593079566956,3.4426653385162354,13.792911529541016,0.2875000000000001,,,,,,,,,,,,,,,,,,,,,12,,224,224,0,1629932912,0,242,0,16,0,0.10863811522722244,1.0,-12.06607437133789,3.4133148193359375,1.0,0.512921990826726,3055.1796875,67.03369140625,,data/instances/transfer/real_03.cip
mix_16_0,36,1802,1802,A,,60.0,100,0.1340724229812622,1.551687240600586,9.874959945678711,0.2875000000000001,,,,,,,,,,,,,,,,,,,,,15,,224,224,0,1629932912,0,242,0,16,0,0.062331221997737885,1.0,-13.358295440673828,4.540205001831055,1.0,0.6425873693078756,3055.1796875,67.03369140625,,data/instances/transfer/real_03.cip
mix_16_0,36,1803,1803,A,,60.0,100,0.07335779815912247,2.1812543869018555,2.5754446983337402,0.2875000000000001,,,,,,,,,,,,,,,,,,,,,13,,224,224,0,1629932912,0,242,0,16,0,0.03146239370107651,1.0,-14.226571083068848,3.640137195587158,1.0,0.6317489203065634,3055.1796875,67.03369140625,,data/instances/transfer/real_03.cip
mix_16_0,36,1804,1804,A,,60.0,100,0.1995595395565033,2.201693534851074,3.101226806640625,0.2875000000000001,,,,,,,,,,,,,,,,,,,,,12,,224,224,0,1629932912,0,242,0,16,0,0.08541955798864365,1.0,-14.133377075195312,5.107515811920166,1.0,0.5853146985173225,3055.1796875,67.03369140625,,data/instances/transfer/real_03.cip
mix_16_0,36,1805,1805,A,,60.0,100,0.10522312670946121,3.2604687213897705,1.491971492767334,0.2859166666666667,,,,,,,,,,,,,,,,,,,,,12,,224,224,0,1631899844,0,243,0,16,0,0.029718521982431412,1.0,-14.04039192199707,4.355989933013916,57.0,0.5399483162909746,3055.1796875,67.03369140625,,data/instances/transfer/real_03.cip
mix_16_0,36,1806,1806,A,,60.0,100,0.18502014875411987,2.0131683349609375,5.332923889160156,0.2859166666666667,,,,,,,,,,,,,,,,,,,,,13,,224,224,0,1631899844,0,243,0,16,0,0.06833163648843765,1.0,-11.945280075073242,3.9456143379211426,57.0,0.6289412938058376,3055.1796875,67.03369140625,,data/instances/transfer/real_03.cip
mix_16_0,36,1807,1807,A,,60.0,100,0.21245865523815155,2.9819064140319824,6.534082412719727,0.2859166666666667,,,,,,,,,,,,,,,,,,,,,13,,224,224,0,1631899844,0,243,0,16,0,0.06808698177337646,1.0,-12.961198806762695,4.503129959106445,57.0,0.6442575417459011,3055.1796875,67.03369140625,,data/instances/transfer/real_03.cip
mix_16_0,36,1808,1808,A,,60.0,100,0.25530749559402466,2.3633058071136475,4.113839149475098,0.2859166666666667,,,,,,,,,,,,,,,,,,,,,12,,224,224,0,1631899844,0,243,0,16,0,0.09674668312072754,1.0,-13.21108627319336,4.912769794464111,57.0,0.6362992562353611,3055.1796875,67.03369140625,,data/instances/transfer/real_03.cip
mix_16_0,36,1809,1809,A,,60.0,100,0.14275731146335602,2.4187536239624023,1.499463438987732,0.28433333333333344,,,,,,,,,,,,,,,,,,,,,14,,224,224,0,1633966968,0,244,0,16,0,0.05371255427598953,1.0,-13.368765830993652,3.3304970264434814,1.0,0.5613502785563469,3055.1796875,67.03369140625,,data/instances/transfer/real_03.cip
mix_16_0,36,1810,1810,A,,60.0,100,0.10519750416278839,1.2822612524032593,3.387454032897949,0.28433333333333344,,,,,,,,,,,,,,,,,,,,,15,,224,224,0,1633966968,0,244,0,16,0,0.07818625867366791,1.0,-14.967658996582031,3.5116913318634033,1.0,0.6155125107616186,3055.1796875,67.03369140625,,data/instances/transfer/real_03.cip
mix_16_0,36,1811,1811,A,,60.0,100,0.196254700422287,2.3200936317443848,6.9185309410095215,0.28433333333333344,,,,,,,,,,,,,,,,,,,,,13,,224,224,0,1633966968,0,244,0,16,0,0.07434570044279099,1.0,-13.112622261047363,4.3611273765563965,1.0,0.6179958581924438,3055.1796875,67.03369140625,,data/instances/transfer/real_03.cip
mix_16_0,36,1812,1812,A,,60.0,100,0.19141581654548645,2.8433353900909424,4.287753105163574,0.28433333333333344,,,,,,,,,,,,,,,,,,,,,13,,224,224,0,1633966968,0,244,0,16,0,0.06413224339485168,1.0,-14.39869213104248,3.278865337371826,1.0,0.6236485596746206,3055.1796875,67.03369140625,,data/instances/transfer/real_03.cip
mix_16_0,36,1813,1813,A,,60.0,100,0.08609505742788315,1.8857662677764893,2.7302072048187256,0.28275000000000006,,,,,,,,,,,,,,,,,,,,,11,,224,224,0,1636054284,0,245,0,16,0,0.03434069827198982,1.0,-9.957849502563477,5.4790472984313965,1.0,0.507926819846034,3055.1796875,67.03369140625,,data/instances/transfer/real_03.cip
mix_16_0,36,1814,1814,A,,60.0,100,0.09907233715057373,1.5515682697296143,1.568007230758667,0.28275000000000006,,,,,,,,,,,,,,,,,,,,,13,,224,224,0,1636054284,0,245,0,16,0,0.05195828154683113,1.0,-11.556463241577148,5.23812198638916,1.0,0.5988866835832596,3055.1796875,67.03369140625,,data/instances/transfer/real_03.cip
mix_16_0,36,1815,1815,A,,60.0,100,0.19479821622371674,2.1542611122131348,9.143351554870605,0.28275000000000006,,,,,,,,,,,,,,,,,,,,,14,,224,224,0,1636054284,0,245,0,16,0,0.0761437639594078,1.0,-13.006010055541992,4.769196033477783,1.0,0.6299272663891315,3055.1796875,67.03369140625,,data/instances/transfer/real_03.cip
mix_16_0,36,1816,1816,A,,60.0,100,0.4311921000480652,2.2108023166656494,6.097346782684326,0.28275000000000006,,,,,,,,,,,,,,,,,,,,,14,,224,224,0,1636054284,0,245,0,16,0,0.1809796243906021,1.0,-12.815866470336914,4.062910556793213,1.0,0.6283022686839104,3055.1796875,67.03369140625,,data/instances/transfer/real_03.cip
mix_16_0,36,1817,1817,A,,60.0,100,0.24804317951202393,2.395472526550293,2.541408061981201,0.2811666666666667,,,,,,,,,,,,,,,,,,,,,13,,224,224,0,1638446860,0,246,0,16,0,0.08983957767486572,1.0,-13.026896476745605,3.8557372093200684,1.0,0.5385253131389618,3055.1796875,67.03369140625,,data/instances/transfer/real_03.cip
mix_16_0,36,1818,1818,A,,60.0,100,0.34363165497779846,3.3886847496032715,10.380817413330078,0.2811666666666667,,,,,,,,,,,,,,,,,,,,,13,,224,224,0,1638446860,0,246,0,16,0,0.09141481667757034,1.0,-14.37201976776123,3.093442678451538,1.0,0.5989008639007807,3055.1796875,67.03369140625,,data/instances/transfer/real_03.cip
mix_16_0,36,1819,1819,A,,60.0,100,0.19450435042381287,4.184492111206055,4.345285415649414,0.2811666666666667,,,,,,,,,,,,,,,,,,,,,10,,224,224,0,1638446860,0,246,0,16,0,0.04236378148198128,1.0,-13.518047332763672,5.173430442810059,1.0,0.4584619365632534,3055.1796875,67.03369140625,,data/instances/transfer/real_03.cip
mix_16_0,36,1820,1820,A,,60.0,100,0.04989316314458847,0.40129339694976807,1.0091884136199951,0.2811666666666667,,,,,,,,,,,,,,,,,,,,,15,,224,224,0,1638446860,0,246,0,16,0,0.2305448204278946,1.0,-12.574639320373535,4.728355884552002,1.0,0.39152972027659416,3055.1796875,67.03369140625,,data/instances/transfer/real_03.cip
episode,36,1820,1820,A,,60.0,100,0.04989316314458847,0.40129339694976807,1.0091884136199951,0.2795833333333334,-15.012699999999999,-15.0,-0.012700000000000001,-15.012699999999999,True,16,62.825798,,,,,,,,inf,1e+20,120.0,inf,0.0,18333,15,True,224,224,0,1643093284,0,248,0,16,0,,,,,34.8,,3055.1796875,67.03369140625,timelimit,data/instances/transfer/real_03.cip
mix_16_0,37,1821,1821,A,,60.0,100,0.3648396134376526,2.5177297592163086,3.66268253326416,0.2795833333333334,,,,,,,,,,,,,,,,,,,,,13,,224,224,0,1643093284,0,248,0,16,0,0.12915070354938507,1.0,-13.000255584716797,3.596673011779785,1.0,0.5158977136015892,3055.1796875,67.03369140625,,data/instances/transfer/real_05.cip
mix_16_0,37,1822,1822,A,,60.0,100,0.08601997792720795,3.05682635307312,3.4684338569641113,0.2795833333333334,,,,,,,,,,,,,,,,,,,,,13,,224,224,0,1643093284,0,248,0,16,0,0.024172602221369743,1.0,-12.155792236328125,4.135407447814941,1.0,0.5607286673039198,3055.1796875,67.03369140625,,data/instances/transfer/real_05.cip
mix_16_0,37,1823,1823,A,,60.0,100,0.208230122923851,1.1355665922164917,14.36798095703125,0.2795833333333334,,,,,,,,,,,,,,,,,,,,,15,,224,224,0,1643093284,0,248,0,16,0,0.1757962852716446,1.0,-11.606698989868164,4.902132511138916,1.0,0.5684335585683584,3055.1796875,67.03369140625,,data/instances/transfer/real_05.cip
mix_16_0,37,1824,1824,A,,60.0,100,0.1560792177915573,2.8182711601257324,3.0653796195983887,0.2795833333333334,,,,,,,,,,,,,,,,,,,,,12,,224,224,0,1643093284,0,248,0,16,0,0.0406414233148098,1.0,-12.914767265319824,4.529346942901611,1.0,0.5423262696713209,3055.1796875,67.03369140625,,data/instances/transfer/real_05.cip
mix_16_0,37,1825,1825,A,,60.0,100,0.1205056756734848,3.090965509414673,4.420052528381348,0.278,,,,,,,,,,,,,,,,,,,,,13,,224,224,0,1643093284,0,248,0,16,0,0.0349380224943161,1.0,-12.488747596740723,3.2346513271331787,68.0,0.5132531188428402,3055.1796875,67.03369140625,,data/instances/transfer/real_05.cip
mix_16_0,37,1826,1826,A,,60.0,100,0.08514797687530518,3.7377660274505615,1.3351479768753052,0.278,,,,,,,,,,,,,,,,,,,,,12,,224,224,0,1643093284,0,248,0,16,0,0.022733042016625404,1.0,-14.352821350097656,3.04646372795105,68.0,0.5863046608865261,3055.1796875,67.03369140625,,data/instances/transfer/real_05.cip
mix_16_0,37,1827,1827,A,,60.0,100,0.2000562846660614,1.4900492429733276,11.649667739868164,0.278,,,,,,,,,,,,,,,,,,,,,15,,224,224,0,1643093284,0,248,0,16,0,0.09161950647830963,1.0,-13.067887306213379,3.408235788345337,68.0,0.5934903062880039,3055.1796875,67.03369140625,,data/instances/transfer/real_05.cip
mix_16_0,37,1828,1828,A,,60.0,100,0.165415957570076,2.1657772064208984,1.3241723775863647,0.278,,,,,,,,,,,,,,,,,,,,,14,,224,224,0,1643093284,0,248,0,16,0,0.07536032795906067,1.0,-14.370927810668945,4.180673122406006,68.0,0.5964093785732985,3055.1796875,67.03369140625,,data/instances/transfer/real_05.cip
mix_16_0,37,1829,1829,A,,60.0,100,0.13214176893234253,1.172318458557129,3.0521926879882812,0.27641666666666664,,,,,,,,,,,,,,,,,,,,,14,,224,224,0,1642158600,0,249,0,16,0,0.13191597163677216,1.0,-10.937153816223145,4.569522380828857,1.0,0.5123370122164488,3055.1796875,67.03369140625,,data/instances/transfer/real_05.cip
mix_16_0,37,1830,1830,A,,60.0,100,0.2116965800523758,1.7588229179382324,17.448244094848633,0.27641666666666664,,,,,,,,,,,,,,,,,,,,,14,,224,224,0,1642158600,0,249,0,16,0,0.07118522375822067,1.0,-13.3375825881958,4.1388936042785645,1.0,0.5769119504839182,3055.1796875,67.03369140625,,data/instances/transfer/real_05.cip
mix_16_0,37,1831,1831,A,,60.0,100,0.08239419758319855,0.8476417064666748,6.952396869659424,0.27641666666666664,,,,,,,,,,,,,,,,,,,,,15,,224,224,0,1642158600,0,249,0,16,0,0.10815771669149399,1.0,-12.640764236450195,4.926339149475098,1.0,0.6142433434724808,3055.1796875,67.03369140625,,data/instances/transfer/real_05.cip
mix_16_0,37,1832,1832,A,,60.0,100,0.42824020981788635,3.8998844623565674,1.7966277599334717,0.27641666666666664,,,,,,,,,,,,,,,,,,,,,11,,224,224,0,1642158600,0,249,0,16,0,0.10408389568328857,1.0,-13.524653434753418,4.223992347717285,1.0,0.5745753776282072,3055.1796875,67.03369140625,,data/instances/transfer/real_05.cip
mix_16_0,37,1833,1833,A,,60.0,100,0.23864804208278656,2.3305306434631348,5.554670810699463,0.2748333333333334,,,,,,,,,,,,,,,,,,,,,14,,224,224,0,1643519796,0,250,0,16,0,0.09310712665319443,1.0,-13.544574737548828,4.376384735107422,1.0,0.493773540481925,3055.1796875,67.03369140625,,data/instances/transfer/real_05.cip
mix_16_0,37,1834,1834,A,,60.0,100,0.3401186168193817,3.786217212677002,1.1745680570602417,0.2748333333333334,,,,,,,,,,,,,,,,,,,,,12,,224,224,0,1643519796,0,250,0,16,0,0.08952979743480682,1.0,-13.867874145507812,2.800628900527954,1.0,0.5915376730263233,3055.1796875,67.03369140625,,data/instances/transfer/real_05.cip
mix_16_0,37,1835,1835,A,,60.0,100,0.28650104999542236,5.477894306182861,5.8233137130737305,0.2748333333333334,,,,,,,,,,,,,,,,,,,,,10,,224,224,0,1643519796,0,250,0,16,0,0.05074548348784447,1.0,-15.174644470214844,2.2270703315734863,1.0,0.561607850715518,3055.1796875,67.03369140625,,data/instances/transfer/real_05.cip
mix_16_0,37,1836,1836,A,,60.0,100,0.18743309378623962,3.6485683917999268,2.0577902793884277,0.2748333333333334,,,,,,,,,,,,,,,,,,,,,12,,224,224,0,1643519796,0,250,0,16,0,0.051614634692668915,1.0,-14.872774124145508,2.860036611557007,1.0,0.5811654832214117,3055.1796875,67.03369140625,,data/instances/transfer/real_05.cip
mix_16_0,37,1837,1837,A,,60.0,100,0.16687600314617157,1.3599233627319336,2.8380472660064697,0.27325,,,,,,,,,,,,,,,,,,,,,15,,224,224,0,1645214256,0,251,0,16,0,0.10924986749887466,1.0,-14.181398391723633,3.8346493244171143,1.0,0.5325309783220291,3055.1796875,67.03369140625,,data/instances/transfer/real_05.cip
mix_16_0,37,1838,1838,A,,60.0,100,0.4964596629142761,5.284402847290039,3.6609110832214355,0.27325,,,,,,,,,,,,,,,,,,,,,10,,224,224,0,1645214256,0,251,0,16,0,0.09519128501415253,1.0,-15.307844161987305,2.9989607334136963,1.0,0.5596965048462152,3055.1796875,67.03369140625,,data/instances/transfer/real_05.cip
mix_16_0,37,1839,1839,A,,60.0,100,0.1592579483985901,2.335115909576416,1.497196078300476,0.27325,,,,,,,,,,,,,,,,,,,,,14,,224,224,0,1645214256,0,251,0,16,0,0.06060848757624626,1.0,-14.583049774169922,3.188804864883423,1.0,0.6039711833000183,3055.1796875,67.03369140625,,data/instances/transfer/real_05.cip
mix_16_0,37,1840,1840,A,,60.0,100,0.10729258507490158,1.4869024753570557,5.6125335693359375,0.27325,,,,,,,,,,,,,,,,,,,,,15,,224,224,0,1645214256,0,251,0,16,0,0.05842769891023636,1.0,-15.152166366577148,3.64227294921875,1.0,0.6105030234903097,3055.1796875,67.03369140625,,data/instances/transfer/real_05.cip
mix_16_0,37,1841,1841,A,,60.0,100,0.1665511429309845,2.1833035945892334,2.220644474029541,0.2716666666666666,,,,,,,,,,,,,,,,,,,,,14,,224,224,0,1647620644,0,252,0,16,0,0.07603686302900314,1.0,-14.215608596801758,2.292880058288574,76.0,0.5109400562942028,3055.1796875,67.03369140625,,data/instances/transfer/real_05.cip
mix_16_0,37,1842,1842,A,,60.0,100,0.3588438630104065,4.876946926116943,2.056967258453369,0.2716666666666666,,,,,,,,,,,,,,,,,,,,,11,,224,224,0,1647620644,0,252,0,16,0,0.07054795324802399,1.0,-12.99957275390625,2.15917706489563,76.0,0.5561959762126207,3055.1796875,67.03369140625,,data/instances/transfer/real_05.cip
mix_16_0,37,1843,1843,A,,60.0,100,0.2857467830181122,3.925607681274414,2.674661159515381,0.2716666666666666,,,,,,,,,,,,,,,,,,,,,12,,224,224,0,1647620644,0,252,0,16,0,0.07071275264024734,1.0,-13.903589248657227,2.340275287628174,76.0,0.5793596766889095,3055.1796875,67.03369140625,,data/instances/transfer/real_05.cip
mix_16_0,37,1844,1844,A,,60.0,100,0.4361894130706787,3.1176857948303223,5.009458541870117,0.2716666666666666,,,,,,,,,,,,,,,,,,,,,13,,224,224,0,1647620644,0,252,0,16,0,0.13212409615516663,1.0,-12.808856964111328,3.384829044342041,76.0,0.5998942013829947,3055.1796875,67.03369140625,,data/instances/transfer/real_05.cip
mix_16_0,37,1845,1845,A,,60.0,100,0.10353328287601471,2.741640567779541,4.2267165184021,0.27008333333333334,,,,,,,,,,,,,,,,,,,,,14,,224,224,0,1642350396,0,253,0,16,0,0.03271467238664627,1.0,-12.979881286621094,3.629032611846924,1.0,0.5061823818832636,3054.2109375,67.03369140625,,data/instances/transfer/real_05.cip
mix_16_0,37,1846,1846,A,,60.0,100,0.16750994324684143,4.568942070007324,2.09936261177063,0.27008333333333334,,,,,,,,,,,,,,,,,,,,,11,,224,224,0,1642350396,0,253,0,16,0,0.03666112571954727,1.0,-15.262303352355957,2.77372670173645,1.0,0.5512177906930447,3054.2109375,67.03369140625,,data/instances/transfer/real_05.cip
mix_16_0,37,1847,1847,A,,60.0,100,0.16703897714614868,3.02307391166687,3.7510414123535156,0.27008333333333334,,,,,,,,,,,,,,,,,,,,,13,,224,224,0,1642350396,0,253,0,16,0,0.04784570261836052,1.0,-14.54808521270752,2.6791303157806396,1.0,0.5855074897408485,3054.2109375,67.03369140625,,data/instances/transfer/real_05.cip
mix_16_0,37,1848,1848,A,,60.0,100,0.12405761331319809,0.8371230363845825,10.67052173614502,0.27008333333333334,,,,,,,,,,,,,,,,,,,,,16,,224,224,0,1642350396,0,253,0,16,0,0.14981171488761902,1.0,-12.120728492736816,4.196160316467285,1.0,0.6219369508326054,3054.2109375,67.03369140625,,data/instances/transfer/real_05.cip
mix_16_0,37,1849,1849,A,,60.0,100,0.13520032167434692,3.6596829891204834,6.40339994430542,0.26850000000000007,,,,,,,,,,,,,,,,,,,,,13,,224,224,0,1637312476,0,254,0,16,0,0.028580011799931526,1.0,-12.581280708312988,4.496407985687256,1.0,0.5146701876074076,3055.1796875,67.03369140625,,data/instances/transfer/real_05.cip
mix_16_0,37,1850,1850,A,,60.0,100,0.2325817048549652,2.5433826446533203,2.3866772651672363,0.26850000000000007,,,,,,,,,,,,,,,,,,,,,15,,224,224,0,1637312476,0,254,0,16,0,0.07112151384353638,1.0,-13.42197322845459,3.275021553039551,1.0,0.5879675764590502,3055.1796875,67.03369140625,,data/instances/transfer/real_05.cip
mix_16_0,37,1851,1851,A,,60.0,100,0.3262413740158081,2.8552727699279785,7.762457847595215,0.26850000000000007,,,,,,,,,,,,,,,,,,,,,14,,224,224,0,1637312476,0,254,0,16,0,0.10163731127977371,1.0,-14.637389183044434,3.497722625732422,1.0,0.6015685200691223,3055.1796875,67.03369140625,,data/instances/transfer/real_05.cip
mix_16_0,37,1852,1852,A,,60.0,100,0.46357136964797974,4.051750659942627,8.327967643737793,0.26850000000000007,,,,,,,,,,,,,,,,,,,,,13,,224,224,0,1637312476,0,254,0,16,0,0.09922041743993759,1.0,-12.684244155883789,3.5916574001312256,1.0,0.59075534529984,3055.1796875,67.03369140625,,data/instances/transfer/real_05.cip
mix_16_0,37,1853,1853,A,,60.0,100,0.412997305393219,3.6258883476257324,5.291146278381348,0.2669166666666668,,,,,,,,,,,,,,,,,,,,,13,,224,224,0,1633395028,0,255,0,16,0,0.11112691462039948,1.0,-14.785632133483887,2.516230821609497,86.0,0.5644425842911005,3055.1796875,67.03369140625,,data/instances/transfer/real_05.cip
mix_16_0,37,1854,1854,A,,60.0,100,0.09896142035722733,2.6536669731140137,2.8752851486206055,0.2669166666666668,,,,,,,,,,,,,,,,,,,,,14,,224,224,0,1633395028,0,255,0,16,0,0.03193358704447746,1.0,-13.573501586914062,3.296452045440674,86.0,0.5119808651506901,3055.1796875,67.03369140625,,data/instances/transfer/real_05.cip
mix_16_0,37,1855,1855,A,,60.0,100,0.23105964064598083,2.5259881019592285,12.03242301940918,0.2669166666666668,,,,,,,,,,,,,,,,,,,,,14,,224,224,0,1633395028,0,255,0,16,0,0.06019299477338791,1.0,-13.987071990966797,2.851522922515869,86.0,0.5938386954367161,3055.1796875,67.03369140625,,data/instances/transfer/real_05.cip
mix_16_0,37,1856,1856,A,,60.0,100,0.23484376072883606,3.1039462089538574,5.35582971572876,0.2669166666666668,,,,,,,,,,,,,,,,,,,,,14,,224,224,0,1633395028,0,255,0,16,0,0.06017155945301056,1.0,-12.929767608642578,3.381617784500122,86.0,0.5913872793316841,3055.1796875,67.03369140625,,data/instances/transfer/real_05.cip
mix_16_0,37,1857,1857,A,,60.0,100,0.08121979236602783,0.6678805351257324,10.38974380493164,0.2653333333333334,,,,,,,,,,,,,,,,,,,,,16,,224,224,0,1628314432,0,256,0,16,0,0.12126071006059647,1.0,-13.171932220458984,3.461075782775879,1.0,0.5315382685512304,3054.2109375,67.03369140625,,data/instances/transfer/real_05.cip
mix_16_0,37,1858,1858,A,,60.0,100,0.24093058705329895,2.354313850402832,1.3384184837341309,0.2653333333333334,,,,,,,,,,,,,,,,,,,,,14,,224,224,0,1628314432,0,256,0,16,0,0.0946759507060051,1.0,-13.873701095581055,3.245224714279175,1.0,0.5649780761450529,3054.2109375,67.03369140625,,data/instances/transfer/real_05.cip
mix_16_0,37,1859,1859,A,,60.0,100,0.10797656327486038,2.013000965118408,6.0188117027282715,0.2653333333333334,,,,,,,,,,,,,,,,,,,,,14,,224,224,0,1628314432,0,256,0,16,0,0.04740620404481888,1.0,-15.248796463012695,2.291271924972534,1.0,0.6072460059076548,3054.2109375,67.03369140625,,data/instances/transfer/real_05.cip
mix_16_0,37,1860,1860,A,,60.0,100,0.219105064868927,2.708737850189209,7.463343620300293,0.2653333333333334,,,,,,,,,,,,,,,,,,,,,15,,224,224,0,1628314432,0,256,0,16,0,0.05875391885638237,1.0,-15.008922576904297,2.10078501701355,1.0,0.6073599215596914,3054.2109375,67.03369140625,,data/instances/transfer/real_05.cip
mix_16_0,37,1861,1861,A,,60.0,100,0.16796240210533142,1.693599820137024,16.704946517944336,0.26375000000000004,,,,,,,,,,,,,,,,,,,,,14,,224,224,0,1607861892,0,259,0,16,0,0.05711420625448227,1.0,-12.215747833251953,4.126141548156738,1.0,0.650931179523468,3054.2109375,67.03369140625,,data/instances/transfer/real_05.cip
mix_16_0,37,1862,1862,A,,60.0,100,0.30062466859817505,2.006328821182251,9.62294864654541,0.26375000000000004,,,,,,,,,,,,,,,,,,,,,13,,224,224,0,1607861892,0,259,0,16,0,0.13727709650993347,1.0,-13.541353225708008,4.77384614944458,1.0,0.6036974471062422,3054.2109375,67.03369140625,,data/instances/transfer/real_05.cip
mix_16_0,37,1863,1863,A,,60.0,100,0.34983688592910767,2.6360156536102295,1.317602276802063,0.26375000000000004,,,,,,,,,,,,,,,,,,,,,14,,224,224,0,1607861892,0,259,0,16,0,0.10308194905519485,1.0,-13.746223449707031,3.9623231887817383,1.0,0.6151323039084673,3054.2109375,67.03369140625,,data/instances/transfer/real_05.cip
mix_16_0,37,1864,1864,A,,60.0,100,0.3475477397441864,3.1399662494659424,13.861631393432617,0.26375000000000004,,,,,,,,,,,,,,,,,,,,,11,,224,224,0,1607861892,0,259,0,16,0,0.08562851697206497,1.0,-10.759678840637207,4.479834079742432,1.0,0.5844737887382507,3054.2109375,67.03369140625,,data/instances/transfer/real_05.cip
episode,37,1864,1864,A,,60.0,100,0.3475477397441864,3.1399662494659424,13.861631393432617,0.26216666666666677,-10.140099999999997,-10.0,-0.14010000000000003,-10.140099999999997,True,11,53.404695,,,,,,,,inf,0.0,53.404695,39.779141,1.0,12928,11,False,224,224,0,1607861892,0,259,0,16,0,,,,,21.636363636363637,,3054.2109375,67.03369140625,optimal,data/instances/transfer/real_05.cip
episode,38,1864,1864,A,,60.0,100,0.3475477397441864,3.1399662494659424,13.861631393432617,0.26216666666666677,0.0,0.0,0.0,0.0,True,1,6.848745,,,,,,,,inf,0.0,6.848745,6.848745,1.0,9803,11,False,224,224,0,1607861892,0,259,0,16,0,,,,,0.0,,3054.2109375,67.03369140625,optimal,data/instances/train/real_06.cip
mix_16_0,39,1865,1865,A,,60.0,100,0.12438292801380157,1.6597731113433838,9.061166763305664,0.26216666666666677,,,,,,,,,,,,,,,,,,,,,14,,224,224,0,1607861892,0,259,0,16,0,0.03271036595106125,1.0,-11.766860961914062,3.392181634902954,1.0,0.5451583322137594,3055.1796875,67.03369140625,,data/instances/train/real_07.cip
mix_16_0,39,1866,1866,A,,60.0,100,0.2295808345079422,2.6777634620666504,8.30297565460205,0.26216666666666677,,,,,,,,,,,,,,,,,,,,,13,,224,224,0,1607861892,0,259,0,16,0,0.06381088495254517,1.0,-14.045927047729492,4.040853023529053,1.0,0.5751083511859179,3055.1796875,67.03369140625,,data/instances/train/real_07.cip
mix_16_0,39,1867,1867,A,,60.0,100,0.5402535200119019,3.9217100143432617,4.82942008972168,0.26216666666666677,,,,,,,,,,,,,,,,,,,,,13,,224,224,0,1607861892,0,259,0,16,0,0.11744490265846252,1.0,-12.822366714477539,3.3962137699127197,1.0,0.5985353719443083,3055.1796875,67.03369140625,,data/instances/train/real_07.cip
mix_16_0,39,1868,1868,A,,60.0,100,0.04424719139933586,1.7718851566314697,0.6577666401863098,0.26216666666666677,,,,,,,,,,,,,,,,,,,,,15,,224,224,0,1607861892,0,259,0,16,0,0.02003614790737629,1.0,-13.328994750976562,4.195140838623047,1.0,0.5959124509245157,3055.1796875,67.03369140625,,data/instances/train/real_07.cip
mix_16_0,39,1869,1869,A,,60.0,100,0.24967998266220093,1.79941725730896,7.193329334259033,0.2605833333333334,,,,,,,,,,,,,,,,,,,,,14,,224,224,0,1607861892,0,259,0,16,0,0.11652377992868423,1.0,-14.616376876831055,4.010073184967041,1.0,0.48596183955669403,3055.1796875,67.03369140625,,data/instances/train/real_07.cip
mix_16_0,39,1870,1870,A,,60.0,100,0.3046131432056427,2.9878523349761963,14.073339462280273,0.2605833333333334,,,,,,,,,,,,,,,,,,,,,14,,224,224,0,1607861892,0,259,0,16,0,0.07087289541959763,1.0,-14.014659881591797,2.401850700378418,1.0,0.5829901732504368,3055.1796875,67.03369140625,,data/instances/train/real_07.cip
mix_16_0,39,1871,1871,A,,60.0,100,0.10358074307441711,2.3771848678588867,4.41620397567749,0.2605833333333334,,,,,,,,,,,,,,,,,,,,,14,,224,224,0,1607861892,0,259,0,16,0,0.03919942304491997,1.0,-13.999458312988281,3.8125691413879395,1.0,0.6056846734136343,3055.1796875,67.03369140625,,data/instances/train/real_07.cip
mix_16_0,39,1872,1872,A,,60.0,100,0.523364782333374,4.358458518981934,2.649427890777588,0.2605833333333334,,,,,,,,,,,,,,,,,,,,,10,,224,224,0,1607861892,0,259,0,16,0,0.11031541973352432,1.0,-13.582048416137695,4.347648620605469,1.0,0.5683645904064178,3055.1796875,67.03369140625,,data/instances/train/real_07.cip
mix_16_0,39,1873,1873,A,,60.0,100,0.19301196932792664,2.054046154022217,8.494771957397461,0.259,,,,,,,,,,,,,,,,,,,,,14,,224,224,0,1608185436,0,260,0,16,0,0.07582544535398483,1.0,-14.418875694274902,3.7967309951782227,1.0,0.5173699967563152,3054.19921875,67.03369140625,,data/instances/train/real_07.cip
mix_16_0,39,1874,1874,A,,60.0,100,0.42935115098953247,2.7096312046051025,13.520286560058594,0.259,,,,,,,,,,,,,,,,,,,,,14,,224,224,0,1608185436,0,260,0,16,0,0.1139511689543724,1.0,-11.372598648071289,3.6855368614196777,1.0,0.5911756828427315,3054.19921875,67.03369140625,,data/instances/train/real_07.cip
mix_16_0,39,1875,1875,A,,60.0,100,0.45615917444229126,3.5700955390930176,2.382918357849121,0.259,,,,,,,,,,,,,,,,,,,,,11,,224,224,0,1608185436,0,260,0,16,0,0.11670199036598206,1.0,-12.504150390625,4.132795810699463,1.0,0.5797622501850128,3054.19921875,67.03369140625,,data/instances/train/real_07.cip
mix_16_0,39,1876,1876,A,,60.0,100,0.13055673241615295,2.2863991260528564,4.442004680633545,0.259,,,,,,,,,,,,,,,,,,,,,15,,224,224,0,1608185436,0,260,0,16,0,0.041769176721572876,1.0,-12.105623245239258,3.729935884475708,1.0,0.6180659756064415,3054.19921875,67.03369140625,,data/instances/train/real_07.cip
mix_16_0,39,1877,1877,A,,60.0,100,0.24619412422180176,3.0435006618499756,0.6865127682685852,0.25741666666666674,,,,,,,,,,,,,,,,,,,,,14,,224,224,0,1608390096,0,261,0,16,0,0.07253876328468323,1.0,-14.756000518798828,1.9444259405136108,242.0,0.4944912977516651,3054.19921875,67.03369140625,,data/instances/train/real_07.cip
mix_16_0,39,1878,1878,A,,60.0,100,0.16640861332416534,4.352505683898926,5.477665901184082,0.25741666666666674,,,,,,,,,,,,,,,,,,,,,12,,224,224,0,1608390096,0,261,0,16,0,0.032487526535987854,1.0,-14.194572448730469,3.6707489490509033,242.0,0.5835087765008211,3054.19921875,67.03369140625,,data/instances/train/real_07.cip
mix_16_0,39,1879,1879,A,,60.0,100,0.19551360607147217,2.5218002796173096,3.2970166206359863,0.25741666666666674,,,,,,,,,,,,,,,,,,,,,12,,224,224,0,1608390096,0,261,0,16,0,0.06554413586854935,1.0,-13.035146713256836,4.49541711807251,242.0,0.5865898188203573,3054.19921875,67.03369140625,,data/instances/train/real_07.cip
mix_16_0,39,1880,1880,A,,60.0,100,0.22169947624206543,4.2879319190979,4.929530620574951,0.25741666666666674,,,,,,,,,,,,,,,,,,,,,11,,224,224,0,1608390096,0,261,0,16,0,0.04600503668189049,1.0,-13.04292106628418,3.086454153060913,242.0,0.5854343939572573,3054.19921875,67.03369140625,,data/instances/train/real_07.cip
mix_16_0,39,1881,1881,A,,60.0,100,0.13920506834983826,3.476515293121338,1.660325527191162,0.25583333333333336,,,,,,,,,,,,,,,,,,,,,13,,224,224,0,1608664660,0,262,0,16,0,0.036260396242141724,1.0,-14.207176208496094,2.9296650886535645,162.0,0.5067727845162153,3055.1796875,67.03369140625,,data/instances/train/real_07.cip
mix_16_0,39,1882,1882,A,,60.0,100,0.3366595506668091,3.4427309036254883,7.589132785797119,0.25583333333333336,,,,,,,,,,,,,,,,,,,,,11,,224,224,0,1608664660,0,262,0,16,0,0.08014147728681564,1.0,-12.523445129394531,4.248042106628418,162.0,0.5317236054688692,3055.1796875,67.03369140625,,data/instances/train/real_07.cip
mix_16_0,39,1883,1883,A,,60.0,100,0.09052087366580963,1.6886968612670898,6.772214889526367,0.25583333333333336,,,,,,,,,,,,,,,,,,,,,15,,224,224,0,1608664660,0,262,0,16,0,0.04150988534092903,1.0,-11.298269271850586,3.654907703399658,162.0,0.5173627492040396,3055.1796875,67.03369140625,,data/instances/train/real_07.cip
mix_16_0,39,1884,1884,A,,60.0,100,0.30333220958709717,1.939054012298584,11.499509811401367,0.25583333333333336,,,,,,,,,,,,,,,,,,,,,14,,224,224,0,1608664660,0,262,0,16,0,0.11610077321529388,1.0,-12.625690460205078,3.4646787643432617,162.0,0.6074300892651081,3055.1796875,67.03369140625,,data/instances/train/real_07.cip
mix_16_0,39,1885,1885,A,,60.0,100,0.16915079951286316,3.7978415489196777,0.7127565145492554,0.25425,,,,,,,,,,,,,,,,,,,,,11,,224,224,0,1609698940,0,263,0,16,0,0.03865472227334976,1.0,-12.95577621459961,3.9182074069976807,1.0,0.4794830475002527,3055.1796875,67.03369140625,,data/instances/train/real_07.cip
mix_16_0,39,1886,1886,A,,60.0,100,0.3904604911804199,2.9385385513305664,12.46619987487793,0.25425,,,,,,,,,,,,,,,,,,,,,14,,224,224,0,1609698940,0,263,0,16,0,0.10408594459295273,1.0,-13.366676330566406,2.8398966789245605,1.0,0.6012351606041193,3055.1796875,67.03369140625,,data/instances/train/real_07.cip
mix_16_0,39,1887,1887,A,,60.0,100,0.2262556552886963,3.8272953033447266,7.585051536560059,0.25425,,,,,,,,,,,,,,,,,,,,,13,,224,224,0,1609698940,0,263,0,16,0,0.04919867217540741,1.0,-14.074101448059082,1.7431083917617798,1.0,0.5947485119104385,3055.1796875,67.03369140625,,data/instances/train/real_07.cip
mix_16_0,39,1888,1888,A,,60.0,100,0.1584234982728958,3.005136489868164,0.8537079095840454,0.25425,,,,,,,,,,,,,,,,,,,,,12,,224,224,0,1609698940,0,263,0,16,0,0.0489034578204155,1.0,-12.830535888671875,3.9729843139648438,1.0,0.5729841645807028,3055.1796875,67.03369140625,,data/instances/train/real_07.cip
mix_16_0,39,1889,1889,A,,60.0,100,0.47848039865493774,3.1951351165771484,5.461904525756836,0.2526666666666667,,,,,,,,,,,,,,,,,,,,,12,,224,224,0,1610609456,0,264,0,16,0,0.12175416946411133,1.0,-13.035744667053223,4.5625505447387695,1.0,0.5305915866047144,3055.1796875,67.03369140625,,data/instances/train/real_07.cip
mix_16_0,39,1890,1890,A,,60.0,100,0.10023822635412216,2.782813310623169,0.9066697359085083,0.2526666666666667,,,,,,,,,,,,,,,,,,,,,12,,224,224,0,1610609456,0,264,0,16,0,0.031702667474746704,1.0,-11.46414566040039,4.191746234893799,1.0,0.5663777682930231,3055.1796875,67.03369140625,,data/instances/train/real_07.cip
mix_16_0,39,1891,1891,A,,60.0,100,0.16757835447788239,2.2458651065826416,12.296377182006836,0.2526666666666667,,,,,,,,,,,,,,,,,,,,,14,,224,224,0,1610609456,0,264,0,16,0,0.05364130809903145,1.0,-13.351118087768555,4.254271984100342,1.0,0.5969658382236958,3055.1796875,67.03369140625,,data/instances/train/real_07.cip
mix_16_0,39,1892,1892,A,,60.0,100,0.3859700560569763,2.5753207206726074,12.278375625610352,0.2526666666666667,,,,,,,,,,,,,,,,,,,,,12,,224,224,0,1610609456,0,264,0,16,0,0.11648210138082504,1.0,-11.371587753295898,4.064754962921143,1.0,0.5830016080290079,3055.1796875,67.03369140625,,data/instances/train/real_07.cip
mix_16_0,39,1893,1893,A,,60.0,100,0.303661048412323,2.779982089996338,2.868811845779419,0.2510833333333333,,,,,,,,,,,,,,,,,,,,,12,,224,224,0,1608255368,0,265,0,16,0,0.08997756242752075,1.0,-13.241876602172852,4.541992664337158,1.0,0.48060641437768936,3055.1796875,67.03369140625,,data/instances/train/real_07.cip
mix_16_0,39,1894,1894,A,,60.0,100,0.2630281448364258,2.6940040588378906,1.0596189498901367,0.2510833333333333,,,,,,,,,,,,,,,,,,,,,14,,224,224,0,1608255368,0,265,0,16,0,0.08601394295692444,1.0,-14.12069320678711,3.1466236114501953,1.0,0.5912061259150505,3055.1796875,67.03369140625,,data/instances/train/real_07.cip
mix_16_0,39,1895,1895,A,,60.0,100,0.24704217910766602,3.4100193977355957,3.0007426738739014,0.2510833333333333,,,,,,,,,,,,,,,,,,,,,11,,224,224,0,1608255368,0,265,0,16,0,0.06684619933366776,1.0,-12.585665702819824,3.9209601879119873,1.0,0.5943524446338415,3055.1796875,67.03369140625,,data/instances/train/real_07.cip
mix_16_0,39,1896,1896,A,,60.0,100,0.1066506952047348,1.4385991096496582,8.46677303314209,0.2510833333333333,,,,,,,,,,,,,,,,,,,,,14,,224,224,0,1608255368,0,265,0,16,0,0.026947975158691406,1.0,-12.231287956237793,3.582340717315674,1.0,0.6110264081507921,3055.1796875,67.03369140625,,data/instances/train/real_07.cip
mix_16_0,39,1897,1897,A,,60.0,100,0.1573164165019989,4.177859306335449,0.6058673858642578,0.24950000000000006,,,,,,,,,,,,,,,,,,,,,11,,224,224,0,1606089004,0,266,0,16,0,0.03214648738503456,1.0,-11.946502685546875,4.043079376220703,239.0,0.473455922678113,3055.1796875,67.03369140625,,data/instances/train/real_07.cip
mix_16_0,39,1898,1898,A,,60.0,100,0.1538260132074356,1.6939834356307983,5.288037300109863,0.24950000000000006,,,,,,,,,,,,,,,,,,,,,15,,224,224,0,1606089004,0,266,0,16,0,0.07506400346755981,1.0,-13.024297714233398,3.7123918533325195,239.0,0.5936241485178471,3055.1796875,67.03369140625,,data/instances/train/real_07.cip
mix_16_0,39,1899,1899,A,,60.0,100,0.10611655563116074,0.8188104629516602,2.296562671661377,0.24950000000000006,,,,,,,,,,,,,,,,,,,,,15,,224,224,0,1606089004,0,266,0,16,0,0.13535311818122864,1.0,-13.281682014465332,4.928056240081787,239.0,0.6056653764098883,3055.1796875,67.03369140625,,data/instances/train/real_07.cip
mix_16_0,39,1900,1900,A,,60.0,100,0.23265984654426575,2.8305535316467285,4.743278503417969,0.24950000000000006,,,,,,,,,,,,,,,,,,,,,13,,224,224,0,1606089004,0,266,0,16,0,0.07054872810840607,1.0,-13.663228988647461,3.70526385307312,239.0,0.570784505456686,3055.1796875,67.03369140625,,data/instances/train/real_07.cip
mix_16_0,39,1901,1901,A,,60.0,100,0.19617334008216858,4.1596879959106445,3.2940824031829834,0.24791666666666679,,,,,,,,,,,,,,,,,,,,,12,,224,224,0,1603845148,0,267,0,16,0,0.03961486741900444,1.0,-13.371825218200684,3.2600295543670654,1.0,0.5019002463668585,3055.1796875,67.03369140625,,data/instances/train/real_07.cip
mix_16_0,39,1902,1902,A,,60.0,100,0.19294822216033936,2.4482030868530273,7.29991340637207,0.24791666666666679,,,,,,,,,,,,,,,,,,,,,12,,224,224,0,1603845148,0,267,0,16,0,0.05571039021015167,1.0,-12.69979476928711,4.484286785125732,1.0,0.5784121174365282,3055.1796875,67.03369140625,,data/instances/train/real_07.cip
mix_16_0,39,1903,1903,A,,60.0,100,0.3172096610069275,2.932074546813965,3.031069278717041,0.24791666666666679,,,,,,,,,,,,,,,,,,,,,13,,224,224,0,1603845148,0,267,0,16,0,0.08972299098968506,1.0,-12.628387451171875,3.416891098022461,1.0,0.599601723253727,3055.1796875,67.03369140625,,data/instances/train/real_07.cip
mix_16_0,39,1904,1904,A,,60.0,100,0.39817777276039124,2.9701192378997803,7.6994147300720215,0.24791666666666679,,,,,,,,,,,,,,,,,,,,,13,,224,224,0,1603845148,0,267,0,16,0,0.11390659213066101,1.0,-13.454015731811523,4.6649651527404785,1.0,0.592212799936533,3055.1796875,67.03369140625,,data/instances/train/real_07.cip
mix_16_0,39,1905,1905,A,,60.0,100,0.08243657648563385,2.0474295616149902,2.72798490524292,0.2463333333333334,,,,,,,,,,,,,,,,,,,,,15,,224,224,0,1601614692,0,268,0,16,0,0.0373896062374115,1.0,-13.317351341247559,3.3248517513275146,20.0,0.5248135719448328,3055.1796875,67.03369140625,,data/instances/train/real_07.cip
mix_16_0,39,1906,1906,A,,60.0,100,0.1935771107673645,2.169724464416504,5.378928184509277,0.2463333333333334,,,,,,,,,,,,,,,,,,,,,14,,224,224,0,1601614692,0,268,0,16,0,0.07334170490503311,1.0,-12.843875885009766,3.7231762409210205,20.0,0.5844881236553192,3055.1796875,67.03369140625,,data/instances/train/real_07.cip
mix_16_0,39,1907,1907,A,,60.0,100,0.3160094916820526,3.2744908332824707,1.9912453889846802,0.2463333333333334,,,,,,,,,,,,,,,,,,,,,13,,224,224,0,1601614692,0,268,0,16,0,0.07995537668466568,1.0,-14.352602005004883,3.948523998260498,20.0,0.5885068476200104,3055.1796875,67.03369140625,,data/instances/train/real_07.cip
mix_16_0,39,1908,1908,A,,60.0,100,0.5951489806175232,4.575304985046387,3.868067741394043,0.2463333333333334,,,,,,,,,,,,,,,,,,,,,12,,224,224,0,1601614692,0,268,0,16,0,0.1173863336443901,1.0,-13.686565399169922,2.202476978302002,20.0,0.5891196131706238,3055.1796875,67.03369140625,,data/instances/train/real_07.cip
mix_16_0,39,1909,1909,A,,60.0,100,0.7242615222930908,4.534419536590576,11.794281005859375,0.24475000000000002,,,,,,,,,,,,,,,,,,,,,12,,224,224,0,1599482372,0,269,0,16,0,0.13660424947738647,1.0,-12.030802726745605,3.8816239833831787,1.0,0.4984607994556427,3055.1796875,67.03369140625,,data/instances/train/real_07.cip
mix_16_0,39,1910,1910,A,,60.0,100,0.36881038546562195,3.4330286979675293,12.744184494018555,0.24475000000000002,,,,,,,,,,,,,,,,,,,,,12,,224,224,0,1599482372,0,269,0,16,0,0.08852703869342804,1.0,-12.665291786193848,4.027403354644775,1.0,0.5706314779818058,3055.1796875,67.03369140625,,data/instances/train/real_07.cip
mix_16_0,39,1911,1911,A,,60.0,100,0.12234177440404892,1.0673938989639282,10.592988014221191,0.24475000000000002,,,,,,,,,,,,,,,,,,,,,16,,224,224,0,1599482372,0,269,0,16,0,0.09286467730998993,1.0,-13.504965782165527,2.580775022506714,1.0,0.6119030695408583,3055.1796875,67.03369140625,,data/instances/train/real_07.cip
mix_16_0,39,1912,1912,A,,60.0,100,0.324205219745636,3.4584527015686035,4.271018028259277,0.24475000000000002,,,,,,,,,,,,,,,,,,,,,11,,224,224,0,1599482372,0,269,0,16,0,0.08647720515727997,1.0,-13.08918571472168,5.418997287750244,1.0,0.5694727692753077,3055.1796875,67.03369140625,,data/instances/train/real_07.cip
mix_16_0,39,1913,1913,A,,60.0,100,0.4859236478805542,5.113267421722412,7.832846164703369,0.24316666666666675,,,,,,,,,,,,,,,,,,,,,10,,224,224,0,1597265840,0,270,0,16,0,0.08923283964395523,1.0,-13.81759262084961,3.495250701904297,1.0,0.470932899042964,3055.1796875,67.03369140625,,data/instances/train/real_07.cip
mix_16_0,39,1914,1914,A,,60.0,100,0.08868831396102905,2.279458522796631,4.052108287811279,0.24316666666666675,,,,,,,,,,,,,,,,,,,,,13,,224,224,0,1597265840,0,270,0,16,0,0.03214069455862045,1.0,-14.471611022949219,3.5830225944519043,1.0,0.5920990966260433,3055.1796875,67.03369140625,,data/instances/train/real_07.cip
mix_16_0,39,1915,1915,A,,60.0,100,0.23207750916481018,2.5731253623962402,14.595870018005371,0.24316666666666675,,,,,,,,,,,,,,,,,,,,,14,,224,224,0,1597265840,0,270,0,16,0,0.05480290949344635,1.0,-13.971478462219238,4.0714592933654785,1.0,0.5980418156832457,3055.1796875,67.03369140625,,data/instances/train/real_07.cip
mix_16_0,39,1916,1916,A,,60.0,100,0.1129421666264534,2.19758677482605,4.315251350402832,0.24316666666666675,,,,,,,,,,,,,,,,,,,,,14,,224,224,0,1597265840,0,270,0,16,0,0.039319299161434174,1.0,-14.01685905456543,3.534384250640869,1.0,0.6114202961325645,3055.1796875,67.03369140625,,data/instances/train/real_07.cip
episode,39,1916,1916,A,,60.0,100,0.1129421666264534,2.19758677482605,4.315251350402832,0.24158333333333337,-13.008000000000001,-13.0,-0.008,-13.008000000000001,True,14,63.195267,,,,,,,,inf,1e+20,120.0,inf,0.0,12160,14,True,224,224,0,1592976816,0,272,0,16,0,,,,,51.69230769230769,,3055.1796875,67.03369140625,timelimit,data/instances/train/real_07.cip
mix_16_0,40,1917,1917,A,,60.0,100,0.7281650304794312,4.135456085205078,3.8901138305664062,0.24158333333333337,,,,,,,,,,,,,,,,,,,,,13,,224,224,0,1592976816,0,272,0,16,0,0.14746543765068054,1.0,-13.074516296386719,2.6449902057647705,1.0,0.521608205512166,3055.1796875,67.03369140625,,data/instances/transfer/real_01.cip
mix_16_0,40,1918,1918,A,,60.0,100,0.19156137108802795,1.830047369003296,3.825815439224243,0.24158333333333337,,,,,,,,,,,,,,,,,,,,,13,,224,224,0,1592976816,0,272,0,16,0,0.08227326720952988,1.0,-12.100057601928711,4.729633331298828,1.0,0.5651327520608902,3055.1796875,67.03369140625,,data/instances/transfer/real_01.cip
mix_16_0,40,1919,1919,A,,60.0,100,0.17165225744247437,1.3989381790161133,12.86711311340332,0.24158333333333337,,,,,,,,,,,,,,,,,,,,,15,,224,224,0,1592976816,0,272,0,16,0,0.03505132719874382,1.0,-10.253732681274414,3.5864310264587402,1.0,0.6461648307740688,3055.1796875,67.03369140625,,data/instances/transfer/real_01.cip
mix_16_0,40,1920,1920,A,,60.0,100,0.41675466299057007,3.243257999420166,10.607477188110352,0.24158333333333337,,,,,,,,,,,,,,,,,,,,,12,,224,224,0,1592976816,0,272,0,16,0,0.10283990949392319,1.0,-11.998486518859863,4.406095027923584,1.0,0.5808794163167477,3055.1796875,67.03369140625,,data/instances/transfer/real_01.cip
mix_16_0,40,1921,1921,A,,60.0,100,0.44376686215400696,4.074019908905029,3.5018882751464844,0.24,,,,,,,,,,,,,,,,,,,,,13,,224,224,0,1592976816,0,272,0,16,0,0.09692630916833878,1.0,-12.551889419555664,3.3430023193359375,1.0,0.49116153083741665,3055.1796875,67.03369140625,,data/instances/transfer/real_01.cip
mix_16_0,40,1922,1922,A,,60.0,100,0.1521405130624771,3.1255435943603516,1.779367446899414,0.24,,,,,,,,,,,,,,,,,,,,,14,,224,224,0,1592976816,0,272,0,16,0,0.039871808141469955,1.0,-13.646047592163086,2.396338939666748,1.0,0.5765993800014257,3055.1796875,67.03369140625,,data/instances/transfer/real_01.cip
mix_16_0,40,1923,1923,A,,60.0,100,0.29373326897621155,2.6639328002929688,4.493478298187256,0.24,,,,,,,,,,,,,,,,,,,,,14,,224,224,0,1592976816,0,272,0,16,0,0.09427262842655182,1.0,-13.403837203979492,2.941061496734619,1.0,0.6096727959811687,3055.1796875,67.03369140625,,data/instances/transfer/real_01.cip
mix_16_0,40,1924,1924,A,,60.0,100,0.2606543302536011,2.3896493911743164,9.562726020812988,0.24,,,,,,,,,,,,,,,,,,,,,14,,224,224,0,1592976816,0,272,0,16,0,0.0812646672129631,1.0,-12.792399406433105,3.670280694961548,1.0,0.5925141759216785,3055.1796875,67.03369140625,,data/instances/transfer/real_01.cip
mix_16_0,40,1925,1925,A,,60.0,100,0.16679781675338745,1.6148864030838013,3.8244130611419678,0.23841666666666672,,,,,,,,,,,,,,,,,,,,,15,,224,224,0,1593121852,0,273,0,16,0,0.09198196977376938,1.0,-13.000419616699219,3.6101739406585693,1.0,0.5185577683150768,3055.1796875,67.03369140625,,data/instances/transfer/real_01.cip
mix_16_0,40,1926,1926,A,,60.0,100,0.2908564805984497,2.9327950477600098,1.8989784717559814,0.23841666666666672,,,,,,,,,,,,,,,,,,,,,15,,224,224,0,1593121852,0,273,0,16,0,0.0794878602027893,1.0,-13.103047370910645,2.3000471591949463,1.0,0.5784216597676277,3055.1796875,67.03369140625,,data/instances/transfer/real_01.cip
mix_16_0,40,1927,1927,A,,60.0,100,0.055246300995349884,0.8707295656204224,1.393320918083191,0.23841666666666672,,,,,,,,,,,,,,,,,,,,,16,,224,224,0,1593121852,0,273,0,16,0,0.07334122806787491,1.0,-12.295515060424805,3.131882905960083,1.0,0.6175904273986816,3055.1796875,67.03369140625,,data/instances/transfer/real_01.cip
mix_16_0,40,1928,1928,A,,60.0,100,0.09134893864393234,3.2323479652404785,3.4579033851623535,0.23841666666666672,,,,,,,,,,,,,,,,,,,,,13,,224,224,0,1593121852,0,273,0,16,0,0.023242881521582603,1.0,-14.257384300231934,4.127641201019287,1.0,0.5935856141149998,3055.1796875,67.03369140625,,data/instances/transfer/real_01.cip
mix_16_0,40,1929,1929,A,,60.0,100,0.2082693874835968,2.8712193965911865,5.2091145515441895,0.23683333333333334,,,,,,,,,,,,,,,,,,,,,13,,224,224,0,1592890204,0,274,0,16,0,0.06792441010475159,1.0,-13.262192726135254,4.483914375305176,670.0,0.49434142746031284,3055.1796875,67.03369140625,,data/instances/transfer/real_01.cip
mix_16_0,40,1930,1930,A,,60.0,100,0.25431233644485474,3.6702730655670166,3.143409252166748,0.23683333333333334,,,,,,,,,,,,,,,,,,,,,13,,224,224,0,1592890204,0,274,0,16,0,0.05761519446969032,1.0,-14.625476837158203,3.5959510803222656,670.0,0.5959315709769726,3055.1796875,67.03369140625,,data/instances/transfer/real_01.cip
mix_16_0,40,1931,1931,A,,60.0,100,0.293523907661438,3.1709399223327637,2.2150590419769287,0.23683333333333334,,,,,,,,,,,,,,,,,,,,,13,,224,224,0,1592890204,0,274,0,16,0,0.08770854026079178,1.0,-14.125750541687012,3.3444831371307373,670.0,0.6051450930535793,3055.1796875,67.03369140625,,data/instances/transfer/real_01.cip
mix_16_0,40,1932,1932,A,,60.0,100,0.25630056858062744,2.0035533905029297,2.805835723876953,0.23683333333333334,,,,,,,,,,,,,,,,,,,,,13,,224,224,0,1592890204,0,274,0,16,0,0.10785138607025146,1.0,-13.967231750488281,5.712191104888916,670.0,0.5936412941664457,3055.1796875,67.03369140625,,data/instances/transfer/real_01.cip
mix_16_0,40,1933,1933,A,,60.0,100,0.4149414300918579,2.8205957412719727,5.064032554626465,0.23524999999999996,,,,,,,,,,,,,,,,,,,,,13,,224,224,0,1592883172,0,275,0,16,0,0.12615564465522766,1.0,-12.178146362304688,3.812943458557129,1.0,0.4548617135733366,3055.1796875,67.03369140625,,data/instances/transfer/real_01.cip
mix_16_0,40,1934,1934,A,,60.0,100,0.3149748742580414,3.6757280826568604,3.516756772994995,0.23524999999999996,,,,,,,,,,,,,,,,,,,,,11,,224,224,0,1592883172,0,275,0,16,0,0.06903659552335739,1.0,-13.236879348754883,4.732892990112305,1.0,0.5751116331666708,3055.1796875,67.03369140625,,data/instances/transfer/real_01.cip
mix_16_0,40,1935,1935,A,,60.0,100,0.23802058398723602,2.245816707611084,2.808575391769409,0.23524999999999996,,,,,,,,,,,,,,,,,,,,,13,,224,224,0,1592883172,0,275,0,16,0,0.09578269720077515,1.0,-12.169868469238281,4.399486541748047,1.0,0.5913676470518112,3055.1796875,67.03369140625,,data/instances/transfer/real_01.cip
mix_16_0,40,1936,1936,A,,60.0,100,0.09115049242973328,1.0463168621063232,2.4578328132629395,0.23524999999999996,,,,,,,,,,,,,,,,,,,,,15,,224,224,0,1592883172,0,275,0,16,0,0.07588420063257217,1.0,-12.483525276184082,4.483033657073975,1.0,0.6008579339832067,3055.1796875,67.03369140625,,data/instances/transfer/real_01.cip
mix_16_0,40,1937,1937,A,,60.0,100,0.07550571858882904,0.7005583047866821,2.328037738800049,0.2336666666666667,,,,,,,,,,,,,,,,,,,,,15,,224,224,0,1592955896,0,276,0,16,0,0.13565975427627563,1.0,-12.86771011352539,3.64558744430542,1.0,0.5108519569039345,3055.1796875,67.03369140625,,data/instances/transfer/real_01.cip
mix_16_0,40,1938,1938,A,,60.0,100,0.18912309408187866,3.673985719680786,0.8749476671218872,0.2336666666666667,,,,,,,,,,,,,,,,,,,,,13,,224,224,0,1592955896,0,276,0,16,0,0.04583793506026268,1.0,-15.23278522491455,4.525872230529785,1.0,0.5663451924920082,3055.1796875,67.03369140625,,data/instances/transfer/real_01.cip
mix_16_0,40,1939,1939,A,,60.0,100,0.23737278580665588,1.6813163757324219,4.827938079833984,0.2336666666666667,,,,,,,,,,,,,,,,,,,,,15,,224,224,0,1592955896,0,276,0,16,0,0.11871861666440964,1.0,-15.406709671020508,4.004104137420654,1.0,0.5737630929797888,3055.1796875,67.03369140625,,data/instances/transfer/real_01.cip
mix_16_0,40,1940,1940,A,,60.0,100,0.06529129296541214,1.2179399728775024,1.7656371593475342,0.2336666666666667,,,,,,,,,,,,,,,,,,,,,14,,224,224,0,1592955896,0,276,0,16,0,0.047478701919317245,1.0,-12.375992774963379,4.3514227867126465,1.0,0.4401170685887337,3055.1796875,67.03369140625,,data/instances/transfer/real_01.cip
mix_16_0,40,1941,1941,A,,60.0,100,0.07057444751262665,2.9123082160949707,0.4536237418651581,0.2320833333333333,,,,,,,,,,,,,,,,,,,,,13,,224,224,0,1592856212,0,277,0,16,0,0.02265901118516922,1.0,-14.86026668548584,3.1048829555511475,1.0,0.3255799151957035,3055.1796875,67.03369140625,,data/instances/transfer/real_01.cip
mix_16_0,40,1942,1942,A,,60.0,100,0.1849697083234787,2.35678768157959,7.732262134552002,0.2320833333333333,,,,,,,,,,,,,,,,,,,,,14,,224,224,0,1592856212,0,277,0,16,0,0.05354056879878044,1.0,-12.283960342407227,4.137994289398193,1.0,0.4676909241825342,3055.1796875,67.03369140625,,data/instances/transfer/real_01.cip
mix_16_0,40,1943,1943,A,,60.0,100,0.08095607906579971,0.5455856919288635,3.229879140853882,0.2320833333333333,,,,,,,,,,,,,,,,,,,,,15,,224,224,0,1592856212,0,277,0,16,0,0.21824534237384796,1.0,-12.198601722717285,4.984872341156006,1.0,0.5727147366851568,3055.1796875,67.03369140625,,data/instances/transfer/real_01.cip
mix_16_0,40,1944,1944,A,,60.0,100,0.059726178646087646,0.6361571550369263,1.9608360528945923,0.2320833333333333,,,,,,,,,,,,,,,,,,,,,16,,224,224,0,1592856212,0,277,0,16,0,0.10535206645727158,1.0,-13.619684219360352,3.388023614883423,1.0,0.6086498815566301,3055.1796875,67.03369140625,,data/instances/transfer/real_01.cip
mix_16_0,40,1945,1945,A,,60.0,100,0.33380746841430664,2.0705015659332275,3.7188189029693604,0.23050000000000004,,,,,,,,,,,,,,,,,,,,,15,,224,224,0,1594798308,0,278,0,16,0,0.13356757164001465,1.0,-13.515119552612305,2.2880163192749023,1.0,0.4741251226514578,3055.1796875,67.03369140625,,data/instances/transfer/real_01.cip
mix_16_0,40,1946,1946,A,,60.0,100,0.1752060353755951,1.2344024181365967,2.029324531555176,0.23050000000000004,,,,,,,,,,,,,,,,,,,,,16,,224,224,0,1594798308,0,278,0,16,0,0.09229584783315659,1.0,-14.557893753051758,2.904006242752075,1.0,0.5827085226774216,3055.1796875,67.03369140625,,data/instances/transfer/real_01.cip
mix_16_0,40,1947,1947,A,,60.0,100,0.1769298017024994,2.6637656688690186,1.7131181955337524,0.23050000000000004,,,,,,,,,,,,,,,,,,,,,12,,224,224,0,1594798308,0,278,0,16,0,0.05478716269135475,1.0,-13.632238388061523,5.4544477462768555,1.0,0.5177089404314756,3055.1796875,67.03369140625,,data/instances/transfer/real_01.cip
mix_16_0,40,1948,1948,A,,60.0,100,0.26138198375701904,1.8264315128326416,6.159213542938232,0.23050000000000004,,,,,,,,,,,,,,,,,,,,,14,,224,224,0,1594798308,0,278,0,16,0,0.11425787210464478,1.0,-12.30685806274414,4.5173773765563965,1.0,0.39801207184791565,3055.1796875,67.03369140625,,data/instances/transfer/real_01.cip
mix_16_0,40,1949,1949,A,,60.0,100,0.43205901980400085,4.657966136932373,5.128964900970459,0.22891666666666677,,,,,,,,,,,,,,,,,,,,,13,,224,224,0,1596893736,0,279,0,16,0,0.08088678121566772,1.0,-12.037323951721191,3.5446243286132812,1.0,0.5137411393225193,3055.1796875,67.03369140625,,data/instances/transfer/real_01.cip
mix_16_0,40,1950,1950,A,,60.0,100,0.4360364079475403,3.7406294345855713,2.2804031372070312,0.22891666666666677,,,,,,,,,,,,,,,,,,,,,13,,224,224,0,1596893736,0,279,0,16,0,0.1033402532339096,1.0,-13.970364570617676,3.7371745109558105,1.0,0.547953961417079,3055.1796875,67.03369140625,,data/instances/transfer/real_01.cip
mix_16_0,40,1951,1951,A,,60.0,100,0.6518542766571045,4.714527130126953,2.4515600204467773,0.22891666666666677,,,,,,,,,,,,,,,,,,,,,13,,224,224,0,1596893736,0,279,0,16,0,0.12111681699752808,1.0,-13.684289932250977,3.049199342727661,1.0,0.5279536191374063,3055.1796875,67.03369140625,,data/instances/transfer/real_01.cip
mix_16_0,40,1952,1952,A,,60.0,100,0.05512535572052002,0.7066137194633484,2.7039027214050293,0.22891666666666677,,,,,,,,,,,,,,,,,,,,,15,,224,224,0,1596893736,0,279,0,16,0,0.08688441663980484,1.0,-12.906303405761719,4.571956157684326,1.0,0.5872196238487959,3055.1796875,67.03369140625,,data/instances/transfer/real_01.cip
mix_16_0,40,1953,1953,A,,60.0,100,0.032832883298397064,3.348114490509033,1.1025855541229248,0.2273333333333334,,,,,,,,,,,,,,,,,,,,,12,,224,224,0,1598920400,0,280,0,16,0,0.008206352591514587,1.0,-13.965806007385254,3.997432231903076,668.0,0.5503680408000946,3055.1796875,67.03369140625,,data/instances/transfer/real_01.cip
mix_16_0,40,1954,1954,A,,60.0,100,0.2564624845981598,3.127926826477051,1.252195954322815,0.2273333333333334,,,,,,,,,,,,,,,,,,,,,14,,224,224,0,1598920400,0,280,0,16,0,0.0716245174407959,1.0,-13.244321823120117,3.021822929382324,668.0,0.436647217720747,3055.1796875,67.03369140625,,data/instances/transfer/real_01.cip
mix_16_0,40,1955,1955,A,,60.0,100,0.11345215141773224,1.5291454792022705,0.8867762684822083,0.2273333333333334,,,,,,,,,,,,,,,,,,,,,15,,224,224,0,1598920400,0,280,0,16,0,0.06744975596666336,1.0,-14.457531929016113,2.3810293674468994,668.0,0.3373354822397232,3055.1796875,67.03369140625,,data/instances/transfer/real_01.cip
mix_16_0,40,1956,1956,A,,60.0,100,0.5204491019248962,2.7503390312194824,8.671232223510742,0.2273333333333334,,,,,,,,,,,,,,,,,,,,,14,,224,224,0,1598920400,0,280,0,16,0,0.14703784883022308,1.0,-14.58509635925293,5.1762542724609375,668.0,0.3271234817802906,3055.1796875,67.03369140625,,data/instances/transfer/real_01.cip
mix_16_0,40,1957,1957,A,,60.0,100,0.3594457805156708,3.503530979156494,0.9584665894508362,0.22575000000000012,,,,,,,,,,,,,,,,,,,,,13,,224,224,0,1601139952,0,281,0,16,0,0.08642110228538513,1.0,-12.944709777832031,4.101827144622803,1.0,0.587071780115366,3055.1796875,67.03369140625,,data/instances/transfer/real_01.cip
mix_16_0,40,1958,1958,A,,60.0,100,0.059259504079818726,3.8690032958984375,2.2640464305877686,0.22575000000000012,,,,,,,,,,,,,,,,,,,,,12,,224,224,0,1601139952,0,281,0,16,0,0.011803234927356243,1.0,-13.364208221435547,4.680673599243164,1.0,0.5967638306319714,3055.1796875,67.03369140625,,data/instances/transfer/real_01.cip
mix_16_0,40,1959,1959,A,,60.0,100,0.2409083992242813,2.5105791091918945,10.211257934570312,0.22575000000000012,,,,,,,,,,,,,,,,,,,,,14,,224,224,0,1601139952,0,281,0,16,0,0.0781760886311531,1.0,-13.970630645751953,4.103981971740723,1.0,0.6301120109856129,3055.1796875,67.03369140625,,data/instances/transfer/real_01.cip
mix_16_0,40,1960,1960,A,,60.0,100,0.05122340843081474,2.4352097511291504,1.767413854598999,0.22575000000000012,,,,,,,,,,,,,,,,,,,,,14,,224,224,0,1601139952,0,281,0,16,0,0.015479824505746365,1.0,-14.048375129699707,3.556384801864624,1.0,0.6340050064027309,3055.1796875,67.03369140625,,data/instances/transfer/real_01.cip
mix_16_0,40,1961,1961,A,,60.0,100,0.18156853318214417,2.809091567993164,0.8530848622322083,0.22416666666666674,,,,,,,,,,,,,,,,,,,,,14,,224,224,0,1603321032,0,282,0,16,0,0.055456843227148056,1.0,-15.310659408569336,3.6546711921691895,391.0,0.6282246764749289,3055.1796875,67.03369140625,,data/instances/transfer/real_01.cip
mix_16_0,40,1962,1962,A,,60.0,100,0.1557224988937378,2.508118152618408,1.6368011236190796,0.22416666666666674,,,,,,,,,,,,,,,,,,,,,14,,224,224,0,1603321032,0,282,0,16,0,0.05781397223472595,1.0,-14.615615844726562,3.8752012252807617,391.0,0.6267225313931704,3055.1796875,67.03369140625,,data/instances/transfer/real_01.cip
mix_16_0,40,1963,1963,A,,60.0,100,0.15439915657043457,2.1712772846221924,8.592758178710938,0.22416666666666674,,,,,,,,,,,,,,,,,,,,,13,,224,224,0,1603321032,0,282,0,16,0,0.048143379390239716,1.0,-13.330781936645508,5.801452159881592,391.0,0.5815545134246349,3055.1796875,67.03369140625,,data/instances/transfer/real_01.cip
mix_16_0,40,1964,1964,A,,60.0,100,0.20275302231311798,3.7338387966156006,5.620210647583008,0.22416666666666674,,,,,,,,,,,,,,,,,,,,,13,,224,224,0,1603321032,0,282,0,16,0,0.047043122351169586,1.0,-13.522544860839844,3.307047128677368,391.0,0.6501395329833031,3055.1796875,67.03369140625,,data/instances/transfer/real_01.cip
mix_16_0,40,1965,1965,A,,60.0,100,0.41621947288513184,2.6733193397521973,3.4149725437164307,0.22258333333333336,,,,,,,,,,,,,,,,,,,,,14,,224,224,0,1605536748,0,283,0,16,0,0.1285017430782318,1.0,-15.34506607055664,5.0082106590271,290.0,0.5721292793750763,3055.1796875,67.03369140625,,data/instances/transfer/real_01.cip
mix_16_0,40,1966,1966,A,,60.0,100,0.08873526751995087,1.0536227226257324,8.076188087463379,0.22258333333333336,,,,,,,,,,,,,,,,,,,,,15,,224,224,0,1605536748,0,283,0,16,0,0.03208296746015549,1.0,-12.505655288696289,5.0409770011901855,290.0,0.6284725051373243,3055.1796875,67.03369140625,,data/instances/transfer/real_01.cip
mix_16_0,40,1967,1967,A,,60.0,100,0.2854243218898773,2.5930700302124023,6.2814202308654785,0.22258333333333336,,,,,,,,,,,,,,,,,,,,,14,,224,224,0,1605536748,0,283,0,16,0,0.07678917050361633,1.0,-14.496129989624023,4.513189315795898,290.0,0.6288210023194551,3055.1796875,67.03369140625,,data/instances/transfer/real_01.cip
mix_16_0,40,1968,1968,A,,60.0,100,0.1974305510520935,1.9307348728179932,10.429388046264648,0.22258333333333336,,,,,,,,,,,,,,,,,,,,,15,,224,224,0,1605536748,0,283,0,16,0,0.08039583265781403,1.0,-12.78858470916748,4.703457355499268,290.0,0.6294129677116871,3055.1796875,67.03369140625,,data/instances/transfer/real_01.cip
mix_16_0,40,1969,1969,A,,60.0,100,0.3926101326942444,3.2270116806030273,4.096285343170166,0.22100000000000009,,,,,,,,,,,,,,,,,,,,,13,,224,224,0,1608062232,0,284,0,16,0,0.11631928384304047,1.0,-13.423583984375,3.043440580368042,1.0,0.48427239060401917,3055.1796875,67.03369140625,,data/instances/transfer/real_01.cip
mix_16_0,40,1970,1970,A,,60.0,100,0.3685557246208191,3.769298553466797,7.981612205505371,0.22100000000000009,,,,,,,,,,,,,,,,,,,,,13,,224,224,0,1608062232,0,284,0,16,0,0.0903572142124176,1.0,-15.025890350341797,3.1570215225219727,1.0,0.46624456346035004,3055.1796875,67.03369140625,,data/instances/transfer/real_01.cip
mix_16_0,40,1971,1971,A,,60.0,100,0.27899426221847534,3.6029839515686035,7.4993205070495605,0.22100000000000009,,,,,,,,,,,,,,,,,,,,,12,,224,224,0,1608062232,0,284,0,16,0,0.0675080195069313,1.0,-13.760757446289062,3.56923770904541,1.0,0.3823646046221256,3055.1796875,67.03369140625,,data/instances/transfer/real_01.cip
mix_16_0,40,1972,1972,A,,60.0,100,0.3390873670578003,2.4424145221710205,4.2042412757873535,0.22100000000000009,,,,,,,,,,,,,,,,,,,,,13,,224,224,0,1608062232,0,284,0,16,0,0.12102175503969193,1.0,-12.327007293701172,4.613885879516602,1.0,0.4088189918547869,3055.1796875,67.03369140625,,data/instances/transfer/real_01.cip
episode,40,1972,1972,A,,60.0,100,0.3390873670578003,2.4424145221710205,4.2042412757873535,0.2194166666666667,-14.0856,-14.0,-0.08560000000000001,-14.0856,True,15,64.154962,,,,,,,,inf,0.6797468704308974,120.0,14.383707,0.0,25532,13,True,224,224,0,1613521984,0,286,0,16,0,,,,,144.92857142857142,,3055.1796875,67.03369140625,timelimit,data/instances/transfer/real_01.cip
mix_16_0,41,1973,1973,A,,60.0,100,0.189615398645401,2.5845582485198975,4.454452991485596,0.2194166666666667,,,,,,,,,,,,,,,,,,,,,13,,224,224,0,1613521984,0,286,0,16,0,0.06347009539604187,1.0,-13.109197616577148,4.9579854011535645,1.0,0.40257707983255386,3059.96875,67.03369140625,,data/instances/transfer/real_03.cip
mix_16_0,41,1974,1974,A,,60.0,100,0.32599252462387085,3.724623680114746,3.565901517868042,0.2194166666666667,,,,,,,,,,,,,,,,,,,,,14,,224,224,0,1613521984,0,286,0,16,0,0.07987654209136963,1.0,-12.894233703613281,3.604830026626587,1.0,0.5070118959993124,3059.96875,67.03369140625,,data/instances/transfer/real_03.cip
mix_16_0,41,1975,1975,A,,60.0,100,0.07357819378376007,1.2465064525604248,5.857909679412842,0.2194166666666667,,,,,,,,,,,,,,,,,,,,,15,,224,224,0,1613521984,0,286,0,16,0,0.026341313496232033,1.0,-13.14654541015625,5.302430629730225,1.0,0.5797492582350969,3059.96875,67.03369140625,,data/instances/transfer/real_03.cip
mix_16_0,41,1976,1976,A,,60.0,100,0.11933425813913345,3.043273448944092,8.542940139770508,0.2194166666666667,,,,,,,,,,,,,,,,,,,,,13,,224,224,0,1613521984,0,286,0,16,0,0.026881681755185127,1.0,-12.530052185058594,3.5821104049682617,1.0,0.6343175731599331,3059.96875,67.03369140625,,data/instances/transfer/real_03.cip
mix_16_0,41,1977,1977,A,,60.0,100,0.13257604837417603,2.0586442947387695,1.1278412342071533,0.21783333333333332,,,,,,,,,,,,,,,,,,,,,15,,224,224,0,1613521984,0,286,0,16,0,0.052222270518541336,1.0,-15.721076011657715,5.021265029907227,81.0,0.5966081582009792,3059.96875,67.03369140625,,data/instances/transfer/real_03.cip
mix_16_0,41,1978,1978,A,,60.0,100,0.15538519620895386,2.5545897483825684,2.184379816055298,0.21783333333333332,,,,,,,,,,,,,,,,,,,,,14,,224,224,0,1613521984,0,286,0,16,0,0.053859926760196686,1.0,-12.894614219665527,3.9564952850341797,81.0,0.6072592232376337,3059.96875,67.03369140625,,data/instances/transfer/real_03.cip
mix_16_0,41,1979,1979,A,,60.0,100,0.8933073282241821,6.108062744140625,17.3375244140625,0.21783333333333332,,,,,,,,,,,,,,,,,,,,,10,,224,224,0,1613521984,0,286,0,16,0,0.13644051551818848,1.0,-14.146489143371582,3.102064371109009,81.0,0.5421445835381746,3059.96875,67.03369140625,,data/instances/transfer/real_03.cip
mix_16_0,41,1980,1980,A,,60.0,100,0.529830813407898,4.295721054077148,11.275958061218262,0.21783333333333332,,,,,,,,,,,,,,,,,,,,,11,,224,224,0,1613521984,0,286,0,16,0,0.1004319041967392,1.0,-12.549715042114258,4.098259449005127,81.0,0.5767717696726322,3059.96875,67.03369140625,,data/instances/transfer/real_03.cip
mix_16_0,41,1981,1981,A,,60.0,100,0.06252770870923996,1.9905447959899902,1.6238279342651367,0.21625000000000005,,,,,,,,,,,,,,,,,,,,,15,,224,224,0,1614770260,0,287,0,16,0,0.02789698913693428,1.0,-15.203804969787598,3.6123781204223633,1.0,0.5955164581537247,3059.96875,67.03369140625,,data/instances/transfer/real_03.cip
mix_16_0,41,1982,1982,A,,60.0,100,0.10445152223110199,3.2573299407958984,0.7783811688423157,0.21625000000000005,,,,,,,,,,,,,,,,,,,,,14,,224,224,0,1614770260,0,287,0,16,0,0.026885660365223885,1.0,-14.075472831726074,4.353420257568359,1.0,0.3906913250684738,3059.96875,67.03369140625,,data/instances/transfer/real_03.cip
mix_16_0,41,1983,1983,A,,60.0,100,0.2910041809082031,2.097872257232666,9.83121109008789,0.21625000000000005,,,,,,,,,,,,,,,,,,,,,16,,224,224,0,1614770260,0,287,0,16,0,0.1289086937904358,1.0,-13.590713500976562,4.126534938812256,1.0,0.4040247220546007,3059.96875,67.03369140625,,data/instances/transfer/real_03.cip
mix_16_0,41,1984,1984,A,,60.0,100,0.08276861160993576,1.383244276046753,3.3012850284576416,0.21625000000000005,,,,,,,,,,,,,,,,,,,,,16,,224,224,0,1614770260,0,287,0,16,0,0.029586568474769592,1.0,-14.287866592407227,3.336988925933838,1.0,0.3966192789375782,3059.96875,67.03369140625,,data/instances/transfer/real_03.cip
mix_16_0,41,1985,1985,A,,60.0,100,0.15258589386940002,2.794419288635254,2.47615647315979,0.21466666666666667,,,,,,,,,,,,,,,,,,,,,15,,224,224,0,1615992960,0,288,0,16,0,0.04208916053175926,1.0,-15.487407684326172,3.242382526397705,1.0,0.396069198846817,3059.96875,67.03369140625,,data/instances/transfer/real_03.cip
mix_16_0,41,1986,1986,A,,60.0,100,0.6914463639259338,3.749174118041992,3.388388156890869,0.21466666666666667,,,,,,,,,,,,,,,,,,,,,12,,224,224,0,1615992960,0,288,0,16,0,0.15968909859657288,1.0,-13.819160461425781,4.524481773376465,1.0,0.346743393689394,3059.96875,67.03369140625,,data/instances/transfer/real_03.cip
mix_16_0,41,1987,1987,A,,60.0,100,0.2705594003200531,2.30690860748291,18.21295928955078,0.21466666666666667,,,,,,,,,,,,,,,,,,,,,14,,224,224,0,1615992960,0,288,0,16,0,0.08986876159906387,1.0,-11.956591606140137,2.9588050842285156,1.0,0.3362836744636297,3059.96875,67.03369140625,,data/instances/transfer/real_03.cip
mix_16_0,41,1988,1988,A,,60.0,100,0.19971071183681488,1.5281661748886108,1.7625367641448975,0.21466666666666667,,,,,,,,,,,,,,,,,,,,,15,,224,224,0,1615992960,0,288,0,16,0,0.10875595360994339,1.0,-13.007220268249512,2.8866868019104004,1.0,0.37191232293844223,3059.96875,67.03369140625,,data/instances/transfer/real_03.cip
mix_16_0,41,1989,1989,A,,60.0,100,0.2619055509567261,1.7504733800888062,7.10960054397583,0.2130833333333333,,,,,,,,,,,,,,,,,,,,,14,,224,224,0,1617562660,0,289,0,16,0,0.11843657493591309,1.0,-13.803632736206055,5.151617527008057,216.0,0.35255313105881214,3059.96875,67.03369140625,,data/instances/transfer/real_03.cip
mix_16_0,41,1990,1990,A,,60.0,100,0.34158363938331604,2.7558741569519043,9.559855461120605,0.2130833333333333,,,,,,,,,,,,,,,,,,,,,14,,224,224,0,1617562660,0,289,0,16,0,0.10312418639659882,1.0,-13.156503677368164,2.540876626968384,216.0,0.3051825650036335,3059.96875,67.03369140625,,data/instances/transfer/real_03.cip
mix_16_0,41,1991,1991,A,,60.0,100,0.23250699043273926,2.6786534786224365,2.547344923019409,0.2130833333333333,,,,,,,,,,,,,,,,,,,,,14,,224,224,0,1617562660,0,289,0,16,0,0.0771726667881012,1.0,-15.455175399780273,3.3919107913970947,216.0,0.3305663801729679,3059.96875,67.03369140625,,data/instances/transfer/real_03.cip
mix_16_0,41,1992,1992,A,,60.0,100,0.2675193250179291,4.862889766693115,1.0297819375991821,0.2130833333333333,,,,,,,,,,,,,,,,,,,,,10,,224,224,0,1617562660,0,289,0,16,0,0.05308656767010689,1.0,-12.175594329833984,3.84297513961792,216.0,0.263956805691123,3059.96875,67.03369140625,,data/instances/transfer/real_03.cip
mix_16_0,41,1993,1993,A,,60.0,100,0.32076001167297363,3.881711959838867,2.5886423587799072,0.21150000000000002,,,,,,,,,,,,,,,,,,,,,14,,224,224,0,1619135928,0,290,0,16,0,0.0705578476190567,1.0,-14.094618797302246,2.533496618270874,1.0,0.42170611023902893,3059.96875,67.03369140625,,data/instances/transfer/real_03.cip
mix_16_0,41,1994,1994,A,,60.0,100,0.29157358407974243,2.0903372764587402,10.328811645507812,0.21150000000000002,,,,,,,,,,,,,,,,,,,,,16,,224,224,0,1619135928,0,290,0,16,0,0.11761593818664551,1.0,-13.67483901977539,3.5659737586975098,1.0,0.5282103735953569,3059.96875,67.03369140625,,data/instances/transfer/real_03.cip
mix_16_0,41,1995,1995,A,,60.0,100,0.17430686950683594,3.248239517211914,5.676714897155762,0.21150000000000002,,,,,,,,,,,,,,,,,,,,,14,,224,224,0,1619135928,0,290,0,16,0,0.03491486236453056,1.0,-12.95068359375,2.709320545196533,1.0,0.496718093752861,3059.96875,67.03369140625,,data/instances/transfer/real_03.cip
mix_16_0,41,1996,1996,A,,60.0,100,0.5847163796424866,3.706247329711914,3.873166561126709,0.21150000000000002,,,,,,,,,,,,,,,,,,,,,13,,224,224,0,1619135928,0,290,0,16,0,0.14194732904434204,1.0,-14.623119354248047,2.3696584701538086,1.0,0.41802675276994705,3059.96875,67.03369140625,,data/instances/transfer/real_03.cip
mix_16_0,41,1997,1997,A,,60.0,100,0.2294064462184906,2.4234116077423096,1.6215506792068481,0.20991666666666675,,,,,,,,,,,,,,,,,,,,,14,,224,224,0,1621443392,0,291,0,16,0,0.07342018932104111,1.0,-13.52729606628418,3.839165687561035,1.0,0.3521586284041405,3059.96875,67.03369140625,,data/instances/transfer/real_03.cip
mix_16_0,41,1998,1998,A,,60.0,100,0.07323478162288666,5.160424709320068,1.3084282875061035,0.20991666666666675,,,,,,,,,,,,,,,,,,,,,11,,224,224,0,1621443392,0,291,0,16,0,0.013476196676492691,1.0,-14.301084518432617,3.6652495861053467,1.0,0.37692901119589806,3059.96875,67.03369140625,,data/instances/transfer/real_03.cip
mix_16_0,41,1999,1999,A,,60.0,100,0.67425137758255,4.472988128662109,8.993749618530273,0.20991666666666675,,,,,,,,,,,,,,,,,,,,,12,,224,224,0,1621443392,0,291,0,16,0,0.12299665063619614,1.0,-13.669840812683105,4.693371772766113,1.0,0.4056208599358797,3059.96875,67.03369140625,,data/instances/transfer/real_03.cip
mix_16_0,41,2000,2000,A,,60.0,100,0.13021785020828247,1.8657517433166504,1.3662724494934082,0.20991666666666675,,,,,,,,,,,,,,,,,,,,,16,,224,224,0,1621443392,0,291,0,16,0,0.06766031682491302,1.0,-13.481951713562012,3.5994293689727783,1.0,0.41235564462840557,3059.96875,67.03369140625,,data/instances/transfer/real_03.cip
mix_16_0,41,2001,2001,A,,60.0,100,0.39389270544052124,3.513376235961914,1.3999272584915161,0.20833333333333337,,,,,,,,,,,,,,,,,,,,,12,,224,224,0,1623958232,0,292,0,16,0,0.1038384959101677,1.0,-13.82439136505127,3.914736032485962,1.0,0.3530714176595211,3059.96875,67.03369140625,,data/instances/transfer/real_03.cip
mix_16_0,41,2002,2002,A,,60.0,100,0.07709205150604248,2.1936516761779785,1.574751377105713,0.20833333333333337,,,,,,,,,,,,,,,,,,,,,14,,224,224,0,1623958232,0,292,0,16,0,0.030327394604682922,1.0,-15.917221069335938,4.134352684020996,1.0,0.56446991302073,3059.96875,67.03369140625,,data/instances/transfer/real_03.cip
mix_16_0,41,2003,2003,A,,60.0,100,0.31819993257522583,3.3964695930480957,5.610727787017822,0.20833333333333337,,,,,,,,,,,,,,,,,,,,,13,,224,224,0,1623958232,0,292,0,16,0,0.0778447762131691,1.0,-13.792929649353027,3.3712499141693115,1.0,0.5954634640365839,3059.96875,67.03369140625,,data/instances/transfer/real_03.cip
mix_16_0,41,2004,2004,A,,60.0,100,0.15406429767608643,2.59143328666687,5.534915924072266,0.20833333333333337,,,,,,,,,,,,,,,,,,,,,14,,224,224,0,1623958232,0,292,0,16,0,0.04484834894537926,1.0,-13.706915855407715,3.3503031730651855,1.0,0.632924797013402,3059.96875,67.03369140625,,data/instances/transfer/real_03.cip
mix_16_0,41,2005,2005,A,,60.0,100,0.14736682176589966,3.6369898319244385,2.156743049621582,0.2067500000000001,,,,,,,,,,,,,,,,,,,,,13,,224,224,0,1626402960,0,293,0,16,0,0.036216482520103455,1.0,-14.099264144897461,3.176658868789673,1.0,0.5631426200270653,3059.96875,67.03369140625,,data/instances/transfer/real_03.cip
mix_16_0,41,2006,2006,A,,60.0,100,0.3085836172103882,2.2903032302856445,14.532773971557617,0.2067500000000001,,,,,,,,,,,,,,,,,,,,,14,,224,224,0,1626402960,0,293,0,16,0,0.099820576608181,1.0,-13.434249877929688,4.745974063873291,1.0,0.6188662070780993,3059.96875,67.03369140625,,data/instances/transfer/real_03.cip
mix_16_0,41,2007,2007,A,,60.0,100,0.3077299892902374,2.7357027530670166,2.9623215198516846,0.2067500000000001,,,,,,,,,,,,,,,,,,,,,14,,224,224,0,1626402960,0,293,0,16,0,0.09867127984762192,1.0,-15.028411865234375,3.39467191696167,1.0,0.6476803999394178,3059.96875,67.03369140625,,data/instances/transfer/real_03.cip
mix_16_0,41,2008,2008,A,,60.0,100,0.19236698746681213,4.30487060546875,1.8628957271575928,0.2067500000000001,,,,,,,,,,,,,,,,,,,,,12,,224,224,0,1626402960,0,293,0,16,0,0.04297710955142975,1.0,-14.007941246032715,3.277299642562866,1.0,0.6216983962804079,3059.96875,67.03369140625,,data/instances/transfer/real_03.cip
mix_16_0,41,2009,2009,A,,60.0,100,0.11834494024515152,2.4078025817871094,0.9422122836112976,0.20516666666666672,,,,,,,,,,,,,,,,,,,,,13,,224,224,0,1631649916,0,294,0,16,0,0.0408879779279232,1.0,-13.279208183288574,4.9905781745910645,1.0,0.5415633413940668,3059.96875,67.03369140625,,data/instances/transfer/real_03.cip
mix_16_0,41,2010,2010,A,,60.0,100,0.1785774827003479,2.2667505741119385,7.108123779296875,0.20516666666666672,,,,,,,,,,,,,,,,,,,,,14,,224,224,0,1631649916,0,294,0,16,0,0.06689045578241348,1.0,-12.964282989501953,3.6221132278442383,1.0,0.6163818370550871,3059.96875,67.03369140625,,data/instances/transfer/real_03.cip
mix_16_0,41,2011,2011,A,,60.0,100,0.30247342586517334,4.701486587524414,2.2340874671936035,0.20516666666666672,,,,,,,,,,,,,,,,,,,,,10,,224,224,0,1631649916,0,294,0,16,0,0.056895021349191666,1.0,-12.41411018371582,4.396510601043701,1.0,0.5971827562898397,3059.96875,67.03369140625,,data/instances/transfer/real_03.cip
mix_16_0,41,2012,2012,A,,60.0,100,0.2676164507865906,2.1686549186706543,4.412550926208496,0.20516666666666672,,,,,,,,,,,,,,,,,,,,,15,,224,224,0,1631649916,0,294,0,16,0,0.09450747072696686,1.0,-13.46641731262207,4.399729251861572,1.0,0.6317701637744904,3059.96875,67.03369140625,,data/instances/transfer/real_03.cip
mix_16_0,41,2013,2013,A,,60.0,100,0.04447406902909279,1.4977903366088867,2.162097930908203,0.20358333333333334,,,,,,,,,,,,,,,,,,,,,15,,224,224,0,1637108628,0,295,0,16,0,0.018633278086781502,1.0,-13.898679733276367,4.892795085906982,1.0,0.527363857254386,3059.96875,67.03369140625,,data/instances/transfer/real_03.cip
mix_16_0,41,2014,2014,A,,60.0,100,0.31471842527389526,2.0811519622802734,4.939445972442627,0.20358333333333334,,,,,,,,,,,,,,,,,,,,,15,,224,224,0,1637108628,0,295,0,16,0,0.14175570011138916,1.0,-13.15330982208252,4.727259159088135,1.0,0.5596688333898783,3059.96875,67.03369140625,,data/instances/transfer/real_03.cip
mix_16_0,41,2015,2015,A,,60.0,100,0.12491662055253983,1.581609845161438,1.5450217723846436,0.20358333333333334,,,,,,,,,,,,,,,,,,,,,16,,224,224,0,1637108628,0,295,0,16,0,0.08059133589267731,1.0,-15.555473327636719,3.2758524417877197,1.0,0.6453414037823677,3059.96875,67.03369140625,,data/instances/transfer/real_03.cip
mix_16_0,41,2016,2016,A,,60.0,100,0.19832706451416016,1.5561974048614502,4.1608967781066895,0.20358333333333334,,,,,,,,,,,,,,,,,,,,,16,,224,224,0,1637108628,0,295,0,16,0,0.13522902131080627,1.0,-12.05146312713623,4.536391735076904,1.0,0.6439738441258669,3059.96875,67.03369140625,,data/instances/transfer/real_03.cip
mix_16_0,41,2017,2017,A,,60.0,100,0.23404040932655334,2.062633514404297,2.0605099201202393,0.20200000000000007,,,,,,,,,,,,,,,,,,,,,16,,224,224,0,1642411028,0,296,0,16,0,0.10777456313371658,1.0,-13.196216583251953,2.4728736877441406,1.0,0.559357512742281,3059.96875,67.03369140625,,data/instances/transfer/real_03.cip
mix_16_0,41,2018,2018,A,,60.0,100,0.03872508555650711,2.328557252883911,1.8213932514190674,0.20200000000000007,,,,,,,,,,,,,,,,,,,,,16,,224,224,0,1642411028,0,296,0,16,0,0.015372244641184807,1.0,-13.842849731445312,2.5286705493927,1.0,0.6304333694279194,3059.96875,67.03369140625,,data/instances/transfer/real_03.cip
mix_16_0,41,2019,2019,A,,60.0,100,0.07364225387573242,1.8438948392868042,0.9042186141014099,0.20200000000000007,,,,,,,,,,,,,,,,,,,,,16,,224,224,0,1642411028,0,296,0,16,0,0.03809896111488342,1.0,-14.578903198242188,2.3258280754089355,1.0,0.44636525213718414,3059.96875,67.03369140625,,data/instances/transfer/real_03.cip
mix_16_0,41,2020,2020,A,,60.0,100,0.17390885949134827,1.1851083040237427,4.59210205078125,0.20200000000000007,,,,,,,,,,,,,,,,,,,,,16,,224,224,0,1642411028,0,296,0,16,0,0.13580304384231567,1.0,-14.712315559387207,3.927384376525879,1.0,0.5219235625118017,3059.96875,67.03369140625,,data/instances/transfer/real_03.cip
episode,41,2020,2020,A,,60.0,100,0.17390885949134827,1.1851083040237427,4.59210205078125,0.2004166666666667,-12.015699999999999,-12.0,-0.015700000000000002,-12.015699999999999,True,13,60.144647,,,,,,,,inf,1e+20,120.0,inf,0.0,17007,16,True,224,224,0,1648152852,0,298,0,16,0,,,,,25.583333333333332,,3059.96875,67.03369140625,timelimit,data/instances/transfer/real_03.cip
validation,42,2020,2020,A,,,,,,,,,,,,,,,1.0,9.307871,inf,0.0,9.307871,1.0,8436.0,,,,,,,,,224,224,0,1648152852,0,298,0,,,,,,,,,,,optimal,data/instances/validation/real_08.cip
mix_16_0,42,2021,2021,A,,60.0,100,0.16181477904319763,1.0952856540679932,2.8405826091766357,0.2004166666666667,,,,,,,,,,,,,,,,,,,,,16,,224,224,0,1648152852,0,298,0,16,0,0.12589743733406067,1.0,-15.367670059204102,3.0666143894195557,243.0,0.5851403847336769,3059.96875,67.03369140625,,data/instances/transfer/real_05.cip
mix_16_0,42,2022,2022,A,,60.0,100,0.20601341128349304,2.2266926765441895,4.267905235290527,0.2004166666666667,,,,,,,,,,,,,,,,,,,,,16,,224,224,0,1648152852,0,298,0,16,0,0.08935029059648514,1.0,-12.521102905273438,3.1227340698242188,243.0,0.606909641996026,3059.96875,67.03369140625,,data/instances/transfer/real_05.cip
mix_16_0,42,2023,2023,A,,60.0,100,0.16982793807983398,1.5859804153442383,3.4221231937408447,0.2004166666666667,,,,,,,,,,,,,,,,,,,,,16,,224,224,0,1648152852,0,298,0,16,0,0.09229892492294312,1.0,-13.414922714233398,2.561075448989868,243.0,0.640835652127862,3059.96875,67.03369140625,,data/instances/transfer/real_05.cip
mix_16_0,42,2024,2024,A,,60.0,100,0.28635114431381226,1.3942110538482666,5.244449138641357,0.2004166666666667,,,,,,,,,,,,,,,,,,,,,16,,224,224,0,1648152852,0,298,0,16,0,0.19325870275497437,1.0,-12.556721687316895,3.7021257877349854,243.0,0.6205274760723114,3059.96875,67.03369140625,,data/instances/transfer/real_05.cip
mix_16_0,42,2025,2025,A,,60.0,100,0.12114284932613373,1.9521102905273438,2.758575677871704,0.1988333333333333,,,,,,,,,,,,,,,,,,,,,15,,224,224,0,1648152852,0,298,0,16,0,0.06221826747059822,1.0,-12.577842712402344,3.1852176189422607,242.0,0.5013079177588224,3059.96875,67.03369140625,,data/instances/transfer/real_05.cip
mix_16_0,42,2026,2026,A,,60.0,100,0.1619265079498291,1.43401038646698,4.61231803894043,0.1988333333333333,,,,,,,,,,,,,,,,,,,,,14,,224,224,0,1648152852,0,298,0,16,0,0.09798765927553177,1.0,-10.459835052490234,4.106042385101318,242.0,0.5924563631415367,3059.96875,67.03369140625,,data/instances/transfer/real_05.cip
mix_16_0,42,2027,2027,A,,60.0,100,0.02235265076160431,1.3200054168701172,1.0914334058761597,0.1988333333333333,,,,,,,,,,,,,,,,,,,,,16,,224,224,0,1648152852,0,298,0,16,0,0.011347095482051373,1.0,-14.620864868164062,3.8158175945281982,242.0,0.6293024849146605,3059.96875,67.03369140625,,data/instances/transfer/real_05.cip
mix_16_0,42,2028,2028,A,,60.0,100,0.03992292284965515,0.9892812967300415,1.58729887008667,0.1988333333333333,,,,,,,,,,,,,,,,,,,,,16,,224,224,0,1648152852,0,298,0,16,0,0.03775135427713394,1.0,-14.775368690490723,4.225066661834717,242.0,0.634782500565052,3059.96875,67.03369140625,,data/instances/transfer/real_05.cip
mix_16_0,42,2029,2029,A,,60.0,100,0.056634657084941864,0.697226881980896,1.3075863122940063,0.19725000000000004,,,,,,,,,,,,,,,,,,,,,15,,224,224,0,1652572084,0,299,0,16,0,0.09244604408740997,1.0,-11.594066619873047,4.9926838874816895,1.0,0.5471818223595619,3059.96875,67.03369140625,,data/instances/transfer/real_05.cip
mix_16_0,42,2030,2030,A,,60.0,100,0.2539500594139099,1.7260446548461914,3.6975347995758057,0.19725000000000004,,,,,,,,,,,,,,,,,,,,,16,,224,224,0,1652572084,0,299,0,16,0,0.12639972567558289,1.0,-14.530974388122559,3.5914247035980225,1.0,0.5816248767077923,3059.96875,67.03369140625,,data/instances/transfer/real_05.cip
mix_16_0,42,2031,2031,A,,60.0,100,0.12807853519916534,1.5827186107635498,4.111367702484131,0.19725000000000004,,,,,,,,,,,,,,,,,,,,,16,,224,224,0,1652572084,0,299,0,16,0,0.07782068848609924,1.0,-13.696003913879395,2.999204635620117,1.0,0.6513598468154669,3059.96875,67.03369140625,,data/instances/transfer/real_05.cip
mix_16_0,42,2032,2032,A,,60.0,100,0.655979335308075,3.762366771697998,9.898921966552734,0.19725000000000004,,,,,,,,,,,,,,,,,,,,,16,,224,224,0,1652572084,0,299,0,16,0,0.16494660079479218,1.0,-14.236306190490723,2.6272828578948975,1.0,0.5789949353784323,3059.96875,67.03369140625,,data/instances/transfer/real_05.cip
mix_16_0,42,2033,2033,A,,60.0,100,0.15316364169120789,1.0041720867156982,9.637847900390625,0.19566666666666666,,,,,,,,,,,,,,,,,,,,,16,,224,224,0,1657192584,0,300,0,16,0,0.14423520863056183,1.0,-15.110982894897461,4.319738388061523,1.0,0.3495802506804466,3059.96875,67.03369140625,,data/instances/transfer/real_05.cip
mix_16_0,42,2034,2034,A,,60.0,100,0.301266610622406,2.4932987689971924,2.1223838329315186,0.19566666666666666,,,,,,,,,,,,,,,,,,,,,15,,224,224,0,1657192584,0,300,0,16,0,0.12043166160583496,1.0,-13.65800666809082,4.4949631690979,1.0,0.3147337846457958,3059.96875,67.03369140625,,data/instances/transfer/real_05.cip
mix_16_0,42,2035,2035,A,,60.0,100,0.10680465400218964,0.7276755571365356,2.068542003631592,0.19566666666666666,,,,,,,,,,,,,,,,,,,,,16,,224,224,0,1657192584,0,300,0,16,0,0.12500570714473724,1.0,-14.46737289428711,3.8415746688842773,1.0,0.34003329277038574,3059.96875,67.03369140625,,data/instances/transfer/real_05.cip
mix_16_0,42,2036,2036,A,,60.0,100,0.14813043177127838,1.5067033767700195,7.1247172355651855,0.19566666666666666,,,,,,,,,,,,,,,,,,,,,16,,224,224,0,1657192584,0,300,0,16,0,0.09428887814283371,1.0,-14.029818534851074,4.10512113571167,1.0,0.3962438814342022,3059.96875,67.03369140625,,data/instances/transfer/real_05.cip
mix_16_0,42,2037,2037,A,,60.0,100,0.07221230864524841,0.721464991569519,5.798929214477539,0.19408333333333327,,,,,,,,,,,,,,,,,,,,,16,,224,224,0,1662128776,0,301,0,16,0,0.11862001568078995,1.0,-12.379636764526367,3.1538214683532715,1.0,0.5475759338587523,3059.0,67.03369140625,,data/instances/transfer/real_05.cip
mix_16_0,42,2038,2038,A,,60.0,100,0.2353053092956543,2.4073641300201416,1.7759493589401245,0.19408333333333327,,,,,,,,,,,,,,,,,,,,,16,,224,224,0,1662128776,0,301,0,16,0,0.09109032899141312,1.0,-14.059965133666992,2.753701686859131,1.0,0.48910069465637207,3059.0,67.03369140625,,data/instances/transfer/real_05.cip
mix_16_0,42,2039,2039,A,,60.0,100,0.0556190088391304,0.5587263703346252,4.034948348999023,0.19408333333333327,,,,,,,,,,,,,,,,,,,,,16,,224,224,0,1662128776,0,301,0,16,0,0.12867790460586548,1.0,-12.900768280029297,3.1237809658050537,1.0,0.33047365956008434,3059.0,67.03369140625,,data/instances/transfer/real_05.cip
mix_16_0,42,2040,2040,A,,60.0,100,0.1510947346687317,1.700745940208435,3.4205493927001953,0.19408333333333327,,,,,,,,,,,,,,,,,,,,,16,,224,224,0,1662128776,0,301,0,16,0,0.07752448320388794,1.0,-13.196059226989746,2.9549765586853027,1.0,0.3242711275815964,3059.0,67.03369140625,,data/instances/transfer/real_05.cip
mix_16_0,42,2041,2041,A,,60.0,100,0.12934552133083344,2.0915768146514893,3.5651140213012695,0.1925,,,,,,,,,,,,,,,,,,,,,16,,224,224,0,1666979896,0,302,0,16,0,0.060180701315402985,1.0,-13.547465324401855,3.390674114227295,1.0,0.306600796058774,3059.96875,67.03369140625,,data/instances/transfer/real_05.cip
mix_16_0,42,2042,2042,A,,60.0,100,0.22069747745990753,1.2262139320373535,3.147491693496704,0.1925,,,,,,,,,,,,,,,,,,,,,13,,224,224,0,1666979896,0,302,0,16,0,0.13338841497898102,1.0,-10.19332504272461,5.113180160522461,1.0,0.3699067682027817,3059.96875,67.03369140625,,data/instances/transfer/real_05.cip
mix_16_0,42,2043,2043,A,,60.0,100,0.05006743222475052,1.1328043937683105,0.7112864255905151,0.1925,,,,,,,,,,,,,,,,,,,,,16,,224,224,0,1666979896,0,302,0,16,0,0.04198387637734413,1.0,-13.794929504394531,2.7979681491851807,1.0,0.5644558165222406,3059.96875,67.03369140625,,data/instances/transfer/real_05.cip
mix_16_0,42,2044,2044,A,,60.0,100,0.11466458439826965,0.981921911239624,3.3319406509399414,0.1925,,,,,,,,,,,,,,,,,,,,,16,,224,224,0,1666979896,0,302,0,16,0,0.1180562749505043,1.0,-14.023077011108398,3.323256015777588,1.0,0.6081125102937222,3059.96875,67.03369140625,,data/instances/transfer/real_05.cip
mix_16_0,42,2045,2045,A,,60.0,100,0.16767127811908722,1.400012731552124,4.529298305511475,0.19091666666666673,,,,,,,,,,,,,,,,,,,,,14,,224,224,0,1671842500,0,303,0,16,0,0.10676258057355881,1.0,-11.747566223144531,4.984871864318848,1.0,0.5336255542933941,3059.96875,67.03369140625,,data/instances/transfer/real_05.cip
mix_16_0,42,2046,2046,A,,60.0,100,0.30968815088272095,2.3554515838623047,2.1603620052337646,0.19091666666666673,,,,,,,,,,,,,,,,,,,,,15,,224,224,0,1671842500,0,303,0,16,0,0.13074660301208496,1.0,-13.514202117919922,3.726956605911255,1.0,0.6085595395416021,3059.96875,67.03369140625,,data/instances/transfer/real_05.cip
mix_16_0,42,2047,2047,A,,60.0,100,0.15724921226501465,1.3542063236236572,3.924544095993042,0.19091666666666673,,,,,,,,,,,,,,,,,,,,,16,,224,224,0,1671842500,0,303,0,16,0,0.10660126805305481,1.0,-13.331642150878906,3.2709579467773438,1.0,0.6455130893737078,3059.96875,67.03369140625,,data/instances/transfer/real_05.cip
mix_16_0,42,2048,2048,A,,60.0,100,0.0729743018746376,1.0739128589630127,1.1107640266418457,0.19091666666666673,,,,,,,,,,,,,,,,,,,,,16,,224,224,0,1671842500,0,303,0,16,0,0.06182502582669258,1.0,-14.373096466064453,3.7602410316467285,1.0,0.6536909565329552,3059.96875,67.03369140625,,data/instances/transfer/real_05.cip
mix_16_0,42,2049,2049,A,,60.0,100,0.2446674108505249,1.6253060102462769,4.381829738616943,0.18933333333333335,,,,,,,,,,,,,,,,,,,,,15,,224,224,0,1676979736,0,304,0,16,0,0.12214307487010956,1.0,-12.558773040771484,3.826380729675293,1.0,0.5577332023531199,3059.96875,67.03369140625,,data/instances/transfer/real_05.cip
mix_16_0,42,2050,2050,A,,60.0,100,0.017133239656686783,0.9595832824707031,2.4525299072265625,0.18933333333333335,,,,,,,,,,,,,,,,,,,,,16,,224,224,0,1676979736,0,304,0,16,0,0.007321964483708143,1.0,-12.713371276855469,3.3845643997192383,1.0,0.50104202888906,3059.96875,67.03369140625,,data/instances/transfer/real_05.cip
mix_16_0,42,2051,2051,A,,60.0,100,0.25989389419555664,2.2048115730285645,4.3072590827941895,0.18933333333333335,,,,,,,,,,,,,,,,,,,,,15,,224,224,0,1676979736,0,304,0,16,0,0.10671715438365936,1.0,-12.6129150390625,3.877262592315674,1.0,0.45192124880850315,3059.96875,67.03369140625,,data/instances/transfer/real_05.cip
mix_16_0,42,2052,2052,A,,60.0,100,0.29018351435661316,1.5932178497314453,3.771862030029297,0.18933333333333335,,,,,,,,,,,,,,,,,,,,,14,,224,224,0,1676979736,0,304,0,16,0,0.15506884455680847,1.0,-10.940982818603516,3.9872329235076904,1.0,0.43433341197669506,3059.96875,67.03369140625,,data/instances/transfer/real_05.cip
mix_16_0,42,2053,2053,A,,60.0,100,0.12296825647354126,2.3582444190979004,1.936120629310608,0.18775000000000008,,,,,,,,,,,,,,,,,,,,,16,,224,224,0,1682090524,0,305,0,16,0,0.054305076599121094,1.0,-15.575733184814453,2.766312837600708,1.0,0.5422919858247042,3059.96875,67.03369140625,,data/instances/transfer/real_05.cip
mix_16_0,42,2054,2054,A,,60.0,100,0.31446462869644165,1.9643714427947998,6.861138343811035,0.18775000000000008,,,,,,,,,,,,,,,,,,,,,16,,224,224,0,1682090524,0,305,0,16,0,0.13801510632038116,1.0,-15.468535423278809,3.188138484954834,1.0,0.5572205949574709,3059.96875,67.03369140625,,data/instances/transfer/real_05.cip
mix_16_0,42,2055,2055,A,,60.0,100,0.1516895294189453,2.225703716278076,0.7580574750900269,0.18775000000000008,,,,,,,,,,,,,,,,,,,,,16,,224,224,0,1682090524,0,305,0,16,0,0.07202322036027908,1.0,-14.12628173828125,2.4595086574554443,1.0,0.6077309232205153,3059.96875,67.03369140625,,data/instances/transfer/real_05.cip
mix_16_0,42,2056,2056,A,,60.0,100,0.2544581890106201,2.2284865379333496,2.656031847000122,0.18775000000000008,,,,,,,,,,,,,,,,,,,,,16,,224,224,0,1682090524,0,305,0,16,0,0.1112346425652504,1.0,-14.475117683410645,3.3083741664886475,1.0,0.5470092408359051,3059.96875,67.03369140625,,data/instances/transfer/real_05.cip
mix_16_0,42,2057,2057,A,,60.0,100,0.11756645143032074,1.2966928482055664,3.0562658309936523,0.1861666666666667,,,,,,,,,,,,,,,,,,,,,15,,224,224,0,1687207000,0,306,0,16,0,0.07360392808914185,1.0,-13.067351341247559,3.738339900970459,1.0,0.5046819318085909,3059.96875,67.03369140625,,data/instances/transfer/real_05.cip
mix_16_0,42,2058,2058,A,,60.0,100,0.04421662539243698,1.0223722457885742,0.9901483058929443,0.1861666666666667,,,,,,,,,,,,,,,,,,,,,15,,224,224,0,1687207000,0,306,0,16,0,0.039948564022779465,1.0,-10.350032806396484,4.979180335998535,1.0,0.615406472235918,3059.96875,67.03369140625,,data/instances/transfer/real_05.cip
mix_16_0,42,2059,2059,A,,60.0,100,0.07744628936052322,1.0383319854736328,6.050159454345703,0.1861666666666667,,,,,,,,,,,,,,,,,,,,,15,,224,224,0,1687207000,0,306,0,16,0,0.059030454605817795,1.0,-12.872661590576172,4.021475315093994,1.0,0.6358440220355988,3059.96875,67.03369140625,,data/instances/transfer/real_05.cip
mix_16_0,42,2060,2060,A,,60.0,100,0.029488714411854744,0.6157153844833374,2.008765697479248,0.1861666666666667,,,,,,,,,,,,,,,,,,,,,16,,224,224,0,1687207000,0,306,0,16,0,0.05932299792766571,1.0,-12.746219635009766,2.9313113689422607,1.0,0.6376084461808205,3059.96875,67.03369140625,,data/instances/transfer/real_05.cip
mix_16_0,42,2061,2061,A,,60.0,100,0.11826345324516296,1.1290676593780518,4.570011138916016,0.18458333333333343,,,,,,,,,,,,,,,,,,,,,15,,224,224,0,1692112308,0,307,0,16,0,0.09396187216043472,1.0,-12.520044326782227,3.9981987476348877,5.0,0.5526602044701576,3059.96875,67.03369140625,,data/instances/transfer/real_05.cip
mix_16_0,42,2062,2062,A,,60.0,100,0.11388880759477615,0.9064911603927612,3.6901023387908936,0.18458333333333343,,,,,,,,,,,,,,,,,,,,,16,,224,224,0,1692112308,0,307,0,16,0,0.12382115423679352,1.0,-14.023350715637207,3.151449680328369,5.0,0.6249480191618204,3059.96875,67.03369140625,,data/instances/transfer/real_05.cip
mix_16_0,42,2063,2063,A,,60.0,100,0.09782229363918304,1.6667691469192505,0.4746127724647522,0.18458333333333343,,,,,,,,,,,,,,,,,,,,,16,,224,224,0,1692112308,0,307,0,16,0,0.055218927562236786,1.0,-13.185220718383789,2.7726423740386963,5.0,0.6293382756412029,3059.96875,67.03369140625,,data/instances/transfer/real_05.cip
mix_16_0,42,2064,2064,A,,60.0,100,0.12125247716903687,1.3859469890594482,1.9170845746994019,0.18458333333333343,,,,,,,,,,,,,,,,,,,,,16,,224,224,0,1692112308,0,307,0,16,0,0.07919785380363464,1.0,-14.826658248901367,3.190239667892456,5.0,0.6346312388777733,3059.96875,67.03369140625,,data/instances/transfer/real_05.cip
mix_16_0,42,2065,2065,A,,60.0,100,0.06814895570278168,1.5889334678649902,2.207509756088257,0.18300000000000005,,,,,,,,,,,,,,,,,,,,,16,,224,224,0,1696690636,0,308,0,16,0,0.03959675505757332,1.0,-13.55668830871582,3.4083058834075928,49.0,0.5557813365012407,3059.96875,67.03369140625,,data/instances/transfer/real_05.cip
mix_16_0,42,2066,2066,A,,60.0,100,0.20969507098197937,1.9479475021362305,2.3542065620422363,0.18300000000000005,,,,,,,,,,,,,,,,,,,,,15,,224,224,0,1696690636,0,308,0,16,0,0.10850203782320023,1.0,-12.460771560668945,3.9488680362701416,49.0,0.5912639908492565,3059.96875,67.03369140625,,data/instances/transfer/real_05.cip
mix_16_0,42,2067,2067,A,,60.0,100,0.12679588794708252,1.0787240266799927,2.306528329849243,0.18300000000000005,,,,,,,,,,,,,,,,,,,,,16,,224,224,0,1696690636,0,308,0,16,0,0.09802117198705673,1.0,-12.800092697143555,3.2011733055114746,49.0,0.6472308728843927,3059.96875,67.03369140625,,data/instances/transfer/real_05.cip
mix_16_0,42,2068,2068,A,,60.0,100,0.2075793594121933,1.712174654006958,2.996371030807495,0.18300000000000005,,,,,,,,,,,,,,,,,,,,,16,,224,224,0,1696690636,0,308,0,16,0,0.12735621631145477,1.0,-14.641200065612793,2.227118968963623,49.0,0.6289897449314594,3059.96875,67.03369140625,,data/instances/transfer/real_05.cip
mix_16_0,42,2069,2069,A,,60.0,100,0.11965245008468628,0.9756069779396057,4.025280952453613,0.18141666666666667,,,,,,,,,,,,,,,,,,,,,16,,224,224,0,1701534164,0,309,0,16,0,0.11729121208190918,1.0,-14.957440376281738,3.870532989501953,1.0,0.5689541157335043,3059.96875,67.03369140625,,data/instances/transfer/real_05.cip
mix_16_0,42,2070,2070,A,,60.0,100,0.04924651235342026,0.7415035367012024,3.2680628299713135,0.18141666666666667,,,,,,,,,,,,,,,,,,,,,16,,224,224,0,1701534164,0,309,0,16,0,0.06762461364269257,1.0,-14.023174285888672,3.575038433074951,1.0,0.613129923120141,3059.96875,67.03369140625,,data/instances/transfer/real_05.cip
mix_16_0,42,2071,2071,A,,60.0,100,0.1097869724035263,0.6587285995483398,8.463907241821289,0.18141666666666667,,,,,,,,,,,,,,,,,,,,,15,,224,224,0,1701534164,0,309,0,16,0,0.18494710326194763,1.0,-12.818483352661133,5.1628336906433105,1.0,0.6313270721584558,3059.96875,67.03369140625,,data/instances/transfer/real_05.cip
mix_16_0,42,2072,2072,A,,60.0,100,0.14139151573181152,1.2343535423278809,2.0966761112213135,0.18141666666666667,,,,,,,,,,,,,,,,,,,,,16,,224,224,0,1701534164,0,309,0,16,0,0.10912840813398361,1.0,-14.017958641052246,3.928734302520752,1.0,0.6355916652828455,3059.96875,67.03369140625,,data/instances/transfer/real_05.cip
episode,42,2072,2072,A,,60.0,100,0.14139151573181152,1.2343535423278809,2.0966761112213135,0.1798333333333334,-13.0185,-13.0,-0.0185,-13.0185,True,14,62.382618,,,,,,,,inf,1e+20,120.0,inf,0.0,15780,16,True,224,224,0,1710925904,0,311,0,16,0,,,,,42.15384615384615,,3059.96875,67.03369140625,timelimit,data/instances/transfer/real_05.cip
mix_16_0,43,2073,2073,A,,60.0,100,0.26733464002609253,1.8962560892105103,2.8226876258850098,0.1798333333333334,,,,,,,,,,,,,,,,,,,,,14,,224,224,0,1710925904,0,311,0,16,0,0.1321636438369751,1.0,-11.2550630569458,4.827298164367676,1.0,0.5612209588289261,3059.96875,67.03369140625,,data/instances/train/real_06.cip
mix_16_0,43,2074,2074,A,,60.0,100,0.20297260582447052,1.2472227811813354,3.3486080169677734,0.1798333333333334,,,,,,,,,,,,,,,,,,,,,16,,224,224,0,1710925904,0,311,0,16,0,0.14271226525306702,1.0,-12.83647346496582,3.366175413131714,1.0,0.6125728320330381,3059.96875,67.03369140625,,data/instances/train/real_06.cip
mix_16_0,43,2075,2075,A,,60.0,100,0.13060645759105682,2.3516056537628174,4.835445404052734,0.1798333333333334,,,,,,,,,,,,,,,,,,,,,14,,224,224,0,1710925904,0,311,0,16,0,0.04975135996937752,1.0,-12.460168838500977,4.907738208770752,1.0,0.6184725593775511,3059.96875,67.03369140625,,data/instances/train/real_06.cip
mix_16_0,43,2076,2076,A,,60.0,100,0.12922193109989166,1.3156285285949707,3.9818379878997803,0.1798333333333334,,,,,,,,,,,,,,,,,,,,,16,,224,224,0,1710925904,0,311,0,16,0,0.09196767210960388,1.0,-14.744219779968262,3.0900425910949707,1.0,0.6289322450757027,3059.96875,67.03369140625,,data/instances/train/real_06.cip
mix_16_0,43,2077,2077,A,,60.0,100,0.19553549587726593,1.178910732269287,11.567912101745605,0.17825000000000002,,,,,,,,,,,,,,,,,,,,,15,,224,224,0,1710925904,0,311,0,16,0,0.1555977165699005,1.0,-12.754119873046875,4.357524394989014,1.0,0.555470984429121,3059.96875,67.03369140625,,data/instances/train/real_06.cip
mix_16_0,43,2078,2078,A,,60.0,100,0.14847499132156372,1.3698782920837402,5.965974807739258,0.17825000000000002,,,,,,,,,,,,,,,,,,,,,14,,224,224,0,1710925904,0,311,0,16,0,0.09601393342018127,1.0,-12.926939964294434,4.2357659339904785,1.0,0.5723210461437702,3059.96875,67.03369140625,,data/instances/train/real_06.cip
mix_16_0,43,2079,2079,A,,60.0,100,0.1264089047908783,2.210127830505371,6.952908039093018,0.17825000000000002,,,,,,,,,,,,,,,,,,,,,16,,224,224,0,1710925904,0,311,0,16,0,0.04139099270105362,1.0,-14.078790664672852,4.582573890686035,1.0,0.6229568477720022,3059.96875,67.03369140625,,data/instances/train/real_06.cip
mix_16_0,43,2080,2080,A,,60.0,100,0.16562029719352722,3.5151524543762207,7.0594682693481445,0.17825000000000002,,,,,,,,,,,,,,,,,,,,,15,,224,224,0,1710925904,0,311,0,16,0,0.03940512612462044,1.0,-13.963407516479492,3.7199063301086426,1.0,0.6268714480102062,3059.96875,67.03369140625,,data/instances/train/real_06.cip
mix_16_0,43,2081,2081,A,,60.0,100,0.18723170459270477,0.9894144535064697,9.862600326538086,0.17666666666666664,,,,,,,,,,,,,,,,,,,,,16,,224,224,0,1712367784,0,312,0,16,0,0.1991194784641266,1.0,-13.477643966674805,2.374077796936035,67.0,0.5614994075149298,3059.96875,67.03369140625,,data/instances/train/real_06.cip
mix_16_0,43,2082,2082,A,,60.0,100,0.07343344390392303,1.050786018371582,5.212061882019043,0.17666666666666664,,,,,,,,,,,,,,,,,,,,,13,,224,224,0,1712367784,0,312,0,16,0,0.05843544378876686,1.0,-11.820777893066406,5.346072673797607,67.0,0.5994742754846811,3059.96875,67.03369140625,,data/instances/train/real_06.cip
mix_16_0,43,2083,2083,A,,60.0,100,0.08589452505111694,1.5812312364578247,5.1192097663879395,0.17666666666666664,,,,,,,,,,,,,,,,,,,,,15,,224,224,0,1712367784,0,312,0,16,0,0.04152035713195801,1.0,-12.551697731018066,3.2387969493865967,67.0,0.6360423155128956,3059.96875,67.03369140625,,data/instances/train/real_06.cip
mix_16_0,43,2084,2084,A,,60.0,100,0.3730461001396179,3.169351100921631,7.936565399169922,0.17666666666666664,,,,,,,,,,,,,,,,,,,,,16,,224,224,0,1712367784,0,312,0,16,0,0.10218183696269989,1.0,-12.961311340332031,1.5196871757507324,67.0,0.6369752064347267,3059.96875,67.03369140625,,data/instances/train/real_06.cip
mix_16_0,43,2085,2085,A,,60.0,100,0.27899184823036194,1.3679726123809814,10.939054489135742,0.17508333333333337,,,,,,,,,,,,,,,,,,,,,15,,224,224,0,1714121980,0,313,0,16,0,0.1596309095621109,1.0,-13.05522632598877,4.962052345275879,1.0,0.38414158672094345,3059.96875,67.03369140625,,data/instances/train/real_06.cip
mix_16_0,43,2086,2086,A,,60.0,100,0.19762757420539856,1.9733030796051025,2.9749133586883545,0.17508333333333337,,,,,,,,,,,,,,,,,,,,,15,,224,224,0,1714121980,0,313,0,16,0,0.08784196525812149,1.0,-12.957962036132812,4.6668243408203125,1.0,0.49230554327368736,3059.96875,67.03369140625,,data/instances/train/real_06.cip
mix_16_0,43,2087,2087,A,,60.0,100,0.16643662750720978,1.514581322669983,8.163064956665039,0.17508333333333337,,,,,,,,,,,,,,,,,,,,,16,,224,224,0,1714121980,0,313,0,16,0,0.10602601617574692,1.0,-13.816853523254395,2.743835926055908,1.0,0.603402566164732,3059.96875,67.03369140625,,data/instances/train/real_06.cip
mix_16_0,43,2088,2088,A,,60.0,100,0.20362859964370728,1.2867000102996826,18.301427841186523,0.17508333333333337,,,,,,,,,,,,,,,,,,,,,15,,224,224,0,1714121980,0,313,0,16,0,0.10946539044380188,1.0,-13.495378494262695,3.97212290763855,1.0,0.635801063850522,3059.96875,67.03369140625,,data/instances/train/real_06.cip
mix_16_0,43,2089,2089,A,,60.0,100,0.09364649653434753,1.568601369857788,2.831217050552368,0.1735,,,,,,,,,,,,,,,,,,,,,15,,224,224,0,1716016572,0,314,0,16,0,0.05590472370386124,1.0,-13.22504997253418,3.298623561859131,1.0,0.5459437277168036,3059.96875,67.03369140625,,data/instances/train/real_06.cip
mix_16_0,43,2090,2090,A,,60.0,100,0.04655146226286888,0.4661538004875183,4.44735860824585,0.1735,,,,,,,,,,,,,,,,,,,,,16,,224,224,0,1716016572,0,314,0,16,0,0.1444486826658249,1.0,-14.4263334274292,4.332629203796387,1.0,0.6242714077234268,3059.96875,67.03369140625,,data/instances/train/real_06.cip
mix_16_0,43,2091,2091,A,,60.0,100,0.0945630893111229,0.8925161957740784,4.785508155822754,0.1735,,,,,,,,,,,,,,,,,,,,,15,,224,224,0,1716016572,0,314,0,16,0,0.12384495139122009,1.0,-12.565774917602539,3.4081268310546875,1.0,0.6393821574747562,3059.96875,67.03369140625,,data/instances/train/real_06.cip
mix_16_0,43,2092,2092,A,,60.0,100,0.09606460481882095,1.0922433137893677,8.40829849243164,0.1735,,,,,,,,,,,,,,,,,,,,,16,,224,224,0,1716016572,0,314,0,16,0,0.06898412108421326,1.0,-13.748834609985352,2.388880968093872,1.0,0.6358099803328514,3059.96875,67.03369140625,,data/instances/train/real_06.cip
mix_16_0,43,2093,2093,A,,60.0,100,0.14452096819877625,1.0119552612304688,3.733222723007202,0.17191666666666672,,,,,,,,,,,,,,,,,,,,,14,,224,224,0,1711548900,0,315,0,16,0,0.16184575855731964,1.0,-14.268905639648438,6.606822967529297,1.0,0.5641289167106152,3059.96875,67.03369140625,,data/instances/train/real_06.cip
mix_16_0,43,2094,2094,A,,60.0,100,0.11298014223575592,0.6489918231964111,15.785518646240234,0.17191666666666672,,,,,,,,,,,,,,,,,,,,,15,,224,224,0,1711548900,0,315,0,16,0,0.11144064366817474,1.0,-11.607370376586914,5.1393961906433105,1.0,0.6087356638163328,3059.96875,67.03369140625,,data/instances/train/real_06.cip
mix_16_0,43,2095,2095,A,,60.0,100,0.07636956870555878,1.5199811458587646,6.320010185241699,0.17191666666666672,,,,,,,,,,,,,,,,,,,,,16,,224,224,0,1711548900,0,315,0,16,0,0.030043132603168488,1.0,-13.168109893798828,4.0034894943237305,1.0,0.6436715666204691,3059.96875,67.03369140625,,data/instances/train/real_06.cip
mix_16_0,43,2096,2096,A,,60.0,100,0.06448902189731598,1.0600322484970093,6.882528305053711,0.17191666666666672,,,,,,,,,,,,,,,,,,,,,16,,224,224,0,1711548900,0,315,0,16,0,0.03624824807047844,1.0,-13.793432235717773,4.543642997741699,1.0,0.6284985430538654,3059.96875,67.03369140625,,data/instances/train/real_06.cip
mix_16_0,43,2097,2097,A,,60.0,100,0.0684337168931961,0.4492450952529907,9.840288162231445,0.17033333333333345,,,,,,,,,,,,,,,,,,,,,16,,224,224,0,1707203608,0,316,0,16,0,0.05855357646942139,1.0,-14.497200012207031,2.6416971683502197,1.0,0.5348006673157215,3059.96875,67.03369140625,,data/instances/train/real_06.cip
mix_16_0,43,2098,2098,A,,60.0,100,0.5078414678573608,2.6803154945373535,7.864831924438477,0.17033333333333345,,,,,,,,,,,,,,,,,,,,,16,,224,224,0,1707203608,0,316,0,16,0,0.15058976411819458,1.0,-14.478311538696289,3.3176891803741455,1.0,0.5541782900691032,3059.96875,67.03369140625,,data/instances/train/real_06.cip
mix_16_0,43,2099,2099,A,,60.0,100,0.2561255693435669,1.8645613193511963,3.6482605934143066,0.17033333333333345,,,,,,,,,,,,,,,,,,,,,15,,224,224,0,1707203608,0,316,0,16,0,0.12041816860437393,1.0,-12.166107177734375,4.455442428588867,1.0,0.5073963329195976,3059.96875,67.03369140625,,data/instances/train/real_06.cip
mix_16_0,43,2100,2100,A,,60.0,100,0.29018014669418335,2.0849125385284424,3.321453809738159,0.17033333333333345,,,,,,,,,,,,,,,,,,,,,15,,224,224,0,1707203608,0,316,0,16,0,0.13581551611423492,1.0,-12.913942337036133,3.444308280944824,1.0,0.5048320554196835,3059.96875,67.03369140625,,data/instances/train/real_06.cip
mix_16_0,43,2101,2101,A,,60.0,100,0.10696083307266235,1.6629219055175781,9.290143966674805,0.16875000000000007,,,,,,,,,,,,,,,,,,,,,16,,224,224,0,1702730452,0,317,0,16,0,0.03507351875305176,1.0,-11.513941764831543,3.065936326980591,1.0,0.53706019744277,3059.96875,67.03369140625,,data/instances/train/real_06.cip
mix_16_0,43,2102,2102,A,,60.0,100,0.04406488686800003,0.8715850114822388,5.524412631988525,0.16875000000000007,,,,,,,,,,,,,,,,,,,,,15,,224,224,0,1702730452,0,317,0,16,0,0.03715604171156883,1.0,-12.571849822998047,5.923239707946777,1.0,0.5974027626216412,3059.96875,67.03369140625,,data/instances/train/real_06.cip
mix_16_0,43,2103,2103,A,,60.0,100,0.0799660012125969,1.2406727075576782,6.718677520751953,0.16875000000000007,,,,,,,,,,,,,,,,,,,,,16,,224,224,0,1702730452,0,317,0,16,0,0.04648503288626671,1.0,-13.910575866699219,3.937415838241577,1.0,0.6337808463722467,3059.96875,67.03369140625,,data/instances/train/real_06.cip
mix_16_0,43,2104,2104,A,,60.0,100,0.10930360853672028,0.6531209945678711,13.055184364318848,0.16875000000000007,,,,,,,,,,,,,,,,,,,,,16,,224,224,0,1702730452,0,317,0,16,0,0.11621375381946564,1.0,-12.861578941345215,3.5099637508392334,1.0,0.6419812459498644,3059.96875,67.03369140625,,data/instances/train/real_06.cip
mix_16_0,43,2105,2105,A,,60.0,100,0.16109678149223328,1.3377110958099365,2.0764594078063965,0.16716666666666669,,,,,,,,,,,,,,,,,,,,,16,,224,224,0,1698501016,0,318,0,16,0,0.1215033307671547,1.0,-13.641581535339355,3.4571306705474854,1.0,0.5516531337052584,3059.96875,67.03369140625,,data/instances/train/real_06.cip
mix_16_0,43,2106,2106,A,,60.0,100,0.1680850237607956,1.428189754486084,8.082575798034668,0.16716666666666669,,,,,,,,,,,,,,,,,,,,,15,,224,224,0,1698501016,0,318,0,16,0,0.07978757470846176,1.0,-13.201700210571289,4.483678340911865,1.0,0.6065776851028204,3059.96875,67.03369140625,,data/instances/train/real_06.cip
mix_16_0,43,2107,2107,A,,60.0,100,0.056795865297317505,0.8156546354293823,7.185795783996582,0.16716666666666669,,,,,,,,,,,,,,,,,,,,,15,,224,224,0,1698501016,0,318,0,16,0,0.07914721220731735,1.0,-13.696998596191406,4.87375020980835,1.0,0.6295798532664776,3059.96875,67.03369140625,,data/instances/train/real_06.cip
mix_16_0,43,2108,2108,A,,60.0,100,0.23611420392990112,1.731676459312439,17.160511016845703,0.16716666666666669,,,,,,,,,,,,,,,,,,,,,15,,224,224,0,1698501016,0,318,0,16,0,0.09603536128997803,1.0,-14.367273330688477,4.467188835144043,1.0,0.6412723176181316,3059.96875,67.03369140625,,data/instances/train/real_06.cip
mix_16_0,43,2109,2109,A,,60.0,100,0.10626646131277084,1.3708034753799438,6.851622581481934,0.16558333333333342,,,,,,,,,,,,,,,,,,,,,16,,224,224,0,1694450296,0,319,0,16,0,0.05561701953411102,1.0,-14.037742614746094,3.532907009124756,1.0,0.5785509441047907,3059.96875,67.03369140625,,data/instances/train/real_06.cip
mix_16_0,43,2110,2110,A,,60.0,100,0.15736642479896545,1.7282110452651978,1.5245469808578491,0.16558333333333342,,,,,,,,,,,,,,,,,,,,,16,,224,224,0,1694450296,0,319,0,16,0,0.09006887674331665,1.0,-13.726252555847168,3.71765398979187,1.0,0.6241649109870195,3059.96875,67.03369140625,,data/instances/train/real_06.cip
mix_16_0,43,2111,2111,A,,60.0,100,0.019525278359651566,0.7153652906417847,2.5333309173583984,0.16558333333333342,,,,,,,,,,,,,,,,,,,,,16,,224,224,0,1694450296,0,319,0,16,0,0.0309640783816576,1.0,-13.500137329101562,3.337158441543579,1.0,0.6449330281466246,3059.96875,67.03369140625,,data/instances/train/real_06.cip
mix_16_0,43,2112,2112,A,,60.0,100,0.18405063450336456,0.8124624490737915,20.053192138671875,0.16558333333333342,,,,,,,,,,,,,,,,,,,,,15,,224,224,0,1694450296,0,319,0,16,0,0.19964511692523956,1.0,-12.190471649169922,5.478209018707275,1.0,0.6337848100811243,3059.96875,67.03369140625,,data/instances/train/real_06.cip
mix_16_0,43,2113,2113,A,,60.0,100,0.09927643090486526,1.447399616241455,9.535463333129883,0.16400000000000003,,,,,,,,,,,,,,,,,,,,,16,,224,224,0,1690424080,0,320,0,16,0,0.03153776004910469,1.0,-13.596193313598633,4.325106620788574,1.0,0.5487593989819288,3059.96875,67.03369140625,,data/instances/train/real_06.cip
mix_16_0,43,2114,2114,A,,60.0,100,0.2008684277534485,2.3249053955078125,4.65371036529541,0.16400000000000003,,,,,,,,,,,,,,,,,,,,,15,,224,224,0,1690424080,0,320,0,16,0,0.07062981277704239,1.0,-12.533401489257812,4.055032253265381,1.0,0.6268130447715521,3059.96875,67.03369140625,,data/instances/train/real_06.cip
mix_16_0,43,2115,2115,A,,60.0,100,0.13469241559505463,1.4987361431121826,5.96079683303833,0.16400000000000003,,,,,,,,,,,,,,,,,,,,,16,,224,224,0,1690424080,0,320,0,16,0,0.08381513506174088,1.0,-13.456570625305176,3.5610718727111816,1.0,0.6424487102776766,3059.96875,67.03369140625,,data/instances/train/real_06.cip
mix_16_0,43,2116,2116,A,,60.0,100,0.3482796251773834,2.5699832439422607,11.082442283630371,0.16400000000000003,,,,,,,,,,,,,,,,,,,,,16,,224,224,0,1690424080,0,320,0,16,0,0.11959165334701538,1.0,-13.977638244628906,2.5181009769439697,1.0,0.6361125521361828,3059.96875,67.03369140625,,data/instances/train/real_06.cip
mix_16_0,43,2117,2117,A,,60.0,100,0.09872792661190033,1.7905120849609375,9.225268363952637,0.16241666666666665,,,,,,,,,,,,,,,,,,,,,16,,224,224,0,1686437152,0,321,0,16,0,0.02063579112291336,1.0,-14.481986999511719,3.2455623149871826,1.0,0.5968257151544094,3059.96875,67.03369140625,,data/instances/train/real_06.cip
mix_16_0,43,2118,2118,A,,60.0,100,0.1827414333820343,1.9020717144012451,7.563323974609375,0.16241666666666665,,,,,,,,,,,,,,,,,,,,,16,,224,224,0,1686437152,0,321,0,16,0,0.08386270701885223,1.0,-14.254241943359375,2.3892855644226074,1.0,0.5829470157623291,3059.96875,67.03369140625,,data/instances/train/real_06.cip
mix_16_0,43,2119,2119,A,,60.0,100,0.11217198520898819,1.220443844795227,2.3926970958709717,0.16241666666666665,,,,,,,,,,,,,,,,,,,,,16,,224,224,0,1686437152,0,321,0,16,0,0.07980246841907501,1.0,-13.54031753540039,3.1605992317199707,1.0,0.6319019384682178,3059.96875,67.03369140625,,data/instances/train/real_06.cip
mix_16_0,43,2120,2120,A,,60.0,100,0.07410719245672226,1.3285409212112427,2.7658607959747314,0.16241666666666665,,,,,,,,,,,,,,,,,,,,,16,,224,224,0,1686437152,0,321,0,16,0,0.043446701020002365,1.0,-14.083799362182617,3.681156635284424,1.0,0.5887169446796179,3059.96875,67.03369140625,,data/instances/train/real_06.cip
mix_16_0,43,2121,2121,A,,60.0,100,0.09121239185333252,1.0416005849838257,10.785512924194336,0.16083333333333338,,,,,,,,,,,,,,,,,,,,,16,,224,224,0,1682657820,0,322,0,16,0,0.05558515712618828,1.0,-12.813372611999512,3.6056840419769287,1.0,0.4251532442867756,3059.96875,67.03369140625,,data/instances/train/real_06.cip
mix_16_0,43,2122,2122,A,,60.0,100,0.01622610166668892,0.9201560616493225,2.3624494075775146,0.16083333333333338,,,,,,,,,,,,,,,,,,,,,16,,224,224,0,1682657820,0,322,0,16,0,0.01572830229997635,1.0,-12.825752258300781,3.520106554031372,1.0,0.5606032367795706,3059.96875,67.03369140625,,data/instances/train/real_06.cip
mix_16_0,43,2123,2123,A,,60.0,100,0.1617882251739502,1.3915643692016602,7.7309980392456055,0.16083333333333338,,,,,,,,,,,,,,,,,,,,,16,,224,224,0,1682657820,0,322,0,16,0,0.12300991266965866,1.0,-11.378239631652832,3.403020143508911,1.0,0.6132431607693434,3059.96875,67.03369140625,,data/instances/train/real_06.cip
mix_16_0,43,2124,2124,A,,60.0,100,0.27946263551712036,1.8891184329986572,8.189995765686035,0.16083333333333338,,,,,,,,,,,,,,,,,,,,,15,,224,224,0,1682657820,0,322,0,16,0,0.14556564390659332,1.0,-13.281465530395508,4.236257553100586,1.0,0.5555767063051462,3059.96875,67.03369140625,,data/instances/train/real_06.cip
mix_16_0,43,2125,2125,A,,60.0,100,0.08799013495445251,1.7840025424957275,1.3197003602981567,0.15925,,,,,,,,,,,,,,,,,,,,,15,,224,224,0,1678803524,0,323,0,16,0,0.04229056090116501,1.0,-13.398835182189941,4.689491271972656,78.0,0.5633155591785908,3059.96875,67.03369140625,,data/instances/train/real_06.cip
mix_16_0,43,2126,2126,A,,60.0,100,0.18095949292182922,1.1514639854431152,12.21816349029541,0.15925,,,,,,,,,,,,,,,,,,,,,16,,224,224,0,1678803524,0,323,0,16,0,0.1340203881263733,1.0,-13.510632514953613,3.6291704177856445,78.0,0.6807397063821554,3059.96875,67.03369140625,,data/instances/train/real_06.cip
mix_16_0,43,2127,2127,A,,60.0,100,0.13489703834056854,1.6355481147766113,1.415693759918213,0.15925,,,,,,,,,,,,,,,,,,,,,15,,224,224,0,1678803524,0,323,0,16,0,0.07702194154262543,1.0,-13.890010833740234,4.224761962890625,78.0,0.6428614724427462,3059.96875,67.03369140625,,data/instances/train/real_06.cip
mix_16_0,43,2128,2128,A,,60.0,100,0.11365178227424622,1.0919103622436523,3.003732442855835,0.15925,,,,,,,,,,,,,,,,,,,,,16,,224,224,0,1678803524,0,323,0,16,0,0.09790631383657455,1.0,-14.391170501708984,3.209535837173462,78.0,0.634346729144454,3059.96875,67.03369140625,,data/instances/train/real_06.cip
mix_16_0,43,2129,2129,A,,60.0,100,0.19122277200222015,3.3695528507232666,0.8218933939933777,0.15766666666666662,,,,,,,,,,,,,,,,,,,,,14,,224,224,0,1658973904,0,326,0,16,0,0.0569973923265934,1.0,-13.41183090209961,3.3720500469207764,1.0,0.6520820930600166,3059.96875,67.03369140625,,data/instances/train/real_06.cip
mix_16_0,43,2130,2130,A,,60.0,100,0.09698936343193054,1.4302310943603516,6.280440807342529,0.15766666666666662,,,,,,,,,,,,,,,,,,,,,14,,224,224,0,1658973904,0,326,0,16,0,0.04440232738852501,1.0,-13.125711441040039,4.367820739746094,1.0,0.6138817891478539,3059.96875,67.03369140625,,data/instances/train/real_06.cip
mix_16_0,43,2131,2131,A,,60.0,100,0.2316122204065323,2.9892444610595703,6.211264133453369,0.15766666666666662,,,,,,,,,,,,,,,,,,,,,14,,224,224,0,1658973904,0,326,0,16,0,0.06567493826150894,1.0,-12.018369674682617,2.9786858558654785,1.0,0.6194466520100832,3059.96875,67.03369140625,,data/instances/train/real_06.cip
mix_16_0,43,2132,2132,A,,60.0,100,0.1847708374261856,1.6082895994186401,6.8973588943481445,0.15766666666666662,,,,,,,,,,,,,,,,,,,,,16,,224,224,0,1658973904,0,326,0,16,0,0.11090761423110962,1.0,-12.486526489257812,2.231600284576416,1.0,0.6386341843754053,3059.96875,67.03369140625,,data/instances/train/real_06.cip
episode,43,2132,2132,A,,60.0,100,0.1847708374261856,1.6082895994186401,6.8973588943481445,0.15608333333333335,-14.056799999999997,-14.0,-0.0568,-14.056799999999997,True,15,54.989525,,,,,,,,inf,0.0,54.989525,9.875488,1.0,10211,16,False,224,224,0,1658973904,0,326,0,16,0,,,,,10.533333333333333,,3059.96875,67.03369140625,optimal,data/instances/train/real_06.cip
mix_16_0,44,2133,2133,A,,60.0,100,0.03925327956676483,1.6492984294891357,4.986363887786865,0.15608333333333335,,,,,,,,,,,,,,,,,,,,,13,,224,224,0,1658973904,0,326,0,16,0,0.01663135178387165,1.0,-10.618636131286621,3.9058215618133545,1.0,0.5241154655814171,3059.96875,67.03369140625,,data/instances/train/real_07.cip
mix_16_0,44,2134,2134,A,,60.0,100,0.1896313726902008,1.7687126398086548,9.472471237182617,0.15608333333333335,,,,,,,,,,,,,,,,,,,,,13,,224,224,0,1658973904,0,326,0,16,0,0.10466555505990982,1.0,-12.762038230895996,3.579672336578369,1.0,0.3994219284504652,3059.96875,67.03369140625,,data/instances/train/real_07.cip
mix_16_0,44,2135,2135,A,,60.0,100,0.17619240283966064,1.759277105331421,3.077010154724121,0.15608333333333335,,,,,,,,,,,,,,,,,,,,,15,,224,224,0,1658973904,0,326,0,16,0,0.04893231391906738,1.0,-13.419219970703125,2.700867176055908,1.0,0.4391971342265606,3059.96875,67.03369140625,,data/instances/train/real_07.cip
mix_16_0,44,2136,2136,A,,60.0,100,0.29680097103118896,3.3863277435302734,4.2307634353637695,0.15608333333333335,,,,,,,,,,,,,,,,,,,,,15,,224,224,0,1658973904,0,326,0,16,0,0.07877667248249054,1.0,-14.487552642822266,3.547396421432495,1.0,0.5683193318545818,3059.96875,67.03369140625,,data/instances/train/real_07.cip
mix_16_0,44,2137,2137,A,,60.0,100,0.3377552926540375,2.3350391387939453,8.924690246582031,0.15450000000000008,,,,,,,,,,,,,,,,,,,,,14,,224,224,0,1658973904,0,326,0,16,0,0.12972727417945862,1.0,-11.769487380981445,3.3050296306610107,1.0,0.5259713903069496,3059.96875,67.03369140625,,data/instances/train/real_07.cip
mix_16_0,44,2138,2138,A,,60.0,100,0.05305313318967819,0.6823147535324097,4.544649600982666,0.15450000000000008,,,,,,,,,,,,,,,,,,,,,16,,224,224,0,1658973904,0,326,0,16,0,0.08922836184501648,1.0,-14.152196884155273,2.2881829738616943,1.0,0.6392102520912886,3059.96875,67.03369140625,,data/instances/train/real_07.cip
mix_16_0,44,2139,2139,A,,60.0,100,0.14535795152187347,1.2515966892242432,8.132164001464844,0.15450000000000008,,,,,,,,,,,,,,,,,,,,,16,,224,224,0,1658973904,0,326,0,16,0,0.09718640148639679,1.0,-13.692124366760254,2.4881534576416016,1.0,0.45846631936728954,3059.96875,67.03369140625,,data/instances/train/real_07.cip
mix_16_0,44,2140,2140,A,,60.0,100,0.17683203518390656,1.4940799474716187,11.98000431060791,0.15450000000000008,,,,,,,,,,,,,,,,,,,,,16,,224,224,0,1658973904,0,326,0,16,0,0.10150223225355148,1.0,-13.082823753356934,3.7494778633117676,1.0,0.544093482196331,3059.96875,67.03369140625,,data/instances/train/real_07.cip
mix_16_0,44,2141,2141,A,,60.0,100,0.2756865620613098,2.4245657920837402,5.725884914398193,0.1529166666666667,,,,,,,,,,,,,,,,,,,,,11,,224,224,0,1657545452,0,327,0,16,0,0.09594981372356415,1.0,-10.819786071777344,5.958313941955566,1.0,0.48176213167607784,3059.96875,67.03369140625,,data/instances/train/real_07.cip
mix_16_0,44,2142,2142,A,,60.0,100,0.1711684614419937,3.080575942993164,3.652362108230591,0.1529166666666667,,,,,,,,,,,,,,,,,,,,,13,,224,224,0,1657545452,0,327,0,16,0,0.05483957752585411,1.0,-13.223409652709961,3.3482203483581543,1.0,0.6220180094242096,3059.96875,67.03369140625,,data/instances/train/real_07.cip
mix_16_0,44,2143,2143,A,,60.0,100,0.24757592380046844,1.4668097496032715,14.533629417419434,0.1529166666666667,,,,,,,,,,,,,,,,,,,,,14,,224,224,0,1657545452,0,327,0,16,0,0.1260836273431778,1.0,-14.357194900512695,4.899094104766846,1.0,0.6545212678611279,3059.96875,67.03369140625,,data/instances/train/real_07.cip
mix_16_0,44,2144,2144,A,,60.0,100,0.19508925080299377,1.948120355606079,9.824336051940918,0.1529166666666667,,,,,,,,,,,,,,,,,,,,,15,,224,224,0,1657545452,0,327,0,16,0,0.09906721860170364,1.0,-13.4130859375,3.056877374649048,1.0,0.6328005567193031,3059.96875,67.03369140625,,data/instances/train/real_07.cip
mix_16_0,44,2145,2145,A,,60.0,100,0.1005263403058052,1.8787784576416016,0.4670621156692505,0.15133333333333343,,,,,,,,,,,,,,,,,,,,,15,,224,224,0,1655633348,0,328,0,16,0,0.04836910590529442,1.0,-13.791292190551758,3.853637933731079,1.0,0.5428104046732187,3059.96875,67.03369140625,,data/instances/train/real_07.cip
mix_16_0,44,2146,2146,A,,60.0,100,0.20180124044418335,2.437422752380371,3.0179381370544434,0.15133333333333343,,,,,,,,,,,,,,,,,,,,,14,,224,224,0,1655633348,0,328,0,16,0,0.0759858787059784,1.0,-12.603254318237305,3.8208913803100586,1.0,0.5949726141989231,3059.96875,67.03369140625,,data/instances/train/real_07.cip
mix_16_0,44,2147,2147,A,,60.0,100,0.18588298559188843,1.84446120262146,10.91405200958252,0.15133333333333343,,,,,,,,,,,,,,,,,,,,,16,,224,224,0,1655633348,0,328,0,16,0,0.07565821707248688,1.0,-13.594093322753906,2.9247963428497314,1.0,0.6480522193014622,3059.96875,67.03369140625,,data/instances/train/real_07.cip
mix_16_0,44,2148,2148,A,,60.0,100,0.19149278104305267,1.663893699645996,9.094900131225586,0.15133333333333343,,,,,,,,,,,,,,,,,,,,,14,,224,224,0,1655633348,0,328,0,16,0,0.09516946971416473,1.0,-12.452932357788086,4.011416912078857,1.0,0.6260451693087816,3059.96875,67.03369140625,,data/instances/train/real_07.cip
mix_16_0,44,2149,2149,A,,60.0,100,0.2744988203048706,2.4751410484313965,2.65726900100708,0.14975000000000005,,,,,,,,,,,,,,,,,,,,,15,,224,224,0,1653791840,0,329,0,16,0,0.10782009363174438,1.0,-13.45672607421875,4.221447944641113,1.0,0.5089197773486376,3059.96875,67.03369140625,,data/instances/train/real_07.cip
mix_16_0,44,2150,2150,A,,60.0,100,0.10478635132312775,1.1095181703567505,3.4991064071655273,0.14975000000000005,,,,,,,,,,,,,,,,,,,,,15,,224,224,0,1653791840,0,329,0,16,0,0.07169655710458755,1.0,-12.08173656463623,3.8165955543518066,1.0,0.6182304229587317,3059.96875,67.03369140625,,data/instances/train/real_07.cip
mix_16_0,44,2151,2151,A,,60.0,100,0.3190450668334961,3.0276498794555664,8.107617378234863,0.14975000000000005,,,,,,,,,,,,,,,,,,,,,15,,224,224,0,1653791840,0,329,0,16,0,0.09972109645605087,1.0,-15.052318572998047,3.7447619438171387,1.0,0.638923229649663,3059.96875,67.03369140625,,data/instances/train/real_07.cip
mix_16_0,44,2152,2152,A,,60.0,100,0.1730051189661026,2.0709757804870605,4.07797908782959,0.14975000000000005,,,,,,,,,,,,,,,,,,,,,15,,224,224,0,1653791840,0,329,0,16,0,0.0721905305981636,1.0,-13.622228622436523,4.67490291595459,1.0,0.6301151551306248,3059.96875,67.03369140625,,data/instances/train/real_07.cip
mix_16_0,44,2153,2153,A,,60.0,100,0.12168613076210022,1.2847368717193604,1.9445464611053467,0.14816666666666678,,,,,,,,,,,,,,,,,,,,,15,,224,224,0,1652213896,0,330,0,16,0,0.07765541225671768,1.0,-13.507862091064453,5.561016082763672,1.0,0.5503513403236866,3059.96875,67.03369140625,,data/instances/train/real_07.cip
mix_16_0,44,2154,2154,A,,60.0,100,0.2716867923736572,2.5414443016052246,7.188483715057373,0.14816666666666678,,,,,,,,,,,,,,,,,,,,,14,,224,224,0,1652213896,0,330,0,16,0,0.10279127955436707,1.0,-13.731971740722656,3.4087789058685303,1.0,0.5817385967820883,3059.96875,67.03369140625,,data/instances/train/real_07.cip
mix_16_0,44,2155,2155,A,,60.0,100,0.027764560654759407,2.0925803184509277,2.117003917694092,0.14816666666666678,,,,,,,,,,,,,,,,,,,,,16,,224,224,0,1652213896,0,330,0,16,0,0.009874952025711536,1.0,-13.646505355834961,2.838305711746216,1.0,0.4152030721306801,3059.96875,67.03369140625,,data/instances/train/real_07.cip
mix_16_0,44,2156,2156,A,,60.0,100,0.14028127491474152,1.7218139171600342,6.200757026672363,0.14816666666666678,,,,,,,,,,,,,,,,,,,,,15,,224,224,0,1652213896,0,330,0,16,0,0.06497416645288467,1.0,-11.63349723815918,4.244024276733398,1.0,0.5773684736341238,3059.96875,67.03369140625,,data/instances/train/real_07.cip
mix_16_0,44,2157,2157,A,,60.0,100,0.24079374969005585,2.0033302307128906,3.366580009460449,0.1465833333333334,,,,,,,,,,,,,,,,,,,,,14,,224,224,0,1650228656,0,331,0,16,0,0.1159668117761612,1.0,-12.545385360717773,4.372832298278809,1.0,0.5426369439810514,3059.96875,67.03369140625,,data/instances/train/real_07.cip
mix_16_0,44,2158,2158,A,,60.0,100,0.19994059205055237,1.5774309635162354,1.4781980514526367,0.1465833333333334,,,,,,,,,,,,,,,,,,,,,14,,224,224,0,1650228656,0,331,0,16,0,0.12215569615364075,1.0,-13.546591758728027,3.548794746398926,1.0,0.6081474125385284,3059.96875,67.03369140625,,data/instances/train/real_07.cip
mix_16_0,44,2159,2159,A,,60.0,100,0.20165011286735535,2.108889579772949,7.998043537139893,0.1465833333333334,,,,,,,,,,,,,,,,,,,,,13,,224,224,0,1650228656,0,331,0,16,0,0.08343540877103806,1.0,-12.026327133178711,4.627622127532959,1.0,0.6263490878045559,3059.96875,67.03369140625,,data/instances/train/real_07.cip
mix_16_0,44,2160,2160,A,,60.0,100,0.1204257383942604,0.8527476787567139,11.195478439331055,0.1465833333333334,,,,,,,,,,,,,,,,,,,,,15,,224,224,0,1650228656,0,331,0,16,0,0.16017229855060577,1.0,-14.282100677490234,4.488748550415039,1.0,0.659857539460063,3059.96875,67.03369140625,,data/instances/train/real_07.cip
mix_16_0,44,2161,2161,A,,60.0,100,0.2021370530128479,2.189316987991333,1.4875366687774658,0.14500000000000002,,,,,,,,,,,,,,,,,,,,,12,,224,224,0,1648205020,0,332,0,16,0,0.08405794948339462,1.0,-11.706575393676758,4.59304141998291,1.0,0.50995790399611,3059.96875,67.03369140625,,data/instances/train/real_07.cip
mix_16_0,44,2162,2162,A,,60.0,100,0.15980449318885803,1.22342050075531,9.885818481445312,0.14500000000000002,,,,,,,,,,,,,,,,,,,,,15,,224,224,0,1648205020,0,332,0,16,0,0.1028536930680275,1.0,-12.252498626708984,4.504085540771484,1.0,0.6345202289521694,3059.96875,67.03369140625,,data/instances/train/real_07.cip
mix_16_0,44,2163,2163,A,,60.0,100,0.120867520570755,1.5175583362579346,4.433741569519043,0.14500000000000002,,,,,,,,,,,,,,,,,,,,,13,,224,224,0,1648205020,0,332,0,16,0,0.06716994196176529,1.0,-12.022525787353516,4.722522735595703,1.0,0.6273129656910896,3059.96875,67.03369140625,,data/instances/train/real_07.cip
mix_16_0,44,2164,2164,A,,60.0,100,0.12407076358795166,1.4506502151489258,7.132911205291748,0.14500000000000002,,,,,,,,,,,,,,,,,,,,,16,,224,224,0,1648205020,0,332,0,16,0,0.07781115174293518,1.0,-13.070521354675293,3.798578977584839,1.0,0.6680897437036037,3059.96875,67.03369140625,,data/instances/train/real_07.cip
mix_16_0,44,2165,2165,A,,60.0,100,0.1633494794368744,1.5653339624404907,1.8161354064941406,0.14341666666666675,,,,,,,,,,,,,,,,,,,,,15,,224,224,0,1645877452,0,333,0,16,0,0.09753335267305374,1.0,-13.302722930908203,4.4605937004089355,1.0,0.5529900416731834,3059.96875,67.03369140625,,data/instances/train/real_07.cip
mix_16_0,44,2166,2166,A,,60.0,100,0.2026950716972351,2.162581443786621,11.773377418518066,0.14341666666666675,,,,,,,,,,,,,,,,,,,,,16,,224,224,0,1645877452,0,333,0,16,0,0.07140633463859558,1.0,-13.57897663116455,2.203890800476074,1.0,0.6171183418482542,3059.96875,67.03369140625,,data/instances/train/real_07.cip
mix_16_0,44,2167,2167,A,,60.0,100,0.10412833094596863,1.1309983730316162,12.156055450439453,0.14341666666666675,,,,,,,,,,,,,,,,,,,,,15,,224,224,0,1645877452,0,333,0,16,0,0.07089836895465851,1.0,-12.876068115234375,3.907170295715332,1.0,0.6298222579061985,3059.96875,67.03369140625,,data/instances/train/real_07.cip
mix_16_0,44,2168,2168,A,,60.0,100,0.07928525656461716,1.5188939571380615,4.722291469573975,0.14341666666666675,,,,,,,,,,,,,,,,,,,,,15,,224,224,0,1645877452,0,333,0,16,0,0.04273759946227074,1.0,-14.278225898742676,4.737466335296631,1.0,0.5251144114881754,3059.96875,67.03369140625,,data/instances/train/real_07.cip
mix_16_0,44,2169,2169,A,,60.0,100,0.2270362228155136,1.8551421165466309,5.878661155700684,0.14183333333333337,,,,,,,,,,,,,,,,,,,,,14,,224,224,0,1643589112,0,334,0,16,0,0.10319755971431732,1.0,-13.629667282104492,4.268868446350098,1.0,0.45438968390226364,3059.96875,67.03369140625,,data/instances/train/real_07.cip
mix_16_0,44,2170,2170,A,,60.0,100,0.4178251624107361,2.6148104667663574,10.73058795928955,0.14183333333333337,,,,,,,,,,,,,,,,,,,,,14,,224,224,0,1643589112,0,334,0,16,0,0.12614017724990845,1.0,-12.20136833190918,3.2235300540924072,1.0,0.5874155554920435,3059.96875,67.03369140625,,data/instances/train/real_07.cip
mix_16_0,44,2171,2171,A,,60.0,100,0.288563072681427,2.8301920890808105,3.768752336502075,0.14183333333333337,,,,,,,,,,,,,,,,,,,,,15,,224,224,0,1643589112,0,334,0,16,0,0.09129751473665237,1.0,-13.873108863830566,4.040276050567627,1.0,0.6197027172893286,3059.96875,67.03369140625,,data/instances/train/real_07.cip
mix_16_0,44,2172,2172,A,,60.0,100,0.28766995668411255,2.5678610801696777,3.86114501953125,0.14183333333333337,,,,,,,,,,,,,,,,,,,,,15,,224,224,0,1643589112,0,334,0,16,0,0.10474195331335068,1.0,-14.75232982635498,4.2564311027526855,1.0,0.6425404977053404,3059.96875,67.03369140625,,data/instances/train/real_07.cip
mix_16_0,44,2173,2173,A,,60.0,100,0.20123212039470673,2.3887107372283936,2.7605581283569336,0.14024999999999999,,,,,,,,,,,,,,,,,,,,,14,,224,224,0,1641184068,0,335,0,16,0,0.07554151117801666,1.0,-13.733851432800293,4.189950942993164,1.0,0.5151690356433392,3059.96875,67.03369140625,,data/instances/train/real_07.cip
mix_16_0,44,2174,2174,A,,60.0,100,0.2512393295764923,2.275688886642456,4.691520690917969,0.14024999999999999,,,,,,,,,,,,,,,,,,,,,15,,224,224,0,1641184068,0,335,0,16,0,0.11382907629013062,1.0,-12.731151580810547,2.9189178943634033,1.0,0.6043036784976721,3059.96875,67.03369140625,,data/instances/train/real_07.cip
mix_16_0,44,2175,2175,A,,60.0,100,0.025779131799936295,0.6520383358001709,1.5596214532852173,0.14024999999999999,,,,,,,,,,,,,,,,,,,,,15,,224,224,0,1641184068,0,335,0,16,0,0.03616645187139511,1.0,-12.481795310974121,2.767733097076416,1.0,0.6216058973222971,3059.96875,67.03369140625,,data/instances/train/real_07.cip
mix_16_0,44,2176,2176,A,,60.0,100,0.19482849538326263,2.662544012069702,4.4196953773498535,0.14024999999999999,,,,,,,,,,,,,,,,,,,,,12,,224,224,0,1641184068,0,335,0,16,0,0.06399266421794891,1.0,-12.851112365722656,5.312717437744141,1.0,0.6011972073465586,3059.96875,67.03369140625,,data/instances/train/real_07.cip
mix_16_0,44,2177,2177,A,,60.0,100,0.13445812463760376,1.939079999923706,1.4662977457046509,0.13866666666666672,,,,,,,,,,,,,,,,,,,,,14,,224,224,0,1638474700,0,336,0,16,0,0.06102469936013222,1.0,-12.858001708984375,3.830225944519043,1.0,0.5382041409611702,3059.96875,67.03369140625,,data/instances/train/real_07.cip
mix_16_0,44,2178,2178,A,,60.0,100,0.17595818638801575,1.936596155166626,1.2949331998825073,0.13866666666666672,,,,,,,,,,,,,,,,,,,,,16,,224,224,0,1638474700,0,336,0,16,0,0.07687411457300186,1.0,-13.096277236938477,2.298156261444092,1.0,0.6297294180840254,3059.96875,67.03369140625,,data/instances/train/real_07.cip
mix_16_0,44,2179,2179,A,,60.0,100,0.257762610912323,2.1605615615844727,1.6382759809494019,0.13866666666666672,,,,,,,,,,,,,,,,,,,,,14,,224,224,0,1638474700,0,336,0,16,0,0.10139895230531693,1.0,-13.19559097290039,4.0584611892700195,1.0,0.6160018518567085,3059.96875,67.03369140625,,data/instances/train/real_07.cip
mix_16_0,44,2180,2180,A,,60.0,100,0.3376581370830536,3.485210418701172,2.340771436691284,0.13866666666666672,,,,,,,,,,,,,,,,,,,,,14,,224,224,0,1638474700,0,336,0,16,0,0.08631333708763123,1.0,-13.013700485229492,3.5901660919189453,1.0,0.632689468562603,3059.96875,67.03369140625,,data/instances/train/real_07.cip
mix_16_0,44,2181,2181,A,,60.0,100,0.19267785549163818,1.453442931175232,11.869823455810547,0.13708333333333333,,,,,,,,,,,,,,,,,,,,,15,,224,224,0,1635377448,0,337,0,16,0,0.08475252240896225,1.0,-11.642160415649414,4.273183345794678,1.0,0.547048557549715,3059.96875,67.03369140625,,data/instances/train/real_07.cip
mix_16_0,44,2182,2182,A,,60.0,100,0.15618619322776794,1.6206612586975098,3.516223907470703,0.13708333333333333,,,,,,,,,,,,,,,,,,,,,16,,224,224,0,1635377448,0,337,0,16,0,0.0762077197432518,1.0,-12.73036003112793,3.0123345851898193,1.0,0.6209444552659988,3059.96875,67.03369140625,,data/instances/train/real_07.cip
mix_16_0,44,2183,2183,A,,60.0,100,0.16255435347557068,1.7011945247650146,2.118699073791504,0.13708333333333333,,,,,,,,,,,,,,,,,,,,,15,,224,224,0,1635377448,0,337,0,16,0,0.09165162593126297,1.0,-13.987722396850586,4.194695949554443,1.0,0.6318901292979717,3059.96875,67.03369140625,,data/instances/train/real_07.cip
mix_16_0,44,2184,2184,A,,60.0,100,0.15237557888031006,2.6766357421875,2.100829839706421,0.13708333333333333,,,,,,,,,,,,,,,,,,,,,15,,224,224,0,1635377448,0,337,0,16,0,0.0463336817920208,1.0,-12.518661499023438,3.9612364768981934,1.0,0.6386703755706549,3059.96875,67.03369140625,,data/instances/train/real_07.cip
episode,44,2184,2184,A,,60.0,100,0.15237557888031006,2.6766357421875,2.100829839706421,0.13550000000000006,-13.017500000000002,-13.0,-0.0175,-13.017500000000002,True,14,61.938662,,,,,,,,inf,1e+20,120.0,inf,0.0,11765,15,True,224,224,0,1629201096,0,339,0,16,0,,,,,1.0,,3059.96875,67.03369140625,timelimit,data/instances/train/real_07.cip
mix_16_0,45,2185,2185,A,,60.0,100,0.12611301243305206,1.7850289344787598,5.578907489776611,0.13550000000000006,,,,,,,,,,,,,,,,,,,,,14,,224,224,0,1629201096,0,339,0,16,0,0.06715325266122818,1.0,-11.766860961914062,2.578843355178833,1.0,0.3318243958055973,3059.96875,67.03369140625,,data/instances/transfer/real_01.cip
mix_16_0,45,2186,2186,A,,60.0,100,0.08059525489807129,1.7798091173171997,4.410900115966797,0.13550000000000006,,,,,,,,,,,,,,,,,,,,,15,,224,224,0,1629201096,0,339,0,16,0,0.03403748944401741,1.0,-14.323881149291992,3.0308923721313477,1.0,0.3030337505042553,3059.96875,67.03369140625,,data/instances/transfer/real_01.cip
mix_16_0,45,2187,2187,A,,60.0,100,0.2626621127128601,2.069282054901123,12.278358459472656,0.13550000000000006,,,,,,,,,,,,,,,,,,,,,13,,224,224,0,1629201096,0,339,0,16,0,0.10858003795146942,1.0,-11.74359130859375,4.9105377197265625,1.0,0.29816229082643986,3059.96875,67.03369140625,,data/instances/transfer/real_01.cip
mix_16_0,45,2188,2188,A,,60.0,100,0.12667924165725708,1.677505612373352,2.7826147079467773,0.13550000000000006,,,,,,,,,,,,,,,,,,,,,15,,224,224,0,1629201096,0,339,0,16,0,0.06644051522016525,1.0,-12.91490364074707,4.913740158081055,1.0,0.4949937183409929,3059.96875,67.03369140625,,data/instances/transfer/real_01.cip
mix_16_0,45,2189,2189,A,,60.0,100,0.22297272086143494,1.9410035610198975,7.150444984436035,0.1339166666666668,,,,,,,,,,,,,,,,,,,,,16,,224,224,0,1629201096,0,339,0,16,0,0.09295488148927689,1.0,-14.737915992736816,2.712948799133301,1.0,0.554828530177474,3059.96875,67.03369140625,,data/instances/transfer/real_01.cip
mix_16_0,45,2190,2190,A,,60.0,100,0.35228124260902405,3.1211180686950684,3.742096424102783,0.1339166666666668,,,,,,,,,,,,,,,,,,,,,15,,224,224,0,1629201096,0,339,0,16,0,0.09966213256120682,1.0,-13.60344409942627,3.336519718170166,1.0,0.4606855046004057,3059.96875,67.03369140625,,data/instances/transfer/real_01.cip
mix_16_0,45,2191,2191,A,,60.0,100,0.16274233162403107,2.9119763374328613,3.1611807346343994,0.1339166666666668,,,,,,,,,,,,,,,,,,,,,16,,224,224,0,1629201096,0,339,0,16,0,0.0502970851957798,1.0,-14.09292984008789,3.3398020267486572,1.0,0.39601461589336395,3059.96875,67.03369140625,,data/instances/transfer/real_01.cip
mix_16_0,45,2192,2192,A,,60.0,100,0.08155445754528046,1.7759321928024292,2.879312753677368,0.1339166666666668,,,,,,,,,,,,,,,,,,,,,15,,224,224,0,1629201096,0,339,0,16,0,0.03950674459338188,1.0,-13.175518989562988,3.55553936958313,1.0,0.41441144049167633,3059.96875,67.03369140625,,data/instances/transfer/real_01.cip
mix_16_0,45,2193,2193,A,,60.0,100,0.21348229050636292,3.542971134185791,3.0411109924316406,0.1323333333333334,,,,,,,,,,,,,,,,,,,,,12,,224,224,0,1628419660,0,340,0,16,0,0.0538080669939518,1.0,-11.773153305053711,4.284370422363281,280.0,0.5071983188390732,3059.96875,67.03369140625,,data/instances/transfer/real_01.cip
mix_16_0,45,2194,2194,A,,60.0,100,0.1923534870147705,2.390291929244995,7.559370994567871,0.1323333333333334,,,,,,,,,,,,,,,,,,,,,13,,224,224,0,1628419660,0,340,0,16,0,0.07361943274736404,1.0,-10.775064468383789,4.689513206481934,280.0,0.6140212919563055,3059.96875,67.03369140625,,data/instances/transfer/real_01.cip
mix_16_0,45,2195,2195,A,,60.0,100,0.15042026340961456,1.9597523212432861,1.1927344799041748,0.1323333333333334,,,,,,,,,,,,,,,,,,,,,13,,224,224,0,1628419660,0,340,0,16,0,0.06892653554677963,1.0,-14.10722541809082,4.368002891540527,280.0,0.6135576516389847,3059.96875,67.03369140625,,data/instances/transfer/real_01.cip
mix_16_0,45,2196,2196,A,,60.0,100,0.0900508463382721,1.0141268968582153,6.057219505310059,0.1323333333333334,,,,,,,,,,,,,,,,,,,,,16,,224,224,0,1628419660,0,340,0,16,0,0.07714124023914337,1.0,-14.377176284790039,4.130514144897461,280.0,0.6247034519910812,3059.96875,67.03369140625,,data/instances/transfer/real_01.cip
mix_16_0,45,2197,2197,A,,60.0,100,0.08368341624736786,0.6127467751502991,3.696080207824707,0.13075000000000003,,,,,,,,,,,,,,,,,,,,,16,,224,224,0,1628691220,0,341,0,16,0,0.1632971465587616,1.0,-14.533388137817383,3.868845224380493,451.0,0.5173272546380758,3059.96875,67.03369140625,,data/instances/transfer/real_01.cip
mix_16_0,45,2198,2198,A,,60.0,100,0.220356747508049,2.5700197219848633,2.0115227699279785,0.13075000000000003,,,,,,,,,,,,,,,,,,,,,14,,224,224,0,1628691220,0,341,0,16,0,0.07701394706964493,1.0,-11.855615615844727,5.707149982452393,451.0,0.40836767107248306,3059.96875,67.03369140625,,data/instances/transfer/real_01.cip
mix_16_0,45,2199,2199,A,,60.0,100,0.07018569111824036,2.4265220165252686,1.3668959140777588,0.13075000000000003,,,,,,,,,,,,,,,,,,,,,14,,224,224,0,1628691220,0,341,0,16,0,0.026591744273900986,1.0,-14.4434814453125,4.657105445861816,451.0,0.5636626780033112,3059.96875,67.03369140625,,data/instances/transfer/real_01.cip
mix_16_0,45,2200,2200,A,,60.0,100,0.19356787204742432,2.8532917499542236,2.132610559463501,0.13075000000000003,,,,,,,,,,,,,,,,,,,,,14,,224,224,0,1628691220,0,341,0,16,0,0.06240752711892128,1.0,-12.242289543151855,4.816914081573486,451.0,0.46289137564599514,3059.96875,67.03369140625,,data/instances/transfer/real_01.cip
mix_16_0,45,2201,2201,A,,60.0,100,0.26935380697250366,3.0105063915252686,1.5480283498764038,0.12916666666666676,,,,,,,,,,,,,,,,,,,,,14,,224,224,0,1629198540,0,342,0,16,0,0.07762335240840912,1.0,-13.527372360229492,3.808204174041748,1.0,0.5510574020445347,3059.96875,67.03369140625,,data/instances/transfer/real_01.cip
mix_16_0,45,2202,2202,A,,60.0,100,0.21477451920509338,1.9837899208068848,1.289817452430725,0.12916666666666676,,,,,,,,,,,,,,,,,,,,,14,,224,224,0,1629198540,0,342,0,16,0,0.09703801572322845,1.0,-13.124074935913086,4.306820869445801,1.0,0.6352467220276594,3059.96875,67.03369140625,,data/instances/transfer/real_01.cip
mix_16_0,45,2203,2203,A,,60.0,100,0.15669864416122437,1.9014661312103271,1.9626142978668213,0.12916666666666676,,,,,,,,,,,,,,,,,,,,,15,,224,224,0,1629198540,0,342,0,16,0,0.07236138731241226,1.0,-15.32088851928711,3.6227729320526123,1.0,0.6357619259506464,3059.96875,67.03369140625,,data/instances/transfer/real_01.cip
mix_16_0,45,2204,2204,A,,60.0,100,0.021628161892294884,1.3067662715911865,2.483128070831299,0.12916666666666676,,,,,,,,,,,,,,,,,,,,,15,,224,224,0,1629198540,0,342,0,16,0,0.011293544434010983,1.0,-12.663887023925781,3.5021989345550537,1.0,0.6613936051726341,3059.96875,67.03369140625,,data/instances/transfer/real_01.cip
mix_16_0,45,2205,2205,A,,60.0,100,0.10440608859062195,2.210747241973877,6.105869770050049,0.12758333333333338,,,,,,,,,,,,,,,,,,,,,14,,224,224,0,1629671820,0,343,0,16,0,0.042333751916885376,1.0,-12.890192985534668,4.00701379776001,1.0,0.4857491012662649,3059.96875,67.03369140625,,data/instances/transfer/real_01.cip
mix_16_0,45,2206,2206,A,,60.0,100,0.13469946384429932,2.0170693397521973,0.9410348534584045,0.12758333333333338,,,,,,,,,,,,,,,,,,,,,15,,224,224,0,1629671820,0,343,0,16,0,0.06478513032197952,1.0,-14.059736251831055,3.199259042739868,1.0,0.6164001245051622,3059.96875,67.03369140625,,data/instances/transfer/real_01.cip
mix_16_0,45,2207,2207,A,,60.0,100,0.11572276055812836,2.4083311557769775,0.8991479873657227,0.12758333333333338,,,,,,,,,,,,,,,,,,,,,13,,224,224,0,1629671820,0,343,0,16,0,0.04409573972225189,1.0,-12.66501522064209,4.178459167480469,1.0,0.6280683875083923,3059.96875,67.03369140625,,data/instances/transfer/real_01.cip
mix_16_0,45,2208,2208,A,,60.0,100,0.512742280960083,3.3141427040100098,12.65182113647461,0.12758333333333338,,,,,,,,,,,,,,,,,,,,,14,,224,224,0,1629671820,0,343,0,16,0,0.1435389369726181,1.0,-12.901260375976562,4.070485591888428,1.0,0.6550509557127953,3059.96875,67.03369140625,,data/instances/transfer/real_01.cip
mix_16_0,45,2209,2209,A,,60.0,100,0.11216166615486145,1.7155801057815552,2.545342206954956,0.126,,,,,,,,,,,,,,,,,,,,,14,,224,224,0,1630161416,0,344,0,16,0,0.05819987878203392,1.0,-12.60456371307373,2.644486665725708,1.0,0.5662712994962931,3059.96875,67.03369140625,,data/instances/transfer/real_01.cip
mix_16_0,45,2210,2210,A,,60.0,100,0.1762799322605133,1.8625218868255615,4.2145609855651855,0.126,,,,,,,,,,,,,,,,,,,,,14,,224,224,0,1630161416,0,344,0,16,0,0.0808364674448967,1.0,-13.24411392211914,4.023900032043457,1.0,0.6537953577935696,3059.96875,67.03369140625,,data/instances/transfer/real_01.cip
mix_16_0,45,2211,2211,A,,60.0,100,0.07942639291286469,0.8417261242866516,7.810057163238525,0.126,,,,,,,,,,,,,,,,,,,,,16,,224,224,0,1630161416,0,344,0,16,0,0.0844041034579277,1.0,-13.91683578491211,3.0156795978546143,1.0,0.6438592243939638,3059.96875,67.03369140625,,data/instances/transfer/real_01.cip
mix_16_0,45,2212,2212,A,,60.0,100,0.6777060031890869,3.7044858932495117,6.665622234344482,0.126,,,,,,,,,,,,,,,,,,,,,13,,224,224,0,1630161416,0,344,0,16,0,0.16553576290607452,1.0,-11.729808807373047,3.7044453620910645,1.0,0.5946873296052217,3059.96875,67.03369140625,,data/instances/transfer/real_01.cip
mix_16_0,45,2213,2213,A,,60.0,100,0.15058906376361847,1.757763385772705,1.665830135345459,0.12441666666666673,,,,,,,,,,,,,,,,,,,,,15,,224,224,0,1630651568,0,345,0,16,0,0.07148970663547516,1.0,-13.88260555267334,3.501157283782959,1.0,0.49785070307552814,3059.96875,67.03369140625,,data/instances/transfer/real_01.cip
mix_16_0,45,2214,2214,A,,60.0,100,0.36660242080688477,3.438058853149414,1.2909234762191772,0.12441666666666673,,,,,,,,,,,,,,,,,,,,,14,,224,224,0,1630651568,0,345,0,16,0,0.10122133791446686,1.0,-13.458102226257324,3.848712682723999,1.0,0.5935456342995167,3059.96875,67.03369140625,,data/instances/transfer/real_01.cip
mix_16_0,45,2215,2215,A,,60.0,100,0.08208461105823517,1.7822202444076538,0.6285691857337952,0.12441666666666673,,,,,,,,,,,,,,,,,,,,,14,,224,224,0,1630651568,0,345,0,16,0,0.0472969152033329,1.0,-14.24267292022705,4.563663482666016,1.0,0.6110706403851509,3059.96875,67.03369140625,,data/instances/transfer/real_01.cip
mix_16_0,45,2216,2216,A,,60.0,100,0.07238146662712097,0.7438594102859497,5.219809055328369,0.12441666666666673,,,,,,,,,,,,,,,,,,,,,15,,224,224,0,1630651568,0,345,0,16,0,0.08260616660118103,1.0,-13.894735336303711,3.7950403690338135,1.0,0.6035475339740515,3059.96875,67.03369140625,,data/instances/transfer/real_01.cip
mix_16_0,45,2217,2217,A,,60.0,100,0.10935307294130325,1.0472077131271362,4.7180304527282715,0.12283333333333335,,,,,,,,,,,,,,,,,,,,,13,,224,224,0,1631169116,0,346,0,16,0,0.09826502948999405,1.0,-12.041923522949219,5.598323345184326,1.0,0.5249489918351173,3059.96875,67.03369140625,,data/instances/transfer/real_01.cip
mix_16_0,45,2218,2218,A,,60.0,100,0.02840404585003853,0.3535877466201782,6.3389363288879395,0.12283333333333335,,,,,,,,,,,,,,,,,,,,,16,,224,224,0,1631169116,0,346,0,16,0,0.09522148966789246,1.0,-15.78293228149414,3.913731813430786,1.0,0.6501066256314516,3059.96875,67.03369140625,,data/instances/transfer/real_01.cip
mix_16_0,45,2219,2219,A,,60.0,100,0.25768524408340454,2.4641518592834473,11.851247787475586,0.12283333333333335,,,,,,,,,,,,,,,,,,,,,16,,224,224,0,1631169116,0,346,0,16,0,0.07471249252557755,1.0,-12.600845336914062,4.06403112411499,1.0,0.6332126911729574,3059.96875,67.03369140625,,data/instances/transfer/real_01.cip
mix_16_0,45,2220,2220,A,,60.0,100,0.4071895182132721,2.9922380447387695,2.9442102909088135,0.12283333333333335,,,,,,,,,,,,,,,,,,,,,14,,224,224,0,1631169116,0,346,0,16,0,0.12628424167633057,1.0,-13.184673309326172,4.471855163574219,1.0,0.621199881657958,3059.96875,67.03369140625,,data/instances/transfer/real_01.cip
mix_16_0,45,2221,2221,A,,60.0,100,0.287334680557251,2.708106756210327,3.8994500637054443,0.12124999999999997,,,,,,,,,,,,,,,,,,,,,12,,224,224,0,1632153548,0,347,0,16,0,0.08696738630533218,1.0,-12.578970909118652,4.7438836097717285,1.0,0.542687552049756,3059.96875,67.03369140625,,data/instances/transfer/real_01.cip
mix_16_0,45,2222,2222,A,,60.0,100,0.04500307887792587,1.3503445386886597,2.2110700607299805,0.12124999999999997,,,,,,,,,,,,,,,,,,,,,15,,224,224,0,1632153548,0,347,0,16,0,0.026116063818335533,1.0,-12.788410186767578,5.0518999099731445,1.0,0.6057428997009993,3059.96875,67.03369140625,,data/instances/transfer/real_01.cip
mix_16_0,45,2223,2223,A,,60.0,100,0.2602355182170868,2.391521453857422,5.80000114440918,0.12124999999999997,,,,,,,,,,,,,,,,,,,,,13,,224,224,0,1632153548,0,347,0,16,0,0.0924832746386528,1.0,-12.6231689453125,3.9422922134399414,1.0,0.6168974544852972,3059.96875,67.03369140625,,data/instances/transfer/real_01.cip
mix_16_0,45,2224,2224,A,,60.0,100,0.18438634276390076,3.0334320068359375,2.080249547958374,0.12124999999999997,,,,,,,,,,,,,,,,,,,,,13,,224,224,0,1632153548,0,347,0,16,0,0.053535375744104385,1.0,-12.652642250061035,4.314874649047852,1.0,0.6286492682993412,3059.96875,67.03369140625,,data/instances/transfer/real_01.cip
mix_16_0,45,2225,2225,A,,60.0,100,0.11198000609874725,1.4869768619537354,1.9546520709991455,0.1196666666666667,,,,,,,,,,,,,,,,,,,,,13,,224,224,0,1633243048,0,348,0,16,0,0.06255069375038147,1.0,-11.742025375366211,4.059596538543701,1.0,0.5231623463332653,3059.96875,67.03369140625,,data/instances/transfer/real_01.cip
mix_16_0,45,2226,2226,A,,60.0,100,0.15752924978733063,2.7737908363342285,2.4308793544769287,0.1196666666666667,,,,,,,,,,,,,,,,,,,,,16,,224,224,0,1633243048,0,348,0,16,0,0.05518965795636177,1.0,-14.824441909790039,3.181685447692871,1.0,0.6198803391307592,3059.96875,67.03369140625,,data/instances/transfer/real_01.cip
mix_16_0,45,2227,2227,A,,60.0,100,0.06104382127523422,1.9366741180419922,1.6428500413894653,0.1196666666666667,,,,,,,,,,,,,,,,,,,,,16,,224,224,0,1633243048,0,348,0,16,0,0.026693379506468773,1.0,-14.422035217285156,3.027061700820923,1.0,0.6334880106151104,3059.96875,67.03369140625,,data/instances/transfer/real_01.cip
mix_16_0,45,2228,2228,A,,60.0,100,0.04433067888021469,1.5208849906921387,1.084396481513977,0.1196666666666667,,,,,,,,,,,,,,,,,,,,,16,,224,224,0,1633243048,0,348,0,16,0,0.023598596453666687,1.0,-14.299691200256348,2.472280740737915,1.0,0.6471658330410719,3059.96875,67.03369140625,,data/instances/transfer/real_01.cip
mix_16_0,45,2229,2229,A,,60.0,100,0.29199519753456116,2.7502927780151367,4.301507949829102,0.11808333333333332,,,,,,,,,,,,,,,,,,,,,12,,224,224,0,1634533868,0,349,0,16,0,0.09802711009979248,1.0,-11.565526008605957,4.654901504516602,1.0,0.5177475716918707,3059.96875,67.03369140625,,data/instances/transfer/real_01.cip
mix_16_0,45,2230,2230,A,,60.0,100,0.09311728924512863,1.221963882446289,6.941091060638428,0.11808333333333332,,,,,,,,,,,,,,,,,,,,,16,,224,224,0,1634533868,0,349,0,16,0,0.04797655716538429,1.0,-12.372864723205566,4.414339065551758,1.0,0.6226588450372219,3059.96875,67.03369140625,,data/instances/transfer/real_01.cip
mix_16_0,45,2231,2231,A,,60.0,100,0.20299763977527618,2.4435606002807617,3.2791013717651367,0.11808333333333332,,,,,,,,,,,,,,,,,,,,,15,,224,224,0,1634533868,0,349,0,16,0,0.07914356142282486,1.0,-14.000709533691406,3.9374310970306396,1.0,0.603851156309247,3059.96875,67.03369140625,,data/instances/transfer/real_01.cip
mix_16_0,45,2232,2232,A,,60.0,100,0.05603167787194252,1.6202819347381592,2.74499249458313,0.11808333333333332,,,,,,,,,,,,,,,,,,,,,16,,224,224,0,1634533868,0,349,0,16,0,0.030115840956568718,1.0,-12.994932174682617,2.745816230773926,1.0,0.6323699802160263,3059.96875,67.03369140625,,data/instances/transfer/real_01.cip
mix_16_0,45,2233,2233,A,,60.0,100,0.3083683252334595,1.8967573642730713,4.7846221923828125,0.11650000000000005,,,,,,,,,,,,,,,,,,,,,15,,224,224,0,1636300144,0,350,0,16,0,0.14363563060760498,1.0,-12.85365104675293,3.6608786582946777,1.0,0.548039635643363,3059.96875,67.03369140625,,data/instances/transfer/real_01.cip
mix_16_0,45,2234,2234,A,,60.0,100,0.1208566278219223,1.1686909198760986,2.046800374984741,0.11650000000000005,,,,,,,,,,,,,,,,,,,,,16,,224,224,0,1636300144,0,350,0,16,0,0.09130416810512543,1.0,-13.834308624267578,3.541830539703369,1.0,0.6163463182747364,3059.96875,67.03369140625,,data/instances/transfer/real_01.cip
mix_16_0,45,2235,2235,A,,60.0,100,0.1520473062992096,1.636329174041748,1.271769642829895,0.11650000000000005,,,,,,,,,,,,,,,,,,,,,15,,224,224,0,1636300144,0,350,0,16,0,0.08110793679952621,1.0,-14.55989933013916,3.8536429405212402,1.0,0.6294408682733774,3059.96875,67.03369140625,,data/instances/transfer/real_01.cip
mix_16_0,45,2236,2236,A,,60.0,100,0.09700088202953339,1.3761649131774902,3.2337286472320557,0.11650000000000005,,,,,,,,,,,,,,,,,,,,,14,,224,224,0,1636300144,0,350,0,16,0,0.06654329597949982,1.0,-13.888338088989258,5.216351509094238,1.0,0.5676895044744015,3059.96875,67.03369140625,,data/instances/transfer/real_01.cip
episode,45,2236,2236,A,,60.0,100,0.09700088202953339,1.3761649131774902,3.2337286472320557,0.11491666666666678,-13.062999999999999,-13.0,-0.063,-13.062999999999999,True,14,61.343021,,,,,,,,inf,1e+20,120.0,inf,0.0,18786,14,True,224,224,0,1640221520,0,352,0,16,0,,,,,57.07692307692308,,3059.96875,67.03369140625,timelimit,data/instances/transfer/real_01.cip
mix_16_0,46,2237,2237,A,,60.0,100,0.20555880665779114,1.6255371570587158,3.4541640281677246,0.11491666666666678,,,,,,,,,,,,,,,,,,,,,15,,224,224,0,1640221520,0,352,0,16,0,0.09925439953804016,1.0,-12.404642105102539,4.277653217315674,1.0,0.5785390734672546,3098.0,67.03369140625,,data/instances/transfer/real_03.cip
mix_16_0,46,2238,2238,A,,60.0,100,0.12234707176685333,1.9134418964385986,4.286572456359863,0.11491666666666678,,,,,,,,,,,,,,,,,,,,,15,,224,224,0,1640221520,0,352,0,16,0,0.0533435232937336,1.0,-14.123948097229004,3.4123497009277344,1.0,0.6032290626317263,3098.0,67.03369140625,,data/instances/transfer/real_03.cip
mix_16_0,46,2239,2239,A,,60.0,100,0.19704313576221466,2.425914764404297,7.304701805114746,0.11491666666666678,,,,,,,,,,,,,,,,,,,,,15,,224,224,0,1640221520,0,352,0,16,0,0.061944201588630676,1.0,-12.544004440307617,3.7075819969177246,1.0,0.6414976920932531,3098.0,67.03369140625,,data/instances/transfer/real_03.cip
mix_16_0,46,2240,2240,A,,60.0,100,0.22195477783679962,1.8987386226654053,1.8137286901474,0.11491666666666678,,,,,,,,,,,,,,,,,,,,,15,,224,224,0,1640221520,0,352,0,16,0,0.09771596640348434,1.0,-12.950679779052734,3.5823495388031006,1.0,0.6404451876878738,3098.0,67.03369140625,,data/instances/transfer/real_03.cip
mix_16_0,46,2241,2241,A,,60.0,100,0.18420268595218658,1.7624549865722656,3.829716920852661,0.1133333333333334,,,,,,,,,,,,,,,,,,,,,15,,224,224,0,1640221520,0,352,0,16,0,0.09081676602363586,1.0,-14.955453872680664,3.6353402137756348,1.0,0.5476689655333757,3098.0,67.03369140625,,data/instances/transfer/real_03.cip
mix_16_0,46,2242,2242,A,,60.0,100,0.33246558904647827,2.873394727706909,5.608296871185303,0.1133333333333334,,,,,,,,,,,,,,,,,,,,,15,,224,224,0,1640221520,0,352,0,16,0,0.10307816416025162,1.0,-14.616786003112793,3.392226219177246,1.0,0.6098924931138754,3098.0,67.03369140625,,data/instances/transfer/real_03.cip
mix_16_0,46,2243,2243,A,,60.0,100,0.14192217588424683,1.2910330295562744,8.975138664245605,0.1133333333333334,,,,,,,,,,,,,,,,,,,,,15,,224,224,0,1640221520,0,352,0,16,0,0.08907624334096909,1.0,-12.6652193069458,3.970938205718994,1.0,0.6424189507961273,3098.0,67.03369140625,,data/instances/transfer/real_03.cip
mix_16_0,46,2244,2244,A,,60.0,100,0.040913864970207214,2.491995334625244,0.928017258644104,0.1133333333333334,,,,,,,,,,,,,,,,,,,,,14,,224,224,0,1640221520,0,352,0,16,0,0.014098691754043102,1.0,-12.826671600341797,3.8423142433166504,1.0,0.6215898487716913,3098.0,67.03369140625,,data/instances/transfer/real_03.cip
mix_16_0,46,2245,2245,A,,60.0,100,0.15856659412384033,1.412048578262329,10.04969310760498,0.11175000000000002,,,,,,,,,,,,,,,,,,,,,14,,224,224,0,1642595076,0,353,0,16,0,0.08253820240497589,1.0,-11.96766471862793,3.81052565574646,1.0,0.5572390388697386,3098.0,67.03369140625,,data/instances/transfer/real_03.cip
mix_16_0,46,2246,2246,A,,60.0,100,0.17803539335727692,3.121525526046753,2.2464542388916016,0.11175000000000002,,,,,,,,,,,,,,,,,,,,,14,,224,224,0,1642595076,0,353,0,16,0,0.048742640763521194,1.0,-12.937580108642578,3.8979201316833496,1.0,0.5742787886410952,3098.0,67.03369140625,,data/instances/transfer/real_03.cip
mix_16_0,46,2247,2247,A,,60.0,100,0.37161657214164734,2.9371633529663086,1.5551422834396362,0.11175000000000002,,,,,,,,,,,,,,,,,,,,,13,,224,224,0,1642595076,0,353,0,16,0,0.11513561755418777,1.0,-12.600156784057617,5.093482494354248,1.0,0.6198195796459913,3098.0,67.03369140625,,data/instances/transfer/real_03.cip
mix_16_0,46,2248,2248,A,,60.0,100,0.12364888936281204,1.9286258220672607,3.770631790161133,0.11175000000000002,,,,,,,,,,,,,,,,,,,,,13,,224,224,0,1642595076,0,353,0,16,0,0.058028969913721085,1.0,-10.221414566040039,4.108059406280518,1.0,0.6093690078705549,3098.0,67.03369140625,,data/instances/transfer/real_03.cip
mix_16_0,46,2249,2249,A,,60.0,100,0.1727716624736786,2.493143081665039,2.4392614364624023,0.11016666666666675,,,,,,,,,,,,,,,,,,,,,15,,224,224,0,1645046344,0,354,0,16,0,0.06350234895944595,1.0,-14.977266311645508,3.5396270751953125,1.0,0.5485785081982613,3098.0,67.03369140625,,data/instances/transfer/real_03.cip
mix_16_0,46,2250,2250,A,,60.0,100,0.24329373240470886,2.5119941234588623,2.284285068511963,0.11016666666666675,,,,,,,,,,,,,,,,,,,,,12,,224,224,0,1645046344,0,354,0,16,0,0.08640493452548981,1.0,-12.71921443939209,4.584352016448975,1.0,0.5695928931236267,3098.0,67.03369140625,,data/instances/transfer/real_03.cip
mix_16_0,46,2251,2251,A,,60.0,100,0.08403755724430084,1.3112614154815674,7.473977088928223,0.11016666666666675,,,,,,,,,,,,,,,,,,,,,15,,224,224,0,1645046344,0,354,0,16,0,0.044446349143981934,1.0,-14.370282173156738,3.2939043045043945,1.0,0.6031422559171915,3098.0,67.03369140625,,data/instances/transfer/real_03.cip
mix_16_0,46,2252,2252,A,,60.0,100,0.31064319610595703,3.262491226196289,3.7213335037231445,0.11016666666666675,,,,,,,,,,,,,,,,,,,,,13,,224,224,0,1645046344,0,354,0,16,0,0.08888509124517441,1.0,-12.467447280883789,3.5849568843841553,1.0,0.6077677588909864,3098.0,67.03369140625,,data/instances/transfer/real_03.cip
mix_16_0,46,2253,2253,A,,60.0,100,0.2890404462814331,1.7964630126953125,9.105149269104004,0.10858333333333337,,,,,,,,,,,,,,,,,,,,,12,,224,224,0,1647464516,0,355,0,16,0,0.16252931952476501,1.0,-13.507165908813477,4.000662326812744,1.0,0.5223323684185743,3098.0,67.03369140625,,data/instances/transfer/real_03.cip
mix_16_0,46,2254,2254,A,,60.0,100,0.20101690292358398,2.0702614784240723,4.640219688415527,0.10858333333333337,,,,,,,,,,,,,,,,,,,,,15,,224,224,0,1647464516,0,355,0,16,0,0.0764298215508461,1.0,-13.000167846679688,3.814288377761841,1.0,0.5144656952470541,3098.0,67.03369140625,,data/instances/transfer/real_03.cip
mix_16_0,46,2255,2255,A,,60.0,100,0.1625780314207077,1.6368454694747925,11.915096282958984,0.10858333333333337,,,,,,,,,,,,,,,,,,,,,15,,224,224,0,1647464516,0,355,0,16,0,0.07054322212934494,1.0,-13.301668167114258,3.9856622219085693,1.0,0.4258448928594589,3098.0,67.03369140625,,data/instances/transfer/real_03.cip
mix_16_0,46,2256,2256,A,,60.0,100,0.12077683210372925,1.4262393712997437,5.333715438842773,0.10858333333333337,,,,,,,,,,,,,,,,,,,,,15,,224,224,0,1647464516,0,355,0,16,0,0.0787442997097969,1.0,-13.383577346801758,3.4712955951690674,1.0,0.5830335393548012,3098.0,67.03369140625,,data/instances/transfer/real_03.cip
mix_16_0,46,2257,2257,A,,60.0,100,0.05927317216992378,1.807368516921997,1.5692981481552124,0.1070000000000001,,,,,,,,,,,,,,,,,,,,,16,,224,224,0,1649946868,0,356,0,16,0,0.028594601899385452,1.0,-14.118934631347656,3.33215594291687,1.0,0.5426130294799805,3098.0,67.03369140625,,data/instances/transfer/real_03.cip
mix_16_0,46,2258,2258,A,,60.0,100,0.1791805922985077,1.743067741394043,4.906074047088623,0.1070000000000001,,,,,,,,,,,,,,,,,,,,,13,,224,224,0,1649946868,0,356,0,16,0,0.08052457123994827,1.0,-13.33639144897461,4.765954494476318,1.0,0.4803713448345661,3098.0,67.03369140625,,data/instances/transfer/real_03.cip
mix_16_0,46,2259,2259,A,,60.0,100,0.11673067510128021,2.777575969696045,1.5926364660263062,0.1070000000000001,,,,,,,,,,,,,,,,,,,,,16,,224,224,0,1649946868,0,356,0,16,0,0.04039788991212845,1.0,-14.321941375732422,3.5617902278900146,1.0,0.5946630779653788,3098.0,67.03369140625,,data/instances/transfer/real_03.cip
mix_16_0,46,2260,2260,A,,60.0,100,0.09810981154441833,0.7103897333145142,10.872366905212402,0.1070000000000001,,,,,,,,,,,,,,,,,,,,,14,,224,224,0,1649946868,0,356,0,16,0,0.14766092598438263,1.0,-13.262809753417969,5.205045223236084,1.0,0.4959131330251694,3098.0,67.03369140625,,data/instances/transfer/real_03.cip
mix_16_0,46,2261,2261,A,,60.0,100,0.18603572249412537,1.3668535947799683,1.7884600162506104,0.10541666666666671,,,,,,,,,,,,,,,,,,,,,14,,224,224,0,1652125012,0,357,0,16,0,0.14560967683792114,1.0,-14.322693824768066,4.161632061004639,1.0,0.5320345964282751,3098.0,67.03369140625,,data/instances/transfer/real_03.cip
mix_16_0,46,2262,2262,A,,60.0,100,0.0816282331943512,0.523341715335846,6.106095314025879,0.10541666666666671,,,,,,,,,,,,,,,,,,,,,15,,224,224,0,1652125012,0,357,0,16,0,0.2326294481754303,1.0,-14.93002700805664,5.3299455642700195,1.0,0.6088202316313982,3098.0,67.03369140625,,data/instances/transfer/real_03.cip
mix_16_0,46,2263,2263,A,,60.0,100,0.16904553771018982,2.111957550048828,6.391539573669434,0.10541666666666671,,,,,,,,,,,,,,,,,,,,,14,,224,224,0,1652125012,0,357,0,16,0,0.07044778019189835,1.0,-11.33426284790039,3.250079870223999,1.0,0.5899005979299545,3098.0,67.03369140625,,data/instances/transfer/real_03.cip
mix_16_0,46,2264,2264,A,,60.0,100,0.10675033926963806,1.536027193069458,4.436217308044434,0.10541666666666671,,,,,,,,,,,,,,,,,,,,,12,,224,224,0,1652125012,0,357,0,16,0,0.06485431641340256,1.0,-10.071819305419922,4.91939115524292,1.0,0.3334810081869364,3098.0,67.03369140625,,data/instances/transfer/real_03.cip
mix_16_0,46,2265,2265,A,,60.0,100,0.3612891435623169,2.643688440322876,5.335040092468262,0.10383333333333333,,,,,,,,,,,,,,,,,,,,,14,,224,224,0,1654091380,0,358,0,16,0,0.12381778657436371,1.0,-12.109640121459961,4.8076910972595215,1.0,0.4257335625588894,3098.0,67.03369140625,,data/instances/transfer/real_03.cip
mix_16_0,46,2266,2266,A,,60.0,100,0.1234872043132782,1.3038469552993774,1.7593202590942383,0.10383333333333333,,,,,,,,,,,,,,,,,,,,,16,,224,224,0,1654091380,0,358,0,16,0,0.08240806311368942,1.0,-14.260298728942871,3.4347782135009766,1.0,0.6049304008483887,3098.0,67.03369140625,,data/instances/transfer/real_03.cip
mix_16_0,46,2267,2267,A,,60.0,100,0.2025986611843109,3.290085792541504,3.7252132892608643,0.10383333333333333,,,,,,,,,,,,,,,,,,,,,15,,224,224,0,1654091380,0,358,0,16,0,0.05269952118396759,1.0,-12.745403289794922,3.831038236618042,1.0,0.6310080122202635,3098.0,67.03369140625,,data/instances/transfer/real_03.cip
mix_16_0,46,2268,2268,A,,60.0,100,0.2258557677268982,2.9061715602874756,10.498692512512207,0.10383333333333333,,,,,,,,,,,,,,,,,,,,,14,,224,224,0,1654091380,0,358,0,16,0,0.06717626005411148,1.0,-13.098966598510742,3.6334946155548096,1.0,0.6102620549499989,3098.0,67.03369140625,,data/instances/transfer/real_03.cip
mix_16_0,46,2269,2269,A,,60.0,100,0.21833430230617523,2.8442020416259766,3.4155466556549072,0.10225000000000006,,,,,,,,,,,,,,,,,,,,,14,,224,224,0,1656084840,0,359,0,16,0,0.0646977648139,1.0,-12.284717559814453,4.377619743347168,1.0,0.5392706617712975,3098.0,67.03369140625,,data/instances/transfer/real_03.cip
mix_16_0,46,2270,2270,A,,60.0,100,0.16494566202163696,1.2598822116851807,9.954394340515137,0.10225000000000006,,,,,,,,,,,,,,,,,,,,,14,,224,224,0,1656084840,0,359,0,16,0,0.11354967951774597,1.0,-13.864194869995117,4.924462795257568,1.0,0.5490902811288834,3098.0,67.03369140625,,data/instances/transfer/real_03.cip
mix_16_0,46,2271,2271,A,,60.0,100,0.19977912306785583,2.9111905097961426,4.809814453125,0.10225000000000006,,,,,,,,,,,,,,,,,,,,,14,,224,224,0,1656084840,0,359,0,16,0,0.06306957453489304,1.0,-12.174684524536133,3.155071973800659,1.0,0.6065311785787344,3098.0,67.03369140625,,data/instances/transfer/real_03.cip
mix_16_0,46,2272,2272,A,,60.0,100,0.1454561948776245,2.7132339477539062,2.6272740364074707,0.10225000000000006,,,,,,,,,,,,,,,,,,,,,12,,224,224,0,1656084840,0,359,0,16,0,0.04110581427812576,1.0,-11.467856407165527,4.581445217132568,1.0,0.6180667504668236,3098.0,67.03369140625,,data/instances/transfer/real_03.cip
mix_16_0,46,2273,2273,A,,60.0,100,0.38419562578201294,2.827298879623413,2.893350601196289,0.10066666666666668,,,,,,,,,,,,,,,,,,,,,13,,224,224,0,1658015316,0,360,0,16,0,0.1212415024638176,1.0,-13.630537033081055,5.074148654937744,1.0,0.529088880866766,3098.0,67.03369140625,,data/instances/transfer/real_03.cip
mix_16_0,46,2274,2274,A,,60.0,100,0.11644546687602997,1.4719619750976562,4.693770408630371,0.10066666666666668,,,,,,,,,,,,,,,,,,,,,16,,224,224,0,1658015316,0,360,0,16,0,0.0676642507314682,1.0,-15.518352508544922,3.44706392288208,1.0,0.6111337170004845,3098.0,67.03369140625,,data/instances/transfer/real_03.cip
mix_16_0,46,2275,2275,A,,60.0,100,0.08538500219583511,1.5238837003707886,1.3897650241851807,0.10066666666666668,,,,,,,,,,,,,,,,,,,,,16,,224,224,0,1658015316,0,360,0,16,0,0.05246761068701744,1.0,-14.229918479919434,3.4561927318573,1.0,0.6390065718442202,3098.0,67.03369140625,,data/instances/transfer/real_03.cip
mix_16_0,46,2276,2276,A,,60.0,100,0.18513506650924683,2.0151236057281494,1.4887291193008423,0.10066666666666668,,,,,,,,,,,,,,,,,,,,,14,,224,224,0,1658015316,0,360,0,16,0,0.08363930881023407,1.0,-12.024158477783203,4.299009799957275,1.0,0.617778966203332,3098.0,67.03369140625,,data/instances/transfer/real_03.cip
mix_16_0,46,2277,2277,A,,60.0,100,0.1639057993888855,3.290942430496216,2.6965436935424805,0.0990833333333333,,,,,,,,,,,,,,,,,,,,,15,,224,224,0,1659765904,0,361,0,16,0,0.04714197292923927,1.0,-13.842318534851074,3.1621949672698975,1.0,0.5341353248804808,3098.0,67.03369140625,,data/instances/transfer/real_03.cip
mix_16_0,46,2278,2278,A,,60.0,100,0.06341439485549927,1.6084990501403809,1.2603282928466797,0.0990833333333333,,,,,,,,,,,,,,,,,,,,,15,,224,224,0,1659765904,0,361,0,16,0,0.03277771547436714,1.0,-12.416488647460938,3.7891886234283447,1.0,0.6050796341150999,3098.0,67.03369140625,,data/instances/transfer/real_03.cip
mix_16_0,46,2279,2279,A,,60.0,100,0.3028964698314667,2.3340656757354736,6.110861778259277,0.0990833333333333,,,,,,,,,,,,,,,,,,,,,13,,224,224,0,1659765904,0,361,0,16,0,0.11827816069126129,1.0,-13.42557430267334,5.7081475257873535,1.0,0.570247070863843,3098.0,67.03369140625,,data/instances/transfer/real_03.cip
mix_16_0,46,2280,2280,A,,60.0,100,0.0556352436542511,2.937748432159424,3.117494583129883,0.0990833333333333,,,,,,,,,,,,,,,,,,,,,15,,224,224,0,1659765904,0,361,0,16,0,0.010512911714613438,1.0,-14.502008438110352,3.9583985805511475,1.0,0.6461270153522491,3098.0,67.03369140625,,data/instances/transfer/real_03.cip
mix_16_0,46,2281,2281,A,,60.0,100,0.09932399541139603,2.6892168521881104,1.4419336318969727,0.09750000000000003,,,,,,,,,,,,,,,,,,,,,15,,224,224,0,1661473444,0,362,0,16,0,0.03368251770734787,1.0,-13.493448257446289,3.997828483581543,1.0,0.5261144414544106,3098.0,67.03369140625,,data/instances/transfer/real_03.cip
mix_16_0,46,2282,2282,A,,60.0,100,0.052978962659835815,1.3069406747817993,3.3376059532165527,0.09750000000000003,,,,,,,,,,,,,,,,,,,,,15,,224,224,0,1661473444,0,362,0,16,0,0.035781316459178925,1.0,-14.931441307067871,3.715914249420166,1.0,0.5394300241023302,3098.0,67.03369140625,,data/instances/transfer/real_03.cip
mix_16_0,46,2283,2283,A,,60.0,100,0.14327116310596466,2.355060577392578,1.3341737985610962,0.09750000000000003,,,,,,,,,,,,,,,,,,,,,15,,224,224,0,1661473444,0,362,0,16,0,0.06025587394833565,1.0,-13.631387710571289,4.63461971282959,1.0,0.49321160838007927,3098.0,67.03369140625,,data/instances/transfer/real_03.cip
mix_16_0,46,2284,2284,A,,60.0,100,0.19161146879196167,2.392280340194702,6.457194805145264,0.09750000000000003,,,,,,,,,,,,,,,,,,,,,15,,224,224,0,1661473444,0,362,0,16,0,0.06434620171785355,1.0,-13.012028694152832,4.5644917488098145,1.0,0.5363012254238129,3098.0,67.03369140625,,data/instances/transfer/real_03.cip
mix_16_0,46,2285,2285,A,,60.0,100,0.07691386342048645,1.680734395980835,0.6609571576118469,0.09591666666666676,,,,,,,,,,,,,,,,,,,,,15,,224,224,0,1663131812,0,363,0,16,0,0.0409221313893795,1.0,-12.261929512023926,4.276479244232178,1.0,0.3828755356371403,3098.0,67.03369140625,,data/instances/transfer/real_03.cip
mix_16_0,46,2286,2286,A,,60.0,100,0.4084397852420807,3.2038347721099854,1.872781753540039,0.09591666666666676,,,,,,,,,,,,,,,,,,,,,13,,224,224,0,1663131812,0,363,0,16,0,0.11773615330457687,1.0,-13.106830596923828,4.321198463439941,1.0,0.3243756741285324,3098.0,67.03369140625,,data/instances/transfer/real_03.cip
mix_16_0,46,2287,2287,A,,60.0,100,0.10475532710552216,2.494791030883789,1.548408031463623,0.09591666666666676,,,,,,,,,,,,,,,,,,,,,11,,224,224,0,1663131812,0,363,0,16,0,0.04527682438492775,1.0,-12.209060668945312,4.613615989685059,1.0,0.42366799525916576,3098.0,67.03369140625,,data/instances/transfer/real_03.cip
mix_16_0,46,2288,2288,A,,60.0,100,0.07395409792661667,2.0029397010803223,1.2337827682495117,0.09591666666666676,,,,,,,,,,,,,,,,,,,,,14,,224,224,0,1663131812,0,363,0,16,0,0.030771968886256218,1.0,-13.267348289489746,4.457844257354736,1.0,0.3945396915078163,3098.0,67.03369140625,,data/instances/transfer/real_03.cip
episode,46,2288,2288,A,,60.0,100,0.07395409792661667,2.0029397010803223,1.2337827682495117,0.09433333333333338,-13.026999999999997,-13.0,-0.027000000000000003,-13.026999999999997,True,14,60.312248,,,,,,,,inf,1e+20,120.0,inf,0.0,19811,14,True,224,224,0,1666843912,0,365,0,16,0,,,,,1.0,,3081.3671875,67.03369140625,timelimit,data/instances/transfer/real_03.cip
validation,47,2288,2288,A,,,,,,,,,,,,,,,1.0,9.456118,inf,0.0,9.456118,1.0,8436.0,,,,,,,,,224,224,0,1666843912,0,365,0,,,,,,,,,,,optimal,data/instances/validation/real_08.cip
mix_16_0,47,2289,2289,A,,60.0,100,0.08254975080490112,1.1990025043487549,2.1839418411254883,0.09433333333333338,,,,,,,,,,,,,,,,,,,,,13,,224,224,0,1666843912,0,365,0,16,0,0.07065325975418091,1.0,-14.099340438842773,6.089121341705322,314.0,0.5421007014811039,3082.05859375,67.03369140625,,data/instances/transfer/real_05.cip
mix_16_0,47,2290,2290,A,,60.0,100,0.2623003423213959,2.414243221282959,3.54571533203125,0.09433333333333338,,,,,,,,,,,,,,,,,,,,,13,,224,224,0,1666843912,0,365,0,16,0,0.10113005340099335,1.0,-13.366351127624512,4.397451877593994,314.0,0.5917850323021412,3082.05859375,67.03369140625,,data/instances/transfer/real_05.cip
mix_16_0,47,2291,2291,A,,60.0,100,0.09883178770542145,1.8777878284454346,2.410670757293701,0.09433333333333338,,,,,,,,,,,,,,,,,,,,,14,,224,224,0,1666843912,0,365,0,16,0,0.04220253974199295,1.0,-13.845884323120117,5.256021499633789,314.0,0.6401813868433237,3082.05859375,67.03369140625,,data/instances/transfer/real_05.cip
mix_16_0,47,2292,2292,A,,60.0,100,0.11055492609739304,1.9289981126785278,2.9766845703125,0.09433333333333338,,,,,,,,,,,,,,,,,,,,,14,,224,224,0,1666843912,0,365,0,16,0,0.05156344547867775,1.0,-12.073355674743652,4.472472667694092,314.0,0.621040303260088,3082.05859375,67.03369140625,,data/instances/transfer/real_05.cip
mix_16_0,47,2293,2293,A,,60.0,100,0.08210648596286774,2.3178293704986572,1.2204854488372803,0.09275000000000011,,,,,,,,,,,,,,,,,,,,,15,,224,224,0,1666843912,0,365,0,16,0,0.0336967408657074,1.0,-12.243263244628906,3.915287494659424,1.0,0.5468160174787045,3082.05859375,67.03369140625,,data/instances/transfer/real_05.cip
mix_16_0,47,2294,2294,A,,60.0,100,0.16124016046524048,1.3034086227416992,4.179915904998779,0.09275000000000011,,,,,,,,,,,,,,,,,,,,,15,,224,224,0,1666843912,0,365,0,16,0,0.10375071316957474,1.0,-14.078910827636719,4.708714008331299,1.0,0.6196280922740698,3082.05859375,67.03369140625,,data/instances/transfer/real_05.cip
mix_16_0,47,2295,2295,A,,60.0,100,0.09778366982936859,1.1857038736343384,2.382878541946411,0.09275000000000011,,,,,,,,,,,,,,,,,,,,,12,,224,224,0,1666843912,0,365,0,16,0,0.09133435040712357,1.0,-12.60007095336914,5.4370832443237305,1.0,0.5264210775494576,3082.05859375,67.03369140625,,data/instances/transfer/real_05.cip
mix_16_0,47,2296,2296,A,,60.0,100,0.09856864809989929,2.1074633598327637,4.753269672393799,0.09275000000000011,,,,,,,,,,,,,,,,,,,,,15,,224,224,0,1666843912,0,365,0,16,0,0.03873405233025551,1.0,-12.660683631896973,4.572134494781494,1.0,0.619239030405879,3082.05859375,67.03369140625,,data/instances/transfer/real_05.cip
mix_16_0,47,2297,2297,A,,60.0,100,0.1965438574552536,2.019956350326538,5.444350242614746,0.09116666666666673,,,,,,,,,,,,,,,,,,,,,13,,224,224,0,1671584116,0,366,0,16,0,0.08328661322593689,1.0,-14.03635025024414,4.948421001434326,1.0,0.44450362399220467,3082.05859375,67.03369140625,,data/instances/transfer/real_05.cip
mix_16_0,47,2298,2298,A,,60.0,100,0.1764962375164032,3.005500316619873,3.949657678604126,0.09116666666666673,,,,,,,,,,,,,,,,,,,,,15,,224,224,0,1671584116,0,366,0,16,0,0.04902806133031845,1.0,-13.340498924255371,3.0451221466064453,1.0,0.5932725090533495,3082.05859375,67.03369140625,,data/instances/transfer/real_05.cip
mix_16_0,47,2299,2299,A,,60.0,100,0.0679977685213089,2.634708881378174,0.5159416794776917,0.09116666666666673,,,,,,,,,,,,,,,,,,,,,15,,224,224,0,1671584116,0,366,0,16,0,0.022924531251192093,1.0,-13.11600112915039,4.874050140380859,1.0,0.44825438410043716,3082.05859375,67.03369140625,,data/instances/transfer/real_05.cip
mix_16_0,47,2300,2300,A,,60.0,100,0.0676298588514328,2.6459689140319824,1.2618746757507324,0.09116666666666673,,,,,,,,,,,,,,,,,,,,,14,,224,224,0,1671584116,0,366,0,16,0,0.02460603229701519,1.0,-15.023157119750977,4.461180686950684,1.0,0.4793316777795553,3082.05859375,67.03369140625,,data/instances/transfer/real_05.cip
mix_16_0,47,2301,2301,A,,60.0,100,0.14933115243911743,1.6815500259399414,2.9480271339416504,0.08958333333333335,,,,,,,,,,,,,,,,,,,,,14,,224,224,0,1676213248,0,367,0,16,0,0.07499551773071289,1.0,-12.131784439086914,4.221599102020264,1.0,0.48931451328098774,3082.05859375,67.03369140625,,data/instances/transfer/real_05.cip
mix_16_0,47,2302,2302,A,,60.0,100,0.21152356266975403,2.5366921424865723,4.7122344970703125,0.08958333333333335,,,,,,,,,,,,,,,,,,,,,14,,224,224,0,1676213248,0,367,0,16,0,0.0785541981458664,1.0,-14.260416030883789,6.094648361206055,1.0,0.5910297930240631,3082.05859375,67.03369140625,,data/instances/transfer/real_05.cip
mix_16_0,47,2303,2303,A,,60.0,100,0.1528574824333191,1.8146803379058838,3.146446466445923,0.08958333333333335,,,,,,,,,,,,,,,,,,,,,14,,224,224,0,1676213248,0,367,0,16,0,0.07052180916070938,1.0,-11.272140502929688,3.8454902172088623,1.0,0.6286740433424711,3082.05859375,67.03369140625,,data/instances/transfer/real_05.cip
mix_16_0,47,2304,2304,A,,60.0,100,0.205415740609169,2.3059024810791016,3.335785388946533,0.08958333333333335,,,,,,,,,,,,,,,,,,,,,13,,224,224,0,1676213248,0,367,0,16,0,0.0745391696691513,1.0,-13.166243553161621,5.027781963348389,1.0,0.6241882257163525,3082.05859375,67.03369140625,,data/instances/transfer/real_05.cip
mix_16_0,47,2305,2305,A,,60.0,100,0.33757108449935913,3.944814443588257,1.5213234424591064,0.08800000000000008,,,,,,,,,,,,,,,,,,,,,12,,224,224,0,1680843180,0,368,0,16,0,0.07709869742393494,1.0,-10.490110397338867,4.91792631149292,1.0,0.5013191197067499,3082.05859375,67.03369140625,,data/instances/transfer/real_05.cip
mix_16_0,47,2306,2306,A,,60.0,100,0.09997163712978363,1.2639212608337402,1.2342504262924194,0.08800000000000008,,,,,,,,,,,,,,,,,,,,,15,,224,224,0,1680843180,0,368,0,16,0,0.08514579385519028,1.0,-14.548471450805664,3.9165847301483154,1.0,0.6263031531125307,3082.05859375,67.03369140625,,data/instances/transfer/real_05.cip
mix_16_0,47,2307,2307,A,,60.0,100,0.05020499229431152,1.8028769493103027,0.8013297915458679,0.08800000000000008,,,,,,,,,,,,,,,,,,,,,14,,224,224,0,1680843180,0,368,0,16,0,0.023482058197259903,1.0,-13.118369102478027,4.484774589538574,1.0,0.6445734892040491,3082.05859375,67.03369140625,,data/instances/transfer/real_05.cip
mix_16_0,47,2308,2308,A,,60.0,100,0.26174870133399963,2.1161656379699707,12.85251235961914,0.08800000000000008,,,,,,,,,,,,,,,,,,,,,16,,224,224,0,1680843180,0,368,0,16,0,0.11209820955991745,1.0,-14.019582748413086,3.8156001567840576,1.0,0.6349386032670736,3082.05859375,67.03369140625,,data/instances/transfer/real_05.cip
mix_16_0,47,2309,2309,A,,60.0,100,0.21562807261943817,1.3167297840118408,8.705385208129883,0.0864166666666667,,,,,,,,,,,,,,,,,,,,,14,,224,224,0,1685475980,0,369,0,16,0,0.114654041826725,1.0,-12.740828514099121,5.953068733215332,1.0,0.5691811367869377,3082.05859375,67.03369140625,,data/instances/transfer/real_05.cip
mix_16_0,47,2310,2310,A,,60.0,100,0.06957452744245529,2.8391470909118652,0.6175097227096558,0.0864166666666667,,,,,,,,,,,,,,,,,,,,,14,,224,224,0,1685475980,0,369,0,16,0,0.02280391752719879,1.0,-13.018310546875,4.30592679977417,1.0,0.6243360042572021,3082.05859375,67.03369140625,,data/instances/transfer/real_05.cip
mix_16_0,47,2311,2311,A,,60.0,100,0.14120467007160187,2.295402765274048,4.393191337585449,0.0864166666666667,,,,,,,,,,,,,,,,,,,,,14,,224,224,0,1685475980,0,369,0,16,0,0.05590667203068733,1.0,-12.8165283203125,4.595001220703125,1.0,0.5414634924381971,3082.05859375,67.03369140625,,data/instances/transfer/real_05.cip
mix_16_0,47,2312,2312,A,,60.0,100,0.21303030848503113,2.4886996746063232,0.9960419535636902,0.0864166666666667,,,,,,,,,,,,,,,,,,,,,14,,224,224,0,1685475980,0,369,0,16,0,0.07763129472732544,1.0,-12.529715538024902,4.206768035888672,1.0,0.5322218872606754,3082.05859375,67.03369140625,,data/instances/transfer/real_05.cip
mix_16_0,47,2313,2313,A,,60.0,100,0.08114901185035706,0.9828289747238159,4.407054424285889,0.08483333333333332,,,,,,,,,,,,,,,,,,,,,14,,224,224,0,1690110796,0,370,0,16,0,0.08549487590789795,1.0,-11.981245040893555,3.6042919158935547,1.0,0.5310121532529593,3082.05859375,67.03369140625,,data/instances/transfer/real_05.cip
mix_16_0,47,2314,2314,A,,60.0,100,0.18210354447364807,1.9038722515106201,2.0920662879943848,0.08483333333333332,,,,,,,,,,,,,,,,,,,,,14,,224,224,0,1690110796,0,370,0,16,0,0.08100102841854095,1.0,-10.998673439025879,4.128088474273682,1.0,0.6252679601311684,3082.05859375,67.03369140625,,data/instances/transfer/real_05.cip
mix_16_0,47,2315,2315,A,,60.0,100,0.07726182043552399,1.6837517023086548,3.475905418395996,0.08483333333333332,,,,,,,,,,,,,,,,,,,,,15,,224,224,0,1690110796,0,370,0,16,0,0.04190269485116005,1.0,-12.979843139648438,3.5887231826782227,1.0,0.6406855285167694,3082.05859375,67.03369140625,,data/instances/transfer/real_05.cip
mix_16_0,47,2316,2316,A,,60.0,100,0.04132669046521187,1.2537403106689453,2.3144209384918213,0.08483333333333332,,,,,,,,,,,,,,,,,,,,,16,,224,224,0,1690110796,0,370,0,16,0,0.027989715337753296,1.0,-13.85556411743164,4.135844707489014,1.0,0.6528738215565681,3082.05859375,67.03369140625,,data/instances/transfer/real_05.cip
mix_16_0,47,2317,2317,A,,60.0,100,0.426591694355011,2.8343114852905273,2.349954843521118,0.08325000000000005,,,,,,,,,,,,,,,,,,,,,14,,224,224,0,1694632076,0,371,0,16,0,0.14006489515304565,1.0,-12.973459243774414,3.696316957473755,1.0,0.5425098892301321,3082.05859375,67.03369140625,,data/instances/transfer/real_05.cip
mix_16_0,47,2318,2318,A,,60.0,100,0.06424643099308014,2.4227662086486816,2.245501756668091,0.08325000000000005,,,,,,,,,,,,,,,,,,,,,15,,224,224,0,1694632076,0,371,0,16,0,0.022503135725855827,1.0,-15.273368835449219,4.38128137588501,1.0,0.6241746433079243,3082.05859375,67.03369140625,,data/instances/transfer/real_05.cip
mix_16_0,47,2319,2319,A,,60.0,100,0.4045526385307312,2.971393346786499,11.157495498657227,0.08325000000000005,,,,,,,,,,,,,,,,,,,,,13,,224,224,0,1694632076,0,371,0,16,0,0.12011436372995377,1.0,-13.891687393188477,4.618589401245117,1.0,0.6424199752509594,3082.05859375,67.03369140625,,data/instances/transfer/real_05.cip
mix_16_0,47,2320,2320,A,,60.0,100,0.12910017371177673,2.2232394218444824,1.2893840074539185,0.08325000000000005,,,,,,,,,,,,,,,,,,,,,15,,224,224,0,1694632076,0,371,0,16,0,0.047938525676727295,1.0,-14.300826072692871,4.106118202209473,1.0,0.6515454538166523,3082.05859375,67.03369140625,,data/instances/transfer/real_05.cip
mix_16_0,47,2321,2321,A,,60.0,100,0.47760844230651855,4.821895599365234,2.765503168106079,0.08166666666666667,,,,,,,,,,,,,,,,,,,,,15,,224,224,0,1699127232,0,372,0,16,0,0.09103560447692871,1.0,-13.12341594696045,3.5127041339874268,1.0,0.5854545272886753,3082.05859375,67.03369140625,,data/instances/transfer/real_05.cip
mix_16_0,47,2322,2322,A,,60.0,100,0.08175799995660782,2.4774274826049805,3.3365750312805176,0.08166666666666667,,,,,,,,,,,,,,,,,,,,,15,,224,224,0,1699127232,0,372,0,16,0,0.027393177151679993,1.0,-13.54737377166748,3.621112108230591,1.0,0.615370087325573,3082.05859375,67.03369140625,,data/instances/transfer/real_05.cip
mix_16_0,47,2323,2323,A,,60.0,100,0.1458403468132019,1.640683650970459,15.874494552612305,0.08166666666666667,,,,,,,,,,,,,,,,,,,,,14,,224,224,0,1699127232,0,372,0,16,0,0.02422109805047512,1.0,-11.916894912719727,5.715747833251953,1.0,0.5461826082319021,3082.05859375,67.03369140625,,data/instances/transfer/real_05.cip
mix_16_0,47,2324,2324,A,,60.0,100,0.24234791100025177,2.0903186798095703,13.841337203979492,0.08166666666666667,,,,,,,,,,,,,,,,,,,,,14,,224,224,0,1699127232,0,372,0,16,0,0.08882252126932144,1.0,-13.123249053955078,5.01417350769043,1.0,0.5581178795546293,3082.05859375,67.03369140625,,data/instances/transfer/real_05.cip
mix_16_0,47,2325,2325,A,,60.0,100,0.280180960893631,2.5206027030944824,2.3975725173950195,0.08008333333333328,,,,,,,,,,,,,,,,,,,,,15,,224,224,0,1703623160,0,373,0,16,0,0.09116429835557938,1.0,-13.592584609985352,4.352751731872559,1.0,0.5627342592924833,3082.05859375,67.03369140625,,data/instances/transfer/real_05.cip
mix_16_0,47,2326,2326,A,,60.0,100,0.07240146398544312,1.8545794486999512,2.3251242637634277,0.08008333333333328,,,,,,,,,,,,,,,,,,,,,15,,224,224,0,1703623160,0,373,0,16,0,0.03635215386748314,1.0,-16.015491485595703,4.006046295166016,1.0,0.6061388161033392,3082.05859375,67.03369140625,,data/instances/transfer/real_05.cip
mix_16_0,47,2327,2327,A,,60.0,100,0.08796916902065277,2.8448095321655273,5.150614261627197,0.08008333333333328,,,,,,,,,,,,,,,,,,,,,13,,224,224,0,1703623160,0,373,0,16,0,0.02419949136674404,1.0,-12.300363540649414,4.456847667694092,1.0,0.6229103170335293,3082.05859375,67.03369140625,,data/instances/transfer/real_05.cip
mix_16_0,47,2328,2328,A,,60.0,100,0.17700159549713135,1.799720287322998,14.094508171081543,0.08008333333333328,,,,,,,,,,,,,,,,,,,,,16,,224,224,0,1703623160,0,373,0,16,0,0.0711265504360199,1.0,-14.537097930908203,4.232093811035156,1.0,0.6604902539402246,3082.05859375,67.03369140625,,data/instances/transfer/real_05.cip
mix_16_0,47,2329,2329,A,,60.0,100,0.21677249670028687,2.0079219341278076,9.56570053100586,0.07850000000000001,,,,,,,,,,,,,,,,,,,,,15,,224,224,0,1707869296,0,374,0,16,0,0.09668684750795364,1.0,-12.945149421691895,4.978320121765137,1.0,0.5551716834306717,3082.05859375,67.03369140625,,data/instances/transfer/real_05.cip
mix_16_0,47,2330,2330,A,,60.0,100,0.07845322787761688,2.590899705886841,1.0399980545043945,0.07850000000000001,,,,,,,,,,,,,,,,,,,,,14,,224,224,0,1707869296,0,374,0,16,0,0.028053997084498405,1.0,-13.39494514465332,5.280187606811523,1.0,0.6048386469483376,3082.05859375,67.03369140625,,data/instances/transfer/real_05.cip
mix_16_0,47,2331,2331,A,,60.0,100,0.12054933607578278,2.1799659729003906,6.19155216217041,0.07850000000000001,,,,,,,,,,,,,,,,,,,,,14,,224,224,0,1707869296,0,374,0,16,0,0.03328150138258934,1.0,-12.182397842407227,5.751331806182861,1.0,0.6409703977406025,3082.05859375,67.03369140625,,data/instances/transfer/real_05.cip
mix_16_0,47,2332,2332,A,,60.0,100,0.2122548222541809,2.4440159797668457,10.174869537353516,0.07850000000000001,,,,,,,,,,,,,,,,,,,,,14,,224,224,0,1707869296,0,374,0,16,0,0.058133404701948166,1.0,-11.964906692504883,4.2767744064331055,1.0,0.5794284585863352,3082.05859375,67.03369140625,,data/instances/transfer/real_05.cip
mix_16_0,47,2333,2333,A,,60.0,100,0.4550347626209259,4.046048641204834,8.943840980529785,0.07691666666666674,,,,,,,,,,,,,,,,,,,,,13,,224,224,0,1712325200,0,375,0,16,0,0.09729984402656555,1.0,-13.369524002075195,4.441256523132324,1.0,0.3603934682905674,3082.05859375,67.03369140625,,data/instances/transfer/real_05.cip
mix_16_0,47,2334,2334,A,,60.0,100,0.32847118377685547,2.330718755722046,7.009610652923584,0.07691666666666674,,,,,,,,,,,,,,,,,,,,,16,,224,224,0,1712325200,0,375,0,16,0,0.1211162656545639,1.0,-10.71767807006836,6.063830375671387,1.0,0.5192457418888807,3082.05859375,67.03369140625,,data/instances/transfer/real_05.cip
mix_16_0,47,2335,2335,A,,60.0,100,0.11762189120054245,1.4960837364196777,1.3036071062088013,0.07691666666666674,,,,,,,,,,,,,,,,,,,,,15,,224,224,0,1712325200,0,375,0,16,0,0.06669585406780243,1.0,-15.26167106628418,3.5065958499908447,1.0,0.6155251581221819,3082.05859375,67.03369140625,,data/instances/transfer/real_05.cip
mix_16_0,47,2336,2336,A,,60.0,100,0.06798886507749557,1.3907431364059448,6.1933465003967285,0.07691666666666674,,,,,,,,,,,,,,,,,,,,,14,,224,224,0,1712325200,0,375,0,16,0,0.03822660818696022,1.0,-13.630632400512695,4.549046993255615,1.0,0.6318319234997034,3082.05859375,67.03369140625,,data/instances/transfer/real_05.cip
episode,47,2336,2336,A,,60.0,100,0.06798886507749557,1.3907431364059448,6.1933465003967285,0.07533333333333336,-12.184899999999999,-12.0,-0.1849,-12.184899999999999,True,13,61.956725,,,,,,,,inf,0.007521886794235278,120.0,46.148109,0.0,19926,14,True,224,224,0,1721722192,0,377,0,16,0,,,,,27.083333333333332,,3082.05859375,67.03369140625,timelimit,data/instances/transfer/real_05.cip
mix_16_0,48,2337,2337,A,,60.0,100,0.27781587839126587,5.136726379394531,9.971414566040039,0.07533333333333336,,,,,,,,,,,,,,,,,,,,,15,,224,224,0,1721722192,0,377,0,16,0,0.04463924095034599,1.0,-16.660913467407227,3.8211829662323,1.0,0.5867685470730066,3082.05859375,67.03369140625,,data/instances/train/real_06.cip
mix_16_0,48,2338,2338,A,,60.0,100,0.30136168003082275,3.6320743560791016,7.742130756378174,0.07533333333333336,,,,,,,,,,,,,,,,,,,,,15,,224,224,0,1721722192,0,377,0,16,0,0.08006134629249573,1.0,-14.035158157348633,5.403939247131348,1.0,0.6116125229746103,3082.05859375,67.03369140625,,data/instances/train/real_06.cip
mix_16_0,48,2339,2339,A,,60.0,100,0.26538845896720886,2.6986730098724365,7.667643070220947,0.07533333333333336,,,,,,,,,,,,,,,,,,,,,15,,224,224,0,1721722192,0,377,0,16,0,0.08383061736822128,1.0,-12.267971992492676,5.387774467468262,1.0,0.6588525176048279,3082.05859375,67.03369140625,,data/instances/train/real_06.cip
mix_16_0,48,2340,2340,A,,60.0,100,0.4372163414955139,2.226250648498535,10.039529800415039,0.07533333333333336,,,,,,,,,,,,,,,,,,,,,14,,224,224,0,1721722192,0,377,0,16,0,0.1438966691493988,1.0,-9.292373657226562,6.90711784362793,1.0,0.6266381330788136,3082.05859375,67.03369140625,,data/instances/train/real_06.cip
mix_16_0,48,2341,2341,A,,60.0,100,0.09279213845729828,1.5568342208862305,6.979299068450928,0.0737500000000001,,,,,,,,,,,,,,,,,,,,,14,,224,224,0,1721722192,0,377,0,16,0,0.03425563871860504,1.0,-14.232398986816406,5.272814750671387,1.0,0.5500215794891119,3082.05859375,67.03369140625,,data/instances/train/real_06.cip
mix_16_0,48,2342,2342,A,,60.0,100,0.20953524112701416,2.6119062900543213,7.701021194458008,0.0737500000000001,,,,,,,,,,,,,,,,,,,,,16,,224,224,0,1721722192,0,377,0,16,0,0.05692238733172417,1.0,-13.297134399414062,4.792409896850586,1.0,0.6292912736535072,3082.05859375,67.03369140625,,data/instances/train/real_06.cip
mix_16_0,48,2343,2343,A,,60.0,100,0.08208957314491272,2.284674882888794,6.4325151443481445,0.0737500000000001,,,,,,,,,,,,,,,,,,,,,16,,224,224,0,1721722192,0,377,0,16,0,0.026949886232614517,1.0,-16.08307647705078,3.441743850708008,1.0,0.6460983157157898,3082.05859375,67.03369140625,,data/instances/train/real_06.cip
mix_16_0,48,2344,2344,A,,60.0,100,0.43871381878852844,2.7662432193756104,7.144443988800049,0.0737500000000001,,,,,,,,,,,,,,,,,,,,,14,,224,224,0,1721722192,0,377,0,16,0,0.13039079308509827,1.0,-12.413322448730469,4.598188877105713,1.0,0.6323938183486462,3082.05859375,67.03369140625,,data/instances/train/real_06.cip
mix_16_0,48,2345,2345,A,,60.0,100,0.2321377694606781,3.095961809158325,6.217034816741943,0.07216666666666671,,,,,,,,,,,,,,,,,,,,,15,,224,224,0,1721995000,0,378,0,16,0,0.07088527828454971,1.0,-15.188497543334961,3.489609479904175,1.0,0.5377418696880341,3082.05859375,67.03369140625,,data/instances/train/real_06.cip
mix_16_0,48,2346,2346,A,,60.0,100,0.4499622583389282,3.9888477325439453,6.271946430206299,0.07216666666666671,,,,,,,,,,,,,,,,,,,,,14,,224,224,0,1721995000,0,378,0,16,0,0.10870706290006638,1.0,-13.538052558898926,4.843046188354492,1.0,0.6143805049359798,3082.05859375,67.03369140625,,data/instances/train/real_06.cip
mix_16_0,48,2347,2347,A,,60.0,100,0.1378665715456009,1.2550350427627563,6.982097148895264,0.07216666666666671,,,,,,,,,,,,,,,,,,,,,16,,224,224,0,1721995000,0,378,0,16,0,0.09668266028165817,1.0,-11.142942428588867,4.434696197509766,1.0,0.6467805244028568,3082.05859375,67.03369140625,,data/instances/train/real_06.cip
mix_16_0,48,2348,2348,A,,60.0,100,0.32957008481025696,3.8101806640625,5.014701843261719,0.07216666666666671,,,,,,,,,,,,,,,,,,,,,15,,224,224,0,1721995000,0,378,0,16,0,0.07322651147842407,1.0,-12.86060905456543,5.183201313018799,1.0,0.6333509963005781,3082.05859375,67.03369140625,,data/instances/train/real_06.cip
mix_16_0,48,2349,2349,A,,60.0,100,0.16870251297950745,2.5620152950286865,7.065455913543701,0.07058333333333333,,,,,,,,,,,,,,,,,,,,,16,,224,224,0,1722528068,0,379,0,16,0,0.05501251295208931,1.0,-14.394865036010742,2.6115808486938477,1.0,0.5524246264249086,3082.05859375,67.03369140625,,data/instances/train/real_06.cip
mix_16_0,48,2350,2350,A,,60.0,100,0.05537102371454239,1.786400556564331,4.590527534484863,0.07058333333333333,,,,,,,,,,,,,,,,,,,,,15,,224,224,0,1722528068,0,379,0,16,0,0.017999136820435524,1.0,-12.105504989624023,3.4345030784606934,1.0,0.6147953048348427,3082.05859375,67.03369140625,,data/instances/train/real_06.cip
mix_16_0,48,2351,2351,A,,60.0,100,0.31699317693710327,3.575674057006836,2.685647487640381,0.07058333333333333,,,,,,,,,,,,,,,,,,,,,15,,224,224,0,1722528068,0,379,0,16,0,0.08325597643852234,1.0,-14.212823867797852,3.6964547634124756,1.0,0.6281438078731298,3082.05859375,67.03369140625,,data/instances/train/real_06.cip
mix_16_0,48,2352,2352,A,,60.0,100,0.18265773355960846,2.6583902835845947,2.147984266281128,0.07058333333333333,,,,,,,,,,,,,,,,,,,,,14,,224,224,0,1722528068,0,379,0,16,0,0.05988704785704613,1.0,-13.143475532531738,4.295480728149414,1.0,0.6332179624587297,3082.05859375,67.03369140625,,data/instances/train/real_06.cip
mix_16_0,48,2353,2353,A,,60.0,100,0.052695684134960175,3.468238115310669,2.953399419784546,0.06900000000000006,,,,,,,,,,,,,,,,,,,,,16,,224,224,0,1722985988,0,380,0,16,0,0.013939330354332924,1.0,-14.639575958251953,2.563229560852051,1.0,0.5528625752776861,3082.05859375,67.03369140625,,data/instances/train/real_06.cip
mix_16_0,48,2354,2354,A,,60.0,100,0.26449936628341675,2.862610101699829,12.028083801269531,0.06900000000000006,,,,,,,,,,,,,,,,,,,,,15,,224,224,0,1722985988,0,380,0,16,0,0.07914920151233673,1.0,-12.652021408081055,5.76766300201416,1.0,0.614238915964961,3082.05859375,67.03369140625,,data/instances/train/real_06.cip
mix_16_0,48,2355,2355,A,,60.0,100,0.2879241108894348,3.6835408210754395,1.4414591789245605,0.06900000000000006,,,,,,,,,,,,,,,,,,,,,15,,224,224,0,1722985988,0,380,0,16,0,0.07343076914548874,1.0,-14.596694946289062,4.203811168670654,1.0,0.6428821831941605,3082.05859375,67.03369140625,,data/instances/train/real_06.cip
mix_16_0,48,2356,2356,A,,60.0,100,0.3537333607673645,4.941659927368164,3.04601788520813,0.06900000000000006,,,,,,,,,,,,,,,,,,,,,16,,224,224,0,1722985988,0,380,0,16,0,0.07105378061532974,1.0,-14.64711856842041,3.2291228771209717,1.0,0.6325209159404039,3082.05859375,67.03369140625,,data/instances/train/real_06.cip
mix_16_0,48,2357,2357,A,,60.0,100,0.14476050436496735,1.8167691230773926,1.2902034521102905,0.06741666666666668,,,,,,,,,,,,,,,,,,,,,15,,224,224,0,1720178696,0,381,0,16,0,0.07511751353740692,1.0,-13.489035606384277,4.336005687713623,1.0,0.5444323346018791,3082.05859375,67.03369140625,,data/instances/train/real_06.cip
mix_16_0,48,2358,2358,A,,60.0,100,0.48120805621147156,5.451718330383301,1.235718846321106,0.06741666666666668,,,,,,,,,,,,,,,,,,,,,14,,224,224,0,1720178696,0,381,0,16,0,0.08536061644554138,1.0,-13.128551483154297,5.418297290802002,1.0,0.5329275634139776,3082.05859375,67.03369140625,,data/instances/train/real_06.cip
mix_16_0,48,2359,2359,A,,60.0,100,0.13547611236572266,2.739847183227539,6.214199542999268,0.06741666666666668,,,,,,,,,,,,,,,,,,,,,16,,224,224,0,1720178696,0,381,0,16,0,0.009369811043143272,1.0,-13.437442779541016,3.6376078128814697,1.0,0.636163666844368,3082.05859375,67.03369140625,,data/instances/train/real_06.cip
mix_16_0,48,2360,2360,A,,60.0,100,0.1339612752199173,0.9554306864738464,13.072981834411621,0.06741666666666668,,,,,,,,,,,,,,,,,,,,,16,,224,224,0,1720178696,0,381,0,16,0,0.040632542222738266,1.0,-14.014245986938477,4.240028381347656,1.0,0.6554931923747063,3082.05859375,67.03369140625,,data/instances/train/real_06.cip
mix_16_0,48,2361,2361,A,,60.0,100,0.25114041566848755,2.9388535022735596,2.1304359436035156,0.06583333333333341,,,,,,,,,,,,,,,,,,,,,14,,224,224,0,1717470460,0,382,0,16,0,0.07220301032066345,1.0,-12.74443244934082,4.527260780334473,1.0,0.5216933358460665,3082.05859375,67.03369140625,,data/instances/train/real_06.cip
mix_16_0,48,2362,2362,A,,60.0,100,0.5379334092140198,3.0667712688446045,4.452417373657227,0.06583333333333341,,,,,,,,,,,,,,,,,,,,,15,,224,224,0,1717470460,0,382,0,16,0,0.15920014679431915,1.0,-12.504920959472656,3.3152377605438232,1.0,0.6095469556748867,3082.05859375,67.03369140625,,data/instances/train/real_06.cip
mix_16_0,48,2363,2363,A,,60.0,100,0.14654779434204102,2.023833990097046,2.6682486534118652,0.06583333333333341,,,,,,,,,,,,,,,,,,,,,15,,224,224,0,1717470460,0,382,0,16,0,0.0507766492664814,1.0,-14.539668083190918,4.893586158752441,1.0,0.6348513588309288,3082.05859375,67.03369140625,,data/instances/train/real_06.cip
mix_16_0,48,2364,2364,A,,60.0,100,0.16074742376804352,1.3060989379882812,4.123077869415283,0.06583333333333341,,,,,,,,,,,,,,,,,,,,,15,,224,224,0,1717470460,0,382,0,16,0,0.09432488679885864,1.0,-12.808055877685547,5.385159015655518,1.0,0.5819128658622503,3082.05859375,67.03369140625,,data/instances/train/real_06.cip
mix_16_0,48,2365,2365,A,,60.0,100,0.33885180950164795,3.4471025466918945,3.1575710773468018,0.06425000000000003,,,,,,,,,,,,,,,,,,,,,16,,224,224,0,1714669812,0,383,0,16,0,0.09429238736629486,1.0,-14.626670837402344,3.4954681396484375,1.0,0.5554789155721664,3082.05859375,67.03369140625,,data/instances/train/real_06.cip
mix_16_0,48,2366,2366,A,,60.0,100,0.5338630676269531,5.164740562438965,9.650809288024902,0.06425000000000003,,,,,,,,,,,,,,,,,,,,,15,,224,224,0,1714669812,0,383,0,16,0,0.09483803063631058,1.0,-14.718791961669922,4.274235248565674,1.0,0.5943017620593309,3082.05859375,67.03369140625,,data/instances/train/real_06.cip
mix_16_0,48,2367,2367,A,,60.0,100,0.07907348871231079,3.5077152252197266,4.037848949432373,0.06425000000000003,,,,,,,,,,,,,,,,,,,,,15,,224,224,0,1714669812,0,383,0,16,0,0.017596647143363953,1.0,-13.292497634887695,4.396006107330322,1.0,0.62591896019876,3082.05859375,67.03369140625,,data/instances/train/real_06.cip
mix_16_0,48,2368,2368,A,,60.0,100,0.4677594006061554,3.4902775287628174,16.9281005859375,0.06425000000000003,,,,,,,,,,,,,,,,,,,,,15,,224,224,0,1714669812,0,383,0,16,0,0.10581783205270767,1.0,-11.801158905029297,4.114785194396973,1.0,0.6248691994696856,3082.05859375,67.03369140625,,data/instances/train/real_06.cip
mix_16_0,48,2369,2369,A,,60.0,100,0.20788392424583435,2.032784938812256,9.611174583435059,0.06266666666666665,,,,,,,,,,,,,,,,,,,,,15,,224,224,0,1711865012,0,384,0,16,0,0.08180681616067886,1.0,-12.318668365478516,5.459444522857666,1.0,0.5325054489076138,3082.05859375,67.03369140625,,data/instances/train/real_06.cip
mix_16_0,48,2370,2370,A,,60.0,100,0.17434698343276978,2.3943679332733154,4.589839935302734,0.06266666666666665,,,,,,,,,,,,,,,,,,,,,15,,224,224,0,1711865012,0,384,0,16,0,0.06754178553819656,1.0,-14.858325958251953,4.866471290588379,1.0,0.6123392675071955,3082.05859375,67.03369140625,,data/instances/train/real_06.cip
mix_16_0,48,2371,2371,A,,60.0,100,0.08646536618471146,1.5534173250198364,5.519066333770752,0.06266666666666665,,,,,,,,,,,,,,,,,,,,,14,,224,224,0,1711865012,0,384,0,16,0,0.03786829486489296,1.0,-14.29598331451416,6.164839267730713,1.0,0.6437547020614147,3082.05859375,67.03369140625,,data/instances/train/real_06.cip
mix_16_0,48,2372,2372,A,,60.0,100,0.18829013407230377,4.216266632080078,4.856533050537109,0.06266666666666665,,,,,,,,,,,,,,,,,,,,,15,,224,224,0,1711865012,0,384,0,16,0,0.039527278393507004,1.0,-15.037248611450195,3.458085775375366,1.0,0.49824580177664757,3082.05859375,67.03369140625,,data/instances/train/real_06.cip
mix_16_0,48,2373,2373,A,,60.0,100,0.37656527757644653,3.1530377864837646,15.285440444946289,0.06108333333333338,,,,,,,,,,,,,,,,,,,,,14,,224,224,0,1709120744,0,385,0,16,0,0.08254417777061462,1.0,-14.031097412109375,4.104694366455078,1.0,0.34082709439098835,3082.05859375,67.03369140625,,data/instances/train/real_06.cip
mix_16_0,48,2374,2374,A,,60.0,100,0.2657763659954071,3.706702709197998,9.773683547973633,0.06108333333333338,,,,,,,,,,,,,,,,,,,,,15,,224,224,0,1709120744,0,385,0,16,0,0.06045958772301674,1.0,-13.820029258728027,3.437755823135376,1.0,0.3671845532953739,3082.05859375,67.03369140625,,data/instances/train/real_06.cip
mix_16_0,48,2375,2375,A,,60.0,100,0.2833298146724701,3.036090612411499,3.2418606281280518,0.06108333333333338,,,,,,,,,,,,,,,,,,,,,14,,224,224,0,1709120744,0,385,0,16,0,0.0814591497182846,1.0,-11.282686233520508,4.4774088859558105,1.0,0.3416885118931532,3082.05859375,67.03369140625,,data/instances/train/real_06.cip
mix_16_0,48,2376,2376,A,,60.0,100,0.5036727786064148,3.5375726222991943,12.549393653869629,0.06108333333333338,,,,,,,,,,,,,,,,,,,,,15,,224,224,0,1709120744,0,385,0,16,0,0.1202692911028862,1.0,-12.625186920166016,4.528929233551025,1.0,0.38013637252151966,3082.05859375,67.03369140625,,data/instances/train/real_06.cip
mix_16_0,48,2377,2377,A,,60.0,100,0.4097239375114441,3.613785982131958,12.03516674041748,0.0595,,,,,,,,,,,,,,,,,,,,,16,,224,224,0,1706940404,0,386,0,16,0,0.09847449511289597,1.0,-13.386661529541016,2.8241803646087646,1.0,0.4427155777812004,3082.05859375,67.03369140625,,data/instances/train/real_06.cip
mix_16_0,48,2378,2378,A,,60.0,100,0.09069155901670456,3.1947271823883057,2.9870681762695312,0.0595,,,,,,,,,,,,,,,,,,,,,13,,224,224,0,1706940404,0,386,0,16,0,0.021126631647348404,1.0,-12.302114486694336,5.065152645111084,1.0,0.5772624704986811,3082.05859375,67.03369140625,,data/instances/train/real_06.cip
mix_16_0,48,2379,2379,A,,60.0,100,0.09187091886997223,3.8317244052886963,2.145508050918579,0.0595,,,,,,,,,,,,,,,,,,,,,15,,224,224,0,1706940404,0,386,0,16,0,0.021539907902479172,1.0,-13.53180980682373,3.5434365272521973,1.0,0.6290373262017965,3082.05859375,67.03369140625,,data/instances/train/real_06.cip
mix_16_0,48,2380,2380,A,,60.0,100,0.12925773859024048,1.5211308002471924,1.4253193140029907,0.0595,,,,,,,,,,,,,,,,,,,,,16,,224,224,0,1706940404,0,386,0,16,0,0.0849553793668747,1.0,-16.737411499023438,3.418107748031616,1.0,0.652920251712203,3082.05859375,67.03369140625,,data/instances/train/real_06.cip
mix_16_0,48,2381,2381,A,,60.0,100,0.10365511476993561,2.245434284210205,3.403583288192749,0.05791666666666673,,,,,,,,,,,,,,,,,,,,,16,,224,224,0,1704765148,0,387,0,16,0,0.0466027669608593,1.0,-14.742743492126465,3.005812883377075,1.0,0.5531311463564634,3082.05859375,67.03369140625,,data/instances/train/real_06.cip
mix_16_0,48,2382,2382,A,,60.0,100,0.25204378366470337,3.6572036743164062,6.32386589050293,0.05791666666666673,,,,,,,,,,,,,,,,,,,,,15,,224,224,0,1704765148,0,387,0,16,0,0.052202820777893066,1.0,-14.262367248535156,4.5010833740234375,1.0,0.6155973393470049,3082.05859375,67.03369140625,,data/instances/train/real_06.cip
mix_16_0,48,2383,2383,A,,60.0,100,0.7294073104858398,5.2459235191345215,16.18744468688965,0.05791666666666673,,,,,,,,,,,,,,,,,,,,,14,,224,224,0,1704765148,0,387,0,16,0,0.12812785804271698,1.0,-13.48486042022705,3.166778564453125,1.0,0.6272341832518578,3082.05859375,67.03369140625,,data/instances/train/real_06.cip
mix_16_0,48,2384,2384,A,,60.0,100,0.23953813314437866,2.983962297439575,5.433459758758545,0.05791666666666673,,,,,,,,,,,,,,,,,,,,,15,,224,224,0,1704765148,0,387,0,16,0,0.0777607411146164,1.0,-13.787870407104492,3.9842193126678467,1.0,0.6404862906783819,3082.05859375,67.03369140625,,data/instances/train/real_06.cip
mix_16_0,48,2385,2385,A,,60.0,100,0.40181076526641846,3.241818904876709,2.292494535446167,0.05633333333333346,,,,,,,,,,,,,,,,,,,,,14,,224,224,0,1702799064,0,388,0,16,0,0.11597676575183868,1.0,-12.506698608398438,3.677823781967163,1.0,0.3283793181180954,3082.05859375,67.03369140625,,data/instances/train/real_06.cip
mix_16_0,48,2386,2386,A,,60.0,100,0.24013200402259827,3.6462960243225098,9.092185020446777,0.05633333333333346,,,,,,,,,,,,,,,,,,,,,15,,224,224,0,1702799064,0,388,0,16,0,0.050771504640579224,1.0,-11.8497314453125,3.349484920501709,1.0,0.4632032457739115,3082.05859375,67.03369140625,,data/instances/train/real_06.cip
mix_16_0,48,2387,2387,A,,60.0,100,0.29124748706817627,2.9846153259277344,10.199585914611816,0.05633333333333346,,,,,,,,,,,,,,,,,,,,,15,,224,224,0,1702799064,0,388,0,16,0,0.07214649766683578,1.0,-11.81683349609375,4.903601169586182,1.0,0.6211059726774693,3082.05859375,67.03369140625,,data/instances/train/real_06.cip
mix_16_0,48,2388,2388,A,,60.0,100,0.10460055619478226,1.5763942003250122,7.507391452789307,0.05633333333333346,,,,,,,,,,,,,,,,,,,,,13,,224,224,0,1702799064,0,388,0,16,0,0.044634610414505005,1.0,-10.474637031555176,4.307641506195068,1.0,0.46243164129555225,3082.05859375,67.03369140625,,data/instances/train/real_06.cip
mix_16_0,48,2389,2389,A,,60.0,100,0.24379758536815643,2.917358636856079,2.4578497409820557,0.054750000000000076,,,,,,,,,,,,,,,,,,,,,16,,224,224,0,1701437468,0,389,0,16,0,0.08415862172842026,1.0,-13.858846664428711,4.8312883377075195,1.0,0.5574819631874561,3082.05859375,67.03369140625,,data/instances/train/real_06.cip
mix_16_0,48,2390,2390,A,,60.0,100,0.0671183317899704,2.5603952407836914,2.8130884170532227,0.054750000000000076,,,,,,,,,,,,,,,,,,,,,16,,224,224,0,1701437468,0,389,0,16,0,0.021170083433389664,1.0,-15.15418815612793,4.477208614349365,1.0,0.6210009958595037,3082.05859375,67.03369140625,,data/instances/train/real_06.cip
mix_16_0,48,2391,2391,A,,60.0,100,0.09210708737373352,3.629887580871582,4.365344524383545,0.054750000000000076,,,,,,,,,,,,,,,,,,,,,15,,224,224,0,1701437468,0,389,0,16,0,0.02108500339090824,1.0,-14.16043758392334,3.4397785663604736,1.0,0.6466231811791658,3082.05859375,67.03369140625,,data/instances/train/real_06.cip
mix_16_0,48,2392,2392,A,,60.0,100,0.1841258704662323,1.605465054512024,9.324080467224121,0.054750000000000076,,,,,,,,,,,,,,,,,,,,,15,,224,224,0,1701437468,0,389,0,16,0,0.07356273382902145,1.0,-15.15399169921875,5.153285503387451,1.0,0.6357995066791773,3082.05859375,67.03369140625,,data/instances/train/real_06.cip
mix_16_0,48,2393,2393,A,,60.0,100,0.22615525126457214,2.6995389461517334,10.129363059997559,0.053166666666666695,,,,,,,,,,,,,,,,,,,,,14,,224,224,0,1700149640,0,390,0,16,0,0.06831575930118561,1.0,-12.303558349609375,5.1129150390625,1.0,0.34080135077238083,3082.05859375,67.03369140625,,data/instances/train/real_06.cip
mix_16_0,48,2394,2394,A,,60.0,100,0.068816639482975,2.896716833114624,2.353773355484009,0.053166666666666695,,,,,,,,,,,,,,,,,,,,,15,,224,224,0,1700149640,0,390,0,16,0,0.02223285101354122,1.0,-12.439350128173828,4.003431797027588,1.0,0.3444263692945242,3082.05859375,67.03369140625,,data/instances/train/real_06.cip
mix_16_0,48,2395,2395,A,,60.0,100,0.21610209345817566,3.6647181510925293,2.0487372875213623,0.053166666666666695,,,,,,,,,,,,,,,,,,,,,14,,224,224,0,1700149640,0,390,0,16,0,0.04777880758047104,1.0,-12.751623153686523,4.636697769165039,1.0,0.44703897275030613,3082.05859375,67.03369140625,,data/instances/train/real_06.cip
mix_16_0,48,2396,2396,A,,60.0,100,0.2205420732498169,3.0749387741088867,6.990634918212891,0.053166666666666695,,,,,,,,,,,,,,,,,,,,,15,,224,224,0,1700149640,0,390,0,16,0,0.04551077261567116,1.0,-10.984131813049316,4.663469314575195,1.0,0.6087495591491461,3082.05859375,67.03369140625,,data/instances/train/real_06.cip
mix_16_0,48,2397,2397,A,,60.0,100,0.3418545126914978,3.224036455154419,11.692527770996094,0.051583333333333425,,,,,,,,,,,,,,,,,,,,,16,,224,224,0,1699142656,0,391,0,16,0,0.07630239427089691,1.0,-13.002589225769043,4.579334259033203,1.0,0.5460239797830582,3082.05859375,67.03369140625,,data/instances/train/real_06.cip
mix_16_0,48,2398,2398,A,,60.0,100,0.09667855501174927,2.678194046020508,3.3742761611938477,0.051583333333333425,,,,,,,,,,,,,,,,,,,,,16,,224,224,0,1699142656,0,391,0,16,0,0.03234218806028366,1.0,-14.144190788269043,3.2042527198791504,1.0,0.6244939211755991,3082.05859375,67.03369140625,,data/instances/train/real_06.cip
mix_16_0,48,2399,2399,A,,60.0,100,0.3883092999458313,2.5951290130615234,8.96060562133789,0.051583333333333425,,,,,,,,,,,,,,,,,,,,,16,,224,224,0,1699142656,0,391,0,16,0,0.13757000863552094,1.0,-13.409002304077148,3.868037462234497,1.0,0.6369308643043041,3082.05859375,67.03369140625,,data/instances/train/real_06.cip
mix_16_0,48,2400,2400,A,,60.0,100,0.3103947043418884,1.834829330444336,6.192967891693115,0.051583333333333425,,,,,,,,,,,,,,,,,,,,,14,,224,224,0,1699142656,0,391,0,16,0,0.1417563557624817,1.0,-12.651477813720703,4.581965446472168,1.0,0.6292897872626781,3082.05859375,67.03369140625,,data/instances/train/real_06.cip
episode,48,2400,2400,A,,60.0,100,0.3103947043418884,1.834829330444336,6.192967891693115,0.050000000000000044,-16.080299999999998,-16.0,-0.08030000000000001,-16.080299999999998,True,17,56.399401,,,,,,,,inf,0.00038563570271963086,120.0,9.505847,0.0,9692,14,False,224,224,0,1697218896,0,393,0,16,0,,,,,1.0,,3082.05859375,67.03369140625,unknown,data/instances/train/real_06.cip
stage_boundary,49,2400,2400,B,2400,300.0,100,,,,,,,,,,,,,,,,,,,,,,,,,,,,,,,,,,,,,,,,,,,,,
mix_12_4,49,2401,2401,B,,300.0,100,0.11193440854549408,1.7161085605621338,2.350196599960327,0.050000000000000044,,,,,,,,,,,,,,,,,,,,,16,,228,224,4,1697218896,122612120,393,0,12,4,0.0571933276951313,1.0,-13.926271438598633,7.035090923309326,831.0,0.7068697214126587,3645.62890625,67.03369140625,,data/instances/transfer/real_02.cip
mix_12_4,49,2402,2402,B,,300.0,100,0.1712230145931244,1.3928186893463135,6.505401611328125,0.050000000000000044,,,,,,,,,,,,,,,,,,,,,14,,228,224,4,1697218896,122612120,393,0,12,4,0.08808626979589462,1.0,-15.931772232055664,5.011884689331055,831.0,0.6595359556376934,3645.62890625,67.03369140625,,data/instances/transfer/real_02.cip
mix_12_4,49,2403,2403,B,,300.0,100,0.2384934425354004,2.6344094276428223,7.423497676849365,0.050000000000000044,,,,,,,,,,,,,,,,,,,,,15,,228,224,4,1697218896,122612120,393,0,12,4,0.06657149642705917,1.0,-13.868544578552246,5.813429832458496,831.0,0.6559091117233038,3645.62890625,67.03369140625,,data/instances/transfer/real_02.cip
mix_12_4,49,2404,2404,B,,300.0,100,0.2461087852716446,2.7615699768066406,8.374613761901855,0.050000000000000044,,,,,,,,,,,,,,,,,,,,,16,,228,224,4,1697218896,122612120,393,0,12,4,0.0662921890616417,1.0,-15.980159759521484,4.889193058013916,831.0,0.645811790600419,3645.62890625,67.03369140625,,data/instances/transfer/real_02.cip
mix_12_4,49,2405,2405,B,,300.0,100,0.39215028285980225,3.023526906967163,5.014043807983398,0.050000000000000044,,,,,,,,,,,,,,,,,,,,,15,,229,224,5,1697218896,153250276,393,0,12,4,0.11620741337537766,1.0,-14.537466049194336,5.903958797454834,1.0,0.6757822446525097,3660.08203125,67.03369140625,,data/instances/transfer/real_02.cip
mix_12_4,49,2406,2406,B,,300.0,100,0.09310461580753326,2.7420079708099365,3.0322864055633545,0.050000000000000044,,,,,,,,,,,,,,,,,,,,,16,,229,224,5,1697218896,153250276,393,0,12,4,0.02767232246696949,1.0,-15.594968795776367,3.9980971813201904,1.0,0.6556352395564318,3660.08203125,67.03369140625,,data/instances/transfer/real_02.cip
mix_12_4,49,2407,2407,B,,300.0,100,0.15707871317863464,3.0472793579101562,6.202999591827393,0.050000000000000044,,,,,,,,,,,,,,,,,,,,,15,,229,224,5,1697218896,153250276,393,0,12,4,0.043590497225522995,1.0,-14.772289276123047,5.304336071014404,1.0,0.6298145204782486,3660.08203125,67.03369140625,,data/instances/transfer/real_02.cip
mix_12_4,49,2408,2408,B,,300.0,100,0.19101718068122864,2.6929612159729004,8.816060066223145,0.050000000000000044,,,,,,,,,,,,,,,,,,,,,15,,229,224,5,1697218896,153250276,393,0,12,4,0.05091526359319687,1.0,-14.204504013061523,6.229649066925049,1.0,0.6479657646268606,3660.08203125,67.03369140625,,data/instances/transfer/real_02.cip
mix_12_4,49,2409,2409,B,,300.0,100,0.23248830437660217,1.778048038482666,4.432834148406982,0.050000000000000044,,,,,,,,,,,,,,,,,,,,,14,,230,224,6,1697218896,183865308,393,0,12,4,0.11475390195846558,1.0,-14.098636627197266,5.887504577636719,1.0,0.6498783677816391,3677.015625,67.03369140625,,data/instances/transfer/real_02.cip
mix_12_4,49,2410,2410,B,,300.0,100,0.03863983228802681,1.644822359085083,3.3519527912139893,0.050000000000000044,,,,,,,,,,,,,,,,,,,,,15,,230,224,6,1697218896,183865308,393,0,12,4,0.018614398315548897,1.0,-16.800283432006836,4.855963230133057,1.0,0.6299214530736208,3677.015625,67.03369140625,,data/instances/transfer/real_02.cip
mix_12_4,49,2411,2411,B,,300.0,100,0.2411768138408661,2.3430614471435547,9.072128295898438,0.050000000000000044,,,,,,,,,,,,,,,,,,,,,15,,230,224,6,1697218896,183865308,393,0,12,4,0.09277733415365219,1.0,-16.126224517822266,4.622457504272461,1.0,0.6600928716361523,3677.015625,67.03369140625,,data/instances/transfer/real_02.cip
mix_12_4,49,2412,2412,B,,300.0,100,0.2284286916255951,2.624175548553467,10.501358985900879,0.050000000000000044,,,,,,,,,,,,,,,,,,,,,16,,230,224,6,1697218896,183865308,393,0,12,4,0.07293073832988739,1.0,-14.763338088989258,5.088777542114258,1.0,0.6559753604233265,3677.015625,67.03369140625,,data/instances/transfer/real_02.cip
mix_12_4,49,2413,2413,B,,300.0,100,0.09312043339014053,2.733154296875,3.87988543510437,0.050000000000000044,,,,,,,,,,,,,,,,,,,,,16,,231,224,7,1697218896,214395648,393,0,12,4,0.028477393090724945,1.0,-15.051406860351562,5.531366348266602,819.0,0.6472313534468412,3691.46875,67.03369140625,,data/instances/transfer/real_02.cip
mix_12_4,49,2414,2414,B,,300.0,100,0.1573621928691864,3.4186277389526367,0.5362192988395691,0.050000000000000044,,,,,,,,,,,,,,,,,,,,,16,,231,224,7,1697218896,214395648,393,0,12,4,0.04588774964213371,1.0,-15.396831512451172,3.1081089973449707,819.0,0.6645131912082434,3691.46875,67.03369140625,,data/instances/transfer/real_02.cip
mix_12_4,49,2415,2415,B,,300.0,100,0.0801309123635292,1.776151180267334,4.496476650238037,0.050000000000000044,,,,,,,,,,,,,,,,,,,,,15,,231,224,7,1697218896,214395648,393,0,12,4,0.0356169119477272,1.0,-13.696056365966797,4.623322010040283,819.0,0.6484602801501751,3691.46875,67.03369140625,,data/instances/transfer/real_02.cip
mix_12_4,49,2416,2416,B,,300.0,100,0.23726846277713776,1.4232609272003174,12.897501945495605,0.050000000000000044,,,,,,,,,,,,,,,,,,,,,15,,231,224,7,1697218896,214395648,393,0,12,4,0.06258316338062286,1.0,-12.270196914672852,7.793821811676025,819.0,0.6397932153195143,3691.46875,67.03369140625,,data/instances/transfer/real_02.cip
mix_12_4,49,2417,2417,B,,300.0,100,0.21802884340286255,3.5166594982147217,9.520557403564453,0.050000000000000044,,,,,,,,,,,,,,,,,,,,,16,,232,224,8,1697218896,245141908,393,0,12,4,0.04592820629477501,1.0,-12.503257751464844,5.839076042175293,1.0,0.6895069219172001,3722.3984375,67.03369140625,,data/instances/transfer/real_02.cip
mix_12_4,49,2418,2418,B,,300.0,100,0.04294826090335846,1.0720336437225342,1.965793490409851,0.050000000000000044,,,,,,,,,,,,,,,,,,,,,15,,232,224,8,1697218896,245141908,393,0,12,4,0.029766039922833443,1.0,-12.21738052368164,6.526022911071777,1.0,0.6387459952384233,3722.3984375,67.03369140625,,data/instances/transfer/real_02.cip
mix_12_4,49,2419,2419,B,,300.0,100,0.13475152850151062,1.4443837404251099,3.516975164413452,0.050000000000000044,,,,,,,,,,,,,,,,,,,,,15,,232,224,8,1697218896,245141908,393,0,12,4,0.07896605879068375,1.0,-14.882373809814453,6.629680633544922,1.0,0.662273658439517,3722.3984375,67.03369140625,,data/instances/transfer/real_02.cip
mix_12_4,49,2420,2420,B,,300.0,100,0.4056952893733978,2.928589105606079,13.078265190124512,0.050000000000000044,,,,,,,,,,,,,,,,,,,,,15,,232,224,8,1697218896,245141908,393,0,12,4,0.1334216445684433,1.0,-16.301162719726562,6.036355972290039,1.0,0.6418233904987574,3722.3984375,67.03369140625,,data/instances/transfer/real_02.cip
mix_12_4,49,2421,2421,B,,300.0,100,0.0563620999455452,3.244600296020508,1.6109143495559692,0.050000000000000044,,,,,,,,,,,,,,,,,,,,,15,,233,224,9,1697218896,275864420,393,0,12,4,0.016703087836503983,1.0,-16.093509674072266,4.552896022796631,1.0,0.6974319387227297,3733.9765625,67.03369140625,,data/instances/transfer/real_02.cip
mix_12_4,49,2422,2422,B,,300.0,100,0.3847549259662628,3.0312371253967285,3.155311107635498,0.050000000000000044,,,,,,,,,,,,,,,,,,,,,15,,233,224,9,1697218896,275864420,393,0,12,4,0.12206710875034332,1.0,-13.175606727600098,6.933043479919434,1.0,0.6435313187539577,3733.9765625,67.03369140625,,data/instances/transfer/real_02.cip
mix_12_4,49,2423,2423,B,,300.0,100,0.2691003978252411,3.74006724357605,2.126537799835205,0.050000000000000044,,,,,,,,,,,,,,,,,,,,,15,,233,224,9,1697218896,275864420,393,0,12,4,0.06960289925336838,1.0,-14.351804733276367,5.749783039093018,1.0,0.6818254645913839,3733.9765625,67.03369140625,,data/instances/transfer/real_02.cip
mix_12_4,49,2424,2424,B,,300.0,100,0.21214385330677032,1.683638572692871,3.9035985469818115,0.050000000000000044,,,,,,,,,,,,,,,,,,,,,16,,233,224,9,1697218896,275864420,393,0,12,4,0.1146833598613739,1.0,-13.871637344360352,5.1771321296691895,1.0,0.6843897774815559,3733.9765625,67.03369140625,,data/instances/transfer/real_02.cip
mix_12_4,49,2425,2425,B,,300.0,100,0.17314639687538147,2.1135149002075195,3.665905237197876,0.050000000000000044,,,,,,,,,,,,,,,,,,,,,15,,234,224,10,1697218896,306398932,393,0,12,4,0.07405281811952591,1.0,-15.395394325256348,5.204243183135986,1.0,0.6561807803809643,3752.16796875,67.03369140625,,data/instances/transfer/real_02.cip
mix_12_4,49,2426,2426,B,,300.0,100,0.22452795505523682,3.2146859169006348,1.087201714515686,0.050000000000000044,,,,,,,,,,,,,,,,,,,,,15,,234,224,10,1697218896,306398932,393,0,12,4,0.06589659303426743,1.0,-14.842790603637695,5.3716959953308105,1.0,0.635207436978817,3752.16796875,67.03369140625,,data/instances/transfer/real_02.cip
mix_12_4,49,2427,2427,B,,300.0,100,0.0984075516462326,2.7506136894226074,1.4663029909133911,0.050000000000000044,,,,,,,,,,,,,,,,,,,,,16,,234,224,10,1697218896,306398932,393,0,12,4,0.03526901453733444,1.0,-15.103279113769531,3.5281553268432617,1.0,0.6852505672723055,3752.16796875,67.03369140625,,data/instances/transfer/real_02.cip
mix_12_4,49,2428,2428,B,,300.0,100,0.24048149585723877,3.937476396560669,0.7121526002883911,0.050000000000000044,,,,,,,,,,,,,,,,,,,,,16,,234,224,10,1697218896,306398932,393,0,12,4,0.06290705502033234,1.0,-16.294387817382812,2.8726251125335693,1.0,0.6501419171690941,3752.16796875,67.03369140625,,data/instances/transfer/real_02.cip
mix_12_4,49,2429,2429,B,,300.0,100,0.26663827896118164,2.055619955062866,5.515976905822754,0.050000000000000044,,,,,,,,,,,,,,,,,,,,,14,,235,224,11,1697218896,336943804,393,0,12,4,0.11487741768360138,1.0,-13.19931697845459,6.42318058013916,1.0,0.638061985373497,3765.3984375,67.03369140625,,data/instances/transfer/real_02.cip
mix_12_4,49,2430,2430,B,,300.0,100,0.2657724916934967,2.029691696166992,3.3406362533569336,0.050000000000000044,,,,,,,,,,,,,,,,,,,,,16,,235,224,11,1697218896,336943804,393,0,12,4,0.12726707756519318,1.0,-13.104778289794922,7.457911968231201,1.0,0.6393414717167616,3765.3984375,67.03369140625,,data/instances/transfer/real_02.cip
mix_12_4,49,2431,2431,B,,300.0,100,0.15843923389911652,1.3721425533294678,1.879806637763977,0.050000000000000044,,,,,,,,,,,,,,,,,,,,,15,,235,224,11,1697218896,336943804,393,0,12,4,0.10446017980575562,1.0,-14.409144401550293,4.9767584800720215,1.0,0.647856067866087,3765.3984375,67.03369140625,,data/instances/transfer/real_02.cip
mix_12_4,49,2432,2432,B,,300.0,100,0.42007559537887573,3.527449607849121,3.686967611312866,0.050000000000000044,,,,,,,,,,,,,,,,,,,,,16,,235,224,11,1697218896,336943804,393,0,12,4,0.11578419804573059,1.0,-14.851785659790039,3.618814706802368,1.0,0.6692046709358692,3765.3984375,67.03369140625,,data/instances/transfer/real_02.cip
mix_12_4,49,2433,2433,B,,300.0,100,0.26580506563186646,2.629350423812866,8.748046875,0.050000000000000044,,,,,,,,,,,,,,,,,,,,,16,,236,224,12,1697218896,367584316,393,0,12,4,0.07487953454256058,1.0,-14.19590950012207,3.716130495071411,1.0,0.6790633276104927,3771.265625,67.03369140625,,data/instances/transfer/real_02.cip
mix_12_4,49,2434,2434,B,,300.0,100,0.09873245656490326,1.6288151741027832,6.050699234008789,0.050000000000000044,,,,,,,,,,,,,,,,,,,,,16,,236,224,12,1697218896,367584316,393,0,12,4,0.05370213836431503,1.0,-14.084977149963379,4.5940704345703125,1.0,0.6089095454663038,3771.265625,67.03369140625,,data/instances/transfer/real_02.cip
mix_12_4,49,2435,2435,B,,300.0,100,0.1137693002820015,1.6703091859817505,5.3007707595825195,0.050000000000000044,,,,,,,,,,,,,,,,,,,,,13,,236,224,12,1697218896,367584316,393,0,12,4,0.06198912486433983,1.0,-12.468341827392578,5.640380382537842,1.0,0.6174913719296455,3771.265625,67.03369140625,,data/instances/transfer/real_02.cip
mix_12_4,49,2436,2436,B,,300.0,100,0.1755862981081009,5.072877883911133,2.4996018409729004,0.050000000000000044,,,,,,,,,,,,,,,,,,,,,15,,236,224,12,1697218896,367584316,393,0,12,4,0.03410673514008522,1.0,-14.327722549438477,4.993227481842041,1.0,0.6519756522029638,3771.265625,67.03369140625,,data/instances/transfer/real_02.cip
mix_12_4,49,2437,2437,B,,300.0,100,0.1224592998623848,1.050574779510498,5.858956813812256,0.050000000000000044,,,,,,,,,,,,,,,,,,,,,16,,237,224,13,1697218896,398172016,393,0,12,4,0.09556888788938522,1.0,-11.974020957946777,4.264840126037598,1.0,0.6840826384723186,3789.4375,67.03369140625,,data/instances/transfer/real_02.cip
mix_12_4,49,2438,2438,B,,300.0,100,0.045630164444446564,1.7718048095703125,2.2740676403045654,0.050000000000000044,,,,,,,,,,,,,,,,,,,,,15,,237,224,13,1697218896,398172016,393,0,12,4,0.017725558951497078,1.0,-13.447834014892578,5.667044639587402,1.0,0.6484620943665504,3789.4375,67.03369140625,,data/instances/transfer/real_02.cip
mix_12_4,49,2439,2439,B,,300.0,100,0.07496912032365799,0.9174273610115051,1.0107029676437378,0.050000000000000044,,,,,,,,,,,,,,,,,,,,,15,,237,224,13,1697218896,398172016,393,0,12,4,0.07560351490974426,1.0,-11.82658576965332,3.307007312774658,1.0,0.6318809129297733,3789.4375,67.03369140625,,data/instances/transfer/real_02.cip
mix_12_4,49,2440,2440,B,,300.0,100,0.06840689480304718,0.9944442510604858,2.9820172786712646,0.050000000000000044,,,,,,,,,,,,,,,,,,,,,16,,237,224,13,1697218896,398172016,393,0,12,4,0.06098322942852974,1.0,-12.83449935913086,6.283418655395508,1.0,0.6445671711117029,3789.4375,67.03369140625,,data/instances/transfer/real_02.cip
mix_12_4,49,2441,2441,B,,300.0,100,0.19661208987236023,2.8869504928588867,2.3446204662323,0.050000000000000044,,,,,,,,,,,,,,,,,,,,,16,,238,224,14,1697218896,428533888,393,0,12,4,0.06513997167348862,1.0,-13.005792617797852,4.428524494171143,1.0,0.5287908148020506,3801.0,67.03369140625,,data/instances/transfer/real_02.cip
mix_12_4,49,2442,2442,B,,300.0,100,0.07527132332324982,1.9895110130310059,1.4999386072158813,0.050000000000000044,,,,,,,,,,,,,,,,,,,,,16,,238,224,14,1697218896,428533888,393,0,12,4,0.033329613506793976,1.0,-14.681039810180664,5.259042739868164,1.0,0.47376361675560474,3801.0,67.03369140625,,data/instances/transfer/real_02.cip
mix_12_4,49,2443,2443,B,,300.0,100,0.5787135362625122,3.855818033218384,3.35036563873291,0.050000000000000044,,,,,,,,,,,,,,,,,,,,,16,,238,224,14,1697218896,428533888,393,0,12,4,0.15186937153339386,1.0,-12.562338829040527,3.648162603378296,1.0,0.6114479135721922,3801.0,67.03369140625,,data/instances/transfer/real_02.cip
mix_12_4,49,2444,2444,B,,300.0,100,0.27640098333358765,3.003655433654785,2.392902374267578,0.050000000000000044,,,,,,,,,,,,,,,,,,,,,14,,238,224,14,1697218896,428533888,393,0,12,4,0.08255654573440552,1.0,-12.073867797851562,5.203856468200684,1.0,0.6413367632776499,3801.0,67.03369140625,,data/instances/transfer/real_02.cip
mix_12_4,49,2445,2445,B,,300.0,100,0.2347356081008911,2.326422929763794,3.5522022247314453,0.050000000000000044,,,,,,,,,,,,,,,,,,,,,15,,239,224,15,1697218896,458987572,393,0,12,4,0.08586547523736954,1.0,-13.098628997802734,5.402130126953125,1.0,0.683139918372035,3819.171875,67.03369140625,,data/instances/transfer/real_02.cip
mix_12_4,49,2446,2446,B,,300.0,100,0.3802524209022522,2.90722918510437,4.4923248291015625,0.050000000000000044,,,,,,,,,,,,,,,,,,,,,16,,239,224,15,1697218896,458987572,393,0,12,4,0.11991031467914581,1.0,-11.478824615478516,5.178544044494629,1.0,0.6587629970163107,3819.171875,67.03369140625,,data/instances/transfer/real_02.cip
mix_12_4,49,2447,2447,B,,300.0,100,0.0982985645532608,2.0369577407836914,6.127565860748291,0.050000000000000044,,,,,,,,,,,,,,,,,,,,,16,,239,224,15,1697218896,458987572,393,0,12,4,0.03796088322997093,1.0,-12.964754104614258,4.178600788116455,1.0,0.6477202009409666,3819.171875,67.03369140625,,data/instances/transfer/real_02.cip
mix_12_4,49,2448,2448,B,,300.0,100,0.03671437129378319,1.6235017776489258,1.7059037685394287,0.050000000000000044,,,,,,,,,,,,,,,,,,,,,15,,239,224,15,1697218896,458987572,393,0,12,4,0.019515477120876312,1.0,-14.042874336242676,5.763360977172852,1.0,0.6523266546428204,3819.171875,67.03369140625,,data/instances/transfer/real_02.cip
mix_12_4,49,2449,2449,B,,300.0,100,0.2464883029460907,2.5413899421691895,4.619107246398926,0.050000000000000044,,,,,,,,,,,,,,,,,,,,,16,,240,224,16,1697218896,489621188,393,0,12,4,0.09403511881828308,1.0,-15.812804222106934,3.9199326038360596,1.0,0.7008084189146757,3830.7578125,67.03369140625,,data/instances/transfer/real_02.cip
mix_12_4,49,2450,2450,B,,300.0,100,0.10742609202861786,2.3731884956359863,1.6526726484298706,0.050000000000000044,,,,,,,,,,,,,,,,,,,,,16,,240,224,16,1697218896,489621188,393,0,12,4,0.0446895956993103,1.0,-15.930929183959961,3.5257458686828613,1.0,0.6601194702088833,3830.7578125,67.03369140625,,data/instances/transfer/real_02.cip
mix_12_4,49,2451,2451,B,,300.0,100,0.47061631083488464,3.7808680534362793,11.576541900634766,0.050000000000000044,,,,,,,,,,,,,,,,,,,,,15,,240,224,16,1697218896,489621188,393,0,12,4,0.12089313566684723,1.0,-12.900226593017578,4.665018081665039,1.0,0.6434587202966213,3830.7578125,67.03369140625,,data/instances/transfer/real_02.cip
mix_12_4,49,2452,2452,B,,300.0,100,0.3274328410625458,2.4209532737731934,2.9297852516174316,0.050000000000000044,,,,,,,,,,,,,,,,,,,,,16,,240,224,16,1697218896,489621188,393,0,12,4,0.11394847184419632,1.0,-11.777582168579102,5.257465839385986,1.0,0.5466551724821329,3830.7578125,67.03369140625,,data/instances/transfer/real_02.cip
mix_12_4,49,2453,2453,B,,300.0,100,0.21379122138023376,2.191213607788086,10.402408599853516,0.050000000000000044,,,,,,,,,,,,,,,,,,,,,16,,241,224,17,1697218896,520205068,393,0,12,4,0.08146613091230392,1.0,-9.555490493774414,5.213770389556885,1.0,0.6598325036466122,3862.92578125,67.03369140625,,data/instances/transfer/real_02.cip
mix_12_4,49,2454,2454,B,,300.0,100,0.26806265115737915,3.024355888366699,5.385682106018066,0.050000000000000044,,,,,,,,,,,,,,,,,,,,,16,,241,224,17,1697218896,520205068,393,0,12,4,0.08075933903455734,1.0,-12.401830673217773,6.2386345863342285,1.0,0.654846727848053,3862.92578125,67.03369140625,,data/instances/transfer/real_02.cip
mix_12_4,49,2455,2455,B,,300.0,100,0.12961608171463013,1.969702959060669,3.3852663040161133,0.050000000000000044,,,,,,,,,,,,,,,,,,,,,14,,241,224,17,1697218896,520205068,393,0,12,4,0.0547754168510437,1.0,-12.479534149169922,4.675174236297607,1.0,0.6394389979541302,3862.92578125,67.03369140625,,data/instances/transfer/real_02.cip
mix_12_4,49,2456,2456,B,,300.0,100,0.10970325767993927,0.9913767576217651,2.0776891708374023,0.050000000000000044,,,,,,,,,,,,,,,,,,,,,15,,241,224,17,1697218896,520205068,393,0,12,4,0.10004279017448425,1.0,-14.867806434631348,6.073190212249756,1.0,0.4736004639416933,3862.92578125,67.03369140625,,data/instances/transfer/real_02.cip
mix_12_4,49,2457,2457,B,,300.0,100,0.07973381876945496,1.2684569358825684,9.053855895996094,0.050000000000000044,,,,,,,,,,,,,,,,,,,,,14,,242,224,18,1697218896,550774012,393,0,12,4,0.04685226082801819,1.0,-13.460490226745605,5.522237300872803,1.0,0.6274698302149773,3874.16015625,67.03369140625,,data/instances/transfer/real_02.cip
mix_12_4,49,2458,2458,B,,300.0,100,0.2604958713054657,3.5389561653137207,9.317214965820312,0.050000000000000044,,,,,,,,,,,,,,,,,,,,,15,,242,224,18,1697218896,550774012,393,0,12,4,0.07207715511322021,1.0,-11.340408325195312,3.9240036010742188,1.0,0.6429871283471584,3874.16015625,67.03369140625,,data/instances/transfer/real_02.cip
mix_12_4,49,2459,2459,B,,300.0,100,0.0870843157172203,3.3678131103515625,1.5663853883743286,0.050000000000000044,,,,,,,,,,,,,,,,,,,,,14,,242,224,18,1697218896,550774012,393,0,12,4,0.021995481103658676,1.0,-12.492635726928711,5.897234916687012,1.0,0.6252073347568512,3874.16015625,67.03369140625,,data/instances/transfer/real_02.cip
mix_12_4,49,2460,2460,B,,300.0,100,0.22522953152656555,2.716981887817383,8.188344955444336,0.050000000000000044,,,,,,,,,,,,,,,,,,,,,14,,242,224,18,1697218896,550774012,393,0,12,4,0.0672350525856018,1.0,-11.788747787475586,5.623565673828125,1.0,0.5125932618975639,3874.16015625,67.03369140625,,data/instances/transfer/real_02.cip
mix_12_4,49,2461,2461,B,,300.0,100,0.06691417843103409,0.5395717620849609,7.8021345138549805,0.050000000000000044,,,,,,,,,,,,,,,,,,,,,15,,243,224,19,1697218896,581531740,393,0,12,4,0.15252362191677094,1.0,-13.066036224365234,6.078543186187744,1.0,0.5505430232733488,3885.74609375,67.03369140625,,data/instances/transfer/real_02.cip
mix_12_4,49,2462,2462,B,,300.0,100,0.1538107693195343,1.4342811107635498,4.389966011047363,0.050000000000000044,,,,,,,,,,,,,,,,,,,,,15,,243,224,19,1697218896,581531740,393,0,12,4,0.08756469935178757,1.0,-13.246504783630371,5.027041912078857,1.0,0.6026808843016624,3885.74609375,67.03369140625,,data/instances/transfer/real_02.cip
mix_12_4,49,2463,2463,B,,300.0,100,0.18573887646198273,1.994153618812561,4.276160717010498,0.050000000000000044,,,,,,,,,,,,,,,,,,,,,15,,243,224,19,1697218896,581531740,393,0,12,4,0.08829524368047714,1.0,-12.509074211120605,5.032440662384033,1.0,0.6496087592095137,3885.74609375,67.03369140625,,data/instances/transfer/real_02.cip
mix_12_4,49,2464,2464,B,,300.0,100,0.09315425902605057,1.0270726680755615,8.115153312683105,0.050000000000000044,,,,,,,,,,,,,,,,,,,,,15,,243,224,19,1697218896,581531740,393,0,12,4,0.06473536789417267,1.0,-13.164958000183105,5.87131929397583,1.0,0.6366640590131283,3885.74609375,67.03369140625,,data/instances/transfer/real_02.cip
mix_12_4,49,2465,2465,B,,300.0,100,0.160508930683136,2.9623513221740723,7.007562160491943,0.050000000000000044,,,,,,,,,,,,,,,,,,,,,15,,244,224,20,1697218896,612314592,393,0,12,4,0.04854368790984154,1.0,-14.308663368225098,4.6934919357299805,1.0,0.6597462762147188,3917.9140625,67.03369140625,,data/instances/transfer/real_02.cip
mix_12_4,49,2466,2466,B,,300.0,100,0.06403200328350067,1.9324839115142822,1.5880740880966187,0.050000000000000044,,,,,,,,,,,,,,,,,,,,,16,,244,224,20,1697218896,612314592,393,0,12,4,0.02854776196181774,1.0,-13.628297805786133,3.7192461490631104,1.0,0.6437618751078844,3917.9140625,67.03369140625,,data/instances/transfer/real_02.cip
mix_12_4,49,2467,2467,B,,300.0,100,0.058252234011888504,1.5067096948623657,2.8964083194732666,0.050000000000000044,,,,,,,,,,,,,,,,,,,,,16,,244,224,20,1697218896,612314592,393,0,12,4,0.03529816493391991,1.0,-13.48206901550293,4.972620964050293,1.0,0.6576348580420017,3917.9140625,67.03369140625,,data/instances/transfer/real_02.cip
mix_12_4,49,2468,2468,B,,300.0,100,0.12405945360660553,2.504121780395508,4.497860908508301,0.050000000000000044,,,,,,,,,,,,,,,,,,,,,16,,244,224,20,1697218896,612314592,393,0,12,4,0.046661194413900375,1.0,-11.794020652770996,4.934255123138428,1.0,0.6600000932812691,3917.9140625,67.03369140625,,data/instances/transfer/real_02.cip
mix_12_4,49,2469,2469,B,,300.0,100,0.1391710788011551,1.1486964225769043,10.694869995117188,0.050000000000000044,,,,,,,,,,,,,,,,,,,,,15,,245,224,21,1697218896,643048752,393,0,12,4,0.09226100146770477,1.0,-11.284906387329102,7.038560390472412,1.0,0.6784158572554588,3929.50390625,67.03369140625,,data/instances/transfer/real_02.cip
mix_12_4,49,2470,2470,B,,300.0,100,0.358409583568573,3.013214588165283,11.783900260925293,0.050000000000000044,,,,,,,,,,,,,,,,,,,,,16,,245,224,21,1697218896,643048752,393,0,12,4,0.10394515842199326,1.0,-10.294757843017578,4.399592876434326,1.0,0.6620716508477926,3929.50390625,67.03369140625,,data/instances/transfer/real_02.cip
mix_12_4,49,2471,2471,B,,300.0,100,0.4419395327568054,2.5251500606536865,13.227288246154785,0.050000000000000044,,,,,,,,,,,,,,,,,,,,,16,,245,224,21,1697218896,643048752,393,0,12,4,0.15816965699195862,1.0,-15.317886352539062,5.50126838684082,1.0,0.6682121995836496,3929.50390625,67.03369140625,,data/instances/transfer/real_02.cip
mix_12_4,49,2472,2472,B,,300.0,100,0.16622917354106903,2.098883628845215,11.595752716064453,0.050000000000000044,,,,,,,,,,,,,,,,,,,,,16,,245,224,21,1697218896,643048752,393,0,12,4,0.06482673436403275,1.0,-14.099893569946289,4.546999454498291,1.0,0.6710006278008223,3929.50390625,67.03369140625,,data/instances/transfer/real_02.cip
mix_12_4,49,2473,2473,B,,300.0,100,0.22268487513065338,3.2363767623901367,7.9409050941467285,0.050000000000000044,,,,,,,,,,,,,,,,,,,,,16,,246,224,22,1697218896,673755080,393,0,12,4,0.06178930401802063,1.0,-13.700361251831055,4.157484531402588,1.0,0.6807380896061659,3929.50390625,67.03369140625,,data/instances/transfer/real_02.cip
mix_12_4,49,2474,2474,B,,300.0,100,0.07537044584751129,1.9371037483215332,1.47329580783844,0.050000000000000044,,,,,,,,,,,,,,,,,,,,,15,,246,224,22,1697218896,673755080,393,0,12,4,0.029089996591210365,1.0,-10.021883010864258,6.187581539154053,1.0,0.6457549426704645,3929.50390625,67.03369140625,,data/instances/transfer/real_02.cip
mix_12_4,49,2475,2475,B,,300.0,100,0.19337433576583862,3.439793109893799,1.2677181959152222,0.050000000000000044,,,,,,,,,,,,,,,,,,,,,15,,246,224,22,1697218896,673755080,393,0,12,4,0.04952795058488846,1.0,-12.044236183166504,4.375521659851074,1.0,0.6547392159700394,3929.50390625,67.03369140625,,data/instances/transfer/real_02.cip
mix_12_4,49,2476,2476,B,,300.0,100,0.1912747323513031,2.5007948875427246,10.260435104370117,0.050000000000000044,,,,,,,,,,,,,,,,,,,,,16,,246,224,22,1697218896,673755080,393,0,12,4,0.06704103946685791,1.0,-13.072681427001953,4.394749164581299,1.0,0.6695181708782911,3929.50390625,67.03369140625,,data/instances/transfer/real_02.cip
mix_12_4,49,2477,2477,B,,300.0,100,0.3463268280029297,2.886273145675659,5.929800033569336,0.050000000000000044,,,,,,,,,,,,,,,,,,,,,15,,247,224,23,1697218896,704527180,393,0,12,4,0.10779300332069397,1.0,-10.435298919677734,5.915825366973877,1.0,0.6900633368641138,3940.375,67.03369140625,,data/instances/transfer/real_02.cip
mix_12_4,49,2478,2478,B,,300.0,100,0.26041433215141296,2.4545865058898926,4.5720391273498535,0.050000000000000044,,,,,,,,,,,,,,,,,,,,,16,,247,224,23,1697218896,704527180,393,0,12,4,0.10280533879995346,1.0,-12.401994705200195,4.52444314956665,1.0,0.6433378309011459,3940.375,67.03369140625,,data/instances/transfer/real_02.cip
mix_12_4,49,2479,2479,B,,300.0,100,0.12112348526716232,1.4619306325912476,5.29691743850708,0.050000000000000044,,,,,,,,,,,,,,,,,,,,,15,,247,224,23,1697218896,704527180,393,0,12,4,0.06558569520711899,1.0,-13.383523941040039,4.387278079986572,1.0,0.6448200959712267,3940.375,67.03369140625,,data/instances/transfer/real_02.cip
mix_12_4,49,2480,2480,B,,300.0,100,0.056796006858348846,1.7919814586639404,1.171474814414978,0.050000000000000044,,,,,,,,,,,,,,,,,,,,,15,,247,224,23,1697218896,704527180,393,0,12,4,0.025185786187648773,1.0,-13.953492164611816,4.750967025756836,1.0,0.6530504561960697,3940.375,67.03369140625,,data/instances/transfer/real_02.cip
mix_12_4,49,2481,2481,B,,300.0,100,0.4429057240486145,3.4666385650634766,16.427005767822266,0.050000000000000044,,,,,,,,,,,,,,,,,,,,,16,,248,224,24,1697218896,735188856,393,0,12,4,0.1172558143734932,1.0,-12.986183166503906,5.071226596832275,1.0,0.6729954294860363,3958.94921875,67.03369140625,,data/instances/transfer/real_02.cip
mix_12_4,49,2482,2482,B,,300.0,100,0.08878494054079056,2.155672550201416,5.275402069091797,0.050000000000000044,,,,,,,,,,,,,,,,,,,,,15,,248,224,24,1697218896,735188856,393,0,12,4,0.03735347464680672,1.0,-15.019197463989258,4.598974227905273,1.0,0.6567384842783213,3958.94921875,67.03369140625,,data/instances/transfer/real_02.cip
mix_12_4,49,2483,2483,B,,300.0,100,0.02898538112640381,0.885812520980835,2.0624308586120605,0.050000000000000044,,,,,,,,,,,,,,,,,,,,,16,,248,224,24,1697218896,735188856,393,0,12,4,0.030988343060016632,1.0,-11.471874237060547,6.494390487670898,1.0,0.6550774481147528,3958.94921875,67.03369140625,,data/instances/transfer/real_02.cip
mix_12_4,49,2484,2484,B,,300.0,100,0.08119942247867584,1.8979606628417969,7.132816791534424,0.050000000000000044,,,,,,,,,,,,,,,,,,,,,13,,248,224,24,1697218896,735188856,393,0,12,4,0.022210152819752693,1.0,-10.49675464630127,5.803742408752441,1.0,0.6210323143750429,3958.94921875,67.03369140625,,data/instances/transfer/real_02.cip
mix_12_4,49,2485,2485,B,,300.0,100,0.02652600221335888,0.41314589977264404,3.6007673740386963,0.050000000000000044,,,,,,,,,,,,,,,,,,,,,15,,249,224,25,1697218896,765799900,393,0,12,4,0.14992372691631317,1.0,-12.655298233032227,6.555390357971191,1.0,0.6447868403047323,3979.171875,67.03369140625,,data/instances/transfer/real_02.cip
mix_12_4,49,2486,2486,B,,300.0,100,0.09458259493112564,1.968738079071045,2.4333319664001465,0.050000000000000044,,,,,,,,,,,,,,,,,,,,,16,,249,224,25,1697218896,765799900,393,0,12,4,0.046136222779750824,1.0,-14.65281867980957,4.093812465667725,1.0,0.6539655216038227,3979.171875,67.03369140625,,data/instances/transfer/real_02.cip
mix_12_4,49,2487,2487,B,,300.0,100,0.2662084400653839,3.546700954437256,2.1759424209594727,0.050000000000000044,,,,,,,,,,,,,,,,,,,,,16,,249,224,25,1697218896,765799900,393,0,12,4,0.07542622834444046,1.0,-11.335066795349121,5.0866265296936035,1.0,0.6482880916446447,3979.171875,67.03369140625,,data/instances/transfer/real_02.cip
mix_12_4,49,2488,2488,B,,300.0,100,0.35413384437561035,3.1053824424743652,5.560348987579346,0.050000000000000044,,,,,,,,,,,,,,,,,,,,,15,,249,224,25,1697218896,765799900,393,0,12,4,0.10345819592475891,1.0,-12.492574691772461,5.137543201446533,1.0,0.6341828741133213,3979.171875,67.03369140625,,data/instances/transfer/real_02.cip
mix_12_4,49,2489,2489,B,,300.0,100,0.039372965693473816,0.5235514640808105,5.154129981994629,0.050000000000000044,,,,,,,,,,,,,,,,,,,,,15,,250,224,26,1697218896,796424588,393,0,12,4,0.10831176489591599,1.0,-10.482564926147461,6.083625793457031,1.0,0.6422948352992535,3985.79296875,67.03369140625,,data/instances/transfer/real_02.cip
mix_12_4,49,2490,2490,B,,300.0,100,0.07462799549102783,2.294534683227539,3.029787063598633,0.050000000000000044,,,,,,,,,,,,,,,,,,,,,16,,250,224,26,1697218896,796424588,393,0,12,4,0.03059685043990612,1.0,-12.593918800354004,4.275513172149658,1.0,0.5829453058540821,3985.79296875,67.03369140625,,data/instances/transfer/real_02.cip
mix_12_4,49,2491,2491,B,,300.0,100,0.23602575063705444,1.646978735923767,3.6526010036468506,0.050000000000000044,,,,,,,,,,,,,,,,,,,,,14,,250,224,26,1697218896,796424588,393,0,12,4,0.12083769589662552,1.0,-10.718597412109375,7.39959716796875,1.0,0.6120999250560999,3985.79296875,67.03369140625,,data/instances/transfer/real_02.cip
mix_12_4,49,2492,2492,B,,300.0,100,0.2692216634750366,3.36407470703125,3.4521281719207764,0.050000000000000044,,,,,,,,,,,,,,,,,,,,,15,,250,224,26,1697218896,796424588,393,0,12,4,0.07395052164793015,1.0,-10.646293640136719,5.68821907043457,1.0,0.6553131602704525,3985.79296875,67.03369140625,,data/instances/transfer/real_02.cip
mix_12_4,49,2493,2493,B,,300.0,100,0.027385089546442032,0.7011388540267944,0.5416262149810791,0.050000000000000044,,,,,,,,,,,,,,,,,,,,,15,,251,224,27,1697218896,826974604,393,0,12,4,0.037180095911026,1.0,-13.679916381835938,4.801731586456299,1.0,0.6629846822470427,4000.87109375,67.03369140625,,data/instances/transfer/real_02.cip
mix_12_4,49,2494,2494,B,,300.0,100,0.13216865062713623,2.62060546875,3.8521649837493896,0.050000000000000044,,,,,,,,,,,,,,,,,,,,,15,,251,224,27,1697218896,826974604,393,0,12,4,0.04517113417387009,1.0,-10.326079368591309,5.8470988273620605,1.0,0.649358406662941,4000.87109375,67.03369140625,,data/instances/transfer/real_02.cip
mix_12_4,49,2495,2495,B,,300.0,100,0.17647148668766022,2.6945977210998535,5.6601362228393555,0.050000000000000044,,,,,,,,,,,,,,,,,,,,,15,,251,224,27,1697218896,826974604,393,0,12,4,0.057260170578956604,1.0,-12.85307502746582,5.033371448516846,1.0,0.6546994931995869,4000.87109375,67.03369140625,,data/instances/transfer/real_02.cip
mix_12_4,49,2496,2496,B,,300.0,100,0.18536168336868286,3.062267303466797,1.650283694267273,0.050000000000000044,,,,,,,,,,,,,,,,,,,,,16,,251,224,27,1697218896,826974604,393,0,12,4,0.05699922889471054,1.0,-12.741954803466797,4.746070384979248,1.0,0.6585403885692358,4000.87109375,67.03369140625,,data/instances/transfer/real_02.cip
mix_12_4,49,2497,2497,B,,300.0,100,0.02304408885538578,1.563370704650879,1.1022614240646362,0.050000000000000044,,,,,,,,,,,,,,,,,,,,,14,,252,224,28,1697218896,857496292,393,0,12,4,0.011449504643678665,1.0,-11.330157279968262,5.313706874847412,1.0,0.6547373048961163,4025.75,67.03369140625,,data/instances/transfer/real_02.cip
mix_12_4,49,2498,2498,B,,300.0,100,0.21762636303901672,1.7897348403930664,5.562916278839111,0.050000000000000044,,,,,,,,,,,,,,,,,,,,,16,,252,224,28,1697218896,857496292,393,0,12,4,0.11317054182291031,1.0,-10.644636154174805,5.109038352966309,1.0,0.6717973705381155,4025.75,67.03369140625,,data/instances/transfer/real_02.cip
mix_12_4,49,2499,2499,B,,300.0,100,0.14422623813152313,3.120450496673584,1.5533795356750488,0.050000000000000044,,,,,,,,,,,,,,,,,,,,,15,,252,224,28,1697218896,857496292,393,0,12,4,0.043850645422935486,1.0,-12.096205711364746,5.514199733734131,1.0,0.6327754445374012,4025.75,67.03369140625,,data/instances/transfer/real_02.cip
mix_12_4,49,2500,2500,B,,300.0,100,0.2803204655647278,2.3638124465942383,3.0190348625183105,0.050000000000000044,,,,,,,,,,,,,,,,,,,,,14,,252,224,28,1697218896,857496292,393,0,12,4,0.11354730278253555,1.0,-9.697519302368164,7.019208908081055,1.0,0.6450117696076632,4025.75,67.03369140625,,data/instances/transfer/real_02.cip
episode,49,2500,2500,B,,300.0,100,0.2803204655647278,2.3638124465942383,3.0190348625183105,0.050000000000000044,-30.3879,-30.0,-0.3879000000000001,-30.3879,True,31,302.293527,,,,,,,,inf,1e+20,600.0,inf,0.0,52689,14,True,254,224,30,1697218896,918544344,393,0,12,4,,,,,55.93333333333333,,3784.75,67.03369140625,timelimit,data/instances/transfer/real_02.cip
validation,50,2500,2500,B,,,,,,,,,,,,,,,1.0,9.706444,inf,0.0,9.706444,1.0,8436.0,,,,,,,,,254,224,30,1697218896,918544344,393,0,,,,,,,,,,,optimal,data/instances/validation/real_08.cip
mix_12_4,50,2501,2501,B,,60.0,100,0.020030155777931213,0.9413657188415527,1.6057308912277222,0.050000000000000044,,,,,,,,,,,,,,,,,,,,,16,,254,224,30,1697218896,918544344,393,0,12,4,0.01702781207859516,1.0,-15.012458801269531,5.565588474273682,1.0,0.6659364532679319,3795.92578125,67.03369140625,,data/instances/transfer/real_01.cip
mix_12_4,50,2502,2502,B,,60.0,100,0.0876859501004219,1.295756220817566,4.788292407989502,0.050000000000000044,,,,,,,,,,,,,,,,,,,,,16,,254,224,30,1697218896,918544344,393,0,12,4,0.05553828924894333,1.0,-13.102179527282715,6.2895402908325195,1.0,0.6860007811337709,3795.92578125,67.03369140625,,data/instances/transfer/real_01.cip
mix_12_4,50,2503,2503,B,,60.0,100,0.17128561437129974,2.565253257751465,4.7910590171813965,0.050000000000000044,,,,,,,,,,,,,,,,,,,,,14,,254,224,30,1697218896,918544344,393,0,12,4,0.05878534913063049,1.0,-9.464975357055664,5.392551898956299,1.0,0.6463186722248793,3795.92578125,67.03369140625,,data/instances/transfer/real_01.cip
mix_12_4,50,2504,2504,B,,60.0,100,0.21093730628490448,3.858388900756836,4.6161956787109375,0.050000000000000044,,,,,,,,,,,,,,,,,,,,,16,,254,224,30,1697218896,918544344,393,0,12,4,0.05349256098270416,1.0,-12.516345977783203,5.194415092468262,1.0,0.6555387526750565,3795.92578125,67.03369140625,,data/instances/transfer/real_01.cip
mix_12_4,50,2505,2505,B,,60.0,100,0.11085295677185059,1.9950027465820312,1.053176760673523,0.050000000000000044,,,,,,,,,,,,,,,,,,,,,16,,254,224,30,1697218896,918544344,393,0,12,4,0.0496184341609478,1.0,-11.420620918273926,5.47458553314209,1.0,0.643511563539505,3795.92578125,67.03369140625,,data/instances/transfer/real_01.cip
mix_12_4,50,2506,2506,B,,60.0,100,0.11327590048313141,1.7758214473724365,2.007056713104248,0.050000000000000044,,,,,,,,,,,,,,,,,,,,,15,,254,224,30,1697218896,918544344,393,0,12,4,0.060185663402080536,1.0,-11.774602890014648,6.5407819747924805,1.0,0.6513530537486076,3795.92578125,67.03369140625,,data/instances/transfer/real_01.cip
mix_12_4,50,2507,2507,B,,60.0,100,0.04856518283486366,1.9999864101409912,1.7086361646652222,0.050000000000000044,,,,,,,,,,,,,,,,,,,,,16,,254,224,30,1697218896,918544344,393,0,12,4,0.022191515192389488,1.0,-12.035608291625977,6.164425849914551,1.0,0.6476506497710943,3795.92578125,67.03369140625,,data/instances/transfer/real_01.cip
mix_12_4,50,2508,2508,B,,60.0,100,0.10602012276649475,3.9889540672302246,2.565819025039673,0.050000000000000044,,,,,,,,,,,,,,,,,,,,,15,,254,224,30,1697218896,918544344,393,0,12,4,0.022991204634308815,1.0,-11.58566665649414,5.971559047698975,1.0,0.6470778472721577,3795.92578125,67.03369140625,,data/instances/transfer/real_01.cip
mix_12_4,50,2509,2509,B,,60.0,100,0.12251122295856476,2.0281643867492676,2.679816722869873,0.050000000000000044,,,,,,,,,,,,,,,,,,,,,15,,254,224,30,1700702292,918544344,394,0,12,4,0.05455095320940018,1.0,-11.600107192993164,6.1131591796875,1.0,0.620632478967309,3795.92578125,67.03369140625,,data/instances/transfer/real_01.cip
mix_12_4,50,2510,2510,B,,60.0,100,0.09989049285650253,2.8094112873077393,1.9492206573486328,0.050000000000000044,,,,,,,,,,,,,,,,,,,,,16,,254,224,30,1700702292,918544344,394,0,12,4,0.03255142271518707,1.0,-13.764205932617188,5.132902145385742,1.0,0.6141156479716301,3795.92578125,67.03369140625,,data/instances/transfer/real_01.cip
mix_12_4,50,2511,2511,B,,60.0,100,0.20012690126895905,2.331942558288574,5.003276824951172,0.050000000000000044,,,,,,,,,,,,,,,,,,,,,15,,254,224,30,1700702292,918544344,394,0,12,4,0.08141373842954636,1.0,-10.131387710571289,6.159244537353516,1.0,0.6115643829107285,3795.92578125,67.03369140625,,data/instances/transfer/real_01.cip
mix_12_4,50,2512,2512,B,,60.0,100,0.06098394840955734,3.1802191734313965,0.7383270859718323,0.050000000000000044,,,,,,,,,,,,,,,,,,,,,16,,254,224,30,1700702292,918544344,394,0,12,4,0.01927158422768116,1.0,-11.76248550415039,7.0937581062316895,1.0,0.644049720838666,3795.92578125,67.03369140625,,data/instances/transfer/real_01.cip
mix_12_4,50,2513,2513,B,,60.0,100,0.29117947816848755,2.603083610534668,7.576681613922119,0.050000000000000044,,,,,,,,,,,,,,,,,,,,,16,,254,224,30,1699440084,918544344,395,0,12,4,0.10058455169200897,1.0,-13.857216835021973,5.693803310394287,1.0,0.6444826778024435,3795.92578125,67.03369140625,,data/instances/transfer/real_01.cip
mix_12_4,50,2514,2514,B,,60.0,100,0.3832748234272003,2.6182823181152344,10.224596977233887,0.050000000000000044,,,,,,,,,,,,,,,,,,,,,16,,254,224,30,1699440084,918544344,395,0,12,4,0.1382475048303604,1.0,-14.744932174682617,3.8573479652404785,1.0,0.6356780752539635,3795.92578125,67.03369140625,,data/instances/transfer/real_01.cip
mix_12_4,50,2515,2515,B,,60.0,100,0.49292874336242676,3.6790804862976074,5.425570487976074,0.050000000000000044,,,,,,,,,,,,,,,,,,,,,15,,254,224,30,1699440084,918544344,395,0,12,4,0.1339379847049713,1.0,-14.640741348266602,4.610955238342285,1.0,0.6373045444488525,3795.92578125,67.03369140625,,data/instances/transfer/real_01.cip
mix_12_4,50,2516,2516,B,,60.0,100,0.24178388714790344,2.5358848571777344,7.681593894958496,0.050000000000000044,,,,,,,,,,,,,,,,,,,,,16,,254,224,30,1699440084,918544344,395,0,12,4,0.08941977471113205,1.0,-12.162343978881836,6.095226764678955,1.0,0.6382551807910204,3795.92578125,67.03369140625,,data/instances/transfer/real_01.cip
mix_12_4,50,2517,2517,B,,60.0,100,0.14327844977378845,2.1662437915802,7.036009311676025,0.050000000000000044,,,,,,,,,,,,,,,,,,,,,13,,254,224,30,1698661272,918544344,396,0,12,4,0.05580027028918266,1.0,-10.581233024597168,5.935544967651367,1.0,0.6098624523729086,3795.92578125,67.03369140625,,data/instances/transfer/real_01.cip
mix_12_4,50,2518,2518,B,,60.0,100,0.20947134494781494,2.480417251586914,4.895117282867432,0.050000000000000044,,,,,,,,,,,,,,,,,,,,,16,,254,224,30,1698661272,918544344,396,0,12,4,0.07862736284732819,1.0,-12.626181602478027,5.397775173187256,1.0,0.6409635990858078,3795.92578125,67.03369140625,,data/instances/transfer/real_01.cip
mix_12_4,50,2519,2519,B,,60.0,100,0.004715610295534134,1.487385630607605,0.29458966851234436,0.050000000000000044,,,,,,,,,,,,,,,,,,,,,16,,254,224,30,1698661272,918544344,396,0,12,4,0.003015246009454131,1.0,-14.139678955078125,5.148464679718018,1.0,0.6535079292953014,3795.92578125,67.03369140625,,data/instances/transfer/real_01.cip
mix_12_4,50,2520,2520,B,,60.0,100,0.32460537552833557,2.2525434494018555,7.286746978759766,0.050000000000000044,,,,,,,,,,,,,,,,,,,,,16,,254,224,30,1698661272,918544344,396,0,12,4,0.12195335328578949,1.0,-12.389564514160156,6.894585609436035,1.0,0.6359900496900082,3795.92578125,67.03369140625,,data/instances/transfer/real_01.cip
mix_12_4,50,2521,2521,B,,60.0,100,0.2825295031070709,4.652647495269775,1.6380250453948975,0.050000000000000044,,,,,,,,,,,,,,,,,,,,,16,,254,224,30,1697690484,918544344,397,0,12,4,0.060468509793281555,1.0,-11.941915512084961,6.134860038757324,1.0,0.6267878673970699,3795.92578125,67.03369140625,,data/instances/transfer/real_01.cip
mix_12_4,50,2522,2522,B,,60.0,100,0.11576516181230545,2.29813289642334,3.1908230781555176,0.050000000000000044,,,,,,,,,,,,,,,,,,,,,16,,254,224,30,1697690484,918544344,397,0,12,4,0.04989296942949295,1.0,-12.743964195251465,5.556449890136719,1.0,0.6601986922323704,3795.92578125,67.03369140625,,data/instances/transfer/real_01.cip
mix_12_4,50,2523,2523,B,,60.0,100,0.3043029010295868,2.9693150520324707,2.5554730892181396,0.050000000000000044,,,,,,,,,,,,,,,,,,,,,14,,254,224,30,1697690484,918544344,397,0,12,4,0.09861883521080017,1.0,-11.608250617980957,6.273544788360596,1.0,0.6365313082933426,3795.92578125,67.03369140625,,data/instances/transfer/real_01.cip
mix_12_4,50,2524,2524,B,,60.0,100,0.04248761013150215,1.942734718322754,1.8833369016647339,0.050000000000000044,,,,,,,,,,,,,,,,,,,,,16,,254,224,30,1697690484,918544344,397,0,12,4,0.015592039562761784,1.0,-11.779743194580078,5.5411858558654785,1.0,0.6404731068760157,3795.92578125,67.03369140625,,data/instances/transfer/real_01.cip
mix_12_4,50,2525,2525,B,,60.0,100,0.10827464610338211,2.1595659255981445,1.2267425060272217,0.050000000000000044,,,,,,,,,,,,,,,,,,,,,16,,254,224,30,1696703592,918544344,398,0,12,4,0.048103462904691696,1.0,-9.678766250610352,5.979104995727539,1.0,0.6194514371454716,3795.92578125,67.03369140625,,data/instances/transfer/real_01.cip
mix_12_4,50,2526,2526,B,,60.0,100,0.18509256839752197,2.7723753452301025,1.5922012329101562,0.050000000000000044,,,,,,,,,,,,,,,,,,,,,16,,254,224,30,1696703592,918544344,398,0,12,4,0.06272812187671661,1.0,-14.432914733886719,5.581831455230713,1.0,0.6546834222972393,3795.92578125,67.03369140625,,data/instances/transfer/real_01.cip
mix_12_4,50,2527,2527,B,,60.0,100,0.18788009881973267,2.014500379562378,10.63357162475586,0.050000000000000044,,,,,,,,,,,,,,,,,,,,,16,,254,224,30,1696703592,918544344,398,0,12,4,0.07974190264940262,1.0,-12.69241714477539,5.063559532165527,1.0,0.6618161834776402,3795.92578125,67.03369140625,,data/instances/transfer/real_01.cip
mix_12_4,50,2528,2528,B,,60.0,100,0.38815438747406006,3.8691368103027344,0.6963172554969788,0.050000000000000044,,,,,,,,,,,,,,,,,,,,,16,,254,224,30,1696703592,918544344,398,0,12,4,0.09753826260566711,1.0,-11.230680465698242,5.563462734222412,1.0,0.644856009632349,3795.92578125,67.03369140625,,data/instances/transfer/real_01.cip
mix_12_4,50,2529,2529,B,,60.0,100,0.25165531039237976,2.268202781677246,11.384664535522461,0.050000000000000044,,,,,,,,,,,,,,,,,,,,,16,,254,224,30,1695552516,918544344,399,0,12,4,0.09355580061674118,1.0,-10.152420043945312,6.3268866539001465,1.0,0.6273174975067377,3795.92578125,67.03369140625,,data/instances/transfer/real_01.cip
mix_12_4,50,2530,2530,B,,60.0,100,0.19742824137210846,3.9915578365325928,3.9615042209625244,0.050000000000000044,,,,,,,,,,,,,,,,,,,,,16,,254,224,30,1695552516,918544344,399,0,12,4,0.047744300216436386,1.0,-11.054621696472168,4.931206226348877,1.0,0.6482070069760084,3795.92578125,67.03369140625,,data/instances/transfer/real_01.cip
mix_12_4,50,2531,2531,B,,60.0,100,0.088951475918293,1.8882311582565308,0.6527923345565796,0.050000000000000044,,,,,,,,,,,,,,,,,,,,,16,,254,224,30,1695552516,918544344,399,0,12,4,0.04474637657403946,1.0,-13.755477905273438,4.994725704193115,1.0,0.6607654355466366,3795.92578125,67.03369140625,,data/instances/transfer/real_01.cip
mix_12_4,50,2532,2532,B,,60.0,100,0.12695199251174927,4.69404411315918,4.133528232574463,0.050000000000000044,,,,,,,,,,,,,,,,,,,,,16,,254,224,30,1695552516,918544344,399,0,12,4,0.02646525390446186,1.0,-12.948803901672363,5.006158828735352,1.0,0.6562707629054785,3795.92578125,67.03369140625,,data/instances/transfer/real_01.cip
mix_12_4,50,2533,2533,B,,60.0,100,0.07176260650157928,1.5652087926864624,5.757055282592773,0.050000000000000044,,,,,,,,,,,,,,,,,,,,,16,,254,224,30,1694400388,918544344,400,0,12,4,0.034147605299949646,1.0,-10.243915557861328,6.311069965362549,1.0,0.6524668969213963,3795.92578125,67.03369140625,,data/instances/transfer/real_01.cip
mix_12_4,50,2534,2534,B,,60.0,100,0.18677690625190735,3.0871706008911133,3.7260751724243164,0.050000000000000044,,,,,,,,,,,,,,,,,,,,,15,,254,224,30,1694400388,918544344,400,0,12,4,0.057582251727581024,1.0,-12.288366317749023,5.816143035888672,1.0,0.6531625017523766,3795.92578125,67.03369140625,,data/instances/transfer/real_01.cip
mix_12_4,50,2535,2535,B,,60.0,100,0.13815712928771973,2.4576992988586426,0.7949311137199402,0.050000000000000044,,,,,,,,,,,,,,,,,,,,,15,,254,224,30,1694400388,918544344,400,0,12,4,0.052911676466464996,1.0,-11.431344032287598,5.523900985717773,1.0,0.6237684208899736,3795.92578125,67.03369140625,,data/instances/transfer/real_01.cip
mix_12_4,50,2536,2536,B,,60.0,100,0.10455192625522614,1.6768085956573486,7.3035969734191895,0.050000000000000044,,,,,,,,,,,,,,,,,,,,,15,,254,224,30,1694400388,918544344,400,0,12,4,0.04566114395856857,1.0,-11.86223030090332,5.967729091644287,1.0,0.6308274157345295,3795.92578125,67.03369140625,,data/instances/transfer/real_01.cip
mix_12_4,50,2537,2537,B,,60.0,100,0.2800513803958893,3.189396858215332,6.405357837677002,0.050000000000000044,,,,,,,,,,,,,,,,,,,,,15,,254,224,30,1693204204,918544344,401,0,12,4,0.08275120705366135,1.0,-12.884678840637207,5.883505821228027,1.0,0.6482709962874651,3795.92578125,67.03369140625,,data/instances/transfer/real_01.cip
mix_12_4,50,2538,2538,B,,60.0,100,0.10221746563911438,2.4807469844818115,2.7860312461853027,0.050000000000000044,,,,,,,,,,,,,,,,,,,,,14,,254,224,30,1693204204,918544344,401,0,12,4,0.035635266453027725,1.0,-12.341001510620117,6.458935737609863,1.0,0.6518844459205866,3795.92578125,67.03369140625,,data/instances/transfer/real_01.cip
mix_12_4,50,2539,2539,B,,60.0,100,0.16005471348762512,2.864149570465088,1.3450629711151123,0.050000000000000044,,,,,,,,,,,,,,,,,,,,,16,,254,224,30,1693204204,918544344,401,0,12,4,0.055279169231653214,1.0,-14.079232215881348,5.519535541534424,1.0,0.6323500797152519,3795.92578125,67.03369140625,,data/instances/transfer/real_01.cip
mix_12_4,50,2540,2540,B,,60.0,100,0.04761984571814537,2.3398313522338867,4.775444984436035,0.050000000000000044,,,,,,,,,,,,,,,,,,,,,16,,254,224,30,1693204204,918544344,401,0,12,4,0.011207503266632557,1.0,-13.995877265930176,5.035262107849121,1.0,0.6410308834165335,3795.92578125,67.03369140625,,data/instances/transfer/real_01.cip
mix_12_4,50,2541,2541,B,,60.0,100,0.03007492795586586,0.9725915193557739,4.37269401550293,0.050000000000000044,,,,,,,,,,,,,,,,,,,,,16,,254,224,30,1691891992,918544344,402,0,12,4,0.010915333405137062,1.0,-12.25979995727539,5.55179500579834,234.0,0.6440806798636913,3795.92578125,67.03369140625,,data/instances/transfer/real_01.cip
mix_12_4,50,2542,2542,B,,60.0,100,0.23055478930473328,1.6430964469909668,13.018608093261719,0.050000000000000044,,,,,,,,,,,,,,,,,,,,,15,,254,224,30,1691891992,918544344,402,0,12,4,0.110519178211689,1.0,-15.221895217895508,4.5158843994140625,234.0,0.6424210965633392,3795.92578125,67.03369140625,,data/instances/transfer/real_01.cip
mix_12_4,50,2543,2543,B,,60.0,100,0.10375943779945374,1.8654227256774902,1.7481372356414795,0.050000000000000044,,,,,,,,,,,,,,,,,,,,,15,,254,224,30,1691891992,918544344,402,0,12,4,0.04764033108949661,1.0,-11.551288604736328,5.277495861053467,234.0,0.6463441997766495,3795.92578125,67.03369140625,,data/instances/transfer/real_01.cip
mix_12_4,50,2544,2544,B,,60.0,100,0.10813504457473755,0.9068218469619751,13.328611373901367,0.050000000000000044,,,,,,,,,,,,,,,,,,,,,16,,254,224,30,1691891992,918544344,402,0,12,4,0.07846836000680923,1.0,-11.66775131225586,5.629267692565918,234.0,0.643963010981679,3795.92578125,67.03369140625,,data/instances/transfer/real_01.cip
mix_12_4,50,2545,2545,B,,60.0,100,0.14636102318763733,1.4783059358596802,13.320291519165039,0.050000000000000044,,,,,,,,,,,,,,,,,,,,,16,,254,224,30,1690589000,918544344,403,0,12,4,0.07453091442584991,1.0,-11.563347816467285,5.145638465881348,1.0,0.6433525420725346,3795.92578125,67.03369140625,,data/instances/transfer/real_01.cip
mix_12_4,50,2546,2546,B,,60.0,100,0.11679920554161072,3.784494400024414,1.7216864824295044,0.050000000000000044,,,,,,,,,,,,,,,,,,,,,16,,254,224,30,1690589000,918544344,403,0,12,4,0.029579177498817444,1.0,-15.146268844604492,4.854944705963135,1.0,0.6404121182858944,3795.92578125,67.03369140625,,data/instances/transfer/real_01.cip
mix_12_4,50,2547,2547,B,,60.0,100,0.2149243950843811,3.5613179206848145,3.5388522148132324,0.050000000000000044,,,,,,,,,,,,,,,,,,,,,15,,254,224,30,1690589000,918544344,403,0,12,4,0.0570719912648201,1.0,-10.1038236618042,5.824413776397705,1.0,0.6558427046984434,3795.92578125,67.03369140625,,data/instances/transfer/real_01.cip
mix_12_4,50,2548,2548,B,,60.0,100,0.04846634343266487,1.6159926652908325,4.502254486083984,0.050000000000000044,,,,,,,,,,,,,,,,,,,,,15,,254,224,30,1690589000,918544344,403,0,12,4,0.025966454297304153,1.0,-11.507022857666016,6.570366859436035,1.0,0.647512711584568,3795.92578125,67.03369140625,,data/instances/transfer/real_01.cip
mix_12_4,50,2549,2549,B,,60.0,100,0.10171478241682053,2.253051519393921,9.721715927124023,0.050000000000000044,,,,,,,,,,,,,,,,,,,,,15,,254,224,30,1689240068,918544344,404,0,12,4,0.035443976521492004,1.0,-12.629549026489258,4.909774303436279,1.0,0.6267465204000473,3795.92578125,67.03369140625,,data/instances/transfer/real_01.cip
mix_12_4,50,2550,2550,B,,60.0,100,0.07718954980373383,1.5372323989868164,1.6989021301269531,0.050000000000000044,,,,,,,,,,,,,,,,,,,,,14,,254,224,30,1689240068,918544344,404,0,12,4,0.04349048063158989,1.0,-11.664705276489258,4.842739105224609,1.0,0.6360823921859264,3795.92578125,67.03369140625,,data/instances/transfer/real_01.cip
mix_12_4,50,2551,2551,B,,60.0,100,0.01483835931867361,0.8927839994430542,3.0343451499938965,0.050000000000000044,,,,,,,,,,,,,,,,,,,,,16,,254,224,30,1689240068,918544344,404,0,12,4,0.01140088215470314,1.0,-12.785701751708984,6.176142692565918,1.0,0.6545022781938314,3795.92578125,67.03369140625,,data/instances/transfer/real_01.cip
mix_12_4,50,2552,2552,B,,60.0,100,0.2415434718132019,2.4688944816589355,11.470479011535645,0.050000000000000044,,,,,,,,,,,,,,,,,,,,,14,,254,224,30,1689240068,918544344,404,0,12,4,0.08321790397167206,1.0,-9.885740280151367,6.128608226776123,1.0,0.6299150660634041,3795.92578125,67.03369140625,,data/instances/transfer/real_01.cip
mix_12_4,50,2553,2553,B,,60.0,100,0.10589363425970078,2.079583168029785,3.006331205368042,0.050000000000000044,,,,,,,,,,,,,,,,,,,,,14,,254,224,30,1687909412,918544344,405,0,12,4,0.046703118830919266,1.0,-12.797433853149414,6.277007579803467,1.0,0.6138533353805542,3795.92578125,67.03369140625,,data/instances/transfer/real_01.cip
mix_12_4,50,2554,2554,B,,60.0,100,0.07943647354841232,1.4720447063446045,4.149126052856445,0.050000000000000044,,,,,,,,,,,,,,,,,,,,,15,,254,224,30,1687909412,918544344,405,0,12,4,0.05123286321759224,1.0,-12.600568771362305,6.034651279449463,1.0,0.6195277143269777,3795.92578125,67.03369140625,,data/instances/transfer/real_01.cip
mix_12_4,50,2555,2555,B,,60.0,100,0.24141979217529297,2.612311840057373,1.635322093963623,0.050000000000000044,,,,,,,,,,,,,,,,,,,,,15,,254,224,30,1687909412,918544344,405,0,12,4,0.09403100609779358,1.0,-12.42229175567627,6.434013366699219,1.0,0.6252125296741724,3795.92578125,67.03369140625,,data/instances/transfer/real_01.cip
mix_12_4,50,2556,2556,B,,60.0,100,0.2820812165737152,2.9858531951904297,2.4021456241607666,0.050000000000000044,,,,,,,,,,,,,,,,,,,,,16,,254,224,30,1687909412,918544344,405,0,12,4,0.0910034254193306,1.0,-11.645668983459473,5.453116416931152,1.0,0.6376183573156595,3795.92578125,67.03369140625,,data/instances/transfer/real_01.cip
episode,50,2556,2556,B,,60.0,100,0.2820812165737152,2.9858531951904297,2.4021456241607666,0.050000000000000044,-14.028599999999999,-14.0,-0.028600000000000004,-14.028599999999999,True,15,63.415293,,,,,,,,inf,1e+20,120.0,inf,0.0,24605,16,True,254,224,30,1685234236,918544344,407,0,12,4,,,,,17.642857142857142,,3795.92578125,67.03369140625,timelimit,data/instances/transfer/real_01.cip
mix_12_4,51,2557,2557,B,,60.0,100,0.16470123827457428,1.9709059000015259,4.9142608642578125,0.050000000000000044,,,,,,,,,,,,,,,,,,,,,16,,254,224,30,1685234236,918544344,407,0,12,4,0.08118348568677902,1.0,-11.323221206665039,5.642059326171875,1.0,0.6911739967763424,3795.92578125,67.03369140625,,data/instances/transfer/real_03.cip
mix_12_4,51,2558,2558,B,,60.0,100,0.10392434895038605,2.0801613330841064,1.5158885717391968,0.050000000000000044,,,,,,,,,,,,,,,,,,,,,15,,254,224,30,1685234236,918544344,407,0,12,4,0.048626285046339035,1.0,-11.866130828857422,5.368857383728027,1.0,0.6458635367453098,3795.92578125,67.03369140625,,data/instances/transfer/real_03.cip
mix_12_4,51,2559,2559,B,,60.0,100,0.10629427433013916,1.5259326696395874,1.1278942823410034,0.050000000000000044,,,,,,,,,,,,,,,,,,,,,15,,254,224,30,1685234236,918544344,407,0,12,4,0.06642767786979675,1.0,-12.389579772949219,5.373582363128662,1.0,0.644441332668066,3795.92578125,67.03369140625,,data/instances/transfer/real_03.cip
mix_12_4,51,2560,2560,B,,60.0,100,0.03503280133008957,0.3794276714324951,1.486565113067627,0.050000000000000044,,,,,,,,,,,,,,,,,,,,,15,,254,224,30,1685234236,918544344,407,0,12,4,0.14390242099761963,1.0,-10.732367515563965,5.259674549102783,1.0,0.6597462520003319,3795.92578125,67.03369140625,,data/instances/transfer/real_03.cip
mix_12_4,51,2561,2561,B,,60.0,100,0.044993311166763306,2.014389991760254,0.2787860035896301,0.050000000000000044,,,,,,,,,,,,,,,,,,,,,15,,254,224,30,1685234236,918544344,407,0,12,4,0.022646037861704826,1.0,-12.568317413330078,4.711981773376465,1.0,0.6343949288129807,3795.92578125,67.03369140625,,data/instances/transfer/real_03.cip
mix_12_4,51,2562,2562,B,,60.0,100,0.0958324670791626,2.0043931007385254,0.5372860431671143,0.050000000000000044,,,,,,,,,,,,,,,,,,,,,14,,254,224,30,1685234236,918544344,407,0,12,4,0.04840046539902687,1.0,-10.346311569213867,5.86761999130249,1.0,0.6246111933141947,3795.92578125,67.03369140625,,data/instances/transfer/real_03.cip
mix_12_4,51,2563,2563,B,,60.0,100,0.13415491580963135,2.538361072540283,4.145622253417969,0.050000000000000044,,,,,,,,,,,,,,,,,,,,,16,,254,224,30,1685234236,918544344,407,0,12,4,0.04832574352622032,1.0,-12.610588073730469,5.596940517425537,1.0,0.6572586074471474,3795.92578125,67.03369140625,,data/instances/transfer/real_03.cip
mix_12_4,51,2564,2564,B,,60.0,100,0.10765725374221802,0.9826995134353638,7.100837230682373,0.050000000000000044,,,,,,,,,,,,,,,,,,,,,16,,254,224,30,1685234236,918544344,407,0,12,4,0.09144635498523712,1.0,-11.380419731140137,5.353425979614258,1.0,0.6508046519011259,3795.92578125,67.03369140625,,data/instances/transfer/real_03.cip
mix_12_4,51,2565,2565,B,,60.0,100,0.02510087750852108,0.7748687267303467,1.272849202156067,0.050000000000000044,,,,,,,,,,,,,,,,,,,,,16,,254,224,30,1683029476,918544344,408,0,12,4,0.02894420176744461,1.0,-14.39278793334961,4.626428604125977,1.0,0.654704999178648,3795.92578125,67.03369140625,,data/instances/transfer/real_03.cip
mix_12_4,51,2566,2566,B,,60.0,100,0.06324917823076248,2.653501033782959,3.9352498054504395,0.050000000000000044,,,,,,,,,,,,,,,,,,,,,16,,254,224,30,1683029476,918544344,408,0,12,4,0.005680975038558245,1.0,-15.042469024658203,4.910481929779053,1.0,0.6642091032117605,3795.92578125,67.03369140625,,data/instances/transfer/real_03.cip
mix_12_4,51,2567,2567,B,,60.0,100,0.0353785902261734,0.4806699752807617,6.633759021759033,0.050000000000000044,,,,,,,,,,,,,,,,,,,,,16,,254,224,30,1683029476,918544344,408,0,12,4,0.06404251605272293,1.0,-10.423649787902832,5.311018943786621,1.0,0.6493978090584278,3795.92578125,67.03369140625,,data/instances/transfer/real_03.cip
mix_12_4,51,2568,2568,B,,60.0,100,0.3172399401664734,2.6909799575805664,9.254243850708008,0.050000000000000044,,,,,,,,,,,,,,,,,,,,,15,,254,224,30,1683029476,918544344,408,0,12,4,0.11564996838569641,1.0,-11.994081497192383,5.536001682281494,1.0,0.6397999282926321,3795.92578125,67.03369140625,,data/instances/transfer/real_03.cip
mix_12_4,51,2569,2569,B,,60.0,100,0.07609347999095917,1.034953236579895,1.5345404148101807,0.050000000000000044,,,,,,,,,,,,,,,,,,,,,15,,254,224,30,1680745144,918544344,409,0,12,4,0.06286337226629257,1.0,-13.584049224853516,5.32299280166626,1.0,0.4597061276435852,3795.92578125,67.03369140625,,data/instances/transfer/real_03.cip
mix_12_4,51,2570,2570,B,,60.0,100,0.155568465590477,3.732938289642334,6.263383865356445,0.050000000000000044,,,,,,,,,,,,,,,,,,,,,16,,254,224,30,1680745144,918544344,409,0,12,4,0.03510274365544319,1.0,-13.073348999023438,5.160664081573486,1.0,0.46796565502882004,3795.92578125,67.03369140625,,data/instances/transfer/real_03.cip
mix_12_4,51,2571,2571,B,,60.0,100,0.18233592808246613,2.3047518730163574,11.946062088012695,0.050000000000000044,,,,,,,,,,,,,,,,,,,,,16,,254,224,30,1680745144,918544344,409,0,12,4,0.05611834302544594,1.0,-14.528450012207031,4.573925971984863,1.0,0.5578283481299877,3795.92578125,67.03369140625,,data/instances/transfer/real_03.cip
mix_12_4,51,2572,2572,B,,60.0,100,0.09390708804130554,2.1054000854492188,8.865335464477539,0.050000000000000044,,,,,,,,,,,,,,,,,,,,,15,,254,224,30,1680745144,918544344,409,0,12,4,0.030197368934750557,1.0,-12.187897682189941,6.499105930328369,1.0,0.589558744803071,3795.92578125,67.03369140625,,data/instances/transfer/real_03.cip
mix_12_4,51,2573,2573,B,,60.0,100,0.1624888777732849,2.4924185276031494,2.913666248321533,0.050000000000000044,,,,,,,,,,,,,,,,,,,,,15,,254,224,30,1678386288,918544344,410,0,12,4,0.06369846314191818,1.0,-7.931766986846924,5.897565841674805,1.0,0.46124333143234253,3795.92578125,67.03369140625,,data/instances/transfer/real_03.cip
mix_12_4,51,2574,2574,B,,60.0,100,0.2727713882923126,2.8245697021484375,11.924800872802734,0.050000000000000044,,,,,,,,,,,,,,,,,,,,,16,,254,224,30,1678386288,918544344,410,0,12,4,0.09422119706869125,1.0,-12.582786560058594,5.6401872634887695,1.0,0.46621825732290745,3795.92578125,67.03369140625,,data/instances/transfer/real_03.cip
mix_12_4,51,2575,2575,B,,60.0,100,0.0869053527712822,3.5806331634521484,3.8788390159606934,0.050000000000000044,,,,,,,,,,,,,,,,,,,,,14,,254,224,30,1678386288,918544344,410,0,12,4,0.0190974660217762,1.0,-12.740312576293945,6.1308088302612305,1.0,0.44033396802842617,3795.92578125,67.03369140625,,data/instances/transfer/real_03.cip
mix_12_4,51,2576,2576,B,,60.0,100,0.15028595924377441,1.918982744216919,10.68270492553711,0.050000000000000044,,,,,,,,,,,,,,,,,,,,,15,,254,224,30,1678386288,918544344,410,0,12,4,0.054875098168849945,1.0,-13.170537948608398,6.2282586097717285,1.0,0.43416279181838036,3795.92578125,67.03369140625,,data/instances/transfer/real_03.cip
mix_12_4,51,2577,2577,B,,60.0,100,0.08735453337430954,1.006018877029419,5.258545875549316,0.050000000000000044,,,,,,,,,,,,,,,,,,,,,14,,254,224,30,1676219512,918544344,411,0,12,4,0.06808815896511078,1.0,-12.786650657653809,6.265017509460449,1.0,0.6103711612522602,3795.9296875,67.03369140625,,data/instances/transfer/real_03.cip
mix_12_4,51,2578,2578,B,,60.0,100,0.050249382853507996,0.9901276230812073,4.64501953125,0.050000000000000044,,,,,,,,,,,,,,,,,,,,,15,,254,224,30,1676219512,918544344,411,0,12,4,0.04146997630596161,1.0,-11.719186782836914,7.110199451446533,1.0,0.6544233169406652,3795.9296875,67.03369140625,,data/instances/transfer/real_03.cip
mix_12_4,51,2579,2579,B,,60.0,100,0.27748072147369385,2.7858948707580566,11.259490013122559,0.050000000000000044,,,,,,,,,,,,,,,,,,,,,15,,254,224,30,1676219512,918544344,411,0,12,4,0.08200418949127197,1.0,-10.435686111450195,5.509720325469971,1.0,0.6607851181179285,3795.9296875,67.03369140625,,data/instances/transfer/real_03.cip
mix_12_4,51,2580,2580,B,,60.0,100,0.03283657506108284,1.1135889291763306,4.417341709136963,0.050000000000000044,,,,,,,,,,,,,,,,,,,,,16,,254,224,30,1676219512,918544344,411,0,12,4,0.019509613513946533,1.0,-12.428508758544922,6.208484172821045,1.0,0.6588794644922018,3795.9296875,67.03369140625,,data/instances/transfer/real_03.cip
mix_12_4,51,2581,2581,B,,60.0,100,0.03716661408543587,0.9527122974395752,4.563201904296875,0.050000000000000044,,,,,,,,,,,,,,,,,,,,,15,,254,224,30,1674136048,918544344,412,0,12,4,0.02942340448498726,1.0,-12.641818046569824,6.639625072479248,1.0,0.6439791228622198,3795.9296875,67.03369140625,,data/instances/transfer/real_03.cip
mix_12_4,51,2582,2582,B,,60.0,100,0.13709554076194763,2.575932741165161,3.9287948608398438,0.050000000000000044,,,,,,,,,,,,,,,,,,,,,15,,254,224,30,1674136048,918544344,412,0,12,4,0.04985205829143524,1.0,-11.290345191955566,5.725801944732666,1.0,0.46129957772791386,3795.9296875,67.03369140625,,data/instances/transfer/real_03.cip
mix_12_4,51,2583,2583,B,,60.0,100,0.10241419821977615,1.661950945854187,7.620146751403809,0.050000000000000044,,,,,,,,,,,,,,,,,,,,,14,,254,224,30,1674136048,918544344,412,0,12,4,0.051223088055849075,1.0,-12.200718879699707,5.535590648651123,1.0,0.4362098667770624,3795.9296875,67.03369140625,,data/instances/transfer/real_03.cip
mix_12_4,51,2584,2584,B,,60.0,100,0.18514829874038696,3.116880416870117,4.48777437210083,0.050000000000000044,,,,,,,,,,,,,,,,,,,,,16,,254,224,30,1674136048,918544344,412,0,12,4,0.0576142743229866,1.0,-11.434288024902344,6.338946342468262,1.0,0.48134748078882694,3795.9296875,67.03369140625,,data/instances/transfer/real_03.cip
mix_12_4,51,2585,2585,B,,60.0,100,0.011431504040956497,1.0391583442687988,1.832292914390564,0.050000000000000044,,,,,,,,,,,,,,,,,,,,,15,,254,224,30,1672199948,918544344,413,0,12,4,0.006154804956167936,1.0,-11.185995101928711,6.807407379150391,1.0,0.6243812460452318,3795.9296875,67.03369140625,,data/instances/transfer/real_03.cip
mix_12_4,51,2586,2586,B,,60.0,100,0.1663016378879547,2.0906460285186768,3.7403039932250977,0.050000000000000044,,,,,,,,,,,,,,,,,,,,,15,,254,224,30,1672199948,918544344,413,0,12,4,0.0728980004787445,1.0,-12.68234634399414,5.715593338012695,1.0,0.6523433197289705,3795.9296875,67.03369140625,,data/instances/transfer/real_03.cip
mix_12_4,51,2587,2587,B,,60.0,100,0.03926754742860794,1.441664695739746,2.095665216445923,0.050000000000000044,,,,,,,,,,,,,,,,,,,,,16,,254,224,30,1672199948,918544344,413,0,12,4,0.026307184249162674,1.0,-11.804065704345703,6.667877674102783,1.0,0.6605587992817163,3795.9296875,67.03369140625,,data/instances/transfer/real_03.cip
mix_12_4,51,2588,2588,B,,60.0,100,0.12548838555812836,1.0834001302719116,6.643333911895752,0.050000000000000044,,,,,,,,,,,,,,,,,,,,,16,,254,224,30,1672199948,918544344,413,0,12,4,0.08593933284282684,1.0,-10.544240951538086,7.055578231811523,1.0,0.6491668950766325,3795.9296875,67.03369140625,,data/instances/transfer/real_03.cip
mix_12_4,51,2589,2589,B,,60.0,100,0.07344336807727814,1.5054094791412354,1.624245285987854,0.050000000000000044,,,,,,,,,,,,,,,,,,,,,15,,254,224,30,1670905520,918544344,414,0,12,4,0.04447808489203453,1.0,-11.385042190551758,6.269815921783447,1.0,0.4685207437723875,3795.9296875,67.03369140625,,data/instances/transfer/real_03.cip
mix_12_4,51,2590,2590,B,,60.0,100,0.17807328701019287,2.052168130874634,7.905466556549072,0.050000000000000044,,,,,,,,,,,,,,,,,,,,,16,,254,224,30,1670905520,918544344,414,0,12,4,0.08441653847694397,1.0,-13.507028579711914,4.176910877227783,1.0,0.48522485233843327,3795.9296875,67.03369140625,,data/instances/transfer/real_03.cip
mix_12_4,51,2591,2591,B,,60.0,100,0.0608799085021019,1.992056131362915,2.4874074459075928,0.050000000000000044,,,,,,,,,,,,,,,,,,,,,16,,254,224,30,1670905520,918544344,414,0,12,4,0.031847309321165085,1.0,-14.514751434326172,3.908557653427124,1.0,0.4804690722376108,3795.9296875,67.03369140625,,data/instances/transfer/real_03.cip
mix_12_4,51,2592,2592,B,,60.0,100,0.0964587926864624,2.0211994647979736,3.2716383934020996,0.050000000000000044,,,,,,,,,,,,,,,,,,,,,15,,254,224,30,1670905520,918544344,414,0,12,4,0.04574053734540939,1.0,-13.620007514953613,5.773284912109375,1.0,0.5944144334644079,3795.9296875,67.03369140625,,data/instances/transfer/real_03.cip
mix_12_4,51,2593,2593,B,,60.0,100,0.05705418437719345,2.1238021850585938,1.0281176567077637,0.050000000000000044,,,,,,,,,,,,,,,,,,,,,16,,254,224,30,1669615456,918544344,415,0,12,4,0.026065655052661896,1.0,-12.265633583068848,4.221850395202637,1.0,0.609920920804143,3795.9296875,67.03369140625,,data/instances/transfer/real_03.cip
mix_12_4,51,2594,2594,B,,60.0,100,0.10401061177253723,1.3937307596206665,4.1834540367126465,0.050000000000000044,,,,,,,,,,,,,,,,,,,,,16,,254,224,30,1669615456,918544344,415,0,12,4,0.07056154310703278,1.0,-12.095420837402344,5.292050361633301,1.0,0.6382407136261463,3795.9296875,67.03369140625,,data/instances/transfer/real_03.cip
mix_12_4,51,2595,2595,B,,60.0,100,0.06923402100801468,1.496447205543518,1.278815746307373,0.050000000000000044,,,,,,,,,,,,,,,,,,,,,14,,254,224,30,1669615456,918544344,415,0,12,4,0.04421370103955269,1.0,-10.507766723632812,6.912457466125488,1.0,0.6260808799415827,3795.9296875,67.03369140625,,data/instances/transfer/real_03.cip
mix_12_4,51,2596,2596,B,,60.0,100,0.12496614456176758,1.6088249683380127,3.321317434310913,0.050000000000000044,,,,,,,,,,,,,,,,,,,,,14,,254,224,30,1669615456,918544344,415,0,12,4,0.06880716979503632,1.0,-11.357667922973633,5.615172863006592,1.0,0.6328552290797234,3795.9296875,67.03369140625,,data/instances/transfer/real_03.cip
mix_12_4,51,2597,2597,B,,60.0,100,0.03819014132022858,2.1458630561828613,1.6956379413604736,0.050000000000000044,,,,,,,,,,,,,,,,,,,,,16,,254,224,30,1668512908,918544344,416,0,12,4,0.014456466771662235,1.0,-11.413000106811523,5.38254976272583,1.0,0.63570361956954,3795.9296875,67.03369140625,,data/instances/transfer/real_03.cip
mix_12_4,51,2598,2598,B,,60.0,100,0.19995516538619995,3.7712507247924805,2.318713903427124,0.050000000000000044,,,,,,,,,,,,,,,,,,,,,16,,254,224,30,1668512908,918544344,416,0,12,4,0.0525113083422184,1.0,-14.749626159667969,5.665317535400391,1.0,0.6342487446963787,3795.9296875,67.03369140625,,data/instances/transfer/real_03.cip
mix_12_4,51,2599,2599,B,,60.0,100,0.26469480991363525,3.766791582107544,2.1048922538757324,0.050000000000000044,,,,,,,,,,,,,,,,,,,,,15,,254,224,30,1668512908,918544344,416,0,12,4,0.06836363673210144,1.0,-13.121646881103516,6.164474964141846,1.0,0.6299182735383511,3795.9296875,67.03369140625,,data/instances/transfer/real_03.cip
mix_12_4,51,2600,2600,B,,60.0,100,0.1297300159931183,1.6068832874298096,4.929996967315674,0.050000000000000044,,,,,,,,,,,,,,,,,,,,,14,,254,224,30,1668512908,918544344,416,0,12,4,0.07165675610303879,1.0,-11.933065414428711,5.147511005401611,1.0,0.6279476769268513,3795.9296875,67.03369140625,,data/instances/transfer/real_03.cip
mix_12_4,51,2601,2601,B,,60.0,100,0.03791053965687752,2.0383074283599854,2.323594331741333,0.050000000000000044,,,,,,,,,,,,,,,,,,,,,16,,254,224,30,1667795880,918544344,417,0,12,4,0.01645403727889061,1.0,-12.931341171264648,5.042748928070068,1.0,0.5877077691257,3795.9296875,67.03369140625,,data/instances/transfer/real_03.cip
mix_12_4,51,2602,2602,B,,60.0,100,0.1905292570590973,2.038130283355713,3.063946008682251,0.050000000000000044,,,,,,,,,,,,,,,,,,,,,16,,254,224,30,1667795880,918544344,417,0,12,4,0.08640796691179276,1.0,-13.08542251586914,4.344942092895508,1.0,0.6072522457689047,3795.9296875,67.03369140625,,data/instances/transfer/real_03.cip
mix_12_4,51,2603,2603,B,,60.0,100,0.0383136048913002,2.0266621112823486,2.6262595653533936,0.050000000000000044,,,,,,,,,,,,,,,,,,,,,15,,254,224,30,1667795880,918544344,417,0,12,4,0.013745644129812717,1.0,-12.681830406188965,5.499042510986328,1.0,0.6319149732589722,3795.9296875,67.03369140625,,data/instances/transfer/real_03.cip
mix_12_4,51,2604,2604,B,,60.0,100,0.057097867131233215,3.0734353065490723,0.5727530717849731,0.050000000000000044,,,,,,,,,,,,,,,,,,,,,15,,254,224,30,1667795880,918544344,417,0,12,4,0.01769687794148922,1.0,-13.517845153808594,4.3509135246276855,1.0,0.6413002666085958,3795.9296875,67.03369140625,,data/instances/transfer/real_03.cip
mix_12_4,51,2605,2605,B,,60.0,100,0.07802189141511917,2.1151013374328613,4.5490593910217285,0.050000000000000044,,,,,,,,,,,,,,,,,,,,,16,,254,224,30,1666882220,918544344,418,0,12,4,0.031217921525239944,1.0,-12.66170597076416,4.387792110443115,1.0,0.6322628483176231,3795.9296875,67.03369140625,,data/instances/transfer/real_03.cip
mix_12_4,51,2606,2606,B,,60.0,100,0.07656751573085785,2.8206710815429688,0.6392389535903931,0.050000000000000044,,,,,,,,,,,,,,,,,,,,,16,,254,224,30,1666882220,918544344,418,0,12,4,0.025894952937960625,1.0,-11.818971633911133,4.521512031555176,1.0,0.6293191201984882,3795.9296875,67.03369140625,,data/instances/transfer/real_03.cip
mix_12_4,51,2607,2607,B,,60.0,100,0.15419961512088776,2.2254762649536133,5.102859973907471,0.050000000000000044,,,,,,,,,,,,,,,,,,,,,15,,254,224,30,1666882220,918544344,418,0,12,4,0.05741587653756142,1.0,-11.515375137329102,6.412162780761719,1.0,0.6480793673545122,3795.9296875,67.03369140625,,data/instances/transfer/real_03.cip
mix_12_4,51,2608,2608,B,,60.0,100,0.11318271607160568,2.132902145385742,2.2064173221588135,0.050000000000000044,,,,,,,,,,,,,,,,,,,,,14,,254,224,30,1666882220,918544344,418,0,12,4,0.04649001732468605,1.0,-9.474698066711426,7.013502597808838,1.0,0.638085188344121,3795.9296875,67.03369140625,,data/instances/transfer/real_03.cip
mix_12_4,51,2609,2609,B,,60.0,100,0.11206596344709396,1.5109142065048218,4.311470031738281,0.050000000000000044,,,,,,,,,,,,,,,,,,,,,16,,254,224,30,1665849560,918544344,419,0,12,4,0.06882728636264801,1.0,-12.792314529418945,5.963874340057373,1.0,0.6416313238441944,3795.9296875,67.03369140625,,data/instances/transfer/real_03.cip
mix_12_4,51,2610,2610,B,,60.0,100,0.19150091707706451,2.1291332244873047,6.164571285247803,0.050000000000000044,,,,,,,,,,,,,,,,,,,,,14,,254,224,30,1665849560,918544344,419,0,12,4,0.08423437923192978,1.0,-10.45317268371582,6.41468620300293,1.0,0.6503841076046228,3795.9296875,67.03369140625,,data/instances/transfer/real_03.cip
mix_12_4,51,2611,2611,B,,60.0,100,0.13806575536727905,3.1852974891662598,4.74514627456665,0.050000000000000044,,,,,,,,,,,,,,,,,,,,,15,,254,224,30,1665849560,918544344,419,0,12,4,0.040817245841026306,1.0,-14.410285949707031,5.164534568786621,1.0,0.5694371238350868,3795.9296875,67.03369140625,,data/instances/transfer/real_03.cip
mix_12_4,51,2612,2612,B,,60.0,100,0.12665405869483948,2.107501268386841,1.8342031240463257,0.050000000000000044,,,,,,,,,,,,,,,,,,,,,14,,254,224,30,1665849560,918544344,419,0,12,4,0.05534901097416878,1.0,-13.120607376098633,5.6286516189575195,1.0,0.6111902836710215,3795.9296875,67.03369140625,,data/instances/transfer/real_03.cip
episode,51,2612,2612,B,,60.0,100,0.12665405869483948,2.107501268386841,1.8342031240463257,0.050000000000000044,-14.014299999999999,-14.0,-0.014300000000000002,-14.014299999999999,True,15,62.76343,,,,,,,,inf,1e+20,120.0,inf,0.0,14736,14,True,254,224,30,1663024952,918544344,421,0,12,4,,,,,1.0,,3731.94140625,67.03369140625,timelimit,data/instances/transfer/real_03.cip
mix_12_4,52,2613,2613,B,,60.0,100,0.031552985310554504,1.3835322856903076,3.561194658279419,0.050000000000000044,,,,,,,,,,,,,,,,,,,,,16,,254,224,30,1663024952,918544344,421,0,12,4,0.01680668815970421,1.0,-12.96212100982666,4.291048049926758,1.0,0.4962919298559427,3748.56640625,67.03369140625,,data/instances/transfer/real_05.cip
mix_12_4,52,2614,2614,B,,60.0,100,0.09151061624288559,1.5572938919067383,1.672378659248352,0.050000000000000044,,,,,,,,,,,,,,,,,,,,,15,,254,224,30,1663024952,918544344,421,0,12,4,0.055817607790231705,1.0,-11.815486907958984,6.517549991607666,1.0,0.5893474724143744,3748.56640625,67.03369140625,,data/instances/transfer/real_05.cip
mix_12_4,52,2615,2615,B,,60.0,100,0.0864395797252655,2.014492988586426,1.0513417720794678,0.050000000000000044,,,,,,,,,,,,,,,,,,,,,15,,254,224,30,1663024952,918544344,421,0,12,4,0.03685061261057854,1.0,-12.70168399810791,5.751445293426514,1.0,0.653352515771985,3748.56640625,67.03369140625,,data/instances/transfer/real_05.cip
mix_12_4,52,2616,2616,B,,60.0,100,0.16895648837089539,2.753861904144287,2.4048306941986084,0.050000000000000044,,,,,,,,,,,,,,,,,,,,,16,,254,224,30,1663024952,918544344,421,0,12,4,0.05991619452834129,1.0,-12.99946117401123,5.211420059204102,1.0,0.6543698348104954,3748.56640625,67.03369140625,,data/instances/transfer/real_05.cip
mix_12_4,52,2617,2617,B,,60.0,100,0.10953826457262039,1.534867286682129,2.9776546955108643,0.050000000000000044,,,,,,,,,,,,,,,,,,,,,15,,254,224,30,1663024952,918544344,421,0,12,4,0.06251837313175201,1.0,-13.543485641479492,6.627439022064209,368.0,0.626814391463995,3748.56640625,67.03369140625,,data/instances/transfer/real_05.cip
mix_12_4,52,2618,2618,B,,60.0,100,0.02142876386642456,0.9494038820266724,0.468955397605896,0.050000000000000044,,,,,,,,,,,,,,,,,,,,,14,,254,224,30,1663024952,918544344,421,0,12,4,0.02086343802511692,1.0,-11.37509536743164,7.759610652923584,368.0,0.635852986946702,3748.56640625,67.03369140625,,data/instances/transfer/real_05.cip
mix_12_4,52,2619,2619,B,,60.0,100,0.033009979873895645,1.5131360292434692,1.187098503112793,0.050000000000000044,,,,,,,,,,,,,,,,,,,,,16,,254,224,30,1663024952,918544344,421,0,12,4,0.019761722534894943,1.0,-11.892436981201172,4.600172519683838,368.0,0.6602215599268675,3748.56640625,67.03369140625,,data/instances/transfer/real_05.cip
mix_12_4,52,2620,2620,B,,60.0,100,0.40430253744125366,3.9689855575561523,5.82758903503418,0.050000000000000044,,,,,,,,,,,,,,,,,,,,,15,,254,224,30,1663024952,918544344,421,0,12,4,0.09969239681959152,1.0,-12.975367546081543,6.517629146575928,368.0,0.6367342658340931,3748.56640625,67.03369140625,,data/instances/transfer/real_05.cip
mix_12_4,52,2621,2621,B,,60.0,100,0.0519174300134182,0.7929466962814331,3.568042039871216,0.050000000000000044,,,,,,,,,,,,,,,,,,,,,16,,254,224,30,1667148296,918544344,422,0,12,4,0.06636468321084976,1.0,-12.028138160705566,5.511273384094238,1.0,0.637211674824357,3748.56640625,67.03369140625,,data/instances/transfer/real_05.cip
mix_12_4,52,2622,2622,B,,60.0,100,0.09938044846057892,1.5253580808639526,3.4185831546783447,0.050000000000000044,,,,,,,,,,,,,,,,,,,,,15,,254,224,30,1667148296,918544344,422,0,12,4,0.06431519240140915,1.0,-14.50222396850586,6.542327880859375,1.0,0.6471174079924822,3748.56640625,67.03369140625,,data/instances/transfer/real_05.cip
mix_12_4,52,2623,2623,B,,60.0,100,0.14667008817195892,2.0964958667755127,4.027481555938721,0.050000000000000044,,,,,,,,,,,,,,,,,,,,,14,,254,224,30,1667148296,918544344,422,0,12,4,0.06328736990690231,1.0,-11.54090690612793,5.804243087768555,1.0,0.6372615434229374,3748.56640625,67.03369140625,,data/instances/transfer/real_05.cip
mix_12_4,52,2624,2624,B,,60.0,100,0.1288783848285675,2.120303153991699,2.332754373550415,0.050000000000000044,,,,,,,,,,,,,,,,,,,,,15,,254,224,30,1667148296,918544344,422,0,12,4,0.05599837377667427,1.0,-11.925203323364258,5.998694896697998,1.0,0.6438654288649559,3748.56640625,67.03369140625,,data/instances/transfer/real_05.cip
mix_12_4,52,2625,2625,B,,60.0,100,0.06018272042274475,1.5696065425872803,1.4125821590423584,0.050000000000000044,,,,,,,,,,,,,,,,,,,,,14,,254,224,30,1671028172,918544344,423,0,12,4,0.035328209400177,1.0,-10.394590377807617,6.453956127166748,1.0,0.5403264034539461,3748.56640625,67.03369140625,,data/instances/transfer/real_05.cip
mix_12_4,52,2626,2626,B,,60.0,100,0.11030162125825882,2.8642516136169434,1.5346986055374146,0.050000000000000044,,,,,,,,,,,,,,,,,,,,,15,,254,224,30,1671028172,918544344,423,0,12,4,0.03712322935461998,1.0,-12.048887252807617,5.999446868896484,1.0,0.6141968127340078,3748.56640625,67.03369140625,,data/instances/transfer/real_05.cip
mix_12_4,52,2627,2627,B,,60.0,100,0.1768440306186676,2.738211154937744,4.403537750244141,0.050000000000000044,,,,,,,,,,,,,,,,,,,,,16,,254,224,30,1671028172,918544344,423,0,12,4,0.05791039764881134,1.0,-11.364665985107422,6.55332088470459,1.0,0.6592510808259249,3748.56640625,67.03369140625,,data/instances/transfer/real_05.cip
mix_12_4,52,2628,2628,B,,60.0,100,0.06113024055957794,0.527242124080658,9.411153793334961,0.050000000000000044,,,,,,,,,,,,,,,,,,,,,14,,254,224,30,1671028172,918544344,423,0,12,4,0.1657114028930664,1.0,-11.0711669921875,6.786182880401611,1.0,0.6516761109232903,3748.56640625,67.03369140625,,data/instances/transfer/real_05.cip
mix_12_4,52,2629,2629,B,,60.0,100,0.22731247544288635,2.080286741256714,0.9667132496833801,0.050000000000000044,,,,,,,,,,,,,,,,,,,,,14,,254,224,30,1674909616,918544344,424,0,12,4,0.1068558618426323,1.0,-10.39732551574707,6.841213703155518,6.0,0.6281683631241322,3748.56640625,67.03369140625,,data/instances/transfer/real_05.cip
mix_12_4,52,2630,2630,B,,60.0,100,0.14163337647914886,2.600402355194092,1.4634686708450317,0.050000000000000044,,,,,,,,,,,,,,,,,,,,,16,,254,224,30,1674909616,918544344,424,0,12,4,0.05068173632025719,1.0,-13.512852668762207,6.33012580871582,6.0,0.4958378169685602,3748.56640625,67.03369140625,,data/instances/transfer/real_05.cip
mix_12_4,52,2631,2631,B,,60.0,100,0.11454598605632782,1.5737025737762451,3.101154327392578,0.050000000000000044,,,,,,,,,,,,,,,,,,,,,14,,254,224,30,1674909616,918544344,424,0,12,4,0.05944405496120453,1.0,-11.654125213623047,5.586418151855469,6.0,0.4462787061929703,3748.56640625,67.03369140625,,data/instances/transfer/real_05.cip
mix_12_4,52,2632,2632,B,,60.0,100,0.048236433416604996,1.4933583736419678,4.760125160217285,0.050000000000000044,,,,,,,,,,,,,,,,,,,,,16,,254,224,30,1674909616,918544344,424,0,12,4,0.026398099958896637,1.0,-12.388683319091797,7.33978796005249,6.0,0.5135206058621407,3748.56640625,67.03369140625,,data/instances/transfer/real_05.cip
mix_12_4,52,2633,2633,B,,60.0,100,0.02587488293647766,0.33506715297698975,1.607507348060608,0.050000000000000044,,,,,,,,,,,,,,,,,,,,,16,,254,224,30,1678540416,918544344,425,0,12,4,0.1641303151845932,1.0,-11.617935180664062,5.708878040313721,1.0,0.5184857286512852,3748.56640625,67.03369140625,,data/instances/transfer/real_05.cip
mix_12_4,52,2634,2634,B,,60.0,100,0.14848020672798157,2.1609995365142822,0.6649881601333618,0.050000000000000044,,,,,,,,,,,,,,,,,,,,,16,,254,224,30,1678540416,918544344,425,0,12,4,0.06576351821422577,1.0,-14.8475923538208,4.529916286468506,1.0,0.6408242993056774,3748.56640625,67.03369140625,,data/instances/transfer/real_05.cip
mix_12_4,52,2635,2635,B,,60.0,100,0.09780005365610123,2.1515958309173584,3.1538615226745605,0.050000000000000044,,,,,,,,,,,,,,,,,,,,,16,,254,224,30,1678540416,918544344,425,0,12,4,0.04272858798503876,1.0,-12.42043685913086,5.481668472290039,1.0,0.636142922565341,3748.56640625,67.03369140625,,data/instances/transfer/real_05.cip
mix_12_4,52,2636,2636,B,,60.0,100,0.057176895439624786,1.2862179279327393,2.3336353302001953,0.050000000000000044,,,,,,,,,,,,,,,,,,,,,16,,254,224,30,1678540416,918544344,425,0,12,4,0.04082007706165314,1.0,-14.117583274841309,5.215764045715332,1.0,0.6494973637163639,3748.56640625,67.03369140625,,data/instances/transfer/real_05.cip
mix_12_4,52,2637,2637,B,,60.0,100,0.16715718805789948,3.2111189365386963,4.130960464477539,0.050000000000000044,,,,,,,,,,,,,,,,,,,,,16,,254,224,30,1682061436,918544344,426,0,12,4,0.047534018754959106,1.0,-14.506105422973633,5.1151041984558105,1.0,0.6484367176890373,3748.56640625,67.03369140625,,data/instances/transfer/real_05.cip
mix_12_4,52,2638,2638,B,,60.0,100,0.033674079924821854,2.069690227508545,0.9194507002830505,0.050000000000000044,,,,,,,,,,,,,,,,,,,,,16,,254,224,30,1682061436,918544344,426,0,12,4,0.015347416512668133,1.0,-11.858819961547852,4.924514293670654,1.0,0.6346540711820126,3748.56640625,67.03369140625,,data/instances/transfer/real_05.cip
mix_12_4,52,2639,2639,B,,60.0,100,0.13734081387519836,3.225053548812866,4.791222095489502,0.050000000000000044,,,,,,,,,,,,,,,,,,,,,16,,254,224,30,1682061436,918544344,426,0,12,4,0.03919738903641701,1.0,-12.137946128845215,5.825145244598389,1.0,0.5810144599527121,3748.56640625,67.03369140625,,data/instances/transfer/real_05.cip
mix_12_4,52,2640,2640,B,,60.0,100,0.3078902065753937,2.848972797393799,7.438999176025391,0.050000000000000044,,,,,,,,,,,,,,,,,,,,,15,,254,224,30,1682061436,918544344,426,0,12,4,0.09831704199314117,1.0,-10.44413948059082,6.648221015930176,1.0,0.6011908650398254,3748.56640625,67.03369140625,,data/instances/transfer/real_05.cip
mix_12_4,52,2641,2641,B,,60.0,100,0.04846824333071709,2.048513889312744,0.7042614817619324,0.050000000000000044,,,,,,,,,,,,,,,,,,,,,14,,254,224,30,1685668756,918544344,427,0,12,4,0.02113216742873192,1.0,-11.418159484863281,6.063421249389648,1.0,0.6005021929740906,3748.56640625,67.03369140625,,data/instances/transfer/real_05.cip
mix_12_4,52,2642,2642,B,,60.0,100,0.10847726464271545,2.7753963470458984,4.253611087799072,0.050000000000000044,,,,,,,,,,,,,,,,,,,,,16,,254,224,30,1685668756,918544344,427,0,12,4,0.03764452785253525,1.0,-14.059215545654297,4.666713714599609,1.0,0.6324243862181902,3748.56640625,67.03369140625,,data/instances/transfer/real_05.cip
mix_12_4,52,2643,2643,B,,60.0,100,0.14551721513271332,1.6383367776870728,7.0984063148498535,0.050000000000000044,,,,,,,,,,,,,,,,,,,,,16,,254,224,30,1685668756,918544344,427,0,12,4,0.07400763779878616,1.0,-14.087603569030762,5.486089706420898,1.0,0.6367361173033714,3748.56640625,67.03369140625,,data/instances/transfer/real_05.cip
mix_12_4,52,2644,2644,B,,60.0,100,0.05646997690200806,1.4740211963653564,1.582062840461731,0.050000000000000044,,,,,,,,,,,,,,,,,,,,,16,,254,224,30,1685668756,918544344,427,0,12,4,0.034836623817682266,1.0,-12.279776573181152,4.9180450439453125,1.0,0.5986513905227184,3748.56640625,67.03369140625,,data/instances/transfer/real_05.cip
mix_12_4,52,2645,2645,B,,60.0,100,0.07033011317253113,1.5193291902542114,1.068961501121521,0.050000000000000044,,,,,,,,,,,,,,,,,,,,,16,,254,224,30,1689155100,918544344,428,0,12,4,0.044152650982141495,1.0,-12.475371360778809,7.028045654296875,1.0,0.6241750624030828,3748.56640625,67.03369140625,,data/instances/transfer/real_05.cip
mix_12_4,52,2646,2646,B,,60.0,100,0.0713728815317154,1.0640112161636353,8.795950889587402,0.050000000000000044,,,,,,,,,,,,,,,,,,,,,16,,254,224,30,1689155100,918544344,428,0,12,4,0.05108671635389328,1.0,-12.050644874572754,4.720775604248047,1.0,0.613571023568511,3748.56640625,67.03369140625,,data/instances/transfer/real_05.cip
mix_12_4,52,2647,2647,B,,60.0,100,0.07351054251194,1.5796329975128174,1.6643946170806885,0.050000000000000044,,,,,,,,,,,,,,,,,,,,,15,,254,224,30,1689155100,918544344,428,0,12,4,0.04348922520875931,1.0,-13.277681350708008,6.856643199920654,1.0,0.596819955855608,3748.56640625,67.03369140625,,data/instances/transfer/real_05.cip
mix_12_4,52,2648,2648,B,,60.0,100,0.12822282314300537,2.7252306938171387,2.5063164234161377,0.050000000000000044,,,,,,,,,,,,,,,,,,,,,15,,254,224,30,1689155100,918544344,428,0,12,4,0.04495326802134514,1.0,-14.331669807434082,5.8283891677856445,1.0,0.432752788066864,3748.56640625,67.03369140625,,data/instances/transfer/real_05.cip
mix_12_4,52,2649,2649,B,,60.0,100,0.1812995970249176,2.954768180847168,2.988672971725464,0.050000000000000044,,,,,,,,,,,,,,,,,,,,,15,,254,224,30,1692516580,918544344,429,0,12,4,0.054420482367277145,1.0,-13.1514253616333,4.915746688842773,1.0,0.4943528026342392,3748.56640625,67.03369140625,,data/instances/transfer/real_05.cip
mix_12_4,52,2650,2650,B,,60.0,100,0.00903785228729248,0.3250722885131836,0.6343061327934265,0.050000000000000044,,,,,,,,,,,,,,,,,,,,,15,,254,224,30,1692516580,918544344,429,0,12,4,0.0531919039785862,1.0,-14.452787399291992,5.864378929138184,1.0,0.6391302552074194,3748.56640625,67.03369140625,,data/instances/transfer/real_05.cip
mix_12_4,52,2651,2651,B,,60.0,100,0.09731629490852356,2.1277472972869873,4.633046627044678,0.050000000000000044,,,,,,,,,,,,,,,,,,,,,16,,254,224,30,1692516580,918544344,429,0,12,4,0.045161329209804535,1.0,-11.68013858795166,4.162491321563721,1.0,0.6501392442733049,3748.56640625,67.03369140625,,data/instances/transfer/real_05.cip
mix_12_4,52,2652,2652,B,,60.0,100,0.05700584501028061,0.5826185345649719,4.8496246337890625,0.050000000000000044,,,,,,,,,,,,,,,,,,,,,13,,254,224,30,1692516580,918544344,429,0,12,4,0.058696407824754715,1.0,-10.138508796691895,6.14232063293457,1.0,0.6446102689951658,3748.56640625,67.03369140625,,data/instances/transfer/real_05.cip
mix_12_4,52,2653,2653,B,,60.0,100,0.08938091993331909,1.5272178649902344,1.1949459314346313,0.050000000000000044,,,,,,,,,,,,,,,,,,,,,16,,254,224,30,1695803076,918544344,430,0,12,4,0.059073083102703094,1.0,-10.963446617126465,7.22585916519165,1.0,0.5803894326090813,3748.56640625,67.03369140625,,data/instances/transfer/real_05.cip
mix_12_4,52,2654,2654,B,,60.0,100,0.09291739016771317,1.0722343921661377,8.55105209350586,0.050000000000000044,,,,,,,,,,,,,,,,,,,,,16,,254,224,30,1695803076,918544344,430,0,12,4,0.06380035728216171,1.0,-13.385746002197266,4.079946994781494,1.0,0.6434590555727482,3748.56640625,67.03369140625,,data/instances/transfer/real_05.cip
mix_12_4,52,2655,2655,B,,60.0,100,0.05408049747347832,1.108981966972351,2.795816421508789,0.050000000000000044,,,,,,,,,,,,,,,,,,,,,15,,254,224,30,1695803076,918544344,430,0,12,4,0.037936605513095856,1.0,-13.568696975708008,6.086755752563477,1.0,0.6369198132306337,3748.56640625,67.03369140625,,data/instances/transfer/real_05.cip
mix_12_4,52,2656,2656,B,,60.0,100,0.07287232577800751,3.398193120956421,1.4483897686004639,0.050000000000000044,,,,,,,,,,,,,,,,,,,,,16,,254,224,30,1695803076,918544344,430,0,12,4,0.01989293098449707,1.0,-13.737777709960938,5.382889270782471,1.0,0.6492811888456345,3748.56640625,67.03369140625,,data/instances/transfer/real_05.cip
mix_12_4,52,2657,2657,B,,60.0,100,0.04155439883470535,1.4668631553649902,0.9744734764099121,0.050000000000000044,,,,,,,,,,,,,,,,,,,,,15,,254,224,30,1699211184,918544344,431,0,12,4,0.02638157457113266,1.0,-12.802225112915039,5.8372626304626465,336.0,0.6248471923172474,3748.56640625,67.03369140625,,data/instances/transfer/real_05.cip
mix_12_4,52,2658,2658,B,,60.0,100,0.035574741661548615,0.9047746062278748,2.705592393875122,0.050000000000000044,,,,,,,,,,,,,,,,,,,,,16,,254,224,30,1699211184,918544344,431,0,12,4,0.03405626490712166,1.0,-10.84743595123291,5.080913066864014,336.0,0.652412012219429,3748.56640625,67.03369140625,,data/instances/transfer/real_05.cip
mix_12_4,52,2659,2659,B,,60.0,100,0.09413447976112366,2.0593042373657227,1.8114826679229736,0.050000000000000044,,,,,,,,,,,,,,,,,,,,,15,,254,224,30,1699211184,918544344,431,0,12,4,0.03900566324591637,1.0,-13.91482162475586,5.446404933929443,336.0,0.649591201916337,3748.56640625,67.03369140625,,data/instances/transfer/real_05.cip
mix_12_4,52,2660,2660,B,,60.0,100,0.05841204524040222,1.6262495517730713,2.1391491889953613,0.050000000000000044,,,,,,,,,,,,,,,,,,,,,16,,254,224,30,1699211184,918544344,431,0,12,4,0.030130401253700256,1.0,-12.484480857849121,5.036718845367432,336.0,0.6507191341370344,3748.56640625,67.03369140625,,data/instances/transfer/real_05.cip
mix_12_4,52,2661,2661,B,,60.0,100,0.028259780257940292,0.8506393432617188,2.969331979751587,0.050000000000000044,,,,,,,,,,,,,,,,,,,,,16,,254,224,30,1701631220,918544344,432,0,12,4,0.03025662712752819,1.0,-12.718282699584961,3.7888593673706055,1.0,0.6379645615816116,3748.56640625,67.03369140625,,data/instances/transfer/real_05.cip
mix_12_4,52,2662,2662,B,,60.0,100,0.037531137466430664,0.5013134479522705,4.481529712677002,0.050000000000000044,,,,,,,,,,,,,,,,,,,,,16,,254,224,30,1701631220,918544344,432,0,12,4,0.13366231322288513,1.0,-11.522445678710938,5.943204879760742,1.0,0.6574386712163687,3748.56640625,67.03369140625,,data/instances/transfer/real_05.cip
mix_12_4,52,2663,2663,B,,60.0,100,0.04040525108575821,0.9530284404754639,1.781785249710083,0.050000000000000044,,,,,,,,,,,,,,,,,,,,,15,,254,224,30,1701631220,918544344,432,0,12,4,0.037063561379909515,1.0,-13.162397384643555,5.526950836181641,1.0,0.6420750003308058,3748.56640625,67.03369140625,,data/instances/transfer/real_05.cip
mix_12_4,52,2664,2664,B,,60.0,100,0.10761365294456482,1.537764310836792,3.1062772274017334,0.050000000000000044,,,,,,,,,,,,,,,,,,,,,16,,254,224,30,1701631220,918544344,432,0,12,4,0.06843061745166779,1.0,-13.531591415405273,5.334263324737549,1.0,0.6586467958986759,3748.56640625,67.03369140625,,data/instances/transfer/real_05.cip
episode,52,2664,2664,B,,60.0,100,0.10761365294456482,1.537764310836792,3.1062772274017334,0.050000000000000044,-13.020100000000003,-13.0,-0.0201,-13.020100000000003,True,14,61.821396,,,,,,,,inf,1e+20,120.0,inf,0.0,16831,16,True,254,224,30,1706337648,918544344,434,0,12,4,,,,,55.38461538461539,,3748.56640625,67.03369140625,timelimit,data/instances/transfer/real_05.cip
episode,53,2664,2664,B,,60.0,100,0.10761365294456482,1.537764310836792,3.1062772274017334,0.050000000000000044,0.0,0.0,0.0,0.0,True,1,8.197372,,,,,,,,inf,0.0,8.197372,8.197372,1.0,7745,16,False,254,224,30,1706337648,918544344,434,0,12,4,,,,,0.0,,3748.56640625,67.03369140625,optimal,data/instances/train/real_06.cip
mix_12_4,54,2665,2665,B,,60.0,100,0.1475217044353485,3.200469970703125,1.105782389640808,0.050000000000000044,,,,,,,,,,,,,,,,,,,,,16,,254,224,30,1706337648,918544344,434,0,12,4,0.04581594839692116,1.0,-14.520086288452148,4.593695640563965,1.0,0.6580189168453217,3747.56640625,67.03369140625,,data/instances/train/real_07.cip
mix_12_4,54,2666,2666,B,,60.0,100,0.08488055318593979,2.102090835571289,2.9547958374023438,0.050000000000000044,,,,,,,,,,,,,,,,,,,,,16,,254,224,30,1706337648,918544344,434,0,12,4,0.039440616965293884,1.0,-12.501882553100586,5.275477886199951,1.0,0.6546075735241175,3747.56640625,67.03369140625,,data/instances/train/real_07.cip
mix_12_4,54,2667,2667,B,,60.0,100,0.10475728660821915,2.205996513366699,7.892955780029297,0.050000000000000044,,,,,,,,,,,,,,,,,,,,,15,,254,224,30,1706337648,918544344,434,0,12,4,0.040619511157274246,1.0,-13.408268928527832,6.640142917633057,1.0,0.5469105653464794,3747.56640625,67.03369140625,,data/instances/train/real_07.cip
mix_12_4,54,2668,2668,B,,60.0,100,0.039939604699611664,2.0811855792999268,2.635441541671753,0.050000000000000044,,,,,,,,,,,,,,,,,,,,,16,,254,224,30,1706337648,918544344,434,0,12,4,0.017100360244512558,1.0,-12.640378952026367,4.772551536560059,1.0,0.6307706814259291,3747.56640625,67.03369140625,,data/instances/train/real_07.cip
mix_12_4,54,2669,2669,B,,60.0,100,0.034730084240436554,0.9656991958618164,6.808290004730225,0.050000000000000044,,,,,,,,,,,,,,,,,,,,,16,,254,224,30,1706337648,918544344,434,0,12,4,0.017358655110001564,1.0,-13.433845520019531,5.902909755706787,1.0,0.6550595685839653,3747.56640625,67.03369140625,,data/instances/train/real_07.cip
mix_12_4,54,2670,2670,B,,60.0,100,0.10320493578910828,2.7356374263763428,5.6316070556640625,0.050000000000000044,,,,,,,,,,,,,,,,,,,,,16,,254,224,30,1706337648,918544344,434,0,12,4,0.03408384695649147,1.0,-12.253889083862305,4.65744161605835,1.0,0.6462397612631321,3747.56640625,67.03369140625,,data/instances/train/real_07.cip
mix_12_4,54,2671,2671,B,,60.0,100,0.08256183564662933,2.6891965866088867,0.99756920337677,0.050000000000000044,,,,,,,,,,,,,,,,,,,,,16,,254,224,30,1706337648,918544344,434,0,12,4,0.02963670901954174,1.0,-12.4268159866333,5.610344886779785,1.0,0.6476659402251244,3747.56640625,67.03369140625,,data/instances/train/real_07.cip
mix_12_4,54,2672,2672,B,,60.0,100,0.10032983124256134,1.5154417753219604,10.691509246826172,0.050000000000000044,,,,,,,,,,,,,,,,,,,,,15,,254,224,30,1706337648,918544344,434,0,12,4,0.056690093129873276,1.0,-11.811370849609375,5.613646984100342,1.0,0.6462506800889969,3747.56640625,67.03369140625,,data/instances/train/real_07.cip
mix_12_4,54,2673,2673,B,,60.0,100,0.053883813321590424,2.10903263092041,1.3780312538146973,0.050000000000000044,,,,,,,,,,,,,,,,,,,,,16,,254,224,30,1706833140,918544344,435,0,12,4,0.023498252034187317,1.0,-13.091179847717285,5.00696325302124,1.0,0.6429412346333265,3746.58203125,67.03369140625,,data/instances/train/real_07.cip
mix_12_4,54,2674,2674,B,,60.0,100,0.03632013499736786,2.121711492538452,1.9812452793121338,0.050000000000000044,,,,,,,,,,,,,,,,,,,,,15,,254,224,30,1706833140,918544344,435,0,12,4,0.015665456652641296,1.0,-11.101167678833008,6.027032852172852,1.0,0.6447791792452335,3746.58203125,67.03369140625,,data/instances/train/real_07.cip
mix_12_4,54,2675,2675,B,,60.0,100,0.2514546811580658,2.15929913520813,5.1859331130981445,0.050000000000000044,,,,,,,,,,,,,,,,,,,,,15,,254,224,30,1706833140,918544344,435,0,12,4,0.1141304299235344,1.0,-12.975685119628906,5.986072063446045,1.0,0.5826775915920734,3746.58203125,67.03369140625,,data/instances/train/real_07.cip
mix_12_4,54,2676,2676,B,,60.0,100,0.18604184687137604,2.4214415550231934,4.035979270935059,0.050000000000000044,,,,,,,,,,,,,,,,,,,,,16,,254,224,30,1706833140,918544344,435,0,12,4,0.07117942720651627,1.0,-14.256452560424805,5.1009650230407715,1.0,0.644214915111661,3746.58203125,67.03369140625,,data/instances/train/real_07.cip
mix_12_4,54,2677,2677,B,,60.0,100,0.03598807007074356,1.4422938823699951,2.5625593662261963,0.050000000000000044,,,,,,,,,,,,,,,,,,,,,16,,254,224,30,1707332568,918544344,436,0,12,4,0.022826053202152252,1.0,-13.34380054473877,5.187171936035156,1.0,0.628374932333827,3746.58203125,67.03369140625,,data/instances/train/real_07.cip
mix_12_4,54,2678,2678,B,,60.0,100,0.046521008014678955,1.473646640777588,0.4778173863887787,0.050000000000000044,,,,,,,,,,,,,,,,,,,,,15,,254,224,30,1707332568,918544344,436,0,12,4,0.029723048210144043,1.0,-15.229707717895508,4.148597240447998,1.0,0.6402308028191328,3746.58203125,67.03369140625,,data/instances/train/real_07.cip
mix_12_4,54,2679,2679,B,,60.0,100,0.12208451330661774,2.6281847953796387,1.1018996238708496,0.050000000000000044,,,,,,,,,,,,,,,,,,,,,16,,254,224,30,1707332568,918544344,436,0,12,4,0.046542033553123474,1.0,-15.11063289642334,4.782021999359131,1.0,0.6591130699962378,3746.58203125,67.03369140625,,data/instances/train/real_07.cip
mix_12_4,54,2680,2680,B,,60.0,100,0.03847541660070419,1.0252654552459717,3.368790864944458,0.050000000000000044,,,,,,,,,,,,,,,,,,,,,15,,254,224,30,1707332568,918544344,436,0,12,4,0.029865210875868797,1.0,-12.455717086791992,7.100893497467041,1.0,0.6433895491063595,3746.58203125,67.03369140625,,data/instances/train/real_07.cip
mix_12_4,54,2681,2681,B,,60.0,100,0.11557866632938385,2.1878116130828857,1.0781794786453247,0.050000000000000044,,,,,,,,,,,,,,,,,,,,,16,,254,224,30,1707777916,918544344,437,0,12,4,0.049401815980672836,1.0,-11.182056427001953,5.240525245666504,121.0,0.6487560588866472,3746.58203125,67.03369140625,,data/instances/train/real_07.cip
mix_12_4,54,2682,2682,B,,60.0,100,0.09796027094125748,1.9162421226501465,0.8234075903892517,0.050000000000000044,,,,,,,,,,,,,,,,,,,,,16,,254,224,30,1707777916,918544344,437,0,12,4,0.05056937411427498,1.0,-12.573247909545898,6.012953281402588,121.0,0.6481220051646233,3746.58203125,67.03369140625,,data/instances/train/real_07.cip
mix_12_4,54,2683,2683,B,,60.0,100,0.06869786232709885,0.9387331008911133,2.5580873489379883,0.050000000000000044,,,,,,,,,,,,,,,,,,,,,16,,254,224,30,1707777916,918544344,437,0,12,4,0.045066334307193756,1.0,-12.592576026916504,5.7246928215026855,121.0,0.645016647875309,3746.58203125,67.03369140625,,data/instances/train/real_07.cip
mix_12_4,54,2684,2684,B,,60.0,100,0.03939412906765938,1.510963797569275,2.150298595428467,0.050000000000000044,,,,,,,,,,,,,,,,,,,,,14,,254,224,30,1707777916,918544344,437,0,12,4,0.023791074752807617,1.0,-14.06628131866455,6.577974796295166,121.0,0.6418619565665722,3746.58203125,67.03369140625,,data/instances/train/real_07.cip
mix_12_4,54,2685,2685,B,,60.0,100,0.07150610536336899,2.2004895210266113,1.903534173965454,0.050000000000000044,,,,,,,,,,,,,,,,,,,,,16,,254,224,30,1708185872,918544344,438,0,12,4,0.030397212132811546,1.0,-14.281250953674316,5.080740928649902,1.0,0.6434067897498608,3745.59765625,67.03369140625,,data/instances/train/real_07.cip
mix_12_4,54,2686,2686,B,,60.0,100,0.10146379470825195,2.254687786102295,2.0890209674835205,0.050000000000000044,,,,,,,,,,,,,,,,,,,,,15,,254,224,30,1708185872,918544344,438,0,12,4,0.04394196718931198,1.0,-13.516481399536133,4.83532190322876,1.0,0.4555975217372179,3745.59765625,67.03369140625,,data/instances/train/real_07.cip
mix_12_4,54,2687,2687,B,,60.0,100,0.09338198602199554,2.751458168029785,1.3617706298828125,0.050000000000000044,,,,,,,,,,,,,,,,,,,,,15,,254,224,30,1708185872,918544344,438,0,12,4,0.032292015850543976,1.0,-12.30082893371582,6.200837135314941,1.0,0.47597894817590714,3745.59765625,67.03369140625,,data/instances/train/real_07.cip
mix_12_4,54,2688,2688,B,,60.0,100,0.16837148368358612,3.2300801277160645,1.8902689218521118,0.050000000000000044,,,,,,,,,,,,,,,,,,,,,16,,254,224,30,1708185872,918544344,438,0,12,4,0.05313548073172569,1.0,-13.626619338989258,4.080524444580078,1.0,0.48185800202190876,3745.59765625,67.03369140625,,data/instances/train/real_07.cip
mix_12_4,54,2689,2689,B,,60.0,100,0.25866636633872986,4.101593017578125,1.6719609498977661,0.050000000000000044,,,,,,,,,,,,,,,,,,,,,16,,254,224,30,1708505104,918544344,439,0,12,4,0.06310778111219406,1.0,-12.898553848266602,5.504217624664307,1.0,0.4582192823290825,3745.59765625,67.03369140625,,data/instances/train/real_07.cip
mix_12_4,54,2690,2690,B,,60.0,100,0.2231678068637848,2.7737903594970703,2.5081450939178467,0.050000000000000044,,,,,,,,,,,,,,,,,,,,,16,,254,224,30,1708505104,918544344,439,0,12,4,0.07950650155544281,1.0,-12.514944076538086,6.269742965698242,1.0,0.4560278858989477,3745.59765625,67.03369140625,,data/instances/train/real_07.cip
mix_12_4,54,2691,2691,B,,60.0,100,0.1957094967365265,3.310290813446045,4.141120433807373,0.050000000000000044,,,,,,,,,,,,,,,,,,,,,16,,254,224,30,1708505104,918544344,439,0,12,4,0.05771734192967415,1.0,-12.374670028686523,4.635820388793945,1.0,0.486373258754611,3745.59765625,67.03369140625,,data/instances/train/real_07.cip
mix_12_4,54,2692,2692,B,,60.0,100,0.09724710136651993,3.398550033569336,1.282256007194519,0.050000000000000044,,,,,,,,,,,,,,,,,,,,,15,,254,224,30,1708505104,918544344,439,0,12,4,0.028441190719604492,1.0,-11.810613632202148,6.160608768463135,1.0,0.4625951200723648,3745.59765625,67.03369140625,,data/instances/train/real_07.cip
mix_12_4,54,2693,2693,B,,60.0,100,0.11559683084487915,2.676478862762451,1.8045310974121094,0.050000000000000044,,,,,,,,,,,,,,,,,,,,,16,,254,224,30,1708835332,918544344,440,0,12,4,0.04002998396754265,1.0,-13.3190336227417,5.725933074951172,1.0,0.6697108410298824,3745.59765625,67.03369140625,,data/instances/train/real_07.cip
mix_12_4,54,2694,2694,B,,60.0,100,0.14660748839378357,2.147500514984131,2.5160858631134033,0.050000000000000044,,,,,,,,,,,,,,,,,,,,,16,,254,224,30,1708835332,918544344,440,0,12,4,0.06435087323188782,1.0,-12.746286392211914,5.8198089599609375,1.0,0.6565490514039993,3745.59765625,67.03369140625,,data/instances/train/real_07.cip
mix_12_4,54,2695,2695,B,,60.0,100,0.18665221333503723,2.204397678375244,3.6310489177703857,0.050000000000000044,,,,,,,,,,,,,,,,,,,,,14,,254,224,30,1708835332,918544344,440,0,12,4,0.07934458553791046,1.0,-11.691417694091797,6.236464977264404,1.0,0.6450016498565674,3745.59765625,67.03369140625,,data/instances/train/real_07.cip
mix_12_4,54,2696,2696,B,,60.0,100,0.07922821491956711,1.019524097442627,2.9896888732910156,0.050000000000000044,,,,,,,,,,,,,,,,,,,,,15,,254,224,30,1708835332,918544344,440,0,12,4,0.07138314098119736,1.0,-12.510058403015137,5.908051490783691,1.0,0.6600881461054087,3745.59765625,67.03369140625,,data/instances/train/real_07.cip
mix_12_4,54,2697,2697,B,,60.0,100,0.36982160806655884,3.9626235961914062,3.7149319648742676,0.050000000000000044,,,,,,,,,,,,,,,,,,,,,15,,254,224,30,1709184628,918544344,441,0,12,4,0.09372639656066895,1.0,-13.648723602294922,5.484925270080566,188.0,0.6325064916163683,3745.59765625,67.03369140625,,data/instances/train/real_07.cip
mix_12_4,54,2698,2698,B,,60.0,100,0.27482670545578003,3.358785390853882,3.286897659301758,0.050000000000000044,,,,,,,,,,,,,,,,,,,,,15,,254,224,30,1709184628,918544344,441,0,12,4,0.08074250817298889,1.0,-14.039066314697266,4.688851833343506,188.0,0.6183984503149986,3745.59765625,67.03369140625,,data/instances/train/real_07.cip
mix_12_4,54,2699,2699,B,,60.0,100,0.12618307769298553,3.46466326713562,4.012751579284668,0.050000000000000044,,,,,,,,,,,,,,,,,,,,,16,,254,224,30,1709184628,918544344,441,0,12,4,0.03206644579768181,1.0,-12.127614974975586,4.878934383392334,188.0,0.6379061155021191,3745.59765625,67.03369140625,,data/instances/train/real_07.cip
mix_12_4,54,2700,2700,B,,60.0,100,0.12305064499378204,1.5568982362747192,2.063669443130493,0.050000000000000044,,,,,,,,,,,,,,,,,,,,,16,,254,224,30,1709184628,918544344,441,0,12,4,0.07121990621089935,1.0,-12.806346893310547,5.822391033172607,188.0,0.6462368033826351,3745.59765625,67.03369140625,,data/instances/train/real_07.cip
mix_12_4,54,2701,2701,B,,60.0,100,0.10246073454618454,1.5578365325927734,4.068437099456787,0.050000000000000044,,,,,,,,,,,,,,,,,,,,,15,,254,224,30,1709472016,918544344,442,0,12,4,0.05961994826793671,1.0,-11.732549667358398,5.818281173706055,1.0,0.6306095812469721,3745.59765625,67.03369140625,,data/instances/train/real_07.cip
mix_12_4,54,2702,2702,B,,60.0,100,0.14462381601333618,2.1900718212127686,2.296281337738037,0.050000000000000044,,,,,,,,,,,,,,,,,,,,,14,,254,224,30,1709472016,918544344,442,0,12,4,0.05967036262154579,1.0,-11.235244750976562,6.291529655456543,1.0,0.618025915697217,3745.59765625,67.03369140625,,data/instances/train/real_07.cip
mix_12_4,54,2703,2703,B,,60.0,100,0.0776486024260521,2.8598697185516357,3.6835732460021973,0.050000000000000044,,,,,,,,,,,,,,,,,,,,,15,,254,224,30,1709472016,918544344,442,0,12,4,0.023489179089665413,1.0,-11.794118881225586,5.86492919921875,1.0,0.6204681508243084,3745.59765625,67.03369140625,,data/instances/train/real_07.cip
mix_12_4,54,2704,2704,B,,60.0,100,0.04908275231719017,1.7165755033493042,1.9248024225234985,0.050000000000000044,,,,,,,,,,,,,,,,,,,,,13,,254,224,30,1709472016,918544344,442,0,12,4,0.024748152121901512,1.0,-12.519792556762695,7.750550746917725,1.0,0.632159736007452,3745.59765625,67.03369140625,,data/instances/train/real_07.cip
mix_12_4,54,2705,2705,B,,60.0,100,0.1914425790309906,2.2249412536621094,2.1266815662384033,0.050000000000000044,,,,,,,,,,,,,,,,,,,,,16,,254,224,30,1709730764,918544344,443,0,12,4,0.07736679911613464,1.0,-11.341968536376953,4.991624355316162,1.0,0.6507964767515659,3745.59765625,67.03369140625,,data/instances/train/real_07.cip
mix_12_4,54,2706,2706,B,,60.0,100,0.16639646887779236,2.0822105407714844,3.5810487270355225,0.050000000000000044,,,,,,,,,,,,,,,,,,,,,16,,254,224,30,1709730764,918544344,443,0,12,4,0.08008235692977905,1.0,-13.049629211425781,5.896777629852295,1.0,0.6524619795382023,3745.59765625,67.03369140625,,data/instances/train/real_07.cip
mix_12_4,54,2707,2707,B,,60.0,100,0.22382551431655884,2.83966326713562,3.722186803817749,0.050000000000000044,,,,,,,,,,,,,,,,,,,,,16,,254,224,30,1709730764,918544344,443,0,12,4,0.07681957632303238,1.0,-13.969490051269531,4.011714935302734,1.0,0.6509287040680647,3745.59765625,67.03369140625,,data/instances/train/real_07.cip
mix_12_4,54,2708,2708,B,,60.0,100,0.029426630586385727,1.5274816751480103,0.8738696575164795,0.050000000000000044,,,,,,,,,,,,,,,,,,,,,16,,254,224,30,1709730764,918544344,443,0,12,4,0.018746834248304367,1.0,-16.136188507080078,4.217329025268555,1.0,0.6520748417824507,3745.59765625,67.03369140625,,data/instances/train/real_07.cip
mix_12_4,54,2709,2709,B,,60.0,100,0.1672874391078949,2.1705822944641113,1.2380096912384033,0.050000000000000044,,,,,,,,,,,,,,,,,,,,,16,,254,224,30,1710046084,918544344,444,0,12,4,0.07686872035264969,1.0,-12.857975006103516,5.710902214050293,1.0,0.4874569959938526,3745.59765625,67.03369140625,,data/instances/train/real_07.cip
mix_12_4,54,2710,2710,B,,60.0,100,0.048550158739089966,1.0762057304382324,1.6723217964172363,0.050000000000000044,,,,,,,,,,,,,,,,,,,,,14,,254,224,30,1710046084,918544344,444,0,12,4,0.03825083747506142,1.0,-11.245251655578613,7.692909240722656,1.0,0.43192675337195396,3745.59765625,67.03369140625,,data/instances/train/real_07.cip
mix_12_4,54,2711,2711,B,,60.0,100,0.2193295657634735,2.635890483856201,4.309915542602539,0.050000000000000044,,,,,,,,,,,,,,,,,,,,,16,,254,224,30,1710046084,918544344,444,0,12,4,0.0845058336853981,1.0,-11.647077560424805,6.545721530914307,1.0,0.44862569123506546,3745.59765625,67.03369140625,,data/instances/train/real_07.cip
mix_12_4,54,2712,2712,B,,60.0,100,0.03710339963436127,2.034313678741455,0.41213586926460266,0.050000000000000044,,,,,,,,,,,,,,,,,,,,,16,,254,224,30,1710046084,918544344,444,0,12,4,0.018957844004034996,1.0,-11.472187042236328,5.779057502746582,1.0,0.5403426550328732,3745.59765625,67.03369140625,,data/instances/train/real_07.cip
mix_12_4,54,2713,2713,B,,60.0,100,0.08196637779474258,1.9716880321502686,5.556149005889893,0.050000000000000044,,,,,,,,,,,,,,,,,,,,,14,,254,224,30,1707940888,918544344,445,0,12,4,0.032921548932790756,1.0,-10.959038734436035,6.0777058601379395,1.0,0.623389920219779,3745.59765625,67.03369140625,,data/instances/train/real_07.cip
mix_12_4,54,2714,2714,B,,60.0,100,0.07594054937362671,1.641306757926941,1.333044171333313,0.050000000000000044,,,,,,,,,,,,,,,,,,,,,16,,254,224,30,1707940888,918544344,445,0,12,4,0.04216485470533371,1.0,-11.749507904052734,5.719972133636475,1.0,0.6662757135927677,3745.59765625,67.03369140625,,data/instances/train/real_07.cip
mix_12_4,54,2715,2715,B,,60.0,100,0.12115015834569931,1.147438645362854,2.384542942047119,0.050000000000000044,,,,,,,,,,,,,,,,,,,,,15,,254,224,30,1707940888,918544344,445,0,12,4,0.08415552973747253,1.0,-11.962030410766602,6.768834114074707,1.0,0.6462017856538296,3745.59765625,67.03369140625,,data/instances/train/real_07.cip
mix_12_4,54,2716,2716,B,,60.0,100,0.08700424432754517,2.7632904052734375,0.6635553240776062,0.050000000000000044,,,,,,,,,,,,,,,,,,,,,15,,254,224,30,1707940888,918544344,445,0,12,4,0.029733730480074883,1.0,-13.633350372314453,4.257023334503174,1.0,0.6485347058624029,3745.59765625,67.03369140625,,data/instances/train/real_07.cip
episode,54,2716,2716,B,,60.0,100,0.08700424432754517,2.7632904052734375,0.6635553240776062,0.050000000000000044,-13.097199999999997,-13.0,-0.09720000000000001,-13.097199999999997,True,14,62.384477,,,,,,,,inf,8.067957137829088e-06,120.0,43.201481,0.0,12976,15,True,254,224,30,1704069180,918544344,447,0,12,4,,,,,24.615384615384617,,3745.59765625,67.03369140625,timelimit,data/instances/train/real_07.cip
mix_12_4,55,2717,2717,B,,300.0,100,0.03371768817305565,0.5289033651351929,1.710222601890564,0.050000000000000044,,,,,,,,,,,,,,,,,,,,,14,,254,224,30,1704069180,918544344,447,0,12,4,0.07686911523342133,1.0,-10.46429443359375,6.810662269592285,1.0,0.6652897708117962,4191.77734375,67.03369140625,,data/instances/transfer/real_02.cip
mix_12_4,55,2718,2718,B,,300.0,100,0.2591724395751953,3.3146443367004395,1.6401450634002686,0.050000000000000044,,,,,,,,,,,,,,,,,,,,,16,,254,224,30,1704069180,918544344,447,0,12,4,0.07520239055156708,1.0,-15.891605377197266,4.476773262023926,1.0,0.6530022453516722,4191.77734375,67.03369140625,,data/instances/transfer/real_02.cip
mix_12_4,55,2719,2719,B,,300.0,100,0.10054341703653336,2.7492945194244385,1.2400425672531128,0.050000000000000044,,,,,,,,,,,,,,,,,,,,,14,,254,224,30,1704069180,918544344,447,0,12,4,0.03569413721561432,1.0,-11.062692642211914,6.008263111114502,1.0,0.6377210915088654,4191.77734375,67.03369140625,,data/instances/transfer/real_02.cip
mix_12_4,55,2720,2720,B,,300.0,100,0.18013924360275269,1.6620274782180786,2.4003536701202393,0.050000000000000044,,,,,,,,,,,,,,,,,,,,,16,,254,224,30,1704069180,918544344,447,0,12,4,0.10093143582344055,1.0,-12.482906341552734,4.925250053405762,1.0,0.6781995315104723,4191.77734375,67.03369140625,,data/instances/transfer/real_02.cip
mix_12_4,55,2721,2721,B,,300.0,100,0.03627533093094826,2.2941319942474365,1.3132010698318481,0.050000000000000044,,,,,,,,,,,,,,,,,,,,,16,,254,224,30,1704069180,918544344,447,0,12,4,0.0151322977617383,1.0,-11.15704345703125,6.922267436981201,1.0,0.6695968769490719,4205.20703125,67.03369140625,,data/instances/transfer/real_02.cip
mix_12_4,55,2722,2722,B,,300.0,100,0.0780358761548996,2.8390560150146484,0.7480144500732422,0.050000000000000044,,,,,,,,,,,,,,,,,,,,,15,,254,224,30,1704069180,918544344,447,0,12,4,0.02468511462211609,1.0,-11.576655387878418,5.969976902008057,1.0,0.6453449428081512,4205.20703125,67.03369140625,,data/instances/transfer/real_02.cip
mix_12_4,55,2723,2723,B,,300.0,100,0.20250070095062256,2.911952018737793,2.797863483428955,0.050000000000000044,,,,,,,,,,,,,,,,,,,,,15,,254,224,30,1704069180,918544344,447,0,12,4,0.06398410350084305,1.0,-11.357738494873047,6.343780517578125,1.0,0.6333989929407835,4205.20703125,67.03369140625,,data/instances/transfer/real_02.cip
mix_12_4,55,2724,2724,B,,300.0,100,0.08593849837779999,2.267261028289795,3.675102949142456,0.050000000000000044,,,,,,,,,,,,,,,,,,,,,15,,254,224,30,1704069180,918544344,447,0,12,4,0.03480546921491623,1.0,-11.535531997680664,5.7836432456970215,1.0,0.662521043792367,4205.20703125,67.03369140625,,data/instances/transfer/real_02.cip
mix_12_4,55,2725,2725,B,,300.0,100,0.2613954544067383,3.430424928665161,4.119735240936279,0.050000000000000044,,,,,,,,,,,,,,,,,,,,,16,,255,224,31,1704069180,946826824,447,0,12,4,0.07538087666034698,1.0,-14.349589347839355,5.790438652038574,1.0,0.6698674969375134,4205.20703125,67.03369140625,,data/instances/transfer/real_02.cip
mix_12_4,55,2726,2726,B,,300.0,100,0.08846578747034073,3.354773759841919,1.1531884670257568,0.050000000000000044,,,,,,,,,,,,,,,,,,,,,16,,255,224,31,1704069180,946826824,447,0,12,4,0.02587296813726425,1.0,-15.88512134552002,4.0505805015563965,1.0,0.6406862940639257,4205.20703125,67.03369140625,,data/instances/transfer/real_02.cip
mix_12_4,55,2727,2727,B,,300.0,100,0.10686853528022766,2.415494203567505,2.475268602371216,0.050000000000000044,,,,,,,,,,,,,,,,,,,,,15,,255,224,31,1704069180,946826824,447,0,12,4,0.04002028703689575,1.0,-12.584575653076172,5.70424222946167,1.0,0.6383663360029459,4205.20703125,67.03369140625,,data/instances/transfer/real_02.cip
mix_12_4,55,2728,2728,B,,300.0,100,0.21090105175971985,2.250981330871582,1.2722790241241455,0.050000000000000044,,,,,,,,,,,,,,,,,,,,,16,,255,224,31,1704069180,946826824,447,0,12,4,0.0887676551938057,1.0,-12.798360824584961,4.523446083068848,1.0,0.664988012984395,4205.20703125,67.03369140625,,data/instances/transfer/real_02.cip
mix_12_4,55,2729,2729,B,,300.0,100,0.5220954418182373,4.639556884765625,3.0452218055725098,0.050000000000000044,,,,,,,,,,,,,,,,,,,,,16,,256,224,32,1704069180,974845048,447,0,12,4,0.1095685064792633,1.0,-12.139427185058594,5.014554977416992,1.0,0.6694808807224035,4205.20703125,67.03369140625,,data/instances/transfer/real_02.cip
mix_12_4,55,2730,2730,B,,300.0,100,0.055899981409311295,2.2038207054138184,2.2682454586029053,0.050000000000000044,,,,,,,,,,,,,,,,,,,,,16,,256,224,32,1704069180,974845048,447,0,12,4,0.023293115198612213,1.0,-12.895685195922852,5.999047756195068,1.0,0.6355752293020487,4205.20703125,67.03369140625,,data/instances/transfer/real_02.cip
mix_12_4,55,2731,2731,B,,300.0,100,0.1883510947227478,2.948056936264038,9.119546890258789,0.050000000000000044,,,,,,,,,,,,,,,,,,,,,16,,256,224,32,1704069180,974845048,447,0,12,4,0.055675625801086426,1.0,-13.57858657836914,4.860245227813721,1.0,0.6427486408501863,4205.20703125,67.03369140625,,data/instances/transfer/real_02.cip
mix_12_4,55,2732,2732,B,,300.0,100,0.2124256193637848,3.3527750968933105,3.4595234394073486,0.050000000000000044,,,,,,,,,,,,,,,,,,,,,14,,256,224,32,1704069180,974845048,447,0,12,4,0.05961132049560547,1.0,-11.795915603637695,6.536755561828613,1.0,0.6344697009772062,4205.20703125,67.03369140625,,data/instances/transfer/real_02.cip
mix_12_4,55,2733,2733,B,,300.0,100,0.04578842222690582,2.1669437885284424,2.887507915496826,0.050000000000000044,,,,,,,,,,,,,,,,,,,,,16,,256,224,32,1704069180,972173092,448,0,12,4,0.01920069195330143,1.0,-14.381032943725586,5.664939880371094,1.0,0.6370941884815693,4212.7734375,67.03369140625,,data/instances/transfer/real_02.cip
mix_12_4,55,2734,2734,B,,300.0,100,0.03309754282236099,2.2170374393463135,2.570460081100464,0.050000000000000044,,,,,,,,,,,,,,,,,,,,,16,,256,224,32,1704069180,972173092,448,0,12,4,0.01201989408582449,1.0,-9.10177993774414,5.18428373336792,1.0,0.6502389181405306,4212.7734375,67.03369140625,,data/instances/transfer/real_02.cip
mix_12_4,55,2735,2735,B,,300.0,100,0.10392310470342636,3.3952276706695557,1.3263715505599976,0.050000000000000044,,,,,,,,,,,,,,,,,,,,,15,,256,224,32,1704069180,972173092,448,0,12,4,0.03000585176050663,1.0,-15.632303237915039,5.559429168701172,1.0,0.6116276755928993,4212.7734375,67.03369140625,,data/instances/transfer/real_02.cip
mix_12_4,55,2736,2736,B,,300.0,100,0.07635541260242462,3.476402759552002,2.92466402053833,0.050000000000000044,,,,,,,,,,,,,,,,,,,,,16,,256,224,32,1704069180,972173092,448,0,12,4,0.02134571596980095,1.0,-14.748201370239258,4.480389595031738,1.0,0.6525386534631252,4212.7734375,67.03369140625,,data/instances/transfer/real_02.cip
mix_12_4,55,2737,2737,B,,300.0,100,0.15202586352825165,2.7387804985046387,1.1285901069641113,0.050000000000000044,,,,,,,,,,,,,,,,,,,,,16,,256,224,32,1704069180,969494280,449,0,12,4,0.05617503821849823,1.0,-15.002962112426758,4.125099182128906,1.0,0.6592502761632204,4213.4453125,67.03369140625,,data/instances/transfer/real_02.cip
mix_12_4,55,2738,2738,B,,300.0,100,0.13358202576637268,2.797579765319824,7.454947471618652,0.050000000000000044,,,,,,,,,,,,,,,,,,,,,16,,256,224,32,1704069180,969494280,449,0,12,4,0.036374133080244064,1.0,-13.681227684020996,5.0869293212890625,1.0,0.6297401003539562,4213.4453125,67.03369140625,,data/instances/transfer/real_02.cip
mix_12_4,55,2739,2739,B,,300.0,100,0.18339595198631287,2.7675864696502686,1.4060652256011963,0.050000000000000044,,,,,,,,,,,,,,,,,,,,,16,,256,224,32,1704069180,969494280,449,0,12,4,0.06473734974861145,1.0,-13.968531608581543,5.260241508483887,1.0,0.6432369388639927,4213.4453125,67.03369140625,,data/instances/transfer/real_02.cip
mix_12_4,55,2740,2740,B,,300.0,100,0.04720107465982437,1.8021769523620605,1.1606136560440063,0.050000000000000044,,,,,,,,,,,,,,,,,,,,,14,,256,224,32,1704069180,969494280,449,0,12,4,0.01885039173066616,1.0,-12.538355827331543,6.339811325073242,1.0,0.6023503225296736,4213.4453125,67.03369140625,,data/instances/transfer/real_02.cip
mix_12_4,55,2741,2741,B,,300.0,100,0.13389073312282562,1.5920782089233398,8.227716445922852,0.050000000000000044,,,,,,,,,,,,,,,,,,,,,16,,256,224,32,1704069180,966794484,450,0,12,4,0.07072436064481735,1.0,-11.562033653259277,6.354828834533691,1.0,0.6698172967880964,4217.6328125,67.03369140625,,data/instances/transfer/real_02.cip
mix_12_4,55,2742,2742,B,,300.0,100,0.07399061322212219,2.8098578453063965,3.518961191177368,0.050000000000000044,,,,,,,,,,,,,,,,,,,,,15,,256,224,32,1704069180,966794484,450,0,12,4,0.023624077439308167,1.0,-14.695920944213867,4.164699554443359,1.0,0.6480614058673382,4217.6328125,67.03369140625,,data/instances/transfer/real_02.cip
mix_12_4,55,2743,2743,B,,300.0,100,0.3029969036579132,4.000881195068359,4.876094341278076,0.050000000000000044,,,,,,,,,,,,,,,,,,,,,16,,256,224,32,1704069180,966794484,450,0,12,4,0.0721207931637764,1.0,-14.914287567138672,4.453127384185791,1.0,0.6454646941274405,4217.6328125,67.03369140625,,data/instances/transfer/real_02.cip
mix_12_4,55,2744,2744,B,,300.0,100,0.39852175116539,3.386568784713745,12.750977516174316,0.050000000000000044,,,,,,,,,,,,,,,,,,,,,16,,256,224,32,1704069180,966794484,450,0,12,4,0.09771885722875595,1.0,-14.30527400970459,4.023959159851074,1.0,0.6534884758293629,4217.6328125,67.03369140625,,data/instances/transfer/real_02.cip
mix_12_4,55,2745,2745,B,,300.0,100,0.05630486458539963,2.0960159301757812,0.9089227318763733,0.050000000000000044,,,,,,,,,,,,,,,,,,,,,16,,256,224,32,1704069180,964039676,451,0,12,4,0.023721812292933464,1.0,-14.326074600219727,4.924108028411865,1.0,0.6630763076245785,4218.6640625,67.03369140625,,data/instances/transfer/real_02.cip
mix_12_4,55,2746,2746,B,,300.0,100,0.07746199518442154,2.27359938621521,0.861621618270874,0.050000000000000044,,,,,,,,,,,,,,,,,,,,,16,,256,224,32,1704069180,964039676,451,0,12,4,0.030736856162548065,1.0,-12.840986251831055,5.93536901473999,1.0,0.6470617223531008,4218.6640625,67.03369140625,,data/instances/transfer/real_02.cip
mix_12_4,55,2747,2747,B,,300.0,100,0.06641972064971924,2.14359188079834,2.9069411754608154,0.050000000000000044,,,,,,,,,,,,,,,,,,,,,16,,256,224,32,1704069180,964039676,451,0,12,4,0.02406436949968338,1.0,-14.414507865905762,4.7410759925842285,1.0,0.6539630256593227,4218.6640625,67.03369140625,,data/instances/transfer/real_02.cip
mix_12_4,55,2748,2748,B,,300.0,100,0.2084859013557434,3.115679979324341,5.389655590057373,0.050000000000000044,,,,,,,,,,,,,,,,,,,,,14,,256,224,32,1704069180,964039676,451,0,12,4,0.0588773638010025,1.0,-11.604808807373047,5.637853622436523,1.0,0.6310625057667494,4218.6640625,67.03369140625,,data/instances/transfer/real_02.cip
mix_12_4,55,2749,2749,B,,300.0,100,0.1570149064064026,3.419686794281006,8.499627113342285,0.050000000000000044,,,,,,,,,,,,,,,,,,,,,16,,256,224,32,1704069180,961276556,452,0,12,4,0.03984314203262329,1.0,-13.684493064880371,3.8604605197906494,1.0,0.666362963616848,4218.6640625,67.03369140625,,data/instances/transfer/real_02.cip
mix_12_4,55,2750,2750,B,,300.0,100,0.09974054992198944,2.8321754932403564,4.662324905395508,0.050000000000000044,,,,,,,,,,,,,,,,,,,,,16,,256,224,32,1704069180,961276556,452,0,12,4,0.029936278238892555,1.0,-12.376112937927246,4.527928829193115,1.0,0.646942600607872,4218.6640625,67.03369140625,,data/instances/transfer/real_02.cip
mix_12_4,55,2751,2751,B,,300.0,100,0.1509964019060135,1.9147998094558716,13.895380973815918,0.050000000000000044,,,,,,,,,,,,,,,,,,,,,16,,256,224,32,1704069180,961276556,452,0,12,4,0.046716656535863876,1.0,-12.20043659210205,5.3591156005859375,1.0,0.6549024414271116,4218.6640625,67.03369140625,,data/instances/transfer/real_02.cip
mix_12_4,55,2752,2752,B,,300.0,100,0.2982223927974701,1.6862980127334595,7.522102355957031,0.050000000000000044,,,,,,,,,,,,,,,,,,,,,14,,256,224,32,1704069180,961276556,452,0,12,4,0.14021503925323486,1.0,-10.128318786621094,6.297401428222656,1.0,0.6355381347239017,4218.6640625,67.03369140625,,data/instances/transfer/real_02.cip
mix_12_4,55,2753,2753,B,,300.0,100,0.0558573454618454,1.7715688943862915,0.7088321447372437,0.050000000000000044,,,,,,,,,,,,,,,,,,,,,14,,256,224,32,1704069180,958758716,453,0,12,4,0.027415413409471512,1.0,-11.906805992126465,6.524515628814697,1.0,0.649870028719306,4228.49609375,67.03369140625,,data/instances/transfer/real_02.cip
mix_12_4,55,2754,2754,B,,300.0,100,0.06482911109924316,1.4499763250350952,3.438170909881592,0.050000000000000044,,,,,,,,,,,,,,,,,,,,,16,,256,224,32,1704069180,958758716,453,0,12,4,0.040072642266750336,1.0,-13.974014282226562,4.951725959777832,1.0,0.6457651723176241,4228.49609375,67.03369140625,,data/instances/transfer/real_02.cip
mix_12_4,55,2755,2755,B,,300.0,100,0.09517351537942886,2.7712042331695557,2.7768421173095703,0.050000000000000044,,,,,,,,,,,,,,,,,,,,,16,,256,224,32,1704069180,958758716,453,0,12,4,0.0346275195479393,1.0,-15.57046890258789,5.033601760864258,1.0,0.6412036810070276,4228.49609375,67.03369140625,,data/instances/transfer/real_02.cip
mix_12_4,55,2756,2756,B,,300.0,100,0.13085703551769257,2.1204018592834473,3.8273491859436035,0.050000000000000044,,,,,,,,,,,,,,,,,,,,,15,,256,224,32,1704069180,958758716,453,0,12,4,0.05651519447565079,1.0,-14.04800796508789,4.681619644165039,1.0,0.6396838016808033,4228.49609375,67.03369140625,,data/instances/transfer/real_02.cip
mix_12_4,55,2757,2757,B,,300.0,100,0.02854086458683014,1.5504050254821777,1.006093144416809,0.050000000000000044,,,,,,,,,,,,,,,,,,,,,16,,256,224,32,1704069180,956183384,454,0,12,4,0.014535412192344666,1.0,-12.015625953674316,6.015463829040527,1.0,0.6782092545181513,4234.5859375,67.03369140625,,data/instances/transfer/real_02.cip
mix_12_4,55,2758,2758,B,,300.0,100,0.1267653852701187,2.7372384071350098,1.1877764463424683,0.050000000000000044,,,,,,,,,,,,,,,,,,,,,15,,256,224,32,1704069180,956183384,454,0,12,4,0.04543706402182579,1.0,-14.537760734558105,4.9011688232421875,1.0,0.6258657146245241,4234.5859375,67.03369140625,,data/instances/transfer/real_02.cip
mix_12_4,55,2759,2759,B,,300.0,100,0.1299683302640915,2.1593220233917236,2.1772563457489014,0.050000000000000044,,,,,,,,,,,,,,,,,,,,,16,,256,224,32,1704069180,956183384,454,0,12,4,0.054641108959913254,1.0,-15.093311309814453,5.598346710205078,1.0,0.6610828600823879,4234.5859375,67.03369140625,,data/instances/transfer/real_02.cip
mix_12_4,55,2760,2760,B,,300.0,100,0.3035928010940552,3.3786277770996094,2.5194284915924072,0.050000000000000044,,,,,,,,,,,,,,,,,,,,,15,,256,224,32,1704069180,956183384,454,0,12,4,0.08711392432451248,1.0,-11.871635437011719,5.337292671203613,1.0,0.6400542035698891,4234.5859375,67.03369140625,,data/instances/transfer/real_02.cip
mix_12_4,55,2761,2761,B,,300.0,100,0.11242444068193436,1.6154423952102661,5.050053596496582,0.050000000000000044,,,,,,,,,,,,,,,,,,,,,16,,256,224,32,1704069180,953393912,455,0,12,4,0.0660664513707161,1.0,-12.813599586486816,5.400609016418457,1.0,0.6636305898427963,4234.5859375,67.03369140625,,data/instances/transfer/real_02.cip
mix_12_4,55,2762,2762,B,,300.0,100,0.13091501593589783,2.904111623764038,3.6989779472351074,0.050000000000000044,,,,,,,,,,,,,,,,,,,,,15,,256,224,32,1704069180,953393912,455,0,12,4,0.040791016072034836,1.0,-13.426325798034668,5.224116325378418,1.0,0.6383216269314289,4234.5859375,67.03369140625,,data/instances/transfer/real_02.cip
mix_12_4,55,2763,2763,B,,300.0,100,0.03755882754921913,1.105625867843628,2.3159055709838867,0.050000000000000044,,,,,,,,,,,,,,,,,,,,,15,,256,224,32,1704069180,953393912,455,0,12,4,0.025361159816384315,1.0,-12.58603286743164,6.034551620483398,1.0,0.6337084546685219,4234.5859375,67.03369140625,,data/instances/transfer/real_02.cip
mix_12_4,55,2764,2764,B,,300.0,100,0.3581122159957886,3.751404285430908,12.211345672607422,0.050000000000000044,,,,,,,,,,,,,,,,,,,,,14,,256,224,32,1704069180,953393912,455,0,12,4,0.08285941183567047,1.0,-13.172493934631348,6.253408908843994,1.0,0.6239498816430569,4234.5859375,67.03369140625,,data/instances/transfer/real_02.cip
mix_12_4,55,2765,2765,B,,300.0,100,0.040217719972133636,3.290301561355591,2.276240348815918,0.050000000000000044,,,,,,,,,,,,,,,,,,,,,16,,256,224,32,1704069180,951038572,456,0,12,4,0.01174287311732769,1.0,-13.849531173706055,4.973796844482422,1.0,0.6615553069859743,4234.5859375,67.03369140625,,data/instances/transfer/real_02.cip
mix_12_4,55,2766,2766,B,,300.0,100,0.11153531819581985,2.2819297313690186,4.323976039886475,0.050000000000000044,,,,,,,,,,,,,,,,,,,,,16,,256,224,32,1704069180,951038572,456,0,12,4,0.04265489801764488,1.0,-10.587359428405762,5.424140453338623,1.0,0.6496278047561646,4234.5859375,67.03369140625,,data/instances/transfer/real_02.cip
mix_12_4,55,2767,2767,B,,300.0,100,0.19133439660072327,2.090258836746216,8.594518661499023,0.050000000000000044,,,,,,,,,,,,,,,,,,,,,16,,256,224,32,1704069180,951038572,456,0,12,4,0.08133790642023087,1.0,-11.560609817504883,5.717242240905762,1.0,0.6392380632460117,4234.5859375,67.03369140625,,data/instances/transfer/real_02.cip
mix_12_4,55,2768,2768,B,,300.0,100,0.325428307056427,2.7993900775909424,5.477778434753418,0.050000000000000044,,,,,,,,,,,,,,,,,,,,,16,,256,224,32,1704069180,951038572,456,0,12,4,0.10960734635591507,1.0,-12.17767333984375,5.314626693725586,1.0,0.6582386679947376,4234.5859375,67.03369140625,,data/instances/transfer/real_02.cip
mix_12_4,55,2769,2769,B,,300.0,100,0.06138627231121063,1.054537296295166,7.015618801116943,0.050000000000000044,,,,,,,,,,,,,,,,,,,,,15,,256,224,32,1704069180,948802800,457,0,12,4,0.040526531636714935,1.0,-12.625856399536133,5.403973579406738,173.0,0.6756103970110416,4234.5859375,67.03369140625,,data/instances/transfer/real_02.cip
mix_12_4,55,2770,2770,B,,300.0,100,0.26283881068229675,2.9706902503967285,8.138136863708496,0.050000000000000044,,,,,,,,,,,,,,,,,,,,,16,,256,224,32,1704069180,948802800,457,0,12,4,0.07492084801197052,1.0,-13.416955947875977,5.694652557373047,173.0,0.6429531034082174,4234.5859375,67.03369140625,,data/instances/transfer/real_02.cip
mix_12_4,55,2771,2771,B,,300.0,100,0.12570920586585999,2.3255255222320557,1.5374199151992798,0.050000000000000044,,,,,,,,,,,,,,,,,,,,,15,,256,224,32,1704069180,948802800,457,0,12,4,0.04834726080298424,1.0,-10.200674057006836,5.622592449188232,173.0,0.6260730195790529,4234.5859375,67.03369140625,,data/instances/transfer/real_02.cip
mix_12_4,55,2772,2772,B,,300.0,100,0.3484322428703308,2.8796677589416504,1.9939274787902832,0.050000000000000044,,,,,,,,,,,,,,,,,,,,,15,,256,224,32,1704069180,948802800,457,0,12,4,0.11287307739257812,1.0,-11.495361328125,6.591858386993408,173.0,0.6296569462865591,4234.5859375,67.03369140625,,data/instances/transfer/real_02.cip
mix_12_4,55,2773,2773,B,,300.0,100,0.3099796175956726,2.337481737136841,12.365131378173828,0.050000000000000044,,,,,,,,,,,,,,,,,,,,,16,,256,224,32,1704069180,946577996,458,0,12,4,0.10957974195480347,1.0,-14.535743713378906,4.600162982940674,1.0,0.6590040773153305,4234.5859375,67.03369140625,,data/instances/transfer/real_02.cip
mix_12_4,55,2774,2774,B,,300.0,100,0.149515300989151,3.494138240814209,0.7776005268096924,0.050000000000000044,,,,,,,,,,,,,,,,,,,,,15,,256,224,32,1704069180,946577996,458,0,12,4,0.04074534401297569,1.0,-14.908889770507812,5.162596702575684,1.0,0.64716512337327,4234.5859375,67.03369140625,,data/instances/transfer/real_02.cip
mix_12_4,55,2775,2775,B,,300.0,100,0.17213961482048035,1.732781171798706,3.2790372371673584,0.050000000000000044,,,,,,,,,,,,,,,,,,,,,15,,256,224,32,1704069180,946577996,458,0,12,4,0.08935268223285675,1.0,-11.346588134765625,4.289834976196289,1.0,0.6465622819960117,4234.5859375,67.03369140625,,data/instances/transfer/real_02.cip
mix_12_4,55,2776,2776,B,,300.0,100,0.11727893352508545,2.9091174602508545,2.7509818077087402,0.050000000000000044,,,,,,,,,,,,,,,,,,,,,16,,256,224,32,1704069180,946577996,458,0,12,4,0.036010317504405975,1.0,-13.668373107910156,3.670124053955078,1.0,0.6527296639978886,4234.5859375,67.03369140625,,data/instances/transfer/real_02.cip
mix_12_4,55,2777,2777,B,,300.0,100,0.14072810113430023,3.433406352996826,1.0055712461471558,0.050000000000000044,,,,,,,,,,,,,,,,,,,,,15,,256,224,32,1704069180,944390600,459,0,12,4,0.04028832167387009,1.0,-12.074432373046875,5.655578136444092,1.0,0.6568217445164919,4234.5859375,67.03369140625,,data/instances/transfer/real_02.cip
mix_12_4,55,2778,2778,B,,300.0,100,0.1153130829334259,2.6814475059509277,1.7780054807662964,0.050000000000000044,,,,,,,,,,,,,,,,,,,,,16,,256,224,32,1704069180,944390600,459,0,12,4,0.042002104222774506,1.0,-13.291226387023926,5.475755214691162,1.0,0.645572118461132,4234.5859375,67.03369140625,,data/instances/transfer/real_02.cip
mix_12_4,55,2779,2779,B,,300.0,100,0.24669894576072693,3.019605875015259,2.307068347930908,0.050000000000000044,,,,,,,,,,,,,,,,,,,,,15,,256,224,32,1704069180,944390600,459,0,12,4,0.07598211616277695,1.0,-12.548315048217773,4.708680152893066,1.0,0.6452474128454924,4234.5859375,67.03369140625,,data/instances/transfer/real_02.cip
mix_12_4,55,2780,2780,B,,300.0,100,0.14794450998306274,2.9881300926208496,2.2573068141937256,0.050000000000000044,,,,,,,,,,,,,,,,,,,,,15,,256,224,32,1704069180,944390600,459,0,12,4,0.0462334007024765,1.0,-10.702764511108398,5.1602983474731445,1.0,0.6613943036645651,4234.5859375,67.03369140625,,data/instances/transfer/real_02.cip
mix_12_4,55,2781,2781,B,,300.0,100,0.07794809341430664,1.1137187480926514,4.892680644989014,0.050000000000000044,,,,,,,,,,,,,,,,,,,,,15,,256,224,32,1704069180,942329584,460,0,12,4,0.05474646016955376,1.0,-11.949563026428223,5.594067573547363,1.0,0.6663128454238176,4234.5859375,67.03369140625,,data/instances/transfer/real_02.cip
mix_12_4,55,2782,2782,B,,300.0,100,0.10087417811155319,2.741746664047241,0.6984427571296692,0.050000000000000044,,,,,,,,,,,,,,,,,,,,,14,,256,224,32,1704069180,942329584,460,0,12,4,0.03521181270480156,1.0,-13.664982795715332,4.352107524871826,1.0,0.6315521951764822,4234.5859375,67.03369140625,,data/instances/transfer/real_02.cip
mix_12_4,55,2783,2783,B,,300.0,100,0.12694823741912842,2.8160581588745117,1.9854916334152222,0.050000000000000044,,,,,,,,,,,,,,,,,,,,,15,,256,224,32,1704069180,942329584,460,0,12,4,0.043954961001873016,1.0,-13.221174240112305,5.026905536651611,1.0,0.6417062655091286,4234.5859375,67.03369140625,,data/instances/transfer/real_02.cip
mix_12_4,55,2784,2784,B,,300.0,100,0.15082719922065735,2.1925692558288574,4.317104339599609,0.050000000000000044,,,,,,,,,,,,,,,,,,,,,15,,256,224,32,1704069180,942329584,460,0,12,4,0.06560959666967392,1.0,-12.587203979492188,5.191024303436279,1.0,0.6482849810272455,4234.5859375,67.03369140625,,data/instances/transfer/real_02.cip
mix_12_4,55,2785,2785,B,,300.0,100,0.02106449007987976,3.4953181743621826,0.15665806829929352,0.050000000000000044,,,,,,,,,,,,,,,,,,,,,15,,256,224,32,1704069180,940197704,461,0,12,4,0.005502152722328901,1.0,-11.626386642456055,5.716239929199219,1.0,0.6504160389304161,4234.5859375,67.03369140625,,data/instances/transfer/real_02.cip
mix_12_4,55,2786,2786,B,,300.0,100,0.41708964109420776,3.4435296058654785,3.8618569374084473,0.050000000000000044,,,,,,,,,,,,,,,,,,,,,16,,256,224,32,1704069180,940197704,461,0,12,4,0.11084245145320892,1.0,-14.19290542602539,4.734360694885254,1.0,0.6518849637359381,4234.5859375,67.03369140625,,data/instances/transfer/real_02.cip
mix_12_4,55,2787,2787,B,,300.0,100,0.051474325358867645,1.6640634536743164,4.976709842681885,0.050000000000000044,,,,,,,,,,,,,,,,,,,,,16,,256,224,32,1704069180,940197704,461,0,12,4,0.025841033086180687,1.0,-13.878304481506348,4.4726152420043945,1.0,0.66275280341506,4234.5859375,67.03369140625,,data/instances/transfer/real_02.cip
mix_12_4,55,2788,2788,B,,300.0,100,0.15819649398326874,1.7580944299697876,5.490076065063477,0.050000000000000044,,,,,,,,,,,,,,,,,,,,,15,,256,224,32,1704069180,940197704,461,0,12,4,0.07195061445236206,1.0,-13.901537895202637,4.518308162689209,1.0,0.6411170195788145,4234.5859375,67.03369140625,,data/instances/transfer/real_02.cip
mix_12_4,55,2789,2789,B,,300.0,100,0.12342683225870132,3.3828787803649902,1.9731724262237549,0.050000000000000044,,,,,,,,,,,,,,,,,,,,,16,,256,224,32,1704069180,938069420,462,0,12,4,0.03544033318758011,1.0,-14.252326965332031,4.550413608551025,1.0,0.5785252526402473,4234.5859375,67.03369140625,,data/instances/transfer/real_02.cip
mix_12_4,55,2790,2790,B,,300.0,100,0.6578978300094604,4.135899543762207,6.729880332946777,0.050000000000000044,,,,,,,,,,,,,,,,,,,,,15,,256,224,32,1704069180,938069420,462,0,12,4,0.15118078887462616,1.0,-14.010808944702148,4.078895092010498,1.0,0.43248250894248486,4234.5859375,67.03369140625,,data/instances/transfer/real_02.cip
mix_12_4,55,2791,2791,B,,300.0,100,0.07077984511852264,2.6386032104492188,7.386769771575928,0.050000000000000044,,,,,,,,,,,,,,,,,,,,,13,,256,224,32,1704069180,938069420,462,0,12,4,0.018379108980298042,1.0,-11.184250831604004,6.202456951141357,1.0,0.42178723961114883,4234.5859375,67.03369140625,,data/instances/transfer/real_02.cip
mix_12_4,55,2792,2792,B,,300.0,100,0.11271417886018753,1.066549301147461,6.324537754058838,0.050000000000000044,,,,,,,,,,,,,,,,,,,,,16,,256,224,32,1704069180,938069420,462,0,12,4,0.08632803708314896,1.0,-11.956121444702148,4.698943138122559,1.0,0.5460832323879004,4234.5859375,67.03369140625,,data/instances/transfer/real_02.cip
mix_12_4,55,2793,2793,B,,300.0,100,0.06798657029867172,2.08644437789917,1.742203950881958,0.050000000000000044,,,,,,,,,,,,,,,,,,,,,16,,256,224,32,1704069180,888558756,465,0,12,4,0.03116224892437458,1.0,-12.321216583251953,6.046602249145508,1.0,0.6818289868533611,4234.6015625,67.03369140625,,data/instances/transfer/real_02.cip
mix_12_4,55,2794,2794,B,,300.0,100,0.33973729610443115,5.556159496307373,2.9664499759674072,0.050000000000000044,,,,,,,,,,,,,,,,,,,,,13,,256,224,32,1704069180,888558756,465,0,12,4,0.045947518199682236,1.0,-14.312055587768555,4.783021450042725,1.0,0.6222215723246336,4234.6015625,67.03369140625,,data/instances/transfer/real_02.cip
mix_12_4,55,2795,2795,B,,300.0,100,0.1277644783258438,2.410142660140991,5.4916300773620605,0.050000000000000044,,,,,,,,,,,,,,,,,,,,,14,,256,224,32,1704069180,888558756,465,0,12,4,0.04408983513712883,1.0,-11.971134185791016,6.421308994293213,1.0,0.44437126070261,4234.6015625,67.03369140625,,data/instances/transfer/real_02.cip
mix_12_4,55,2796,2796,B,,300.0,100,0.24819913506507874,2.1448845863342285,2.6168012619018555,0.050000000000000044,,,,,,,,,,,,,,,,,,,,,14,,256,224,32,1704069180,888558756,465,0,12,4,0.10170207917690277,1.0,-11.709516525268555,5.6504340171813965,1.0,0.4847774636000395,4234.6015625,67.03369140625,,data/instances/transfer/real_02.cip
episode,55,2796,2796,B,,300.0,100,0.24819913506507874,2.1448845863342285,2.6168012619018555,0.050000000000000044,-20.469399999999997,-20.0,-0.46940000000000004,-20.469399999999997,True,21,305.001024,,,,,,,,inf,1e+20,600.0,inf,0.0,50479,14,False,256,224,32,1704069180,888558756,465,0,12,4,,,,,9.6,,3833.1953125,67.03369140625,timelimit,data/instances/transfer/real_02.cip
validation,56,2796,2796,B,,,,,,,,,,,,,,,1.0,9.403013,inf,0.0,9.403013,1.0,8436.0,,,,,,,,,256,224,32,1704069180,888558756,465,0,,,,,,,,,,,optimal,data/instances/validation/real_08.cip
mix_12_4,56,2797,2797,B,,60.0,100,0.11743681132793427,2.5243704319000244,3.7987992763519287,0.050000000000000044,,,,,,,,,,,,,,,,,,,,,14,,256,224,32,1704069180,888558756,465,0,12,4,0.039649978280067444,1.0,-14.181074142456055,2.7185373306274414,1.0,0.6415886543691158,3833.1953125,67.03369140625,,data/instances/transfer/real_01.cip
mix_12_4,56,2798,2798,B,,60.0,100,0.09724739193916321,3.840118885040283,1.698076844215393,0.050000000000000044,,,,,,,,,,,,,,,,,,,,,14,,256,224,32,1704069180,888558756,465,0,12,4,0.022867262363433838,1.0,-12.467534065246582,6.02769136428833,1.0,0.6206968538463116,3833.1953125,67.03369140625,,data/instances/transfer/real_01.cip
mix_12_4,56,2799,2799,B,,60.0,100,0.10364062339067459,3.0657827854156494,2.6151387691497803,0.050000000000000044,,,,,,,,,,,,,,,,,,,,,14,,256,224,32,1704069180,888558756,465,0,12,4,0.021124543622136116,1.0,-13.846582412719727,5.131184101104736,1.0,0.6385604869574308,3833.1953125,67.03369140625,,data/instances/transfer/real_01.cip
mix_12_4,56,2800,2800,B,,60.0,100,0.13645058870315552,3.698834180831909,3.8914268016815186,0.050000000000000044,,,,,,,,,,,,,,,,,,,,,13,,256,224,32,1704069180,888558756,465,0,12,4,0.02917550317943096,1.0,-11.5208101272583,5.520148754119873,1.0,0.6297274623066187,3833.1953125,67.03369140625,,data/instances/transfer/real_01.cip
mix_12_4,56,2801,2801,B,,60.0,100,0.4585237205028534,4.5644025802612305,4.985596656799316,0.050000000000000044,,,,,,,,,,,,,,,,,,,,,11,,256,224,32,1704069180,888558756,465,0,12,4,0.08353613317012787,1.0,-12.373329162597656,3.8105173110961914,1.0,0.5345761254429817,3833.1953125,67.03369140625,,data/instances/transfer/real_01.cip
mix_12_4,56,2802,2802,B,,60.0,100,0.3034171462059021,4.3414716720581055,6.987272262573242,0.050000000000000044,,,,,,,,,,,,,,,,,,,,,14,,256,224,32,1704069180,888558756,465,0,12,4,0.05812298133969307,1.0,-13.172154426574707,4.2190022468566895,1.0,0.6280721519142389,3833.1953125,67.03369140625,,data/instances/transfer/real_01.cip
mix_12_4,56,2803,2803,B,,60.0,100,0.08920291066169739,4.273927211761475,0.6006525158882141,0.050000000000000044,,,,,,,,,,,,,,,,,,,,,12,,256,224,32,1704069180,888558756,465,0,12,4,0.017410309985280037,1.0,-12.018624305725098,5.532859802246094,1.0,0.6108350586146116,3833.1953125,67.03369140625,,data/instances/transfer/real_01.cip
mix_12_4,56,2804,2804,B,,60.0,100,0.2826366126537323,2.909151077270508,3.6536781787872314,0.050000000000000044,,,,,,,,,,,,,,,,,,,,,14,,256,224,32,1704069180,888558756,465,0,12,4,0.08076063543558121,1.0,-11.870206832885742,6.108931064605713,1.0,0.6366917416453362,3833.1953125,67.03369140625,,data/instances/transfer/real_01.cip
mix_12_4,56,2805,2805,B,,60.0,100,0.17468708753585815,3.7513957023620605,1.5700370073318481,0.050000000000000044,,,,,,,,,,,,,,,,,,,,,14,,256,224,32,1704513656,888558756,466,0,12,4,0.040666669607162476,1.0,-13.04219913482666,4.614998817443848,1.0,0.5879603698849678,3833.1953125,67.03369140625,,data/instances/transfer/real_01.cip
mix_12_4,56,2806,2806,B,,60.0,100,0.17041566967964172,1.9316039085388184,3.235318422317505,0.050000000000000044,,,,,,,,,,,,,,,,,,,,,15,,256,224,32,1704513656,888558756,466,0,12,4,0.07338942587375641,1.0,-13.497213363647461,5.05070686340332,1.0,0.6254697870463133,3833.1953125,67.03369140625,,data/instances/transfer/real_01.cip
mix_12_4,56,2807,2807,B,,60.0,100,0.1806490570306778,2.759815216064453,7.240764617919922,0.050000000000000044,,,,,,,,,,,,,,,,,,,,,14,,256,224,32,1704513656,888558756,466,0,12,4,0.05099215358495712,1.0,-10.717812538146973,6.285461902618408,1.0,0.6213746834546328,3833.1953125,67.03369140625,,data/instances/transfer/real_01.cip
mix_12_4,56,2808,2808,B,,60.0,100,0.35217881202697754,5.415360927581787,3.020697593688965,0.050000000000000044,,,,,,,,,,,,,,,,,,,,,14,,256,224,32,1704513656,888558756,466,0,12,4,0.06162245571613312,1.0,-16.86310386657715,3.551220417022705,1.0,0.6405645161867142,3833.1953125,67.03369140625,,data/instances/transfer/real_01.cip
mix_12_4,56,2809,2809,B,,60.0,100,0.30465686321258545,3.744192600250244,7.960845470428467,0.050000000000000044,,,,,,,,,,,,,,,,,,,,,14,,256,224,32,1704743852,888558756,467,0,12,4,0.07113567739725113,1.0,-13.475006103515625,5.006894111633301,1.0,0.5976949520409107,3833.1953125,67.03369140625,,data/instances/transfer/real_01.cip
mix_12_4,56,2810,2810,B,,60.0,100,0.37735795974731445,3.8258392810821533,2.229443073272705,0.050000000000000044,,,,,,,,,,,,,,,,,,,,,12,,256,224,32,1704743852,888558756,467,0,12,4,0.07953377068042755,1.0,-12.606436729431152,5.016812801361084,1.0,0.5850200206041336,3833.1953125,67.03369140625,,data/instances/transfer/real_01.cip
mix_12_4,56,2811,2811,B,,60.0,100,0.5732282400131226,3.646108388900757,9.404402732849121,0.050000000000000044,,,,,,,,,,,,,,,,,,,,,14,,256,224,32,1704743852,888558756,467,0,12,4,0.13362981379032135,1.0,-12.530908584594727,5.527220249176025,1.0,0.6384507082402706,3833.1953125,67.03369140625,,data/instances/transfer/real_01.cip
mix_12_4,56,2812,2812,B,,60.0,100,0.09726066142320633,2.6067023277282715,1.3402535915374756,0.050000000000000044,,,,,,,,,,,,,,,,,,,,,13,,256,224,32,1704743852,888558756,467,0,12,4,0.029428990557789803,1.0,-10.973189353942871,5.775353908538818,1.0,0.624807158485055,3833.1953125,67.03369140625,,data/instances/transfer/real_01.cip
mix_12_4,56,2813,2813,B,,60.0,100,0.20573467016220093,2.827674627304077,15.911365509033203,0.050000000000000044,,,,,,,,,,,,,,,,,,,,,15,,256,224,32,1705061652,888558756,468,0,12,4,0.05686463788151741,1.0,-14.564130783081055,3.274573564529419,1.0,0.6105096079409122,3833.1953125,67.03369140625,,data/instances/transfer/real_01.cip
mix_12_4,56,2814,2814,B,,60.0,100,0.22739993035793304,3.1373836994171143,6.881533145904541,0.050000000000000044,,,,,,,,,,,,,,,,,,,,,13,,256,224,32,1705061652,888558756,468,0,12,4,0.054958537220954895,1.0,-12.729104995727539,5.431243896484375,1.0,0.6143174692988396,3833.1953125,67.03369140625,,data/instances/transfer/real_01.cip
mix_12_4,56,2815,2815,B,,60.0,100,0.1580917090177536,2.1046431064605713,2.61152982711792,0.050000000000000044,,,,,,,,,,,,,,,,,,,,,16,,256,224,32,1705061652,888558756,468,0,12,4,0.07271900773048401,1.0,-15.324907302856445,5.068864345550537,1.0,0.652132622897625,3833.1953125,67.03369140625,,data/instances/transfer/real_01.cip
mix_12_4,56,2816,2816,B,,60.0,100,0.16174770891666412,2.6572532653808594,2.813760995864868,0.050000000000000044,,,,,,,,,,,,,,,,,,,,,13,,256,224,32,1705061652,888558756,468,0,12,4,0.051310960203409195,1.0,-12.09968090057373,6.692764759063721,1.0,0.6231290884315968,3833.1953125,67.03369140625,,data/instances/transfer/real_01.cip
mix_12_4,56,2817,2817,B,,60.0,100,0.14876589179039001,3.066190242767334,7.128973484039307,0.050000000000000044,,,,,,,,,,,,,,,,,,,,,14,,256,224,32,1705391500,888558756,469,0,12,4,0.032983411103487015,1.0,-13.750553131103516,4.3900628089904785,1.0,0.5849568713456392,3833.1953125,67.03369140625,,data/instances/transfer/real_01.cip
mix_12_4,56,2818,2818,B,,60.0,100,0.19614072144031525,4.317143440246582,3.0888664722442627,0.050000000000000044,,,,,,,,,,,,,,,,,,,,,11,,256,224,32,1705391500,888558756,469,0,12,4,0.034525349736213684,1.0,-12.639022827148438,4.998971939086914,1.0,0.5740801580250263,3833.1953125,67.03369140625,,data/instances/transfer/real_01.cip
mix_12_4,56,2819,2819,B,,60.0,100,0.02789299562573433,4.281993389129639,2.001762866973877,0.050000000000000044,,,,,,,,,,,,,,,,,,,,,11,,256,224,32,1705391500,888558756,469,0,12,4,0.0035498652141541243,1.0,-12.83314323425293,6.149963855743408,1.0,0.5927770528942347,3833.1953125,67.03369140625,,data/instances/transfer/real_01.cip
mix_12_4,56,2820,2820,B,,60.0,100,0.07962623238563538,3.528703212738037,0.6532540321350098,0.050000000000000044,,,,,,,,,,,,,,,,,,,,,12,,256,224,32,1705391500,888558756,469,0,12,4,0.018983999267220497,1.0,-11.911285400390625,5.284532070159912,1.0,0.6227605175226927,3833.1953125,67.03369140625,,data/instances/transfer/real_01.cip
mix_12_4,56,2821,2821,B,,60.0,100,0.07578539103269577,3.929621696472168,0.7901390790939331,0.050000000000000044,,,,,,,,,,,,,,,,,,,,,15,,256,224,32,1705616340,888558756,470,0,12,4,0.016738036647439003,1.0,-14.31119155883789,4.271222114562988,1.0,0.618088997900486,3833.1953125,67.03369140625,,data/instances/transfer/real_01.cip
mix_12_4,56,2822,2822,B,,60.0,100,0.24757756292819977,3.2071142196655273,8.474101066589355,0.050000000000000044,,,,,,,,,,,,,,,,,,,,,12,,256,224,32,1705616340,888558756,470,0,12,4,0.056672703474760056,1.0,-11.595968246459961,5.629831314086914,1.0,0.6133715212345123,3833.1953125,67.03369140625,,data/instances/transfer/real_01.cip
mix_12_4,56,2823,2823,B,,60.0,100,0.04542624577879906,2.638927936553955,1.0622702836990356,0.050000000000000044,,,,,,,,,,,,,,,,,,,,,13,,256,224,32,1705616340,888558756,470,0,12,4,0.01337497029453516,1.0,-13.43429183959961,5.004324913024902,1.0,0.617954658344388,3833.1953125,67.03369140625,,data/instances/transfer/real_01.cip
mix_12_4,56,2824,2824,B,,60.0,100,0.07486321777105331,3.4873571395874023,1.7020877599716187,0.050000000000000044,,,,,,,,,,,,,,,,,,,,,16,,256,224,32,1705616340,888558756,470,0,12,4,0.01970703713595867,1.0,-14.36990737915039,3.8430593013763428,1.0,0.6404645144939423,3833.1953125,67.03369140625,,data/instances/transfer/real_01.cip
mix_12_4,56,2825,2825,B,,60.0,100,0.13290753960609436,3.6792469024658203,1.1919524669647217,0.050000000000000044,,,,,,,,,,,,,,,,,,,,,14,,256,224,32,1705927224,888558756,471,0,12,4,0.031905222684144974,1.0,-13.611017227172852,5.751049518585205,1.0,0.5978774074465036,3833.1953125,67.03369140625,,data/instances/transfer/real_01.cip
mix_12_4,56,2826,2826,B,,60.0,100,0.1681308150291443,3.488063335418701,3.2114341259002686,0.050000000000000044,,,,,,,,,,,,,,,,,,,,,13,,256,224,32,1705927224,888558756,471,0,12,4,0.03904026374220848,1.0,-15.018741607666016,4.403434753417969,1.0,0.610672615468502,3833.1953125,67.03369140625,,data/instances/transfer/real_01.cip
mix_12_4,56,2827,2827,B,,60.0,100,0.38614553213119507,3.7705631256103516,4.452311038970947,0.050000000000000044,,,,,,,,,,,,,,,,,,,,,14,,256,224,32,1705927224,888558756,471,0,12,4,0.08582448959350586,1.0,-11.756431579589844,5.280158519744873,1.0,0.6280823294073343,3833.1953125,67.03369140625,,data/instances/transfer/real_01.cip
mix_12_4,56,2828,2828,B,,60.0,100,0.22374704480171204,2.949037790298462,3.5480082035064697,0.050000000000000044,,,,,,,,,,,,,,,,,,,,,13,,256,224,32,1705927224,888558756,471,0,12,4,0.05480803921818733,1.0,-12.049823760986328,5.749314785003662,1.0,0.6107413917779922,3833.1953125,67.03369140625,,data/instances/transfer/real_01.cip
mix_12_4,56,2829,2829,B,,60.0,100,0.10746808350086212,3.0211610794067383,1.246259093284607,0.050000000000000044,,,,,,,,,,,,,,,,,,,,,13,,256,224,32,1706263028,888558756,472,0,12,4,0.02783539704978466,1.0,-14.659049034118652,4.5685296058654785,1.0,0.5596054382622242,3833.1953125,67.03369140625,,data/instances/transfer/real_01.cip
mix_12_4,56,2830,2830,B,,60.0,100,0.3308136761188507,4.496929168701172,1.7981016635894775,0.050000000000000044,,,,,,,,,,,,,,,,,,,,,14,,256,224,32,1706263028,888558756,472,0,12,4,0.06906741112470627,1.0,-14.141170501708984,3.899658441543579,1.0,0.6243436373770237,3833.1953125,67.03369140625,,data/instances/transfer/real_01.cip
mix_12_4,56,2831,2831,B,,60.0,100,0.32367199659347534,4.125606536865234,1.4176068305969238,0.050000000000000044,,,,,,,,,,,,,,,,,,,,,14,,256,224,32,1706263028,888558756,472,0,12,4,0.06602460145950317,1.0,-13.902054786682129,3.9362447261810303,1.0,0.6312224511057138,3833.1953125,67.03369140625,,data/instances/transfer/real_01.cip
mix_12_4,56,2832,2832,B,,60.0,100,0.0764804482460022,1.8246824741363525,1.9274389743804932,0.050000000000000044,,,,,,,,,,,,,,,,,,,,,13,,256,224,32,1706263028,888558756,472,0,12,4,0.03115522675216198,1.0,-14.168817520141602,4.791522026062012,1.0,0.6239387821406126,3833.1953125,67.03369140625,,data/instances/transfer/real_01.cip
mix_12_4,56,2833,2833,B,,60.0,100,0.15209047496318817,3.5802674293518066,1.6008139848709106,0.050000000000000044,,,,,,,,,,,,,,,,,,,,,13,,256,224,32,1706594468,888558756,473,0,12,4,0.035002339631319046,1.0,-13.833881378173828,5.300355911254883,1.0,0.5787312127649784,3833.1953125,67.03369140625,,data/instances/transfer/real_01.cip
mix_12_4,56,2834,2834,B,,60.0,100,0.17208895087242126,3.805860996246338,2.614501476287842,0.050000000000000044,,,,,,,,,,,,,,,,,,,,,14,,256,224,32,1706594468,888558756,473,0,12,4,0.02316034585237503,1.0,-13.20728588104248,4.50822114944458,1.0,0.6259851567447186,3833.1953125,67.03369140625,,data/instances/transfer/real_01.cip
mix_12_4,56,2835,2835,B,,60.0,100,0.18225711584091187,4.269706726074219,0.9878695011138916,0.050000000000000044,,,,,,,,,,,,,,,,,,,,,12,,256,224,32,1706594468,888558756,473,0,12,4,0.035288263112306595,1.0,-12.68032455444336,5.124179840087891,1.0,0.5670332331210375,3833.1953125,67.03369140625,,data/instances/transfer/real_01.cip
mix_12_4,56,2836,2836,B,,60.0,100,0.2724314033985138,3.1955809593200684,2.134305477142334,0.050000000000000044,,,,,,,,,,,,,,,,,,,,,13,,256,224,32,1706594468,888558756,473,0,12,4,0.07172221690416336,1.0,-13.077378273010254,5.638082504272461,1.0,0.6114989519119263,3833.1953125,67.03369140625,,data/instances/transfer/real_01.cip
mix_12_4,56,2837,2837,B,,60.0,100,0.13217000663280487,3.9286611080169678,1.8233020305633545,0.050000000000000044,,,,,,,,,,,,,,,,,,,,,15,,256,224,32,1706931208,888558756,474,0,12,4,0.029375284910202026,1.0,-12.539142608642578,5.213159084320068,1.0,0.5943156238645315,3833.1953125,67.03369140625,,data/instances/transfer/real_01.cip
mix_12_4,56,2838,2838,B,,60.0,100,0.1395377218723297,2.636366844177246,3.387324571609497,0.050000000000000044,,,,,,,,,,,,,,,,,,,,,13,,256,224,32,1706931208,888558756,474,0,12,4,0.04025079309940338,1.0,-10.276065826416016,6.272695064544678,1.0,0.6047287676483393,3833.1953125,67.03369140625,,data/instances/transfer/real_01.cip
mix_12_4,56,2839,2839,B,,60.0,100,0.2144426852464676,3.4430179595947266,6.645046710968018,0.050000000000000044,,,,,,,,,,,,,,,,,,,,,13,,256,224,32,1706931208,888558756,474,0,12,4,0.0523405522108078,1.0,-11.02639389038086,4.860308647155762,1.0,0.6200922653079033,3833.1953125,67.03369140625,,data/instances/transfer/real_01.cip
mix_12_4,56,2840,2840,B,,60.0,100,0.1627771556377411,3.959458827972412,4.6735734939575195,0.050000000000000044,,,,,,,,,,,,,,,,,,,,,14,,256,224,32,1706931208,888558756,474,0,12,4,0.03566057235002518,1.0,-13.277420043945312,5.2144575119018555,1.0,0.6208376195281744,3833.1953125,67.03369140625,,data/instances/transfer/real_01.cip
mix_12_4,56,2841,2841,B,,60.0,100,0.17745761573314667,3.295363426208496,1.9166401624679565,0.050000000000000044,,,,,,,,,,,,,,,,,,,,,13,,256,224,32,1707280976,888558756,475,0,12,4,0.04410339146852493,1.0,-12.216283798217773,5.7021484375,1.0,0.36047644540667534,3833.1953125,67.03369140625,,data/instances/transfer/real_01.cip
mix_12_4,56,2842,2842,B,,60.0,100,0.18751055002212524,2.799034357070923,5.070297718048096,0.050000000000000044,,,,,,,,,,,,,,,,,,,,,15,,256,224,32,1707280976,888558756,475,0,12,4,0.05344009771943092,1.0,-14.541219711303711,6.2050065994262695,1.0,0.4102376736700535,3833.1953125,67.03369140625,,data/instances/transfer/real_01.cip
mix_12_4,56,2843,2843,B,,60.0,100,0.05749128386378288,1.5647627115249634,1.1661975383758545,0.050000000000000044,,,,,,,,,,,,,,,,,,,,,14,,256,224,32,1707280976,888558756,475,0,12,4,0.030331773683428764,1.0,-13.07032299041748,6.520158290863037,1.0,0.40327646769583225,3833.1953125,67.03369140625,,data/instances/transfer/real_01.cip
mix_12_4,56,2844,2844,B,,60.0,100,0.1602635532617569,4.132776260375977,4.229360580444336,0.050000000000000044,,,,,,,,,,,,,,,,,,,,,15,,256,224,32,1707280976,888558756,475,0,12,4,0.03451777622103691,1.0,-16.119701385498047,4.897750377655029,1.0,0.40877272374928,3833.1953125,67.03369140625,,data/instances/transfer/real_01.cip
mix_12_4,56,2845,2845,B,,60.0,100,0.07972681522369385,2.546022415161133,5.237885475158691,0.050000000000000044,,,,,,,,,,,,,,,,,,,,,15,,256,224,32,1709795792,888558756,476,0,12,4,0.02506665512919426,1.0,-13.775270462036133,6.318912506103516,1.0,0.41165296360850334,3833.1953125,67.03369140625,,data/instances/transfer/real_01.cip
mix_12_4,56,2846,2846,B,,60.0,100,0.12857186794281006,3.494030237197876,4.610785961151123,0.050000000000000044,,,,,,,,,,,,,,,,,,,,,12,,256,224,32,1709795792,888558756,476,0,12,4,0.030737552791833878,1.0,-13.942325592041016,5.6097412109375,1.0,0.3718334250152111,3833.1953125,67.03369140625,,data/instances/transfer/real_01.cip
mix_12_4,56,2847,2847,B,,60.0,100,0.5075026750564575,3.4865200519561768,6.9008002281188965,0.050000000000000044,,,,,,,,,,,,,,,,,,,,,12,,256,224,32,1709795792,888558756,476,0,12,4,0.11989936232566833,1.0,-13.900360107421875,4.553828716278076,1.0,0.35508084297180176,3833.1953125,67.03369140625,,data/instances/transfer/real_01.cip
mix_12_4,56,2848,2848,B,,60.0,100,0.60521000623703,4.784336090087891,4.906132221221924,0.050000000000000044,,,,,,,,,,,,,,,,,,,,,11,,256,224,32,1709795792,888558756,476,0,12,4,0.11201971024274826,1.0,-10.710405349731445,6.360716342926025,1.0,0.32213742658495903,3833.1953125,67.03369140625,,data/instances/transfer/real_01.cip
episode,56,2848,2848,B,,60.0,100,0.60521000623703,4.784336090087891,4.906132221221924,0.050000000000000044,-13.019299999999998,-13.0,-0.0193,-13.019299999999998,True,14,60.896338,,,,,,,,inf,1e+20,120.0,inf,0.0,25681,11,True,256,224,32,1715478084,888558756,478,0,12,4,,,,,1.0,,3833.1953125,67.03369140625,timelimit,data/instances/transfer/real_01.cip
mix_12_4,57,2849,2849,B,,60.0,100,0.05930296331644058,4.040970325469971,3.6521191596984863,0.050000000000000044,,,,,,,,,,,,,,,,,,,,,15,,256,224,32,1715478084,888558756,478,0,12,4,0.009401143528521061,1.0,-13.003220558166504,5.84522008895874,1.0,0.6393980216234922,3869.3046875,67.03369140625,,data/instances/transfer/real_03.cip
mix_12_4,57,2850,2850,B,,60.0,100,0.3442343473434448,2.4831299781799316,19.018260955810547,0.050000000000000044,,,,,,,,,,,,,,,,,,,,,12,,256,224,32,1715478084,888558756,478,0,12,4,0.07502736151218414,1.0,-8.91331958770752,5.280770301818848,1.0,0.5967671573162079,3869.3046875,67.03369140625,,data/instances/transfer/real_03.cip
mix_12_4,57,2851,2851,B,,60.0,100,0.173428013920784,2.61751651763916,10.02565860748291,0.050000000000000044,,,,,,,,,,,,,,,,,,,,,16,,256,224,32,1715478084,888558756,478,0,12,4,0.050020117312669754,1.0,-13.691493034362793,5.605086803436279,1.0,0.6428764555603266,3869.3046875,67.03369140625,,data/instances/transfer/real_03.cip
mix_12_4,57,2852,2852,B,,60.0,100,0.15759092569351196,4.061187744140625,4.845494270324707,0.050000000000000044,,,,,,,,,,,,,,,,,,,,,15,,256,224,32,1715478084,888558756,478,0,12,4,0.0311796385794878,1.0,-13.032455444335938,5.2781572341918945,1.0,0.6348626688122749,3869.3046875,67.03369140625,,data/instances/transfer/real_03.cip
mix_12_4,57,2853,2853,B,,60.0,100,0.2744016945362091,3.6572022438049316,10.320881843566895,0.050000000000000044,,,,,,,,,,,,,,,,,,,,,13,,256,224,32,1715478084,888558756,478,0,12,4,0.05872204154729843,1.0,-13.804819107055664,4.331677436828613,1.0,0.5632120929658413,3869.3046875,67.03369140625,,data/instances/transfer/real_03.cip
mix_12_4,57,2854,2854,B,,60.0,100,0.2506940960884094,1.9103121757507324,24.562028884887695,0.050000000000000044,,,,,,,,,,,,,,,,,,,,,15,,256,224,32,1715478084,888558756,478,0,12,4,0.0891549289226532,1.0,-13.70203971862793,5.248091697692871,1.0,0.631883479654789,3869.3046875,67.03369140625,,data/instances/transfer/real_03.cip
mix_12_4,57,2855,2855,B,,60.0,100,0.287925660610199,3.075657367706299,6.602663993835449,0.050000000000000044,,,,,,,,,,,,,,,,,,,,,14,,256,224,32,1715478084,888558756,478,0,12,4,0.07692225277423859,1.0,-13.811152458190918,5.4706268310546875,1.0,0.6193945463746786,3869.3046875,67.03369140625,,data/instances/transfer/real_03.cip
mix_12_4,57,2856,2856,B,,60.0,100,0.1087958961725235,5.661520481109619,1.0272581577301025,0.050000000000000044,,,,,,,,,,,,,,,,,,,,,13,,256,224,32,1715478084,888558756,478,0,12,4,0.01708252541720867,1.0,-13.9560546875,4.362151622772217,1.0,0.6016948111355305,3869.3046875,67.03369140625,,data/instances/transfer/real_03.cip
mix_12_4,57,2857,2857,B,,60.0,100,0.10356896370649338,3.7244322299957275,10.042699813842773,0.050000000000000044,,,,,,,,,,,,,,,,,,,,,14,,256,224,32,1715369628,888558756,479,0,12,4,0.016537321731448174,1.0,-13.672733306884766,5.521364688873291,1.0,0.5891672819852829,3869.3046875,67.03369140625,,data/instances/transfer/real_03.cip
mix_12_4,57,2858,2858,B,,60.0,100,0.1670360118150711,4.936437606811523,2.943753719329834,0.050000000000000044,,,,,,,,,,,,,,,,,,,,,13,,256,224,32,1715369628,888558756,479,0,12,4,0.030263977125287056,1.0,-12.527605056762695,5.022355556488037,1.0,0.5937974378466606,3869.3046875,67.03369140625,,data/instances/transfer/real_03.cip
mix_12_4,57,2859,2859,B,,60.0,100,0.10542601346969604,5.561798095703125,1.9501384496688843,0.050000000000000044,,,,,,,,,,,,,,,,,,,,,13,,256,224,32,1715369628,888558756,479,0,12,4,0.016402700915932655,1.0,-12.915340423583984,5.24027156829834,1.0,0.6128208376467228,3869.3046875,67.03369140625,,data/instances/transfer/real_03.cip
mix_12_4,57,2860,2860,B,,60.0,100,0.2265150099992752,3.3070363998413086,3.039160966873169,0.050000000000000044,,,,,,,,,,,,,,,,,,,,,14,,256,224,32,1715369628,888558756,479,0,12,4,0.060080159455537796,1.0,-12.806386947631836,5.745628833770752,1.0,0.6451381072402,3869.3046875,67.03369140625,,data/instances/transfer/real_03.cip
mix_12_4,57,2861,2861,B,,60.0,100,0.25579118728637695,3.126847743988037,2.5299603939056396,0.050000000000000044,,,,,,,,,,,,,,,,,,,,,12,,256,224,32,1715155672,888558756,480,0,12,4,0.0659157782793045,1.0,-11.564737319946289,5.743533134460449,1.0,0.5314262304455042,3869.3046875,67.03369140625,,data/instances/transfer/real_03.cip
mix_12_4,57,2862,2862,B,,60.0,100,0.7145236134529114,6.21597957611084,10.943399429321289,0.050000000000000044,,,,,,,,,,,,,,,,,,,,,11,,256,224,32,1715155672,888558756,480,0,12,4,0.10347788035869598,1.0,-11.81014633178711,5.0431437492370605,1.0,0.528931139037013,3869.3046875,67.03369140625,,data/instances/transfer/real_03.cip
mix_12_4,57,2863,2863,B,,60.0,100,0.3165432810783386,3.574770927429199,5.30859899520874,0.050000000000000044,,,,,,,,,,,,,,,,,,,,,12,,256,224,32,1715155672,888558756,480,0,12,4,0.07261795550584793,1.0,-12.442394256591797,5.315160274505615,1.0,0.5541824791580439,3869.3046875,67.03369140625,,data/instances/transfer/real_03.cip
mix_12_4,57,2864,2864,B,,60.0,100,0.06268516927957535,3.150012254714966,2.277726173400879,0.050000000000000044,,,,,,,,,,,,,,,,,,,,,12,,256,224,32,1715155672,888558756,480,0,12,4,0.014383728615939617,1.0,-13.541333198547363,4.719111919403076,1.0,0.5825354475528002,3869.3046875,67.03369140625,,data/instances/transfer/real_03.cip
mix_12_4,57,2865,2865,B,,60.0,100,0.5082731246948242,3.6957273483276367,7.1182861328125,0.050000000000000044,,,,,,,,,,,,,,,,,,,,,14,,256,224,32,1714958832,888558756,481,0,12,4,0.10705186426639557,1.0,-10.822259902954102,4.929976940155029,1.0,0.6075419634580612,3869.3046875,67.03369140625,,data/instances/transfer/real_03.cip
mix_12_4,57,2866,2866,B,,60.0,100,0.1094360426068306,4.190621376037598,2.4933230876922607,0.050000000000000044,,,,,,,,,,,,,,,,,,,,,13,,256,224,32,1714958832,888558756,481,0,12,4,0.02161778323352337,1.0,-14.183055877685547,3.6049933433532715,1.0,0.6268157232552767,3869.3046875,67.03369140625,,data/instances/transfer/real_03.cip
mix_12_4,57,2867,2867,B,,60.0,100,0.2515656650066376,4.3629865646362305,4.13422155380249,0.050000000000000044,,,,,,,,,,,,,,,,,,,,,14,,256,224,32,1714958832,888558756,481,0,12,4,0.04963880032300949,1.0,-14.372392654418945,5.007745742797852,1.0,0.6378953848034143,3869.3046875,67.03369140625,,data/instances/transfer/real_03.cip
mix_12_4,57,2868,2868,B,,60.0,100,0.06939678639173508,4.041508674621582,0.5999552011489868,0.050000000000000044,,,,,,,,,,,,,,,,,,,,,13,,256,224,32,1714958832,888558756,481,0,12,4,0.014795033261179924,1.0,-15.013107299804688,3.6813533306121826,1.0,0.6147636212408543,3869.3046875,67.03369140625,,data/instances/transfer/real_03.cip
mix_12_4,57,2869,2869,B,,60.0,100,0.21609550714492798,4.314937591552734,2.5438666343688965,0.050000000000000044,,,,,,,,,,,,,,,,,,,,,14,,256,224,32,1714841332,888558756,482,0,12,4,0.046909209340810776,1.0,-13.796573638916016,4.849526882171631,1.0,0.5861338209360838,3869.3046875,67.03369140625,,data/instances/transfer/real_03.cip
mix_12_4,57,2870,2870,B,,60.0,100,0.284677654504776,3.6539831161499023,3.709655523300171,0.050000000000000044,,,,,,,,,,,,,,,,,,,,,16,,256,224,32,1714841332,888558756,482,0,12,4,0.07290857285261154,1.0,-14.656167030334473,3.6509311199188232,1.0,0.6335442345589399,3869.3046875,67.03369140625,,data/instances/transfer/real_03.cip
mix_12_4,57,2871,2871,B,,60.0,100,0.2347247302532196,2.775808334350586,5.8021135330200195,0.050000000000000044,,,,,,,,,,,,,,,,,,,,,15,,256,224,32,1714841332,888558756,482,0,12,4,0.07026512920856476,1.0,-15.972463607788086,4.727201461791992,1.0,0.42509303614497185,3869.3046875,67.03369140625,,data/instances/transfer/real_03.cip
mix_12_4,57,2872,2872,B,,60.0,100,0.01850079372525215,3.0062997341156006,1.6078565120697021,0.050000000000000044,,,,,,,,,,,,,,,,,,,,,15,,256,224,32,1714841332,888558756,482,0,12,4,0.004782943055033684,1.0,-15.159768104553223,4.778631687164307,1.0,0.613606657832861,3869.3046875,67.03369140625,,data/instances/transfer/real_03.cip
mix_12_4,57,2873,2873,B,,60.0,100,0.19373665750026703,3.124941349029541,6.6067657470703125,0.050000000000000044,,,,,,,,,,,,,,,,,,,,,13,,256,224,32,1714658416,888558756,483,0,12,4,0.0504186786711216,1.0,-12.457332611083984,6.543028354644775,1.0,0.4973816219717264,3869.3046875,67.03369140625,,data/instances/transfer/real_03.cip
mix_12_4,57,2874,2874,B,,60.0,100,0.1663036048412323,4.438299179077148,1.3569365739822388,0.050000000000000044,,,,,,,,,,,,,,,,,,,,,15,,256,224,32,1714658416,888558756,483,0,12,4,0.03403196111321449,1.0,-14.487566947937012,5.16021203994751,1.0,0.43559488467872143,3869.3046875,67.03369140625,,data/instances/transfer/real_03.cip
mix_12_4,57,2875,2875,B,,60.0,100,0.18612641096115112,2.8474349975585938,1.8363862037658691,0.050000000000000044,,,,,,,,,,,,,,,,,,,,,13,,256,224,32,1714658416,888558756,483,0,12,4,0.05466552451252937,1.0,-13.68046760559082,6.225237846374512,1.0,0.5808479357510805,3869.3046875,67.03369140625,,data/instances/transfer/real_03.cip
mix_12_4,57,2876,2876,B,,60.0,100,0.08022364974021912,3.1373252868652344,0.8162200450897217,0.050000000000000044,,,,,,,,,,,,,,,,,,,,,13,,256,224,32,1714658416,888558756,483,0,12,4,0.020261289551854134,1.0,-15.207389831542969,4.667845249176025,1.0,0.6184964757412672,3869.3046875,67.03369140625,,data/instances/transfer/real_03.cip
mix_12_4,57,2877,2877,B,,60.0,100,0.0701729953289032,4.44859504699707,0.48006775975227356,0.050000000000000044,,,,,,,,,,,,,,,,,,,,,13,,256,224,32,1714478104,888558756,484,0,12,4,0.01405415404587984,1.0,-14.173456192016602,4.626138687133789,1.0,0.5710086058825254,3869.3046875,67.03369140625,,data/instances/transfer/real_03.cip
mix_12_4,57,2878,2878,B,,60.0,100,0.10311497747898102,3.234628677368164,3.265012264251709,0.050000000000000044,,,,,,,,,,,,,,,,,,,,,15,,256,224,32,1714478104,888558756,484,0,12,4,0.02657385915517807,1.0,-14.89017391204834,3.7373526096343994,1.0,0.619314968585968,3869.3046875,67.03369140625,,data/instances/transfer/real_03.cip
mix_12_4,57,2879,2879,B,,60.0,100,0.051173433661460876,2.74776291847229,4.653467655181885,0.050000000000000044,,,,,,,,,,,,,,,,,,,,,13,,256,224,32,1714478104,888558756,484,0,12,4,0.01410199049860239,1.0,-13.405275344848633,5.647902488708496,1.0,0.6136078778654337,3869.3046875,67.03369140625,,data/instances/transfer/real_03.cip
mix_12_4,57,2880,2880,B,,60.0,100,0.14101146161556244,3.042552947998047,2.1837778091430664,0.050000000000000044,,,,,,,,,,,,,,,,,,,,,13,,256,224,32,1714478104,888558756,484,0,12,4,0.03882959857583046,1.0,-14.544404029846191,4.9781951904296875,1.0,0.6179405134171247,3869.3046875,67.03369140625,,data/instances/transfer/real_03.cip
mix_12_4,57,2881,2881,B,,60.0,100,0.2093646228313446,3.191124439239502,2.1630642414093018,0.050000000000000044,,,,,,,,,,,,,,,,,,,,,16,,256,224,32,1714398100,888558756,485,0,12,4,0.0638757199048996,1.0,-14.831940650939941,3.8043038845062256,1.0,0.45160957239568233,3869.3046875,67.03369140625,,data/instances/transfer/real_03.cip
mix_12_4,57,2882,2882,B,,60.0,100,0.09567708522081375,3.210686445236206,4.429781913757324,0.050000000000000044,,,,,,,,,,,,,,,,,,,,,14,,256,224,32,1714398100,888558756,485,0,12,4,0.02314089611172676,1.0,-11.201761245727539,4.778738021850586,1.0,0.4090138804167509,3869.3046875,67.03369140625,,data/instances/transfer/real_03.cip
mix_12_4,57,2883,2883,B,,60.0,100,0.10016705840826035,2.1829261779785156,3.7907955646514893,0.050000000000000044,,,,,,,,,,,,,,,,,,,,,15,,256,224,32,1714398100,888558756,485,0,12,4,0.03361881896853447,1.0,-12.62752914428711,5.388439178466797,1.0,0.44828407652676105,3869.3046875,67.03369140625,,data/instances/transfer/real_03.cip
mix_12_4,57,2884,2884,B,,60.0,100,0.2778221368789673,2.8227758407592773,8.305912971496582,0.050000000000000044,,,,,,,,,,,,,,,,,,,,,12,,256,224,32,1714398100,888558756,485,0,12,4,0.07586264610290527,1.0,-11.045608520507812,6.4927520751953125,1.0,0.3728985283523798,3869.3046875,67.03369140625,,data/instances/transfer/real_03.cip
mix_12_4,57,2885,2885,B,,60.0,100,0.24785089492797852,4.459023475646973,6.495731353759766,0.050000000000000044,,,,,,,,,,,,,,,,,,,,,15,,256,224,32,1714382588,888558756,486,0,12,4,0.05227069929242134,1.0,-13.199112892150879,4.610823631286621,1.0,0.43585572950541973,3869.3046875,67.03369140625,,data/instances/transfer/real_03.cip
mix_12_4,57,2886,2886,B,,60.0,100,0.29133087396621704,2.795164108276367,4.596246242523193,0.050000000000000044,,,,,,,,,,,,,,,,,,,,,11,,256,224,32,1714382588,888558756,486,0,12,4,0.07550860196352005,1.0,-14.333951950073242,4.615301132202148,1.0,0.38589284382760525,3869.3046875,67.03369140625,,data/instances/transfer/real_03.cip
mix_12_4,57,2887,2887,B,,60.0,100,0.6722019910812378,4.400774955749512,2.0765905380249023,0.050000000000000044,,,,,,,,,,,,,,,,,,,,,10,,256,224,32,1714382588,888558756,486,0,12,4,0.12189584225416183,1.0,-11.791357040405273,5.676198959350586,1.0,0.5313293803483248,3869.3046875,67.03369140625,,data/instances/transfer/real_03.cip
mix_12_4,57,2888,2888,B,,60.0,100,0.26287949085235596,3.4472784996032715,2.4246649742126465,0.050000000000000044,,,,,,,,,,,,,,,,,,,,,13,,256,224,32,1714382588,888558756,486,0,12,4,0.059559110552072525,1.0,-12.006612777709961,6.247544288635254,1.0,0.6195714492350817,3869.3046875,67.03369140625,,data/instances/transfer/real_03.cip
mix_12_4,57,2889,2889,B,,60.0,100,0.15569186210632324,2.815218448638916,2.3047053813934326,0.050000000000000044,,,,,,,,,,,,,,,,,,,,,14,,256,224,32,1714380536,888558756,487,0,12,4,0.04724602401256561,1.0,-12.91192626953125,5.48317813873291,1.0,0.60375190153718,3869.3046875,67.03369140625,,data/instances/transfer/real_03.cip
mix_12_4,57,2890,2890,B,,60.0,100,0.08287151157855988,1.992579698562622,0.6320407390594482,0.050000000000000044,,,,,,,,,,,,,,,,,,,,,13,,256,224,32,1714380536,888558756,487,0,12,4,0.03180680051445961,1.0,-14.142049789428711,5.452404022216797,1.0,0.6018862444907427,3869.3046875,67.03369140625,,data/instances/transfer/real_03.cip
mix_12_4,57,2891,2891,B,,60.0,100,0.10025428235530853,1.148324966430664,3.8201217651367188,0.050000000000000044,,,,,,,,,,,,,,,,,,,,,14,,256,224,32,1714380536,888558756,487,0,12,4,0.06577685475349426,1.0,-12.697757720947266,5.907696723937988,1.0,0.6394820492714643,3869.3046875,67.03369140625,,data/instances/transfer/real_03.cip
mix_12_4,57,2892,2892,B,,60.0,100,0.159012109041214,3.31235408782959,4.059043884277344,0.050000000000000044,,,,,,,,,,,,,,,,,,,,,13,,256,224,32,1714380536,888558756,487,0,12,4,0.038029953837394714,1.0,-12.119022369384766,5.607643127441406,1.0,0.612537931650877,3869.3046875,67.03369140625,,data/instances/transfer/real_03.cip
mix_12_4,57,2893,2893,B,,60.0,100,0.26351863145828247,3.710524082183838,6.6772308349609375,0.050000000000000044,,,,,,,,,,,,,,,,,,,,,13,,256,224,32,1714136040,888558756,488,0,12,4,0.05065019056200981,1.0,-11.214435577392578,5.447860240936279,1.0,0.5806627124547958,3869.3046875,67.03369140625,,data/instances/transfer/real_03.cip
mix_12_4,57,2894,2894,B,,60.0,100,0.2200651913881302,4.345777988433838,2.1944305896759033,0.050000000000000044,,,,,,,,,,,,,,,,,,,,,12,,256,224,32,1714136040,888558756,488,0,12,4,0.04316829517483711,1.0,-13.779336929321289,6.240437030792236,1.0,0.5849370025098324,3869.3046875,67.03369140625,,data/instances/transfer/real_03.cip
mix_12_4,57,2895,2895,B,,60.0,100,0.0273332167416811,1.7715227603912354,2.4298014640808105,0.050000000000000044,,,,,,,,,,,,,,,,,,,,,12,,256,224,32,1714136040,888558756,488,0,12,4,0.010235989466309547,1.0,-12.222391128540039,6.185056209564209,1.0,0.6156264320015907,3869.3046875,67.03369140625,,data/instances/transfer/real_03.cip
mix_12_4,57,2896,2896,B,,60.0,100,0.27680158615112305,2.6634092330932617,2.6848199367523193,0.050000000000000044,,,,,,,,,,,,,,,,,,,,,13,,256,224,32,1714136040,888558756,488,0,12,4,0.08715460449457169,1.0,-11.041027069091797,6.299093246459961,1.0,0.6369022596627474,3869.3046875,67.03369140625,,data/instances/transfer/real_03.cip
mix_12_4,57,2897,2897,B,,60.0,100,0.1044885441660881,2.204130172729492,6.802305221557617,0.050000000000000044,,,,,,,,,,,,,,,,,,,,,13,,256,224,32,1714018020,888558756,489,0,12,4,0.03505639731884003,1.0,-16.2484188079834,5.094151020050049,1.0,0.5814644694328308,3869.3046875,67.03369140625,,data/instances/transfer/real_03.cip
mix_12_4,57,2898,2898,B,,60.0,100,0.3892452120780945,4.602909088134766,7.796465873718262,0.050000000000000044,,,,,,,,,,,,,,,,,,,,,9,,256,224,32,1714018020,888558756,489,0,12,4,0.0711701512336731,1.0,-12.648462295532227,5.932362079620361,1.0,0.586435928940773,3869.3046875,67.03369140625,,data/instances/transfer/real_03.cip
mix_12_4,57,2899,2899,B,,60.0,100,0.1906580924987793,5.868842124938965,2.2321479320526123,0.050000000000000044,,,,,,,,,,,,,,,,,,,,,13,,256,224,32,1714018020,888558756,489,0,12,4,0.02852713316679001,1.0,-14.333733558654785,4.573968887329102,1.0,0.6539851184934378,3869.3046875,67.03369140625,,data/instances/transfer/real_03.cip
mix_12_4,57,2900,2900,B,,60.0,100,0.0789470449090004,5.049612998962402,0.545246422290802,0.050000000000000044,,,,,,,,,,,,,,,,,,,,,11,,256,224,32,1714018020,888558756,489,0,12,4,0.013679146766662598,1.0,-13.352063179016113,4.35361385345459,1.0,0.6214091256260872,3869.3046875,67.03369140625,,data/instances/transfer/real_03.cip
mix_12_4,57,2901,2901,B,,60.0,100,0.33434152603149414,4.850771903991699,14.83913516998291,0.050000000000000044,,,,,,,,,,,,,,,,,,,,,13,,256,224,32,1713907904,888558756,490,0,12,4,0.04866905137896538,1.0,-11.594625473022461,5.274083137512207,1.0,0.5803952775895596,3869.3046875,67.03369140625,,data/instances/transfer/real_03.cip
mix_12_4,57,2902,2902,B,,60.0,100,0.10816314816474915,1.463452696800232,8.819851875305176,0.050000000000000044,,,,,,,,,,,,,,,,,,,,,13,,256,224,32,1713907904,888558756,490,0,12,4,0.05126039683818817,1.0,-12.201563835144043,5.963036060333252,1.0,0.6113277673721313,3869.3046875,67.03369140625,,data/instances/transfer/real_03.cip
mix_12_4,57,2903,2903,B,,60.0,100,0.18404839932918549,3.7487101554870605,6.250868320465088,0.050000000000000044,,,,,,,,,,,,,,,,,,,,,14,,256,224,32,1713907904,888558756,490,0,12,4,0.04086720570921898,1.0,-12.653923034667969,4.954136848449707,1.0,0.6207366324961185,3869.3046875,67.03369140625,,data/instances/transfer/real_03.cip
mix_12_4,57,2904,2904,B,,60.0,100,0.11620841920375824,4.532796859741211,0.7965854406356812,0.050000000000000044,,,,,,,,,,,,,,,,,,,,,15,,256,224,32,1713907904,888558756,490,0,12,4,0.024760469794273376,1.0,-13.881000518798828,4.578154563903809,1.0,0.628106938675046,3869.3046875,67.03369140625,,data/instances/transfer/real_03.cip
episode,57,2904,2904,B,,60.0,100,0.11620841920375824,4.532796859741211,0.7965854406356812,0.050000000000000044,-14.073299999999998,-14.0,-0.0733,-14.073299999999998,True,15,60.60511,,,,,,,,inf,0.003927711404189317,120.0,53.406271,0.0,23691,15,True,256,224,32,1720221456,888558756,492,0,12,4,,,,,1.0,,3769.1953125,67.03369140625,timelimit,data/instances/transfer/real_03.cip
mix_12_4,58,2905,2905,B,,60.0,100,0.5866663455963135,6.401973724365234,6.735389709472656,0.050000000000000044,,,,,,,,,,,,,,,,,,,,,13,,256,224,32,1720221456,888558756,492,0,12,4,0.08415308594703674,1.0,-12.775383949279785,4.816939353942871,1.0,0.5913334153592587,3797.609375,67.03369140625,,data/instances/transfer/real_05.cip
mix_12_4,58,2906,2906,B,,60.0,100,0.19908972084522247,2.237762451171875,16.14035415649414,0.050000000000000044,,,,,,,,,,,,,,,,,,,,,14,,256,224,32,1720221456,888558756,492,0,12,4,0.06359795480966568,1.0,-14.190349578857422,3.303071975708008,1.0,0.6247035022825003,3797.609375,67.03369140625,,data/instances/transfer/real_05.cip
mix_12_4,58,2907,2907,B,,60.0,100,0.30317145586013794,2.8773412704467773,8.690567016601562,0.050000000000000044,,,,,,,,,,,,,,,,,,,,,13,,256,224,32,1720221456,888558756,492,0,12,4,0.08848753571510315,1.0,-14.198606491088867,5.752983570098877,1.0,0.6117692738771439,3797.609375,67.03369140625,,data/instances/transfer/real_05.cip
mix_12_4,58,2908,2908,B,,60.0,100,0.08876661211252213,4.901216506958008,3.5898149013519287,0.050000000000000044,,,,,,,,,,,,,,,,,,,,,14,,256,224,32,1720221456,888558756,492,0,12,4,0.015179062262177467,1.0,-11.6253023147583,5.647609710693359,1.0,0.6354568433016539,3797.609375,67.03369140625,,data/instances/transfer/real_05.cip
mix_12_4,58,2909,2909,B,,60.0,100,0.13513027131557465,3.3315255641937256,7.0983381271362305,0.050000000000000044,,,,,,,,,,,,,,,,,,,,,12,,256,224,32,1720221456,888558756,492,0,12,4,0.027542104944586754,1.0,-11.155534744262695,5.06577730178833,1.0,0.567545972764492,3797.609375,67.03369140625,,data/instances/transfer/real_05.cip
mix_12_4,58,2910,2910,B,,60.0,100,0.19993463158607483,3.1272311210632324,5.495138645172119,0.050000000000000044,,,,,,,,,,,,,,,,,,,,,13,,256,224,32,1720221456,888558756,492,0,12,4,0.04438399896025658,1.0,-11.102234840393066,5.962626934051514,1.0,0.6244387533515692,3797.609375,67.03369140625,,data/instances/transfer/real_05.cip
mix_12_4,58,2911,2911,B,,60.0,100,0.2804214060306549,3.773427963256836,4.068918704986572,0.050000000000000044,,,,,,,,,,,,,,,,,,,,,12,,256,224,32,1720221456,888558756,492,0,12,4,0.05734165385365486,1.0,-11.146354675292969,5.3207197189331055,1.0,0.6089570261538029,3797.609375,67.03369140625,,data/instances/transfer/real_05.cip
mix_12_4,58,2912,2912,B,,60.0,100,0.46026667952537537,4.182787895202637,4.965583801269531,0.050000000000000044,,,,,,,,,,,,,,,,,,,,,13,,256,224,32,1720221456,888558756,492,0,12,4,0.09876306354999542,1.0,-12.813325881958008,4.573446273803711,1.0,0.6313062738627195,3797.609375,67.03369140625,,data/instances/transfer/real_05.cip
mix_12_4,58,2913,2913,B,,60.0,100,0.15795627236366272,4.292444229125977,1.3113545179367065,0.050000000000000044,,,,,,,,,,,,,,,,,,,,,14,,256,224,32,1725570940,888558756,493,0,12,4,0.03551124408841133,1.0,-14.444581985473633,3.237788200378418,1.0,0.6007510107010603,3797.609375,67.03369140625,,data/instances/transfer/real_05.cip
mix_12_4,58,2914,2914,B,,60.0,100,0.28726881742477417,4.667436599731445,4.084226608276367,0.050000000000000044,,,,,,,,,,,,,,,,,,,,,13,,256,224,32,1725570940,888558756,493,0,12,4,0.057698991149663925,1.0,-12.57004165649414,5.608067035675049,1.0,0.6096831765025854,3797.609375,67.03369140625,,data/instances/transfer/real_05.cip
mix_12_4,58,2915,2915,B,,60.0,100,0.23469778895378113,4.957862854003906,5.882420063018799,0.050000000000000044,,,,,,,,,,,,,,,,,,,,,13,,256,224,32,1725570940,888558756,493,0,12,4,0.04210620000958443,1.0,-13.395122528076172,5.382534503936768,1.0,0.6054118890315294,3797.609375,67.03369140625,,data/instances/transfer/real_05.cip
mix_12_4,58,2916,2916,B,,60.0,100,0.09423370659351349,4.546428680419922,2.4881184101104736,0.050000000000000044,,,,,,,,,,,,,,,,,,,,,15,,256,224,32,1725570940,888558756,493,0,12,4,0.019733121618628502,1.0,-14.801527976989746,3.1747982501983643,1.0,0.6257721800357103,3797.609375,67.03369140625,,data/instances/transfer/real_05.cip
mix_12_4,58,2917,2917,B,,60.0,100,0.035524994134902954,2.7736356258392334,1.7138179540634155,0.050000000000000044,,,,,,,,,,,,,,,,,,,,,14,,256,224,32,1729783848,888558756,494,0,12,4,0.008576914668083191,1.0,-11.223042488098145,6.086256980895996,1.0,0.5953510906547308,3797.609375,67.03369140625,,data/instances/transfer/real_05.cip
mix_12_4,58,2918,2918,B,,60.0,100,0.19322527945041656,3.5456809997558594,1.7955994606018066,0.050000000000000044,,,,,,,,,,,,,,,,,,,,,11,,256,224,32,1729783848,888558756,494,0,12,4,0.04800356179475784,1.0,-14.011398315429688,5.966447353363037,1.0,0.5930250752717257,3797.609375,67.03369140625,,data/instances/transfer/real_05.cip
mix_12_4,58,2919,2919,B,,60.0,100,0.4211784899234772,5.610972881317139,3.48339581489563,0.050000000000000044,,,,,,,,,,,,,,,,,,,,,13,,256,224,32,1729783848,888558756,494,0,12,4,0.06593024730682373,1.0,-13.564459800720215,5.113802909851074,1.0,0.6276198718696833,3797.609375,67.03369140625,,data/instances/transfer/real_05.cip
mix_12_4,58,2920,2920,B,,60.0,100,0.224862739443779,3.4467127323150635,9.709840774536133,0.050000000000000044,,,,,,,,,,,,,,,,,,,,,13,,256,224,32,1729783848,888558756,494,0,12,4,0.05291479080915451,1.0,-13.513717651367188,6.066061019897461,1.0,0.6121031921356916,3797.609375,67.03369140625,,data/instances/transfer/real_05.cip
mix_12_4,58,2921,2921,B,,60.0,100,0.19628702104091644,3.8692712783813477,6.419023036956787,0.050000000000000044,,,,,,,,,,,,,,,,,,,,,13,,256,224,32,1734801252,888558756,495,0,12,4,0.03911648318171501,1.0,-12.280352592468262,5.699278354644775,1.0,0.584071034565568,3797.609375,67.03369140625,,data/instances/transfer/real_05.cip
mix_12_4,58,2922,2922,B,,60.0,100,0.027402013540267944,2.4733872413635254,0.48805785179138184,0.050000000000000044,,,,,,,,,,,,,,,,,,,,,14,,256,224,32,1734801252,888558756,495,0,12,4,0.00891128834336996,1.0,-10.959432601928711,5.336695671081543,1.0,0.6257616598159075,3797.609375,67.03369140625,,data/instances/transfer/real_05.cip
mix_12_4,58,2923,2923,B,,60.0,100,0.30656328797340393,5.0490546226501465,10.416041374206543,0.050000000000000044,,,,,,,,,,,,,,,,,,,,,14,,256,224,32,1734801252,888558756,495,0,12,4,0.052740950137376785,1.0,-12.960929870605469,4.768090724945068,1.0,0.6405815817415714,3797.609375,67.03369140625,,data/instances/transfer/real_05.cip
mix_12_4,58,2924,2924,B,,60.0,100,0.12024736404418945,4.669737339019775,5.642328262329102,0.050000000000000044,,,,,,,,,,,,,,,,,,,,,15,,256,224,32,1734801252,888558756,495,0,12,4,0.021417131647467613,1.0,-15.337284088134766,3.9880428314208984,1.0,0.6358117423951626,3797.609375,67.03369140625,,data/instances/transfer/real_05.cip
mix_12_4,58,2925,2925,B,,60.0,100,0.34588149189949036,4.699640274047852,8.259505271911621,0.050000000000000044,,,,,,,,,,,,,,,,,,,,,13,,256,224,32,1739269128,888558756,496,0,12,4,0.061718009412288666,1.0,-14.212150573730469,5.781421184539795,1.0,0.5766641367226839,3797.609375,67.03369140625,,data/instances/transfer/real_05.cip
mix_12_4,58,2926,2926,B,,60.0,100,0.2091975212097168,5.20175838470459,2.958845853805542,0.050000000000000044,,,,,,,,,,,,,,,,,,,,,14,,256,224,32,1739269128,888558756,496,0,12,4,0.03555039316415787,1.0,-12.267589569091797,4.964603424072266,1.0,0.626310434192419,3797.609375,67.03369140625,,data/instances/transfer/real_05.cip
mix_12_4,58,2927,2927,B,,60.0,100,0.2726115882396698,4.115365982055664,2.2586312294006348,0.050000000000000044,,,,,,,,,,,,,,,,,,,,,12,,256,224,32,1739269128,888558756,496,0,12,4,0.05517693981528282,1.0,-13.516468048095703,4.499908447265625,1.0,0.6102975644171238,3797.609375,67.03369140625,,data/instances/transfer/real_05.cip
mix_12_4,58,2928,2928,B,,60.0,100,0.2484235018491745,4.508970260620117,5.964808940887451,0.050000000000000044,,,,,,,,,,,,,,,,,,,,,12,,256,224,32,1739269128,888558756,496,0,12,4,0.041396718472242355,1.0,-10.87675666809082,4.806474208831787,1.0,0.6196298040449619,3797.609375,67.03369140625,,data/instances/transfer/real_05.cip
mix_12_4,58,2929,2929,B,,60.0,100,0.218067467212677,1.6890208721160889,16.961021423339844,0.050000000000000044,,,,,,,,,,,,,,,,,,,,,15,,256,224,32,1742299956,888558756,497,0,12,4,0.05754763260483742,1.0,-12.967815399169922,6.440221309661865,1.0,0.6289749909192324,3797.609375,67.03369140625,,data/instances/transfer/real_05.cip
mix_12_4,58,2930,2930,B,,60.0,100,0.18216414749622345,1.6449532508850098,16.330760955810547,0.050000000000000044,,,,,,,,,,,,,,,,,,,,,15,,256,224,32,1742299956,888558756,497,0,12,4,0.057846326380968094,1.0,-14.426905632019043,5.025814533233643,1.0,0.6043645590543747,3797.609375,67.03369140625,,data/instances/transfer/real_05.cip
mix_12_4,58,2931,2931,B,,60.0,100,0.4857540428638458,4.239870071411133,6.188521862030029,0.050000000000000044,,,,,,,,,,,,,,,,,,,,,14,,256,224,32,1742299956,888558756,497,0,12,4,0.1002235934138298,1.0,-11.795862197875977,5.340161323547363,1.0,0.6268219444900751,3797.609375,67.03369140625,,data/instances/transfer/real_05.cip
mix_12_4,58,2932,2932,B,,60.0,100,0.06854293495416641,3.8844757080078125,7.053018093109131,0.050000000000000044,,,,,,,,,,,,,,,,,,,,,13,,256,224,32,1742299956,888558756,497,0,12,4,0.0070937685668468475,1.0,-13.493831634521484,5.082542896270752,1.0,0.6287270076572895,3797.609375,67.03369140625,,data/instances/transfer/real_05.cip
mix_12_4,58,2933,2933,B,,60.0,100,0.5966426134109497,4.2924089431762695,13.947439193725586,0.050000000000000044,,,,,,,,,,,,,,,,,,,,,14,,256,224,32,1746449168,888558756,498,0,12,4,0.11639261990785599,1.0,-15.280128479003906,4.422257423400879,1.0,0.5989463813602924,3796.609375,67.03369140625,,data/instances/transfer/real_05.cip
mix_12_4,58,2934,2934,B,,60.0,100,0.5924950838088989,6.035032749176025,17.426664352416992,0.050000000000000044,,,,,,,,,,,,,,,,,,,,,13,,256,224,32,1746449168,888558756,498,0,12,4,0.08055029064416885,1.0,-15.209366798400879,3.277291774749756,1.0,0.6286932043731213,3796.609375,67.03369140625,,data/instances/transfer/real_05.cip
mix_12_4,58,2935,2935,B,,60.0,100,0.27350959181785583,3.7563838958740234,7.841393947601318,0.050000000000000044,,,,,,,,,,,,,,,,,,,,,13,,256,224,32,1746449168,888558756,498,0,12,4,0.06249948963522911,1.0,-13.901793479919434,5.3131585121154785,1.0,0.6408835165202618,3796.609375,67.03369140625,,data/instances/transfer/real_05.cip
mix_12_4,58,2936,2936,B,,60.0,100,0.11405623704195023,3.121492862701416,3.2223458290100098,0.050000000000000044,,,,,,,,,,,,,,,,,,,,,14,,256,224,32,1746449168,888558756,498,0,12,4,0.03064100258052349,1.0,-13.152570724487305,4.94364070892334,1.0,0.5261428821831942,3796.609375,67.03369140625,,data/instances/transfer/real_05.cip
mix_12_4,58,2937,2937,B,,60.0,100,0.37950190901756287,4.788201808929443,2.748828172683716,0.050000000000000044,,,,,,,,,,,,,,,,,,,,,12,,256,224,32,1752495884,888558756,499,0,12,4,0.06315240263938904,1.0,-13.358440399169922,3.999297618865967,1.0,0.5621723886579275,3796.609375,67.03369140625,,data/instances/transfer/real_05.cip
mix_12_4,58,2938,2938,B,,60.0,100,0.2671632170677185,2.446427822113037,19.3992977142334,0.050000000000000044,,,,,,,,,,,,,,,,,,,,,14,,256,224,32,1752495884,888558756,499,0,12,4,0.055641788989305496,1.0,-11.165716171264648,6.192890167236328,1.0,0.6292711813002825,3796.609375,67.03369140625,,data/instances/transfer/real_05.cip
mix_12_4,58,2939,2939,B,,60.0,100,0.10627146065235138,3.256847620010376,4.284701347351074,0.050000000000000044,,,,,,,,,,,,,,,,,,,,,12,,256,224,32,1752495884,888558756,499,0,12,4,0.018433598801493645,1.0,-10.358287811279297,6.2161054611206055,1.0,0.5969102662056684,3796.609375,67.03369140625,,data/instances/transfer/real_05.cip
mix_12_4,58,2940,2940,B,,60.0,100,0.3744201362133026,4.588047981262207,12.876623153686523,0.050000000000000044,,,,,,,,,,,,,,,,,,,,,13,,256,224,32,1752495884,888558756,499,0,12,4,0.05814246088266373,1.0,-12.62179946899414,3.9799141883850098,1.0,0.6220920160412788,3796.609375,67.03369140625,,data/instances/transfer/real_05.cip
mix_12_4,58,2941,2941,B,,60.0,100,0.3864195942878723,4.34773063659668,4.773917198181152,0.050000000000000044,,,,,,,,,,,,,,,,,,,,,13,,256,224,32,1758258620,888558756,500,0,12,4,0.07320542633533478,1.0,-11.668144226074219,4.565672397613525,1.0,0.5994272660464048,3796.609375,67.03369140625,,data/instances/transfer/real_05.cip
mix_12_4,58,2942,2942,B,,60.0,100,0.09097503125667572,1.4525671005249023,6.014819145202637,0.050000000000000044,,,,,,,,,,,,,,,,,,,,,14,,256,224,32,1758258620,888558756,500,0,12,4,0.04587502032518387,1.0,-14.372262954711914,5.067432403564453,1.0,0.551440954208374,3796.609375,67.03369140625,,data/instances/transfer/real_05.cip
mix_12_4,58,2943,2943,B,,60.0,100,0.1275898814201355,1.751733660697937,2.7189033031463623,0.050000000000000044,,,,,,,,,,,,,,,,,,,,,13,,256,224,32,1758258620,888558756,500,0,12,4,0.07535549253225327,1.0,-13.81918716430664,4.808536052703857,1.0,0.37153915502130985,3796.609375,67.03369140625,,data/instances/transfer/real_05.cip
mix_12_4,58,2944,2944,B,,60.0,100,0.10945159941911697,3.434351921081543,10.384830474853516,0.050000000000000044,,,,,,,,,,,,,,,,,,,,,15,,256,224,32,1758258620,888558756,500,0,12,4,0.018432527780532837,1.0,-13.967558860778809,4.535350322723389,1.0,0.6105533484369516,3796.609375,67.03369140625,,data/instances/transfer/real_05.cip
mix_12_4,58,2945,2945,B,,60.0,100,0.11142922937870026,2.4236629009246826,6.653045177459717,0.050000000000000044,,,,,,,,,,,,,,,,,,,,,16,,256,224,32,1763961952,888558756,501,0,12,4,0.03351958841085434,1.0,-13.65084171295166,6.025329113006592,1.0,0.6650472916662693,3796.609375,67.03369140625,,data/instances/transfer/real_05.cip
mix_12_4,58,2946,2946,B,,60.0,100,0.20714810490608215,2.6148552894592285,8.038269996643066,0.050000000000000044,,,,,,,,,,,,,,,,,,,,,14,,256,224,32,1763961952,888558756,501,0,12,4,0.06474843621253967,1.0,-13.512731552124023,5.163721561431885,1.0,0.6062881965190172,3796.609375,67.03369140625,,data/instances/transfer/real_05.cip
mix_12_4,58,2947,2947,B,,60.0,100,0.10995053499937057,1.849395513534546,0.7499881386756897,0.050000000000000044,,,,,,,,,,,,,,,,,,,,,15,,256,224,32,1763961952,888558756,501,0,12,4,0.05379375442862511,1.0,-12.446305274963379,5.988273620605469,1.0,0.6126462630927563,3796.609375,67.03369140625,,data/instances/transfer/real_05.cip
mix_12_4,58,2948,2948,B,,60.0,100,0.15175749361515045,3.4801886081695557,1.4628270864486694,0.050000000000000044,,,,,,,,,,,,,,,,,,,,,11,,256,224,32,1763961952,888558756,501,0,12,4,0.033333417028188705,1.0,-9.902151107788086,4.97861909866333,1.0,0.609426237642765,3796.609375,67.03369140625,,data/instances/transfer/real_05.cip
episode,58,2948,2948,B,,60.0,100,0.15175749361515045,3.4801886081695557,1.4628270864486694,0.050000000000000044,-11.015500000000001,-11.0,-0.015500000000000003,-11.015500000000001,True,12,61.298617,,,,,,,,inf,1e+20,120.0,inf,0.0,18158,11,True,256,224,32,1762879100,888558756,503,0,12,4,,,,,1.0,,3768.1953125,67.03369140625,timelimit,data/instances/transfer/real_05.cip
mix_12_4,59,2949,2949,B,,60.0,100,0.11295159161090851,3.3384318351745605,8.381891250610352,0.050000000000000044,,,,,,,,,,,,,,,,,,,,,13,,256,224,32,1762879100,888558756,503,0,12,4,0.023723412305116653,1.0,-13.570626258850098,3.595237970352173,4.0,0.6013676784932613,3768.1953125,67.03369140625,,data/instances/train/real_06.cip
mix_12_4,59,2950,2950,B,,60.0,100,0.07422249019145966,1.1709296703338623,2.1368696689605713,0.050000000000000044,,,,,,,,,,,,,,,,,,,,,14,,256,224,32,1762879100,888558756,503,0,12,4,0.06736677139997482,1.0,-13.68715763092041,6.1426873207092285,4.0,0.6182274520397186,3768.1953125,67.03369140625,,data/instances/train/real_06.cip
mix_12_4,59,2951,2951,B,,60.0,100,0.08637310564517975,2.757795810699463,2.8834574222564697,0.050000000000000044,,,,,,,,,,,,,,,,,,,,,14,,256,224,32,1762879100,888558756,503,0,12,4,0.02721215970814228,1.0,-13.463064193725586,4.961123466491699,4.0,0.642105657607317,3768.1953125,67.03369140625,,data/instances/train/real_06.cip
mix_12_4,59,2952,2952,B,,60.0,100,0.4754374027252197,4.259778022766113,7.692643642425537,0.050000000000000044,,,,,,,,,,,,,,,,,,,,,13,,256,224,32,1762879100,888558756,503,0,12,4,0.09575767815113068,1.0,-14.338811874389648,4.811549186706543,4.0,0.6187852472066879,3768.1953125,67.03369140625,,data/instances/train/real_06.cip
mix_12_4,59,2953,2953,B,,60.0,100,0.08459363877773285,1.0840649604797363,2.373028039932251,0.050000000000000044,,,,,,,,,,,,,,,,,,,,,14,,256,224,32,1762879100,888558756,503,0,12,4,0.05977819114923477,1.0,-11.491246223449707,5.999825477600098,1.0,0.6125179454684258,3768.1953125,67.03369140625,,data/instances/train/real_06.cip
mix_12_4,59,2954,2954,B,,60.0,100,0.08658567070960999,2.1502323150634766,2.5356838703155518,0.050000000000000044,,,,,,,,,,,,,,,,,,,,,15,,256,224,32,1762879100,888558756,503,0,12,4,0.032364532351493835,1.0,-12.784075736999512,5.954639434814453,1.0,0.6285406704992056,3768.1953125,67.03369140625,,data/instances/train/real_06.cip
mix_12_4,59,2955,2955,B,,60.0,100,0.113437719643116,2.136432647705078,4.61891508102417,0.050000000000000044,,,,,,,,,,,,,,,,,,,,,16,,256,224,32,1762879100,888558756,503,0,12,4,0.043630778789520264,1.0,-12.8858003616333,5.084219455718994,1.0,0.6496839076280594,3768.1953125,67.03369140625,,data/instances/train/real_06.cip
mix_12_4,59,2956,2956,B,,60.0,100,0.1212831512093544,2.998093605041504,5.593682289123535,0.050000000000000044,,,,,,,,,,,,,,,,,,,,,14,,256,224,32,1762879100,888558756,503,0,12,4,0.02553553506731987,1.0,-14.579547882080078,5.140426158905029,1.0,0.6173393186181784,3768.1953125,67.03369140625,,data/instances/train/real_06.cip
mix_12_4,59,2957,2957,B,,60.0,100,0.07108210027217865,2.1226131916046143,1.4924777746200562,0.050000000000000044,,,,,,,,,,,,,,,,,,,,,15,,256,224,32,1757835140,888558756,504,0,12,4,0.026926685124635696,1.0,-15.06602668762207,4.539102554321289,31.0,0.6040959432721138,3768.1953125,67.03369140625,,data/instances/train/real_06.cip
mix_12_4,59,2958,2958,B,,60.0,100,0.07709675282239914,2.7825582027435303,7.410901069641113,0.050000000000000044,,,,,,,,,,,,,,,,,,,,,13,,256,224,32,1757835140,888558756,504,0,12,4,0.017749780789017677,1.0,-13.816061019897461,4.641396999359131,31.0,0.6081958599388599,3768.1953125,67.03369140625,,data/instances/train/real_06.cip
mix_12_4,59,2959,2959,B,,60.0,100,0.10876113921403885,3.077848434448242,12.973393440246582,0.050000000000000044,,,,,,,,,,,,,,,,,,,,,14,,256,224,32,1757835140,888558756,504,0,12,4,0.022041335701942444,1.0,-12.32254409790039,5.413116455078125,31.0,0.6335611548274755,3768.1953125,67.03369140625,,data/instances/train/real_06.cip
mix_12_4,59,2960,2960,B,,60.0,100,0.5096296072006226,3.540999412536621,10.054767608642578,0.050000000000000044,,,,,,,,,,,,,,,,,,,,,12,,256,224,32,1757835140,888558756,504,0,12,4,0.12656939029693604,1.0,-11.996286392211914,5.017369270324707,31.0,0.5983965620398521,3768.1953125,67.03369140625,,data/instances/train/real_06.cip
mix_12_4,59,2961,2961,B,,60.0,100,0.2600167989730835,3.6930198669433594,5.561703205108643,0.050000000000000044,,,,,,,,,,,,,,,,,,,,,13,,256,224,32,1752562816,888558756,505,0,12,4,0.05363341420888901,1.0,-12.429744720458984,4.7828826904296875,1.0,0.5751564726233482,3768.1953125,67.03369140625,,data/instances/train/real_06.cip
mix_12_4,59,2962,2962,B,,60.0,100,0.36728522181510925,4.063525676727295,16.688465118408203,0.050000000000000044,,,,,,,,,,,,,,,,,,,,,16,,256,224,32,1752562816,888558756,505,0,12,4,0.0555194616317749,1.0,-14.502519607543945,5.339369773864746,1.0,0.6469454038888216,3768.1953125,67.03369140625,,data/instances/train/real_06.cip
mix_12_4,59,2963,2963,B,,60.0,100,0.08116976916790009,4.365599155426025,5.558384895324707,0.050000000000000044,,,,,,,,,,,,,,,,,,,,,14,,256,224,32,1752562816,888558756,505,0,12,4,0.011231349781155586,1.0,-13.121309280395508,5.028868675231934,1.0,0.6131850238889456,3768.1953125,67.03369140625,,data/instances/train/real_06.cip
mix_12_4,59,2964,2964,B,,60.0,100,0.2180800884962082,1.5013411045074463,18.353424072265625,0.050000000000000044,,,,,,,,,,,,,,,,,,,,,14,,256,224,32,1752562816,888558756,505,0,12,4,0.10548873990774155,1.0,-12.335201263427734,4.874962329864502,1.0,0.6247474905103445,3768.1953125,67.03369140625,,data/instances/train/real_06.cip
mix_12_4,59,2965,2965,B,,60.0,100,0.359271377325058,2.9724223613739014,12.576597213745117,0.050000000000000044,,,,,,,,,,,,,,,,,,,,,16,,256,224,32,1747434096,888558756,506,0,12,4,0.10901397466659546,1.0,-14.678248405456543,4.68538761138916,1.0,0.6267434228211641,3768.1953125,67.03369140625,,data/instances/train/real_06.cip
mix_12_4,59,2966,2966,B,,60.0,100,0.23295992612838745,3.5399937629699707,15.147884368896484,0.050000000000000044,,,,,,,,,,,,,,,,,,,,,13,,256,224,32,1747434096,888558756,506,0,12,4,0.0448337160050869,1.0,-13.960311889648438,4.685338497161865,1.0,0.5991483591496944,3768.1953125,67.03369140625,,data/instances/train/real_06.cip
mix_12_4,59,2967,2967,B,,60.0,100,0.265970915555954,2.5594239234924316,18.792341232299805,0.050000000000000044,,,,,,,,,,,,,,,,,,,,,15,,256,224,32,1747434096,888558756,506,0,12,4,0.06360702961683273,1.0,-15.218377113342285,4.452610969543457,1.0,0.6670106314122677,3768.1953125,67.03369140625,,data/instances/train/real_06.cip
mix_12_4,59,2968,2968,B,,60.0,100,0.30986636877059937,4.826223373413086,15.693272590637207,0.050000000000000044,,,,,,,,,,,,,,,,,,,,,15,,256,224,32,1747434096,888558756,506,0,12,4,0.05169159173965454,1.0,-16.134355545043945,3.418787956237793,1.0,0.4291973393410444,3768.1953125,67.03369140625,,data/instances/train/real_06.cip
mix_12_4,59,2969,2969,B,,60.0,100,0.23649489879608154,4.569920539855957,11.287614822387695,0.050000000000000044,,,,,,,,,,,,,,,,,,,,,14,,256,224,32,1742309972,888558756,507,0,12,4,0.03984968736767769,1.0,-15.603882789611816,4.491551876068115,1.0,0.42841536924242973,3768.1953125,67.03369140625,,data/instances/train/real_06.cip
mix_12_4,59,2970,2970,B,,60.0,100,0.07055594772100449,3.366344451904297,0.5341256260871887,0.050000000000000044,,,,,,,,,,,,,,,,,,,,,13,,256,224,32,1742309972,888558756,507,0,12,4,0.019059350714087486,1.0,-15.456182479858398,3.6526920795440674,1.0,0.56218664906919,3768.1953125,67.03369140625,,data/instances/train/real_06.cip
mix_12_4,59,2971,2971,B,,60.0,100,0.2814095914363861,2.607882022857666,16.311960220336914,0.050000000000000044,,,,,,,,,,,,,,,,,,,,,14,,256,224,32,1742309972,888558756,507,0,12,4,0.0629110187292099,1.0,-13.624922752380371,4.375660419464111,1.0,0.6163273081183434,3768.1953125,67.03369140625,,data/instances/train/real_06.cip
mix_12_4,59,2972,2972,B,,60.0,100,0.5643468499183655,4.675018310546875,16.437015533447266,0.050000000000000044,,,,,,,,,,,,,,,,,,,,,13,,256,224,32,1742309972,888558756,507,0,12,4,0.07138239592313766,1.0,-11.739937782287598,4.345632076263428,1.0,0.6076315753161907,3768.1953125,67.03369140625,,data/instances/train/real_06.cip
mix_12_4,59,2973,2973,B,,60.0,100,0.125171959400177,3.6301093101501465,6.3997721672058105,0.050000000000000044,,,,,,,,,,,,,,,,,,,,,13,,256,224,32,1737395792,888558756,508,0,12,4,0.02205086499452591,1.0,-14.42682933807373,4.0217390060424805,1.0,0.5677980799227953,3768.1953125,67.03369140625,,data/instances/train/real_06.cip
mix_12_4,59,2974,2974,B,,60.0,100,0.06328083574771881,2.4740216732025146,4.416885852813721,0.050000000000000044,,,,,,,,,,,,,,,,,,,,,14,,256,224,32,1737395792,888558756,508,0,12,4,0.015659024938941002,1.0,-14.254621505737305,5.601494789123535,1.0,0.575388578698039,3768.1953125,67.03369140625,,data/instances/train/real_06.cip
mix_12_4,59,2975,2975,B,,60.0,100,0.23240725696086884,1.9435985088348389,12.435328483581543,0.050000000000000044,,,,,,,,,,,,,,,,,,,,,15,,256,224,32,1737395792,888558756,508,0,12,4,0.09546159207820892,1.0,-12.370351791381836,5.550485610961914,1.0,0.42777019552886486,3768.1953125,67.03369140625,,data/instances/train/real_06.cip
mix_12_4,59,2976,2976,B,,60.0,100,0.22959120571613312,1.3109135627746582,8.3994722366333,0.050000000000000044,,,,,,,,,,,,,,,,,,,,,14,,256,224,32,1737395792,888558756,508,0,12,4,0.17886343598365784,1.0,-12.349428176879883,5.827176094055176,1.0,0.3963851258158684,3768.1953125,67.03369140625,,data/instances/train/real_06.cip
mix_12_4,59,2977,2977,B,,60.0,100,0.16163155436515808,4.300539493560791,10.749262809753418,0.050000000000000044,,,,,,,,,,,,,,,,,,,,,13,,256,224,32,1718206048,888558756,511,0,12,4,0.026968304067850113,1.0,-14.409039497375488,4.171680927276611,1.0,0.4013634528964758,3768.1953125,67.03369140625,,data/instances/train/real_06.cip
mix_12_4,59,2978,2978,B,,60.0,100,0.1903432309627533,3.5832560062408447,15.272168159484863,0.050000000000000044,,,,,,,,,,,,,,,,,,,,,15,,256,224,32,1718206048,888558756,511,0,12,4,0.039819005876779556,1.0,-13.98718547821045,5.391815185546875,1.0,0.4073522761464119,3768.1953125,67.03369140625,,data/instances/train/real_06.cip
mix_12_4,59,2979,2979,B,,60.0,100,0.29774609208106995,2.5610103607177734,8.77942943572998,0.050000000000000044,,,,,,,,,,,,,,,,,,,,,14,,256,224,32,1718206048,888558756,511,0,12,4,0.10663880407810211,1.0,-14.091461181640625,4.915390491485596,1.0,0.39420659467577934,3768.1953125,67.03369140625,,data/instances/train/real_06.cip
mix_12_4,59,2980,2980,B,,60.0,100,0.2260030210018158,2.8456759452819824,5.20818567276001,0.050000000000000044,,,,,,,,,,,,,,,,,,,,,13,,256,224,32,1718206048,888558756,511,0,12,4,0.06585235893726349,1.0,-12.937410354614258,4.842016220092773,1.0,0.5548634696751833,3768.1953125,67.03369140625,,data/instances/train/real_06.cip
episode,59,2980,2980,B,,60.0,100,0.2260030210018158,2.8456759452819824,5.20818567276001,0.050000000000000044,-7.0301,-7.0,-0.030100000000000002,-7.0301,True,8,30.813109,,,,,,,,inf,0.0,30.813109,30.813109,1.0,7723,13,False,256,224,32,1718206048,888558756,511,0,12,4,,,,,5.125,,3768.1953125,67.03369140625,optimal,data/instances/train/real_06.cip
mix_12_4,60,2981,2981,B,,60.0,100,0.28935807943344116,3.9928460121154785,4.774667263031006,0.050000000000000044,,,,,,,,,,,,,,,,,,,,,13,,256,224,32,1718206048,888558756,511,0,12,4,0.05629200115799904,1.0,-11.874700546264648,5.1947808265686035,1.0,0.6243924163281918,3774.66796875,67.03369140625,,data/instances/train/real_07.cip
mix_12_4,60,2982,2982,B,,60.0,100,0.42290765047073364,3.922241687774658,11.621674537658691,0.050000000000000044,,,,,,,,,,,,,,,,,,,,,15,,256,224,32,1718206048,888558756,511,0,12,4,0.09365428984165192,1.0,-11.880294799804688,4.181824207305908,1.0,0.6329858973622322,3774.66796875,67.03369140625,,data/instances/train/real_07.cip
mix_12_4,60,2983,2983,B,,60.0,100,0.6427356004714966,3.6786627769470215,5.975194931030273,0.050000000000000044,,,,,,,,,,,,,,,,,,,,,11,,256,224,32,1718206048,888558756,511,0,12,4,0.1366778016090393,1.0,-12.055505752563477,5.9835429191589355,1.0,0.6141984965652227,3774.66796875,67.03369140625,,data/instances/train/real_07.cip
mix_12_4,60,2984,2984,B,,60.0,100,0.12344273924827576,2.7255966663360596,2.2437639236450195,0.050000000000000044,,,,,,,,,,,,,,,,,,,,,13,,256,224,32,1718206048,888558756,511,0,12,4,0.034178558737039566,1.0,-16.184656143188477,3.7407639026641846,1.0,0.6375150717794895,3774.66796875,67.03369140625,,data/instances/train/real_07.cip
mix_12_4,60,2985,2985,B,,60.0,100,0.08071763813495636,6.052926063537598,4.499244689941406,0.050000000000000044,,,,,,,,,,,,,,,,,,,,,11,,256,224,32,1718206048,888558756,511,0,12,4,0.008725856430828571,1.0,-14.33791732788086,3.748187780380249,1.0,0.5854415539652109,3774.66796875,67.03369140625,,data/instances/train/real_07.cip
mix_12_4,60,2986,2986,B,,60.0,100,0.034288275986909866,2.450155735015869,3.356868267059326,0.050000000000000044,,,,,,,,,,,,,,,,,,,,,14,,256,224,32,1718206048,888558756,511,0,12,4,0.010910811834037304,1.0,-13.063400268554688,5.349493503570557,1.0,0.46002874709665775,3774.66796875,67.03369140625,,data/instances/train/real_07.cip
mix_12_4,60,2987,2987,B,,60.0,100,0.07756072282791138,3.1043572425842285,7.014579772949219,0.050000000000000044,,,,,,,,,,,,,,,,,,,,,14,,256,224,32,1718206048,888558756,511,0,12,4,0.017045021057128906,1.0,-15.363588333129883,5.746455669403076,1.0,0.5822567008435726,3774.66796875,67.03369140625,,data/instances/train/real_07.cip
mix_12_4,60,2988,2988,B,,60.0,100,0.11233264952898026,3.026841163635254,7.993736743927002,0.050000000000000044,,,,,,,,,,,,,,,,,,,,,14,,256,224,32,1718206048,888558756,511,0,12,4,0.029459325596690178,1.0,-11.386536598205566,5.448949337005615,1.0,0.6251198910176754,3774.66796875,67.03369140625,,data/instances/train/real_07.cip
mix_12_4,60,2989,2989,B,,60.0,100,0.0345115140080452,3.5533814430236816,4.25485372543335,0.050000000000000044,,,,,,,,,,,,,,,,,,,,,14,,256,224,32,1719316844,888558756,512,0,12,4,0.0037801600992679596,1.0,-13.963172912597656,4.528072834014893,1.0,0.6112628635019064,3774.66796875,67.03369140625,,data/instances/train/real_07.cip
mix_12_4,60,2990,2990,B,,60.0,100,0.29755067825317383,2.804138660430908,13.020848274230957,0.050000000000000044,,,,,,,,,,,,,,,,,,,,,14,,256,224,32,1719316844,888558756,512,0,12,4,0.08340859413146973,1.0,-10.875673294067383,4.822733402252197,1.0,0.630795057862997,3774.66796875,67.03369140625,,data/instances/train/real_07.cip
mix_12_4,60,2991,2991,B,,60.0,100,0.15819333493709564,4.068582534790039,4.331177234649658,0.050000000000000044,,,,,,,,,,,,,,,,,,,,,13,,256,224,32,1719316844,888558756,512,0,12,4,0.027930347248911858,1.0,-13.456304550170898,5.112667083740234,1.0,0.5852907877415419,3774.66796875,67.03369140625,,data/instances/train/real_07.cip
mix_12_4,60,2992,2992,B,,60.0,100,0.08756639063358307,3.645960807800293,3.665628671646118,0.050000000000000044,,,,,,,,,,,,,,,,,,,,,11,,256,224,32,1719316844,888558756,512,0,12,4,0.015020661987364292,1.0,-13.360393524169922,5.461887359619141,1.0,0.5265551544725895,3774.66796875,67.03369140625,,data/instances/train/real_07.cip
mix_12_4,60,2993,2993,B,,60.0,100,0.2516312003135681,4.505709171295166,3.0559253692626953,0.050000000000000044,,,,,,,,,,,,,,,,,,,,,12,,256,224,32,1720254548,888558756,513,0,12,4,0.04111676663160324,1.0,-13.511409759521484,5.841763496398926,1.0,0.5669199749827385,3774.66796875,67.03369140625,,data/instances/train/real_07.cip
mix_12_4,60,2994,2994,B,,60.0,100,0.2775958180427551,3.7082338333129883,11.017817497253418,0.050000000000000044,,,,,,,,,,,,,,,,,,,,,12,,256,224,32,1720254548,888558756,513,0,12,4,0.05103500932455063,1.0,-13.268684387207031,6.123034954071045,1.0,0.6151832528412342,3774.66796875,67.03369140625,,data/instances/train/real_07.cip
mix_12_4,60,2995,2995,B,,60.0,100,0.277261883020401,4.594577789306641,3.762503147125244,0.050000000000000044,,,,,,,,,,,,,,,,,,,,,13,,256,224,32,1720254548,888558756,513,0,12,4,0.04740398749709129,1.0,-13.629180908203125,5.21187686920166,1.0,0.63048455119133,3774.66796875,67.03369140625,,data/instances/train/real_07.cip
mix_12_4,60,2996,2996,B,,60.0,100,0.12478916347026825,5.222667694091797,1.4119257926940918,0.050000000000000044,,,,,,,,,,,,,,,,,,,,,13,,256,224,32,1720254548,888558756,513,0,12,4,0.018419574946165085,1.0,-14.461090087890625,3.6583240032196045,1.0,0.6343910098075867,3774.66796875,67.03369140625,,data/instances/train/real_07.cip
mix_12_4,60,2997,2997,B,,60.0,100,0.019480522722005844,2.9750802516937256,0.6025511026382446,0.050000000000000044,,,,,,,,,,,,,,,,,,,,,15,,256,224,32,1721002556,888558756,514,0,12,4,0.004960518330335617,1.0,-14.156295776367188,4.82595157623291,1.0,0.667612599208951,3774.66796875,67.03369140625,,data/instances/train/real_07.cip
mix_12_4,60,2998,2998,B,,60.0,100,0.15763843059539795,4.789761543273926,5.153849124908447,0.050000000000000044,,,,,,,,,,,,,,,,,,,,,15,,256,224,32,1721002556,888558756,514,0,12,4,0.02629667893052101,1.0,-13.873459815979004,4.840170860290527,1.0,0.5939090698957443,3774.66796875,67.03369140625,,data/instances/train/real_07.cip
mix_12_4,60,2999,2999,B,,60.0,100,0.05737932026386261,6.201123237609863,1.043131709098816,0.050000000000000044,,,,,,,,,,,,,,,,,,,,,10,,256,224,32,1721002556,888558756,514,0,12,4,0.006865441799163818,1.0,-13.17927360534668,4.520756244659424,1.0,0.5876566153019667,3774.66796875,67.03369140625,,data/instances/train/real_07.cip
mix_12_4,60,3000,3000,B,,60.0,100,0.312114953994751,4.762773513793945,6.707075595855713,0.050000000000000044,,,,,,,,,,,,,,,,,,,,,14,,256,224,32,1721002556,888558756,514,0,12,4,0.046132247895002365,1.0,-13.241329193115234,4.220087051391602,1.0,0.6437052767723799,3774.66796875,67.03369140625,,data/instances/train/real_07.cip
episode,60,3000,3000,B,,60.0,100,0.312114953994751,4.762773513793945,6.707075595855713,0.050000000000000044,-5.002299999999999,-5.0,-0.0023000000000000004,-5.002299999999999,True,6,37.26982,,,,,,,,inf,1e+20,120.0,inf,0.0,13003,14,False,256,224,32,1718389780,888558756,516,0,12,4,,,,,1.0,,3768.1953125,67.03369140625,unknown,data/instances/train/real_07.cip
