event,episode,gradient_step,optimizer_steps,stage,stage_boundary_step,instance_time_limit,instance_node_limit,loss,td_error,gradient_norm,epsilon,reward,node_reward,lp_reward,total_reward,reward_identity_ok,episode_nodes,episode_solving_time,validation_nodes,validation_time,mean_pdi,mean_final_gap,mean_par2,mean_solved,mean_lp,pdi,final_gap,par2,first_solution_time,solved,lp_iterations,bootstrap_target_used,trainer_truncated,replay_size,replay_medium_count,replay_large_count,replay_medium_bytes,replay_large_bytes,replay_evictions_by_count,replay_evictions_by_bytes,medium_samples,large_samples,per_weight_min,per_weight_max,q_value_mean,q_value_std,selected_candidate_rank,forward_time,cpu_memory_mb,gpu_memory_mb,status,instance
normalization,,,,,,,,,,,,,,,,,,,,,,,,,,,,,,,,,,,,,,,,,,,,,,,,,,,62d8ce546167a50d23c79389609a91d88eae351a7f83d76f8f11284eaa31cc24,/data/hanchengcheng/hcc_1/du/cable_harness_prim_gcnn/results/probes/shared_normalization.json
mix_16_0,0,1,1,A,,60.0,100,2.5000009536743164,3.0000009536743164,4.30650520324707,1.0,,,,,,,,,,,,,,,,,,,,,16,,16,16,0,121346736,0,0,0,16,0,1.0,1.0,0.06847898662090302,0.040786974132061005,275.0,0.5529389660805464,1839.625,67.03369140625,,data/instances/transfer/real_01.cip
mix_16_0,0,2,2,A,,60.0,100,2.117748260498047,2.939574718475342,3.6371676921844482,1.0,,,,,,,,,,,,,,,,,,,,,16,,16,16,0,121346736,0,0,0,16,0,0.7624096274375916,1.0,0.01123892329633236,0.014508767984807491,275.0,0.5255363155156374,1839.734375,67.03369140625,,data/instances/transfer/real_01.cip
mix_16_0,0,3,3,A,,60.0,100,1.8770474195480347,2.889089584350586,4.187114238739014,1.0,,,,,,,,,,,,,,,,,,,,,16,,16,16,0,121346736,0,0,0,16,0,0.7668046355247498,1.0,-0.05171775817871094,0.018582699820399284,275.0,0.5891432631760836,1839.8515625,67.03369140625,,data/instances/transfer/real_01.cip
mix_16_0,0,4,4,A,,60.0,100,1.864537000656128,2.8332204818725586,3.6644093990325928,1.0,,,,,,,,,,,,,,,,,,,,,16,,16,16,0,121346736,0,0,0,16,0,0.7695913314819336,1.0,-0.10346117615699768,0.04274900257587433,275.0,0.6058553997427225,1839.8515625,67.03369140625,,data/instances/transfer/real_01.cip
mix_16_0,0,5,5,A,,60.0,100,2.193761110305786,2.729929208755493,4.919048309326172,0.9984166666666666,,,,,,,,,,,,,,,,,,,,,16,,17,17,0,128926440,0,0,0,16,0,0.9751744270324707,1.0,-0.18049737811088562,0.10503926873207092,82.0,0.3515041507780552,1864.22265625,67.03369140625,,data/instances/transfer/real_01.cip
mix_16_0,0,6,6,A,,60.0,100,2.158092975616455,2.7192842960357666,4.779402732849121,0.9984166666666666,,,,,,,,,,,,,,,,,,,,,16,,17,17,0,128926440,0,0,0,16,0,0.9629385471343994,1.0,-0.23829764127731323,0.10336935520172119,82.0,0.3575055245310068,1864.22265625,67.03369140625,,data/instances/transfer/real_01.cip
mix_16_0,0,7,7,A,,60.0,100,2.130030632019043,2.6765756607055664,4.005892276763916,0.9984166666666666,,,,,,,,,,,,,,,,,,,,,16,,17,17,0,128926440,0,0,0,16,0,0.9657875299453735,1.0,-0.2518046200275421,0.11487646400928497,82.0,0.5108174290508032,1864.22265625,67.03369140625,,data/instances/transfer/real_01.cip
mix_16_0,0,8,8,A,,60.0,100,1.97810697555542,2.541149139404297,5.198943614959717,0.9984166666666666,,,,,,,,,,,,,,,,,,,,,16,,17,17,0,128926440,0,0,0,16,0,0.9461393356323242,1.0,-0.3802555799484253,0.1571108102798462,82.0,0.5868976451456547,1864.22265625,67.03369140625,,data/instances/transfer/real_01.cip
mix_16_0,0,9,9,A,,60.0,100,2.0800204277038574,2.6457695960998535,3.7337071895599365,0.9968333333333333,,,,,,,,,,,,,,,,,,,,,16,,18,18,0,136517444,0,0,0,16,0,0.9547716379165649,1.0,-0.32323503494262695,0.1553485095500946,84.0,0.3724681884050369,1870.48828125,67.03369140625,,data/instances/transfer/real_01.cip
mix_16_0,0,10,10,A,,60.0,100,1.9021234512329102,2.479444980621338,5.001985549926758,0.9968333333333333,,,,,,,,,,,,,,,,,,,,,16,,18,18,0,136517444,0,0,0,16,0,0.9368981719017029,1.0,-0.4700937271118164,0.27313950657844543,84.0,0.3780066482722759,1870.48828125,67.03369140625,,data/instances/transfer/real_01.cip
mix_16_0,0,11,11,A,,60.0,100,1.8937941789627075,2.508802890777588,4.209931373596191,0.9968333333333333,,,,,,,,,,,,,,,,,,,,,16,,18,18,0,136517444,0,0,0,16,0,0.9184585809707642,1.0,-0.4598175287246704,0.2669364809989929,84.0,0.5200201384723186,1870.48828125,67.03369140625,,data/instances/transfer/real_01.cip
mix_16_0,0,12,12,A,,60.0,100,1.7366262674331665,2.3251535892486572,5.628352165222168,0.9968333333333333,,,,,,,,,,,,,,,,,,,,,16,,18,18,0,136517444,0,0,0,16,0,0.9151861667633057,1.0,-0.6437052488327026,0.26060399413108826,84.0,0.5909331683069468,1870.48828125,67.03369140625,,data/instances/transfer/real_01.cip
mix_16_0,0,13,13,A,,60.0,100,1.642694115638733,2.2158560752868652,6.415368556976318,0.99525,,,,,,,,,,,,,,,,,,,,,16,,19,19,0,144043936,0,0,0,16,0,0.913278341293335,1.0,-0.7747086882591248,0.2476290464401245,193.0,0.5251584593206644,1878.48828125,67.03369140625,,data/instances/transfer/real_01.cip
mix_16_0,0,14,14,A,,60.0,100,1.616457223892212,2.249655246734619,5.491138935089111,0.99525,,,,,,,,,,,,,,,,,,,,,16,,19,19,0,144043936,0,0,0,16,0,0.8873071670532227,1.0,-0.7276525497436523,0.4285601079463959,193.0,0.5777808744460344,1878.48828125,67.03369140625,,data/instances/transfer/real_01.cip
mix_16_0,0,15,15,A,,60.0,100,1.5636546611785889,2.202251434326172,5.679826736450195,0.99525,,,,,,,,,,,,,,,,,,,,,16,,19,19,0,144043936,0,0,0,16,0,0.8788271546363831,1.0,-0.8020661473274231,0.41370466351509094,193.0,0.6018508598208427,1878.48828125,67.03369140625,,data/instances/transfer/real_01.cip
mix_16_0,0,16,16,A,,60.0,100,1.4060993194580078,2.0284461975097656,6.558731555938721,0.99525,,,,,,,,,,,,,,,,,,,,,16,,19,19,0,144043936,0,0,0,16,0,0.8766026496887207,1.0,-0.9825393557548523,0.327404260635376,193.0,0.616318428888917,1878.48828125,67.03369140625,,data/instances/transfer/real_01.cip
mix_16_0,0,17,17,A,,60.0,100,1.3175561428070068,2.0112714767456055,6.076057434082031,0.9936666666666667,,,,,,,,,,,,,,,,,,,,,16,,20,20,0,151446040,0,0,0,16,0,0.8318110108375549,1.0,-0.9887813329696655,0.5981007218360901,251.0,0.5212452225387096,1878.48828125,67.03369140625,,data/instances/transfer/real_01.cip
mix_16_0,0,18,18,A,,60.0,100,1.209195852279663,1.900325894355774,6.79366397857666,0.9936666666666667,,,,,,,,,,,,,,,,,,,,,16,,20,20,0,151446040,0,0,0,16,0,0.8186751008033752,1.0,-1.1353451013565063,0.606166422367096,251.0,0.5796733479946852,1878.48828125,67.03369140625,,data/instances/transfer/real_01.cip
mix_16_0,0,19,19,A,,60.0,100,1.1034414768218994,1.819371223449707,6.652175426483154,0.9936666666666667,,,,,,,,,,,,,,,,,,,,,16,,20,20,0,151446040,0,0,0,16,0,0.7778668999671936,1.0,-1.221740961074829,0.6032951474189758,251.0,0.6019970644265413,1878.48828125,67.03369140625,,data/instances/transfer/real_01.cip
mix_16_0,0,20,20,A,,60.0,100,1.13120436668396,1.8819496631622314,5.353064060211182,0.9936666666666667,,,,,,,,,,,,,,,,,,,,,16,,20,20,0,151446040,0,0,0,16,0,0.7766902446746826,1.0,-1.156332015991211,0.7620578408241272,251.0,0.6030122451484203,1878.48828125,67.03369140625,,data/instances/transfer/real_01.cip
mix_16_0,0,21,21,A,,60.0,100,1.185028076171875,1.9588801860809326,5.2651190757751465,0.9920833333333333,,,,,,,,,,,,,,,,,,,,,16,,21,21,0,158869696,0,0,0,16,0,0.7739681601524353,1.0,-1.1068594455718994,0.6527207493782043,334.0,0.5241356696933508,1881.0625,67.03369140625,,data/instances/transfer/real_01.cip
mix_16_0,0,22,22,A,,60.0,100,0.8943551778793335,1.6439359188079834,4.965218544006348,0.9920833333333333,,,,,,,,,,,,,,,,,,,,,16,,21,21,0,158869696,0,0,0,16,0,0.7099603414535522,1.0,-1.4318645000457764,0.8190438151359558,334.0,0.5879677645862103,1881.078125,67.03369140625,,data/instances/transfer/real_01.cip
mix_16_0,0,23,23,A,,60.0,100,0.7795774340629578,1.6872522830963135,3.976410388946533,0.9920833333333333,,,,,,,,,,,,,,,,,,,,,16,,21,21,0,158869696,0,0,0,16,0,0.599312961101532,1.0,-1.402186393737793,0.8178213238716125,334.0,0.6006539762020111,1881.078125,67.03369140625,,data/instances/transfer/real_01.cip
mix_16_0,0,24,24,A,,60.0,100,0.9058194160461426,1.6198604106903076,4.185717582702637,0.9920833333333333,,,,,,,,,,,,,,,,,,,,,16,,21,21,0,158869696,0,0,0,16,0,0.7425537705421448,1.0,-1.4664528369903564,1.0203945636749268,334.0,0.5995204597711563,1881.078125,67.03369140625,,data/instances/transfer/real_01.cip
mix_16_0,0,25,25,A,,60.0,100,0.6196484565734863,1.4413318634033203,4.00960636138916,0.9905,,,,,,,,,,,,,,,,,,,,,16,,22,22,0,166240312,0,0,0,16,0,0.5953656435012817,1.0,-1.7930848598480225,0.9362267851829529,254.0,0.522129463031888,1885.65234375,67.03369140625,,data/instances/transfer/real_01.cip
mix_16_0,0,26,26,A,,60.0,100,0.6669753789901733,1.7323861122131348,1.498116135597229,0.9905,,,,,,,,,,,,,,,,,,,,,16,,22,22,0,166240312,0,0,0,16,0,0.49583107233047485,1.0,-1.5177552700042725,1.0797646045684814,254.0,0.5794515609741211,1885.65234375,67.03369140625,,data/instances/transfer/real_01.cip
mix_16_0,0,27,27,A,,60.0,100,0.991131067276001,1.8087410926818848,4.276085376739502,0.9905,,,,,,,,,,,,,,,,,,,,,16,,22,22,0,166240312,0,0,0,16,0,0.7174081206321716,1.0,-1.314096450805664,0.7668384313583374,254.0,0.6004546340554953,1885.65234375,67.03369140625,,data/instances/transfer/real_01.cip
mix_16_0,0,28,28,A,,60.0,100,0.38403457403182983,1.4275472164154053,0.5336784720420837,0.9905,,,,,,,,,,,,,,,,,,,,,16,,22,22,0,166240312,0,0,0,16,0,0.3446374535560608,1.0,-2.0335471630096436,1.1286741495132446,254.0,0.6005280110985041,1885.65234375,67.03369140625,,data/instances/transfer/real_01.cip
mix_16_0,0,29,29,A,,60.0,100,0.8458073139190674,1.6058411598205566,2.5780365467071533,0.9889166666666667,,,,,,,,,,,,,,,,,,,,,16,,23,23,0,173503284,0,0,0,16,0,0.700670063495636,1.0,-2.0975348949432373,1.4695976972579956,171.0,0.521538594737649,1889.3125,67.03369140625,,data/instances/transfer/real_01.cip
mix_16_0,0,30,30,A,,60.0,100,0.6571870446205139,1.534416675567627,1.2600650787353516,0.9889166666666667,,,,,,,,,,,,,,,,,,,,,16,,23,23,0,173503284,0,0,0,16,0,0.5694761872291565,1.0,-2.3137588500976562,1.5637918710708618,171.0,0.5797447748482227,1889.3125,67.03369140625,,data/instances/transfer/real_01.cip
mix_16_0,0,31,31,A,,60.0,100,0.718695342540741,1.5950531959533691,4.335020542144775,0.9889166666666667,,,,,,,,,,,,,,,,,,,,,16,,23,23,0,173503284,0,0,0,16,0,0.5906540751457214,1.0,-2.8577091693878174,1.8190730810165405,171.0,0.6008954960852861,1889.3203125,67.03369140625,,data/instances/transfer/real_01.cip
mix_16_0,0,32,32,A,,60.0,100,0.5991911292076111,1.6081714630126953,4.71058464050293,0.9889166666666667,,,,,,,,,,,,,,,,,,,,,16,,23,23,0,173503284,0,0,0,16,0,0.48645004630088806,1.0,-3.0916926860809326,1.8468588590621948,171.0,0.6029021944850683,1889.3203125,67.03369140625,,data/instances/transfer/real_01.cip
episode,0,32,32,A,,60.0,100,0.5991911292076111,1.6081714630126953,4.71058464050293,0.9873333333333333,-25.159999999999997,-25.0,-0.16,-25.159999999999997,True,26,60.813905,,,,,,,,inf,1e+20,120.0,inf,0.0,21399,16,True,25,25,0,188050160,0,0,0,16,0,,,,,210.28,,1749.40234375,67.03369140625,timelimit,data/instances/transfer/real_01.cip
mix_16_0,1,33,33,A,,60.0,100,0.676149845123291,1.768409252166748,3.4598517417907715,0.9873333333333333,,,,,,,,,,,,,,,,,,,,,16,,25,25,0,188050160,0,0,0,16,0,0.48834937810897827,1.0,-3.3064680099487305,2.038926362991333,246.0,0.5508408863097429,1997.671875,67.03369140625,,data/instances/transfer/real_03.cip
mix_16_0,1,34,34,A,,60.0,100,1.1425586938858032,2.490739107131958,5.715318202972412,0.9873333333333333,,,,,,,,,,,,,,,,,,,,,16,,25,25,0,188050160,0,0,0,16,0,0.4995207190513611,1.0,-3.3421239852905273,2.3851540088653564,246.0,0.5804220903664827,1997.671875,67.03369140625,,data/instances/transfer/real_03.cip
mix_16_0,1,35,35,A,,60.0,100,0.9691323041915894,2.207533359527588,10.468002319335938,0.9873333333333333,,,,,,,,,,,,,,,,,,,,,16,,25,25,0,188050160,0,0,0,16,0,0.4813148081302643,1.0,-4.5384345054626465,1.972890019416809,246.0,0.6075246930122375,1997.671875,67.03369140625,,data/instances/transfer/real_03.cip
mix_16_0,1,36,36,A,,60.0,100,1.0095059871673584,1.8466370105743408,8.703099250793457,0.9873333333333333,,,,,,,,,,,,,,,,,,,,,16,,25,25,0,188050160,0,0,0,16,0,0.6540607810020447,1.0,-3.9193220138549805,1.9882067441940308,246.0,0.6049256585538387,1997.671875,67.03369140625,,data/instances/transfer/real_03.cip
mix_16_0,1,37,37,A,,60.0,100,0.6990393400192261,1.620352029800415,4.857900619506836,0.98575,,,,,,,,,,,,,,,,,,,,,16,,25,25,0,188050160,0,0,0,16,0,0.4967423975467682,1.0,-3.3200440406799316,1.8351413011550903,111.0,0.5200741440057755,1999.84765625,67.03369140625,,data/instances/transfer/real_03.cip
mix_16_0,1,38,38,A,,60.0,100,0.39804911613464355,1.9004199504852295,2.245713710784912,0.98575,,,,,,,,,,,,,,,,,,,,,16,,25,25,0,188050160,0,0,0,16,0,0.2392253428697586,1.0,-3.721125602722168,2.0090596675872803,111.0,0.5798771549016237,1999.84765625,67.03369140625,,data/instances/transfer/real_03.cip
mix_16_0,1,39,39,A,,60.0,100,0.3986853361129761,1.104454517364502,1.2079704999923706,0.98575,,,,,,,,,,,,,,,,,,,,,16,,25,25,0,188050160,0,0,0,16,0,0.5427215695381165,1.0,-2.511507511138916,1.1531190872192383,111.0,0.6013729572296143,1999.84765625,67.03369140625,,data/instances/transfer/real_03.cip
mix_16_0,1,40,40,A,,60.0,100,0.5009813904762268,1.2718932628631592,4.5117692947387695,0.98575,,,,,,,,,,,,,,,,,,,,,16,,25,25,0,188050160,0,0,0,16,0,0.5821812748908997,1.0,-3.363003969192505,1.5919476747512817,111.0,0.6059744171798229,1999.85546875,67.03369140625,,data/instances/transfer/real_03.cip
mix_16_0,1,41,41,A,,60.0,100,0.913577139377594,1.7896932363510132,4.590300559997559,0.9841666666666666,,,,,,,,,,,,,,,,,,,,,16,,26,26,0,195863884,0,0,0,16,0,0.6109933257102966,1.0,-3.1518235206604004,1.8240164518356323,34.0,0.5196061171591282,2005.6015625,67.03369140625,,data/instances/transfer/real_03.cip
mix_16_0,1,42,42,A,,60.0,100,0.8295450210571289,2.0099754333496094,2.431779146194458,0.9841666666666666,,,,,,,,,,,,,,,,,,,,,16,,26,26,0,195863884,0,0,0,16,0,0.4853847920894623,1.0,-3.125678539276123,1.8861573934555054,34.0,0.5698501635342836,2005.6015625,67.03369140625,,data/instances/transfer/real_03.cip
mix_16_0,1,43,43,A,,60.0,100,0.6768826246261597,1.464473843574524,2.4216792583465576,0.9841666666666666,,,,,,,,,,,,,,,,,,,,,16,,26,26,0,195863884,0,0,0,16,0,0.5831948518753052,1.0,-3.2572264671325684,1.5250775814056396,34.0,0.6045321822166443,2005.6015625,67.03369140625,,data/instances/transfer/real_03.cip
mix_16_0,1,44,44,A,,60.0,100,0.579256534576416,1.409898281097412,4.6016645431518555,0.9841666666666666,,,,,,,,,,,,,,,,,,,,,16,,26,26,0,195863884,0,0,0,16,0,0.5287871956825256,1.0,-3.508547306060791,1.5426652431488037,34.0,0.6051588729023933,2005.6015625,67.03369140625,,data/instances/transfer/real_03.cip
mix_16_0,1,45,45,A,,60.0,100,0.532576322555542,1.1552871465682983,6.588479042053223,0.9825833333333334,,,,,,,,,,,,,,,,,,,,,16,,27,27,0,203881732,0,0,0,16,0,0.7563192844390869,1.0,-3.5649359226226807,1.5277541875839233,133.0,0.5152481365948915,2005.609375,67.03369140625,,data/instances/transfer/real_03.cip
mix_16_0,1,46,46,A,,60.0,100,0.5101749897003174,1.3823916912078857,4.375565052032471,0.9825833333333334,,,,,,,,,,,,,,,,,,,,,16,,27,27,0,203881732,0,0,0,16,0,0.4838765561580658,1.0,-3.574150562286377,1.5969911813735962,133.0,0.582708939909935,2005.61328125,67.03369140625,,data/instances/transfer/real_03.cip
mix_16_0,1,47,47,A,,60.0,100,0.2837703227996826,1.183743953704834,2.1316118240356445,0.9825833333333334,,,,,,,,,,,,,,,,,,,,,16,,27,27,0,203881732,0,0,0,16,0,0.3136504292488098,1.0,-3.6722426414489746,1.3905056715011597,133.0,0.596729913726449,2005.61328125,67.03369140625,,data/instances/transfer/real_03.cip
mix_16_0,1,48,48,A,,60.0,100,0.8132489919662476,1.71201491355896,6.993039608001709,0.9825833333333334,,,,,,,,,,,,,,,,,,,,,16,,27,27,0,203881732,0,0,0,16,0,0.6034857034683228,1.0,-3.939967155456543,1.6528878211975098,133.0,0.6009412426501513,2005.61328125,67.03369140625,,data/instances/transfer/real_03.cip
mix_16_0,1,49,49,A,,60.0,100,0.35609591007232666,1.483699917793274,3.36759352684021,0.981,,,,,,,,,,,,,,,,,,,,,16,,28,28,0,211897164,0,0,0,16,0,0.3087703287601471,1.0,-3.648894786834717,1.497818946838379,234.0,0.5158495828509331,2009.16796875,67.03369140625,,data/instances/transfer/real_03.cip
mix_16_0,1,50,50,A,,60.0,100,0.23179103434085846,0.7775554656982422,2.72462797164917,0.981,,,,,,,,,,,,,,,,,,,,,16,,28,28,0,211897164,0,0,0,16,0,0.4683157503604889,1.0,-3.6512415409088135,1.1793843507766724,234.0,0.5814327299594879,2009.16796875,67.03369140625,,data/instances/transfer/real_03.cip
mix_16_0,1,51,51,A,,60.0,100,0.25228235125541687,1.1044628620147705,2.231111764907837,0.981,,,,,,,,,,,,,,,,,,,,,16,,28,28,0,211897164,0,0,0,16,0,0.3099115192890167,1.0,-3.8669023513793945,1.2156084775924683,234.0,0.6042899414896965,2009.16796875,67.03369140625,,data/instances/transfer/real_03.cip
mix_16_0,1,52,52,A,,60.0,100,0.21034583449363708,0.6811326742172241,0.9407119750976562,0.981,,,,,,,,,,,,,,,,,,,,,16,,28,28,0,211897164,0,0,0,16,0,0.5351012349128723,1.0,-3.6177992820739746,0.9905187487602234,234.0,0.6019347123801708,2009.16796875,67.03369140625,,data/instances/transfer/real_03.cip
mix_16_0,1,53,53,A,,60.0,100,0.23235780000686646,0.931190013885498,1.0628162622451782,0.9794166666666667,,,,,,,,,,,,,,,,,,,,,16,,29,29,0,219912116,0,0,0,16,0,0.3684353828430176,1.0,-2.969104290008545,1.0525246858596802,201.0,0.5264952834695578,2012.9609375,67.03369140625,,data/instances/transfer/real_03.cip
mix_16_0,1,54,54,A,,60.0,100,0.31907182931900024,0.8875208497047424,5.8068952560424805,0.9794166666666667,,,,,,,,,,,,,,,,,,,,,16,,29,29,0,219912116,0,0,0,16,0,0.6612628698348999,1.0,-2.687429428100586,0.530904233455658,201.0,0.5830594711005688,2012.9609375,67.03369140625,,data/instances/transfer/real_03.cip
mix_16_0,1,55,55,A,,60.0,100,0.4594927430152893,1.1526695489883423,2.5809037685394287,0.9794166666666667,,,,,,,,,,,,,,,,,,,,,16,,29,29,0,219912116,0,0,0,16,0,0.5853354334831238,1.0,-2.9898672103881836,1.030507206916809,201.0,0.6041932255029678,2012.9609375,67.03369140625,,data/instances/transfer/real_03.cip
mix_16_0,1,56,56,A,,60.0,100,0.30679380893707275,0.9281426668167114,2.130329132080078,0.9794166666666667,,,,,,,,,,,,,,,,,,,,,16,,29,29,0,219912116,0,0,0,16,0,0.5417123436927795,1.0,-3.2336585521698,0.7216793298721313,201.0,0.6126899793744087,2012.9609375,67.03369140625,,data/instances/transfer/real_03.cip
mix_16_0,1,57,57,A,,60.0,100,0.1850174069404602,0.6079797148704529,3.434082508087158,0.9778333333333333,,,,,,,,,,,,,,,,,,,,,16,,30,30,0,228275260,0,0,0,16,0,0.6557924747467041,1.0,-3.0103859901428223,0.6406056880950928,121.0,0.5216233897954226,2015.01953125,67.03369140625,,data/instances/transfer/real_03.cip
mix_16_0,1,58,58,A,,60.0,100,0.3593595325946808,0.9829833507537842,5.730536460876465,0.9778333333333333,,,,,,,,,,,,,,,,,,,,,16,,30,30,0,228275260,0,0,0,16,0,0.536487340927124,1.0,-4.052459239959717,1.003465175628662,121.0,0.5813704617321491,2015.15625,67.03369140625,,data/instances/transfer/real_03.cip
mix_16_0,1,59,59,A,,60.0,100,0.3791368901729584,1.1296238899230957,7.763178825378418,0.9778333333333333,,,,,,,,,,,,,,,,,,,,,16,,30,30,0,228275260,0,0,0,16,0,0.46270090341567993,1.0,-4.523303985595703,1.1169031858444214,121.0,0.6012920644134283,2015.15625,67.03369140625,,data/instances/transfer/real_03.cip
mix_16_0,1,60,60,A,,60.0,100,0.6464246511459351,1.340052604675293,8.529077529907227,0.9778333333333333,,,,,,,,,,,,,,,,,,,,,16,,30,30,0,228275260,0,0,0,16,0,0.6652143597602844,1.0,-4.7683539390563965,1.0126643180847168,121.0,0.6059712711721659,2015.15625,67.03369140625,,data/instances/transfer/real_03.cip
mix_16_0,1,61,61,A,,60.0,100,0.31138378381729126,1.0360698699951172,4.328232765197754,0.97625,,,,,,,,,,,,,,,,,,,,,16,,31,31,0,236635632,0,0,0,16,0,0.4314744472503662,1.0,-4.353577613830566,0.9777519106864929,41.0,0.525646086782217,2018.9453125,67.03369140625,,data/instances/transfer/real_03.cip
mix_16_0,1,62,62,A,,60.0,100,0.0936998650431633,0.4974726438522339,0.404572457075119,0.97625,,,,,,,,,,,,,,,,,,,,,16,,31,31,0,236635632,0,0,0,16,0,0.34971922636032104,1.0,-3.606855630874634,0.7032729387283325,41.0,0.5842346772551537,2018.9453125,67.03369140625,,data/instances/transfer/real_03.cip
mix_16_0,1,63,63,A,,60.0,100,0.1877792775630951,0.8324120044708252,0.5322757959365845,0.97625,,,,,,,,,,,,,,,,,,,,,16,,31,31,0,236635632,0,0,0,16,0,0.365518718957901,1.0,-3.9886093139648438,0.8586017489433289,41.0,0.6091745439916849,2018.9453125,67.03369140625,,data/instances/transfer/real_03.cip
mix_16_0,1,64,64,A,,60.0,100,0.1190866231918335,0.8171621561050415,0.6589977145195007,0.97625,,,,,,,,,,,,,,,,,,,,,16,,31,31,0,236635632,0,0,0,16,0,0.25364038348197937,1.0,-3.487856864929199,0.7752097249031067,41.0,0.6070644166320562,2018.9453125,67.03369140625,,data/instances/transfer/real_03.cip
mix_16_0,1,65,65,A,,60.0,100,0.18891456723213196,0.6746976375579834,1.7335566282272339,0.9746666666666667,,,,,,,,,,,,,,,,,,,,,16,,32,32,0,244994372,0,0,0,16,0,0.5207843780517578,1.0,-3.3242735862731934,0.7636367678642273,171.0,0.5191415287554264,2026.21875,67.03369140625,,data/instances/transfer/real_03.cip
mix_16_0,1,66,66,A,,60.0,100,0.1934104859828949,0.8483151793479919,1.1030261516571045,0.9746666666666667,,,,,,,,,,,,,,,,,,,,,16,,32,32,0,244994372,0,0,0,16,0,0.42398691177368164,1.0,-3.42348575592041,0.6274318099021912,171.0,0.5734015963971615,2026.21875,67.03369140625,,data/instances/transfer/real_03.cip
mix_16_0,1,67,67,A,,60.0,100,0.20659086108207703,0.8623365163803101,3.645066261291504,0.9746666666666667,,,,,,,,,,,,,,,,,,,,,16,,32,32,0,244994372,0,0,0,16,0,0.4425325095653534,1.0,-3.1551756858825684,0.5673295259475708,171.0,0.6080245673656464,2026.2265625,67.03369140625,,data/instances/transfer/real_03.cip
mix_16_0,1,68,68,A,,60.0,100,0.15187425911426544,0.7641671895980835,2.356051206588745,0.9746666666666667,,,,,,,,,,,,,,,,,,,,,16,,32,32,0,244994372,0,0,0,16,0,0.43020981550216675,1.0,-3.357867956161499,0.6703002452850342,171.0,0.6043560579419136,2026.2265625,67.03369140625,,data/instances/transfer/real_03.cip
mix_16_0,1,69,69,A,,60.0,100,0.21526090800762177,0.7261602878570557,4.464689254760742,0.9730833333333333,,,,,,,,,,,,,,,,,,,,,16,,33,33,0,252797296,0,0,0,16,0,0.6321849822998047,1.0,-3.1975040435791016,0.47557002305984497,79.0,0.5216763652861118,2029.78515625,67.03369140625,,data/instances/transfer/real_03.cip
mix_16_0,1,70,70,A,,60.0,100,0.2112499177455902,0.7351123094558716,5.987471103668213,0.9730833333333333,,,,,,,,,,,,,,,,,,,,,16,,33,33,0,252797296,0,0,0,16,0,0.6837732791900635,1.0,-3.43479061126709,0.5001513957977295,79.0,0.5805519856512547,2029.78515625,67.03369140625,,data/instances/transfer/real_03.cip
mix_16_0,1,71,71,A,,60.0,100,0.1943867802619934,0.6200300455093384,2.9595999717712402,0.9730833333333333,,,,,,,,,,,,,,,,,,,,,16,,33,33,0,252797296,0,0,0,16,0,0.7476131319999695,1.0,-3.510631561279297,0.5649375915527344,79.0,0.6081926636397839,2029.78515625,67.03369140625,,data/instances/transfer/real_03.cip
mix_16_0,1,72,72,A,,60.0,100,0.16355273127555847,0.5479440689086914,1.8844244480133057,0.9730833333333333,,,,,,,,,,,,,,,,,,,,,16,,33,33,0,252797296,0,0,0,16,0,0.5547208189964294,1.0,-4.029144287109375,0.6356360912322998,79.0,0.6013083402067423,2029.78515625,67.03369140625,,data/instances/transfer/real_03.cip
mix_16_0,1,73,73,A,,60.0,100,0.0906233936548233,0.37558048963546753,1.5668877363204956,0.9715,,,,,,,,,,,,,,,,,,,,,16,,34,34,0,260597436,0,0,0,16,0,0.52348393201828,1.0,-3.861049175262451,0.560805082321167,96.0,0.528320936486125,2033.578125,67.03369140625,,data/instances/transfer/real_03.cip
mix_16_0,1,74,74,A,,60.0,100,0.09905023127794266,0.6330589056015015,1.508660912513733,0.9715,,,,,,,,,,,,,,,,,,,,,16,,34,34,0,260597436,0,0,0,16,0,0.2862618565559387,1.0,-4.1892852783203125,0.6183272004127502,96.0,0.5859212800860405,2033.578125,67.03369140625,,data/instances/transfer/real_03.cip
mix_16_0,1,75,75,A,,60.0,100,0.1304633617401123,0.7741519212722778,2.8302907943725586,0.9715,,,,,,,,,,,,,,,,,,,,,16,,34,34,0,260597436,0,0,0,16,0,0.23935166001319885,1.0,-4.328183650970459,0.5453783869743347,96.0,0.6095276027917862,2033.578125,67.03369140625,,data/instances/transfer/real_03.cip
mix_16_0,1,76,76,A,,60.0,100,0.17421695590019226,1.0584269762039185,3.40545654296875,0.9715,,,,,,,,,,,,,,,,,,,,,16,,34,34,0,260597436,0,0,0,16,0,0.23410965502262115,1.0,-4.498307228088379,0.7478224635124207,96.0,0.604834396392107,2033.578125,67.03369140625,,data/instances/transfer/real_03.cip
mix_16_0,1,77,77,A,,60.0,100,0.11014769226312637,0.5883687734603882,3.3762047290802,0.9699166666666666,,,,,,,,,,,,,,,,,,,,,16,,35,35,0,268395808,0,0,0,16,0,0.36085304617881775,1.0,-4.285289764404297,0.6051737666130066,144.0,0.524240005761385,2040.328125,67.03369140625,,data/instances/transfer/real_03.cip
mix_16_0,1,78,78,A,,60.0,100,0.36310264468193054,1.025092601776123,6.617259502410889,0.9699166666666666,,,,,,,,,,,,,,,,,,,,,16,,35,35,0,268395808,0,0,0,16,0,0.5529558062553406,1.0,-4.594538688659668,0.5734716057777405,144.0,0.5878204666078091,2040.328125,67.03369140625,,data/instances/transfer/real_03.cip
mix_16_0,1,79,79,A,,60.0,100,0.1224227249622345,0.5939576625823975,2.4375240802764893,0.9699166666666666,,,,,,,,,,,,,,,,,,,,,16,,35,35,0,268395808,0,0,0,16,0,0.3516283631324768,1.0,-4.086219787597656,0.5357617139816284,144.0,0.6105873584747314,2040.328125,67.03369140625,,data/instances/transfer/real_03.cip
mix_16_0,1,80,80,A,,60.0,100,0.06661020219326019,0.49941617250442505,0.6107288599014282,0.9699166666666666,,,,,,,,,,,,,,,,,,,,,16,,35,35,0,268395808,0,0,0,16,0,0.2958950698375702,1.0,-3.9335479736328125,0.5729882717132568,144.0,0.6087051313370466,2040.328125,67.03369140625,,data/instances/transfer/real_03.cip
mix_16_0,1,81,81,A,,60.0,100,0.18674489855766296,0.6859155893325806,0.866181492805481,0.9683333333333334,,,,,,,,,,,,,,,,,,,,,16,,36,36,0,275637000,0,0,0,16,0,0.5405898690223694,1.0,-3.8766515254974365,0.4959382116794586,53.0,0.5234389584511518,2040.328125,67.03369140625,,data/instances/transfer/real_03.cip
mix_16_0,1,82,82,A,,60.0,100,0.1261269897222519,0.621833086013794,3.091456890106201,0.9683333333333334,,,,,,,,,,,,,,,,,,,,,16,,36,36,0,275637000,0,0,0,16,0,0.39624547958374023,1.0,-3.468993902206421,0.4296287000179291,53.0,0.5856138002127409,2040.328125,67.03369140625,,data/instances/transfer/real_03.cip
mix_16_0,1,83,83,A,,60.0,100,0.18171408772468567,0.8262163400650024,4.429322719573975,0.9683333333333334,,,,,,,,,,,,,,,,,,,,,16,,36,36,0,275637000,0,0,0,16,0,0.4085192382335663,1.0,-3.2006232738494873,0.3692631721496582,53.0,0.6042083837091923,2040.328125,67.03369140625,,data/instances/transfer/real_03.cip
mix_16_0,1,84,84,A,,60.0,100,0.16060712933540344,0.7953436374664307,4.287199020385742,0.9683333333333334,,,,,,,,,,,,,,,,,,,,,16,,36,36,0,275637000,0,0,0,16,0,0.40382078289985657,1.0,-3.2739877700805664,0.384369820356369,53.0,0.6068129520863295,2040.328125,67.03369140625,,data/instances/transfer/real_03.cip
mix_16_0,1,85,85,A,,60.0,100,0.20642195641994476,0.7215840816497803,6.967248439788818,0.96675,,,,,,,,,,,,,,,,,,,,,16,,37,37,0,282877280,0,0,0,16,0,0.6267508268356323,1.0,-3.3703980445861816,0.34425607323646545,284.0,0.5177761353552341,2043.9375,67.03369140625,,data/instances/transfer/real_03.cip
mix_16_0,1,86,86,A,,60.0,100,0.15331850945949554,0.6057611703872681,5.523838520050049,0.96675,,,,,,,,,,,,,,,,,,,,,16,,37,37,0,282877280,0,0,0,16,0,0.6780083179473877,1.0,-3.448256492614746,0.4579327404499054,284.0,0.5850262213498354,2044.00390625,67.03369140625,,data/instances/transfer/real_03.cip
mix_16_0,1,87,87,A,,60.0,100,0.09232822060585022,0.5009220242500305,3.6925885677337646,0.96675,,,,,,,,,,,,,,,,,,,,,16,,37,37,0,282877280,0,0,0,16,0,0.5744253993034363,1.0,-3.7315104007720947,0.41525766253471375,284.0,0.6086336486041546,2044.00390625,67.03369140625,,data/instances/transfer/real_03.cip
mix_16_0,1,88,88,A,,60.0,100,0.01045398972928524,0.30954355001449585,0.7352375388145447,0.96675,,,,,,,,,,,,,,,,,,,,,16,,37,37,0,282877280,0,0,0,16,0,0.13207268714904785,1.0,-3.8665060997009277,0.2954597473144531,284.0,0.6060194931924343,2044.00390625,67.03369140625,,data/instances/transfer/real_03.cip
episode,1,88,88,A,,60.0,100,0.01045398972928524,0.30954355001449585,0.7352375388145447,0.9651666666666666,-14.010299999999997,-14.0,-0.0103,-14.010299999999997,True,15,63.020605,,,,,,,,inf,1e+20,120.0,inf,0.0,17764,16,True,39,39,0,297353844,0,0,0,16,0,,,,,139.14285714285714,,1850.41015625,67.03369140625,timelimit,data/instances/transfer/real_03.cip
mix_16_0,2,89,89,A,,60.0,100,0.07440048456192017,0.3527120053768158,0.729561984539032,0.9651666666666666,,,,,,,,,,,,,,,,,,,,,16,,39,39,0,297353844,0,0,0,16,0,0.6767922043800354,1.0,-4.019323348999023,0.48992159962654114,253.0,0.5480750054121017,2017.5,67.03369140625,,data/instances/transfer/real_05.cip
mix_16_0,2,90,90,A,,60.0,100,0.41619372367858887,1.0572352409362793,6.028214454650879,0.9651666666666666,,,,,,,,,,,,,,,,,,,,,16,,39,39,0,297353844,0,0,0,16,0,0.5398226380348206,1.0,-4.586549758911133,0.5033981204032898,253.0,0.5851582456380129,2017.5,67.03369140625,,data/instances/transfer/real_05.cip
mix_16_0,2,91,91,A,,60.0,100,0.2438427358865738,0.8536527156829834,4.885307788848877,0.9651666666666666,,,,,,,,,,,,,,,,,,,,,16,,39,39,0,297353844,0,0,0,16,0,0.3974861204624176,1.0,-4.324672698974609,0.5838143229484558,253.0,0.613137299194932,2017.5,67.03369140625,,data/instances/transfer/real_05.cip
mix_16_0,2,92,92,A,,60.0,100,0.26500755548477173,0.962824821472168,6.960287570953369,0.9651666666666666,,,,,,,,,,,,,,,,,,,,,16,,39,39,0,297353844,0,0,0,16,0,0.40552765130996704,1.0,-4.675010681152344,0.37822628021240234,253.0,0.6098509561270475,2017.5,67.03369140625,,data/instances/transfer/real_05.cip
mix_16_0,2,93,93,A,,60.0,100,0.18768978118896484,0.8798431158065796,4.302557945251465,0.9635833333333333,,,,,,,,,,,,,,,,,,,,,16,,39,39,0,297353844,0,0,0,16,0,0.2843548357486725,1.0,-4.55821418762207,0.3897002935409546,212.0,0.5267854798585176,2023.125,67.03369140625,,data/instances/transfer/real_05.cip
mix_16_0,2,94,94,A,,60.0,100,0.18920713663101196,0.621984601020813,4.20925235748291,0.9635833333333333,,,,,,,,,,,,,,,,,,,,,16,,39,39,0,297353844,0,0,0,16,0,0.4830954670906067,1.0,-4.4351091384887695,0.36155620217323303,212.0,0.5800302345305681,2023.125,67.03369140625,,data/instances/transfer/real_05.cip
mix_16_0,2,95,95,A,,60.0,100,0.06435520201921463,0.4562270939350128,0.5398404598236084,0.9635833333333333,,,,,,,,,,,,,,,,,,,,,16,,39,39,0,297353844,0,0,0,16,0,0.2540840804576874,1.0,-4.026803970336914,0.3642759323120117,212.0,0.4750452898442745,2023.125,67.03369140625,,data/instances/transfer/real_05.cip
mix_16_0,2,96,96,A,,60.0,100,0.10621050745248795,0.7754442691802979,0.979762852191925,0.9635833333333333,,,,,,,,,,,,,,,,,,,,,16,,39,39,0,297353844,0,0,0,16,0,0.21739260852336884,1.0,-3.95674204826355,0.41520315408706665,212.0,0.49323903769254684,2023.125,67.03369140625,,data/instances/transfer/real_05.cip
mix_16_0,2,97,97,A,,60.0,100,0.10120806097984314,0.6850149631500244,0.6659379601478577,0.962,,,,,,,,,,,,,,,,,,,,,16,,40,40,0,306310560,0,0,0,16,0,0.2362011969089508,1.0,-3.8028182983398438,0.45850518345832825,310.0,0.5266922898590565,2025.70703125,67.03369140625,,data/instances/transfer/real_05.cip
mix_16_0,2,98,98,A,,60.0,100,0.1815146505832672,0.6586113572120667,1.900586724281311,0.962,,,,,,,,,,,,,,,,,,,,,16,,40,40,0,306310560,0,0,0,16,0,0.4442256987094879,1.0,-3.6087772846221924,0.3586356043815613,310.0,0.5906850509345531,2025.70703125,67.03369140625,,data/instances/transfer/real_05.cip
mix_16_0,2,99,99,A,,60.0,100,0.3387031853199005,1.026477336883545,6.616905689239502,0.962,,,,,,,,,,,,,,,,,,,,,16,,40,40,0,306310560,0,0,0,16,0,0.5217251777648926,1.0,-3.4995594024658203,0.31068170070648193,310.0,0.6095873564481735,2025.70703125,67.03369140625,,data/instances/transfer/real_05.cip
mix_16_0,2,100,100,A,,60.0,100,0.19711834192276,0.8488936424255371,6.214848518371582,0.962,,,,,,,,,,,,,,,,,,,,,16,,40,40,0,306310560,0,0,0,16,0,0.39292943477630615,1.0,-3.4280641078948975,0.2713089883327484,310.0,0.6097225304692984,2025.70703125,67.03369140625,,data/instances/transfer/real_05.cip
mix_16_0,2,101,101,A,,60.0,100,0.09035110473632812,0.8063885569572449,2.5193169116973877,0.9604166666666667,,,,,,,,,,,,,,,,,,,,,16,,41,41,0,314951024,0,0,0,16,0,0.17872487008571625,1.0,-3.3569834232330322,0.42085981369018555,56.0,0.5239121969789267,2030.08984375,67.03369140625,,data/instances/transfer/real_05.cip
mix_16_0,2,102,102,A,,60.0,100,0.25975731015205383,0.793189287185669,9.135546684265137,0.9604166666666667,,,,,,,,,,,,,,,,,,,,,16,,41,41,0,314951024,0,0,0,16,0,0.7333624958992004,1.0,-3.582791328430176,0.37767109274864197,56.0,0.5766146723181009,2030.171875,67.03369140625,,data/instances/transfer/real_05.cip
mix_16_0,2,103,103,A,,60.0,100,0.07374763488769531,0.63236004114151,1.0162962675094604,0.9604166666666667,,,,,,,,,,,,,,,,,,,,,16,,41,41,0,314951024,0,0,0,16,0,0.23936054110527039,1.0,-3.562778949737549,0.34523090720176697,56.0,0.6046638358384371,2030.171875,67.03369140625,,data/instances/transfer/real_05.cip
mix_16_0,2,104,104,A,,60.0,100,0.09603456407785416,0.4473901093006134,2.8445074558258057,0.9604166666666667,,,,,,,,,,,,,,,,,,,,,16,,41,41,0,314951024,0,0,0,16,0,0.6241997480392456,1.0,-3.8411622047424316,0.3495331406593323,56.0,0.604015888646245,2030.171875,67.03369140625,,data/instances/transfer/real_05.cip
mix_16_0,2,105,105,A,,60.0,100,0.08768737316131592,0.4873644709587097,0.6698070764541626,0.9588333333333333,,,,,,,,,,,,,,,,,,,,,16,,42,42,0,323657540,0,0,0,16,0,0.35631299018859863,1.0,-3.9373579025268555,0.5386305451393127,95.0,0.5241173952817917,2032.48046875,67.03369140625,,data/instances/transfer/real_05.cip
mix_16_0,2,106,106,A,,60.0,100,0.07587850093841553,0.4181711673736572,0.6403124928474426,0.9588333333333333,,,,,,,,,,,,,,,,,,,,,16,,42,42,0,323657540,0,0,0,16,0,0.28915172815322876,1.0,-4.350413799285889,0.37829726934432983,95.0,0.5826964434236288,2032.48046875,67.03369140625,,data/instances/transfer/real_05.cip
mix_16_0,2,107,107,A,,60.0,100,0.08731669187545776,0.33316290378570557,1.713860273361206,0.9588333333333333,,,,,,,,,,,,,,,,,,,,,16,,42,42,0,323657540,0,0,0,16,0,0.5161955952644348,1.0,-4.198213577270508,0.553787887096405,95.0,0.605065893381834,2032.48046875,67.03369140625,,data/instances/transfer/real_05.cip
mix_16_0,2,108,108,A,,60.0,100,0.12603023648262024,0.5007345676422119,3.9574084281921387,0.9588333333333333,,,,,,,,,,,,,,,,,,,,,16,,42,42,0,323657540,0,0,0,16,0,0.39320680499076843,1.0,-4.474272727966309,0.5373570919036865,95.0,0.6016809660941362,2032.48046875,67.03369140625,,data/instances/transfer/real_05.cip
mix_16_0,2,109,109,A,,60.0,100,0.16448619961738586,0.9245448112487793,2.8440029621124268,0.95725,,,,,,,,,,,,,,,,,,,,,16,,43,43,0,332396120,0,0,0,16,0,0.24802036583423615,1.0,-4.574452877044678,0.5214025974273682,97.0,0.5196809638291597,2035.03125,67.03369140625,,data/instances/transfer/real_05.cip
mix_16_0,2,110,110,A,,60.0,100,0.2206740379333496,0.8016917705535889,6.035411357879639,0.95725,,,,,,,,,,,,,,,,,,,,,16,,43,43,0,332396120,0,0,0,16,0,0.3842628300189972,1.0,-4.784782409667969,0.4429388642311096,97.0,0.5807773992419243,2035.03125,67.03369140625,,data/instances/transfer/real_05.cip
mix_16_0,2,111,111,A,,60.0,100,0.14853528141975403,0.6740429401397705,3.6499805450439453,0.95725,,,,,,,,,,,,,,,,,,,,,16,,43,43,0,332396120,0,0,0,16,0,0.34243008494377136,1.0,-4.429790019989014,0.6784046292304993,97.0,0.6012773532420397,2035.03125,67.03369140625,,data/instances/transfer/real_05.cip
mix_16_0,2,112,112,A,,60.0,100,0.2168661206960678,0.7588582038879395,2.962587356567383,0.95725,,,,,,,,,,,,,,,,,,,,,16,,43,43,0,332396120,0,0,0,16,0,0.4205372929573059,1.0,-4.3781938552856445,0.5355539321899414,97.0,0.5996390338987112,2035.03125,67.03369140625,,data/instances/transfer/real_05.cip
mix_16_0,2,113,113,A,,60.0,100,0.08006636798381805,0.43657100200653076,0.928004264831543,0.9556666666666667,,,,,,,,,,,,,,,,,,,,,16,,44,44,0,340493020,0,0,0,16,0,0.34795549511909485,1.0,-4.092166900634766,0.5080203413963318,1.0,0.5239275582134724,2039.5,67.03369140625,,data/instances/transfer/real_05.cip
mix_16_0,2,114,114,A,,60.0,100,0.14924123883247375,0.4696795344352722,1.0127352476119995,0.9556666666666667,,,,,,,,,,,,,,,,,,,,,16,,44,44,0,340493020,0,0,0,16,0,0.5110638737678528,1.0,-4.047337532043457,0.4912835657596588,1.0,0.5630760136991739,2039.5,67.03369140625,,data/instances/transfer/real_05.cip
mix_16_0,2,115,115,A,,60.0,100,0.15462398529052734,0.7878024578094482,1.36579430103302,0.9556666666666667,,,,,,,,,,,,,,,,,,,,,16,,44,44,0,340493020,0,0,0,16,0,0.3306705951690674,1.0,-4.100085258483887,0.5531808733940125,1.0,0.6003615222871304,2039.5,67.03369140625,,data/instances/transfer/real_05.cip
mix_16_0,2,116,116,A,,60.0,100,0.06943787634372711,0.5385273098945618,1.1090140342712402,0.9556666666666667,,,,,,,,,,,,,,,,,,,,,16,,44,44,0,340493020,0,0,0,16,0,0.2713683247566223,1.0,-4.021603584289551,0.3918076455593109,1.0,0.6017272975295782,2039.5,67.03369140625,,data/instances/transfer/real_05.cip
mix_16_0,2,117,117,A,,60.0,100,0.1320413202047348,0.7687345743179321,1.0404088497161865,0.9540833333333334,,,,,,,,,,,,,,,,,,,,,16,,45,45,0,348585476,0,0,0,16,0,0.288788765668869,1.0,-3.8806064128875732,0.5623036026954651,176.0,0.5151334255933762,2041.8203125,67.03369140625,,data/instances/transfer/real_05.cip
mix_16_0,2,118,118,A,,60.0,100,0.22602495551109314,0.7383942604064941,4.396754264831543,0.9540833333333334,,,,,,,,,,,,,,,,,,,,,16,,45,45,0,348585476,0,0,0,16,0,0.5883644223213196,1.0,-3.5110347270965576,0.5074558854103088,176.0,0.5896369256079197,2041.8203125,67.03369140625,,data/instances/transfer/real_05.cip
mix_16_0,2,119,119,A,,60.0,100,0.14007195830345154,0.7002791166305542,3.9105215072631836,0.9540833333333334,,,,,,,,,,,,,,,,,,,,,16,,45,45,0,348585476,0,0,0,16,0,0.40524032711982727,1.0,-3.541329860687256,0.38546237349510193,176.0,0.6084235366433859,2041.8203125,67.03369140625,,data/instances/transfer/real_05.cip
mix_16_0,2,120,120,A,,60.0,100,0.15940073132514954,0.7055076360702515,1.8234646320343018,0.9540833333333334,,,,,,,,,,,,,,,,,,,,,16,,45,45,0,348585476,0,0,0,16,0,0.4545816481113434,1.0,-3.7968411445617676,0.438556432723999,176.0,0.6081249564886093,2042.0546875,67.03369140625,,data/instances/transfer/real_05.cip
mix_16_0,2,121,121,A,,60.0,100,0.06577973067760468,0.47379249334335327,3.168180227279663,0.9525,,,,,,,,,,,,,,,,,,,,,16,,46,46,0,356435208,0,0,0,16,0,0.36714649200439453,1.0,-3.677201271057129,0.4482423961162567,174.0,0.5243944711983204,2047.16015625,67.03369140625,,data/instances/transfer/real_05.cip
mix_16_0,2,122,122,A,,60.0,100,0.05486435443162918,0.6461048722267151,0.37642794847488403,0.9525,,,,,,,,,,,,,,,,,,,,,16,,46,46,0,356435208,0,0,0,16,0,0.1453031301498413,1.0,-4.08623743057251,0.5260190963745117,174.0,0.5868442170321941,2047.16015625,67.03369140625,,data/instances/transfer/real_05.cip
mix_16_0,2,123,123,A,,60.0,100,0.140605166554451,0.5115616321563721,2.1148569583892822,0.9525,,,,,,,,,,,,,,,,,,,,,16,,46,46,0,356435208,0,0,0,16,0,0.5854039788246155,1.0,-4.065315246582031,0.4853387176990509,174.0,0.6150164138525724,2047.16015625,67.03369140625,,data/instances/transfer/real_05.cip
mix_16_0,2,124,124,A,,60.0,100,0.09836941957473755,0.4339897632598877,0.43365025520324707,0.9525,,,,,,,,,,,,,,,,,,,,,16,,46,46,0,356435208,0,0,0,16,0,0.4099169671535492,1.0,-4.156977653503418,0.37874338030815125,174.0,0.6114726699888706,2047.16015625,67.03369140625,,data/instances/transfer/real_05.cip
mix_16_0,2,125,125,A,,60.0,100,0.2336614727973938,0.6224039793014526,3.3627774715423584,0.9509166666666666,,,,,,,,,,,,,,,,,,,,,16,,47,47,0,364674168,0,0,0,16,0,0.5570754408836365,1.0,-4.453188419342041,0.5072362422943115,105.0,0.5366741307079792,2051.40625,67.03369140625,,data/instances/transfer/real_05.cip
mix_16_0,2,126,126,A,,60.0,100,0.04240962490439415,0.3387184143066406,1.025417447090149,0.9509166666666666,,,,,,,,,,,,,,,,,,,,,16,,47,47,0,364674168,0,0,0,16,0,0.2165980041027069,1.0,-4.337057113647461,0.4550071656703949,105.0,0.5897963382303715,2051.64453125,67.03369140625,,data/instances/transfer/real_05.cip
mix_16_0,2,127,127,A,,60.0,100,0.11654911190271378,0.614043116569519,2.7838003635406494,0.9509166666666666,,,,,,,,,,,,,,,,,,,,,16,,47,47,0,364674168,0,0,0,16,0,0.2993411421775818,1.0,-4.630926132202148,0.49092012643814087,105.0,0.6071921344846487,2051.64453125,67.03369140625,,data/instances/transfer/real_05.cip
mix_16_0,2,128,128,A,,60.0,100,0.29956796765327454,1.0134223699569702,4.5729570388793945,0.9509166666666666,,,,,,,,,,,,,,,,,,,,,16,,47,47,0,364674168,0,0,0,16,0,0.40375301241874695,1.0,-4.653311729431152,0.5038712024688721,105.0,0.6068221293389797,2051.64453125,67.03369140625,,data/instances/transfer/real_05.cip
mix_16_0,2,129,129,A,,60.0,100,0.062452346086502075,0.3765370845794678,1.3549509048461914,0.9493333333333334,,,,,,,,,,,,,,,,,,,,,16,,48,48,0,372819764,0,0,0,16,0,0.30404672026634216,1.0,-4.541450500488281,0.4687390923500061,102.0,0.5270779673010111,2056.109375,67.03369140625,,data/instances/transfer/real_05.cip
mix_16_0,2,130,130,A,,60.0,100,0.16098369657993317,0.8188018798828125,1.8350144624710083,0.9493333333333334,,,,,,,,,,,,,,,,,,,,,16,,48,48,0,372819764,0,0,0,16,0,0.30397236347198486,1.0,-4.617822647094727,0.42261552810668945,102.0,0.5906551983207464,2056.109375,67.03369140625,,data/instances/transfer/real_05.cip
mix_16_0,2,131,131,A,,60.0,100,0.07696003466844559,0.401150643825531,0.9488406181335449,0.9493333333333334,,,,,,,,,,,,,,,,,,,,,16,,48,48,0,372819764,0,0,0,16,0,0.3868892192840576,1.0,-4.264093399047852,0.46165505051612854,102.0,0.6081576850265265,2056.109375,67.03369140625,,data/instances/transfer/real_05.cip
mix_16_0,2,132,132,A,,60.0,100,0.074538454413414,0.5000768899917603,0.532909095287323,0.9493333333333334,,,,,,,,,,,,,,,,,,,,,16,,48,48,0,372819764,0,0,0,16,0,0.29281362891197205,1.0,-4.3266401290893555,0.45677873492240906,102.0,0.6170656438916922,2056.109375,67.03369140625,,data/instances/transfer/real_05.cip
mix_16_0,2,133,133,A,,60.0,100,0.12131146341562271,0.7943564653396606,0.5994784235954285,0.94775,,,,,,,,,,,,,,,,,,,,,16,,49,49,0,380461360,0,0,0,16,0,0.266068696975708,1.0,-4.314461708068848,0.38315096497535706,2.0,0.5194289144128561,2060.578125,67.03369140625,,data/instances/transfer/real_05.cip
mix_16_0,2,134,134,A,,60.0,100,0.1757030040025711,0.73555988073349,0.9606332778930664,0.94775,,,,,,,,,,,,,,,,,,,,,16,,49,49,0,380461360,0,0,0,16,0,0.4132392704486847,1.0,-4.142068386077881,0.32349449396133423,2.0,0.5860078055411577,2060.578125,67.03369140625,,data/instances/transfer/real_05.cip
mix_16_0,2,135,135,A,,60.0,100,0.11143665760755539,0.6219406723976135,0.8229150176048279,0.94775,,,,,,,,,,,,,,,,,,,,,16,,49,49,0,380461360,0,0,0,16,0,0.33543097972869873,1.0,-4.115518093109131,0.4008517265319824,2.0,0.6071809697896242,2060.578125,67.03369140625,,data/instances/transfer/real_05.cip
mix_16_0,2,136,136,A,,60.0,100,0.06938790529966354,0.5211312770843506,2.1385903358459473,0.94775,,,,,,,,,,,,,,,,,,,,,16,,49,49,0,380461360,0,0,0,16,0,0.29789575934410095,1.0,-4.025867938995361,0.3936574161052704,2.0,0.611590376123786,2060.578125,67.03369140625,,data/instances/transfer/real_05.cip
mix_16_0,2,137,137,A,,60.0,100,0.14951173961162567,0.6212081909179688,0.9585429430007935,0.9461666666666667,,,,,,,,,,,,,,,,,,,,,16,,50,50,0,388921288,0,0,0,16,0,0.46802884340286255,1.0,-4.221646785736084,0.32889172434806824,245.0,0.5209618173539639,2063.82421875,67.03369140625,,data/instances/transfer/real_05.cip
mix_16_0,2,138,138,A,,60.0,100,0.05015670880675316,0.6063612699508667,1.358178973197937,0.9461666666666667,,,,,,,,,,,,,,,,,,,,,16,,50,50,0,388921288,0,0,0,16,0,0.17291337251663208,1.0,-4.20008659362793,0.2867569327354431,245.0,0.5872458051890135,2063.82421875,67.03369140625,,data/instances/transfer/real_05.cip
mix_16_0,2,139,139,A,,60.0,100,0.08517354726791382,0.4886407256126404,2.9559130668640137,0.9461666666666667,,,,,,,,,,,,,,,,,,,,,16,,50,50,0,388921288,0,0,0,16,0,0.41541001200675964,1.0,-4.029092311859131,0.2594917118549347,245.0,0.6092512160539627,2063.82421875,67.03369140625,,data/instances/transfer/real_05.cip
mix_16_0,2,140,140,A,,60.0,100,0.036358628422021866,0.41301459074020386,2.226161241531372,0.9461666666666667,,,,,,,,,,,,,,,,,,,,,16,,50,50,0,388921288,0,0,0,16,0,0.30513161420822144,1.0,-4.1487627029418945,0.2808662950992584,245.0,0.6167825274169445,2064.1171875,67.03369140625,,data/instances/transfer/real_05.cip
mix_16_0,2,141,141,A,,60.0,100,0.01444816030561924,0.2661759853363037,0.2761836647987366,0.9445833333333333,,,,,,,,,,,,,,,,,,,,,16,,51,51,0,397288360,0,0,0,16,0,0.1453717201948166,1.0,-4.191732406616211,0.2890545129776001,258.0,0.5389559008181095,2068.5859375,67.03369140625,,data/instances/transfer/real_05.cip
mix_16_0,2,142,142,A,,60.0,100,0.007593298330903053,0.13776998221874237,0.5785010457038879,0.9445833333333333,,,,,,,,,,,,,,,,,,,,,16,,51,51,0,397288360,0,0,0,16,0,0.36164987087249756,1.0,-4.27561616897583,0.2831854522228241,258.0,0.5885464735329151,2068.59375,67.03369140625,,data/instances/transfer/real_05.cip
mix_16_0,2,143,143,A,,60.0,100,0.028952758759260178,0.23543411493301392,0.32159551978111267,0.9445833333333333,,,,,,,,,,,,,,,,,,,,,16,,51,51,0,397288360,0,0,0,16,0,0.3205423653125763,1.0,-4.528564453125,0.35881030559539795,258.0,0.6097280234098434,2068.59375,67.03369140625,,data/instances/transfer/real_05.cip
mix_16_0,2,144,144,A,,60.0,100,0.02390051819384098,0.21480613946914673,1.2058608531951904,0.9445833333333333,,,,,,,,,,,,,,,,,,,,,16,,51,51,0,397288360,0,0,0,16,0,0.41008543968200684,1.0,-4.6220293045043945,0.28926584124565125,258.0,0.6149136275053024,2068.59375,67.03369140625,,data/instances/transfer/real_05.cip
episode,2,144,144,A,,60.0,100,0.02390051819384098,0.21480613946914673,1.2058608531951904,0.9430000000000001,-14.114299999999998,-14.0,-0.11430000000000001,-14.114299999999998,True,15,63.389209,,,,,,,,inf,0.0019488623212709482,120.0,48.670643,0.0,17742,16,True,53,53,0,413489808,0,0,0,16,0,,,,,149.0,,2050.69140625,67.03369140625,timelimit,data/instances/transfer/real_05.cip
mix_16_0,3,145,145,A,,60.0,100,0.1823989599943161,0.872017502784729,2.839301109313965,0.9430000000000001,,,,,,,,,,,,,,,,,,,,,16,,53,53,0,413489808,0,0,0,16,0,0.3293057978153229,1.0,-4.759822845458984,0.34640827775001526,99.0,0.4903324246406555,2066.85546875,67.03369140625,,data/instances/train/real_06.cip
mix_16_0,3,146,146,A,,60.0,100,0.22791804373264313,0.8876279592514038,4.422913551330566,0.9430000000000001,,,,,,,,,,,,,,,,,,,,,16,,53,53,0,413489808,0,0,0,16,0,0.3847215473651886,1.0,-4.7392473220825195,0.25636714696884155,99.0,0.5687634088099003,2066.85546875,67.03369140625,,data/instances/train/real_06.cip
mix_16_0,3,147,147,A,,60.0,100,0.10518480837345123,0.5614215731620789,2.964059829711914,0.9430000000000001,,,,,,,,,,,,,,,,,,,,,16,,53,53,0,413489808,0,0,0,16,0,0.31509315967559814,1.0,-4.748305320739746,0.32448190450668335,99.0,0.6162327527999878,2066.85546875,67.03369140625,,data/instances/train/real_06.cip
mix_16_0,3,148,148,A,,60.0,100,0.08768493682146072,0.5517724752426147,1.8720229864120483,0.9430000000000001,,,,,,,,,,,,,,,,,,,,,16,,53,53,0,413489808,0,0,0,16,0,0.287851482629776,1.0,-4.6842756271362305,0.3403983414173126,99.0,0.6081635057926178,2066.85546875,67.03369140625,,data/instances/train/real_06.cip
mix_16_0,3,149,149,A,,60.0,100,0.12444420158863068,0.591137170791626,1.6577355861663818,0.9414166666666667,,,,,,,,,,,,,,,,,,,,,16,,53,53,0,413489808,0,0,0,16,0,0.3501284420490265,1.0,-4.433030128479004,0.3283641040325165,41.0,0.522755466401577,2066.85546875,67.03369140625,,data/instances/train/real_06.cip
mix_16_0,3,150,150,A,,60.0,100,0.1319604068994522,0.870612621307373,0.3614088296890259,0.9414166666666667,,,,,,,,,,,,,,,,,,,,,16,,53,53,0,413489808,0,0,0,16,0,0.236947163939476,1.0,-4.369359970092773,0.28392305970191956,41.0,0.586470065638423,2066.8671875,67.03369140625,,data/instances/train/real_06.cip
mix_16_0,3,151,151,A,,60.0,100,0.10304272919893265,0.5982728004455566,3.9506828784942627,0.9414166666666667,,,,,,,,,,,,,,,,,,,,,16,,53,53,0,413489808,0,0,0,16,0,0.3257400095462799,1.0,-4.187773704528809,0.2868135869503021,41.0,0.6113789323717356,2066.8671875,67.03369140625,,data/instances/train/real_06.cip
mix_16_0,3,152,152,A,,60.0,100,0.19546464085578918,0.8169575929641724,0.8197049498558044,0.9414166666666667,,,,,,,,,,,,,,,,,,,,,16,,53,53,0,413489808,0,0,0,16,0,0.42338788509368896,1.0,-4.21218729019165,0.2864278256893158,41.0,0.6023272667080164,2066.8671875,67.03369140625,,data/instances/train/real_06.cip
mix_16_0,3,153,153,A,,60.0,100,0.17601245641708374,0.7226309776306152,3.3298771381378174,0.9398333333333333,,,,,,,,,,,,,,,,,,,,,16,,54,54,0,417380344,0,0,0,16,0,0.4464661478996277,1.0,-4.070394992828369,0.3318140208721161,109.0,0.3270134665071964,2066.8828125,67.03369140625,,data/instances/train/real_06.cip
mix_16_0,3,154,154,A,,60.0,100,0.1228443831205368,0.6602317094802856,2.4699666500091553,0.9398333333333333,,,,,,,,,,,,,,,,,,,,,16,,54,54,0,417380344,0,0,0,16,0,0.3883994519710541,1.0,-4.119180679321289,0.3154839873313904,109.0,0.3252476118505001,2066.8828125,67.03369140625,,data/instances/train/real_06.cip
mix_16_0,3,155,155,A,,60.0,100,0.15010058879852295,0.6535879373550415,2.671919107437134,0.9398333333333333,,,,,,,,,,,,,,,,,,,,,16,,54,54,0,417380344,0,0,0,16,0,0.4736992418766022,1.0,-4.1288228034973145,0.33569619059562683,109.0,0.32445187494158745,2066.8828125,67.03369140625,,data/instances/train/real_06.cip
mix_16_0,3,156,156,A,,60.0,100,0.18006908893585205,0.6114945411682129,0.9956077933311462,0.9398333333333333,,,,,,,,,,,,,,,,,,,,,16,,54,54,0,417380344,0,0,0,16,0,0.6076034903526306,1.0,-4.2552666664123535,0.39503249526023865,109.0,0.3301286827772856,2066.8828125,67.03369140625,,data/instances/train/real_06.cip
mix_16_0,3,157,157,A,,60.0,100,0.1603095829486847,0.6631025075912476,0.5661579370498657,0.93825,,,,,,,,,,,,,,,,,,,,,16,,55,55,0,421192244,0,0,0,16,0,0.4533536732196808,1.0,-4.413597583770752,0.29092907905578613,1.0,0.3323452305048704,2066.8828125,67.03369140625,,data/instances/train/real_06.cip
mix_16_0,3,158,158,A,,60.0,100,0.1373562514781952,0.6282248497009277,0.7424507141113281,0.93825,,,,,,,,,,,,,,,,,,,,,16,,55,55,0,421192244,0,0,0,16,0,0.40165653824806213,1.0,-4.450299263000488,0.32223644852638245,1.0,0.33178845047950745,2066.8828125,67.03369140625,,data/instances/train/real_06.cip
mix_16_0,3,159,159,A,,60.0,100,0.04469399154186249,0.3031698167324066,2.9215924739837646,0.93825,,,,,,,,,,,,,,,,,,,,,16,,55,55,0,421192244,0,0,0,16,0,0.5773245692253113,1.0,-4.45720100402832,0.29964718222618103,1.0,0.334992628544569,2066.8828125,67.03369140625,,data/instances/train/real_06.cip
mix_16_0,3,160,160,A,,60.0,100,0.07800567895174026,0.6116311550140381,1.0277239084243774,0.93825,,,,,,,,,,,,,,,,,,,,,16,,55,55,0,421192244,0,0,0,16,0,0.2547023892402649,1.0,-4.883547782897949,0.2729480564594269,1.0,0.33438639156520367,2066.8828125,67.03369140625,,data/instances/train/real_06.cip
mix_16_0,3,161,161,A,,60.0,100,0.1634029597043991,0.6001856327056885,2.151090621948242,0.9366666666666666,,,,,,,,,,,,,,,,,,,,,16,,56,56,0,425153020,0,0,0,16,0,0.4655557870864868,1.0,-4.815420627593994,0.3357044756412506,51.0,0.44076358154416084,2066.8828125,67.03369140625,,data/instances/train/real_06.cip
mix_16_0,3,162,162,A,,60.0,100,0.27300339937210083,0.871637761592865,4.1620988845825195,0.9366666666666666,,,,,,,,,,,,,,,,,,,,,16,,56,56,0,425153020,0,0,0,16,0,0.44827893376350403,1.0,-4.871191024780273,0.24403943121433258,51.0,0.5611984338611364,2066.8828125,67.03369140625,,data/instances/train/real_06.cip
mix_16_0,3,163,163,A,,60.0,100,0.08078010380268097,0.39888831973075867,3.139934778213501,0.9366666666666666,,,,,,,,,,,,,,,,,,,,,16,,56,56,0,425153020,0,0,0,16,0,0.4609108567237854,1.0,-4.836869239807129,0.3575019836425781,51.0,0.6021172981709242,2066.8828125,67.03369140625,,data/instances/train/real_06.cip
mix_16_0,3,164,164,A,,60.0,100,0.1074569895863533,0.5790935754776001,2.4337120056152344,0.9366666666666666,,,,,,,,,,,,,,,,,,,,,16,,56,56,0,425153020,0,0,0,16,0,0.30488207936286926,1.0,-4.8122687339782715,0.20239979028701782,51.0,0.6068807374686003,2066.8828125,67.03369140625,,data/instances/train/real_06.cip
mix_16_0,3,165,165,A,,60.0,100,0.12833115458488464,0.6410988569259644,1.8429862260818481,0.9350833333333334,,,,,,,,,,,,,,,,,,,,,16,,57,57,0,429209660,0,0,0,16,0,0.3381141424179077,1.0,-4.775343894958496,0.2720580995082855,78.0,0.37394828349351883,2066.8828125,67.03369140625,,data/instances/train/real_06.cip
mix_16_0,3,166,166,A,,60.0,100,0.12640869617462158,0.6816858649253845,0.5509671568870544,0.9350833333333334,,,,,,,,,,,,,,,,,,,,,16,,57,57,0,429209660,0,0,0,16,0,0.308828204870224,1.0,-4.674323081970215,0.28120702505111694,78.0,0.4530734661966562,2066.8984375,67.03369140625,,data/instances/train/real_06.cip
mix_16_0,3,167,167,A,,60.0,100,0.057856012135744095,0.5026374459266663,2.1976563930511475,0.9350833333333334,,,,,,,,,,,,,,,,,,,,,16,,57,57,0,429209660,0,0,0,16,0,0.1816439926624298,1.0,-4.5246429443359375,0.3202377259731293,78.0,0.5786316320300102,2066.8984375,67.03369140625,,data/instances/train/real_06.cip
mix_16_0,3,168,168,A,,60.0,100,0.08651654422283173,0.4390031099319458,1.2033504247665405,0.9350833333333334,,,,,,,,,,,,,,,,,,,,,16,,57,57,0,429209660,0,0,0,16,0,0.47806811332702637,1.0,-4.408079147338867,0.3236980438232422,78.0,0.6083481293171644,2066.8984375,67.03369140625,,data/instances/train/real_06.cip
mix_16_0,3,169,169,A,,60.0,100,0.11724437773227692,0.5933206081390381,3.973423480987549,0.9335,,,,,,,,,,,,,,,,,,,,,16,,58,58,0,433228740,0,0,0,16,0,0.39932554960250854,1.0,-4.343500137329102,0.29640015959739685,94.0,0.360250361263752,2066.8984375,67.03369140625,,data/instances/train/real_06.cip
mix_16_0,3,170,170,A,,60.0,100,0.14813604950904846,0.6650851964950562,3.9434561729431152,0.9335,,,,,,,,,,,,,,,,,,,,,16,,58,58,0,433228740,0,0,0,16,0,0.4676547050476074,1.0,-4.35725736618042,0.2754168212413788,94.0,0.4262044373899698,2066.8984375,67.03369140625,,data/instances/train/real_06.cip
mix_16_0,3,171,171,A,,60.0,100,0.07722791284322739,0.6713709831237793,1.5986683368682861,0.9335,,,,,,,,,,,,,,,,,,,,,16,,58,58,0,433228740,0,0,0,16,0,0.22972308099269867,1.0,-4.476993560791016,0.33655300736427307,94.0,0.5522070582956076,2066.8984375,67.03369140625,,data/instances/train/real_06.cip
mix_16_0,3,172,172,A,,60.0,100,0.05225208029150963,0.45615723729133606,3.3389995098114014,0.9335,,,,,,,,,,,,,,,,,,,,,16,,58,58,0,433228740,0,0,0,16,0,0.4089197516441345,1.0,-4.727551460266113,0.2912251949310303,94.0,0.6050698943436146,2066.8984375,67.03369140625,,data/instances/train/real_06.cip
mix_16_0,3,173,173,A,,60.0,100,0.09793782234191895,0.46429115533828735,0.6859572529792786,0.9319166666666667,,,,,,,,,,,,,,,,,,,,,16,,59,59,0,437390280,0,0,0,16,0,0.46224716305732727,1.0,-4.992883682250977,0.3148312270641327,113.0,0.5165734756737947,2066.8984375,67.03369140625,,data/instances/train/real_06.cip
mix_16_0,3,174,174,A,,60.0,100,0.02751058340072632,0.27924782037734985,0.6121546626091003,0.9319166666666667,,,,,,,,,,,,,,,,,,,,,16,,59,59,0,437390280,0,0,0,16,0,0.2239207923412323,1.0,-5.019867897033691,0.3328995704650879,113.0,0.5761633776128292,2066.8984375,67.03369140625,,data/instances/train/real_06.cip
mix_16_0,3,175,175,A,,60.0,100,0.04198769852519035,0.37585872411727905,1.961592435836792,0.9319166666666667,,,,,,,,,,,,,,,,,,,,,16,,59,59,0,437390280,0,0,0,16,0,0.24093171954154968,1.0,-5.017274856567383,0.30865412950515747,113.0,0.6008600685745478,2066.8984375,67.03369140625,,data/instances/train/real_06.cip
mix_16_0,3,176,176,A,,60.0,100,0.10101834684610367,0.8301881551742554,2.869255304336548,0.9319166666666667,,,,,,,,,,,,,,,,,,,,,16,,59,59,0,437390280,0,0,0,16,0,0.19400595128536224,1.0,-5.082182884216309,0.3239513635635376,113.0,0.6008496843278408,2066.8984375,67.03369140625,,data/instances/train/real_06.cip
mix_16_0,3,177,177,A,,60.0,100,0.24077653884887695,0.7569427490234375,5.85194730758667,0.9303333333333333,,,,,,,,,,,,,,,,,,,,,16,,60,60,0,441551656,0,0,0,16,0,0.47719261050224304,1.0,-5.229972839355469,0.37402695417404175,25.0,0.4380366839468479,2066.8984375,67.03369140625,,data/instances/train/real_06.cip
mix_16_0,3,178,178,A,,60.0,100,0.06238403916358948,0.37497711181640625,2.6374974250793457,0.9303333333333333,,,,,,,,,,,,,,,,,,,,,16,,60,60,0,441551656,0,0,0,16,0,0.39666587114334106,1.0,-5.086756706237793,0.31655585765838623,25.0,0.47213889472186565,2066.91796875,67.03369140625,,data/instances/train/real_06.cip
mix_16_0,3,179,179,A,,60.0,100,0.09489761292934418,0.4989125728607178,1.585213303565979,0.9303333333333333,,,,,,,,,,,,,,,,,,,,,16,,60,60,0,441551656,0,0,0,16,0,0.3212110996246338,1.0,-4.89022970199585,0.2924629747867584,25.0,0.4940460491925478,2066.91796875,67.03369140625,,data/instances/train/real_06.cip
mix_16_0,3,180,180,A,,60.0,100,0.08464423567056656,0.4927501380443573,1.104473352432251,0.9303333333333333,,,,,,,,,,,,,,,,,,,,,16,,60,60,0,441551656,0,0,0,16,0,0.2862613797187805,1.0,-4.7430500984191895,0.3306807577610016,25.0,0.501054935157299,2066.91796875,67.03369140625,,data/instances/train/real_06.cip
mix_16_0,3,181,181,A,,60.0,100,0.14996083080768585,0.5990098714828491,1.1308737993240356,0.92875,,,,,,,,,,,,,,,,,,,,,16,,61,61,0,445672912,0,0,0,16,0,0.45510637760162354,1.0,-4.605254650115967,0.30082717537879944,50.0,0.4543611966073513,2066.91796875,67.03369140625,,data/instances/train/real_06.cip
mix_16_0,3,182,182,A,,60.0,100,0.07386274635791779,0.6462660431861877,1.3199301958084106,0.92875,,,,,,,,,,,,,,,,,,,,,16,,61,61,0,445672912,0,0,0,16,0,0.22585387527942657,1.0,-4.576249599456787,0.22625094652175903,50.0,0.49935408867895603,2066.91796875,67.03369140625,,data/instances/train/real_06.cip
mix_16_0,3,183,183,A,,60.0,100,0.2548428773880005,0.8536935448646545,3.84018874168396,0.92875,,,,,,,,,,,,,,,,,,,,,16,,61,61,0,445672912,0,0,0,16,0,0.48997029662132263,1.0,-4.463253498077393,0.2209479957818985,50.0,0.532021027058363,2066.92578125,67.03369140625,,data/instances/train/real_06.cip
mix_16_0,3,184,184,A,,60.0,100,0.14771032333374023,0.5628078579902649,5.366402626037598,0.92875,,,,,,,,,,,,,,,,,,,,,16,,61,61,0,445672912,0,0,0,16,0,0.5823385715484619,1.0,-4.423210620880127,0.2649936079978943,50.0,0.5967286359518766,2066.92578125,67.03369140625,,data/instances/train/real_06.cip
mix_16_0,3,185,185,A,,60.0,100,0.16327272355556488,0.610027015209198,2.575227975845337,0.9271666666666667,,,,,,,,,,,,,,,,,,,,,16,,62,62,0,450051692,0,0,0,16,0,0.6700757741928101,1.0,-4.565494537353516,0.3402101397514343,87.0,0.3073694594204426,2066.92578125,67.03369140625,,data/instances/train/real_06.cip
mix_16_0,3,186,186,A,,60.0,100,0.07560465484857559,0.4533326029777527,3.3800251483917236,0.9271666666666667,,,,,,,,,,,,,,,,,,,,,16,,62,62,0,450051692,0,0,0,16,0,0.3915124237537384,1.0,-4.662919044494629,0.15089426934719086,87.0,0.2950451448559761,2066.92578125,67.03369140625,,data/instances/train/real_06.cip
mix_16_0,3,187,187,A,,60.0,100,0.007016047835350037,0.3007132411003113,0.15576912462711334,0.9271666666666667,,,,,,,,,,,,,,,,,,,,,16,,62,62,0,450051692,0,0,0,16,0,0.0636696144938469,1.0,-4.87571907043457,0.25058069825172424,87.0,0.3036388698965311,2066.92578125,67.03369140625,,data/instances/train/real_06.cip
mix_16_0,3,188,188,A,,60.0,100,0.05599968880414963,0.3542156219482422,0.12227766960859299,0.9271666666666667,,,,,,,,,,,,,,,,,,,,,16,,62,62,0,450051692,0,0,0,16,0,0.32263731956481934,1.0,-5.094424247741699,0.26447299122810364,87.0,0.30766133591532707,2066.92578125,67.03369140625,,data/instances/train/real_06.cip
mix_16_0,3,189,189,A,,60.0,100,0.04388388991355896,0.26145094633102417,2.1605381965637207,0.9255833333333333,,,,,,,,,,,,,,,,,,,,,16,,63,63,0,454342400,0,0,0,16,0,0.44772300124168396,1.0,-5.235711097717285,0.3035789132118225,118.0,0.38423588685691357,2066.92578125,67.03369140625,,data/instances/train/real_06.cip
mix_16_0,3,190,190,A,,60.0,100,0.17440837621688843,0.7800858020782471,3.899700403213501,0.9255833333333333,,,,,,,,,,,,,,,,,,,,,16,,63,63,0,454342400,0,0,0,16,0,0.3161969780921936,1.0,-5.331125736236572,0.20075993239879608,118.0,0.5464658681303263,2066.92578125,67.03369140625,,data/instances/train/real_06.cip
mix_16_0,3,191,191,A,,60.0,100,0.18153664469718933,1.0971457958221436,3.14349365234375,0.9255833333333333,,,,,,,,,,,,,,,,,,,,,16,,63,63,0,454342400,0,0,0,16,0,0.22061093151569366,1.0,-5.368619918823242,0.21768923103809357,118.0,0.6046951804310083,2066.92578125,67.03369140625,,data/instances/train/real_06.cip
mix_16_0,3,192,192,A,,60.0,100,0.22025200724601746,0.8266202807426453,5.100574016571045,0.9255833333333333,,,,,,,,,,,,,,,,,,,,,16,,63,63,0,454342400,0,0,0,16,0,0.37633365392684937,1.0,-5.433459758758545,0.24849273264408112,118.0,0.6037290971726179,2066.92578125,67.03369140625,,data/instances/train/real_06.cip
mix_16_0,3,193,193,A,,60.0,100,0.16119195520877838,0.6628300547599792,3.215526819229126,0.924,,,,,,,,,,,,,,,,,,,,,16,,64,64,0,458630728,0,0,0,16,0,0.4082604944705963,1.0,-5.269374847412109,0.3223626911640167,28.0,0.4967273958027363,2066.93359375,67.03369140625,,data/instances/train/real_06.cip
mix_16_0,3,194,194,A,,60.0,100,0.08616850525140762,0.49915820360183716,0.48942074179649353,0.924,,,,,,,,,,,,,,,,,,,,,16,,64,64,0,458630728,0,0,0,16,0,0.3063943386077881,1.0,-5.112512588500977,0.35639360547065735,28.0,0.5990765187889338,2066.93359375,67.03369140625,,data/instances/train/real_06.cip
mix_16_0,3,195,195,A,,60.0,100,0.08301583677530289,0.4238373339176178,0.786533772945404,0.924,,,,,,,,,,,,,,,,,,,,,16,,64,64,0,458630728,0,0,0,16,0,0.41394004225730896,1.0,-4.79070520401001,0.2564823031425476,28.0,0.6100999414920807,2066.93359375,67.03369140625,,data/instances/train/real_06.cip
mix_16_0,3,196,196,A,,60.0,100,0.10055746138095856,0.7446741461753845,1.084065318107605,0.924,,,,,,,,,,,,,,,,,,,,,16,,64,64,0,458630728,0,0,0,16,0,0.22965607047080994,1.0,-4.698448657989502,0.21004411578178406,28.0,0.6099792998284101,2066.93359375,67.03369140625,,data/instances/train/real_06.cip
mix_16_0,3,197,197,A,,60.0,100,0.15797960758209229,0.7127982378005981,3.2602972984313965,0.9224166666666667,,,,,,,,,,,,,,,,,,,,,16,,65,65,0,463182412,0,0,0,16,0,0.3728305995464325,1.0,-4.552180290222168,0.21639294922351837,133.0,0.5222324971109629,2066.93359375,67.03369140625,,data/instances/train/real_06.cip
mix_16_0,3,198,198,A,,60.0,100,0.19445957243442535,0.8030529022216797,4.556850433349609,0.9224166666666667,,,,,,,,,,,,,,,,,,,,,16,,65,65,0,463182412,0,0,0,16,0,0.40296727418899536,1.0,-4.536862373352051,0.20347614586353302,133.0,0.5820694528520107,2066.93359375,67.03369140625,,data/instances/train/real_06.cip
mix_16_0,3,199,199,A,,60.0,100,0.15835589170455933,0.6226898431777954,5.57909631729126,0.9224166666666667,,,,,,,,,,,,,,,,,,,,,16,,65,65,0,463182412,0,0,0,16,0,0.5535922646522522,1.0,-4.5507025718688965,0.2313573807477951,133.0,0.5993018075823784,2066.93359375,67.03369140625,,data/instances/train/real_06.cip
mix_16_0,3,200,200,A,,60.0,100,0.17595165967941284,0.6306283473968506,4.636452674865723,0.9224166666666667,,,,,,,,,,,,,,,,,,,,,16,,65,65,0,463182412,0,0,0,16,0,0.6183363199234009,1.0,-4.796027660369873,0.22431668639183044,133.0,0.6004264373332262,2066.93359375,67.03369140625,,data/instances/train/real_06.cip
mix_16_0,3,201,201,A,,60.0,100,0.20291458070278168,0.7404537200927734,0.3589734733104706,0.9208333333333334,,,,,,,,,,,,,,,,,,,,,16,,66,66,0,467756496,0,0,0,16,0,0.4877552390098572,1.0,-5.125813007354736,0.2572377026081085,71.0,0.507342267781496,2066.93359375,67.03369140625,,data/instances/train/real_06.cip
mix_16_0,3,202,202,A,,60.0,100,0.2386496365070343,0.7864585518836975,1.8706388473510742,0.9208333333333334,,,,,,,,,,,,,,,,,,,,,16,,66,66,0,467756496,0,0,0,16,0,0.4635390043258667,1.0,-5.307981491088867,0.1931012123823166,71.0,0.5860336124897003,2066.93359375,67.03369140625,,data/instances/train/real_06.cip
mix_16_0,3,203,203,A,,60.0,100,0.027522440999746323,0.2638568878173828,0.8781476020812988,0.9208333333333334,,,,,,,,,,,,,,,,,,,,,16,,66,66,0,467756496,0,0,0,16,0,0.3233950734138489,1.0,-5.225131511688232,0.29224953055381775,71.0,0.6069581285119057,2066.93359375,67.03369140625,,data/instances/train/real_06.cip
mix_16_0,3,204,204,A,,60.0,100,0.07664745301008224,0.4220035672187805,1.6811699867248535,0.9208333333333334,,,,,,,,,,,,,,,,,,,,,16,,66,66,0,467756496,0,0,0,16,0,0.3642856478691101,1.0,-5.47540283203125,0.30494454503059387,71.0,0.6108199115842581,2066.93359375,67.03369140625,,data/instances/train/real_06.cip
mix_16_0,3,205,205,A,,60.0,100,0.12731343507766724,0.5554212331771851,3.9495415687561035,0.91925,,,,,,,,,,,,,,,,,,,,,16,,67,67,0,472328928,0,0,0,16,0,0.38442152738571167,1.0,-5.541273593902588,0.29974180459976196,37.0,0.4521497618407011,2066.93359375,67.03369140625,,data/instances/train/real_06.cip
mix_16_0,3,206,206,A,,60.0,100,0.11905714869499207,0.47581589221954346,3.2308602333068848,0.91925,,,,,,,,,,,,,,,,,,,,,16,,67,67,0,472328928,0,0,0,16,0,0.49738413095474243,1.0,-5.516708850860596,0.2745878994464874,37.0,0.4906559530645609,2066.93359375,67.03369140625,,data/instances/train/real_06.cip
mix_16_0,3,207,207,A,,60.0,100,0.1711159348487854,0.7540388107299805,3.7917134761810303,0.91925,,,,,,,,,,,,,,,,,,,,,16,,67,67,0,472328928,0,0,0,16,0,0.3500450551509857,1.0,-5.383115768432617,0.2448987364768982,37.0,0.5957174357026815,2066.93359375,67.03369140625,,data/instances/train/real_06.cip
mix_16_0,3,208,208,A,,60.0,100,0.023066507652401924,0.22632527351379395,0.7506693601608276,0.91925,,,,,,,,,,,,,,,,,,,,,16,,67,67,0,472328928,0,0,0,16,0,0.3985750079154968,1.0,-5.368238925933838,0.24703305959701538,37.0,0.6006212793290615,2066.93359375,67.03369140625,,data/instances/train/real_06.cip
mix_16_0,3,209,209,A,,60.0,100,0.13167500495910645,0.5678297281265259,1.5962247848510742,0.9176666666666666,,,,,,,,,,,,,,,,,,,,,16,,68,68,0,476232888,0,0,0,16,0,0.41136813163757324,1.0,-5.110743045806885,0.26010724902153015,112.0,0.517000263556838,2066.93359375,67.03369140625,,data/instances/train/real_06.cip
mix_16_0,3,210,210,A,,60.0,100,0.0503346286714077,0.3780912756919861,1.0958681106567383,0.9176666666666666,,,,,,,,,,,,,,,,,,,,,16,,68,68,0,476232888,0,0,0,16,0,0.3050375282764435,1.0,-4.93878698348999,0.19536839425563812,112.0,0.5829904936254025,2066.94140625,67.03369140625,,data/instances/train/real_06.cip
mix_16_0,3,211,211,A,,60.0,100,0.1007797122001648,0.5619637966156006,2.345264196395874,0.9176666666666666,,,,,,,,,,,,,,,,,,,,,16,,68,68,0,476232888,0,0,0,16,0,0.3578099310398102,1.0,-4.844440460205078,0.21307139098644257,112.0,0.5988359283655882,2066.94140625,67.03369140625,,data/instances/train/real_06.cip
mix_16_0,3,212,212,A,,60.0,100,0.05098046734929085,0.5404431223869324,2.0003507137298584,0.9176666666666666,,,,,,,,,,,,,,,,,,,,,16,,68,68,0,476232888,0,0,0,16,0,0.16835501790046692,1.0,-4.892580986022949,0.2183573842048645,112.0,0.6016900762915611,2066.94140625,67.03369140625,,data/instances/train/real_06.cip
mix_16_0,3,213,213,A,,60.0,100,0.10114921629428864,0.6036266088485718,3.7283716201782227,0.9160833333333334,,,,,,,,,,,,,,,,,,,,,16,,69,69,0,480299972,0,0,0,16,0,0.31893467903137207,1.0,-4.854929447174072,0.27016374468803406,83.0,0.5208274554461241,2066.94140625,67.03369140625,,data/instances/train/real_06.cip
mix_16_0,3,214,214,A,,60.0,100,0.12445644289255142,0.6441091299057007,2.8431804180145264,0.9160833333333334,,,,,,,,,,,,,,,,,,,,,16,,69,69,0,480299972,0,0,0,16,0,0.38869842886924744,1.0,-4.763585567474365,0.2880953848361969,83.0,0.5759702790528536,2066.94140625,67.03369140625,,data/instances/train/real_06.cip
mix_16_0,3,215,215,A,,60.0,100,0.07887907326221466,0.4640864431858063,2.9207422733306885,0.9160833333333334,,,,,,,,,,,,,,,,,,,,,16,,69,69,0,480299972,0,0,0,16,0,0.4064570367336273,1.0,-5.091719627380371,0.16978444159030914,83.0,0.6018871963024139,2066.94140625,67.03369140625,,data/instances/train/real_06.cip
mix_16_0,3,216,216,A,,60.0,100,0.09529378265142441,0.5335451364517212,2.571498155593872,0.9160833333333334,,,,,,,,,,,,,,,,,,,,,16,,69,69,0,480299972,0,0,0,16,0,0.358353853225708,1.0,-5.206698417663574,0.21314308047294617,83.0,0.6181129831820726,2066.94140625,67.03369140625,,data/instances/train/real_06.cip
mix_16_0,3,217,217,A,,60.0,100,0.03807862848043442,0.2758629322052002,4.006983757019043,0.9145,,,,,,,,,,,,,,,,,,,,,16,,70,70,0,484638808,0,0,0,16,0,0.5941603779792786,1.0,-5.4960246086120605,0.2437467873096466,125.0,0.5088326204568148,2066.94140625,67.03369140625,,data/instances/train/real_06.cip
mix_16_0,3,218,218,A,,60.0,100,0.08874692022800446,0.3808446526527405,3.4286060333251953,0.9145,,,,,,,,,,,,,,,,,,,,,16,,70,70,0,484638808,0,0,0,16,0,0.5468251705169678,1.0,-5.606518745422363,0.27232784032821655,125.0,0.5820269621908665,2066.94140625,67.03369140625,,data/instances/train/real_06.cip
mix_16_0,3,219,219,A,,60.0,100,0.11362551152706146,0.3650209903717041,4.933862209320068,0.9145,,,,,,,,,,,,,,,,,,,,,16,,70,70,0,484638808,0,0,0,16,0,0.5576456189155579,1.0,-5.691400527954102,0.2965044677257538,125.0,0.6058712843805552,2066.94140625,67.03369140625,,data/instances/train/real_06.cip
mix_16_0,3,220,220,A,,60.0,100,0.12480998039245605,0.6042346954345703,4.68988037109375,0.9145,,,,,,,,,,,,,,,,,,,,,16,,70,70,0,484638808,0,0,0,16,0,0.35229435563087463,1.0,-5.785861015319824,0.3137645125389099,125.0,0.6034499388188124,2066.94140625,67.03369140625,,data/instances/train/real_06.cip
episode,3,220,220,A,,60.0,100,0.12480998039245605,0.6042346954345703,4.68988037109375,0.9129166666666667,-19.2019,-19.0,-0.20190000000000002,-19.2019,True,20,62.636673,,,,,,,,inf,0.01238319089846566,120.0,50.105585,0.0,11642,16,True,72,72,0,492033712,0,0,0,16,0,,,,,76.57894736842105,,1911.83203125,67.03369140625,timelimit,data/instances/train/real_06.cip
mix_16_0,4,221,221,A,,60.0,100,0.12986987829208374,0.5783237218856812,5.270854949951172,0.9129166666666667,,,,,,,,,,,,,,,,,,,,,16,,72,72,0,492033712,0,0,0,16,0,0.4251951277256012,1.0,-5.767031669616699,0.3153051435947418,74.0,0.552752023562789,2079.56640625,67.03369140625,,data/instances/train/real_07.cip
mix_16_0,4,222,222,A,,60.0,100,0.07060796022415161,0.5361487865447998,2.9257752895355225,0.9129166666666667,,,,,,,,,,,,,,,,,,,,,16,,72,72,0,492033712,0,0,0,16,0,0.24422132968902588,1.0,-5.591601848602295,0.25328004360198975,74.0,0.580595625564456,2079.59765625,67.03369140625,,data/instances/train/real_07.cip
mix_16_0,4,223,223,A,,60.0,100,0.15533484518527985,0.613246500492096,1.0514510869979858,0.9129166666666667,,,,,,,,,,,,,,,,,,,,,16,,72,72,0,492033712,0,0,0,16,0,0.3597739338874817,1.0,-5.4176788330078125,0.28942668437957764,74.0,0.6046508904546499,2079.59765625,67.03369140625,,data/instances/train/real_07.cip
mix_16_0,4,224,224,A,,60.0,100,0.07330137491226196,0.38905614614486694,3.5093626976013184,0.9129166666666667,,,,,,,,,,,,,,,,,,,,,16,,72,72,0,492033712,0,0,0,16,0,0.440306693315506,1.0,-5.17301082611084,0.24088507890701294,74.0,0.6152593158185482,2079.59765625,67.03369140625,,data/instances/train/real_07.cip
mix_16_0,4,225,225,A,,60.0,100,0.09171763807535172,0.5155177116394043,1.6849445104599,0.9113333333333333,,,,,,,,,,,,,,,,,,,,,16,,72,72,0,492033712,0,0,0,16,0,0.3511086404323578,1.0,-5.140780448913574,0.20481804013252258,102.0,0.524011604487896,2086.43359375,67.03369140625,,data/instances/train/real_07.cip
mix_16_0,4,226,226,A,,60.0,100,0.16694499552249908,0.6365809440612793,2.4596595764160156,0.9113333333333333,,,,,,,,,,,,,,,,,,,,,16,,72,72,0,492033712,0,0,0,16,0,0.43895694613456726,1.0,-5.133690357208252,0.2990076243877411,102.0,0.5758873336017132,2086.43359375,67.03369140625,,data/instances/train/real_07.cip
mix_16_0,4,227,227,A,,60.0,100,0.09333626925945282,0.6875670552253723,1.6936163902282715,0.9113333333333333,,,,,,,,,,,,,,,,,,,,,16,,72,72,0,492033712,0,0,0,16,0,0.2545016407966614,1.0,-5.1721954345703125,0.28574326634407043,102.0,0.6088970061391592,2086.43359375,67.03369140625,,data/instances/train/real_07.cip
mix_16_0,4,228,228,A,,60.0,100,0.12545107305049896,0.635393500328064,4.038682460784912,0.9113333333333333,,,,,,,,,,,,,,,,,,,,,16,,72,72,0,492033712,0,0,0,16,0,0.38308966159820557,1.0,-5.069037914276123,0.19556644558906555,102.0,0.5980075113475323,2086.43359375,67.03369140625,,data/instances/train/real_07.cip
mix_16_0,4,229,229,A,,60.0,100,0.08734365552663803,0.5043032765388489,3.6627540588378906,0.9097500000000001,,,,,,,,,,,,,,,,,,,,,16,,73,73,0,498980736,0,0,0,16,0,0.3635741174221039,1.0,-5.110309600830078,0.2756887972354889,78.0,0.49672577902674675,2088.921875,67.03369140625,,data/instances/train/real_07.cip
mix_16_0,4,230,230,A,,60.0,100,0.11637233197689056,0.5983626842498779,0.9723589420318604,0.9097500000000001,,,,,,,,,,,,,,,,,,,,,16,,73,73,0,498980736,0,0,0,16,0,0.3568328022956848,1.0,-5.4690399169921875,0.2509729266166687,78.0,0.5860649198293686,2088.921875,67.03369140625,,data/instances/train/real_07.cip
mix_16_0,4,231,231,A,,60.0,100,0.19367919862270355,0.8076161742210388,2.8177459239959717,0.9097500000000001,,,,,,,,,,,,,,,,,,,,,16,,73,73,0,498980736,0,0,0,16,0,0.3475225269794464,1.0,-5.638894081115723,0.2762049734592438,78.0,0.6151348352432251,2088.9375,67.03369140625,,data/instances/train/real_07.cip
mix_16_0,4,232,232,A,,60.0,100,0.08164625614881516,0.41847848892211914,1.468349814414978,0.9097500000000001,,,,,,,,,,,,,,,,,,,,,16,,73,73,0,498980736,0,0,0,16,0,0.30831462144851685,1.0,-5.648575782775879,0.3081510663032532,78.0,0.5891912188380957,2088.9375,67.03369140625,,data/instances/train/real_07.cip
mix_16_0,4,233,233,A,,60.0,100,0.0583917535841465,0.391071081161499,0.8632935881614685,0.9081666666666667,,,,,,,,,,,,,,,,,,,,,16,,74,74,0,505878240,0,0,0,16,0,0.2384689450263977,1.0,-5.799583435058594,0.31380510330200195,151.0,0.5100964456796646,2090.8515625,67.03369140625,,data/instances/train/real_07.cip
mix_16_0,4,234,234,A,,60.0,100,0.05307163670659065,0.4234428107738495,1.1071399450302124,0.9081666666666667,,,,,,,,,,,,,,,,,,,,,16,,74,74,0,505878240,0,0,0,16,0,0.22672632336616516,1.0,-5.696765899658203,0.2307516187429428,151.0,0.5868985317647457,2090.8515625,67.03369140625,,data/instances/train/real_07.cip
mix_16_0,4,235,235,A,,60.0,100,0.21071410179138184,0.9928922653198242,5.337645053863525,0.9081666666666667,,,,,,,,,,,,,,,,,,,,,16,,74,74,0,505878240,0,0,0,16,0,0.28659188747406006,1.0,-5.934751510620117,0.2090284526348114,151.0,0.6017411407083273,2090.8515625,67.03369140625,,data/instances/train/real_07.cip
mix_16_0,4,236,236,A,,60.0,100,0.06923802942037582,0.5491020083427429,0.8557857871055603,0.9081666666666667,,,,,,,,,,,,,,,,,,,,,16,,74,74,0,505878240,0,0,0,16,0,0.21920791268348694,1.0,-5.719928741455078,0.26992616057395935,151.0,0.6086828839033842,2090.8515625,67.03369140625,,data/instances/train/real_07.cip
mix_16_0,4,237,237,A,,60.0,100,0.1100737601518631,0.5594056844711304,1.4191789627075195,0.9065833333333333,,,,,,,,,,,,,,,,,,,,,16,,75,75,0,512767020,0,0,0,16,0,0.340070515871048,1.0,-5.467227935791016,0.298794150352478,136.0,0.5222585555166006,2097.82421875,67.03369140625,,data/instances/train/real_07.cip
mix_16_0,4,238,238,A,,60.0,100,0.1226377785205841,0.6358513832092285,0.593399703502655,0.9065833333333333,,,,,,,,,,,,,,,,,,,,,16,,75,75,0,512767020,0,0,0,16,0,0.32365840673446655,1.0,-5.477296829223633,0.2374190241098404,136.0,0.4966024309396744,2097.82421875,67.03369140625,,data/instances/train/real_07.cip
mix_16_0,4,239,239,A,,60.0,100,0.1601037085056305,0.7286430597305298,0.8691275715827942,0.9065833333333333,,,,,,,,,,,,,,,,,,,,,16,,75,75,0,512767020,0,0,0,16,0,0.38879862427711487,1.0,-5.354376316070557,0.26541668176651,136.0,0.5505191404372454,2097.82421875,67.03369140625,,data/instances/train/real_07.cip
mix_16_0,4,240,240,A,,60.0,100,0.10086184740066528,0.6575927734375,3.9029903411865234,0.9065833333333333,,,,,,,,,,,,,,,,,,,,,16,,75,75,0,512767020,0,0,0,16,0,0.3266162574291229,1.0,-5.195278167724609,0.22478364408016205,136.0,0.6024705674499273,2097.82421875,67.03369140625,,data/instances/train/real_07.cip
mix_16_0,4,241,241,A,,60.0,100,0.09979768097400665,0.5463007688522339,4.072113037109375,0.905,,,,,,,,,,,,,,,,,,,,,16,,76,76,0,519569516,0,0,0,16,0,0.34979239106178284,1.0,-5.32120418548584,0.1564401090145111,173.0,0.5164875760674477,2097.828125,67.03369140625,,data/instances/train/real_07.cip
mix_16_0,4,242,242,A,,60.0,100,0.10332494974136353,0.5265632271766663,6.641319274902344,0.905,,,,,,,,,,,,,,,,,,,,,16,,76,76,0,519569516,0,0,0,16,0,0.5485036373138428,1.0,-5.361133575439453,0.2165941298007965,173.0,0.5835921932011843,2097.8515625,67.03369140625,,data/instances/train/real_07.cip
mix_16_0,4,243,243,A,,60.0,100,0.06112928315997124,0.47814854979515076,1.3730241060256958,0.905,,,,,,,,,,,,,,,,,,,,,16,,76,76,0,519569516,0,0,0,16,0,0.2562961280345917,1.0,-5.469858646392822,0.27455827593803406,173.0,0.6099536512047052,2097.8515625,67.03369140625,,data/instances/train/real_07.cip
mix_16_0,4,244,244,A,,60.0,100,0.13897448778152466,0.6858736276626587,2.735020160675049,0.905,,,,,,,,,,,,,,,,,,,,,16,,76,76,0,519569516,0,0,0,16,0,0.3148854672908783,1.0,-5.858294486999512,0.26185342669487,173.0,0.6059955395758152,2097.8515625,67.03369140625,,data/instances/train/real_07.cip
mix_16_0,4,245,245,A,,60.0,100,0.11318511515855789,0.5313754677772522,2.8295369148254395,0.9034166666666666,,,,,,,,,,,,,,,,,,,,,16,,77,77,0,526368556,0,0,0,16,0,0.3376224935054779,1.0,-5.951731204986572,0.23360499739646912,10.0,0.5289174448698759,2100.33984375,67.03369140625,,data/instances/train/real_07.cip
mix_16_0,4,246,246,A,,60.0,100,0.08472845703363419,0.8080793619155884,3.2494897842407227,0.9034166666666666,,,,,,,,,,,,,,,,,,,,,16,,77,77,0,526368556,0,0,0,16,0,0.15523254871368408,1.0,-5.9315080642700195,0.3283500373363495,10.0,0.582701351493597,2100.33984375,67.03369140625,,data/instances/train/real_07.cip
mix_16_0,4,247,247,A,,60.0,100,0.23723438382148743,0.9925063848495483,5.670944690704346,0.9034166666666666,,,,,,,,,,,,,,,,,,,,,16,,77,77,0,526368556,0,0,0,16,0,0.33893540501594543,1.0,-6.07326602935791,0.28904053568840027,10.0,0.6002237796783447,2100.33984375,67.03369140625,,data/instances/train/real_07.cip
mix_16_0,4,248,248,A,,60.0,100,0.14005626738071442,0.5161827802658081,4.112231731414795,0.9034166666666666,,,,,,,,,,,,,,,,,,,,,16,,77,77,0,526368556,0,0,0,16,0,0.46357834339141846,1.0,-5.919681072235107,0.27590763568878174,10.0,0.6066681426018476,2100.33984375,67.03369140625,,data/instances/train/real_07.cip
mix_16_0,4,249,249,A,,60.0,100,0.1509881317615509,0.738190770149231,1.9315142631530762,0.9018333333333334,,,,,,,,,,,,,,,,,,,,,16,,78,78,0,533160436,0,0,0,16,0,0.31098783016204834,1.0,-5.785490036010742,0.23015785217285156,164.0,0.5155942570418119,2104.6875,67.03369140625,,data/instances/train/real_07.cip
mix_16_0,4,250,250,A,,60.0,100,0.0632144883275032,0.5376572608947754,1.9181787967681885,0.9018333333333334,,,,,,,,,,,,,,,,,,,,,16,,78,78,0,533160436,0,0,0,16,0,0.21109676361083984,1.0,-5.458324909210205,0.31004148721694946,164.0,0.5845795422792435,2104.6875,67.03369140625,,data/instances/train/real_07.cip
mix_16_0,4,251,251,A,,60.0,100,0.19608066976070404,0.8119134902954102,5.072776794433594,0.9018333333333334,,,,,,,,,,,,,,,,,,,,,16,,78,78,0,533160436,0,0,0,16,0,0.41218504309654236,1.0,-5.435914039611816,0.15474092960357666,164.0,0.6062952801585197,2104.6875,67.03369140625,,data/instances/train/real_07.cip
mix_16_0,4,252,252,A,,60.0,100,0.15341007709503174,0.7620621919631958,4.188305377960205,0.9018333333333334,,,,,,,,,,,,,,,,,,,,,16,,78,78,0,533160436,0,0,0,16,0,0.35666128993034363,1.0,-5.282576560974121,0.20311404764652252,164.0,0.6104404237121344,2104.6875,67.03369140625,,data/instances/train/real_07.cip
mix_16_0,4,253,253,A,,60.0,100,0.14540940523147583,0.7142332792282104,4.945139408111572,0.90025,,,,,,,,,,,,,,,,,,,,,16,,79,79,0,539947228,0,0,0,16,0,0.3978921175003052,1.0,-5.398951530456543,0.17185010015964508,65.0,0.5080012865364552,2107.19140625,67.03369140625,,data/instances/train/real_07.cip
mix_16_0,4,254,254,A,,60.0,100,0.12024540454149246,0.5241724252700806,4.5084757804870605,0.90025,,,,,,,,,,,,,,,,,,,,,16,,79,79,0,539947228,0,0,0,16,0,0.5666506886482239,1.0,-5.541984558105469,0.15181531012058258,65.0,0.5881071295589209,2107.19140625,67.03369140625,,data/instances/train/real_07.cip
mix_16_0,4,255,255,A,,60.0,100,0.05674682930111885,0.43158257007598877,0.6338852643966675,0.90025,,,,,,,,,,,,,,,,,,,,,16,,79,79,0,539947228,0,0,0,16,0,0.2713712155818939,1.0,-5.865484237670898,0.13835345208644867,65.0,0.6138407122343779,2107.19140625,67.03369140625,,data/instances/train/real_07.cip
mix_16_0,4,256,256,A,,60.0,100,0.07273358106613159,0.4844377040863037,1.4729373455047607,0.90025,,,,,,,,,,,,,,,,,,,,,16,,79,79,0,539947228,0,0,0,16,0,0.2918844521045685,1.0,-5.921940803527832,0.22825871407985687,65.0,0.5999797321856022,2107.19140625,67.03369140625,,data/instances/train/real_07.cip
mix_16_0,4,257,257,A,,60.0,100,0.07113918662071228,0.3149367570877075,2.18070125579834,0.8986666666666667,,,,,,,,,,,,,,,,,,,,,16,,80,80,0,546793308,0,0,0,16,0,0.5135235786437988,1.0,-6.266484260559082,0.09984132647514343,140.0,0.5189544875174761,2109.5078125,67.03369140625,,data/instances/train/real_07.cip
mix_16_0,4,258,258,A,,60.0,100,0.12493078410625458,0.7201248407363892,4.890413284301758,0.8986666666666667,,,,,,,,,,,,,,,,,,,,,16,,80,80,0,546793308,0,0,0,16,0,0.263944149017334,1.0,-6.361903190612793,0.23209092020988464,140.0,0.5781134758144617,2109.6875,67.03369140625,,data/instances/train/real_07.cip
mix_16_0,4,259,259,A,,60.0,100,0.06911611557006836,0.6012503504753113,2.4904708862304688,0.8986666666666667,,,,,,,,,,,,,,,,,,,,,16,,80,80,0,546793308,0,0,0,16,0,0.18949854373931885,1.0,-6.248648643493652,0.3145522475242615,140.0,0.6089930851012468,2109.6875,67.03369140625,,data/instances/train/real_07.cip
mix_16_0,4,260,260,A,,60.0,100,0.15087294578552246,0.7253637313842773,5.1307172775268555,0.8986666666666667,,,,,,,,,,,,,,,,,,,,,16,,80,80,0,546793308,0,0,0,16,0,0.3318663239479065,1.0,-6.309591293334961,0.2210504114627838,140.0,0.6028717625886202,2109.6875,67.03369140625,,data/instances/train/real_07.cip
mix_16_0,4,261,261,A,,60.0,100,0.14863534271717072,0.4740833640098572,2.725459575653076,0.8970833333333333,,,,,,,,,,,,,,,,,,,,,16,,81,81,0,553632772,0,0,0,16,0,0.5016149878501892,1.0,-6.201215744018555,0.12166652828454971,143.0,0.4980928283184767,2116.375,67.03369140625,,data/instances/train/real_07.cip
mix_16_0,4,262,262,A,,60.0,100,0.08812340348958969,0.4237789809703827,1.3510396480560303,0.8970833333333333,,,,,,,,,,,,,,,,,,,,,16,,81,81,0,553632772,0,0,0,16,0,0.423550009727478,1.0,-5.898375511169434,0.27008679509162903,143.0,0.5856757201254368,2116.375,67.03369140625,,data/instances/train/real_07.cip
mix_16_0,4,263,263,A,,60.0,100,0.03898237273097038,0.4281107783317566,2.258549213409424,0.8970833333333333,,,,,,,,,,,,,,,,,,,,,16,,81,81,0,553632772,0,0,0,16,0,0.13437265157699585,1.0,-5.7420244216918945,0.2414749711751938,143.0,0.6003941427916288,2116.5546875,67.03369140625,,data/instances/train/real_07.cip
mix_16_0,4,264,264,A,,60.0,100,0.11633709073066711,0.5891512632369995,6.501542568206787,0.8970833333333333,,,,,,,,,,,,,,,,,,,,,16,,81,81,0,553632772,0,0,0,16,0,0.36182424426078796,1.0,-5.544523239135742,0.18667083978652954,143.0,0.5992208477109671,2116.5546875,67.03369140625,,data/instances/train/real_07.cip
mix_16_0,4,265,265,A,,60.0,100,0.15677808225154877,0.6696087121963501,4.133311748504639,0.8955,,,,,,,,,,,,,,,,,,,,,16,,82,82,0,560663512,0,0,0,16,0,0.49204951524734497,1.0,-5.5359015464782715,0.24341413378715515,177.0,0.5096213165670633,2118.890625,67.03369140625,,data/instances/train/real_07.cip
mix_16_0,4,266,266,A,,60.0,100,0.1038399338722229,0.5981089472770691,4.982690811157227,0.8955,,,,,,,,,,,,,,,,,,,,,16,,82,82,0,560663512,0,0,0,16,0,0.3831440508365631,1.0,-5.624826908111572,0.1852242797613144,177.0,0.5841928422451019,2118.890625,67.03369140625,,data/instances/train/real_07.cip
mix_16_0,4,267,267,A,,60.0,100,0.1454758644104004,0.5417440533638,1.5465140342712402,0.8955,,,,,,,,,,,,,,,,,,,,,16,,82,82,0,560663512,0,0,0,16,0,0.538532018661499,1.0,-5.902141571044922,0.19139114022254944,177.0,0.6104181371629238,2118.890625,67.03369140625,,data/instances/train/real_07.cip
mix_16_0,4,268,268,A,,60.0,100,0.013949891552329063,0.20722520351409912,0.32347431778907776,0.8955,,,,,,,,,,,,,,,,,,,,,16,,82,82,0,560663512,0,0,0,16,0,0.18862204253673553,1.0,-6.132660865783691,0.1268596649169922,177.0,0.5980044323951006,2118.890625,67.03369140625,,data/instances/train/real_07.cip
mix_16_0,4,269,269,A,,60.0,100,0.1391146034002304,0.619864821434021,1.760898470878601,0.8939166666666667,,,,,,,,,,,,,,,,,,,,,16,,83,83,0,567750824,0,0,0,16,0,0.35129329562187195,1.0,-6.297948837280273,0.16456115245819092,142.0,0.525775907561183,2123.8828125,67.03369140625,,data/instances/train/real_07.cip
mix_16_0,4,270,270,A,,60.0,100,0.030494991689920425,0.2675037384033203,2.5001511573791504,0.8939166666666667,,,,,,,,,,,,,,,,,,,,,16,,83,83,0,567750824,0,0,0,16,0,0.32206785678863525,1.0,-6.414323329925537,0.26773491501808167,142.0,0.5834564212709665,2124.06640625,67.03369140625,,data/instances/train/real_07.cip
mix_16_0,4,271,271,A,,60.0,100,0.08666221052408218,0.4831710159778595,5.137186527252197,0.8939166666666667,,,,,,,,,,,,,,,,,,,,,16,,83,83,0,567750824,0,0,0,16,0,0.33478042483329773,1.0,-6.497420310974121,0.1913730800151825,142.0,0.604990316554904,2124.06640625,67.03369140625,,data/instances/train/real_07.cip
mix_16_0,4,272,272,A,,60.0,100,0.0974477082490921,0.5954921245574951,3.5016891956329346,0.8939166666666667,,,,,,,,,,,,,,,,,,,,,16,,83,83,0,567750824,0,0,0,16,0,0.28601354360580444,1.0,-6.41731071472168,0.2555198669433594,142.0,0.6131937876343727,2124.06640625,67.03369140625,,data/instances/train/real_07.cip
episode,4,272,272,A,,60.0,100,0.0974477082490921,0.5954921245574951,3.5016891956329346,0.8923333333333333,-13.006999999999998,-13.0,-0.007,-13.006999999999998,True,14,63.367164,,,,,,,,inf,1e+20,120.0,inf,0.0,10220,16,True,85,85,0,582110288,0,0,0,16,0,,,,,119.61538461538461,,1986.20703125,67.03369140625,timelimit,data/instances/train/real_07.cip
validation,5,272,272,A,,,,,,,,,,,,,,,1.0,9.150905,inf,0.0,9.150905,1.0,8436.0,,,,,,,,,85,85,0,582110288,0,0,0,,,,,,,,,,,optimal,data/instances/validation/real_08.cip
mix_16_0,5,273,273,A,,60.0,100,0.3382309079170227,1.079770803451538,5.207311630249023,0.8923333333333333,,,,,,,,,,,,,,,,,,,,,16,,85,85,0,582110288,0,0,0,16,0,0.4425170123577118,1.0,-6.265922546386719,0.3311908543109894,304.0,0.5425155851989985,2193.41015625,67.03369140625,,data/instances/transfer/real_01.cip
mix_16_0,5,274,274,A,,60.0,100,0.0869026929140091,0.4314941465854645,2.404052495956421,0.8923333333333333,,,,,,,,,,,,,,,,,,,,,16,,85,85,0,582110288,0,0,0,16,0,0.4379642903804779,1.0,-6.053183078765869,0.2954236567020416,304.0,0.5814273040741682,2193.41015625,67.03369140625,,data/instances/transfer/real_01.cip
mix_16_0,5,275,275,A,,60.0,100,0.10123780369758606,0.4690673053264618,3.503124952316284,0.8923333333333333,,,,,,,,,,,,,,,,,,,,,16,,85,85,0,582110288,0,0,0,16,0,0.45086929202079773,1.0,-6.030593395233154,0.21461984515190125,304.0,0.6137030869722366,2193.41015625,67.03369140625,,data/instances/transfer/real_01.cip
mix_16_0,5,276,276,A,,60.0,100,0.21360370516777039,0.7695012092590332,5.617270469665527,0.8923333333333333,,,,,,,,,,,,,,,,,,,,,16,,85,85,0,582110288,0,0,0,16,0,0.46330687403678894,1.0,-5.8564453125,0.17721909284591675,304.0,0.6099444534629583,2193.41015625,67.03369140625,,data/instances/transfer/real_01.cip
mix_16_0,5,277,277,A,,60.0,100,0.16172286868095398,0.6268455982208252,3.1549971103668213,0.89075,,,,,,,,,,,,,,,,,,,,,16,,85,85,0,582110288,0,0,0,16,0,0.48249515891075134,1.0,-5.966401100158691,0.2436954528093338,335.0,0.5228630676865578,2193.41015625,67.03369140625,,data/instances/transfer/real_01.cip
mix_16_0,5,278,278,A,,60.0,100,0.16215777397155762,0.6988511085510254,0.3849010467529297,0.89075,,,,,,,,,,,,,,,,,,,,,16,,85,85,0,582110288,0,0,0,16,0,0.4156894087791443,1.0,-6.065919399261475,0.2779651880264282,335.0,0.5811529904603958,2193.41015625,67.03369140625,,data/instances/transfer/real_01.cip
mix_16_0,5,279,279,A,,60.0,100,0.09262488037347794,0.5217297077178955,0.4827556014060974,0.89075,,,,,,,,,,,,,,,,,,,,,16,,85,85,0,582110288,0,0,0,16,0,0.32353782653808594,1.0,-6.1567206382751465,0.2960362732410431,335.0,0.6020219679921865,2193.41015625,67.03369140625,,data/instances/transfer/real_01.cip
mix_16_0,5,280,280,A,,60.0,100,0.0652625784277916,0.6038508415222168,0.919015109539032,0.89075,,,,,,,,,,,,,,,,,,,,,16,,85,85,0,582110288,0,0,0,16,0,0.190280482172966,1.0,-6.342411041259766,0.2024805247783661,335.0,0.604271411895752,2193.41015625,67.03369140625,,data/instances/transfer/real_01.cip
mix_16_0,5,281,281,A,,60.0,100,0.028536025434732437,0.2785392999649048,1.165873646736145,0.8891666666666667,,,,,,,,,,,,,,,,,,,,,16,,86,86,0,590220200,0,0,0,16,0,0.2613711655139923,1.0,-6.425625801086426,0.176682248711586,383.0,0.5261825677007437,2193.41015625,67.03369140625,,data/instances/transfer/real_01.cip
mix_16_0,5,282,282,A,,60.0,100,0.09484697878360748,0.5030469298362732,3.8111214637756348,0.8891666666666667,,,,,,,,,,,,,,,,,,,,,16,,86,86,0,590220200,0,0,0,16,0,0.3877026438713074,1.0,-6.512419700622559,0.2361975908279419,383.0,0.5879556257277727,2193.421875,67.03369140625,,data/instances/transfer/real_01.cip
mix_16_0,5,283,283,A,,60.0,100,0.21040159463882446,0.6931982040405273,5.877501964569092,0.8891666666666667,,,,,,,,,,,,,,,,,,,,,16,,86,86,0,590220200,0,0,0,16,0,0.49838632345199585,1.0,-6.5121893882751465,0.30553704500198364,383.0,0.6078252885490656,2193.421875,67.03369140625,,data/instances/transfer/real_01.cip
mix_16_0,5,284,284,A,,60.0,100,0.05409979075193405,0.4466628134250641,0.7989953756332397,0.8891666666666667,,,,,,,,,,,,,,,,,,,,,16,,86,86,0,590220200,0,0,0,16,0,0.24054233729839325,1.0,-6.429302215576172,0.23393526673316956,383.0,0.6049970146268606,2193.421875,67.03369140625,,data/instances/transfer/real_01.cip
mix_16_0,5,285,285,A,,60.0,100,0.07199624925851822,0.46869421005249023,1.9318535327911377,0.8875833333333334,,,,,,,,,,,,,,,,,,,,,16,,87,87,0,598175040,0,0,0,16,0,0.2952019274234772,1.0,-6.1842756271362305,0.21259084343910217,142.0,0.5143255814909935,2193.421875,67.03369140625,,data/instances/transfer/real_01.cip
mix_16_0,5,286,286,A,,60.0,100,0.09619204699993134,0.5503957271575928,1.9313411712646484,0.8875833333333334,,,,,,,,,,,,,,,,,,,,,16,,87,87,0,598175040,0,0,0,16,0,0.35526230931282043,1.0,-6.2215142250061035,0.16115917265415192,142.0,0.5844251047819853,2193.421875,67.03369140625,,data/instances/transfer/real_01.cip
mix_16_0,5,287,287,A,,60.0,100,0.1152043268084526,0.5929744839668274,2.4355947971343994,0.8875833333333334,,,,,,,,,,,,,,,,,,,,,16,,87,87,0,598175040,0,0,0,16,0,0.3904297649860382,1.0,-6.142911434173584,0.17926862835884094,142.0,0.6046188585460186,2193.421875,67.03369140625,,data/instances/transfer/real_01.cip
mix_16_0,5,288,288,A,,60.0,100,0.10768582671880722,0.649871826171875,0.6995575428009033,0.8875833333333334,,,,,,,,,,,,,,,,,,,,,16,,87,87,0,598175040,0,0,0,16,0,0.31426137685775757,1.0,-6.238134384155273,0.17918449640274048,142.0,0.6036422252655029,2193.421875,67.03369140625,,data/instances/transfer/real_01.cip
mix_16_0,5,289,289,A,,60.0,100,0.03026394173502922,0.4100879728794098,0.953065812587738,0.886,,,,,,,,,,,,,,,,,,,,,16,,88,88,0,606270716,0,0,0,16,0,0.17520281672477722,1.0,-6.227222442626953,0.2572440207004547,89.0,0.5211295820772648,2198.3203125,67.03369140625,,data/instances/transfer/real_01.cip
mix_16_0,5,290,290,A,,60.0,100,0.18813428282737732,0.7995107769966125,1.9233330488204956,0.886,,,,,,,,,,,,,,,,,,,,,16,,88,88,0,606270716,0,0,0,16,0,0.3989315330982208,1.0,-6.1870880126953125,0.3557308614253998,89.0,0.5827032458037138,2198.3203125,67.03369140625,,data/instances/transfer/real_01.cip
mix_16_0,5,291,291,A,,60.0,100,0.0497027188539505,0.44112104177474976,0.5406308174133301,0.886,,,,,,,,,,,,,,,,,,,,,16,,88,88,0,606270716,0,0,0,16,0,0.27667924761772156,1.0,-6.309560298919678,0.19731076061725616,89.0,0.6064464431256056,2198.3203125,67.03369140625,,data/instances/transfer/real_01.cip
mix_16_0,5,292,292,A,,60.0,100,0.0632084310054779,0.39834994077682495,1.548741340637207,0.886,,,,,,,,,,,,,,,,,,,,,16,,88,88,0,606270716,0,0,0,16,0,0.43626847863197327,1.0,-6.361179828643799,0.24848000705242157,89.0,0.6034076511859894,2198.3203125,67.03369140625,,data/instances/transfer/real_01.cip
mix_16_0,5,293,293,A,,60.0,100,0.06563849747180939,0.448193222284317,0.5209397673606873,0.8844166666666666,,,,,,,,,,,,,,,,,,,,,16,,89,89,0,614355320,0,0,0,16,0,0.266067773103714,1.0,-6.376230239868164,0.1389881670475006,177.0,0.5417857617139816,2204.3203125,67.03369140625,,data/instances/transfer/real_01.cip
mix_16_0,5,294,294,A,,60.0,100,0.059772804379463196,0.38714632391929626,0.6121805310249329,0.8844166666666666,,,,,,,,,,,,,,,,,,,,,16,,89,89,0,614355320,0,0,0,16,0,0.30973440408706665,1.0,-6.433893203735352,0.13223910331726074,177.0,0.5815479904413223,2204.3203125,67.03369140625,,data/instances/transfer/real_01.cip
mix_16_0,5,295,295,A,,60.0,100,0.15721262991428375,0.5876056551933289,1.3689813613891602,0.8844166666666666,,,,,,,,,,,,,,,,,,,,,16,,89,89,0,614355320,0,0,0,16,0,0.5052677392959595,1.0,-6.33447265625,0.33284708857536316,177.0,0.6076561752706766,2204.3203125,67.03369140625,,data/instances/transfer/real_01.cip
mix_16_0,5,296,296,A,,60.0,100,0.2110634744167328,0.7243486642837524,4.403665542602539,0.8844166666666666,,,,,,,,,,,,,,,,,,,,,16,,89,89,0,614355320,0,0,0,16,0,0.5006395578384399,1.0,-6.4106855392456055,0.29815059900283813,177.0,0.6069189701229334,2204.3203125,67.03369140625,,data/instances/transfer/real_01.cip
mix_16_0,5,297,297,A,,60.0,100,0.11929525434970856,0.5515168905258179,1.33162260055542,0.8828333333333334,,,,,,,,,,,,,,,,,,,,,16,,90,90,0,622573116,0,0,0,16,0,0.42809590697288513,1.0,-6.34467887878418,0.22126680612564087,122.0,0.5095120519399643,2210.86328125,67.03369140625,,data/instances/transfer/real_01.cip
mix_16_0,5,298,298,A,,60.0,100,0.0558265782892704,0.47544702887535095,2.061944007873535,0.8828333333333334,,,,,,,,,,,,,,,,,,,,,16,,90,90,0,622573116,0,0,0,16,0,0.27438896894454956,1.0,-6.263113498687744,0.20778398215770721,122.0,0.5610758382827044,2210.86328125,67.03369140625,,data/instances/transfer/real_01.cip
mix_16_0,5,299,299,A,,60.0,100,0.10818801820278168,0.752509355545044,0.4198886454105377,0.8828333333333334,,,,,,,,,,,,,,,,,,,,,16,,90,90,0,622573116,0,0,0,16,0,0.26414212584495544,1.0,-6.236688137054443,0.259365051984787,122.0,0.5562117490917444,2210.86328125,67.03369140625,,data/instances/transfer/real_01.cip
mix_16_0,5,300,300,A,,60.0,100,0.0617247112095356,0.4696142077445984,1.095384955406189,0.8828333333333334,,,,,,,,,,,,,,,,,,,,,16,,90,90,0,622573116,0,0,0,16,0,0.36640414595603943,1.0,-6.3063154220581055,0.17463603615760803,122.0,0.6022252198308706,2210.86328125,67.03369140625,,data/instances/transfer/real_01.cip
mix_16_0,5,301,301,A,,60.0,100,0.07428880780935287,0.5088447332382202,3.328080415725708,0.88125,,,,,,,,,,,,,,,,,,,,,16,,91,91,0,630803660,0,0,0,16,0,0.3506600260734558,1.0,-6.281720161437988,0.212272047996521,159.0,0.5254158284515142,2213.04296875,67.03369140625,,data/instances/transfer/real_01.cip
mix_16_0,5,302,302,A,,60.0,100,0.08913465589284897,0.5643131136894226,0.8092906475067139,0.88125,,,,,,,,,,,,,,,,,,,,,16,,91,91,0,630803660,0,0,0,16,0,0.31483203172683716,1.0,-6.421380996704102,0.26371729373931885,159.0,0.5435760505497456,2213.04296875,67.03369140625,,data/instances/transfer/real_01.cip
mix_16_0,5,303,303,A,,60.0,100,0.08245935291051865,0.5338257551193237,0.38337212800979614,0.88125,,,,,,,,,,,,,,,,,,,,,16,,91,91,0,630803660,0,0,0,16,0,0.3035176992416382,1.0,-6.410581588745117,0.31399357318878174,159.0,0.5974642764776945,2213.04296875,67.03369140625,,data/instances/transfer/real_01.cip
mix_16_0,5,304,304,A,,60.0,100,0.09006354212760925,0.6146283149719238,0.8966974020004272,0.88125,,,,,,,,,,,,,,,,,,,,,16,,91,91,0,630803660,0,0,0,16,0,0.2770049273967743,1.0,-6.557827949523926,0.25539714097976685,159.0,0.6033508107066154,2213.04296875,67.03369140625,,data/instances/transfer/real_01.cip
mix_16_0,5,305,305,A,,60.0,100,0.17602531611919403,0.6824245452880859,2.515899419784546,0.8796666666666667,,,,,,,,,,,,,,,,,,,,,16,,92,92,0,639023160,0,0,0,16,0,0.43166759610176086,1.0,-6.551321983337402,0.2782984972000122,310.0,0.512269364669919,2217.44140625,67.03369140625,,data/instances/transfer/real_01.cip
mix_16_0,5,306,306,A,,60.0,100,0.10019037872552872,0.44394174218177795,2.9637463092803955,0.8796666666666667,,,,,,,,,,,,,,,,,,,,,16,,92,92,0,639023160,0,0,0,16,0,0.40621742606163025,1.0,-6.571561813354492,0.3706728518009186,310.0,0.5820712801069021,2217.44140625,67.03369140625,,data/instances/transfer/real_01.cip
mix_16_0,5,307,307,A,,60.0,100,0.01838516630232334,0.3221639096736908,0.18010734021663666,0.8796666666666667,,,,,,,,,,,,,,,,,,,,,16,,92,92,0,639023160,0,0,0,16,0,0.17154130339622498,1.0,-6.595163345336914,0.3562624156475067,310.0,0.6205322816967964,2217.44140625,67.03369140625,,data/instances/transfer/real_01.cip
mix_16_0,5,308,308,A,,60.0,100,0.03561387211084366,0.4082718789577484,0.7019778490066528,0.8796666666666667,,,,,,,,,,,,,,,,,,,,,16,,92,92,0,639023160,0,0,0,16,0,0.21199142932891846,1.0,-6.579154968261719,0.28994646668434143,310.0,0.6119070146232843,2217.44140625,67.03369140625,,data/instances/transfer/real_01.cip
mix_16_0,5,309,309,A,,60.0,100,0.056977398693561554,0.4558120369911194,2.333383798599243,0.8780833333333333,,,,,,,,,,,,,,,,,,,,,16,,93,93,0,647687488,0,0,0,16,0,0.2808714807033539,1.0,-6.45717716217041,0.24469737708568573,90.0,0.5178920086473227,2221.36328125,67.03369140625,,data/instances/transfer/real_01.cip
mix_16_0,5,310,310,A,,60.0,100,0.18655803799629211,0.6740325689315796,6.160752773284912,0.8780833333333333,,,,,,,,,,,,,,,,,,,,,16,,93,93,0,647687488,0,0,0,16,0,0.5551047921180725,1.0,-6.429164886474609,0.1918870061635971,90.0,0.5773048624396324,2221.36328125,67.03369140625,,data/instances/transfer/real_01.cip
mix_16_0,5,311,311,A,,60.0,100,0.10485643148422241,0.49444669485092163,1.9971089363098145,0.8780833333333333,,,,,,,,,,,,,,,,,,,,,16,,93,93,0,647687488,0,0,0,16,0,0.500514030456543,1.0,-6.53862190246582,0.27827149629592896,90.0,0.6050848364830017,2221.36328125,67.03369140625,,data/instances/transfer/real_01.cip
mix_16_0,5,312,312,A,,60.0,100,0.19303753972053528,0.6394285559654236,6.494377136230469,0.8780833333333333,,,,,,,,,,,,,,,,,,,,,16,,93,93,0,647687488,0,0,0,16,0,0.538486659526825,1.0,-6.735983371734619,0.31187012791633606,90.0,0.5999066159129143,2221.36328125,67.03369140625,,data/instances/transfer/real_01.cip
mix_16_0,5,313,313,A,,60.0,100,0.1250070035457611,0.665242075920105,5.414839744567871,0.8765000000000001,,,,,,,,,,,,,,,,,,,,,16,,94,94,0,656352608,0,0,0,16,0,0.34088847041130066,1.0,-6.692481994628906,0.49129265546798706,374.0,0.5274575091898441,2225.7265625,67.03369140625,,data/instances/transfer/real_01.cip
mix_16_0,5,314,314,A,,60.0,100,0.05048554018139839,0.3280622363090515,1.3108210563659668,0.8765000000000001,,,,,,,,,,,,,,,,,,,,,16,,94,94,0,656352608,0,0,0,16,0,0.41388535499572754,1.0,-6.8512115478515625,0.3610951602458954,374.0,0.5832399874925613,2225.7265625,67.03369140625,,data/instances/transfer/real_01.cip
mix_16_0,5,315,315,A,,60.0,100,0.03836292773485184,0.37346386909484863,0.3861478567123413,0.8765000000000001,,,,,,,,,,,,,,,,,,,,,16,,94,94,0,656352608,0,0,0,16,0,0.1815941482782364,1.0,-6.620955467224121,0.36685672402381897,374.0,0.6110322549939156,2225.88671875,67.03369140625,,data/instances/transfer/real_01.cip
mix_16_0,5,316,316,A,,60.0,100,0.054557960480451584,0.49855509400367737,2.584336280822754,0.8765000000000001,,,,,,,,,,,,,,,,,,,,,16,,94,94,0,656352608,0,0,0,16,0,0.24816559255123138,1.0,-6.406332492828369,0.40888863801956177,374.0,0.6128400545567274,2225.88671875,67.03369140625,,data/instances/transfer/real_01.cip
mix_16_0,5,317,317,A,,60.0,100,0.12899178266525269,0.6047160029411316,3.9337635040283203,0.8749166666666667,,,,,,,,,,,,,,,,,,,,,16,,95,95,0,664977980,0,0,0,16,0,0.3121190369129181,1.0,-6.4310808181762695,0.2630707919597626,180.0,0.5419008601456881,2230.16015625,67.03369140625,,data/instances/transfer/real_01.cip
mix_16_0,5,318,318,A,,60.0,100,0.15308122336864471,0.6078220009803772,3.014423131942749,0.8749166666666667,,,,,,,,,,,,,,,,,,,,,16,,95,95,0,664977980,0,0,0,16,0,0.4813784062862396,1.0,-6.525793075561523,0.305829793214798,180.0,0.585465220734477,2230.16015625,67.03369140625,,data/instances/transfer/real_01.cip
mix_16_0,5,319,319,A,,60.0,100,0.1080419048666954,0.5898137092590332,4.588524341583252,0.8749166666666667,,,,,,,,,,,,,,,,,,,,,16,,95,95,0,664977980,0,0,0,16,0,0.40237829089164734,1.0,-6.593023300170898,0.2759192883968353,180.0,0.5998864527791739,2230.28515625,67.03369140625,,data/instances/transfer/real_01.cip
mix_16_0,5,320,320,A,,60.0,100,0.032143473625183105,0.31907138228416443,1.2390435934066772,0.8749166666666667,,,,,,,,,,,,,,,,,,,,,16,,95,95,0,664977980,0,0,0,16,0,0.30955594778060913,1.0,-6.843132019042969,0.48410773277282715,180.0,0.6000736691057682,2230.28515625,67.03369140625,,data/instances/transfer/real_01.cip
mix_16_0,5,321,321,A,,60.0,100,0.06957417726516724,0.3193500339984894,0.8805994391441345,0.8733333333333333,,,,,,,,,,,,,,,,,,,,,16,,96,96,0,674053404,0,0,0,16,0,0.555819034576416,1.0,-7.124373435974121,0.2574237883090973,514.0,0.5076239537447691,2232.43359375,67.03369140625,,data/instances/transfer/real_01.cip
mix_16_0,5,322,322,A,,60.0,100,0.1410697102546692,0.7053924202919006,5.5642619132995605,0.8733333333333333,,,,,,,,,,,,,,,,,,,,,16,,96,96,0,674053404,0,0,0,16,0,0.33560481667518616,1.0,-7.253950595855713,0.42910435795783997,514.0,0.5899577476084232,2232.43359375,67.03369140625,,data/instances/transfer/real_01.cip
mix_16_0,5,323,323,A,,60.0,100,0.038338180631399155,0.45235538482666016,2.4676809310913086,0.8733333333333333,,,,,,,,,,,,,,,,,,,,,16,,96,96,0,674053404,0,0,0,16,0,0.14326749742031097,1.0,-7.223495960235596,0.3080854117870331,514.0,0.6090702153742313,2232.484375,67.03369140625,,data/instances/transfer/real_01.cip
mix_16_0,5,324,324,A,,60.0,100,0.06484048068523407,0.47242674231529236,2.0354413986206055,0.8733333333333333,,,,,,,,,,,,,,,,,,,,,16,,96,96,0,674053404,0,0,0,16,0,0.2835546135902405,1.0,-6.964905261993408,0.4579639136791229,514.0,0.6077163852751255,2232.484375,67.03369140625,,data/instances/transfer/real_01.cip
mix_16_0,5,325,325,A,,60.0,100,0.06338563561439514,0.4567199647426605,0.6030688285827637,0.87175,,,,,,,,,,,,,,,,,,,,,16,,97,97,0,683117728,0,0,0,16,0,0.2926747500896454,1.0,-6.902801513671875,0.4092765152454376,403.0,0.5156954657286406,2236.70703125,67.03369140625,,data/instances/transfer/real_01.cip
mix_16_0,5,326,326,A,,60.0,100,0.07454188168048859,0.40386369824409485,3.446319103240967,0.87175,,,,,,,,,,,,,,,,,,,,,16,,97,97,0,683117728,0,0,0,16,0,0.4209944009780884,1.0,-6.836922645568848,0.21458128094673157,403.0,0.5870668832212687,2236.70703125,67.03369140625,,data/instances/transfer/real_01.cip
mix_16_0,5,327,327,A,,60.0,100,0.07970684766769409,0.4938795864582062,1.3107643127441406,0.87175,,,,,,,,,,,,,,,,,,,,,16,,97,97,0,683117728,0,0,0,16,0,0.29825252294540405,1.0,-6.742224216461182,0.27057451009750366,403.0,0.6024346556514502,2236.70703125,67.03369140625,,data/instances/transfer/real_01.cip
mix_16_0,5,328,328,A,,60.0,100,0.09415162354707718,0.44922366738319397,0.8061403632164001,0.87175,,,,,,,,,,,,,,,,,,,,,16,,97,97,0,683117728,0,0,0,16,0,0.5102638602256775,1.0,-6.927763938903809,0.26354801654815674,403.0,0.6024767756462097,2236.70703125,67.03369140625,,data/instances/transfer/real_01.cip
episode,5,328,328,A,,60.0,100,0.09415162354707718,0.44922366738319397,0.8061403632164001,0.8701666666666666,-14.0478,-14.0,-0.0478,-14.0478,True,15,61.388136,,,,,,,,inf,0.13884407878368557,120.0,15.093484,0.0,13393,16,True,99,99,0,701163428,0,0,0,16,0,,,,,255.85714285714286,,2068.3125,67.03369140625,timelimit,data/instances/transfer/real_01.cip
mix_16_0,6,329,329,A,,60.0,100,0.08558224886655807,0.49825403094291687,2.1979570388793945,0.8701666666666666,,,,,,,,,,,,,,,,,,,,,16,,99,99,0,701163428,0,0,0,16,0,0.3976612985134125,1.0,-6.714131832122803,0.3697194457054138,11.0,0.5442597847431898,2265.53515625,67.03369140625,,data/instances/transfer/real_03.cip
mix_16_0,6,330,330,A,,60.0,100,0.11139382421970367,0.5447961091995239,4.053446292877197,0.8701666666666666,,,,,,,,,,,,,,,,,,,,,16,,99,99,0,701163428,0,0,0,16,0,0.40494948625564575,1.0,-6.764413833618164,0.26385948061943054,11.0,0.5877747237682343,2265.53515625,67.03369140625,,data/instances/transfer/real_03.cip
mix_16_0,6,331,331,A,,60.0,100,0.10073372721672058,0.551831066608429,0.9507235288619995,0.8701666666666666,,,,,,,,,,,,,,,,,,,,,16,,99,99,0,701163428,0,0,0,16,0,0.36412376165390015,1.0,-6.603724956512451,0.5648335218429565,11.0,0.6097575444728136,2265.53515625,67.03369140625,,data/instances/transfer/real_03.cip
mix_16_0,6,332,332,A,,60.0,100,0.15288713574409485,0.6795182824134827,1.479556679725647,0.8701666666666666,,,,,,,,,,,,,,,,,,,,,16,,99,99,0,701163428,0,0,0,16,0,0.39280062913894653,1.0,-6.867921829223633,0.32809293270111084,11.0,0.6035677120089531,2265.53515625,67.03369140625,,data/instances/transfer/real_03.cip
mix_16_0,6,333,333,A,,60.0,100,0.062356479465961456,0.5622360110282898,0.5736262798309326,0.8685833333333334,,,,,,,,,,,,,,,,,,,,,16,,99,99,0,701163428,0,0,0,16,0,0.23771360516548157,1.0,-6.838298797607422,0.4047755300998688,145.0,0.5141430888324976,2268.765625,67.03369140625,,data/instances/transfer/real_03.cip
mix_16_0,6,334,334,A,,60.0,100,0.03455298766493797,0.35309451818466187,1.5961384773254395,0.8685833333333334,,,,,,,,,,,,,,,,,,,,,16,,99,99,0,701163428,0,0,0,16,0,0.28989070653915405,1.0,-7.134568214416504,0.29713577032089233,145.0,0.5850983653217554,2268.765625,67.03369140625,,data/instances/transfer/real_03.cip
mix_16_0,6,335,335,A,,60.0,100,0.17156942188739777,0.6644132733345032,4.683269500732422,0.8685833333333334,,,,,,,,,,,,,,,,,,,,,16,,99,99,0,701163428,0,0,0,16,0,0.4566972851753235,1.0,-6.841191291809082,0.4555984139442444,145.0,0.6012771036475897,2268.765625,67.03369140625,,data/instances/transfer/real_03.cip
mix_16_0,6,336,336,A,,60.0,100,0.07043208181858063,0.4128875434398651,0.9697767496109009,0.8685833333333334,,,,,,,,,,,,,,,,,,,,,16,,99,99,0,701163428,0,0,0,16,0,0.4781302511692047,1.0,-6.867257595062256,0.5228581428527832,145.0,0.6081916950643063,2268.765625,67.03369140625,,data/instances/transfer/real_03.cip
mix_16_0,6,337,337,A,,60.0,100,0.056037675589323044,0.524538516998291,1.637001633644104,0.867,,,,,,,,,,,,,,,,,,,,,16,,100,100,0,707371780,0,0,0,16,0,0.25654488801956177,1.0,-6.751751899719238,0.5531617999076843,1.0,0.5282005202025175,2270.9609375,67.03369140625,,data/instances/transfer/real_03.cip
mix_16_0,6,338,338,A,,60.0,100,0.07167637348175049,0.5707091093063354,1.9852001667022705,0.867,,,,,,,,,,,,,,,,,,,,,16,,100,100,0,707371780,0,0,0,16,0,0.21309448778629303,1.0,-6.765627861022949,0.5153741836547852,1.0,0.5725962445139885,2270.9609375,67.03369140625,,data/instances/transfer/real_03.cip
mix_16_0,6,339,339,A,,60.0,100,0.1719537079334259,0.6770755052566528,4.6421613693237305,0.867,,,,,,,,,,,,,,,,,,,,,16,,100,100,0,707371780,0,0,0,16,0,0.5142911672592163,1.0,-6.7281904220581055,0.4028318524360657,1.0,0.5984506849199533,2270.9609375,67.03369140625,,data/instances/transfer/real_03.cip
mix_16_0,6,340,340,A,,60.0,100,0.09038636088371277,0.5553510189056396,0.8509767055511475,0.867,,,,,,,,,,,,,,,,,,,,,16,,100,100,0,707371780,0,0,0,16,0,0.3415204584598541,1.0,-7.0053300857543945,0.5377262830734253,1.0,0.59825050085783,2270.9609375,67.03369140625,,data/instances/transfer/real_03.cip
mix_16_0,6,341,341,A,,60.0,100,0.08438292890787125,0.489822655916214,4.352028846740723,0.8654166666666667,,,,,,,,,,,,,,,,,,,,,16,,101,101,0,713660800,0,0,0,16,0,0.3213193118572235,1.0,-7.330892562866211,0.4827228784561157,189.0,0.5222237855195999,2273.1328125,67.03369140625,,data/instances/transfer/real_03.cip
mix_16_0,6,342,342,A,,60.0,100,0.2002183496952057,0.6652240753173828,5.511761665344238,0.8654166666666667,,,,,,,,,,,,,,,,,,,,,16,,101,101,0,713660800,0,0,0,16,0,0.528752863407135,1.0,-7.23111629486084,0.39598625898361206,189.0,0.5804993733763695,2273.1328125,67.03369140625,,data/instances/transfer/real_03.cip
mix_16_0,6,343,343,A,,60.0,100,0.043863702565431595,0.431647926568985,0.3680901825428009,0.8654166666666667,,,,,,,,,,,,,,,,,,,,,16,,101,101,0,713660800,0,0,0,16,0,0.2473965287208557,1.0,-7.275284767150879,0.4068859815597534,189.0,0.6039261613041162,2273.1328125,67.03369140625,,data/instances/transfer/real_03.cip
mix_16_0,6,344,344,A,,60.0,100,0.06530744582414627,0.6034938097000122,0.8858044743537903,0.8654166666666667,,,,,,,,,,,,,,,,,,,,,16,,101,101,0,713660800,0,0,0,16,0,0.22802676260471344,1.0,-7.034152030944824,0.4523068368434906,189.0,0.6015121582895517,2273.1328125,67.03369140625,,data/instances/transfer/real_03.cip
mix_16_0,6,345,345,A,,60.0,100,0.1372058242559433,0.5055592060089111,5.454432964324951,0.8638333333333333,,,,,,,,,,,,,,,,,,,,,16,,102,102,0,719949984,0,0,0,16,0,0.5969185829162598,1.0,-6.9808149337768555,0.4638442397117615,47.0,0.5019120145589113,2273.1328125,67.03369140625,,data/instances/transfer/real_03.cip
mix_16_0,6,346,346,A,,60.0,100,0.12957581877708435,0.585057258605957,1.828281044960022,0.8638333333333333,,,,,,,,,,,,,,,,,,,,,16,,102,102,0,719949984,0,0,0,16,0,0.47710761427879333,1.0,-7.035577774047852,0.5472955703735352,47.0,0.582101609557867,2273.1328125,67.03369140625,,data/instances/transfer/real_03.cip
mix_16_0,6,347,347,A,,60.0,100,0.07290833443403244,0.4089091718196869,5.545655727386475,0.8638333333333333,,,,,,,,,,,,,,,,,,,,,16,,102,102,0,719949984,0,0,0,16,0,0.568312406539917,1.0,-7.389639854431152,0.368490070104599,47.0,0.600726131349802,2273.1328125,67.03369140625,,data/instances/transfer/real_03.cip
mix_16_0,6,348,348,A,,60.0,100,0.033763445913791656,0.457903653383255,0.34116244316101074,0.8638333333333333,,,,,,,,,,,,,,,,,,,,,16,,102,102,0,719949984,0,0,0,16,0,0.1609179824590683,1.0,-7.383602619171143,0.4289557635784149,47.0,0.6017458885908127,2273.1328125,67.03369140625,,data/instances/transfer/real_03.cip
mix_16_0,6,349,349,A,,60.0,100,0.13732105493545532,0.641422688961029,8.210885047912598,0.86225,,,,,,,,,,,,,,,,,,,,,16,,103,103,0,726087840,0,0,0,16,0,0.4387882351875305,1.0,-7.799057960510254,0.649904727935791,1.0,0.5213592108339071,2274.41015625,67.03369140625,,data/instances/transfer/real_03.cip
mix_16_0,6,350,350,A,,60.0,100,0.1141548678278923,0.5383365154266357,4.549576759338379,0.86225,,,,,,,,,,,,,,,,,,,,,16,,103,103,0,726087840,0,0,0,16,0,0.4023059904575348,1.0,-7.321101188659668,0.5345426201820374,1.0,0.5838709287345409,2274.55078125,67.03369140625,,data/instances/transfer/real_03.cip
mix_16_0,6,351,351,A,,60.0,100,0.055890072137117386,0.4134955108165741,0.42238134145736694,0.86225,,,,,,,,,,,,,,,,,,,,,16,,103,103,0,726087840,0,0,0,16,0,0.3443283438682556,1.0,-7.4007744789123535,0.6422637104988098,1.0,0.6023785024881363,2274.55078125,67.03369140625,,data/instances/transfer/real_03.cip
mix_16_0,6,352,352,A,,60.0,100,0.13395655155181885,0.5686420202255249,4.525892734527588,0.86225,,,,,,,,,,,,,,,,,,,,,16,,103,103,0,726087840,0,0,0,16,0,0.4132000803947449,1.0,-7.079238414764404,0.5282778143882751,1.0,0.6105533819645643,2274.55078125,67.03369140625,,data/instances/transfer/real_03.cip
mix_16_0,6,353,353,A,,60.0,100,0.08875508606433868,0.585313081741333,3.699617385864258,0.8606666666666667,,,,,,,,,,,,,,,,,,,,,16,,104,104,0,732226728,0,0,0,16,0,0.29528236389160156,1.0,-6.956376075744629,0.6636723875999451,1.0,0.5284015592187643,2278.48828125,67.03369140625,,data/instances/transfer/real_03.cip
mix_16_0,6,354,354,A,,60.0,100,0.07054540514945984,0.35582709312438965,1.2350993156433105,0.8606666666666667,,,,,,,,,,,,,,,,,,,,,16,,104,104,0,732226728,0,0,0,16,0,0.5247147083282471,1.0,-7.251136779785156,0.4409434199333191,1.0,0.579638946801424,2278.48828125,67.03369140625,,data/instances/transfer/real_03.cip
mix_16_0,6,355,355,A,,60.0,100,0.11481732130050659,0.5590431690216064,4.087893486022949,0.8606666666666667,,,,,,,,,,,,,,,,,,,,,16,,104,104,0,732226728,0,0,0,16,0,0.49879249930381775,1.0,-7.118312835693359,0.506008505821228,1.0,0.6028632801026106,2278.48828125,67.03369140625,,data/instances/transfer/real_03.cip
mix_16_0,6,356,356,A,,60.0,100,0.11138731241226196,0.6170026063919067,0.7191466093063354,0.8606666666666667,,,,,,,,,,,,,,,,,,,,,16,,104,104,0,732226728,0,0,0,16,0,0.39716723561286926,1.0,-7.2211198806762695,0.45583513379096985,1.0,0.6016295868903399,2278.48828125,67.03369140625,,data/instances/transfer/real_03.cip
mix_16_0,6,357,357,A,,60.0,100,0.08429309725761414,0.5072129368782043,1.9266796112060547,0.8590833333333333,,,,,,,,,,,,,,,,,,,,,16,,105,105,0,738359312,0,0,0,16,0,0.3149721324443817,1.0,-7.618610858917236,0.5211869478225708,194.0,0.5101915579289198,2282.921875,67.03369140625,,data/instances/transfer/real_03.cip
mix_16_0,6,358,358,A,,60.0,100,0.09431201219558716,0.5568894743919373,4.593198776245117,0.8590833333333333,,,,,,,,,,,,,,,,,,,,,16,,105,105,0,738359312,0,0,0,16,0,0.3198176920413971,1.0,-7.619284152984619,0.7381048202514648,194.0,0.5821146555244923,2282.921875,67.03369140625,,data/instances/transfer/real_03.cip
mix_16_0,6,359,359,A,,60.0,100,0.07419296354055405,0.4915289282798767,1.2134746313095093,0.8590833333333333,,,,,,,,,,,,,,,,,,,,,16,,105,105,0,738359312,0,0,0,16,0,0.29027679562568665,1.0,-7.657535552978516,0.32868173718452454,194.0,0.5987363029271364,2282.921875,67.03369140625,,data/instances/transfer/real_03.cip
mix_16_0,6,360,360,A,,60.0,100,0.09073175489902496,0.5060906410217285,2.7057600021362305,0.8590833333333333,,,,,,,,,,,,,,,,,,,,,16,,105,105,0,738359312,0,0,0,16,0,0.34354984760284424,1.0,-7.883844375610352,0.3253142535686493,194.0,0.5972646810114384,2282.921875,67.03369140625,,data/instances/transfer/real_03.cip
mix_16_0,6,361,361,A,,60.0,100,0.0674453005194664,0.7224960327148438,0.9833235144615173,0.8575,,,,,,,,,,,,,,,,,,,,,16,,106,106,0,744341912,0,0,0,16,0,0.1729029268026352,1.0,-7.280106544494629,0.5991946458816528,108.0,0.5188494306057692,2285.09375,67.03369140625,,data/instances/transfer/real_03.cip
mix_16_0,6,362,362,A,,60.0,100,0.05789908021688461,0.6052386164665222,0.37028104066848755,0.8575,,,,,,,,,,,,,,,,,,,,,16,,106,106,0,744341912,0,0,0,16,0,0.1790434718132019,1.0,-7.4845476150512695,0.45535632967948914,108.0,0.5815859436988831,2285.09375,67.03369140625,,data/instances/transfer/real_03.cip
mix_16_0,6,363,363,A,,60.0,100,0.07122237235307693,0.4330143332481384,5.74491548538208,0.8575,,,,,,,,,,,,,,,,,,,,,16,,106,106,0,744341912,0,0,0,16,0,0.3853354752063751,1.0,-7.609402656555176,0.4201647937297821,108.0,0.6005860157310963,2285.09375,67.03369140625,,data/instances/transfer/real_03.cip
mix_16_0,6,364,364,A,,60.0,100,0.044652700424194336,0.5326633453369141,2.958247423171997,0.8575,,,,,,,,,,,,,,,,,,,,,16,,106,106,0,744341912,0,0,0,16,0,0.20407499372959137,1.0,-7.479252815246582,0.396039217710495,108.0,0.6036796998232603,2285.09375,67.03369140625,,data/instances/transfer/real_03.cip
mix_16_0,6,365,365,A,,60.0,100,0.018913690000772476,0.37956854701042175,0.8009494543075562,0.8559166666666667,,,,,,,,,,,,,,,,,,,,,16,,107,107,0,750453412,0,0,0,16,0,0.10469886660575867,1.0,-7.836933135986328,0.5173915028572083,85.0,0.5079562161117792,2289.6328125,67.03369140625,,data/instances/transfer/real_03.cip
mix_16_0,6,366,366,A,,60.0,100,0.06434015184640884,0.46403858065605164,3.5189545154571533,0.8559166666666667,,,,,,,,,,,,,,,,,,,,,16,,107,107,0,750453412,0,0,0,16,0,0.32095155119895935,1.0,-7.898282051086426,0.5604543089866638,85.0,0.5896837972104549,2289.6328125,67.03369140625,,data/instances/transfer/real_03.cip
mix_16_0,6,367,367,A,,60.0,100,0.05754932016134262,0.41549304127693176,0.8456286191940308,0.8559166666666667,,,,,,,,,,,,,,,,,,,,,16,,107,107,0,750453412,0,0,0,16,0,0.34164032340049744,1.0,-7.982145309448242,0.42911913990974426,85.0,0.6025240644812584,2289.6328125,67.03369140625,,data/instances/transfer/real_03.cip
mix_16_0,6,368,368,A,,60.0,100,0.04077284783124924,0.4737454950809479,0.8223099112510681,0.8559166666666667,,,,,,,,,,,,,,,,,,,,,16,,107,107,0,750453412,0,0,0,16,0,0.15076959133148193,1.0,-7.7056145668029785,0.4216206967830658,85.0,0.6079838220030069,2289.6328125,67.03369140625,,data/instances/transfer/real_03.cip
mix_16_0,6,369,369,A,,60.0,100,0.07579094171524048,0.35015785694122314,0.505975604057312,0.8543333333333334,,,,,,,,,,,,,,,,,,,,,16,,108,108,0,756548660,0,0,0,16,0,0.4821489453315735,1.0,-7.9295430183410645,0.5840814709663391,91.0,0.5161621738225222,2289.640625,67.03369140625,,data/instances/transfer/real_03.cip
mix_16_0,6,370,370,A,,60.0,100,0.10027168691158295,0.5806977152824402,2.0644948482513428,0.8543333333333334,,,,,,,,,,,,,,,,,,,,,16,,108,108,0,756548660,0,0,0,16,0,0.277296781539917,1.0,-7.64314079284668,0.5097599625587463,91.0,0.5831044968217611,2289.640625,67.03369140625,,data/instances/transfer/real_03.cip
mix_16_0,6,371,371,A,,60.0,100,0.0665571466088295,0.47456908226013184,0.8151225447654724,0.8543333333333334,,,,,,,,,,,,,,,,,,,,,16,,108,108,0,756548660,0,0,0,16,0,0.26839587092399597,1.0,-7.693567276000977,0.636186957359314,91.0,0.6057038009166718,2289.640625,67.03369140625,,data/instances/transfer/real_03.cip
mix_16_0,6,372,372,A,,60.0,100,0.04130765050649643,0.3023640513420105,2.811412811279297,0.8543333333333334,,,,,,,,,,,,,,,,,,,,,16,,108,108,0,756548660,0,0,0,16,0,0.4423767924308777,1.0,-7.790162563323975,0.41247519850730896,91.0,0.606275413185358,2289.640625,67.03369140625,,data/instances/transfer/real_03.cip
mix_16_0,6,373,373,A,,60.0,100,0.03441775590181351,0.32068631052970886,0.4349764585494995,0.85275,,,,,,,,,,,,,,,,,,,,,16,,109,109,0,762644536,0,0,0,16,0,0.27206599712371826,1.0,-7.957907199859619,0.4159409701824188,191.0,0.5077970176935196,2293.25390625,67.03369140625,,data/instances/transfer/real_03.cip
mix_16_0,6,374,374,A,,60.0,100,0.054976608604192734,0.41196614503860474,0.29606500267982483,0.85275,,,,,,,,,,,,,,,,,,,,,16,,109,109,0,762644536,0,0,0,16,0,0.27455055713653564,1.0,-7.929339408874512,0.43151459097862244,191.0,0.5825947318226099,2293.25390625,67.03369140625,,data/instances/transfer/real_03.cip
mix_16_0,6,375,375,A,,60.0,100,0.09319192171096802,0.5123777389526367,3.681857109069824,0.85275,,,,,,,,,,,,,,,,,,,,,16,,109,109,0,762644536,0,0,0,16,0,0.3219611644744873,1.0,-7.893834590911865,0.5168172717094421,191.0,0.6030667945742607,2293.25390625,67.03369140625,,data/instances/transfer/real_03.cip
mix_16_0,6,376,376,A,,60.0,100,0.04682034254074097,0.34789925813674927,2.502228260040283,0.85275,,,,,,,,,,,,,,,,,,,,,16,,109,109,0,762644536,0,0,0,16,0,0.41185393929481506,1.0,-7.981692314147949,0.4304589033126831,191.0,0.6060441564768553,2293.25390625,67.03369140625,,data/instances/transfer/real_03.cip
mix_16_0,6,377,377,A,,60.0,100,0.02778048813343048,0.3194800019264221,0.5699118971824646,0.8511666666666666,,,,,,,,,,,,,,,,,,,,,16,,110,110,0,768868880,0,0,0,16,0,0.2653692066669464,1.0,-7.967484951019287,0.46080470085144043,1.0,0.5282783024013042,2300.0078125,67.03369140625,,data/instances/transfer/real_03.cip
mix_16_0,6,378,378,A,,60.0,100,0.06341557204723358,0.47909414768218994,0.6327823996543884,0.8511666666666666,,,,,,,,,,,,,,,,,,,,,16,,110,110,0,768868880,0,0,0,16,0,0.2976824641227722,1.0,-7.941867351531982,0.5426786541938782,1.0,0.5847451929003,2300.0078125,67.03369140625,,data/instances/transfer/real_03.cip
mix_16_0,6,379,379,A,,60.0,100,0.060833707451820374,0.6269848346710205,1.3291383981704712,0.8511666666666666,,,,,,,,,,,,,,,,,,,,,16,,110,110,0,768868880,0,0,0,16,0,0.1664280891418457,1.0,-7.95967960357666,0.4530601501464844,1.0,0.6363535430282354,2300.0078125,67.03369140625,,data/instances/transfer/real_03.cip
mix_16_0,6,380,380,A,,60.0,100,0.06504935771226883,0.4060920774936676,2.2092299461364746,0.8511666666666666,,,,,,,,,,,,,,,,,,,,,16,,110,110,0,768868880,0,0,0,16,0,0.37552642822265625,1.0,-8.172691345214844,0.403738796710968,1.0,0.5951504912227392,2300.0078125,67.03369140625,,data/instances/transfer/real_03.cip
episode,6,380,380,A,,60.0,100,0.06504935771226883,0.4060920774936676,2.2092299461364746,0.8495833333333334,-13.034699999999997,-13.0,-0.0347,-13.034699999999997,True,14,61.220682,,,,,,,,inf,1e+20,120.0,inf,0.0,14214,16,True,112,112,0,781297228,0,0,0,16,0,,,,,81.92307692307692,,2125.359375,67.03369140625,timelimit,data/instances/transfer/real_03.cip
mix_16_0,7,381,381,A,,60.0,100,0.13951818645000458,0.6249129176139832,5.1028923988342285,0.8495833333333334,,,,,,,,,,,,,,,,,,,,,16,,112,112,0,781297228,0,0,0,16,0,0.4394558072090149,1.0,-8.161248207092285,0.4604053795337677,52.0,0.5462218206375837,2284.04296875,67.03369140625,,data/instances/transfer/real_05.cip
mix_16_0,7,382,382,A,,60.0,100,0.08688098192214966,0.4577963948249817,0.7990884780883789,0.8495833333333334,,,,,,,,,,,,,,,,,,,,,16,,112,112,0,781297228,0,0,0,16,0,0.4745456874370575,1.0,-7.901763439178467,0.600820004940033,52.0,0.5239785928279161,2284.04296875,67.03369140625,,data/instances/transfer/real_05.cip
mix_16_0,7,383,383,A,,60.0,100,0.06824522465467453,0.5976518988609314,3.5896494388580322,0.8495833333333334,,,,,,,,,,,,,,,,,,,,,16,,112,112,0,781297228,0,0,0,16,0,0.25145384669303894,1.0,-7.954777240753174,0.3843875527381897,52.0,0.5255100689828396,2284.04296875,67.03369140625,,data/instances/transfer/real_05.cip
mix_16_0,7,384,384,A,,60.0,100,0.056256912648677826,0.44574907422065735,0.9750527143478394,0.8495833333333334,,,,,,,,,,,,,,,,,,,,,16,,112,112,0,781297228,0,0,0,16,0,0.3418583273887634,1.0,-7.917148590087891,0.47729310393333435,52.0,0.5669125095009804,2284.04296875,67.03369140625,,data/instances/transfer/real_05.cip
mix_16_0,7,385,385,A,,60.0,100,0.08326029032468796,0.591389536857605,3.092883586883545,0.848,,,,,,,,,,,,,,,,,,,,,16,,112,112,0,781297228,0,0,0,16,0,0.19996751844882965,1.0,-7.839658737182617,0.5389375686645508,218.0,0.5193935390561819,2284.0546875,67.03369140625,,data/instances/transfer/real_05.cip
mix_16_0,7,386,386,A,,60.0,100,0.02903684601187706,0.44557997584342957,0.5099359750747681,0.848,,,,,,,,,,,,,,,,,,,,,16,,112,112,0,781297228,0,0,0,16,0,0.167607381939888,1.0,-8.061325073242188,0.5036378502845764,218.0,0.5824333038181067,2284.0546875,67.03369140625,,data/instances/transfer/real_05.cip
mix_16_0,7,387,387,A,,60.0,100,0.09354112297296524,0.484436959028244,5.079460144042969,0.848,,,,,,,,,,,,,,,,,,,,,16,,112,112,0,781297228,0,0,0,16,0,0.4550592005252838,1.0,-8.210389137268066,0.5184645056724548,218.0,0.603260550647974,2284.0546875,67.03369140625,,data/instances/transfer/real_05.cip
mix_16_0,7,388,388,A,,60.0,100,0.07385968416929245,0.5382963418960571,0.41464096307754517,0.848,,,,,,,,,,,,,,,,,,,,,16,,112,112,0,781297228,0,0,0,16,0,0.30428460240364075,1.0,-7.847713470458984,0.5509130954742432,218.0,0.6037703640758991,2284.0546875,67.03369140625,,data/instances/transfer/real_05.cip
mix_16_0,7,389,389,A,,60.0,100,0.045209988951683044,0.36645931005477905,0.6667701005935669,0.8464166666666667,,,,,,,,,,,,,,,,,,,,,16,,113,113,0,788498284,0,0,0,16,0,0.28030091524124146,1.0,-8.144856452941895,0.5095726847648621,67.0,0.5133159272372723,2284.0546875,67.03369140625,,data/instances/transfer/real_05.cip
mix_16_0,7,390,390,A,,60.0,100,0.047026924788951874,0.37254270911216736,0.4116559326648712,0.8464166666666667,,,,,,,,,,,,,,,,,,,,,16,,113,113,0,788498284,0,0,0,16,0,0.29911771416664124,1.0,-8.363137245178223,0.2809979021549225,67.0,0.5855304598808289,2284.0546875,67.03369140625,,data/instances/transfer/real_05.cip
mix_16_0,7,391,391,A,,60.0,100,0.04437291622161865,0.3656494915485382,1.3063043355941772,0.8464166666666667,,,,,,,,,,,,,,,,,,,,,16,,113,113,0,788498284,0,0,0,16,0,0.3023720979690552,1.0,-8.160212516784668,0.6345256567001343,67.0,0.6064836718142033,2284.0546875,67.03369140625,,data/instances/transfer/real_05.cip
mix_16_0,7,392,392,A,,60.0,100,0.10121555626392365,0.504111111164093,0.45126765966415405,0.8464166666666667,,,,,,,,,,,,,,,,,,,,,16,,113,113,0,788498284,0,0,0,16,0,0.41628578305244446,1.0,-8.037910461425781,0.6335874795913696,67.0,0.6083777081221342,2284.0546875,67.03369140625,,data/instances/transfer/real_05.cip
mix_16_0,7,393,393,A,,60.0,100,0.09658630192279816,0.5019909143447876,1.7079423666000366,0.8448333333333333,,,,,,,,,,,,,,,,,,,,,16,,114,114,0,795614144,0,0,0,16,0,0.5289820432662964,1.0,-7.922416687011719,0.7089036703109741,121.0,0.5136952325701714,2284.0546875,67.03369140625,,data/instances/transfer/real_05.cip
mix_16_0,7,394,394,A,,60.0,100,0.1691872775554657,0.5794780850410461,8.288494110107422,0.8448333333333333,,,,,,,,,,,,,,,,,,,,,16,,114,114,0,795614144,0,0,0,16,0,0.5811964273452759,1.0,-7.915288925170898,0.6255096793174744,121.0,0.5826223082840443,2284.0546875,67.03369140625,,data/instances/transfer/real_05.cip
mix_16_0,7,395,395,A,,60.0,100,0.09348547458648682,0.4926920533180237,4.199406623840332,0.8448333333333333,,,,,,,,,,,,,,,,,,,,,16,,114,114,0,795614144,0,0,0,16,0,0.43559592962265015,1.0,-8.170305252075195,0.44072192907333374,121.0,0.6038251556456089,2284.0546875,67.03369140625,,data/instances/transfer/real_05.cip
mix_16_0,7,396,396,A,,60.0,100,0.042491257190704346,0.31014102697372437,3.07892107963562,0.8448333333333333,,,,,,,,,,,,,,,,,,,,,16,,114,114,0,795614144,0,0,0,16,0,0.35470524430274963,1.0,-8.566203117370605,0.5510726571083069,121.0,0.6031120680272579,2284.0546875,67.03369140625,,data/instances/transfer/real_05.cip
mix_16_0,7,397,397,A,,60.0,100,0.11436234414577484,0.5835180878639221,7.8231201171875,0.84325,,,,,,,,,,,,,,,,,,,,,16,,115,115,0,802755944,0,0,0,16,0,0.343488872051239,1.0,-8.51755142211914,0.7170007228851318,165.0,0.5137566234916449,2284.0546875,67.03369140625,,data/instances/transfer/real_05.cip
mix_16_0,7,398,398,A,,60.0,100,0.09425336122512817,0.44917988777160645,5.261214733123779,0.84325,,,,,,,,,,,,,,,,,,,,,16,,115,115,0,802755944,0,0,0,16,0,0.508784830570221,1.0,-8.457387924194336,0.6382853388786316,165.0,0.5953284315764904,2284.07421875,67.03369140625,,data/instances/transfer/real_05.cip
mix_16_0,7,399,399,A,,60.0,100,0.04053530842065811,0.4811111092567444,1.9092671871185303,0.84325,,,,,,,,,,,,,,,,,,,,,16,,115,115,0,802755944,0,0,0,16,0,0.19697153568267822,1.0,-8.099010467529297,0.5530658960342407,165.0,0.6118654888123274,2284.07421875,67.03369140625,,data/instances/transfer/real_05.cip
mix_16_0,7,400,400,A,,60.0,100,0.04336933791637421,0.4883185923099518,2.2275989055633545,0.84325,,,,,,,,,,,,,,,,,,,,,16,,115,115,0,802755944,0,0,0,16,0,0.20372708141803741,1.0,-8.162677764892578,0.6344025135040283,165.0,0.6059615314006805,2284.07421875,67.03369140625,,data/instances/transfer/real_05.cip
mix_16_0,7,401,401,A,,60.0,100,0.06800718605518341,0.5698814988136292,5.037773609161377,0.8416666666666667,,,,,,,,,,,,,,,,,,,,,16,,116,116,0,809773356,0,0,0,16,0,0.16506345570087433,1.0,-7.981800556182861,0.5821544528007507,147.0,0.5338213182985783,2284.171875,67.03369140625,,data/instances/transfer/real_05.cip
mix_16_0,7,402,402,A,,60.0,100,0.0979328528046608,0.6351115107536316,5.893046855926514,0.8416666666666667,,,,,,,,,,,,,,,,,,,,,16,,116,116,0,809773356,0,0,0,16,0,0.2916678786277771,1.0,-8.047849655151367,0.41369494795799255,147.0,0.5861252341419458,2284.171875,67.03369140625,,data/instances/transfer/real_05.cip
mix_16_0,7,403,403,A,,60.0,100,0.10438559949398041,0.5644254088401794,2.95695424079895,0.8416666666666667,,,,,,,,,,,,,,,,,,,,,16,,116,116,0,809773356,0,0,0,16,0,0.40837904810905457,1.0,-8.211080551147461,0.5248774290084839,147.0,0.607835728675127,2284.171875,67.03369140625,,data/instances/transfer/real_05.cip
mix_16_0,7,404,404,A,,60.0,100,0.07347331941127777,0.5231245756149292,4.943835735321045,0.8416666666666667,,,,,,,,,,,,,,,,,,,,,16,,116,116,0,809773356,0,0,0,16,0,0.26487231254577637,1.0,-8.747356414794922,0.6295033693313599,147.0,0.6110025532543659,2284.171875,67.03369140625,,data/instances/transfer/real_05.cip
mix_16_0,7,405,405,A,,60.0,100,0.09896339476108551,0.481252521276474,5.672304153442383,0.8400833333333333,,,,,,,,,,,,,,,,,,,,,16,,117,117,0,816795408,0,0,0,16,0,0.4098394215106964,1.0,-8.564088821411133,0.6226774454116821,153.0,0.516268914565444,2291.94140625,67.03369140625,,data/instances/transfer/real_05.cip
mix_16_0,7,406,406,A,,60.0,100,0.21433091163635254,0.6763060092926025,10.319849967956543,0.8400833333333333,,,,,,,,,,,,,,,,,,,,,16,,117,117,0,816795408,0,0,0,16,0,0.5175794363021851,1.0,-8.747834205627441,0.41924330592155457,153.0,0.5833337008953094,2291.94140625,67.03369140625,,data/instances/transfer/real_05.cip
mix_16_0,7,407,407,A,,60.0,100,0.09200353920459747,0.48802101612091064,5.2178449630737305,0.8400833333333333,,,,,,,,,,,,,,,,,,,,,16,,117,117,0,816795408,0,0,0,16,0,0.45620474219322205,1.0,-8.223200798034668,0.45993536710739136,153.0,0.603819265961647,2291.94140625,67.03369140625,,data/instances/transfer/real_05.cip
mix_16_0,7,408,408,A,,60.0,100,0.16140460968017578,0.6750972270965576,8.07622241973877,0.8400833333333333,,,,,,,,,,,,,,,,,,,,,16,,117,117,0,816795408,0,0,0,16,0,0.42028066515922546,1.0,-7.934393882751465,0.6651113629341125,153.0,0.6025957111269236,2291.94140625,67.03369140625,,data/instances/transfer/real_05.cip
mix_16_0,7,409,409,A,,60.0,100,0.04936676472425461,0.44247978925704956,2.225926399230957,0.8385,,,,,,,,,,,,,,,,,,,,,16,,118,118,0,823842612,0,0,0,16,0,0.26507043838500977,1.0,-8.382059097290039,0.4047931730747223,175.0,0.5339099206030369,2297.30859375,67.03369140625,,data/instances/transfer/real_05.cip
mix_16_0,7,410,410,A,,60.0,100,0.10689261555671692,0.5992876291275024,1.3540854454040527,0.8385,,,,,,,,,,,,,,,,,,,,,16,,118,118,0,823842612,0,0,0,16,0,0.3463326096534729,1.0,-8.377155303955078,0.5918979048728943,175.0,0.5781061872839928,2297.30859375,67.03369140625,,data/instances/transfer/real_05.cip
mix_16_0,7,411,411,A,,60.0,100,0.05061968415975571,0.4338452219963074,1.712246060371399,0.8385,,,,,,,,,,,,,,,,,,,,,16,,118,118,0,823842612,0,0,0,16,0,0.20780648291110992,1.0,-8.359367370605469,0.5559059381484985,175.0,0.6038729511201382,2297.30859375,67.03369140625,,data/instances/transfer/real_05.cip
mix_16_0,7,412,412,A,,60.0,100,0.1486043930053711,0.5128598213195801,4.70803165435791,0.8385,,,,,,,,,,,,,,,,,,,,,16,,118,118,0,823842612,0,0,0,16,0,0.4782998561859131,1.0,-8.575963973999023,0.6095289587974548,175.0,0.6053902208805084,2297.30859375,67.03369140625,,data/instances/transfer/real_05.cip
mix_16_0,7,413,413,A,,60.0,100,0.07355906069278717,0.3774310350418091,2.1926963329315186,0.8369166666666666,,,,,,,,,,,,,,,,,,,,,16,,119,119,0,830842220,0,0,0,16,0,0.5351853370666504,1.0,-8.85438060760498,0.3495738208293915,26.0,0.5250868555158377,2297.30859375,67.03369140625,,data/instances/transfer/real_05.cip
mix_16_0,7,414,414,A,,60.0,100,0.12874267995357513,0.5478755831718445,2.362281084060669,0.8369166666666666,,,,,,,,,,,,,,,,,,,,,16,,119,119,0,830842220,0,0,0,16,0,0.47010135650634766,1.0,-8.494309425354004,0.4095993638038635,26.0,0.5805509109050035,2297.30859375,67.03369140625,,data/instances/transfer/real_05.cip
mix_16_0,7,415,415,A,,60.0,100,0.07574409246444702,0.4901753067970276,0.9213746786117554,0.8369166666666666,,,,,,,,,,,,,,,,,,,,,16,,119,119,0,830842220,0,0,0,16,0,0.3590278625488281,1.0,-8.51287841796875,0.7499942183494568,26.0,0.6044768169522285,2297.30859375,67.03369140625,,data/instances/transfer/real_05.cip
mix_16_0,7,416,416,A,,60.0,100,0.04198884218931198,0.36646169424057007,1.4393545389175415,0.8369166666666666,,,,,,,,,,,,,,,,,,,,,16,,119,119,0,830842220,0,0,0,16,0,0.3450619876384735,1.0,-8.727104187011719,0.47491878271102905,26.0,0.6089395713061094,2297.30859375,67.03369140625,,data/instances/transfer/real_05.cip
mix_16_0,7,417,417,A,,60.0,100,0.06814338266849518,0.39334458112716675,1.5738409757614136,0.8353333333333334,,,,,,,,,,,,,,,,,,,,,16,,120,120,0,837838560,0,0,0,16,0,0.45590996742248535,1.0,-8.462462425231934,0.8325986862182617,14.0,0.5232399459928274,2297.31640625,67.03369140625,,data/instances/transfer/real_05.cip
mix_16_0,7,418,418,A,,60.0,100,0.047038186341524124,0.4172093868255615,1.497619867324829,0.8353333333333334,,,,,,,,,,,,,,,,,,,,,16,,120,120,0,837838560,0,0,0,16,0,0.29686078429222107,1.0,-8.789323806762695,0.45511555671691895,14.0,0.5769790764898062,2297.31640625,67.03369140625,,data/instances/transfer/real_05.cip
mix_16_0,7,419,419,A,,60.0,100,0.15333612263202667,0.6694989800453186,4.977646827697754,0.8353333333333334,,,,,,,,,,,,,,,,,,,,,16,,120,120,0,837838560,0,0,0,16,0,0.4651617705821991,1.0,-8.345367431640625,0.7112608551979065,14.0,0.6032006870955229,2297.31640625,67.03369140625,,data/instances/transfer/real_05.cip
mix_16_0,7,420,420,A,,60.0,100,0.1795049011707306,0.6662701368331909,2.7869932651519775,0.8353333333333334,,,,,,,,,,,,,,,,,,,,,16,,120,120,0,837838560,0,0,0,16,0,0.5412470102310181,1.0,-8.440139770507812,0.5510902404785156,14.0,0.602416941896081,2297.31640625,67.03369140625,,data/instances/transfer/real_05.cip
mix_16_0,7,421,421,A,,60.0,100,0.062217045575380325,0.388164222240448,5.177768707275391,0.83375,,,,,,,,,,,,,,,,,,,,,16,,121,121,0,844860820,0,0,0,16,0,0.46696269512176514,1.0,-8.62693977355957,0.5065761804580688,43.0,0.53138224221766,2303.8359375,67.03369140625,,data/instances/transfer/real_05.cip
mix_16_0,7,422,422,A,,60.0,100,0.04174347594380379,0.31345701217651367,0.9247559905052185,0.83375,,,,,,,,,,,,,,,,,,,,,16,,121,121,0,844860820,0,0,0,16,0,0.45495590567588806,1.0,-8.499682426452637,0.6922329068183899,43.0,0.5779916401952505,2304.0703125,67.03369140625,,data/instances/transfer/real_05.cip
mix_16_0,7,423,423,A,,60.0,100,0.054017722606658936,0.3686288595199585,2.3250577449798584,0.83375,,,,,,,,,,,,,,,,,,,,,16,,121,121,0,844860820,0,0,0,16,0,0.4567703902721405,1.0,-8.680892944335938,0.7443105578422546,43.0,0.6024853195995092,2304.0703125,67.03369140625,,data/instances/transfer/real_05.cip
mix_16_0,7,424,424,A,,60.0,100,0.11334376037120819,0.48474302887916565,4.06724739074707,0.83375,,,,,,,,,,,,,,,,,,,,,16,,121,121,0,844860820,0,0,0,16,0,0.49484044313430786,1.0,-8.656792640686035,0.8827791213989258,43.0,0.6034630462527275,2304.0703125,67.03369140625,,data/instances/transfer/real_05.cip
mix_16_0,7,425,425,A,,60.0,100,0.07262690365314484,0.4255058169364929,0.9120327234268188,0.8321666666666667,,,,,,,,,,,,,,,,,,,,,16,,122,122,0,852060688,0,0,0,16,0,0.5209960341453552,1.0,-9.014036178588867,0.6043146252632141,187.0,0.5149834044277668,2306.62109375,67.03369140625,,data/instances/transfer/real_05.cip
mix_16_0,7,426,426,A,,60.0,100,0.02281947061419487,0.4064452052116394,0.3413296043872833,0.8321666666666667,,,,,,,,,,,,,,,,,,,,,16,,122,122,0,852060688,0,0,0,16,0,0.13411623239517212,1.0,-8.929058074951172,0.6789578795433044,187.0,0.5851756725460291,2306.62109375,67.03369140625,,data/instances/transfer/real_05.cip
mix_16_0,7,427,427,A,,60.0,100,0.08773618191480637,0.49362167716026306,3.428680896759033,0.8321666666666667,,,,,,,,,,,,,,,,,,,,,16,,122,122,0,852060688,0,0,0,16,0,0.40684643387794495,1.0,-9.081071853637695,0.8474751114845276,187.0,0.6011991910636425,2306.62109375,67.03369140625,,data/instances/transfer/real_05.cip
mix_16_0,7,428,428,A,,60.0,100,0.07089608162641525,0.6118766069412231,0.8053088188171387,0.8321666666666667,,,,,,,,,,,,,,,,,,,,,16,,122,122,0,852060688,0,0,0,16,0,0.24587471783161163,1.0,-8.599088668823242,0.9022154211997986,187.0,0.6059350576251745,2306.62109375,67.03369140625,,data/instances/transfer/real_05.cip
episode,7,428,428,A,,60.0,100,0.07089608162641525,0.6118766069412231,0.8053088188171387,0.8305833333333333,-12.022599999999999,-12.0,-0.022600000000000006,-12.022599999999999,True,13,60.356999,,,,,,,,inf,1e+20,120.0,inf,0.0,16140,16,True,124,124,0,866449212,0,0,0,16,0,,,,,114.0,,2150.8984375,67.03369140625,timelimit,data/instances/transfer/real_05.cip
mix_16_0,8,429,429,A,,60.0,100,0.04189496859908104,0.3984391987323761,0.5222160220146179,0.8305833333333333,,,,,,,,,,,,,,,,,,,,,16,,124,124,0,866449212,0,0,0,16,0,0.318000853061676,1.0,-8.62386703491211,0.6477301120758057,1.0,0.5538378935307264,2150.9375,67.03369140625,,data/instances/train/real_06.cip
mix_16_0,8,430,430,A,,60.0,100,0.08335280418395996,0.4849313795566559,2.8068606853485107,0.8305833333333333,,,,,,,,,,,,,,,,,,,,,16,,124,124,0,866449212,0,0,0,16,0,0.3750055730342865,1.0,-8.632803916931152,0.7871273756027222,1.0,0.580894960090518,2150.9453125,67.03369140625,,data/instances/train/real_06.cip
mix_16_0,8,431,431,A,,60.0,100,0.08771853148937225,0.47422778606414795,3.3026416301727295,0.8305833333333333,,,,,,,,,,,,,,,,,,,,,16,,124,124,0,866449212,0,0,0,16,0,0.42492830753326416,1.0,-8.345226287841797,0.7897803783416748,1.0,0.6134375222027302,2150.9453125,67.03369140625,,data/instances/train/real_06.cip
mix_16_0,8,432,432,A,,60.0,100,0.09683740139007568,0.570346474647522,3.3058829307556152,0.8305833333333333,,,,,,,,,,,,,,,,,,,,,16,,124,124,0,866449212,0,0,0,16,0,0.3622991144657135,1.0,-8.662054061889648,0.5692199468612671,1.0,0.6103377789258957,2150.9453125,67.03369140625,,data/instances/train/real_06.cip
mix_16_0,8,433,433,A,,60.0,100,0.07560782134532928,0.5442743301391602,0.8372477889060974,0.829,,,,,,,,,,,,,,,,,,,,,16,,124,124,0,866449212,0,0,0,16,0,0.2914125919342041,1.0,-9.01054859161377,0.5642772316932678,74.0,0.5073671471327543,2150.9453125,67.03369140625,,data/instances/train/real_06.cip
mix_16_0,8,434,434,A,,60.0,100,0.06510166823863983,0.38910943269729614,3.5881612300872803,0.829,,,,,,,,,,,,,,,,,,,,,16,,124,124,0,866449212,0,0,0,16,0,0.3644178807735443,1.0,-8.974556922912598,0.7236633896827698,74.0,0.5823971312493086,2150.9453125,67.03369140625,,data/instances/train/real_06.cip
mix_16_0,8,435,435,A,,60.0,100,0.08981214463710785,0.5135730504989624,0.6829917430877686,0.829,,,,,,,,,,,,,,,,,,,,,16,,124,124,0,866449212,0,0,0,16,0,0.42826756834983826,1.0,-9.0167236328125,0.5917446613311768,74.0,0.6117761172354221,2150.9453125,67.03369140625,,data/instances/train/real_06.cip
mix_16_0,8,436,436,A,,60.0,100,0.02899235486984253,0.3095283508300781,1.749416708946228,0.829,,,,,,,,,,,,,,,,,,,,,16,,124,124,0,866449212,0,0,0,16,0,0.23760858178138733,1.0,-9.027108192443848,0.6955478191375732,74.0,0.6075928304344416,2150.9453125,67.03369140625,,data/instances/train/real_06.cip
mix_16_0,8,437,437,A,,60.0,100,0.11393258720636368,0.578071117401123,4.811151027679443,0.8274166666666667,,,,,,,,,,,,,,,,,,,,,16,,125,125,0,870664332,0,0,0,16,0,0.3856833279132843,1.0,-9.068859100341797,0.5903205871582031,39.0,0.5061844270676374,2150.9453125,67.03369140625,,data/instances/train/real_06.cip
mix_16_0,8,438,438,A,,60.0,100,0.044592782855033875,0.49639302492141724,1.5572222471237183,0.8274166666666667,,,,,,,,,,,,,,,,,,,,,16,,125,125,0,870664332,0,0,0,16,0,0.2210812270641327,1.0,-8.9706449508667,0.5680866241455078,39.0,0.5893901418894529,2150.9453125,67.03369140625,,data/instances/train/real_06.cip
mix_16_0,8,439,439,A,,60.0,100,0.07937900722026825,0.4601813554763794,1.1683322191238403,0.8274166666666667,,,,,,,,,,,,,,,,,,,,,16,,125,125,0,870664332,0,0,0,16,0,0.3747195303440094,1.0,-8.82841682434082,0.7428815960884094,39.0,0.6013947930186987,2150.9453125,67.03369140625,,data/instances/train/real_06.cip
mix_16_0,8,440,440,A,,60.0,100,0.12398569285869598,0.5943034291267395,4.890890121459961,0.8274166666666667,,,,,,,,,,,,,,,,,,,,,16,,125,125,0,870664332,0,0,0,16,0,0.375868022441864,1.0,-8.691289901733398,0.6063202619552612,39.0,0.6039391197264194,2150.9453125,67.03369140625,,data/instances/train/real_06.cip
mix_16_0,8,441,441,A,,60.0,100,0.09390976279973984,0.5810304880142212,3.907845973968506,0.8258333333333334,,,,,,,,,,,,,,,,,,,,,16,,126,126,0,874864068,0,0,0,16,0,0.36102935671806335,1.0,-8.636938095092773,0.7579241991043091,141.0,0.5239714961498976,2150.9453125,67.03369140625,,data/instances/train/real_06.cip
mix_16_0,8,442,442,A,,60.0,100,0.06950131803750992,0.4623226523399353,3.29823899269104,0.8258333333333334,,,,,,,,,,,,,,,,,,,,,16,,126,126,0,874864068,0,0,0,16,0,0.4036853611469269,1.0,-8.707895278930664,0.5158675909042358,141.0,0.5799266025424004,2150.9453125,67.03369140625,,data/instances/train/real_06.cip
mix_16_0,8,443,443,A,,60.0,100,0.18231552839279175,0.6697139739990234,4.492725372314453,0.8258333333333334,,,,,,,,,,,,,,,,,,,,,16,,126,126,0,874864068,0,0,0,16,0,0.4778188467025757,1.0,-9.142656326293945,0.584326446056366,141.0,0.6014188192784786,2150.9453125,67.03369140625,,data/instances/train/real_06.cip
mix_16_0,8,444,444,A,,60.0,100,0.12395889312028885,0.6083927154541016,6.942002296447754,0.8258333333333334,,,,,,,,,,,,,,,,,,,,,16,,126,126,0,874864068,0,0,0,16,0,0.3027096092700958,1.0,-9.660073280334473,0.47393864393234253,141.0,0.606334974989295,2150.9453125,67.03369140625,,data/instances/train/real_06.cip
mix_16_0,8,445,445,A,,60.0,100,0.11909682303667068,0.5632814764976501,4.74732780456543,0.82425,,,,,,,,,,,,,,,,,,,,,16,,127,127,0,879064256,0,0,0,16,0,0.407416433095932,1.0,-9.198145866394043,0.6357547640800476,61.0,0.5219866633415222,2150.9453125,67.03369140625,,data/instances/train/real_06.cip
mix_16_0,8,446,446,A,,60.0,100,0.04890590161085129,0.5334690809249878,2.418855667114258,0.82425,,,,,,,,,,,,,,,,,,,,,16,,127,127,0,879064256,0,0,0,16,0,0.1884010136127472,1.0,-8.988182067871094,0.8721165657043457,61.0,0.5777041278779507,2150.9453125,67.03369140625,,data/instances/train/real_06.cip
mix_16_0,8,447,447,A,,60.0,100,0.15492090582847595,0.6948210000991821,8.317861557006836,0.82425,,,,,,,,,,,,,,,,,,,,,16,,127,127,0,879064256,0,0,0,16,0,0.33912762999534607,1.0,-8.551750183105469,0.6668752431869507,61.0,0.6008433643728495,2150.9453125,67.03369140625,,data/instances/train/real_06.cip
mix_16_0,8,448,448,A,,60.0,100,0.12190770357847214,0.7484016418457031,8.079033851623535,0.82425,,,,,,,,,,,,,,,,,,,,,16,,127,127,0,879064256,0,0,0,16,0,0.2282942682504654,1.0,-8.784899711608887,0.5038003325462341,61.0,0.6024382319301367,2150.9453125,67.03369140625,,data/instances/train/real_06.cip
mix_16_0,8,449,449,A,,60.0,100,0.06006597355008125,0.5784097909927368,0.5618425011634827,0.8226666666666667,,,,,,,,,,,,,,,,,,,,,16,,128,128,0,883264444,0,0,0,16,0,0.23820415139198303,1.0,-8.924026489257812,0.547575056552887,97.0,0.5189438704401255,2150.9453125,67.03369140625,,data/instances/train/real_06.cip
mix_16_0,8,450,450,A,,60.0,100,0.033244721591472626,0.3639238178730011,1.083768606185913,0.8226666666666667,,,,,,,,,,,,,,,,,,,,,16,,128,128,0,883264444,0,0,0,16,0,0.2600152790546417,1.0,-8.994829177856445,0.8895424008369446,97.0,0.5822869818657637,2150.9453125,67.03369140625,,data/instances/train/real_06.cip
mix_16_0,8,451,451,A,,60.0,100,0.10614088177680969,0.49589821696281433,1.3891032934188843,0.8226666666666667,,,,,,,,,,,,,,,,,,,,,16,,128,128,0,883264444,0,0,0,16,0,0.40776699781417847,1.0,-9.605875015258789,0.4498087167739868,97.0,0.6005114205181599,2150.9453125,67.03369140625,,data/instances/train/real_06.cip
mix_16_0,8,452,452,A,,60.0,100,0.042176395654678345,0.3016340732574463,4.152230739593506,0.8226666666666667,,,,,,,,,,,,,,,,,,,,,16,,128,128,0,883264444,0,0,0,16,0,0.39187201857566833,1.0,-9.793396949768066,0.47544294595718384,97.0,0.5985752530395985,2150.9453125,67.03369140625,,data/instances/train/real_06.cip
mix_16_0,8,453,453,A,,60.0,100,0.04869372025132179,0.3853469789028168,2.9242162704467773,0.8210833333333334,,,,,,,,,,,,,,,,,,,,,16,,129,129,0,887464660,0,0,0,16,0,0.3282506465911865,1.0,-9.620946884155273,0.5852861404418945,1.0,0.5291691161692142,2150.9453125,67.03369140625,,data/instances/train/real_06.cip
mix_16_0,8,454,454,A,,60.0,100,0.0323207750916481,0.2884219288825989,1.5346567630767822,0.8210833333333334,,,,,,,,,,,,,,,,,,,,,16,,129,129,0,887464660,0,0,0,16,0,0.30785706639289856,1.0,-9.637508392333984,0.43870532512664795,1.0,0.5806935485452414,2150.9453125,67.03369140625,,data/instances/train/real_06.cip
mix_16_0,8,455,455,A,,60.0,100,0.08671325445175171,0.41190633177757263,3.5931828022003174,0.8210833333333334,,,,,,,,,,,,,,,,,,,,,16,,129,129,0,887464660,0,0,0,16,0,0.5384803414344788,1.0,-9.202608108520508,0.6631264090538025,1.0,0.6020584721118212,2150.9453125,67.03369140625,,data/instances/train/real_06.cip
mix_16_0,8,456,456,A,,60.0,100,0.07653529942035675,0.4382435083389282,0.4772412180900574,0.8210833333333334,,,,,,,,,,,,,,,,,,,,,16,,129,129,0,887464660,0,0,0,16,0,0.3847033679485321,1.0,-9.377900123596191,0.6798557043075562,1.0,0.6079519744962454,2150.9765625,67.03369140625,,data/instances/train/real_06.cip
mix_16_0,8,457,457,A,,60.0,100,0.09251832216978073,0.5875899195671082,3.607916831970215,0.8195,,,,,,,,,,,,,,,,,,,,,16,,130,130,0,891503580,0,0,0,16,0,0.24779124557971954,1.0,-9.439336776733398,0.5447545051574707,90.0,0.5128685627132654,2150.9765625,67.03369140625,,data/instances/train/real_06.cip
mix_16_0,8,458,458,A,,60.0,100,0.07985751330852509,0.4455268979072571,1.1685495376586914,0.8195,,,,,,,,,,,,,,,,,,,,,16,,130,130,0,891503580,0,0,0,16,0,0.37275391817092896,1.0,-9.50196361541748,0.4979279637336731,90.0,0.5789414253085852,2150.9765625,67.03369140625,,data/instances/train/real_06.cip
mix_16_0,8,459,459,A,,60.0,100,0.13294050097465515,0.6804821491241455,1.4713811874389648,0.8195,,,,,,,,,,,,,,,,,,,,,16,,130,130,0,891503580,0,0,0,16,0,0.35652607679367065,1.0,-9.22957992553711,0.5470605492591858,90.0,0.6097148731350899,2150.9765625,67.03369140625,,data/instances/train/real_06.cip
mix_16_0,8,460,460,A,,60.0,100,0.09964200854301453,0.48450449109077454,1.8572089672088623,0.8195,,,,,,,,,,,,,,,,,,,,,16,,130,130,0,891503580,0,0,0,16,0,0.4676559567451477,1.0,-9.076812744140625,0.6412891745567322,90.0,0.6092159785330296,2150.9765625,67.03369140625,,data/instances/train/real_06.cip
mix_16_0,8,461,461,A,,60.0,100,0.12108230590820312,0.7104164361953735,3.694288730621338,0.8179166666666666,,,,,,,,,,,,,,,,,,,,,16,,131,131,0,895541112,0,0,0,16,0,0.27175986766815186,1.0,-8.877900123596191,0.5430566668510437,58.0,0.4892933424562216,2150.9765625,67.03369140625,,data/instances/train/real_06.cip
mix_16_0,8,462,462,A,,60.0,100,0.13276639580726624,0.6262173652648926,11.148327827453613,0.8179166666666666,,,,,,,,,,,,,,,,,,,,,16,,131,131,0,895541112,0,0,0,16,0,0.35228392481803894,1.0,-9.001226425170898,0.6810210943222046,58.0,0.5769864618778229,2150.9765625,67.03369140625,,data/instances/train/real_06.cip
mix_16_0,8,463,463,A,,60.0,100,0.048661790788173676,0.4172431528568268,3.7781622409820557,0.8179166666666666,,,,,,,,,,,,,,,,,,,,,16,,131,131,0,895541112,0,0,0,16,0,0.24695028364658356,1.0,-9.225364685058594,0.6239262819290161,58.0,0.6058909483253956,2150.9765625,67.03369140625,,data/instances/train/real_06.cip
mix_16_0,8,464,464,A,,60.0,100,0.15490227937698364,0.6101034879684448,7.497527599334717,0.8179166666666666,,,,,,,,,,,,,,,,,,,,,16,,131,131,0,895541112,0,0,0,16,0,0.4297389090061188,1.0,-10.088218688964844,0.536113440990448,58.0,0.6014115549623966,2150.9765625,67.03369140625,,data/instances/train/real_06.cip
mix_16_0,8,465,465,A,,60.0,100,0.23513396084308624,0.7402032613754272,12.867705345153809,0.8163333333333334,,,,,,,,,,,,,,,,,,,,,16,,132,132,0,899677772,0,0,0,16,0,0.4502938687801361,1.0,-9.914480209350586,0.5692000389099121,124.0,0.5272344425320625,2150.9765625,67.03369140625,,data/instances/train/real_06.cip
mix_16_0,8,466,466,A,,60.0,100,0.16488049924373627,0.7709746360778809,8.720059394836426,0.8163333333333334,,,,,,,,,,,,,,,,,,,,,16,,132,132,0,899677772,0,0,0,16,0,0.3094345033168793,1.0,-9.629501342773438,0.6965831518173218,124.0,0.5784679297357798,2150.9765625,67.03369140625,,data/instances/train/real_06.cip
mix_16_0,8,467,467,A,,60.0,100,0.11822172999382019,0.5464791655540466,3.6397006511688232,0.8163333333333334,,,,,,,,,,,,,,,,,,,,,16,,132,132,0,899677772,0,0,0,16,0,0.39993250370025635,1.0,-9.282166481018066,0.6918681859970093,124.0,0.6039482485502958,2150.9765625,67.03369140625,,data/instances/train/real_06.cip
mix_16_0,8,468,468,A,,60.0,100,0.14693978428840637,0.577465295791626,11.355734825134277,0.8163333333333334,,,,,,,,,,,,,,,,,,,,,16,,132,132,0,899677772,0,0,0,16,0,0.4562528431415558,1.0,-9.18605899810791,0.8010173439979553,124.0,0.6025057900696993,2150.9765625,67.03369140625,,data/instances/train/real_06.cip
mix_16_0,8,469,469,A,,60.0,100,0.16101685166358948,0.792503297328949,8.59109115600586,0.81475,,,,,,,,,,,,,,,,,,,,,16,,133,133,0,903517788,0,0,0,16,0,0.3471391797065735,1.0,-8.799508094787598,0.7896806597709656,70.0,0.5100872423499823,2150.98046875,67.03369140625,,data/instances/train/real_06.cip
mix_16_0,8,470,470,A,,60.0,100,0.1103312075138092,0.45935624837875366,9.723112106323242,0.81475,,,,,,,,,,,,,,,,,,,,,16,,133,133,0,903517788,0,0,0,16,0,0.5482548475265503,1.0,-9.47623062133789,0.6634381413459778,70.0,0.5860660895705223,2150.98046875,67.03369140625,,data/instances/train/real_06.cip
mix_16_0,8,471,471,A,,60.0,100,0.0912943184375763,0.5057264566421509,7.464020252227783,0.81475,,,,,,,,,,,,,,,,,,,,,16,,133,133,0,903517788,0,0,0,16,0,0.4392911493778229,1.0,-9.923055648803711,0.6658424139022827,70.0,0.6073015257716179,2150.98046875,67.03369140625,,data/instances/train/real_06.cip
mix_16_0,8,472,472,A,,60.0,100,0.2724323868751526,0.8301024436950684,13.841713905334473,0.81475,,,,,,,,,,,,,,,,,,,,,16,,133,133,0,903517788,0,0,0,16,0,0.518210768699646,1.0,-10.012932777404785,0.7676766514778137,70.0,0.6115314122289419,2150.98046875,67.03369140625,,data/instances/train/real_06.cip
mix_16_0,8,473,473,A,,60.0,100,0.20334888994693756,0.7873073816299438,11.219866752624512,0.8131666666666667,,,,,,,,,,,,,,,,,,,,,16,,134,134,0,907352928,0,0,0,16,0,0.35152822732925415,1.0,-10.01425838470459,0.9417601227760315,31.0,0.5175272524356842,2150.98046875,67.03369140625,,data/instances/train/real_06.cip
mix_16_0,8,474,474,A,,60.0,100,0.08597574383020401,0.3827022910118103,2.6896820068359375,0.8131666666666667,,,,,,,,,,,,,,,,,,,,,16,,134,134,0,907352928,0,0,0,16,0,0.516793429851532,1.0,-9.745626449584961,0.6508283615112305,31.0,0.5748107731342316,2150.98046875,67.03369140625,,data/instances/train/real_06.cip
mix_16_0,8,475,475,A,,60.0,100,0.08290828764438629,0.4343039393424988,4.5111613273620605,0.8131666666666667,,,,,,,,,,,,,,,,,,,,,16,,134,134,0,907352928,0,0,0,16,0,0.42389678955078125,1.0,-9.422636032104492,0.666592538356781,31.0,0.6047383099794388,2150.98046875,67.03369140625,,data/instances/train/real_06.cip
mix_16_0,8,476,476,A,,60.0,100,0.13802294433116913,0.693617582321167,8.59249496459961,0.8131666666666667,,,,,,,,,,,,,,,,,,,,,16,,134,134,0,907352928,0,0,0,16,0,0.26840871572494507,1.0,-8.869058609008789,0.8287808895111084,31.0,0.6011450402438641,2150.98046875,67.03369140625,,data/instances/train/real_06.cip
mix_16_0,8,477,477,A,,60.0,100,0.07132690399885178,0.6624460220336914,4.509741306304932,0.8115833333333333,,,,,,,,,,,,,,,,,,,,,16,,135,135,0,911284760,0,0,0,16,0,0.16669416427612305,1.0,-8.889435768127441,0.9614483714103699,49.0,0.5314211305230856,2150.98046875,67.03369140625,,data/instances/train/real_06.cip
mix_16_0,8,478,478,A,,60.0,100,0.13239015638828278,0.5703492760658264,9.980106353759766,0.8115833333333333,,,,,,,,,,,,,,,,,,,,,16,,135,135,0,911284760,0,0,0,16,0,0.45259836316108704,1.0,-9.08708381652832,0.668229877948761,49.0,0.5747454110532999,2150.98046875,67.03369140625,,data/instances/train/real_06.cip
mix_16_0,8,479,479,A,,60.0,100,0.07860767841339111,0.40462934970855713,1.0043326616287231,0.8115833333333333,,,,,,,,,,,,,,,,,,,,,16,,135,135,0,911284760,0,0,0,16,0,0.4801732003688812,1.0,-9.63381576538086,0.7455162405967712,49.0,0.6075056213885546,2150.98046875,67.03369140625,,data/instances/train/real_06.cip
mix_16_0,8,480,480,A,,60.0,100,0.09469211846590042,0.7117874026298523,6.299051284790039,0.8115833333333333,,,,,,,,,,,,,,,,,,,,,16,,135,135,0,911284760,0,0,0,16,0,0.16547976434230804,1.0,-10.2564115524292,0.6818599104881287,49.0,0.6042439080774784,2150.98046875,67.03369140625,,data/instances/train/real_06.cip
mix_16_0,8,481,481,A,,60.0,100,0.1674639731645584,0.8233563303947449,9.237643241882324,0.81,,,,,,,,,,,,,,,,,,,,,16,,136,136,0,915078452,0,0,0,16,0,0.2999957799911499,1.0,-10.350364685058594,0.527929425239563,27.0,0.5322903506457806,2150.98046875,67.03369140625,,data/instances/train/real_06.cip
mix_16_0,8,482,482,A,,60.0,100,0.0926581472158432,0.47045159339904785,8.088390350341797,0.81,,,,,,,,,,,,,,,,,,,,,16,,136,136,0,915078452,0,0,0,16,0,0.474178284406662,1.0,-10.673487663269043,0.5056849718093872,27.0,0.5772441867738962,2150.98046875,67.03369140625,,data/instances/train/real_06.cip
mix_16_0,8,483,483,A,,60.0,100,0.06081179529428482,0.491624653339386,3.2540230751037598,0.81,,,,,,,,,,,,,,,,,,,,,16,,136,136,0,915078452,0,0,0,16,0,0.29796093702316284,1.0,-10.115796089172363,0.7924686670303345,27.0,0.6030213721096516,2150.98046875,67.03369140625,,data/instances/train/real_06.cip
mix_16_0,8,484,484,A,,60.0,100,0.0824456736445427,0.48427385091781616,3.3415675163269043,0.81,,,,,,,,,,,,,,,,,,,,,16,,136,136,0,915078452,0,0,0,16,0,0.3245847523212433,1.0,-9.511068344116211,0.8679166436195374,27.0,0.6082516387104988,2150.98046875,67.03369140625,,data/instances/train/real_06.cip
mix_16_0,8,485,485,A,,60.0,100,0.21499960124492645,0.7700645923614502,13.551414489746094,0.8084166666666667,,,,,,,,,,,,,,,,,,,,,16,,137,137,0,918865952,0,0,0,16,0,0.45956477522850037,1.0,-9.292304992675781,0.7021450400352478,28.0,0.5115677397698164,2150.98046875,67.03369140625,,data/instances/train/real_06.cip
mix_16_0,8,486,486,A,,60.0,100,0.08560660481452942,0.5850037336349487,6.831827163696289,0.8084166666666667,,,,,,,,,,,,,,,,,,,,,16,,137,137,0,918865952,0,0,0,16,0,0.22841519117355347,1.0,-9.38932991027832,0.7227107882499695,28.0,0.5794037245213985,2150.98046875,67.03369140625,,data/instances/train/real_06.cip
mix_16_0,8,487,487,A,,60.0,100,0.04845409840345383,0.5174028873443604,4.6067681312561035,0.8084166666666667,,,,,,,,,,,,,,,,,,,,,16,,137,137,0,918865952,0,0,0,16,0,0.20961685478687286,1.0,-9.40555191040039,0.7409157752990723,28.0,0.6002960838377476,2150.98046875,67.03369140625,,data/instances/train/real_06.cip
mix_16_0,8,488,488,A,,60.0,100,0.05640540271997452,0.4642276167869568,2.4813976287841797,0.8084166666666667,,,,,,,,,,,,,,,,,,,,,16,,137,137,0,918865952,0,0,0,16,0,0.13216006755828857,1.0,-9.981243133544922,0.6961186528205872,28.0,0.6051942836493254,2150.98046875,67.03369140625,,data/instances/train/real_06.cip
mix_16_0,8,489,489,A,,60.0,100,0.053306058049201965,0.33954721689224243,5.405640125274658,0.8068333333333333,,,,,,,,,,,,,,,,,,,,,16,,138,138,0,922650076,0,0,0,16,0,0.5940280556678772,1.0,-10.21023178100586,0.6763647794723511,1.0,0.5448571424931288,2150.98046875,67.03369140625,,data/instances/train/real_06.cip
mix_16_0,8,490,490,A,,60.0,100,0.07487918436527252,0.6267557740211487,6.223790645599365,0.8068333333333333,,,,,,,,,,,,,,,,,,,,,16,,138,138,0,922650076,0,0,0,16,0,0.18545439839363098,1.0,-10.743969917297363,0.6228244304656982,1.0,0.573407344520092,2150.98046875,67.03369140625,,data/instances/train/real_06.cip
mix_16_0,8,491,491,A,,60.0,100,0.07970741391181946,0.6249297261238098,7.852219581604004,0.8068333333333333,,,,,,,,,,,,,,,,,,,,,16,,138,138,0,922650076,0,0,0,16,0,0.20691761374473572,1.0,-10.90036392211914,0.5950774550437927,1.0,0.603444954380393,2150.98046875,67.03369140625,,data/instances/train/real_06.cip
mix_16_0,8,492,492,A,,60.0,100,0.034311093389987946,0.3400048017501831,3.620774507522583,0.8068333333333333,,,,,,,,,,,,,,,,,,,,,16,,138,138,0,922650076,0,0,0,16,0,0.23427437245845795,1.0,-10.484416961669922,0.6331534385681152,1.0,0.6053907014429569,2150.98046875,67.03369140625,,data/instances/train/real_06.cip
mix_16_0,8,493,493,A,,60.0,100,0.03268735110759735,0.350608229637146,0.8130068182945251,0.80525,,,,,,,,,,,,,,,,,,,,,16,,141,141,0,928321152,0,0,0,16,0,0.24890819191932678,1.0,-10.131771087646484,0.5270550847053528,28.0,0.6042161248624325,2150.98046875,67.03369140625,,data/instances/train/real_06.cip
mix_16_0,8,494,494,A,,60.0,100,0.24052712321281433,1.3461852073669434,1.753416657447815,0.80525,,,,,,,,,,,,,,,,,,,,,14,,141,141,0,928321152,0,0,0,16,0,0.22635774314403534,1.0,-9.652570724487305,0.6463852524757385,28.0,0.58758151717484,2151.0234375,67.03369140625,,data/instances/train/real_06.cip
mix_16_0,8,495,495,A,,60.0,100,0.10320419818162918,0.9825023412704468,5.123686790466309,0.80525,,,,,,,,,,,,,,,,,,,,,15,,141,141,0,928321152,0,0,0,16,0,0.11345591396093369,1.0,-9.641312599182129,0.5842732191085815,28.0,0.6370549723505974,2151.03515625,67.03369140625,,data/instances/train/real_06.cip
mix_16_0,8,496,496,A,,60.0,100,0.5158293843269348,2.4946632385253906,8.834583282470703,0.80525,,,,,,,,,,,,,,,,,,,,,12,,141,141,0,928321152,0,0,0,16,0,0.21209551393985748,1.0,-9.351594924926758,0.6623730659484863,28.0,0.5824860092252493,2151.03515625,67.03369140625,,data/instances/train/real_06.cip
episode,8,496,496,A,,60.0,100,0.5158293843269348,2.4946632385253906,8.834583282470703,0.8036666666666666,-16.055,-16.0,-0.055,-16.055,True,17,61.116788,,,,,,,,inf,0.0,61.116788,11.487163,1.0,10061,12,False,141,141,0,928321152,0,0,0,16,0,,,,,54.11764705882353,,2151.03515625,67.03369140625,optimal,data/instances/train/real_06.cip
mix_16_0,9,497,497,A,,60.0,100,0.513765811920166,1.6417322158813477,6.031856536865234,0.8036666666666666,,,,,,,,,,,,,,,,,,,,,13,,141,141,0,928321152,0,0,0,16,0,0.3229443430900574,1.0,-9.737196922302246,0.6288182139396667,26.0,0.5080006793141365,2324.828125,67.03369140625,,data/instances/train/real_07.cip
mix_16_0,9,498,498,A,,60.0,100,0.04309903830289841,0.2968718409538269,2.4795327186584473,0.8036666666666666,,,,,,,,,,,,,,,,,,,,,16,,141,141,0,928321152,0,0,0,16,0,0.4793417155742645,1.0,-10.407903671264648,0.4884595274925232,26.0,0.6006844397634268,2324.828125,67.03369140625,,data/instances/train/real_07.cip
mix_16_0,9,499,499,A,,60.0,100,0.3095284700393677,1.0698069334030151,11.910964012145996,0.8036666666666666,,,,,,,,,,,,,,,,,,,,,15,,141,141,0,928321152,0,0,0,16,0,0.3160473108291626,1.0,-10.754579544067383,0.394103080034256,26.0,0.6073879860341549,2324.828125,67.03369140625,,data/instances/train/real_07.cip
mix_16_0,9,500,500,A,,60.0,100,0.3721100389957428,1.435849905014038,7.815095901489258,0.8036666666666666,,,,,,,,,,,,,,,,,,,,,14,,141,141,0,928321152,0,0,0,16,0,0.28936102986335754,1.0,-10.423484802246094,0.6530482172966003,26.0,0.5928155835717916,2324.828125,67.03369140625,,data/instances/train/real_07.cip
mix_16_0,9,501,501,A,,60.0,100,0.24746587872505188,2.06597900390625,3.4816999435424805,0.8020833333333334,,,,,,,,,,,,,,,,,,,,,13,,141,141,0,928321152,0,0,0,16,0,0.1222260519862175,1.0,-9.943284034729004,0.684011697769165,44.0,0.4930063672363758,2334.10546875,67.03369140625,,data/instances/train/real_07.cip
mix_16_0,9,502,502,A,,60.0,100,0.18656913936138153,1.569135069847107,3.4485528469085693,0.8020833333333334,,,,,,,,,,,,,,,,,,,,,14,,141,141,0,928321152,0,0,0,16,0,0.12369467318058014,1.0,-9.545563697814941,0.7190755605697632,44.0,0.5926455166190863,2334.10546875,67.03369140625,,data/instances/train/real_07.cip
mix_16_0,9,503,503,A,,60.0,100,0.15968060493469238,0.7304370403289795,9.861832618713379,0.8020833333333334,,,,,,,,,,,,,,,,,,,,,16,,141,141,0,928321152,0,0,0,16,0,0.28454890847206116,1.0,-9.585289001464844,0.4348243176937103,44.0,0.6095203887671232,2334.10546875,67.03369140625,,data/instances/train/real_07.cip
mix_16_0,9,504,504,A,,60.0,100,0.13290537893772125,1.0708024501800537,6.237880706787109,0.8020833333333334,,,,,,,,,,,,,,,,,,,,,15,,141,141,0,928321152,0,0,0,16,0,0.13523584604263306,1.0,-9.709054946899414,0.6398921608924866,44.0,0.616034522652626,2334.10546875,67.03369140625,,data/instances/train/real_07.cip
mix_16_0,9,505,505,A,,60.0,100,0.268873006105423,2.269943952560425,1.9805119037628174,0.8005,,,,,,,,,,,,,,,,,,,,,12,,142,142,0,935218416,0,0,0,16,0,0.12240992486476898,1.0,-9.481111526489258,0.9164604544639587,1.0,0.4990388248115778,2338.32421875,67.03369140625,,data/instances/train/real_07.cip
mix_16_0,9,506,506,A,,60.0,100,0.07759103178977966,0.776691198348999,0.9353232979774475,0.8005,,,,,,,,,,,,,,,,,,,,,15,,142,142,0,935218416,0,0,0,16,0,0.10522536933422089,1.0,-10.390630722045898,0.793931245803833,1.0,0.5962019115686417,2338.32421875,67.03369140625,,data/instances/train/real_07.cip
mix_16_0,9,507,507,A,,60.0,100,0.3088868260383606,1.2371923923492432,5.20067834854126,0.8005,,,,,,,,,,,,,,,,,,,,,14,,142,142,0,935218416,0,0,0,16,0,0.2847612798213959,1.0,-10.407403945922852,0.8676247596740723,1.0,0.6039929483085871,2338.328125,67.03369140625,,data/instances/train/real_07.cip
mix_16_0,9,508,508,A,,60.0,100,0.6385070085525513,3.1805291175842285,6.245875835418701,0.8005,,,,,,,,,,,,,,,,,,,,,10,,142,142,0,935218416,0,0,0,16,0,0.21121244132518768,1.0,-10.163324356079102,0.9534246325492859,1.0,0.5682939067482948,2338.328125,67.03369140625,,data/instances/train/real_07.cip
mix_16_0,9,509,509,A,,60.0,100,0.5154712200164795,1.7555792331695557,4.4668354988098145,0.7989166666666667,,,,,,,,,,,,,,,,,,,,,13,,143,143,0,941971192,0,0,0,16,0,0.3273065388202667,1.0,-10.551226615905762,0.8854053020477295,1.0,0.4833314083516598,2343.27734375,67.03369140625,,data/instances/train/real_07.cip
mix_16_0,9,510,510,A,,60.0,100,0.14390899240970612,0.9077214002609253,4.185304164886475,0.7989166666666667,,,,,,,,,,,,,,,,,,,,,15,,143,143,0,941971192,0,0,0,16,0,0.18168331682682037,1.0,-10.244147300720215,0.6437115669250488,1.0,0.595793329179287,2343.27734375,67.03369140625,,data/instances/train/real_07.cip
mix_16_0,9,511,511,A,,60.0,100,0.3291841745376587,2.2227816581726074,1.3758457899093628,0.7989166666666667,,,,,,,,,,,,,,,,,,,,,12,,143,143,0,941971192,0,0,0,16,0,0.15825852751731873,1.0,-9.425224304199219,0.9918519258499146,1.0,0.5655890554189682,2343.27734375,67.03369140625,,data/instances/train/real_07.cip
mix_16_0,9,512,512,A,,60.0,100,0.19399353861808777,1.3911916017532349,3.053847074508667,0.7989166666666667,,,,,,,,,,,,,,,,,,,,,14,,143,143,0,941971192,0,0,0,16,0,0.1469409465789795,1.0,-9.852875709533691,0.9186905026435852,1.0,0.61959039978683,2343.27734375,67.03369140625,,data/instances/train/real_07.cip
mix_16_0,9,513,513,A,,60.0,100,0.21095995604991913,0.9733238220214844,10.551094055175781,0.7973333333333333,,,,,,,,,,,,,,,,,,,,,15,,144,144,0,948724112,0,0,0,16,0,0.2437620759010315,1.0,-9.851608276367188,0.933998167514801,1.0,0.5096662286669016,2343.27734375,67.03369140625,,data/instances/train/real_07.cip
mix_16_0,9,514,514,A,,60.0,100,0.1992182433605194,1.0663280487060547,3.3480021953582764,0.7973333333333333,,,,,,,,,,,,,,,,,,,,,14,,144,144,0,948724112,0,0,0,16,0,0.2221522182226181,1.0,-10.370563507080078,0.8640035390853882,1.0,0.5725058224052191,2343.27734375,67.03369140625,,data/instances/train/real_07.cip
mix_16_0,9,515,515,A,,60.0,100,0.15884794294834137,0.8294932246208191,2.3019065856933594,0.7973333333333333,,,,,,,,,,,,,,,,,,,,,15,,144,144,0,948724112,0,0,0,16,0,0.2346254289150238,1.0,-10.215871810913086,0.9349586963653564,1.0,0.601586764678359,2343.27734375,67.03369140625,,data/instances/train/real_07.cip
mix_16_0,9,516,516,A,,60.0,100,0.309109091758728,1.7999143600463867,6.743622303009033,0.7973333333333333,,,,,,,,,,,,,,,,,,,,,13,,144,144,0,948724112,0,0,0,16,0,0.17854760587215424,1.0,-10.534828186035156,1.0248627662658691,1.0,0.5991580989211798,2343.27734375,67.03369140625,,data/instances/train/real_07.cip
mix_16_0,9,517,517,A,,60.0,100,0.19064675271511078,1.1069761514663696,7.291913032531738,0.79575,,,,,,,,,,,,,,,,,,,,,15,,145,145,0,955518564,0,0,0,16,0,0.17278526723384857,1.0,-10.788274765014648,0.7061506509780884,171.0,0.5149481948465109,2346.51171875,67.03369140625,,data/instances/train/real_07.cip
mix_16_0,9,518,518,A,,60.0,100,0.2997414469718933,2.024315118789673,3.409935474395752,0.79575,,,,,,,,,,,,,,,,,,,,,12,,145,145,0,955518564,0,0,0,16,0,0.16483666002750397,1.0,-10.085567474365234,1.1960034370422363,171.0,0.5492066480219364,2346.51171875,67.03369140625,,data/instances/train/real_07.cip
mix_16_0,9,519,519,A,,60.0,100,0.260567307472229,1.3963408470153809,2.018568754196167,0.79575,,,,,,,,,,,,,,,,,,,,,14,,145,145,0,955518564,0,0,0,16,0,0.20748020708560944,1.0,-10.34924030303955,0.9848653078079224,171.0,0.6138100028038025,2346.51171875,67.03369140625,,data/instances/train/real_07.cip
mix_16_0,9,520,520,A,,60.0,100,0.1661466360092163,0.7997716665267944,7.090583324432373,0.79575,,,,,,,,,,,,,,,,,,,,,15,,145,145,0,955518564,0,0,0,16,0,0.24221548438072205,1.0,-10.286128044128418,0.7131028175354004,171.0,0.6006294675171375,2346.51171875,67.03369140625,,data/instances/train/real_07.cip
mix_16_0,9,521,521,A,,60.0,100,0.2990944981575012,1.2942978143692017,4.754940986633301,0.7941666666666667,,,,,,,,,,,,,,,,,,,,,14,,146,146,0,962355636,0,0,0,16,0,0.2669627368450165,1.0,-10.029520988464355,1.1156806945800781,188.0,0.5063198320567608,2349.00390625,67.03369140625,,data/instances/train/real_07.cip
mix_16_0,9,522,522,A,,60.0,100,0.23922260105609894,0.8913061022758484,1.74302339553833,0.7941666666666667,,,,,,,,,,,,,,,,,,,,,15,,146,146,0,962355636,0,0,0,16,0,0.3287646472454071,1.0,-9.974893569946289,1.0257667303085327,188.0,0.5772978272289038,2349.00390625,67.03369140625,,data/instances/train/real_07.cip
mix_16_0,9,523,523,A,,60.0,100,0.510511040687561,1.8003931045532227,5.1435956954956055,0.7941666666666667,,,,,,,,,,,,,,,,,,,,,13,,146,146,0,962355636,0,0,0,16,0,0.31476640701293945,1.0,-10.376073837280273,1.2068626880645752,188.0,0.5821220818907022,2349.00390625,67.03369140625,,data/instances/train/real_07.cip
mix_16_0,9,524,524,A,,60.0,100,0.43521589040756226,1.764208436012268,4.481996536254883,0.7941666666666667,,,,,,,,,,,,,,,,,,,,,13,,146,146,0,962355636,0,0,0,16,0,0.2562103271484375,1.0,-10.124897956848145,1.2289336919784546,188.0,0.5954962130635977,2349.00390625,67.03369140625,,data/instances/train/real_07.cip
mix_16_0,9,525,525,A,,60.0,100,0.2064879834651947,1.043407917022705,4.193313121795654,0.7925833333333334,,,,,,,,,,,,,,,,,,,,,15,,147,147,0,969192596,0,0,0,16,0,0.22572456300258636,1.0,-9.94952392578125,0.795880138874054,116.0,0.5072003714740276,2354.1328125,67.03369140625,,data/instances/train/real_07.cip
mix_16_0,9,526,526,A,,60.0,100,0.09081483632326126,0.40227770805358887,2.8649964332580566,0.7925833333333334,,,,,,,,,,,,,,,,,,,,,16,,147,147,0,969192596,0,0,0,16,0,0.23870186507701874,1.0,-10.861079216003418,0.9181656837463379,116.0,0.5906320158392191,2354.1328125,67.03369140625,,data/instances/train/real_07.cip
mix_16_0,9,527,527,A,,60.0,100,0.11124104261398315,0.8761976957321167,0.5036030411720276,0.7925833333333334,,,,,,,,,,,,,,,,,,,,,15,,147,147,0,969192596,0,0,0,16,0,0.1422433704137802,1.0,-10.5740327835083,1.1894246339797974,116.0,0.6107371207326651,2354.1328125,67.03369140625,,data/instances/train/real_07.cip
mix_16_0,9,528,528,A,,60.0,100,0.35766440629959106,1.6838700771331787,0.4465653598308563,0.7925833333333334,,,,,,,,,,,,,,,,,,,,,13,,147,147,0,969192596,0,0,0,16,0,0.22832274436950684,1.0,-10.098402976989746,1.1552199125289917,116.0,0.5942159201949835,2354.1328125,67.03369140625,,data/instances/train/real_07.cip
mix_16_0,9,529,529,A,,60.0,100,0.5773354768753052,2.1072330474853516,0.8953587412834167,0.791,,,,,,,,,,,,,,,,,,,,,12,,148,148,0,976032872,0,0,0,16,0,0.29351651668548584,1.0,-10.084707260131836,1.106397271156311,61.0,0.49422537721693516,2356.60546875,67.03369140625,,data/instances/train/real_07.cip
mix_16_0,9,530,530,A,,60.0,100,0.35745924711227417,1.7409350872039795,4.428959846496582,0.791,,,,,,,,,,,,,,,,,,,,,13,,148,148,0,976032872,0,0,0,16,0,0.21710063517093658,1.0,-9.92480754852295,1.1615277528762817,61.0,0.5762648824602365,2356.60546875,67.03369140625,,data/instances/train/real_07.cip
mix_16_0,9,531,531,A,,60.0,100,0.3399849534034729,1.3487344980239868,7.175395488739014,0.791,,,,,,,,,,,,,,,,,,,,,14,,148,148,0,976032872,0,0,0,16,0,0.26456746459007263,1.0,-10.034503936767578,1.1078815460205078,61.0,0.6043630987405777,2356.60546875,67.03369140625,,data/instances/train/real_07.cip
mix_16_0,9,532,532,A,,60.0,100,0.5522801876068115,2.2630820274353027,3.192890167236328,0.791,,,,,,,,,,,,,,,,,,,,,12,,148,148,0,976032872,0,0,0,16,0,0.24845372140407562,1.0,-9.7174072265625,1.3588950634002686,61.0,0.5755189806222916,2356.60546875,67.03369140625,,data/instances/train/real_07.cip
mix_16_0,9,533,533,A,,60.0,100,0.3467961549758911,1.416961908340454,4.55029296875,0.7894166666666667,,,,,,,,,,,,,,,,,,,,,14,,149,149,0,982818564,0,0,0,16,0,0.2723786532878876,1.0,-10.212058067321777,0.8817043900489807,29.0,0.4925005827099085,2360.94921875,67.03369140625,,data/instances/train/real_07.cip
mix_16_0,9,534,534,A,,60.0,100,0.25331610441207886,1.2539403438568115,5.258836269378662,0.7894166666666667,,,,,,,,,,,,,,,,,,,,,14,,149,149,0,982818564,0,0,0,16,0,0.22894732654094696,1.0,-10.704209327697754,1.178788423538208,29.0,0.5731841139495373,2360.94921875,67.03369140625,,data/instances/train/real_07.cip
mix_16_0,9,535,535,A,,60.0,100,0.1923445612192154,1.542673110961914,4.4601569175720215,0.7894166666666667,,,,,,,,,,,,,,,,,,,,,14,,149,149,0,982818564,0,0,0,16,0,0.13754287362098694,1.0,-10.617425918579102,1.0285371541976929,29.0,0.5969090443104506,2360.9609375,67.03369140625,,data/instances/train/real_07.cip
mix_16_0,9,536,536,A,,60.0,100,0.4030269384384155,2.1308703422546387,4.703186988830566,0.7894166666666667,,,,,,,,,,,,,,,,,,,,,12,,149,149,0,982818564,0,0,0,16,0,0.20260071754455566,1.0,-10.464757919311523,1.2591732740402222,29.0,0.5899616647511721,2360.9609375,67.03369140625,,data/instances/train/real_07.cip
mix_16_0,9,537,537,A,,60.0,100,0.4114050567150116,1.849482536315918,2.5079426765441895,0.7878333333333334,,,,,,,,,,,,,,,,,,,,,13,,150,150,0,989924940,0,0,0,16,0,0.23881931602954865,1.0,-10.21858024597168,1.0382788181304932,36.0,0.4994670357555151,2365.3046875,67.03369140625,,data/instances/train/real_07.cip
mix_16_0,9,538,538,A,,60.0,100,0.09909139573574066,0.5522180795669556,7.424980163574219,0.7878333333333334,,,,,,,,,,,,,,,,,,,,,16,,150,150,0,989924940,0,0,0,16,0,0.36549484729766846,1.0,-10.60560131072998,0.9159106612205505,36.0,0.5890402086079121,2365.3046875,67.03369140625,,data/instances/train/real_07.cip
mix_16_0,9,539,539,A,,60.0,100,0.5818554162979126,3.0950889587402344,1.1442286968231201,0.7878333333333334,,,,,,,,,,,,,,,,,,,,,10,,150,150,0,989924940,0,0,0,16,0,0.19769249856472015,1.0,-9.646596908569336,1.1379213333129883,36.0,0.5580415353178978,2365.3046875,67.03369140625,,data/instances/train/real_07.cip
mix_16_0,9,540,540,A,,60.0,100,0.3293827772140503,1.4402990341186523,2.0369186401367188,0.7878333333333334,,,,,,,,,,,,,,,,,,,,,14,,150,150,0,989924940,0,0,0,16,0,0.26086190342903137,1.0,-10.420881271362305,1.1822562217712402,36.0,0.6049248445779085,2365.3046875,67.03369140625,,data/instances/train/real_07.cip
mix_16_0,9,541,541,A,,60.0,100,0.05440705269575119,0.41319477558135986,3.275367259979248,0.78625,,,,,,,,,,,,,,,,,,,,,16,,151,151,0,996990652,0,0,0,16,0,0.15235763788223267,1.0,-10.880317687988281,0.8046085238456726,187.0,0.527598962187767,2367.78515625,67.03369140625,,data/instances/train/real_07.cip
mix_16_0,9,542,542,A,,60.0,100,0.1254686415195465,0.7678652405738831,3.5960471630096436,0.78625,,,,,,,,,,,,,,,,,,,,,15,,151,151,0,996990652,0,0,0,16,0,0.21609874069690704,1.0,-10.929601669311523,1.0160783529281616,187.0,0.5796376951038837,2367.78515625,67.03369140625,,data/instances/train/real_07.cip
mix_16_0,9,543,543,A,,60.0,100,0.5939615368843079,2.5988235473632812,9.735894203186035,0.78625,,,,,,,,,,,,,,,,,,,,,11,,151,151,0,996990652,0,0,0,16,0,0.23385688662528992,1.0,-10.535967826843262,1.4559961557388306,187.0,0.5695471651852131,2367.78515625,67.03369140625,,data/instances/train/real_07.cip
mix_16_0,9,544,544,A,,60.0,100,0.2665982246398926,1.7125537395477295,3.8519251346588135,0.78625,,,,,,,,,,,,,,,,,,,,,13,,151,151,0,996990652,0,0,0,16,0,0.16511239111423492,1.0,-10.59286880493164,1.3828015327453613,187.0,0.6062092706561089,2367.78515625,67.03369140625,,data/instances/train/real_07.cip
mix_16_0,9,545,545,A,,60.0,100,0.1358257234096527,0.8210976719856262,3.720456123352051,0.7846666666666666,,,,,,,,,,,,,,,,,,,,,15,,152,152,0,1003816960,0,0,0,16,0,0.19120745360851288,1.0,-10.752650260925293,0.9206791520118713,170.0,0.5292679984122515,2372.39453125,67.03369140625,,data/instances/train/real_07.cip
mix_16_0,9,546,546,A,,60.0,100,0.100999616086483,0.8366492390632629,4.734534740447998,0.7846666666666666,,,,,,,,,,,,,,,,,,,,,15,,152,152,0,1003816960,0,0,0,16,0,0.14129769802093506,1.0,-10.215832710266113,1.0539915561676025,170.0,0.5770444720983505,2372.39453125,67.03369140625,,data/instances/train/real_07.cip
mix_16_0,9,547,547,A,,60.0,100,0.16203531622886658,1.6549756526947021,2.0825235843658447,0.7846666666666666,,,,,,,,,,,,,,,,,,,,,13,,152,152,0,1003816960,0,0,0,16,0,0.10047425329685211,1.0,-10.305212020874023,1.3035922050476074,170.0,0.5963868331164122,2372.39453125,67.03369140625,,data/instances/train/real_07.cip
mix_16_0,9,548,548,A,,60.0,100,0.10511269420385361,1.3803141117095947,0.429168701171875,0.7846666666666666,,,,,,,,,,,,,,,,,,,,,14,,152,152,0,1003816960,0,0,0,16,0,0.08385273069143295,1.0,-10.077783584594727,1.2230981588363647,170.0,0.6061620712280273,2372.39453125,67.03369140625,,data/instances/train/real_07.cip
episode,9,548,548,A,,60.0,100,0.10511269420385361,1.3803141117095947,0.429168701171875,0.7830833333333334,-13.0132,-13.0,-0.013200000000000002,-13.0132,True,14,62.1402,,,,,,,,inf,1e+20,120.0,inf,0.0,12421,14,True,154,154,0,1018108552,0,0,0,16,0,,,,,79.3076923076923,,2227.72265625,67.03369140625,timelimit,data/instances/train/real_07.cip
validation,10,548,548,A,,,,,,,,,,,,,,,1.0,9.210701,inf,0.0,9.210701,1.0,8436.0,,,,,,,,,154,154,0,1018108552,0,0,0,,,,,,,,,,,optimal,data/instances/validation/real_08.cip
mix_16_0,10,549,549,A,,60.0,100,0.3714770972728729,1.9153258800506592,2.6289734840393066,0.7830833333333334,,,,,,,,,,,,,,,,,,,,,13,,154,154,0,1018108552,0,0,0,16,0,0.2187647521495819,1.0,-10.64364242553711,1.0608468055725098,1.0,0.5171452574431896,2441.9609375,67.03369140625,,data/instances/transfer/real_01.cip
mix_16_0,10,550,550,A,,60.0,100,0.23559370636940002,1.3687387704849243,0.6934852004051208,0.7830833333333334,,,,,,,,,,,,,,,,,,,,,14,,154,154,0,1018108552,0,0,0,16,0,0.18735376000404358,1.0,-10.726507186889648,1.0150779485702515,1.0,0.594803599640727,2441.96484375,67.03369140625,,data/instances/transfer/real_01.cip
mix_16_0,10,551,551,A,,60.0,100,0.19376468658447266,1.201310634613037,0.44111424684524536,0.7830833333333334,,,,,,,,,,,,,,,,,,,,,14,,154,154,0,1018108552,0,0,0,16,0,0.19115060567855835,1.0,-10.500894546508789,1.3939883708953857,1.0,0.6058865115046501,2441.96484375,67.03369140625,,data/instances/transfer/real_01.cip
mix_16_0,10,552,552,A,,60.0,100,0.5626499056816101,2.58780574798584,7.471231937408447,0.7830833333333334,,,,,,,,,,,,,,,,,,,,,12,,154,154,0,1018108552,0,0,0,16,0,0.22750605642795563,1.0,-10.33913803100586,1.2126047611236572,1.0,0.5854354351758957,2441.96484375,67.03369140625,,data/instances/transfer/real_01.cip
mix_16_0,10,553,553,A,,60.0,100,0.3194417953491211,1.5493342876434326,1.1647999286651611,0.7815,,,,,,,,,,,,,,,,,,,,,13,,154,154,0,1018108552,0,0,0,16,0,0.2335108518600464,1.0,-9.873522758483887,1.424574375152588,84.0,0.5142677389085293,2441.96484375,67.03369140625,,data/instances/transfer/real_01.cip
mix_16_0,10,554,554,A,,60.0,100,0.3535504639148712,1.3593637943267822,10.680709838867188,0.7815,,,,,,,,,,,,,,,,,,,,,14,,154,154,0,1018108552,0,0,0,16,0,0.28390127420425415,1.0,-9.544824600219727,1.3347550630569458,84.0,0.5783007219433784,2441.96484375,67.03369140625,,data/instances/transfer/real_01.cip
mix_16_0,10,555,555,A,,60.0,100,0.27991312742233276,1.39457106590271,7.390536308288574,0.7815,,,,,,,,,,,,,,,,,,,,,14,,154,154,0,1018108552,0,0,0,16,0,0.22329466044902802,1.0,-9.957876205444336,1.148970365524292,84.0,0.5839157477021217,2441.96484375,67.03369140625,,data/instances/transfer/real_01.cip
mix_16_0,10,556,556,A,,60.0,100,0.18226802349090576,1.0036420822143555,1.3183730840682983,0.7815,,,,,,,,,,,,,,,,,,,,,15,,154,154,0,1018108552,0,0,0,16,0,0.2082180380821228,1.0,-10.437270164489746,1.1757605075836182,84.0,0.6180327478796244,2441.96484375,67.03369140625,,data/instances/transfer/real_01.cip
mix_16_0,10,557,557,A,,60.0,100,0.5446123480796814,2.8515167236328125,5.01193380355835,0.7799166666666667,,,,,,,,,,,,,,,,,,,,,10,,155,155,0,1028043176,0,0,0,16,0,0.18826058506965637,1.0,-10.075468063354492,1.799231767654419,389.0,0.4601058457046747,2446.98046875,67.03369140625,,data/instances/transfer/real_01.cip
mix_16_0,10,558,558,A,,60.0,100,0.32986539602279663,1.3017607927322388,8.231106758117676,0.7799166666666667,,,,,,,,,,,,,,,,,,,,,15,,155,155,0,1028043176,0,0,0,16,0,0.2557500898838043,1.0,-11.113094329833984,0.9869862794876099,389.0,0.5986710451543331,2446.984375,67.03369140625,,data/instances/transfer/real_01.cip
mix_16_0,10,559,559,A,,60.0,100,0.323317289352417,1.6989853382110596,5.623445510864258,0.7799166666666667,,,,,,,,,,,,,,,,,,,,,13,,155,155,0,1028043176,0,0,0,16,0,0.2009446769952774,1.0,-10.56471061706543,1.376837968826294,389.0,0.5999714881181717,2446.984375,67.03369140625,,data/instances/transfer/real_01.cip
mix_16_0,10,560,560,A,,60.0,100,0.26737767457962036,1.2875323295593262,2.127992630004883,0.7799166666666667,,,,,,,,,,,,,,,,,,,,,14,,155,155,0,1028043176,0,0,0,16,0,0.21823281049728394,1.0,-10.568716049194336,1.5258294343948364,389.0,0.6023625135421753,2446.984375,67.03369140625,,data/instances/transfer/real_01.cip
mix_16_0,10,561,561,A,,60.0,100,0.24217957258224487,1.0351176261901855,5.0377960205078125,0.7783333333333333,,,,,,,,,,,,,,,,,,,,,15,,156,156,0,1037638060,0,0,0,16,0,0.2525341808795929,1.0,-10.47858715057373,0.9701500535011292,25.0,0.5396028868854046,2451.328125,67.03369140625,,data/instances/transfer/real_01.cip
mix_16_0,10,562,562,A,,60.0,100,0.1281909942626953,0.7242386937141418,4.102170467376709,0.7783333333333333,,,,,,,,,,,,,,,,,,,,,15,,156,156,0,1037638060,0,0,0,16,0,0.22819305956363678,1.0,-9.793001174926758,1.5021718740463257,25.0,0.5674360413104296,2451.328125,67.03369140625,,data/instances/transfer/real_01.cip
mix_16_0,10,563,563,A,,60.0,100,0.23935069143772125,1.7841511964797974,3.7644262313842773,0.7783333333333333,,,,,,,,,,,,,,,,,,,,,13,,156,156,0,1037638060,0,0,0,16,0,0.13777421414852142,1.0,-10.482236862182617,1.3465852737426758,25.0,0.5960872005671263,2451.328125,67.03369140625,,data/instances/transfer/real_01.cip
mix_16_0,10,564,564,A,,60.0,100,0.06158297508955002,0.36629289388656616,2.245199680328369,0.7783333333333333,,,,,,,,,,,,,,,,,,,,,16,,156,156,0,1037638060,0,0,0,16,0,0.3315850496292114,1.0,-11.109415054321289,0.9153600931167603,25.0,0.6098564639687538,2451.328125,67.03369140625,,data/instances/transfer/real_01.cip
mix_16_0,10,565,565,A,,60.0,100,0.3643818497657776,2.064457654953003,4.806885719299316,0.77675,,,,,,,,,,,,,,,,,,,,,12,,157,157,0,1047205432,0,0,0,16,0,0.18241430819034576,1.0,-10.333953857421875,1.6939008235931396,1.0,0.4849377293139696,2452.89453125,67.03369140625,,data/instances/transfer/real_01.cip
mix_16_0,10,566,566,A,,60.0,100,0.3389378488063812,1.769688367843628,1.2634563446044922,0.77675,,,,,,,,,,,,,,,,,,,,,13,,157,157,0,1047205432,0,0,0,16,0,0.19689029455184937,1.0,-10.025763511657715,1.426565170288086,1.0,0.5721217282116413,2452.89453125,67.03369140625,,data/instances/transfer/real_01.cip
mix_16_0,10,567,567,A,,60.0,100,0.09228590130805969,0.6944168210029602,0.9401528239250183,0.77675,,,,,,,,,,,,,,,,,,,,,15,,157,157,0,1047205432,0,0,0,16,0,0.17229345440864563,1.0,-10.689739227294922,1.2960312366485596,1.0,0.6004877742379904,2452.89453125,67.03369140625,,data/instances/transfer/real_01.cip
mix_16_0,10,568,568,A,,60.0,100,0.23971045017242432,1.6726151704788208,3.5835676193237305,0.77675,,,,,,,,,,,,,,,,,,,,,13,,157,157,0,1047205432,0,0,0,16,0,0.16034111380577087,1.0,-10.062604904174805,1.3977015018463135,1.0,0.588372740894556,2452.89453125,67.03369140625,,data/instances/transfer/real_01.cip
mix_16_0,10,569,569,A,,60.0,100,0.19052323698997498,1.4024852514266968,2.581162691116333,0.7751666666666667,,,,,,,,,,,,,,,,,,,,,14,,158,158,0,1056764232,0,0,0,16,0,0.1353740692138672,1.0,-10.673595428466797,1.26996910572052,628.0,0.4958136770874262,2459.375,67.03369140625,,data/instances/transfer/real_01.cip
mix_16_0,10,570,570,A,,60.0,100,0.07409442961215973,0.7404159307479858,0.39440348744392395,0.7751666666666667,,,,,,,,,,,,,,,,,,,,,15,,158,158,0,1056764232,0,0,0,16,0,0.1365174800157547,1.0,-10.917765617370605,1.5134224891662598,628.0,0.5766149889677763,2459.375,67.03369140625,,data/instances/transfer/real_01.cip
mix_16_0,10,571,571,A,,60.0,100,0.33006545901298523,1.8809261322021484,2.6455039978027344,0.7751666666666667,,,,,,,,,,,,,,,,,,,,,12,,158,158,0,1056764232,0,0,0,16,0,0.195387601852417,1.0,-10.790884971618652,1.868360996246338,628.0,0.5830462519079447,2459.375,67.03369140625,,data/instances/transfer/real_01.cip
mix_16_0,10,572,572,A,,60.0,100,0.28317826986312866,1.3600789308547974,3.09539532661438,0.7751666666666667,,,,,,,,,,,,,,,,,,,,,14,,158,158,0,1056764232,0,0,0,16,0,0.22704379260540009,1.0,-11.231924057006836,1.145558476448059,628.0,0.603661697357893,2459.375,67.03369140625,,data/instances/transfer/real_01.cip
mix_16_0,10,573,573,A,,60.0,100,0.3209587037563324,1.6804611682891846,2.7235469818115234,0.7735833333333333,,,,,,,,,,,,,,,,,,,,,13,,159,159,0,1066322560,0,0,0,16,0,0.20869150757789612,1.0,-10.950706481933594,1.4620708227157593,441.0,0.4995054751634598,2465.23046875,67.03369140625,,data/instances/transfer/real_01.cip
mix_16_0,10,574,574,A,,60.0,100,0.11224426329135895,0.572058916091919,6.399707794189453,0.7735833333333333,,,,,,,,,,,,,,,,,,,,,16,,159,159,0,1066322560,0,0,0,16,0,0.2563769221305847,1.0,-10.294771194458008,0.9325833916664124,441.0,0.5963046085089445,2465.23046875,67.03369140625,,data/instances/transfer/real_01.cip
mix_16_0,10,575,575,A,,60.0,100,0.2834225296974182,1.1429210901260376,3.827798366546631,0.7735833333333333,,,,,,,,,,,,,,,,,,,,,14,,159,159,0,1066322560,0,0,0,16,0,0.29053419828414917,1.0,-10.481141090393066,1.5759800672531128,441.0,0.5960057880729437,2465.23046875,67.03369140625,,data/instances/transfer/real_01.cip
mix_16_0,10,576,576,A,,60.0,100,0.361253559589386,1.635622262954712,1.1929254531860352,0.7735833333333333,,,,,,,,,,,,,,,,,,,,,13,,159,159,0,1066322560,0,0,0,16,0,0.23003296554088593,1.0,-10.623136520385742,1.7675724029541016,441.0,0.5969913229346275,2465.23046875,67.03369140625,,data/instances/transfer/real_01.cip
mix_16_0,10,577,577,A,,60.0,100,0.4578055143356323,2.530552387237549,2.3288023471832275,0.772,,,,,,,,,,,,,,,,,,,,,11,,160,160,0,1075860472,0,0,0,16,0,0.18907281756401062,1.0,-10.001155853271484,1.7742856740951538,189.0,0.4932423084974289,2469.57421875,67.03369140625,,data/instances/transfer/real_01.cip
mix_16_0,10,578,578,A,,60.0,100,0.035996876657009125,0.32586371898651123,2.7047841548919678,0.772,,,,,,,,,,,,,,,,,,,,,16,,160,160,0,1075860472,0,0,0,16,0,0.2706569731235504,1.0,-11.513660430908203,0.7886815071105957,189.0,0.6015036571770906,2469.57421875,67.03369140625,,data/instances/transfer/real_01.cip
mix_16_0,10,579,579,A,,60.0,100,0.28861674666404724,1.749436616897583,0.815459132194519,0.772,,,,,,,,,,,,,,,,,,,,,13,,160,160,0,1075860472,0,0,0,16,0,0.17902269959449768,1.0,-11.121271133422852,1.2890156507492065,189.0,0.5721912737935781,2469.57421875,67.03369140625,,data/instances/transfer/real_01.cip
mix_16_0,10,580,580,A,,60.0,100,0.24712271988391876,1.5490386486053467,5.36580753326416,0.772,,,,,,,,,,,,,,,,,,,,,13,,160,160,0,1075860472,0,0,0,16,0,0.17894822359085083,1.0,-10.353546142578125,2.043562173843384,189.0,0.604361018165946,2469.57421875,67.03369140625,,data/instances/transfer/real_01.cip
mix_16_0,10,581,581,A,,60.0,100,0.12763917446136475,0.8649204969406128,5.616156578063965,0.7704166666666666,,,,,,,,,,,,,,,,,,,,,15,,161,161,0,1085382784,0,0,0,16,0,0.1824418008327484,1.0,-11.004714012145996,1.014312982559204,1.0,0.520821051672101,2473.84765625,67.03369140625,,data/instances/transfer/real_01.cip
mix_16_0,10,582,582,A,,60.0,100,0.19242717325687408,2.152961254119873,0.8324308395385742,0.7704166666666666,,,,,,,,,,,,,,,,,,,,,12,,161,161,0,1085382784,0,0,0,16,0,0.09789220988750458,1.0,-10.586069107055664,1.4389902353286743,1.0,0.568862171843648,2473.86328125,67.03369140625,,data/instances/transfer/real_01.cip
mix_16_0,10,583,583,A,,60.0,100,0.16709282994270325,1.146215796470642,3.6696200370788574,0.7704166666666666,,,,,,,,,,,,,,,,,,,,,14,,161,161,0,1085382784,0,0,0,16,0,0.15969164669513702,1.0,-10.623329162597656,1.377132773399353,1.0,0.6060324311256409,2473.86328125,67.03369140625,,data/instances/transfer/real_01.cip
mix_16_0,10,584,584,A,,60.0,100,0.19661971926689148,0.7884402871131897,3.674834966659546,0.7704166666666666,,,,,,,,,,,,,,,,,,,,,15,,161,161,0,1085382784,0,0,0,16,0,0.29758936166763306,1.0,-10.83198356628418,1.3172146081924438,1.0,0.6082168780267239,2473.86328125,67.03369140625,,data/instances/transfer/real_01.cip
mix_16_0,10,585,585,A,,60.0,100,0.21422657370567322,1.6120294332504272,4.508217811584473,0.7688333333333334,,,,,,,,,,,,,,,,,,,,,13,,162,162,0,1094906096,0,0,0,16,0,0.130029559135437,1.0,-10.483288764953613,1.6124025583267212,544.0,0.5039661098271608,2476.5546875,67.03369140625,,data/instances/transfer/real_01.cip
mix_16_0,10,586,586,A,,60.0,100,0.47430622577667236,1.4824432134628296,8.507389068603516,0.7688333333333334,,,,,,,,,,,,,,,,,,,,,13,,162,162,0,1094906096,0,0,0,16,0,0.37827542424201965,1.0,-10.067007064819336,1.9538724422454834,544.0,0.5773932654410601,2476.5546875,67.03369140625,,data/instances/transfer/real_01.cip
mix_16_0,10,587,587,A,,60.0,100,0.3121752142906189,1.9094109535217285,6.0398640632629395,0.7688333333333334,,,,,,,,,,,,,,,,,,,,,13,,162,162,0,1094906096,0,0,0,16,0,0.1628604233264923,1.0,-10.900703430175781,1.1621097326278687,544.0,0.578963965177536,2476.5546875,67.03369140625,,data/instances/transfer/real_01.cip
mix_16_0,10,588,588,A,,60.0,100,0.22805175185203552,1.4756239652633667,4.502702236175537,0.7688333333333334,,,,,,,,,,,,,,,,,,,,,14,,162,162,0,1094906096,0,0,0,16,0,0.1698896735906601,1.0,-11.11375617980957,1.4960808753967285,544.0,0.6129989754408598,2476.5546875,67.03369140625,,data/instances/transfer/real_01.cip
mix_16_0,10,589,589,A,,60.0,100,0.6717371344566345,4.3431477546691895,7.394996643066406,0.76725,,,,,,,,,,,,,,,,,,,,,8,,163,163,0,1104409452,0,0,0,16,0,0.15760162472724915,1.0,-10.188797950744629,1.6087594032287598,57.0,0.4487284757196903,2480.3046875,67.03369140625,,data/instances/transfer/real_01.cip
mix_16_0,10,590,590,A,,60.0,100,0.0862777978181839,0.9563339948654175,2.5679664611816406,0.76725,,,,,,,,,,,,,,,,,,,,,14,,163,163,0,1104409452,0,0,0,16,0,0.10107789933681488,1.0,-11.144576072692871,2.117887258529663,57.0,0.5881953071802855,2480.328125,67.03369140625,,data/instances/transfer/real_01.cip
mix_16_0,10,591,591,A,,60.0,100,0.128205806016922,0.864702582359314,2.954228162765503,0.76725,,,,,,,,,,,,,,,,,,,,,15,,163,163,0,1104409452,0,0,0,16,0,0.16256701946258545,1.0,-11.125909805297852,1.3254125118255615,57.0,0.6132581140846014,2480.328125,67.03369140625,,data/instances/transfer/real_01.cip
mix_16_0,10,592,592,A,,60.0,100,0.3538327217102051,1.6752715110778809,4.775099277496338,0.76725,,,,,,,,,,,,,,,,,,,,,13,,163,163,0,1104409452,0,0,0,16,0,0.22686876356601715,1.0,-10.225927352905273,1.3000434637069702,57.0,0.5936952866613865,2480.328125,67.03369140625,,data/instances/transfer/real_01.cip
mix_16_0,10,593,593,A,,60.0,100,0.2441330999135971,0.9124985337257385,9.568719863891602,0.7656666666666667,,,,,,,,,,,,,,,,,,,,,15,,164,164,0,1113900224,0,0,0,16,0,0.2432595044374466,1.0,-10.493108749389648,1.471559762954712,152.0,0.5485782884061337,2486.265625,67.03369140625,,data/instances/transfer/real_01.cip
mix_16_0,10,594,594,A,,60.0,100,0.603743314743042,3.050635814666748,0.809013843536377,0.7656666666666667,,,,,,,,,,,,,,,,,,,,,11,,164,164,0,1113900224,0,0,0,16,0,0.21116572618484497,1.0,-10.53258991241455,1.7413835525512695,152.0,0.5552409030497074,2486.265625,67.03369140625,,data/instances/transfer/real_01.cip
mix_16_0,10,595,595,A,,60.0,100,0.07866259664297104,0.9446887969970703,2.17431902885437,0.7656666666666667,,,,,,,,,,,,,,,,,,,,,15,,164,164,0,1113900224,0,0,0,16,0,0.09183502942323685,1.0,-11.100385665893555,1.3232243061065674,152.0,0.6065700929611921,2486.265625,67.03369140625,,data/instances/transfer/real_01.cip
mix_16_0,10,596,596,A,,60.0,100,0.18807707726955414,0.9109602570533752,2.694185972213745,0.7656666666666667,,,,,,,,,,,,,,,,,,,,,15,,164,164,0,1113900224,0,0,0,16,0,0.23806078732013702,1.0,-11.336126327514648,1.519601583480835,152.0,0.6015621237456799,2486.265625,67.03369140625,,data/instances/transfer/real_01.cip
mix_16_0,10,597,597,A,,60.0,100,0.331814706325531,1.3689227104187012,8.594847679138184,0.7640833333333333,,,,,,,,,,,,,,,,,,,,,14,,165,165,0,1123392008,0,0,0,16,0,0.2454870343208313,1.0,-11.16364860534668,1.4860389232635498,358.0,0.5185854211449623,2488.96484375,67.03369140625,,data/instances/transfer/real_01.cip
mix_16_0,10,598,598,A,,60.0,100,0.16559013724327087,1.2083035707473755,3.6104767322540283,0.7640833333333333,,,,,,,,,,,,,,,,,,,,,14,,165,165,0,1123392008,0,0,0,16,0,0.14960935711860657,1.0,-10.943260192871094,1.2383829355239868,358.0,0.5658264495432377,2488.96484375,67.03369140625,,data/instances/transfer/real_01.cip
mix_16_0,10,599,599,A,,60.0,100,0.36909595131874084,1.736217975616455,4.998929500579834,0.7640833333333333,,,,,,,,,,,,,,,,,,,,,13,,165,165,0,1123392008,0,0,0,16,0,0.22682926058769226,1.0,-10.802696228027344,1.8229024410247803,358.0,0.5916434321552515,2488.96484375,67.03369140625,,data/instances/transfer/real_01.cip
mix_16_0,10,600,600,A,,60.0,100,0.4214928150177002,1.5047250986099243,13.294535636901855,0.7640833333333333,,,,,,,,,,,,,,,,,,,,,15,,165,165,0,1123392008,0,0,0,16,0,0.2603244483470917,1.0,-10.059374809265137,1.4207350015640259,358.0,0.6172685008496046,2488.96484375,67.03369140625,,data/instances/transfer/real_01.cip
mix_16_0,10,601,601,A,,60.0,100,0.26973533630371094,1.0328869819641113,5.466418743133545,0.7625,,,,,,,,,,,,,,,,,,,,,15,,166,166,0,1132827460,0,0,0,16,0,0.2693919837474823,1.0,-10.62186050415039,1.6927820444107056,268.0,0.5051634721457958,2497.05859375,67.03369140625,,data/instances/transfer/real_01.cip
mix_16_0,10,602,602,A,,60.0,100,0.11424814909696579,0.8860667943954468,3.1897809505462646,0.7625,,,,,,,,,,,,,,,,,,,,,15,,166,166,0,1132827460,0,0,0,16,0,0.14937302470207214,1.0,-11.80162525177002,0.9967111945152283,268.0,0.5822346452623606,2497.05859375,67.03369140625,,data/instances/transfer/real_01.cip
mix_16_0,10,603,603,A,,60.0,100,0.31352248787879944,1.237908124923706,5.305929183959961,0.7625,,,,,,,,,,,,,,,,,,,,,14,,166,166,0,1132827460,0,0,0,16,0,0.28622496128082275,1.0,-11.308387756347656,1.78782320022583,268.0,0.6048657353967428,2497.05859375,67.03369140625,,data/instances/transfer/real_01.cip
mix_16_0,10,604,604,A,,60.0,100,0.37980133295059204,1.7232680320739746,7.440918445587158,0.7625,,,,,,,,,,,,,,,,,,,,,13,,166,166,0,1132827460,0,0,0,16,0,0.229532852768898,1.0,-11.188361167907715,1.9013603925704956,268.0,0.5864908657968044,2497.05859375,67.03369140625,,data/instances/transfer/real_01.cip
episode,10,604,604,A,,60.0,100,0.37980133295059204,1.7232680320739746,7.440918445587158,0.7609166666666667,-14.0306,-14.0,-0.030600000000000002,-14.0306,True,15,60.105747,,,,,,,,inf,0.29386156960713816,120.0,14.16668,0.0,21434,13,True,168,168,0,1151686792,0,0,0,16,0,,,,,224.14285714285714,,2316.328125,67.03369140625,timelimit,data/instances/transfer/real_01.cip
mix_16_0,11,605,605,A,,60.0,100,0.22410762310028076,2.2010605335235596,1.434243083000183,0.7609166666666667,,,,,,,,,,,,,,,,,,,,,12,,168,168,0,1151686792,0,0,0,16,0,0.10582578182220459,1.0,-10.5027437210083,1.8076965808868408,12.0,0.5119817722588778,2515.26171875,67.03369140625,,data/instances/transfer/real_03.cip
mix_16_0,11,606,606,A,,60.0,100,0.09983458369970322,0.45150452852249146,1.8256911039352417,0.7609166666666667,,,,,,,,,,,,,,,,,,,,,16,,168,168,0,1151686792,0,0,0,16,0,0.2479790598154068,1.0,-11.17558765411377,1.2155487537384033,12.0,0.571230560541153,2515.26953125,67.03369140625,,data/instances/transfer/real_03.cip
mix_16_0,11,607,607,A,,60.0,100,0.210850328207016,1.210869550704956,3.963266611099243,0.7609166666666667,,,,,,,,,,,,,,,,,,,,,14,,168,168,0,1151686792,0,0,0,16,0,0.19050920009613037,1.0,-10.119786262512207,1.9437544345855713,12.0,0.5952190980315208,2515.2734375,67.03369140625,,data/instances/transfer/real_03.cip
mix_16_0,11,608,608,A,,60.0,100,0.49290764331817627,1.8984010219573975,10.486467361450195,0.7609166666666667,,,,,,,,,,,,,,,,,,,,,13,,168,168,0,1151686792,0,0,0,16,0,0.24905698001384735,1.0,-9.659330368041992,1.8386300802230835,12.0,0.58600914478302,2515.2734375,67.03369140625,,data/instances/transfer/real_03.cip
mix_16_0,11,609,609,A,,60.0,100,0.2937225103378296,1.6201485395431519,1.7485125064849854,0.7593333333333333,,,,,,,,,,,,,,,,,,,,,13,,168,168,0,1151686792,0,0,0,16,0,0.20481306314468384,1.0,-10.749917984008789,1.7368193864822388,97.0,0.48925633169710636,2515.30078125,67.03369140625,,data/instances/transfer/real_03.cip
mix_16_0,11,610,610,A,,60.0,100,0.30936017632484436,1.0764014720916748,2.652981996536255,0.7593333333333333,,,,,,,,,,,,,,,,,,,,,15,,168,168,0,1151686792,0,0,0,16,0,0.3372880220413208,1.0,-11.32972526550293,1.459917664527893,97.0,0.5925667695701122,2515.30078125,67.03369140625,,data/instances/transfer/real_03.cip
mix_16_0,11,611,611,A,,60.0,100,0.2540743947029114,1.6190516948699951,8.02180290222168,0.7593333333333333,,,,,,,,,,,,,,,,,,,,,13,,168,168,0,1151686792,0,0,0,16,0,0.16982707381248474,1.0,-11.209060668945312,1.7972487211227417,97.0,0.5942075606435537,2515.30078125,67.03369140625,,data/instances/transfer/real_03.cip
mix_16_0,11,612,612,A,,60.0,100,0.28314700722694397,1.4111196994781494,6.68739128112793,0.7593333333333333,,,,,,,,,,,,,,,,,,,,,14,,168,168,0,1151686792,0,0,0,16,0,0.2146744579076767,1.0,-10.837396621704102,1.2352522611618042,97.0,0.5943336822092533,2515.30078125,67.03369140625,,data/instances/transfer/real_03.cip
mix_16_0,11,613,613,A,,60.0,100,0.04385574162006378,0.38888120651245117,5.1051177978515625,0.75775,,,,,,,,,,,,,,,,,,,,,16,,169,169,0,1158027656,0,0,0,16,0,0.31076329946517944,1.0,-11.465466499328613,0.7554138898849487,204.0,0.5254303328692913,2515.30078125,67.03369140625,,data/instances/transfer/real_03.cip
mix_16_0,11,614,614,A,,60.0,100,0.24406108260154724,1.4271538257598877,2.517787218093872,0.75775,,,,,,,,,,,,,,,,,,,,,13,,169,169,0,1158027656,0,0,0,16,0,0.18580417335033417,1.0,-10.838603019714355,2.0349373817443848,204.0,0.5580369830131531,2515.30078125,67.03369140625,,data/instances/transfer/real_03.cip
mix_16_0,11,615,615,A,,60.0,100,0.24084077775478363,1.2250087261199951,1.2520294189453125,0.75775,,,,,,,,,,,,,,,,,,,,,14,,169,169,0,1158027656,0,0,0,16,0,0.2206038534641266,1.0,-10.990068435668945,1.7855846881866455,204.0,0.6104047875851393,2515.30078125,67.03369140625,,data/instances/transfer/real_03.cip
mix_16_0,11,616,616,A,,60.0,100,0.4989706873893738,1.8517903089523315,8.318726539611816,0.75775,,,,,,,,,,,,,,,,,,,,,13,,169,169,0,1158027656,0,0,0,16,0,0.27454832196235657,1.0,-10.212625503540039,1.8466073274612427,204.0,0.5912495236843824,2515.30078125,67.03369140625,,data/instances/transfer/real_03.cip
mix_16_0,11,617,617,A,,60.0,100,0.3000769317150116,1.299304723739624,3.616800546646118,0.7561666666666667,,,,,,,,,,,,,,,,,,,,,14,,170,170,0,1164319980,0,0,0,16,0,0.2434987872838974,1.0,-10.567659378051758,1.8649991750717163,30.0,0.4989864230155945,2517.03125,67.03369140625,,data/instances/transfer/real_03.cip
mix_16_0,11,618,618,A,,60.0,100,0.0693129226565361,0.3984377384185791,1.4314560890197754,0.7561666666666667,,,,,,,,,,,,,,,,,,,,,16,,170,170,0,1164319980,0,0,0,16,0,0.38613027334213257,1.0,-11.507863998413086,0.9245848655700684,30.0,0.5805899035185575,2517.03125,67.03369140625,,data/instances/transfer/real_03.cip
mix_16_0,11,619,619,A,,60.0,100,0.32706645131111145,2.2408487796783447,2.4689571857452393,0.7561666666666667,,,,,,,,,,,,,,,,,,,,,12,,170,170,0,1164319980,0,0,0,16,0,0.1519678235054016,1.0,-10.38444995880127,2.01347279548645,30.0,0.5822903867810965,2517.03125,67.03369140625,,data/instances/transfer/real_03.cip
mix_16_0,11,620,620,A,,60.0,100,0.1643296480178833,0.8376927971839905,3.7100040912628174,0.7561666666666667,,,,,,,,,,,,,,,,,,,,,15,,170,170,0,1164319980,0,0,0,16,0,0.23556487262248993,1.0,-11.570525169372559,1.8242915868759155,30.0,0.6030860505998135,2517.03125,67.03369140625,,data/instances/transfer/real_03.cip
mix_16_0,11,621,621,A,,60.0,100,0.2674698829650879,1.8314597606658936,1.9928655624389648,0.7545833333333334,,,,,,,,,,,,,,,,,,,,,13,,171,171,0,1170426552,0,0,0,16,0,0.15211769938468933,1.0,-10.825326919555664,1.9344834089279175,159.0,0.5088620577007532,2523.78125,67.03369140625,,data/instances/transfer/real_03.cip
mix_16_0,11,622,622,A,,60.0,100,0.19813033938407898,1.5747921466827393,1.418393611907959,0.7545833333333334,,,,,,,,,,,,,,,,,,,,,14,,171,171,0,1170426552,0,0,0,16,0,0.14110156893730164,1.0,-11.23872184753418,1.8186683654785156,159.0,0.5784836169332266,2523.78125,67.03369140625,,data/instances/transfer/real_03.cip
mix_16_0,11,623,623,A,,60.0,100,0.30934402346611023,1.7734524011611938,3.620776653289795,0.7545833333333334,,,,,,,,,,,,,,,,,,,,,13,,171,171,0,1170426552,0,0,0,16,0,0.19115665555000305,1.0,-10.80910873413086,1.5014050006866455,159.0,0.5904098320752382,2523.78125,67.03369140625,,data/instances/transfer/real_03.cip
mix_16_0,11,624,624,A,,60.0,100,0.6116945147514343,2.710456371307373,1.443458914756775,0.7545833333333334,,,,,,,,,,,,,,,,,,,,,11,,171,171,0,1170426552,0,0,0,16,0,0.23387719690799713,1.0,-10.403697967529297,2.025860548019409,159.0,0.5704791601747274,2523.78125,67.03369140625,,data/instances/transfer/real_03.cip
mix_16_0,11,625,625,A,,60.0,100,0.26015937328338623,1.1564106941223145,7.836684703826904,0.753,,,,,,,,,,,,,,,,,,,,,15,,172,172,0,1176529104,0,0,0,16,0,0.22504191100597382,1.0,-11.017276763916016,1.5447989702224731,39.0,0.524646945297718,2525.94921875,67.03369140625,,data/instances/transfer/real_03.cip
mix_16_0,11,626,626,A,,60.0,100,0.16794587671756744,1.1082143783569336,6.547229766845703,0.753,,,,,,,,,,,,,,,,,,,,,15,,172,172,0,1176529104,0,0,0,16,0,0.17240376770496368,1.0,-10.792927742004395,1.3781572580337524,39.0,0.5802984926849604,2525.94921875,67.03369140625,,data/instances/transfer/real_03.cip
mix_16_0,11,627,627,A,,60.0,100,0.08650989830493927,0.6228927969932556,6.95141077041626,0.753,,,,,,,,,,,,,,,,,,,,,16,,172,172,0,1176529104,0,0,0,16,0,0.2484939843416214,1.0,-12.360357284545898,1.0349265336990356,39.0,0.6034545004367828,2525.94921875,67.03369140625,,data/instances/transfer/real_03.cip
mix_16_0,11,628,628,A,,60.0,100,0.348746657371521,1.6219353675842285,9.804034233093262,0.753,,,,,,,,,,,,,,,,,,,,,14,,172,172,0,1176529104,0,0,0,16,0,0.21803437173366547,1.0,-11.797465324401855,1.244248867034912,39.0,0.5940971933305264,2525.94921875,67.03369140625,,data/instances/transfer/real_03.cip
mix_16_0,11,629,629,A,,60.0,100,0.7017505168914795,2.7624402046203613,9.491987228393555,0.7514166666666666,,,,,,,,,,,,,,,,,,,,,11,,173,173,0,1182624860,0,0,0,16,0,0.26347824931144714,1.0,-11.298774719238281,2.123156785964966,36.0,0.47151325456798077,2528.02734375,67.03369140625,,data/instances/transfer/real_03.cip
mix_16_0,11,630,630,A,,60.0,100,0.34493306279182434,1.3412086963653564,8.093422889709473,0.7514166666666666,,,,,,,,,,,,,,,,,,,,,14,,173,173,0,1182624860,0,0,0,16,0,0.2615564167499542,1.0,-10.916358947753906,1.8235340118408203,36.0,0.5921259000897408,2528.1328125,67.03369140625,,data/instances/transfer/real_03.cip
mix_16_0,11,631,631,A,,60.0,100,0.1936682164669037,1.4597067832946777,4.215851783752441,0.7514166666666666,,,,,,,,,,,,,,,,,,,,,14,,173,173,0,1182624860,0,0,0,16,0,0.14424008131027222,1.0,-10.94649887084961,1.501932144165039,36.0,0.5996858365833759,2528.1328125,67.03369140625,,data/instances/transfer/real_03.cip
mix_16_0,11,632,632,A,,60.0,100,0.20140430331230164,0.9285058975219727,9.42679214477539,0.7514166666666666,,,,,,,,,,,,,,,,,,,,,15,,173,173,0,1182624860,0,0,0,16,0,0.25002068281173706,1.0,-11.091474533081055,1.7727148532867432,36.0,0.6023259442299604,2528.1328125,67.03369140625,,data/instances/transfer/real_03.cip
mix_16_0,11,633,633,A,,60.0,100,0.05509953945875168,0.36323344707489014,2.143235921859741,0.7498333333333334,,,,,,,,,,,,,,,,,,,,,16,,174,174,0,1188717228,0,0,0,16,0,0.23125910758972168,1.0,-11.559663772583008,0.8823261260986328,129.0,0.5049787610769272,2532.46875,67.03369140625,,data/instances/transfer/real_03.cip
mix_16_0,11,634,634,A,,60.0,100,0.2850364148616791,1.3715555667877197,3.8448193073272705,0.7498333333333334,,,,,,,,,,,,,,,,,,,,,14,,174,174,0,1188717228,0,0,0,16,0,0.22468481957912445,1.0,-11.06291389465332,1.4637221097946167,129.0,0.5766895022243261,2532.46875,67.03369140625,,data/instances/transfer/real_03.cip
mix_16_0,11,635,635,A,,60.0,100,0.19845055043697357,0.9453630447387695,1.35873544216156,0.7498333333333334,,,,,,,,,,,,,,,,,,,,,15,,174,174,0,1188717228,0,0,0,16,0,0.23579899966716766,1.0,-11.708824157714844,1.3543449640274048,129.0,0.5942140035331249,2532.46875,67.03369140625,,data/instances/transfer/real_03.cip
mix_16_0,11,636,636,A,,60.0,100,0.664497971534729,2.400505542755127,12.089256286621094,0.7498333333333334,,,,,,,,,,,,,,,,,,,,,12,,174,174,0,1188717228,0,0,0,16,0,0.28113365173339844,1.0,-11.171808242797852,1.932112455368042,129.0,0.5858952645212412,2532.46875,67.03369140625,,data/instances/transfer/real_03.cip
mix_16_0,11,637,637,A,,60.0,100,0.4519202411174774,2.182307720184326,3.4851770401000977,0.7482500000000001,,,,,,,,,,,,,,,,,,,,,12,,175,175,0,1194717684,0,0,0,16,0,0.21825775504112244,1.0,-10.489278793334961,1.7417621612548828,97.0,0.4915959518402815,2532.46875,67.03369140625,,data/instances/transfer/real_03.cip
mix_16_0,11,638,638,A,,60.0,100,0.2853710651397705,1.3932586908340454,1.2177679538726807,0.7482500000000001,,,,,,,,,,,,,,,,,,,,,14,,175,175,0,1194717684,0,0,0,16,0,0.2186032235622406,1.0,-11.233928680419922,1.4425790309906006,97.0,0.5771992411464453,2532.46875,67.03369140625,,data/instances/transfer/real_03.cip
mix_16_0,11,639,639,A,,60.0,100,0.48611822724342346,2.2968759536743164,7.6026787757873535,0.7482500000000001,,,,,,,,,,,,,,,,,,,,,12,,175,175,0,1194717684,0,0,0,16,0,0.21862666308879852,1.0,-10.651651382446289,1.653435468673706,97.0,0.5866147726774216,2532.46875,67.03369140625,,data/instances/transfer/real_03.cip
mix_16_0,11,640,640,A,,60.0,100,0.06841105222702026,0.39311182498931885,5.386937618255615,0.7482500000000001,,,,,,,,,,,,,,,,,,,,,16,,175,175,0,1194717684,0,0,0,16,0,0.4960877597332001,1.0,-11.492856979370117,1.4342801570892334,97.0,0.6229146029800177,2532.46875,67.03369140625,,data/instances/transfer/real_03.cip
mix_16_0,11,641,641,A,,60.0,100,0.046781864017248154,0.46587079763412476,4.647325038909912,0.7466666666666667,,,,,,,,,,,,,,,,,,,,,16,,176,176,0,1200811648,0,0,0,16,0,0.15689463913440704,1.0,-12.183089256286621,1.1741911172866821,1.0,0.5248140916228294,2533.3671875,67.03369140625,,data/instances/transfer/real_03.cip
mix_16_0,11,642,642,A,,60.0,100,0.28363052010536194,1.0817863941192627,12.767379760742188,0.7466666666666667,,,,,,,,,,,,,,,,,,,,,14,,176,176,0,1200811648,0,0,0,16,0,0.25930047035217285,1.0,-11.45713996887207,2.2310280799865723,1.0,0.5762648601084948,2533.3671875,67.03369140625,,data/instances/transfer/real_03.cip
mix_16_0,11,643,643,A,,60.0,100,0.22845152020454407,1.3052599430084229,7.075773239135742,0.7466666666666667,,,,,,,,,,,,,,,,,,,,,14,,176,176,0,1200811648,0,0,0,16,0,0.19021713733673096,1.0,-11.881998062133789,1.4116443395614624,1.0,0.5939139313995838,2533.3671875,67.03369140625,,data/instances/transfer/real_03.cip
mix_16_0,11,644,644,A,,60.0,100,0.08239596337080002,0.7417495846748352,1.9027847051620483,0.7466666666666667,,,,,,,,,,,,,,,,,,,,,15,,176,176,0,1200811648,0,0,0,16,0,0.12960247695446014,1.0,-11.139608383178711,1.5998318195343018,1.0,0.6113568525761366,2533.3671875,67.03369140625,,data/instances/transfer/real_03.cip
mix_16_0,11,645,645,A,,60.0,100,0.22655895352363586,1.0153945684432983,8.68874454498291,0.7450833333333333,,,,,,,,,,,,,,,,,,,,,15,,177,177,0,1206901820,0,0,0,16,0,0.2356407642364502,1.0,-11.50951862335205,1.1490978002548218,1.0,0.5113941766321659,2534.55859375,67.03369140625,,data/instances/transfer/real_03.cip
mix_16_0,11,646,646,A,,60.0,100,0.26586365699768066,1.0009593963623047,14.940730094909668,0.7450833333333333,,,,,,,,,,,,,,,,,,,,,15,,177,177,0,1206901820,0,0,0,16,0,0.2610803246498108,1.0,-10.385308265686035,1.6503918170928955,1.0,0.5863382443785667,2534.55859375,67.03369140625,,data/instances/transfer/real_03.cip
mix_16_0,11,647,647,A,,60.0,100,0.023474745452404022,0.31840336322784424,2.1038143634796143,0.7450833333333333,,,,,,,,,,,,,,,,,,,,,16,,177,177,0,1206901820,0,0,0,16,0,0.18161161243915558,1.0,-12.128609657287598,0.969978392124176,1.0,0.6092643514275551,2534.55859375,67.03369140625,,data/instances/transfer/real_03.cip
mix_16_0,11,648,648,A,,60.0,100,0.21889081597328186,0.9999697804450989,12.545583724975586,0.7450833333333333,,,,,,,,,,,,,,,,,,,,,15,,177,177,0,1206901820,0,0,0,16,0,0.22797244787216187,1.0,-12.327168464660645,1.4886884689331055,1.0,0.5886785555630922,2534.55859375,67.03369140625,,data/instances/transfer/real_03.cip
mix_16_0,11,649,649,A,,60.0,100,0.2643398642539978,1.617483377456665,4.1533050537109375,0.7435,,,,,,,,,,,,,,,,,,,,,13,,178,178,0,1212899916,0,0,0,16,0,0.17026987671852112,1.0,-11.394989967346191,2.6058948040008545,103.0,0.5019276905804873,2537.30078125,67.03369140625,,data/instances/transfer/real_03.cip
mix_16_0,11,650,650,A,,60.0,100,0.10609128326177597,0.5785126686096191,2.761125087738037,0.7435,,,,,,,,,,,,,,,,,,,,,15,,178,178,0,1212899916,0,0,0,16,0,0.27636274695396423,1.0,-11.966171264648438,1.806186318397522,103.0,0.5906457807868719,2537.30078125,67.03369140625,,data/instances/transfer/real_03.cip
mix_16_0,11,651,651,A,,60.0,100,0.17565888166427612,0.9333292245864868,5.737667560577393,0.7435,,,,,,,,,,,,,,,,,,,,,15,,178,178,0,1212899916,0,0,0,16,0,0.21233171224594116,1.0,-11.244279861450195,1.3470736742019653,103.0,0.6111810766160488,2537.30078125,67.03369140625,,data/instances/transfer/real_03.cip
mix_16_0,11,652,652,A,,60.0,100,0.10128841549158096,1.111602544784546,2.088395833969116,0.7435,,,,,,,,,,,,,,,,,,,,,15,,178,178,0,1212899916,0,0,0,16,0,0.09083337336778641,1.0,-10.884037017822266,1.4875762462615967,103.0,0.6018455252051353,2537.3203125,67.03369140625,,data/instances/transfer/real_03.cip
mix_16_0,11,653,653,A,,60.0,100,0.0992378294467926,0.6223410964012146,6.088248252868652,0.7419166666666667,,,,,,,,,,,,,,,,,,,,,16,,179,179,0,1218861376,0,0,0,16,0,0.1723063588142395,1.0,-11.264617919921875,1.386034607887268,181.0,0.518777709454298,2541.20703125,67.03369140625,,data/instances/transfer/real_03.cip
mix_16_0,11,654,654,A,,60.0,100,0.15671098232269287,0.7514415383338928,0.6963492631912231,0.7419166666666667,,,,,,,,,,,,,,,,,,,,,15,,179,179,0,1218861376,0,0,0,16,0,0.28520938754081726,1.0,-11.348888397216797,1.735875129699707,181.0,0.580600555986166,2541.20703125,67.03369140625,,data/instances/transfer/real_03.cip
mix_16_0,11,655,655,A,,60.0,100,0.22642721235752106,0.8578543066978455,3.7765872478485107,0.7419166666666667,,,,,,,,,,,,,,,,,,,,,15,,179,179,0,1218861376,0,0,0,16,0,0.341551810503006,1.0,-11.541723251342773,1.8098915815353394,181.0,0.5950236581265926,2541.20703125,67.03369140625,,data/instances/transfer/real_03.cip
mix_16_0,11,656,656,A,,60.0,100,0.20954768359661102,1.2110155820846558,12.68885612487793,0.7419166666666667,,,,,,,,,,,,,,,,,,,,,15,,179,179,0,1218861376,0,0,0,16,0,0.1451156884431839,1.0,-12.524638175964355,1.4940871000289917,181.0,0.6005346924066544,2541.20703125,67.03369140625,,data/instances/transfer/real_03.cip
episode,11,656,656,A,,60.0,100,0.20954768359661102,1.2110155820846558,12.68885612487793,0.7403333333333333,-13.005599999999998,-13.0,-0.0056,-13.005599999999998,True,14,61.403692,,,,,,,,inf,1e+20,120.0,inf,0.0,14854,15,True,181,181,0,1230779544,0,0,0,16,0,,,,,83.76923076923077,,2541.20703125,67.03369140625,timelimit,data/instances/transfer/real_03.cip
mix_16_0,12,657,657,A,,60.0,100,0.10440690070390701,1.4874634742736816,5.208230972290039,0.7403333333333333,,,,,,,,,,,,,,,,,,,,,15,,181,181,0,1230779544,0,0,0,16,0,0.05866109952330589,1.0,-11.839752197265625,1.0176128149032593,134.0,0.5299475807696581,2586.2578125,67.03369140625,,data/instances/transfer/real_05.cip
mix_16_0,12,658,658,A,,60.0,100,0.06998808681964874,1.1017283201217651,2.5125572681427,0.7403333333333333,,,,,,,,,,,,,,,,,,,,,15,,181,181,0,1230779544,0,0,0,16,0,0.06916932761669159,1.0,-11.490285873413086,1.338585615158081,134.0,0.5834078472107649,2586.265625,67.03369140625,,data/instances/transfer/real_05.cip
mix_16_0,12,659,659,A,,60.0,100,0.17585325241088867,1.518770456314087,3.4127979278564453,0.7403333333333333,,,,,,,,,,,,,,,,,,,,,14,,181,181,0,1230779544,0,0,0,16,0,0.11926952004432678,1.0,-11.632551193237305,1.412647008895874,134.0,0.6082579810172319,2586.265625,67.03369140625,,data/instances/transfer/real_05.cip
mix_16_0,12,660,660,A,,60.0,100,0.1926700621843338,1.038538932800293,5.247581958770752,0.7403333333333333,,,,,,,,,,,,,,,,,,,,,15,,181,181,0,1230779544,0,0,0,16,0,0.20061834156513214,1.0,-11.378240585327148,1.4531893730163574,134.0,0.6087547354400158,2586.265625,67.03369140625,,data/instances/transfer/real_05.cip
mix_16_0,12,661,661,A,,60.0,100,0.12076018750667572,0.8783689141273499,2.4975099563598633,0.73875,,,,,,,,,,,,,,,,,,,,,15,,181,181,0,1230779544,0,0,0,16,0,0.1694391518831253,1.0,-11.651912689208984,1.5655877590179443,264.0,0.5153138656169176,2586.265625,67.03369140625,,data/instances/transfer/real_05.cip
mix_16_0,12,662,662,A,,60.0,100,0.1906834840774536,0.871355414390564,3.75161075592041,0.73875,,,,,,,,,,,,,,,,,,,,,15,,181,181,0,1230779544,0,0,0,16,0,0.2640877962112427,1.0,-11.534036636352539,2.023758888244629,264.0,0.583555307239294,2586.265625,67.03369140625,,data/instances/transfer/real_05.cip
mix_16_0,12,663,663,A,,60.0,100,0.33728107810020447,1.3330552577972412,5.043001651763916,0.73875,,,,,,,,,,,,,,,,,,,,,14,,181,181,0,1230779544,0,0,0,16,0,0.29007139801979065,1.0,-11.517745018005371,1.2129448652267456,264.0,0.6008488982915878,2586.265625,67.03369140625,,data/instances/transfer/real_05.cip
mix_16_0,12,664,664,A,,60.0,100,0.1435547173023224,0.9016568660736084,4.567609786987305,0.73875,,,,,,,,,,,,,,,,,,,,,15,,181,181,0,1230779544,0,0,0,16,0,0.17877443134784698,1.0,-11.592398643493652,1.3383816480636597,264.0,0.6008050441741943,2586.265625,67.03369140625,,data/instances/transfer/real_05.cip
mix_16_0,12,665,665,A,,60.0,100,0.9634997844696045,3.43548583984375,3.507779598236084,0.7371666666666667,,,,,,,,,,,,,,,,,,,,,9,,182,182,0,1238755024,0,0,0,16,0,0.28836366534233093,1.0,-10.522526741027832,2.3190975189208984,8.0,0.45544352754950523,2586.265625,67.03369140625,,data/instances/transfer/real_05.cip
mix_16_0,12,666,666,A,,60.0,100,0.08469848334789276,0.5373760461807251,4.2968668937683105,0.7371666666666667,,,,,,,,,,,,,,,,,,,,,16,,182,182,0,1238755024,0,0,0,16,0,0.2981930673122406,1.0,-11.796629905700684,1.3374392986297607,8.0,0.6212921664118767,2586.265625,67.03369140625,,data/instances/transfer/real_05.cip
mix_16_0,12,667,667,A,,60.0,100,0.15909633040428162,1.1140201091766357,3.173994541168213,0.7371666666666667,,,,,,,,,,,,,,,,,,,,,14,,182,182,0,1238755024,0,0,0,16,0,0.16368040442466736,1.0,-11.526100158691406,2.119732618331909,8.0,0.5950365457683802,2586.2734375,67.03369140625,,data/instances/transfer/real_05.cip
mix_16_0,12,668,668,A,,60.0,100,0.22967950999736786,1.8018534183502197,1.7726720571517944,0.7371666666666667,,,,,,,,,,,,,,,,,,,,,12,,182,182,0,1238755024,0,0,0,16,0,0.1371944546699524,1.0,-10.735258102416992,2.5393905639648438,8.0,0.5746290013194084,2586.2734375,67.03369140625,,data/instances/transfer/real_05.cip
mix_16_0,12,669,669,A,,60.0,100,0.25990960001945496,1.3207286596298218,4.4007134437561035,0.7355833333333334,,,,,,,,,,,,,,,,,,,,,14,,183,183,0,1246637788,0,0,0,16,0,0.21866068243980408,1.0,-11.30129623413086,1.5967923402786255,1.0,0.5161645077168941,2586.2734375,67.03369140625,,data/instances/transfer/real_05.cip
mix_16_0,12,670,670,A,,60.0,100,0.3691433072090149,1.617013692855835,1.5630497932434082,0.7355833333333334,,,,,,,,,,,,,,,,,,,,,13,,183,183,0,1246637788,0,0,0,16,0,0.2503320872783661,1.0,-11.402545928955078,1.8626807928085327,1.0,0.5737961586564779,2586.2734375,67.03369140625,,data/instances/transfer/real_05.cip
mix_16_0,12,671,671,A,,60.0,100,0.19099991023540497,1.1743061542510986,1.768698811531067,0.7355833333333334,,,,,,,,,,,,,,,,,,,,,14,,183,183,0,1246637788,0,0,0,16,0,0.17403991520404816,1.0,-10.83659839630127,2.159445285797119,1.0,0.5818480215966702,2586.2734375,67.03369140625,,data/instances/transfer/real_05.cip
mix_16_0,12,672,672,A,,60.0,100,0.039487630128860474,0.3958783745765686,1.5791209936141968,0.7355833333333334,,,,,,,,,,,,,,,,,,,,,16,,183,183,0,1246637788,0,0,0,16,0,0.12471239268779755,1.0,-12.39677619934082,1.5163319110870361,1.0,0.6283065974712372,2586.2734375,67.03369140625,,data/instances/transfer/real_05.cip
mix_16_0,12,673,673,A,,60.0,100,0.06776703894138336,0.5406681299209595,2.08978009223938,0.734,,,,,,,,,,,,,,,,,,,,,16,,184,184,0,1254414436,0,0,0,16,0,0.1788124144077301,1.0,-12.203120231628418,1.1249123811721802,64.0,0.5320355612784624,2586.2734375,67.03369140625,,data/instances/transfer/real_05.cip
mix_16_0,12,674,674,A,,60.0,100,0.36867907643318176,1.9576059579849243,1.22042977809906,0.734,,,,,,,,,,,,,,,,,,,,,13,,184,184,0,1254414436,0,0,0,16,0,0.20257985591888428,1.0,-11.17222785949707,1.855582594871521,64.0,0.5702743884176016,2586.2734375,67.03369140625,,data/instances/transfer/real_05.cip
mix_16_0,12,675,675,A,,60.0,100,0.6081043481826782,2.3280253410339355,3.072755813598633,0.734,,,,,,,,,,,,,,,,,,,,,11,,184,184,0,1254414436,0,0,0,16,0,0.27079474925994873,1.0,-10.091041564941406,2.2170236110687256,64.0,0.5742620415985584,2586.2734375,67.03369140625,,data/instances/transfer/real_05.cip
mix_16_0,12,676,676,A,,60.0,100,0.12008233368396759,0.6549506187438965,2.969724416732788,0.734,,,,,,,,,,,,,,,,,,,,,15,,184,184,0,1254414436,0,0,0,16,0,0.23682844638824463,1.0,-11.661598205566406,2.031796932220459,64.0,0.6167884767055511,2586.2734375,67.03369140625,,data/instances/transfer/real_05.cip
mix_16_0,12,677,677,A,,60.0,100,0.18414372205734253,1.0633926391601562,1.9133480787277222,0.7324166666666667,,,,,,,,,,,,,,,,,,,,,15,,185,185,0,1262304200,0,0,0,16,0,0.19740793108940125,1.0,-11.265107154846191,1.7947769165039062,1.0,0.5394841078668833,2590.05859375,67.03369140625,,data/instances/transfer/real_05.cip
mix_16_0,12,678,678,A,,60.0,100,0.3038365840911865,2.215308427810669,2.7603249549865723,0.7324166666666667,,,,,,,,,,,,,,,,,,,,,12,,185,185,0,1262304200,0,0,0,16,0,0.1345263421535492,1.0,-10.965070724487305,2.3589680194854736,1.0,0.5543741956353188,2590.078125,67.03369140625,,data/instances/transfer/real_05.cip
mix_16_0,12,679,679,A,,60.0,100,0.2231329381465912,0.9047179818153381,6.5661420822143555,0.7324166666666667,,,,,,,,,,,,,,,,,,,,,15,,185,185,0,1262304200,0,0,0,16,0,0.27641186118125916,1.0,-12.231989860534668,1.3763933181762695,1.0,0.6094888094812632,2590.078125,67.03369140625,,data/instances/transfer/real_05.cip
mix_16_0,12,680,680,A,,60.0,100,0.2468026578426361,1.7483923435211182,4.7491679191589355,0.7324166666666667,,,,,,,,,,,,,,,,,,,,,13,,185,185,0,1262304200,0,0,0,16,0,0.13765156269073486,1.0,-10.933271408081055,2.5590667724609375,1.0,0.5929097756743431,2590.078125,67.03369140625,,data/instances/transfer/real_05.cip
mix_16_0,12,681,681,A,,60.0,100,0.06198454275727272,0.7207380533218384,2.972907543182373,0.7308333333333333,,,,,,,,,,,,,,,,,,,,,15,,186,186,0,1270127396,0,0,0,16,0,0.09432349354028702,1.0,-12.170156478881836,1.4902429580688477,1.0,0.5473615676164627,2591.3046875,67.03369140625,,data/instances/transfer/real_05.cip
mix_16_0,12,682,682,A,,60.0,100,0.20716649293899536,0.9785022139549255,6.457285404205322,0.7308333333333333,,,,,,,,,,,,,,,,,,,,,15,,186,186,0,1270127396,0,0,0,16,0,0.23458510637283325,1.0,-11.999221801757812,1.5215327739715576,1.0,0.576403671875596,2591.3046875,67.03369140625,,data/instances/transfer/real_05.cip
mix_16_0,12,683,683,A,,60.0,100,0.13689562678337097,1.012526273727417,1.3273186683654785,0.7308333333333333,,,,,,,,,,,,,,,,,,,,,15,,186,186,0,1270127396,0,0,0,16,0,0.16260714828968048,1.0,-12.23553466796875,1.3381402492523193,1.0,0.6081034038215876,2591.3046875,67.03369140625,,data/instances/transfer/real_05.cip
mix_16_0,12,684,684,A,,60.0,100,0.3286140561103821,1.6086792945861816,1.4283934831619263,0.7308333333333333,,,,,,,,,,,,,,,,,,,,,13,,186,186,0,1270127396,0,0,0,16,0,0.21863225102424622,1.0,-11.552099227905273,2.3690245151519775,1.0,0.5980473961681128,2591.3046875,67.03369140625,,data/instances/transfer/real_05.cip
mix_16_0,12,685,685,A,,60.0,100,0.03718802332878113,0.4788134694099426,3.2555339336395264,0.72925,,,,,,,,,,,,,,,,,,,,,16,,187,187,0,1277844284,0,0,0,16,0,0.1274261325597763,1.0,-12.119562149047852,1.3656187057495117,56.0,0.5371831730008125,2591.3046875,67.03369140625,,data/instances/transfer/real_05.cip
mix_16_0,12,686,686,A,,60.0,100,0.4057966470718384,2.402958393096924,4.557177543640137,0.72925,,,,,,,,,,,,,,,,,,,,,12,,187,187,0,1277844284,0,0,0,16,0,0.18325287103652954,1.0,-11.111654281616211,1.950740933418274,56.0,0.5530598238110542,2591.3046875,67.03369140625,,data/instances/transfer/real_05.cip
mix_16_0,12,687,687,A,,60.0,100,0.33168649673461914,1.325814962387085,2.0700507164001465,0.72925,,,,,,,,,,,,,,,,,,,,,14,,187,187,0,1277844284,0,0,0,16,0,0.2628270983695984,1.0,-11.099895477294922,2.094865322113037,56.0,0.599304735660553,2591.3046875,67.03369140625,,data/instances/transfer/real_05.cip
mix_16_0,12,688,688,A,,60.0,100,0.2141173928976059,1.2682095766067505,5.303278923034668,0.72925,,,,,,,,,,,,,,,,,,,,,14,,187,187,0,1277844284,0,0,0,16,0,0.17576636373996735,1.0,-10.778223991394043,2.014396905899048,56.0,0.5842784848064184,2591.3046875,67.03369140625,,data/instances/transfer/real_05.cip
mix_16_0,12,689,689,A,,60.0,100,0.1997518539428711,0.848330020904541,2.9680819511413574,0.7276666666666667,,,,,,,,,,,,,,,,,,,,,15,,188,188,0,1285600616,0,0,0,16,0,0.2890244126319885,1.0,-11.957830429077148,1.7531176805496216,79.0,0.5287741273641586,2594.53125,67.03369140625,,data/instances/transfer/real_05.cip
mix_16_0,12,690,690,A,,60.0,100,0.09637422859668732,0.5375419855117798,0.9008234739303589,0.7276666666666667,,,,,,,,,,,,,,,,,,,,,16,,188,188,0,1285600616,0,0,0,16,0,0.20948033034801483,1.0,-12.296228408813477,1.257565975189209,79.0,0.5887470487505198,2594.53125,67.03369140625,,data/instances/transfer/real_05.cip
mix_16_0,12,691,691,A,,60.0,100,0.24257710576057434,1.2738063335418701,1.5160484313964844,0.7276666666666667,,,,,,,,,,,,,,,,,,,,,15,,188,188,0,1285600616,0,0,0,16,0,0.1969219297170639,1.0,-11.396139144897461,1.7919213771820068,79.0,0.6069252919405699,2594.53125,67.03369140625,,data/instances/transfer/real_05.cip
mix_16_0,12,692,692,A,,60.0,100,0.32151147723197937,1.3182268142700195,2.069957971572876,0.7276666666666667,,,,,,,,,,,,,,,,,,,,,14,,188,188,0,1285600616,0,0,0,16,0,0.2794157564640045,1.0,-11.796123504638672,1.7727137804031372,79.0,0.6045140735805035,2594.53125,67.03369140625,,data/instances/transfer/real_05.cip
mix_16_0,12,693,693,A,,60.0,100,0.2925298810005188,1.5257209539413452,6.738389015197754,0.7260833333333334,,,,,,,,,,,,,,,,,,,,,14,,189,189,0,1293457524,0,0,0,16,0,0.1941302865743637,1.0,-12.772032737731934,1.8543397188186646,56.0,0.5051750000566244,2603.29296875,67.03369140625,,data/instances/transfer/real_05.cip
mix_16_0,12,694,694,A,,60.0,100,0.2640712857246399,1.3293850421905518,6.795527935028076,0.7260833333333334,,,,,,,,,,,,,,,,,,,,,14,,189,189,0,1293457524,0,0,0,16,0,0.2133089005947113,1.0,-11.876890182495117,2.278421401977539,56.0,0.5760411880910397,2603.29296875,67.03369140625,,data/instances/transfer/real_05.cip
mix_16_0,12,695,695,A,,60.0,100,0.16314367949962616,0.9993609189987183,4.05363130569458,0.7260833333333334,,,,,,,,,,,,,,,,,,,,,15,,189,189,0,1293457524,0,0,0,16,0,0.17341427505016327,1.0,-12.009015083312988,1.8871303796768188,56.0,0.6036568991839886,2603.29296875,67.03369140625,,data/instances/transfer/real_05.cip
mix_16_0,12,696,696,A,,60.0,100,0.18032951653003693,0.7766554951667786,13.54598617553711,0.7260833333333334,,,,,,,,,,,,,,,,,,,,,16,,189,189,0,1293457524,0,0,0,16,0,0.34711214900016785,1.0,-11.86801528930664,1.175140380859375,56.0,0.6060672700405121,2603.29296875,67.03369140625,,data/instances/transfer/real_05.cip
mix_16_0,12,697,697,A,,60.0,100,0.48388487100601196,1.838869333267212,7.724102973937988,0.7245,,,,,,,,,,,,,,,,,,,,,13,,190,190,0,1300991528,0,0,0,16,0,0.2443484514951706,1.0,-11.030980110168457,2.5111634731292725,35.0,0.4821485560387373,2608.13671875,67.03369140625,,data/instances/transfer/real_05.cip
mix_16_0,12,698,698,A,,60.0,100,0.161344513297081,0.9067533612251282,2.6637752056121826,0.7245,,,,,,,,,,,,,,,,,,,,,15,,190,190,0,1300991528,0,0,0,16,0,0.24244771897792816,1.0,-12.129392623901367,2.2790634632110596,35.0,0.5943134557455778,2608.13671875,67.03369140625,,data/instances/transfer/real_05.cip
mix_16_0,12,699,699,A,,60.0,100,0.2663981318473816,1.7773202657699585,3.6597506999969482,0.7245,,,,,,,,,,,,,,,,,,,,,13,,190,190,0,1300991528,0,0,0,16,0,0.15355229377746582,1.0,-11.932831764221191,2.097733974456787,35.0,0.5842031240463257,2608.13671875,67.03369140625,,data/instances/transfer/real_05.cip
mix_16_0,12,700,700,A,,60.0,100,0.5912981033325195,1.7532224655151367,13.031579971313477,0.7245,,,,,,,,,,,,,,,,,,,,,13,,190,190,0,1300991528,0,0,0,16,0,0.33790481090545654,1.0,-11.545731544494629,2.5130484104156494,35.0,0.601962748914957,2608.13671875,67.03369140625,,data/instances/transfer/real_05.cip
mix_16_0,12,701,701,A,,60.0,100,0.06871449947357178,1.2965692281723022,2.307971715927124,0.7229166666666667,,,,,,,,,,,,,,,,,,,,,15,,191,191,0,1308565776,0,0,0,16,0,0.04899360612034798,1.0,-12.570563316345215,1.9665520191192627,1.0,0.5016009230166674,2610.6953125,67.03369140625,,data/instances/transfer/real_05.cip
mix_16_0,12,702,702,A,,60.0,100,0.22223350405693054,0.941490650177002,6.640112400054932,0.7229166666666667,,,,,,,,,,,,,,,,,,,,,15,,191,191,0,1308565776,0,0,0,16,0,0.2710162401199341,1.0,-12.873655319213867,2.126969575881958,1.0,0.5833622701466084,2610.6953125,67.03369140625,,data/instances/transfer/real_05.cip
mix_16_0,12,703,703,A,,60.0,100,0.15968787670135498,1.0002799034118652,4.358316898345947,0.7229166666666667,,,,,,,,,,,,,,,,,,,,,14,,191,191,0,1308565776,0,0,0,16,0,0.18784841895103455,1.0,-11.870809555053711,2.6646502017974854,1.0,0.5942312274128199,2610.6953125,67.03369140625,,data/instances/transfer/real_05.cip
mix_16_0,12,704,704,A,,60.0,100,0.22835415601730347,1.3731900453567505,8.199811935424805,0.7229166666666667,,,,,,,,,,,,,,,,,,,,,14,,191,191,0,1308565776,0,0,0,16,0,0.13798390328884125,1.0,-10.769818305969238,2.6935083866119385,1.0,0.6027191430330276,2610.6953125,67.03369140625,,data/instances/transfer/real_05.cip
episode,12,704,704,A,,60.0,100,0.22835415601730347,1.3731900453567505,8.199811935424805,0.7213333333333334,-12.014000000000001,-12.0,-0.014000000000000002,-12.014000000000001,True,13,61.430785,,,,,,,,inf,1e+20,120.0,inf,0.0,17235,14,True,193,193,0,1323724632,0,0,0,16,0,,,,,58.333333333333336,,2610.6953125,67.03369140625,timelimit,data/instances/transfer/real_05.cip
mix_16_0,13,705,705,A,,60.0,100,0.39062756299972534,1.3838658332824707,14.580512046813965,0.7213333333333334,,,,,,,,,,,,,,,,,,,,,15,,193,193,0,1323724632,0,0,0,16,0,0.2331794649362564,1.0,-11.195703506469727,1.7378888130187988,118.0,0.5453742183744907,2611.2265625,67.03369140625,,data/instances/train/real_06.cip
mix_16_0,13,706,706,A,,60.0,100,0.5428949594497681,1.8111518621444702,16.247705459594727,0.7213333333333334,,,,,,,,,,,,,,,,,,,,,13,,193,193,0,1323724632,0,0,0,16,0,0.26408252120018005,1.0,-10.782320022583008,2.6149420738220215,118.0,0.5694678593426943,2611.234375,67.03369140625,,data/instances/train/real_06.cip
mix_16_0,13,707,707,A,,60.0,100,0.17711429297924042,0.9092525243759155,2.139742851257324,0.7213333333333334,,,,,,,,,,,,,,,,,,,,,15,,193,193,0,1323724632,0,0,0,16,0,0.23077119886875153,1.0,-12.394095420837402,1.868656039237976,118.0,0.6128819361329079,2611.234375,67.03369140625,,data/instances/train/real_06.cip
mix_16_0,13,708,708,A,,60.0,100,0.07105882465839386,0.4148779511451721,2.7121870517730713,0.7213333333333334,,,,,,,,,,,,,,,,,,,,,16,,193,193,0,1323724632,0,0,0,16,0,0.3162473738193512,1.0,-13.435712814331055,1.0799024105072021,118.0,0.6122172232717276,2611.234375,67.03369140625,,data/instances/train/real_06.cip
mix_16_0,13,709,709,A,,60.0,100,0.5906708240509033,1.5347771644592285,24.208362579345703,0.71975,,,,,,,,,,,,,,,,,,,,,14,,193,193,0,1323724632,0,0,0,16,0,0.3079487979412079,1.0,-12.261240005493164,2.3362135887145996,104.0,0.5101468991488218,2611.234375,67.03369140625,,data/instances/train/real_06.cip
mix_16_0,13,710,710,A,,60.0,100,0.14064021408557892,0.8802714943885803,10.583991050720215,0.71975,,,,,,,,,,,,,,,,,,,,,16,,193,193,0,1323724632,0,0,0,16,0,0.14500370621681213,1.0,-13.220096588134766,1.681636929512024,104.0,0.6106914505362511,2611.234375,67.03369140625,,data/instances/train/real_06.cip
mix_16_0,13,711,711,A,,60.0,100,0.13592290878295898,0.8455146551132202,6.021210193634033,0.71975,,,,,,,,,,,,,,,,,,,,,16,,193,193,0,1323724632,0,0,0,16,0,0.13470733165740967,1.0,-12.303736686706543,1.7376682758331299,104.0,0.616730036213994,2611.234375,67.03369140625,,data/instances/train/real_06.cip
mix_16_0,13,712,712,A,,60.0,100,0.08701273798942566,0.7877282500267029,1.3583385944366455,0.71975,,,,,,,,,,,,,,,,,,,,,15,,193,193,0,1323724632,0,0,0,16,0,0.13219080865383148,1.0,-12.150677680969238,2.3902766704559326,104.0,0.6080908589065075,2611.234375,67.03369140625,,data/instances/train/real_06.cip
mix_16_0,13,713,713,A,,60.0,100,0.46866774559020996,1.8266319036483765,7.406222820281982,0.7181666666666666,,,,,,,,,,,,,,,,,,,,,12,,194,194,0,1329095128,0,0,0,16,0,0.2449343055486679,1.0,-10.172919273376465,2.7054522037506104,99.0,0.46054027043282986,2611.234375,67.03369140625,,data/instances/train/real_06.cip
mix_16_0,13,714,714,A,,60.0,100,0.3518277406692505,1.018230676651001,16.129558563232422,0.7181666666666666,,,,,,,,,,,,,,,,,,,,,16,,194,194,0,1329095128,0,0,0,16,0,0.30111080408096313,1.0,-12.05362319946289,1.539157748222351,99.0,0.6059690397232771,2611.234375,67.03369140625,,data/instances/train/real_06.cip
mix_16_0,13,715,715,A,,60.0,100,0.2176637351512909,1.0854097604751587,12.677098274230957,0.7181666666666666,,,,,,,,,,,,,,,,,,,,,16,,194,194,0,1329095128,0,0,0,16,0,0.2221117615699768,1.0,-12.034957885742188,1.6841845512390137,99.0,0.6127291526645422,2611.234375,67.03369140625,,data/instances/train/real_06.cip
mix_16_0,13,716,716,A,,60.0,100,0.14825654029846191,1.2747149467468262,2.5712130069732666,0.7181666666666666,,,,,,,,,,,,,,,,,,,,,14,,194,194,0,1329095128,0,0,0,16,0,0.10881534963846207,1.0,-12.14923095703125,2.62585711479187,99.0,0.5991086605936289,2611.234375,67.03369140625,,data/instances/train/real_06.cip
mix_16_0,13,717,717,A,,60.0,100,0.21293653547763824,1.0324381589889526,4.025050163269043,0.7165833333333333,,,,,,,,,,,,,,,,,,,,,15,,195,195,0,1334366456,0,0,0,16,0,0.23886767029762268,1.0,-13.522293090820312,1.8853962421417236,10.0,0.5015058051794767,2611.234375,67.03369140625,,data/instances/train/real_06.cip
mix_16_0,13,718,718,A,,60.0,100,0.11753533035516739,0.6721454858779907,4.730830192565918,0.7165833333333333,,,,,,,,,,,,,,,,,,,,,15,,195,195,0,1334366456,0,0,0,16,0,0.18326479196548462,1.0,-12.640462875366211,2.2145040035247803,10.0,0.5764031186699867,2611.234375,67.03369140625,,data/instances/train/real_06.cip
mix_16_0,13,719,719,A,,60.0,100,0.25696027278900146,0.6928873658180237,13.467309951782227,0.7165833333333333,,,,,,,,,,,,,,,,,,,,,16,,195,195,0,1334366456,0,0,0,16,0,0.47608131170272827,1.0,-13.920127868652344,1.2281184196472168,10.0,0.6072500087320805,2611.234375,67.03369140625,,data/instances/train/real_06.cip
mix_16_0,13,720,720,A,,60.0,100,0.39287465810775757,1.884940266609192,5.981915473937988,0.7165833333333333,,,,,,,,,,,,,,,,,,,,,13,,195,195,0,1334366456,0,0,0,16,0,0.20951725542545319,1.0,-12.205066680908203,2.2808656692504883,10.0,0.5756004918366671,2611.234375,67.03369140625,,data/instances/train/real_06.cip
mix_16_0,13,721,721,A,,60.0,100,0.37649890780448914,1.60477614402771,2.155510902404785,0.7150000000000001,,,,,,,,,,,,,,,,,,,,,12,,196,196,0,1339637484,0,0,0,16,0,0.25047919154167175,1.0,-10.962953567504883,3.419677972793579,1.0,0.4815315827727318,2611.25390625,67.03369140625,,data/instances/train/real_06.cip
mix_16_0,13,722,722,A,,60.0,100,0.251817524433136,0.966194748878479,14.414162635803223,0.7150000000000001,,,,,,,,,,,,,,,,,,,,,16,,196,196,0,1339637484,0,0,0,16,0,0.26267382502555847,1.0,-11.53759765625,1.4459179639816284,1.0,0.5975807681679726,2611.25390625,67.03369140625,,data/instances/train/real_06.cip
mix_16_0,13,723,723,A,,60.0,100,0.4521827697753906,1.301937460899353,20.558547973632812,0.7150000000000001,,,,,,,,,,,,,,,,,,,,,15,,196,196,0,1339637484,0,0,0,16,0,0.2745247781276703,1.0,-11.861215591430664,2.399836540222168,1.0,0.599350294098258,2611.25390625,67.03369140625,,data/instances/train/real_06.cip
mix_16_0,13,724,724,A,,60.0,100,0.3286411166191101,0.9382761716842651,21.11383056640625,0.7150000000000001,,,,,,,,,,,,,,,,,,,,,16,,196,196,0,1339637484,0,0,0,16,0,0.5062753558158875,1.0,-12.211885452270508,1.4393037557601929,1.0,0.6150320135056973,2611.25390625,67.03369140625,,data/instances/train/real_06.cip
mix_16_0,13,725,725,A,,60.0,100,0.2212446928024292,0.9305848479270935,2.9517579078674316,0.7134166666666666,,,,,,,,,,,,,,,,,,,,,15,,197,197,0,1344867596,0,0,0,16,0,0.28291386365890503,1.0,-12.421390533447266,1.979251503944397,33.0,0.5162085108458996,2611.25390625,67.03369140625,,data/instances/train/real_06.cip
mix_16_0,13,726,726,A,,60.0,100,0.0864938348531723,0.6471202969551086,8.010072708129883,0.7134166666666666,,,,,,,,,,,,,,,,,,,,,16,,197,197,0,1344867596,0,0,0,16,0,0.18780311942100525,1.0,-13.239213943481445,1.5558031797409058,33.0,0.591765396296978,2611.25390625,67.03369140625,,data/instances/train/real_06.cip
mix_16_0,13,727,727,A,,60.0,100,0.2525290250778198,1.6290340423583984,4.97965669631958,0.7134166666666666,,,,,,,,,,,,,,,,,,,,,14,,197,197,0,1344867596,0,0,0,16,0,0.1622653603553772,1.0,-12.651183128356934,2.0841760635375977,33.0,0.6012447867542505,2611.25390625,67.03369140625,,data/instances/train/real_06.cip
mix_16_0,13,728,728,A,,60.0,100,0.4393896460533142,1.6957855224609375,11.738570213317871,0.7134166666666666,,,,,,,,,,,,,,,,,,,,,13,,197,197,0,1344867596,0,0,0,16,0,0.24817751348018646,1.0,-12.397504806518555,2.745011806488037,33.0,0.5874881632626057,2611.25390625,67.03369140625,,data/instances/train/real_06.cip
mix_16_0,13,729,729,A,,60.0,100,0.18335853517055511,0.86988365650177,4.554409980773926,0.7118333333333333,,,,,,,,,,,,,,,,,,,,,14,,198,198,0,1350063484,0,0,0,16,0,0.2140624225139618,1.0,-12.150827407836914,3.0167696475982666,188.0,0.5079681724309921,2611.25390625,67.03369140625,,data/instances/train/real_06.cip
mix_16_0,13,730,730,A,,60.0,100,0.2146853357553482,0.8844194412231445,11.337509155273438,0.7118333333333333,,,,,,,,,,,,,,,,,,,,,15,,198,198,0,1350063484,0,0,0,16,0,0.25603625178337097,1.0,-12.067975997924805,2.232523202896118,188.0,0.5839454624801874,2611.25390625,67.03369140625,,data/instances/train/real_06.cip
mix_16_0,13,731,731,A,,60.0,100,0.125812828540802,1.0026135444641113,7.459674835205078,0.7118333333333333,,,,,,,,,,,,,,,,,,,,,15,,198,198,0,1350063484,0,0,0,16,0,0.09877365827560425,1.0,-12.301570892333984,1.9265574216842651,188.0,0.6144340876489878,2611.25390625,67.03369140625,,data/instances/train/real_06.cip
mix_16_0,13,732,732,A,,60.0,100,0.1640918254852295,1.0423104763031006,10.719147682189941,0.7118333333333333,,,,,,,,,,,,,,,,,,,,,15,,198,198,0,1350063484,0,0,0,16,0,0.14205491542816162,1.0,-12.422962188720703,2.0887973308563232,188.0,0.6142970211803913,2611.2734375,67.03369140625,,data/instances/train/real_06.cip
mix_16_0,13,733,733,A,,60.0,100,0.11092715710401535,0.5633533000946045,2.368368625640869,0.71025,,,,,,,,,,,,,,,,,,,,,15,,199,199,0,1355303144,0,0,0,16,0,0.21992526948451996,1.0,-12.833869934082031,2.490861415863037,1.0,0.49473982490599155,2611.2734375,67.03369140625,,data/instances/train/real_06.cip
mix_16_0,13,734,734,A,,60.0,100,0.33576709032058716,1.0240811109542847,6.780764579772949,0.71025,,,,,,,,,,,,,,,,,,,,,15,,199,199,0,1355303144,0,0,0,16,0,0.3467901945114136,1.0,-12.164687156677246,2.1689553260803223,1.0,0.5828830562531948,2611.2734375,67.03369140625,,data/instances/train/real_06.cip
mix_16_0,13,735,735,A,,60.0,100,0.33918297290802,0.9957272410392761,16.64105796813965,0.71025,,,,,,,,,,,,,,,,,,,,,15,,199,199,0,1355303144,0,0,0,16,0,0.3947559893131256,1.0,-12.991476058959961,2.0725555419921875,1.0,0.6055946033447981,2611.2734375,67.03369140625,,data/instances/train/real_06.cip
mix_16_0,13,736,736,A,,60.0,100,0.29514312744140625,1.1516413688659668,2.0975453853607178,0.71025,,,,,,,,,,,,,,,,,,,,,14,,199,199,0,1355303144,0,0,0,16,0,0.29107537865638733,1.0,-12.209824562072754,2.7495007514953613,1.0,0.5885565541684628,2611.2734375,67.03369140625,,data/instances/train/real_06.cip
mix_16_0,13,737,737,A,,60.0,100,0.25314947962760925,1.2501107454299927,2.9727039337158203,0.7086666666666668,,,,,,,,,,,,,,,,,,,,,14,,200,200,0,1360488796,0,0,0,16,0,0.20342689752578735,1.0,-11.934993743896484,2.5326993465423584,1.0,0.4980452433228493,2611.2734375,67.03369140625,,data/instances/train/real_06.cip
mix_16_0,13,738,738,A,,60.0,100,0.1947823166847229,0.9439934492111206,7.584163188934326,0.7086666666666668,,,,,,,,,,,,,,,,,,,,,15,,200,200,0,1360488796,0,0,0,16,0,0.24483686685562134,1.0,-12.398139953613281,1.8362140655517578,1.0,0.586942782625556,2611.2734375,67.03369140625,,data/instances/train/real_06.cip
mix_16_0,13,739,739,A,,60.0,100,0.20396728813648224,0.8278476595878601,2.6278958320617676,0.7086666666666668,,,,,,,,,,,,,,,,,,,,,15,,200,200,0,1360488796,0,0,0,16,0,0.291116327047348,1.0,-12.422079086303711,2.1190085411071777,1.0,0.5888224951922894,2611.2734375,67.03369140625,,data/instances/train/real_06.cip
mix_16_0,13,740,740,A,,60.0,100,0.25059935450553894,1.8293932676315308,1.4794816970825195,0.7086666666666668,,,,,,,,,,,,,,,,,,,,,12,,200,200,0,1360488796,0,0,0,16,0,0.14693373441696167,1.0,-11.664299011230469,3.176710605621338,1.0,0.5837838258594275,2611.2734375,67.03369140625,,data/instances/train/real_06.cip
mix_16_0,13,741,741,A,,60.0,100,0.20637226104736328,1.354978084564209,3.1002604961395264,0.7070833333333333,,,,,,,,,,,,,,,,,,,,,14,,201,201,0,1365561684,0,0,0,16,0,0.16463622450828552,1.0,-13.026942253112793,2.3651669025421143,122.0,0.5029537435621023,2611.2734375,67.03369140625,,data/instances/train/real_06.cip
mix_16_0,13,742,742,A,,60.0,100,0.2642243504524231,1.449206829071045,7.4541168212890625,0.7070833333333333,,,,,,,,,,,,,,,,,,,,,14,,201,201,0,1365561684,0,0,0,16,0,0.19281944632530212,1.0,-12.602571487426758,2.5502445697784424,122.0,0.5726846363395452,2611.28515625,67.03369140625,,data/instances/train/real_06.cip
mix_16_0,13,743,743,A,,60.0,100,0.20104852318763733,0.6204428672790527,4.073282241821289,0.7070833333333333,,,,,,,,,,,,,,,,,,,,,16,,201,201,0,1365561684,0,0,0,16,0,0.5267919301986694,1.0,-12.201533317565918,1.8080713748931885,122.0,0.6118367593735456,2611.28515625,67.03369140625,,data/instances/train/real_06.cip
mix_16_0,13,744,744,A,,60.0,100,0.10089490562677383,0.6076979637145996,4.127308368682861,0.7070833333333333,,,,,,,,,,,,,,,,,,,,,15,,201,201,0,1365561684,0,0,0,16,0,0.22839707136154175,1.0,-12.396923065185547,2.554533004760742,122.0,0.6109290327876806,2611.28515625,67.03369140625,,data/instances/train/real_06.cip
mix_16_0,13,745,745,A,,60.0,100,0.1052996963262558,0.539146900177002,3.8610963821411133,0.7055,,,,,,,,,,,,,,,,,,,,,16,,202,202,0,1370678316,0,0,0,16,0,0.45457297563552856,1.0,-13.361153602600098,1.624287724494934,120.0,0.5172827076166868,2611.28515625,67.03369140625,,data/instances/train/real_06.cip
mix_16_0,13,746,746,A,,60.0,100,0.1825973391532898,1.2935529947280884,5.913539886474609,0.7055,,,,,,,,,,,,,,,,,,,,,15,,202,202,0,1370678316,0,0,0,16,0,0.12864436209201813,1.0,-12.290098190307617,2.037585973739624,120.0,0.5061861276626587,2611.28515625,67.03369140625,,data/instances/train/real_06.cip
mix_16_0,13,747,747,A,,60.0,100,0.21614351868629456,1.0228354930877686,2.2053332328796387,0.7055,,,,,,,,,,,,,,,,,,,,,14,,202,202,0,1370678316,0,0,0,16,0,0.2539726495742798,1.0,-11.825874328613281,2.7449872493743896,120.0,0.5827623661607504,2611.28515625,67.03369140625,,data/instances/train/real_06.cip
mix_16_0,13,748,748,A,,60.0,100,0.24592655897140503,1.3461676836013794,0.9224101305007935,0.7055,,,,,,,,,,,,,,,,,,,,,14,,202,202,0,1370678316,0,0,0,16,0,0.17754973471164703,1.0,-12.039207458496094,3.1103758811950684,120.0,0.6349774524569511,2611.28515625,67.03369140625,,data/instances/train/real_06.cip
mix_16_0,13,749,749,A,,60.0,100,0.2925075888633728,1.148895263671875,16.577693939208984,0.7039166666666667,,,,,,,,,,,,,,,,,,,,,15,,203,203,0,1375793308,0,0,0,16,0,0.24141588807106018,1.0,-12.92535400390625,2.3703975677490234,134.0,0.5021736361086369,2611.28515625,67.03369140625,,data/instances/train/real_06.cip
mix_16_0,13,750,750,A,,60.0,100,0.27019795775413513,0.9161840081214905,6.366902828216553,0.7039166666666667,,,,,,,,,,,,,,,,,,,,,15,,203,203,0,1375793308,0,0,0,16,0,0.3541039228439331,1.0,-12.749582290649414,1.736857533454895,134.0,0.5781586822122335,2611.28515625,67.03369140625,,data/instances/train/real_06.cip
mix_16_0,13,751,751,A,,60.0,100,0.3449694812297821,2.2892255783081055,3.122842788696289,0.7039166666666667,,,,,,,,,,,,,,,,,,,,,12,,203,203,0,1375793308,0,0,0,16,0,0.1612497717142105,1.0,-11.603325843811035,2.6194238662719727,134.0,0.5839795172214508,2611.28515625,67.03369140625,,data/instances/train/real_06.cip
mix_16_0,13,752,752,A,,60.0,100,0.07120659947395325,1.1906319856643677,1.3519911766052246,0.7039166666666667,,,,,,,,,,,,,,,,,,,,,14,,203,203,0,1375793308,0,0,0,16,0,0.05371441692113876,1.0,-11.622628211975098,2.6300160884857178,134.0,0.6047691125422716,2611.28515625,67.03369140625,,data/instances/train/real_06.cip
mix_16_0,13,753,753,A,,60.0,100,0.12924060225486755,0.990927517414093,1.3706947565078735,0.7023333333333333,,,,,,,,,,,,,,,,,,,,,15,,204,204,0,1380908352,0,0,0,16,0,0.15662714838981628,1.0,-13.234708786010742,1.8020156621932983,192.0,0.5172686073929071,2611.28515625,67.03369140625,,data/instances/train/real_06.cip
mix_16_0,13,754,754,A,,60.0,100,0.3460378050804138,1.5349724292755127,3.2278079986572266,0.7023333333333333,,,,,,,,,,,,,,,,,,,,,14,,204,204,0,1380908352,0,0,0,16,0,0.24543175101280212,1.0,-12.024991035461426,2.591297149658203,192.0,0.5727119743824005,2611.28515625,67.03369140625,,data/instances/train/real_06.cip
mix_16_0,13,755,755,A,,60.0,100,0.07298193871974945,0.7085950970649719,1.6464070081710815,0.7023333333333333,,,,,,,,,,,,,,,,,,,,,16,,204,204,0,1380908352,0,0,0,16,0,0.12999647855758667,1.0,-13.25562858581543,1.6457494497299194,192.0,0.6065863687545061,2611.28515625,67.03369140625,,data/instances/train/real_06.cip
mix_16_0,13,756,756,A,,60.0,100,0.1671149730682373,1.1839505434036255,1.9295281171798706,0.7023333333333333,,,,,,,,,,,,,,,,,,,,,14,,204,204,0,1380908352,0,0,0,16,0,0.1509511023759842,1.0,-12.408256530761719,2.919337511062622,192.0,0.5989503059536219,2611.28515625,67.03369140625,,data/instances/train/real_06.cip
mix_16_0,13,757,757,A,,60.0,100,0.08137068152427673,0.8972160220146179,1.7137795686721802,0.70075,,,,,,,,,,,,,,,,,,,,,15,,205,205,0,1385909248,0,0,0,16,0,0.09585629403591156,1.0,-11.912233352661133,2.091491460800171,138.0,0.49793169647455215,2611.28515625,67.03369140625,,data/instances/train/real_06.cip
mix_16_0,13,758,758,A,,60.0,100,0.11097555607557297,0.6949284076690674,8.528560638427734,0.70075,,,,,,,,,,,,,,,,,,,,,16,,205,205,0,1385909248,0,0,0,16,0,0.18851613998413086,1.0,-13.181716918945312,1.4924771785736084,138.0,0.598676647990942,2611.28515625,67.03369140625,,data/instances/train/real_06.cip
mix_16_0,13,759,759,A,,60.0,100,0.5393221974372864,2.536874771118164,2.608332872390747,0.70075,,,,,,,,,,,,,,,,,,,,,11,,205,205,0,1385909248,0,0,0,16,0,0.23258839547634125,1.0,-11.373417854309082,3.2170217037200928,138.0,0.5667815506458282,2611.28515625,67.03369140625,,data/instances/train/real_06.cip
mix_16_0,13,760,760,A,,60.0,100,0.16216877102851868,0.9395359754562378,7.425390243530273,0.70075,,,,,,,,,,,,,,,,,,,,,16,,205,205,0,1385909248,0,0,0,16,0,0.16628111898899078,1.0,-13.126243591308594,1.6736234426498413,138.0,0.6225285269320011,2611.28515625,67.03369140625,,data/instances/train/real_06.cip
mix_16_0,13,761,761,A,,60.0,100,0.20743703842163086,1.3682292699813843,5.961971282958984,0.6991666666666667,,,,,,,,,,,,,,,,,,,,,14,,206,206,0,1390860292,0,0,0,16,0,0.16157396137714386,1.0,-13.375097274780273,2.387209177017212,1.0,0.5005518421530724,2611.28515625,67.03369140625,,data/instances/train/real_06.cip
mix_16_0,13,762,762,A,,60.0,100,0.18877418339252472,0.8869380354881287,2.0018186569213867,0.6991666666666667,,,,,,,,,,,,,,,,,,,,,15,,206,206,0,1390860292,0,0,0,16,0,0.25028207898139954,1.0,-11.894488334655762,1.9744789600372314,1.0,0.5900572873651981,2611.28515625,67.03369140625,,data/instances/train/real_06.cip
mix_16_0,13,763,763,A,,60.0,100,0.20647133886814117,1.0760488510131836,5.218609809875488,0.6991666666666667,,,,,,,,,,,,,,,,,,,,,15,,206,206,0,1390860292,0,0,0,16,0,0.21315713226795197,1.0,-12.332483291625977,1.8893882036209106,1.0,0.5964728873223066,2611.28515625,67.03369140625,,data/instances/train/real_06.cip
mix_16_0,13,764,764,A,,60.0,100,0.36839401721954346,1.6375694274902344,3.2778964042663574,0.6991666666666667,,,,,,,,,,,,,,,,,,,,,13,,206,206,0,1390860292,0,0,0,16,0,0.23018036782741547,1.0,-11.080870628356934,3.1567599773406982,1.0,0.5916469749063253,2611.28515625,67.03369140625,,data/instances/train/real_06.cip
mix_16_0,13,765,765,A,,60.0,100,0.07873322069644928,0.9872623085975647,4.418684482574463,0.6975833333333333,,,,,,,,,,,,,,,,,,,,,15,,207,207,0,1395975200,0,0,0,16,0,0.06434687972068787,1.0,-12.526265144348145,1.7907617092132568,176.0,0.5074094031006098,2611.28515625,67.03369140625,,data/instances/train/real_06.cip
mix_16_0,13,766,766,A,,60.0,100,0.10326564311981201,0.992632269859314,2.3554437160491943,0.6975833333333333,,,,,,,,,,,,,,,,,,,,,15,,207,207,0,1395975200,0,0,0,16,0,0.11179167777299881,1.0,-12.062698364257812,2.4997758865356445,176.0,0.5778392441570759,2611.28515625,67.03369140625,,data/instances/train/real_06.cip
mix_16_0,13,767,767,A,,60.0,100,0.334290087223053,1.5552349090576172,2.127366542816162,0.6975833333333333,,,,,,,,,,,,,,,,,,,,,13,,207,207,0,1395975200,0,0,0,16,0,0.22854016721248627,1.0,-11.834787368774414,3.432070255279541,176.0,0.5982140805572271,2611.28515625,67.03369140625,,data/instances/train/real_06.cip
mix_16_0,13,768,768,A,,60.0,100,0.13547253608703613,0.61429363489151,9.409775733947754,0.6975833333333333,,,,,,,,,,,,,,,,,,,,,16,,207,207,0,1395975200,0,0,0,16,0,0.3970477283000946,1.0,-13.22314453125,2.3008439540863037,176.0,0.608151700347662,2611.28515625,67.03369140625,,data/instances/train/real_06.cip
episode,13,768,768,A,,60.0,100,0.13547253608703613,0.61429363489151,9.409775733947754,0.696,-16.0446,-16.0,-0.04460000000000001,-16.0446,True,17,60.538138000000004,,,,,,,,inf,1e+20,120.0,inf,0.0,10400,16,True,209,209,0,1405928972,0,0,0,16,0,,,,,89.875,,2611.28515625,67.03369140625,timelimit,data/instances/train/real_06.cip
validation,14,768,768,A,,,,,,,,,,,,,,,1.0,9.072415,inf,0.0,9.072415,1.0,8436.0,,,,,,,,,209,209,0,1405928972,0,0,0,,,,,,,,,,,optimal,data/instances/validation/real_08.cip
mix_16_0,14,769,769,A,,60.0,100,0.14260819554328918,0.6995866298675537,7.1140923500061035,0.696,,,,,,,,,,,,,,,,,,,,,15,,209,209,0,1405928972,0,0,0,16,0,0.24599960446357727,1.0,-13.629785537719727,2.0811409950256348,187.0,0.42970849946141243,2657.703125,67.03369140625,,data/instances/train/real_07.cip
mix_16_0,14,770,770,A,,60.0,100,0.08512846380472183,0.8431365489959717,5.51270055770874,0.696,,,,,,,,,,,,,,,,,,,,,16,,209,209,0,1405928972,0,0,0,16,0,0.09442031383514404,1.0,-13.783516883850098,1.8580447435379028,187.0,0.5560136809945107,2657.703125,67.03369140625,,data/instances/train/real_07.cip
mix_16_0,14,771,771,A,,60.0,100,0.14369280636310577,1.0676404237747192,7.622447967529297,0.696,,,,,,,,,,,,,,,,,,,,,15,,209,209,0,1405928972,0,0,0,16,0,0.1323498636484146,1.0,-12.861894607543945,2.552199125289917,187.0,0.597994476556778,2657.7109375,67.03369140625,,data/instances/train/real_07.cip
mix_16_0,14,772,772,A,,60.0,100,0.1475125253200531,0.9975769519805908,2.7765743732452393,0.696,,,,,,,,,,,,,,,,,,,,,15,,209,209,0,1405928972,0,0,0,16,0,0.1566464751958847,1.0,-12.423002243041992,2.733651638031006,187.0,0.6137561798095703,2657.7109375,67.03369140625,,data/instances/train/real_07.cip
mix_16_0,14,773,773,A,,60.0,100,0.11220990866422653,0.6003020405769348,2.3469691276550293,0.6944166666666667,,,,,,,,,,,,,,,,,,,,,16,,209,209,0,1405928972,0,0,0,16,0,0.3134593665599823,1.0,-12.851110458374023,2.0755698680877686,1.0,0.5113408826291561,2665.23828125,67.03369140625,,data/instances/train/real_07.cip
mix_16_0,14,774,774,A,,60.0,100,0.2405446171760559,0.930124819278717,12.35253620147705,0.6944166666666667,,,,,,,,,,,,,,,,,,,,,16,,209,209,0,1405928972,0,0,0,16,0,0.3043443560600281,1.0,-12.197044372558594,1.9702785015106201,1.0,0.5910674426704645,2665.23828125,67.03369140625,,data/instances/train/real_07.cip
mix_16_0,14,775,775,A,,60.0,100,0.16775038838386536,1.1264408826828003,10.115072250366211,0.6944166666666667,,,,,,,,,,,,,,,,,,,,,14,,209,209,0,1405928972,0,0,0,16,0,0.14263580739498138,1.0,-12.86819839477539,3.0141239166259766,1.0,0.5153342057019472,2665.23828125,67.03369140625,,data/instances/train/real_07.cip
mix_16_0,14,776,776,A,,60.0,100,0.24481302499771118,1.1232876777648926,2.330214738845825,0.6944166666666667,,,,,,,,,,,,,,,,,,,,,14,,209,209,0,1405928972,0,0,0,16,0,0.24817998707294464,1.0,-11.957539558410645,2.9367306232452393,1.0,0.5748511273413897,2665.23828125,67.03369140625,,data/instances/train/real_07.cip
mix_16_0,14,777,777,A,,60.0,100,0.09710238128900528,0.5607317686080933,6.582824230194092,0.6928333333333334,,,,,,,,,,,,,,,,,,,,,16,,210,210,0,1415561996,0,0,0,16,0,0.09049148112535477,1.0,-13.82839584350586,1.8126840591430664,52.0,0.5177863854914904,2667.74609375,67.03369140625,,data/instances/train/real_07.cip
mix_16_0,14,778,778,A,,60.0,100,0.19781604409217834,1.3226706981658936,8.679183959960938,0.6928333333333334,,,,,,,,,,,,,,,,,,,,,15,,210,210,0,1415561996,0,0,0,16,0,0.14188478887081146,1.0,-13.370431900024414,1.9271796941757202,52.0,0.583059124648571,2667.74609375,67.03369140625,,data/instances/train/real_07.cip
mix_16_0,14,779,779,A,,60.0,100,0.23543180525302887,0.8289774656295776,11.404562950134277,0.6928333333333334,,,,,,,,,,,,,,,,,,,,,15,,210,210,0,1415561996,0,0,0,16,0,0.2482045590877533,1.0,-13.097307205200195,2.933076858520508,52.0,0.6116356756538153,2667.74609375,67.03369140625,,data/instances/train/real_07.cip
mix_16_0,14,780,780,A,,60.0,100,0.15110737085342407,0.8229165077209473,2.4099764823913574,0.6928333333333334,,,,,,,,,,,,,,,,,,,,,16,,210,210,0,1415561996,0,0,0,16,0,0.23851731419563293,1.0,-12.051301956176758,1.3423352241516113,52.0,0.6140457354485989,2667.7578125,67.03369140625,,data/instances/train/real_07.cip
mix_16_0,14,781,781,A,,60.0,100,0.3144608736038208,1.321679711341858,10.866984367370605,0.69125,,,,,,,,,,,,,,,,,,,,,14,,211,211,0,1425050964,0,0,0,16,0,0.24655714631080627,1.0,-11.241069793701172,2.4668796062469482,1.0,0.5097229592502117,2672.1484375,67.03369140625,,data/instances/train/real_07.cip
mix_16_0,14,782,782,A,,60.0,100,0.29958975315093994,0.8456754088401794,15.221647262573242,0.69125,,,,,,,,,,,,,,,,,,,,,16,,211,211,0,1425050964,0,0,0,16,0,0.27763649821281433,1.0,-12.646429061889648,1.9900462627410889,1.0,0.5843255873769522,2672.1484375,67.03369140625,,data/instances/train/real_07.cip
mix_16_0,14,783,783,A,,60.0,100,0.2043079286813736,0.8124593496322632,8.354193687438965,0.69125,,,,,,,,,,,,,,,,,,,,,16,,211,211,0,1425050964,0,0,0,16,0,0.3493165373802185,1.0,-12.706777572631836,2.2657079696655273,1.0,0.6084192674607038,2672.1484375,67.03369140625,,data/instances/train/real_07.cip
mix_16_0,14,784,784,A,,60.0,100,0.10082493722438812,0.6738294959068298,4.771694183349609,0.69125,,,,,,,,,,,,,,,,,,,,,16,,211,211,0,1425050964,0,0,0,16,0,0.2515997290611267,1.0,-12.937166213989258,1.1184636354446411,1.0,0.6055234987288713,2672.1484375,67.03369140625,,data/instances/train/real_07.cip
mix_16_0,14,785,785,A,,60.0,100,0.19179150462150574,1.6462026834487915,5.524312973022461,0.6896666666666667,,,,,,,,,,,,,,,,,,,,,14,,212,212,0,1434650656,0,0,0,16,0,0.11534838378429413,1.0,-13.921666145324707,2.9548356533050537,43.0,0.5019859224557877,2679.6796875,67.03369140625,,data/instances/train/real_07.cip
mix_16_0,14,786,786,A,,60.0,100,0.454555481672287,1.86094331741333,15.718496322631836,0.6896666666666667,,,,,,,,,,,,,,,,,,,,,14,,212,212,0,1434650656,0,0,0,16,0,0.1850317269563675,1.0,-13.671187400817871,2.2948660850524902,43.0,0.5852164700627327,2679.6796875,67.03369140625,,data/instances/train/real_07.cip
mix_16_0,14,787,787,A,,60.0,100,0.46759992837905884,1.2704427242279053,26.374969482421875,0.6896666666666667,,,,,,,,,,,,,,,,,,,,,16,,212,212,0,1434650656,0,0,0,16,0,0.36384671926498413,1.0,-13.84109878540039,2.261148691177368,43.0,0.6073935236781836,2679.6796875,67.03369140625,,data/instances/train/real_07.cip
mix_16_0,14,788,788,A,,60.0,100,0.34535396099090576,1.2502455711364746,12.315890312194824,0.6896666666666667,,,,,,,,,,,,,,,,,,,,,15,,212,212,0,1434650656,0,0,0,16,0,0.25407856702804565,1.0,-13.217527389526367,2.7525360584259033,43.0,0.598170805722475,2679.6796875,67.03369140625,,data/instances/train/real_07.cip
mix_16_0,14,789,789,A,,60.0,100,0.38148951530456543,1.255924105644226,3.906933307647705,0.6880833333333334,,,,,,,,,,,,,,,,,,,,,14,,213,213,0,1444212180,0,0,0,16,0,0.34125685691833496,1.0,-12.676536560058594,2.8094353675842285,91.0,0.5062801279127598,2684.0703125,67.03369140625,,data/instances/train/real_07.cip
mix_16_0,14,790,790,A,,60.0,100,0.4370507597923279,1.0950140953063965,19.68939208984375,0.6880833333333334,,,,,,,,,,,,,,,,,,,,,16,,213,213,0,1444212180,0,0,0,16,0,0.4260571002960205,1.0,-13.147319793701172,1.8603624105453491,91.0,0.5905115809291601,2684.0703125,67.03369140625,,data/instances/train/real_07.cip
mix_16_0,14,791,791,A,,60.0,100,0.35492056608200073,1.1355561017990112,17.024944305419922,0.6880833333333334,,,,,,,,,,,,,,,,,,,,,16,,213,213,0,1444212180,0,0,0,16,0,0.3398239016532898,1.0,-12.471510887145996,2.0501694679260254,91.0,0.6056244820356369,2684.0703125,67.03369140625,,data/instances/train/real_07.cip
mix_16_0,14,792,792,A,,60.0,100,0.3813825845718384,1.5677125453948975,14.48093032836914,0.6880833333333334,,,,,,,,,,,,,,,,,,,,,15,,213,213,0,1444212180,0,0,0,16,0,0.2358495444059372,1.0,-11.682747840881348,3.062922954559326,91.0,0.5649033132940531,2684.0703125,67.03369140625,,data/instances/train/real_07.cip
mix_16_0,14,793,793,A,,60.0,100,0.433925598859787,1.2697508335113525,22.099733352661133,0.6865,,,,,,,,,,,,,,,,,,,,,16,,214,214,0,1453603276,0,0,0,16,0,0.2851768136024475,1.0,-11.744315147399902,1.8386719226837158,77.0,0.5340034645050764,2689.08984375,67.03369140625,,data/instances/train/real_07.cip
mix_16_0,14,794,794,A,,60.0,100,0.08359820395708084,1.1411025524139404,2.891709804534912,0.6865,,,,,,,,,,,,,,,,,,,,,14,,214,214,0,1453603276,0,0,0,16,0,0.07702720165252686,1.0,-12.181440353393555,2.9988667964935303,77.0,0.5746744088828564,2689.08984375,67.03369140625,,data/instances/train/real_07.cip
mix_16_0,14,795,795,A,,60.0,100,0.4078851640224457,1.7951257228851318,8.215106010437012,0.6865,,,,,,,,,,,,,,,,,,,,,12,,214,214,0,1453603276,0,0,0,16,0,0.24755074083805084,1.0,-12.776994705200195,3.6050431728363037,77.0,0.5765793025493622,2689.08984375,67.03369140625,,data/instances/train/real_07.cip
mix_16_0,14,796,796,A,,60.0,100,0.9031475782394409,2.0598301887512207,33.007755279541016,0.6865,,,,,,,,,,,,,,,,,,,,,13,,214,214,0,1453603276,0,0,0,16,0,0.38506388664245605,1.0,-12.26107406616211,3.4911701679229736,77.0,0.5934131983667612,2689.11328125,67.03369140625,,data/instances/train/real_07.cip
mix_16_0,14,797,797,A,,60.0,100,0.27655425667762756,1.3861503601074219,12.997138977050781,0.6849166666666666,,,,,,,,,,,,,,,,,,,,,15,,215,215,0,1462996316,0,0,0,16,0,0.13949179649353027,1.0,-13.761725425720215,1.9119702577590942,276.0,0.5210673920810223,2691.62109375,67.03369140625,,data/instances/train/real_07.cip
mix_16_0,14,798,798,A,,60.0,100,0.45058673620224,1.6614104509353638,16.346763610839844,0.6849166666666666,,,,,,,,,,,,,,,,,,,,,14,,215,215,0,1462996316,0,0,0,16,0,0.2791425585746765,1.0,-12.328330039978027,2.3817129135131836,276.0,0.5698181092739105,2691.62109375,67.03369140625,,data/instances/train/real_07.cip
mix_16_0,14,799,799,A,,60.0,100,0.2294929027557373,1.0916540622711182,1.4421448707580566,0.6849166666666666,,,,,,,,,,,,,,,,,,,,,14,,215,215,0,1462996316,0,0,0,16,0,0.2538461685180664,1.0,-12.229490280151367,3.3498375415802,276.0,0.6087879985570908,2691.62109375,67.03369140625,,data/instances/train/real_07.cip
mix_16_0,14,800,800,A,,60.0,100,0.18816602230072021,1.0931358337402344,9.869599342346191,0.6849166666666666,,,,,,,,,,,,,,,,,,,,,15,,215,215,0,1462996316,0,0,0,16,0,0.12622249126434326,1.0,-11.446392059326172,2.7372000217437744,276.0,0.6048881951719522,2691.62109375,67.03369140625,,data/instances/train/real_07.cip
mix_16_0,14,801,801,A,,60.0,100,0.342146098613739,1.3126649856567383,9.650394439697266,0.6833333333333333,,,,,,,,,,,,,,,,,,,,,12,,216,216,0,1472463024,0,0,0,16,0,0.24049538373947144,1.0,-9.615730285644531,3.470261573791504,1.0,0.48899884708225727,2696.01171875,67.03369140625,,data/instances/train/real_07.cip
mix_16_0,14,802,802,A,,60.0,100,0.36671262979507446,1.3488736152648926,16.95854949951172,0.6833333333333333,,,,,,,,,,,,,,,,,,,,,15,,216,216,0,1472463024,0,0,0,16,0,0.17860504984855652,1.0,-12.295896530151367,2.73244047164917,1.0,0.6032878719270229,2696.01171875,67.03369140625,,data/instances/train/real_07.cip
mix_16_0,14,803,803,A,,60.0,100,0.20481009781360626,0.7218761444091797,12.435818672180176,0.6833333333333333,,,,,,,,,,,,,,,,,,,,,16,,216,216,0,1472463024,0,0,0,16,0,0.3358036279678345,1.0,-12.746386528015137,2.93152117729187,1.0,0.551406828686595,2696.01953125,67.03369140625,,data/instances/train/real_07.cip
mix_16_0,14,804,804,A,,60.0,100,0.0725482702255249,0.4106985330581665,4.48578405380249,0.6833333333333333,,,,,,,,,,,,,,,,,,,,,16,,216,216,0,1472463024,0,0,0,16,0,0.30555668473243713,1.0,-13.296395301818848,2.3424150943756104,1.0,0.6032933536916971,2696.01953125,67.03369140625,,data/instances/train/real_07.cip
mix_16_0,14,805,805,A,,60.0,100,0.3099381923675537,1.0244665145874023,13.715998649597168,0.6817500000000001,,,,,,,,,,,,,,,,,,,,,15,,217,217,0,1481720404,0,0,0,16,0,0.3661118149757385,1.0,-13.401134490966797,3.0329246520996094,298.0,0.5240276269614697,2705.4296875,67.03369140625,,data/instances/train/real_07.cip
mix_16_0,14,806,806,A,,60.0,100,0.30241572856903076,1.0733873844146729,15.029356956481934,0.6817500000000001,,,,,,,,,,,,,,,,,,,,,16,,217,217,0,1481720404,0,0,0,16,0,0.3203768730163574,1.0,-13.992107391357422,1.9513187408447266,298.0,0.5942409690469503,2705.4296875,67.03369140625,,data/instances/train/real_07.cip
mix_16_0,14,807,807,A,,60.0,100,0.2649567127227783,1.4402029514312744,13.237730979919434,0.6817500000000001,,,,,,,,,,,,,,,,,,,,,14,,217,217,0,1481720404,0,0,0,16,0,0.15719251334667206,1.0,-12.67010498046875,3.529866933822632,298.0,0.5871498715132475,2705.4296875,67.03369140625,,data/instances/train/real_07.cip
mix_16_0,14,808,808,A,,60.0,100,0.12776467204093933,0.6931955218315125,5.572173595428467,0.6817500000000001,,,,,,,,,,,,,,,,,,,,,15,,217,217,0,1481720404,0,0,0,16,0,0.23590867221355438,1.0,-13.374069213867188,2.739272117614746,298.0,0.6070414036512375,2705.4296875,67.03369140625,,data/instances/train/real_07.cip
mix_16_0,14,809,809,A,,60.0,100,0.22129972279071808,0.7765748500823975,7.216203689575195,0.6801666666666667,,,,,,,,,,,,,,,,,,,,,15,,218,218,0,1490939016,0,0,0,16,0,0.28801923990249634,1.0,-12.148587226867676,3.631288766860962,1.0,0.5087517853826284,2713.20703125,67.03369140625,,data/instances/train/real_07.cip
mix_16_0,14,810,810,A,,60.0,100,0.428566575050354,1.0873193740844727,19.947458267211914,0.6801666666666667,,,,,,,,,,,,,,,,,,,,,16,,218,218,0,1490939016,0,0,0,16,0,0.39927154779434204,1.0,-11.914969444274902,2.6202290058135986,1.0,0.5902143623679876,2713.20703125,67.03369140625,,data/instances/train/real_07.cip
mix_16_0,14,811,811,A,,60.0,100,0.3773473799228668,1.16904616355896,19.861377716064453,0.6801666666666667,,,,,,,,,,,,,,,,,,,,,16,,218,218,0,1490939016,0,0,0,16,0,0.2951444685459137,1.0,-12.414507865905762,1.8776434659957886,1.0,0.6096031032502651,2713.20703125,67.03369140625,,data/instances/train/real_07.cip
mix_16_0,14,812,812,A,,60.0,100,0.31003159284591675,1.0123088359832764,19.6679744720459,0.6801666666666667,,,,,,,,,,,,,,,,,,,,,16,,218,218,0,1490939016,0,0,0,16,0,0.39823195338249207,1.0,-10.993230819702148,1.9447988271713257,1.0,0.608922315761447,2713.20703125,67.03369140625,,data/instances/train/real_07.cip
mix_16_0,14,813,813,A,,60.0,100,0.16132622957229614,0.7813292741775513,2.1170051097869873,0.6785833333333333,,,,,,,,,,,,,,,,,,,,,16,,219,219,0,1500216448,0,0,0,16,0,0.23848368227481842,1.0,-12.134631156921387,3.249922752380371,286.0,0.5303953029215336,2713.20703125,67.03369140625,,data/instances/train/real_07.cip
mix_16_0,14,814,814,A,,60.0,100,0.17734946310520172,1.2081613540649414,9.699480056762695,0.6785833333333333,,,,,,,,,,,,,,,,,,,,,15,,219,219,0,1500216448,0,0,0,16,0,0.10787355154752731,1.0,-13.263399124145508,2.3546741008758545,286.0,0.4512906316667795,2713.20703125,67.03369140625,,data/instances/train/real_07.cip
mix_16_0,14,815,815,A,,60.0,100,0.17909811437129974,0.9348990321159363,12.22524642944336,0.6785833333333333,,,,,,,,,,,,,,,,,,,,,16,,219,219,0,1500216448,0,0,0,16,0,0.14126630127429962,1.0,-14.498189926147461,2.040128469467163,286.0,0.41638836450874805,2713.20703125,67.03369140625,,data/instances/train/real_07.cip
mix_16_0,14,816,816,A,,60.0,100,0.25550776720046997,0.7446726560592651,18.325305938720703,0.6785833333333333,,,,,,,,,,,,,,,,,,,,,16,,219,219,0,1500216448,0,0,0,16,0,0.4581700265407562,1.0,-14.745584487915039,1.5171153545379639,286.0,0.3704936057329178,2713.20703125,67.03369140625,,data/instances/train/real_07.cip
episode,14,816,816,A,,60.0,100,0.25550776720046997,0.7446726560592651,18.325305938720703,0.677,-12.0083,-12.0,-0.0083,-12.0083,True,13,63.393071,,,,,,,,inf,1e+20,120.0,inf,0.0,13065,16,True,221,221,0,1518693960,0,0,0,16,0,,,,,109.5,,2713.20703125,67.03369140625,timelimit,data/instances/train/real_07.cip
mix_16_0,15,817,817,A,,60.0,100,0.10564301162958145,0.4428786039352417,6.412326812744141,0.677,,,,,,,,,,,,,,,,,,,,,16,,221,221,0,1518693960,0,0,0,16,0,0.23609155416488647,1.0,-13.449947357177734,1.9252716302871704,87.0,0.5615198481827974,2753.6015625,67.03369140625,,data/instances/transfer/real_01.cip
mix_16_0,15,818,818,A,,60.0,100,0.5585333704948425,1.6987125873565674,15.934913635253906,0.677,,,,,,,,,,,,,,,,,,,,,13,,221,221,0,1518693960,0,0,0,16,0,0.32421982288360596,1.0,-12.672370910644531,3.072439670562744,87.0,0.5473272334784269,2753.609375,67.03369140625,,data/instances/transfer/real_01.cip
mix_16_0,15,819,819,A,,60.0,100,0.26283323764801025,0.8562399744987488,13.299417495727539,0.677,,,,,,,,,,,,,,,,,,,,,16,,221,221,0,1518693960,0,0,0,16,0,0.3960213363170624,1.0,-12.988654136657715,1.9101359844207764,87.0,0.6365633253008127,2753.609375,67.03369140625,,data/instances/transfer/real_01.cip
mix_16_0,15,820,820,A,,60.0,100,0.41187813878059387,1.1914753913879395,11.703173637390137,0.677,,,,,,,,,,,,,,,,,,,,,14,,221,221,0,1518693960,0,0,0,16,0,0.3175089359283447,1.0,-11.380910873413086,3.397346019744873,87.0,0.5845091044902802,2753.609375,67.03369140625,,data/instances/transfer/real_01.cip
mix_16_0,15,821,821,A,,60.0,100,0.08585117012262344,0.9479967951774597,1.7686086893081665,0.6754166666666667,,,,,,,,,,,,,,,,,,,,,16,,221,221,0,1518693960,0,0,0,16,0,0.11452855914831161,1.0,-13.48211669921875,2.261725902557373,1.0,0.5181415770202875,2753.609375,67.03369140625,,data/instances/transfer/real_01.cip
mix_16_0,15,822,822,A,,60.0,100,0.13964585959911346,0.8406394720077515,6.762467384338379,0.6754166666666667,,,,,,,,,,,,,,,,,,,,,16,,221,221,0,1518693960,0,0,0,16,0,0.21057063341140747,1.0,-13.149508476257324,2.292696237564087,1.0,0.58623974211514,2753.609375,67.03369140625,,data/instances/transfer/real_01.cip
mix_16_0,15,823,823,A,,60.0,100,0.06768669188022614,0.5776081085205078,2.9968626499176025,0.6754166666666667,,,,,,,,,,,,,,,,,,,,,16,,221,221,0,1518693960,0,0,0,16,0,0.19388125836849213,1.0,-14.229585647583008,1.8088550567626953,1.0,0.6137536391615868,2753.609375,67.03369140625,,data/instances/transfer/real_01.cip
mix_16_0,15,824,824,A,,60.0,100,0.20372635126113892,0.6903494000434875,7.984562397003174,0.6754166666666667,,,,,,,,,,,,,,,,,,,,,16,,221,221,0,1518693960,0,0,0,16,0,0.3594104051589966,1.0,-14.44725227355957,1.9648832082748413,1.0,0.6232824437320232,2753.609375,67.03369140625,,data/instances/transfer/real_01.cip
mix_16_0,15,825,825,A,,60.0,100,0.3438314199447632,1.0913701057434082,13.377784729003906,0.6738333333333333,,,,,,,,,,,,,,,,,,,,,15,,222,222,0,1528538724,0,0,0,16,0,0.3747648000717163,1.0,-12.837494850158691,2.9223999977111816,450.0,0.5041854493319988,2755.578125,67.03369140625,,data/instances/transfer/real_01.cip
mix_16_0,15,826,826,A,,60.0,100,0.18483853340148926,1.5685791969299316,4.2975945472717285,0.6738333333333333,,,,,,,,,,,,,,,,,,,,,13,,222,222,0,1528538724,0,0,0,16,0,0.12884032726287842,1.0,-13.140552520751953,3.2939960956573486,450.0,0.5741287916898727,2755.578125,67.03369140625,,data/instances/transfer/real_01.cip
mix_16_0,15,827,827,A,,60.0,100,0.12523186206817627,1.2861268520355225,5.097839832305908,0.6738333333333333,,,,,,,,,,,,,,,,,,,,,15,,222,222,0,1528538724,0,0,0,16,0,0.07230244576931,1.0,-12.562017440795898,2.7898197174072266,450.0,0.6098447069525719,2755.578125,67.03369140625,,data/instances/transfer/real_01.cip
mix_16_0,15,828,828,A,,60.0,100,0.5625548362731934,1.5610527992248535,18.69224739074707,0.6738333333333333,,,,,,,,,,,,,,,,,,,,,15,,222,222,0,1528538724,0,0,0,16,0,0.3109096586704254,1.0,-12.710851669311523,2.901527166366577,450.0,0.6005515679717064,2755.578125,67.03369140625,,data/instances/transfer/real_01.cip
mix_16_0,15,829,829,A,,60.0,100,0.2763442397117615,1.0373412370681763,16.158432006835938,0.67225,,,,,,,,,,,,,,,,,,,,,16,,223,223,0,1538090008,0,0,0,16,0,0.170840322971344,1.0,-12.632257461547852,2.730553150177002,1.0,0.5219060815870762,2757.6640625,67.03369140625,,data/instances/transfer/real_01.cip
mix_16_0,15,830,830,A,,60.0,100,0.36022239923477173,1.4127780199050903,4.298360824584961,0.67225,,,,,,,,,,,,,,,,,,,,,14,,223,223,0,1538090008,0,0,0,16,0,0.26922711730003357,1.0,-11.642491340637207,2.6454412937164307,1.0,0.5666325371712446,2757.6640625,67.03369140625,,data/instances/transfer/real_01.cip
mix_16_0,15,831,831,A,,60.0,100,0.2508215308189392,0.8750914931297302,10.425226211547852,0.67225,,,,,,,,,,,,,,,,,,,,,15,,223,223,0,1538090008,0,0,0,16,0,0.38349008560180664,1.0,-12.65463924407959,3.2645602226257324,1.0,0.622917527332902,2757.6640625,67.03369140625,,data/instances/transfer/real_01.cip
mix_16_0,15,832,832,A,,60.0,100,0.21450918912887573,0.7740523219108582,8.565526962280273,0.67225,,,,,,,,,,,,,,,,,,,,,16,,223,223,0,1538090008,0,0,0,16,0,0.27223116159439087,1.0,-14.005699157714844,2.067377805709839,1.0,0.6205046158283949,2757.6640625,67.03369140625,,data/instances/transfer/real_01.cip
mix_16_0,15,833,833,A,,60.0,100,0.2162846028804779,0.8566184639930725,11.098392486572266,0.6706666666666667,,,,,,,,,,,,,,,,,,,,,16,,224,224,0,1547662564,0,0,0,16,0,0.3757435083389282,1.0,-13.955774307250977,1.9559158086776733,159.0,0.5380327887833118,2761.92578125,67.03369140625,,data/instances/transfer/real_01.cip
mix_16_0,15,834,834,A,,60.0,100,0.4603022038936615,1.623656988143921,16.35613441467285,0.6706666666666667,,,,,,,,,,,,,,,,,,,,,14,,224,224,0,1547662564,0,0,0,16,0,0.2670693099498749,1.0,-12.473671913146973,3.097707509994507,159.0,0.559910099953413,2761.92578125,67.03369140625,,data/instances/transfer/real_01.cip
mix_16_0,15,835,835,A,,60.0,100,0.2554008960723877,0.9679867029190063,9.139423370361328,0.6706666666666667,,,,,,,,,,,,,,,,,,,,,16,,224,224,0,1547662564,0,0,0,16,0,0.21343198418617249,1.0,-14.101634979248047,2.775127649307251,159.0,0.6165605615824461,2761.92578125,67.03369140625,,data/instances/transfer/real_01.cip
mix_16_0,15,836,836,A,,60.0,100,0.4743101894855499,1.6114314794540405,10.50627326965332,0.6706666666666667,,,,,,,,,,,,,,,,,,,,,14,,224,224,0,1547662564,0,0,0,16,0,0.25410202145576477,1.0,-11.447747230529785,3.4625189304351807,159.0,0.6088391151279211,2761.92578125,67.03369140625,,data/instances/transfer/real_01.cip
mix_16_0,15,837,837,A,,60.0,100,0.11711843311786652,0.7292018532752991,6.945985794067383,0.6690833333333334,,,,,,,,,,,,,,,,,,,,,16,,224,224,0,1549525916,0,1,0,16,0,0.07189223915338516,1.0,-12.947096824645996,2.5519611835479736,1.0,0.5248780194669962,2772.0078125,67.03369140625,,data/instances/transfer/real_01.cip
mix_16_0,15,838,838,A,,60.0,100,0.22539356350898743,1.37276029586792,12.497591018676758,0.6690833333333334,,,,,,,,,,,,,,,,,,,,,15,,224,224,0,1549525916,0,1,0,16,0,0.12231219559907913,1.0,-11.93997573852539,2.9502596855163574,1.0,0.5789585690945387,2772.03125,67.03369140625,,data/instances/transfer/real_01.cip
mix_16_0,15,839,839,A,,60.0,100,0.3605650067329407,1.1028586626052856,15.377732276916504,0.6690833333333334,,,,,,,,,,,,,,,,,,,,,16,,224,224,0,1549525916,0,1,0,16,0,0.3783261477947235,1.0,-13.132596015930176,2.8627476692199707,1.0,0.6083612069487572,2772.03125,67.03369140625,,data/instances/transfer/real_01.cip
mix_16_0,15,840,840,A,,60.0,100,0.12375442683696747,0.9333149790763855,1.225706934928894,0.6690833333333334,,,,,,,,,,,,,,,,,,,,,15,,224,224,0,1549525916,0,1,0,16,0,0.1623026728630066,1.0,-12.938944816589355,2.97579026222229,1.0,0.5968070365488529,2772.03125,67.03369140625,,data/instances/transfer/real_01.cip
mix_16_0,15,841,841,A,,60.0,100,0.10278774797916412,1.4765348434448242,2.8047425746917725,0.6675,,,,,,,,,,,,,,,,,,,,,14,,224,224,0,1551608644,0,2,0,16,0,0.07026906311511993,1.0,-12.960700035095215,3.443131685256958,180.0,0.5070815179497004,2773.51171875,67.03369140625,,data/instances/transfer/real_01.cip
mix_16_0,15,842,842,A,,60.0,100,0.7155125141143799,2.4283230304718018,21.003522872924805,0.6675,,,,,,,,,,,,,,,,,,,,,13,,224,224,0,1551608644,0,2,0,16,0,0.23598334193229675,1.0,-12.684181213378906,2.758734941482544,180.0,0.5632908102124929,2773.51171875,67.03369140625,,data/instances/transfer/real_01.cip
mix_16_0,15,843,843,A,,60.0,100,0.33350861072540283,1.6490036249160767,13.796579360961914,0.6675,,,,,,,,,,,,,,,,,,,,,14,,224,224,0,1551608644,0,2,0,16,0,0.17007553577423096,1.0,-13.812736511230469,2.7554233074188232,180.0,0.6141787711530924,2773.51171875,67.03369140625,,data/instances/transfer/real_01.cip
mix_16_0,15,844,844,A,,60.0,100,0.20254847407341003,0.7497808933258057,14.227862358093262,0.6675,,,,,,,,,,,,,,,,,,,,,15,,224,224,0,1551608644,0,2,0,16,0,0.38482582569122314,1.0,-13.969443321228027,2.9982593059539795,180.0,0.6096943560987711,2773.51171875,67.03369140625,,data/instances/transfer/real_01.cip
mix_16_0,15,845,845,A,,60.0,100,0.1419350504875183,1.123028039932251,1.5429489612579346,0.6659166666666667,,,,,,,,,,,,,,,,,,,,,15,,224,224,0,1553711856,0,3,0,16,0,0.12802423536777496,1.0,-13.114562034606934,2.5224905014038086,576.0,0.49942057952284813,2777.85546875,67.03369140625,,data/instances/transfer/real_01.cip
mix_16_0,15,846,846,A,,60.0,100,0.45986491441726685,1.2641174793243408,18.396190643310547,0.6659166666666667,,,,,,,,,,,,,,,,,,,,,15,,224,224,0,1553711856,0,3,0,16,0,0.2947506308555603,1.0,-12.178741455078125,3.1342825889587402,576.0,0.586807120591402,2777.85546875,67.03369140625,,data/instances/transfer/real_01.cip
mix_16_0,15,847,847,A,,60.0,100,0.33872488141059875,0.9421391487121582,16.544797897338867,0.6659166666666667,,,,,,,,,,,,,,,,,,,,,15,,224,224,0,1553711856,0,3,0,16,0,0.37754911184310913,1.0,-12.148425102233887,3.141559600830078,576.0,0.6042140759527683,2777.85546875,67.03369140625,,data/instances/transfer/real_01.cip
mix_16_0,15,848,848,A,,60.0,100,0.4562385082244873,1.3101879358291626,20.410995483398438,0.6659166666666667,,,,,,,,,,,,,,,,,,,,,15,,224,224,0,1553711856,0,3,0,16,0,0.2738493084907532,1.0,-12.780319213867188,2.6160213947296143,576.0,0.5967973303049803,2777.85546875,67.03369140625,,data/instances/transfer/real_01.cip
mix_16_0,15,849,849,A,,60.0,100,0.12845341861248016,0.721310019493103,7.415034770965576,0.6643333333333333,,,,,,,,,,,,,,,,,,,,,16,,224,224,0,1555750952,0,4,0,16,0,0.1574987918138504,1.0,-14.092226028442383,2.046166181564331,187.0,0.5230792071670294,2777.85546875,67.03369140625,,data/instances/transfer/real_01.cip
mix_16_0,15,850,850,A,,60.0,100,0.14274796843528748,1.2368967533111572,2.9328432083129883,0.6643333333333333,,,,,,,,,,,,,,,,,,,,,14,,224,224,0,1555750952,0,4,0,16,0,0.11675209552049637,1.0,-13.119635581970215,3.578990936279297,187.0,0.568927688524127,2777.85546875,67.03369140625,,data/instances/transfer/real_01.cip
mix_16_0,15,851,851,A,,60.0,100,0.6801162958145142,1.9073388576507568,24.622739791870117,0.6643333333333333,,,,,,,,,,,,,,,,,,,,,14,,224,224,0,1555750952,0,4,0,16,0,0.2820501923561096,1.0,-13.382148742675781,2.9751665592193604,187.0,0.5976697094738483,2777.85546875,67.03369140625,,data/instances/transfer/real_01.cip
mix_16_0,15,852,852,A,,60.0,100,0.2995862364768982,1.1568480730056763,15.163735389709473,0.6643333333333333,,,,,,,,,,,,,,,,,,,,,16,,224,224,0,1555750952,0,4,0,16,0,0.1973416954278946,1.0,-15.044726371765137,1.641607403755188,187.0,0.6112977899610996,2777.85546875,67.03369140625,,data/instances/transfer/real_01.cip
mix_16_0,15,853,853,A,,60.0,100,0.2008875012397766,1.112755298614502,8.537443161010742,0.66275,,,,,,,,,,,,,,,,,,,,,15,,224,224,0,1557814384,0,5,0,16,0,0.18415501713752747,1.0,-14.572793960571289,2.5204951763153076,309.0,0.5040889605879784,2779.85546875,67.03369140625,,data/instances/transfer/real_01.cip
mix_16_0,15,854,854,A,,60.0,100,0.1991294026374817,1.1150068044662476,8.215962409973145,0.66275,,,,,,,,,,,,,,,,,,,,,15,,224,224,0,1557814384,0,5,0,16,0,0.18636061251163483,1.0,-13.910871505737305,2.5141866207122803,309.0,0.5817811358720064,2779.85546875,67.03369140625,,data/instances/transfer/real_01.cip
mix_16_0,15,855,855,A,,60.0,100,0.11073900759220123,0.5723917484283447,3.271385669708252,0.66275,,,,,,,,,,,,,,,,,,,,,16,,224,224,0,1557814384,0,5,0,16,0,0.22746343910694122,1.0,-13.961368560791016,2.0581700801849365,309.0,0.6147017199546099,2779.85546875,67.03369140625,,data/instances/transfer/real_01.cip
mix_16_0,15,856,856,A,,60.0,100,0.5127096176147461,1.7955284118652344,13.506182670593262,0.66275,,,,,,,,,,,,,,,,,,,,,13,,224,224,0,1557814384,0,5,0,16,0,0.24964602291584015,1.0,-11.372110366821289,3.5368006229400635,309.0,0.5922446642071009,2779.85546875,67.03369140625,,data/instances/transfer/real_01.cip
mix_16_0,15,857,857,A,,60.0,100,0.21754294633865356,1.1772607564926147,10.7266263961792,0.6611666666666667,,,,,,,,,,,,,,,,,,,,,14,,224,224,0,1559915664,0,6,0,16,0,0.21648824214935303,1.0,-11.897897720336914,3.8786396980285645,470.0,0.511293726041913,2784.11328125,67.03369140625,,data/instances/transfer/real_01.cip
mix_16_0,15,858,858,A,,60.0,100,0.07791696488857269,0.4593798518180847,10.286474227905273,0.6611666666666667,,,,,,,,,,,,,,,,,,,,,16,,224,224,0,1559915664,0,6,0,16,0,0.4375371038913727,1.0,-12.665267944335938,1.8203140497207642,470.0,0.59240966103971,2784.14453125,67.03369140625,,data/instances/transfer/real_01.cip
mix_16_0,15,859,859,A,,60.0,100,0.12431469559669495,1.0584406852722168,3.7704036235809326,0.6611666666666667,,,,,,,,,,,,,,,,,,,,,15,,224,224,0,1559915664,0,6,0,16,0,0.12221779674291611,1.0,-13.239965438842773,2.978631019592285,470.0,0.6006645690649748,2784.14453125,67.03369140625,,data/instances/transfer/real_01.cip
mix_16_0,15,860,860,A,,60.0,100,0.19683702290058136,0.9673762917518616,9.92829704284668,0.6611666666666667,,,,,,,,,,,,,,,,,,,,,14,,224,224,0,1559915664,0,6,0,16,0,0.23601585626602173,1.0,-13.268475532531738,3.232156276702881,470.0,0.6072652190923691,2784.14453125,67.03369140625,,data/instances/transfer/real_01.cip
mix_16_0,15,861,861,A,,60.0,100,0.24808230996131897,1.7525789737701416,8.124324798583984,0.6595833333333334,,,,,,,,,,,,,,,,,,,,,13,,224,224,0,1561949700,0,7,0,16,0,0.14363323152065277,1.0,-12.334901809692383,3.378213882446289,410.0,0.4965812209993601,2788.4921875,67.03369140625,,data/instances/transfer/real_01.cip
mix_16_0,15,862,862,A,,60.0,100,0.2679157555103302,1.0128084421157837,7.263279438018799,0.6595833333333334,,,,,,,,,,,,,,,,,,,,,15,,224,224,0,1561949700,0,7,0,16,0,0.25722989439964294,1.0,-13.881391525268555,2.446669816970825,410.0,0.5907424967736006,2788.4921875,67.03369140625,,data/instances/transfer/real_01.cip
mix_16_0,15,863,863,A,,60.0,100,0.09036442637443542,0.5886751413345337,5.566879749298096,0.6595833333333334,,,,,,,,,,,,,,,,,,,,,16,,224,224,0,1561949700,0,7,0,16,0,0.19324219226837158,1.0,-13.706398010253906,2.563080072402954,410.0,0.6096253599971533,2788.4921875,67.03369140625,,data/instances/transfer/real_01.cip
mix_16_0,15,864,864,A,,60.0,100,0.0871812030673027,1.0373986959457397,2.682918071746826,0.6595833333333334,,,,,,,,,,,,,,,,,,,,,15,,224,224,0,1561949700,0,7,0,16,0,0.0858796164393425,1.0,-12.723779678344727,2.2742867469787598,410.0,0.5719897709786892,2788.4921875,67.03369140625,,data/instances/transfer/real_01.cip
mix_16_0,15,865,865,A,,60.0,100,0.18563666939735413,1.1117279529571533,5.426630020141602,0.658,,,,,,,,,,,,,,,,,,,,,16,,224,224,0,1563631716,0,8,0,16,0,0.17015239596366882,1.0,-13.11612606048584,2.77306866645813,191.0,0.5102177634835243,2794.109375,67.03369140625,,data/instances/transfer/real_01.cip
mix_16_0,15,866,866,A,,60.0,100,0.3535501956939697,1.3579187393188477,12.764486312866211,0.658,,,,,,,,,,,,,,,,,,,,,15,,224,224,0,1563631716,0,8,0,16,0,0.16138583421707153,1.0,-12.228375434875488,3.1189565658569336,191.0,0.5812452454119921,2794.23828125,67.03369140625,,data/instances/transfer/real_01.cip
mix_16_0,15,867,867,A,,60.0,100,0.254447877407074,1.1399173736572266,9.21947956085205,0.658,,,,,,,,,,,,,,,,,,,,,14,,224,224,0,1563631716,0,8,0,16,0,0.1156611442565918,1.0,-12.354120254516602,4.030322551727295,191.0,0.5883259810507298,2794.23828125,67.03369140625,,data/instances/transfer/real_01.cip
mix_16_0,15,868,868,A,,60.0,100,0.15327434241771698,1.048429012298584,0.7620581388473511,0.658,,,,,,,,,,,,,,,,,,,,,15,,224,224,0,1563631716,0,8,0,16,0,0.177359476685524,1.0,-11.872611999511719,2.814323902130127,191.0,0.5978277530521154,2794.23828125,67.03369140625,,data/instances/transfer/real_01.cip
mix_16_0,15,869,869,A,,60.0,100,0.2553175389766693,0.9258934259414673,10.13592529296875,0.6564166666666666,,,,,,,,,,,,,,,,,,,,,16,,224,224,0,1565391860,0,9,0,16,0,0.3265898525714874,1.0,-13.393293380737305,3.0789403915405273,144.0,0.5026089493185282,2798.31640625,67.03369140625,,data/instances/transfer/real_01.cip
mix_16_0,15,870,870,A,,60.0,100,0.3417394161224365,0.9364515542984009,11.793553352355957,0.6564166666666666,,,,,,,,,,,,,,,,,,,,,15,,224,224,0,1565391860,0,9,0,16,0,0.3864586055278778,1.0,-13.714367866516113,3.4092235565185547,144.0,0.586357906460762,2798.4140625,67.03369140625,,data/instances/transfer/real_01.cip
mix_16_0,15,871,871,A,,60.0,100,0.1675070822238922,0.6637385487556458,4.899440288543701,0.6564166666666666,,,,,,,,,,,,,,,,,,,,,16,,224,224,0,1565391860,0,9,0,16,0,0.34798768162727356,1.0,-12.656829833984375,2.437863826751709,144.0,0.6032245550304651,2798.4140625,67.03369140625,,data/instances/transfer/real_01.cip
mix_16_0,15,872,872,A,,60.0,100,0.28999972343444824,1.1528277397155762,6.237725257873535,0.6564166666666666,,,,,,,,,,,,,,,,,,,,,15,,224,224,0,1565391860,0,9,0,16,0,0.2944077253341675,1.0,-13.055316925048828,2.574972152709961,144.0,0.5931526683270931,2798.4140625,67.03369140625,,data/instances/transfer/real_01.cip
episode,15,872,872,A,,60.0,100,0.28999972343444824,1.1528277397155762,6.237725257873535,0.6548333333333334,-14.0407,-14.0,-0.0407,-14.0407,True,15,60.112526,,,,,,,,inf,1e+20,120.0,inf,0.0,25983,15,True,224,224,0,1568649800,0,11,0,16,0,,,,,226.14285714285714,,2798.4140625,67.03369140625,timelimit,data/instances/transfer/real_01.cip
mix_16_0,16,873,873,A,,60.0,100,0.34535926580429077,1.0468833446502686,5.230505466461182,0.6548333333333334,,,,,,,,,,,,,,,,,,,,,14,,224,224,0,1568649800,0,11,0,16,0,0.35256054997444153,1.0,-12.664667129516602,4.381259441375732,143.0,0.5364964101463556,2874.41015625,67.03369140625,,data/instances/transfer/real_03.cip
mix_16_0,16,874,874,A,,60.0,100,0.08556398749351501,0.9357429146766663,6.296496391296387,0.6548333333333334,,,,,,,,,,,,,,,,,,,,,16,,224,224,0,1568649800,0,11,0,16,0,0.11087189614772797,1.0,-12.973993301391602,1.9363797903060913,143.0,0.600573493167758,2874.41015625,67.03369140625,,data/instances/transfer/real_03.cip
mix_16_0,16,875,875,A,,60.0,100,0.11344069987535477,0.8788022398948669,2.8647146224975586,0.6548333333333334,,,,,,,,,,,,,,,,,,,,,14,,224,224,0,1568649800,0,11,0,16,0,0.15157783031463623,1.0,-12.887911796569824,4.098065376281738,143.0,0.6021661311388016,2874.4140625,67.03369140625,,data/instances/transfer/real_03.cip
mix_16_0,16,876,876,A,,60.0,100,0.4760163426399231,1.3182871341705322,1.9893300533294678,0.6548333333333334,,,,,,,,,,,,,,,,,,,,,14,,224,224,0,1568649800,0,11,0,16,0,0.4212644100189209,1.0,-12.385863304138184,3.4173974990844727,143.0,0.6038701478391886,2874.4140625,67.03369140625,,data/instances/transfer/real_03.cip
mix_16_0,16,877,877,A,,60.0,100,0.14433199167251587,1.0725300312042236,9.986759185791016,0.65325,,,,,,,,,,,,,,,,,,,,,15,,224,224,0,1568649800,0,11,0,16,0,0.11288680136203766,1.0,-14.949283599853516,3.057654619216919,234.0,0.5075616743415594,2874.5546875,67.03369140625,,data/instances/transfer/real_03.cip
mix_16_0,16,878,878,A,,60.0,100,0.12218750268220901,1.2206604480743408,2.9592814445495605,0.65325,,,,,,,,,,,,,,,,,,,,,15,,224,224,0,1568649800,0,11,0,16,0,0.07708418369293213,1.0,-13.682119369506836,2.8119497299194336,234.0,0.5907735861837864,2874.5546875,67.03369140625,,data/instances/transfer/real_03.cip
mix_16_0,16,879,879,A,,60.0,100,0.20550578832626343,0.9197062849998474,8.925630569458008,0.65325,,,,,,,,,,,,,,,,,,,,,16,,224,224,0,1568649800,0,11,0,16,0,0.27377599477767944,1.0,-13.083995819091797,2.8293588161468506,234.0,0.5692017897963524,2874.5546875,67.03369140625,,data/instances/transfer/real_03.cip
mix_16_0,16,880,880,A,,60.0,100,0.1716257929801941,1.2806358337402344,1.4524099826812744,0.65325,,,,,,,,,,,,,,,,,,,,,14,,224,224,0,1568649800,0,11,0,16,0,0.11986539512872696,1.0,-13.083641052246094,3.499274492263794,234.0,0.3665954638272524,2874.5546875,67.03369140625,,data/instances/transfer/real_03.cip
mix_16_0,16,881,881,A,,60.0,100,0.2549702227115631,0.8521661758422852,4.489152431488037,0.6516666666666667,,,,,,,,,,,,,,,,,,,,,16,,224,224,0,1569486384,0,12,0,16,0,0.4373570680618286,1.0,-12.246874809265137,3.030700206756592,1.0,0.5127085708081722,2874.5703125,67.03369140625,,data/instances/transfer/real_03.cip
mix_16_0,16,882,882,A,,60.0,100,0.32254558801651,1.4425731897354126,10.910663604736328,0.6516666666666667,,,,,,,,,,,,,,,,,,,,,14,,224,224,0,1569486384,0,12,0,16,0,0.19411152601242065,1.0,-11.740499496459961,3.487194061279297,1.0,0.5732286721467972,2874.5703125,67.03369140625,,data/instances/transfer/real_03.cip
mix_16_0,16,883,883,A,,60.0,100,0.2048545479774475,0.9957042932510376,14.776768684387207,0.6516666666666667,,,,,,,,,,,,,,,,,,,,,16,,224,224,0,1569486384,0,12,0,16,0,0.22537635266780853,1.0,-12.996094703674316,2.9525017738342285,1.0,0.4239905811846256,2874.5703125,67.03369140625,,data/instances/transfer/real_03.cip
mix_16_0,16,884,884,A,,60.0,100,0.09200155735015869,0.7000554203987122,2.3323628902435303,0.6516666666666667,,,,,,,,,,,,,,,,,,,,,16,,224,224,0,1569486384,0,12,0,16,0,0.1900063008069992,1.0,-13.994580268859863,1.994512915611267,1.0,0.5083639957010746,2874.5703125,67.03369140625,,data/instances/transfer/real_03.cip
mix_16_0,16,885,885,A,,60.0,100,0.20749197900295258,0.9560123682022095,8.395179748535156,0.6500833333333333,,,,,,,,,,,,,,,,,,,,,16,,224,224,0,1570228932,0,13,0,16,0,0.2437000274658203,1.0,-14.392895698547363,1.394795298576355,1.0,0.5003671906888485,2874.5703125,67.03369140625,,data/instances/transfer/real_03.cip
mix_16_0,16,886,886,A,,60.0,100,0.3088691830635071,1.343168020248413,14.19716739654541,0.6500833333333333,,,,,,,,,,,,,,,,,,,,,16,,224,224,0,1570228932,0,13,0,16,0,0.2080155313014984,1.0,-13.57720947265625,2.207700490951538,1.0,0.5825130064040422,2874.5703125,67.03369140625,,data/instances/transfer/real_03.cip
mix_16_0,16,887,887,A,,60.0,100,0.11702536046504974,0.9145550727844238,3.3711228370666504,0.6500833333333333,,,,,,,,,,,,,,,,,,,,,16,,224,224,0,1570228932,0,13,0,16,0,0.17131578922271729,1.0,-13.818397521972656,2.4208407402038574,1.0,0.6050776820629835,2874.5703125,67.03369140625,,data/instances/transfer/real_03.cip
mix_16_0,16,888,888,A,,60.0,100,0.11872178316116333,0.6552677154541016,2.028282403945923,0.6500833333333333,,,,,,,,,,,,,,,,,,,,,16,,224,224,0,1570228932,0,13,0,16,0,0.1862352341413498,1.0,-14.061046600341797,2.0554139614105225,1.0,0.6052449960261583,2874.5703125,67.03369140625,,data/instances/transfer/real_03.cip
mix_16_0,16,889,889,A,,60.0,100,0.18624243140220642,1.069620132446289,1.9776763916015625,0.6485000000000001,,,,,,,,,,,,,,,,,,,,,14,,224,224,0,1571091700,0,14,0,16,0,0.1885121762752533,1.0,-12.858030319213867,2.8425090312957764,121.0,0.5091120917350054,2874.5703125,67.03369140625,,data/instances/transfer/real_03.cip
mix_16_0,16,890,890,A,,60.0,100,0.10406194627285004,0.8878214359283447,3.9551682472229004,0.6485000000000001,,,,,,,,,,,,,,,,,,,,,16,,224,224,0,1571091700,0,14,0,16,0,0.15548905730247498,1.0,-12.44472599029541,3.213463544845581,121.0,0.5810897219926119,2874.5703125,67.03369140625,,data/instances/transfer/real_03.cip
mix_16_0,16,891,891,A,,60.0,100,0.22614747285842896,0.949465274810791,9.583839416503906,0.6485000000000001,,,,,,,,,,,,,,,,,,,,,15,,224,224,0,1571091700,0,14,0,16,0,0.3112926781177521,1.0,-13.576704978942871,3.3618545532226562,121.0,0.6104800794273615,2874.5703125,67.03369140625,,data/instances/transfer/real_03.cip
mix_16_0,16,892,892,A,,60.0,100,0.06610158085823059,0.5561316013336182,3.418198823928833,0.6485000000000001,,,,,,,,,,,,,,,,,,,,,16,,224,224,0,1571091700,0,14,0,16,0,0.23290547728538513,1.0,-13.048358917236328,2.6215381622314453,121.0,0.5384593680500984,2874.5703125,67.03369140625,,data/instances/transfer/real_03.cip
mix_16_0,16,893,893,A,,60.0,100,0.19480526447296143,0.8601930737495422,10.161724090576172,0.6469166666666667,,,,,,,,,,,,,,,,,,,,,16,,224,224,0,1571938112,0,15,0,16,0,0.337105929851532,1.0,-13.69442081451416,1.9239765405654907,33.0,0.5218702144920826,2874.5703125,67.03369140625,,data/instances/transfer/real_03.cip
mix_16_0,16,894,894,A,,60.0,100,0.20318394899368286,0.9222264885902405,8.57451057434082,0.6469166666666667,,,,,,,,,,,,,,,,,,,,,16,,224,224,0,1571938112,0,15,0,16,0,0.2760698199272156,1.0,-14.413182258605957,1.8278019428253174,33.0,0.5815213285386562,2874.58984375,67.03369140625,,data/instances/transfer/real_03.cip
mix_16_0,16,895,895,A,,60.0,100,0.13587310910224915,0.9741196632385254,3.0075812339782715,0.6469166666666667,,,,,,,,,,,,,,,,,,,,,15,,224,224,0,1571938112,0,15,0,16,0,0.15632082521915436,1.0,-12.255305290222168,3.6206958293914795,33.0,0.6066458187997341,2874.58984375,67.03369140625,,data/instances/transfer/real_03.cip
mix_16_0,16,896,896,A,,60.0,100,0.25531625747680664,0.9534741640090942,5.513651371002197,0.6469166666666667,,,,,,,,,,,,,,,,,,,,,16,,224,224,0,1571938112,0,15,0,16,0,0.3635527193546295,1.0,-13.542396545410156,2.7367897033691406,33.0,0.6052616387605667,2874.58984375,67.03369140625,,data/instances/transfer/real_03.cip
mix_16_0,16,897,897,A,,60.0,100,0.28782370686531067,1.2913120985031128,7.34667444229126,0.6453333333333333,,,,,,,,,,,,,,,,,,,,,16,,224,224,0,1572373892,0,16,0,16,0,0.2228778749704361,1.0,-13.230648040771484,2.8590805530548096,156.0,0.5098473634570837,2874.59765625,67.03369140625,,data/instances/transfer/real_03.cip
mix_16_0,16,898,898,A,,60.0,100,0.20940890908241272,0.9288567304611206,6.110456466674805,0.6453333333333333,,,,,,,,,,,,,,,,,,,,,15,,224,224,0,1572373892,0,16,0,16,0,0.27671584486961365,1.0,-13.35319709777832,2.752811908721924,156.0,0.585181687027216,2874.59765625,67.03369140625,,data/instances/transfer/real_03.cip
mix_16_0,16,899,899,A,,60.0,100,0.1727665215730667,0.7656081318855286,3.6499242782592773,0.6453333333333333,,,,,,,,,,,,,,,,,,,,,16,,224,224,0,1572373892,0,16,0,16,0,0.34363439679145813,1.0,-14.437585830688477,2.290778160095215,156.0,0.6121217645704746,2874.59765625,67.03369140625,,data/instances/transfer/real_03.cip
mix_16_0,16,900,900,A,,60.0,100,0.07997842133045197,0.8353561162948608,1.7832310199737549,0.6453333333333333,,,,,,,,,,,,,,,,,,,,,16,,224,224,0,1572373892,0,16,0,16,0,0.13590450584888458,1.0,-13.416409492492676,2.6533055305480957,156.0,0.6057604681700468,2874.59765625,67.03369140625,,data/instances/transfer/real_03.cip
mix_16_0,16,901,901,A,,60.0,100,0.08036316931247711,0.6715703010559082,1.8652924299240112,0.64375,,,,,,,,,,,,,,,,,,,,,16,,224,224,0,1572767828,0,17,0,16,0,0.11748193204402924,1.0,-14.423762321472168,2.2822482585906982,1.0,0.5492766425013542,2874.59765625,67.03369140625,,data/instances/transfer/real_03.cip
mix_16_0,16,902,902,A,,60.0,100,0.2623715400695801,1.3543286323547363,6.640833377838135,0.64375,,,,,,,,,,,,,,,,,,,,,14,,224,224,0,1572767828,0,17,0,16,0,0.19868940114974976,1.0,-12.845405578613281,3.481339454650879,1.0,0.5650390293449163,2874.59765625,67.03369140625,,data/instances/transfer/real_03.cip
mix_16_0,16,903,903,A,,60.0,100,0.17091041803359985,0.8751319646835327,8.990013122558594,0.64375,,,,,,,,,,,,,,,,,,,,,16,,224,224,0,1572767828,0,17,0,16,0,0.23336432874202728,1.0,-14.0167875289917,2.0653109550476074,1.0,0.6090146191418171,2874.59765625,67.03369140625,,data/instances/transfer/real_03.cip
mix_16_0,16,904,904,A,,60.0,100,0.15095999836921692,0.7369316220283508,6.038231372833252,0.64375,,,,,,,,,,,,,,,,,,,,,16,,224,224,0,1572767828,0,17,0,16,0,0.3355769217014313,1.0,-14.170467376708984,2.5098118782043457,1.0,0.6027887389063835,2874.59765625,67.03369140625,,data/instances/transfer/real_03.cip
mix_16_0,16,905,905,A,,60.0,100,0.15006022155284882,0.8506689071655273,3.203592300415039,0.6421666666666668,,,,,,,,,,,,,,,,,,,,,16,,224,224,0,1573146264,0,18,0,16,0,0.1783774197101593,1.0,-13.673225402832031,2.433696746826172,212.0,0.5204670559614897,2874.59765625,67.03369140625,,data/instances/transfer/real_03.cip
mix_16_0,16,906,906,A,,60.0,100,0.19223278760910034,0.8319641351699829,12.826022148132324,0.6421666666666668,,,,,,,,,,,,,,,,,,,,,16,,224,224,0,1573146264,0,18,0,16,0,0.24410994350910187,1.0,-15.276538848876953,1.5978968143463135,212.0,0.5840119477361441,2874.59765625,67.03369140625,,data/instances/transfer/real_03.cip
mix_16_0,16,907,907,A,,60.0,100,0.4037669897079468,1.2095203399658203,14.721394538879395,0.6421666666666668,,,,,,,,,,,,,,,,,,,,,16,,224,224,0,1573146264,0,18,0,16,0,0.3826282322406769,1.0,-13.91228199005127,1.6121479272842407,212.0,0.6054945196956396,2874.59765625,67.03369140625,,data/instances/transfer/real_03.cip
mix_16_0,16,908,908,A,,60.0,100,0.27668496966362,1.2078852653503418,3.975334882736206,0.6421666666666668,,,,,,,,,,,,,,,,,,,,,15,,224,224,0,1573146264,0,18,0,16,0,0.24672234058380127,1.0,-12.799458503723145,3.453026294708252,212.0,0.5959598571062088,2874.59765625,67.03369140625,,data/instances/transfer/real_03.cip
mix_16_0,16,909,909,A,,60.0,100,0.39701101183891296,1.2861231565475464,12.240643501281738,0.6405833333333333,,,,,,,,,,,,,,,,,,,,,16,,224,224,0,1573224324,0,19,0,16,0,0.3690827786922455,1.0,-12.105395317077637,2.0485076904296875,142.0,0.5270146727561951,2874.59765625,67.03369140625,,data/instances/transfer/real_03.cip
mix_16_0,16,910,910,A,,60.0,100,0.2733615040779114,1.0277667045593262,20.571178436279297,0.6405833333333333,,,,,,,,,,,,,,,,,,,,,16,,224,224,0,1573224324,0,19,0,16,0,0.319824755191803,1.0,-13.937052726745605,1.5718517303466797,142.0,0.5799576863646507,2874.59765625,67.03369140625,,data/instances/transfer/real_03.cip
mix_16_0,16,911,911,A,,60.0,100,0.3513581454753876,1.5043771266937256,4.191590785980225,0.6405833333333333,,,,,,,,,,,,,,,,,,,,,14,,224,224,0,1573224324,0,19,0,16,0,0.2600944936275482,1.0,-11.753782272338867,3.2793049812316895,142.0,0.5897764042019844,2874.59765625,67.03369140625,,data/instances/transfer/real_03.cip
mix_16_0,16,912,912,A,,60.0,100,0.04150152951478958,1.1489030122756958,0.7781792879104614,0.6405833333333333,,,,,,,,,,,,,,,,,,,,,15,,224,224,0,1573224324,0,19,0,16,0,0.039197370409965515,1.0,-11.108636856079102,3.90966534614563,142.0,0.5984788667410612,2874.59765625,67.03369140625,,data/instances/transfer/real_03.cip
mix_16_0,16,913,913,A,,60.0,100,0.14144361019134521,1.1128491163253784,2.013068437576294,0.639,,,,,,,,,,,,,,,,,,,,,15,,224,224,0,1573425420,0,20,0,16,0,0.1340390145778656,1.0,-12.73870849609375,2.9212539196014404,1.0,0.5254870858043432,2874.609375,67.03369140625,,data/instances/transfer/real_03.cip
mix_16_0,16,914,914,A,,60.0,100,0.5089948773384094,1.8517732620239258,6.898029327392578,0.639,,,,,,,,,,,,,,,,,,,,,13,,224,224,0,1573425420,0,20,0,16,0,0.28099822998046875,1.0,-11.280288696289062,3.735851287841797,1.0,0.5613454058766365,2874.609375,67.03369140625,,data/instances/transfer/real_03.cip
mix_16_0,16,915,915,A,,60.0,100,0.06449344009160995,0.58802330493927,1.509905219078064,0.639,,,,,,,,,,,,,,,,,,,,,15,,224,224,0,1573425420,0,20,0,16,0,0.11952109634876251,1.0,-12.656036376953125,3.648785352706909,1.0,0.5992748327553272,2874.609375,67.03369140625,,data/instances/transfer/real_03.cip
mix_16_0,16,916,916,A,,60.0,100,0.301535427570343,1.4118602275848389,2.8164169788360596,0.639,,,,,,,,,,,,,,,,,,,,,15,,224,224,0,1573425420,0,20,0,16,0,0.19339144229888916,1.0,-11.97589111328125,3.603083372116089,1.0,0.6156271323561668,2874.609375,67.03369140625,,data/instances/transfer/real_03.cip
mix_16_0,16,917,917,A,,60.0,100,0.18289470672607422,0.9789260625839233,6.677351474761963,0.6374166666666667,,,,,,,,,,,,,,,,,,,,,15,,224,224,0,1573513144,0,21,0,16,0,0.22062398493289948,1.0,-12.46275806427002,3.3685054779052734,242.0,0.47848175652325153,2874.609375,67.03369140625,,data/instances/transfer/real_03.cip
mix_16_0,16,918,918,A,,60.0,100,0.1567346751689911,1.2359856367111206,4.2915940284729,0.6374166666666667,,,,,,,,,,,,,,,,,,,,,13,,224,224,0,1573513144,0,21,0,16,0,0.12850290536880493,1.0,-12.097894668579102,4.11387825012207,242.0,0.4961886201053858,2874.63671875,67.03369140625,,data/instances/transfer/real_03.cip
mix_16_0,16,919,919,A,,60.0,100,0.1824263632297516,1.1650463342666626,8.207680702209473,0.6374166666666667,,,,,,,,,,,,,,,,,,,,,16,,224,224,0,1573513144,0,21,0,16,0,0.1663564294576645,1.0,-12.804777145385742,2.5392696857452393,242.0,0.592160364612937,2874.63671875,67.03369140625,,data/instances/transfer/real_03.cip
mix_16_0,16,920,920,A,,60.0,100,0.3349045515060425,1.282056450843811,2.5467917919158936,0.6374166666666667,,,,,,,,,,,,,,,,,,,,,14,,224,224,0,1573513144,0,21,0,16,0,0.3045385181903839,1.0,-12.924592018127441,3.9334723949432373,242.0,0.5950070060789585,2874.63671875,67.03369140625,,data/instances/transfer/real_03.cip
mix_16_0,16,921,921,A,,60.0,100,0.2516968250274658,0.9954957365989685,11.523177146911621,0.6358333333333333,,,,,,,,,,,,,,,,,,,,,16,,224,224,0,1573693464,0,22,0,16,0,0.19024135172367096,1.0,-15.125932693481445,2.4347968101501465,232.0,0.5477880053222179,2874.63671875,67.03369140625,,data/instances/transfer/real_03.cip
mix_16_0,16,922,922,A,,60.0,100,0.24535056948661804,1.0237425565719604,8.772180557250977,0.6358333333333333,,,,,,,,,,,,,,,,,,,,,15,,224,224,0,1573693464,0,22,0,16,0,0.2643779218196869,1.0,-14.273447036743164,2.8383755683898926,232.0,0.5834223944693804,2874.63671875,67.03369140625,,data/instances/transfer/real_03.cip
mix_16_0,16,923,923,A,,60.0,100,0.40010687708854675,1.4035447835922241,11.264678001403809,0.6358333333333333,,,,,,,,,,,,,,,,,,,,,14,,224,224,0,1573693464,0,22,0,16,0,0.2777875065803528,1.0,-12.028141021728516,4.348886489868164,232.0,0.5937661118805408,2874.63671875,67.03369140625,,data/instances/transfer/real_03.cip
mix_16_0,16,924,924,A,,60.0,100,0.30080777406692505,1.2722907066345215,7.313784122467041,0.6358333333333333,,,,,,,,,,,,,,,,,,,,,15,,224,224,0,1573693464,0,22,0,16,0,0.23211704194545746,1.0,-12.75088882446289,2.8193533420562744,232.0,0.6038438845425844,2874.63671875,67.03369140625,,data/instances/transfer/real_03.cip
mix_16_0,16,925,925,A,,60.0,100,0.2071509063243866,0.9401398301124573,12.729469299316406,0.63425,,,,,,,,,,,,,,,,,,,,,15,,224,224,0,1573980076,0,23,0,16,0,0.18974357843399048,1.0,-13.305871963500977,2.992429733276367,130.0,0.5226683281362057,2874.63671875,67.03369140625,,data/instances/transfer/real_03.cip
mix_16_0,16,926,926,A,,60.0,100,0.15796588361263275,0.8375535011291504,3.2978296279907227,0.63425,,,,,,,,,,,,,,,,,,,,,15,,224,224,0,1573980076,0,23,0,16,0,0.22743119299411774,1.0,-12.877307891845703,3.1100242137908936,130.0,0.5828169248998165,2874.63671875,67.03369140625,,data/instances/transfer/real_03.cip
mix_16_0,16,927,927,A,,60.0,100,0.21062877774238586,1.0908207893371582,4.087123394012451,0.63425,,,,,,,,,,,,,,,,,,,,,15,,224,224,0,1573980076,0,23,0,16,0,0.24359886348247528,1.0,-11.640745162963867,4.327888011932373,130.0,0.5997071918100119,2874.63671875,67.03369140625,,data/instances/transfer/real_03.cip
mix_16_0,16,928,928,A,,60.0,100,0.08164885640144348,0.5989956855773926,1.8856059312820435,0.63425,,,,,,,,,,,,,,,,,,,,,16,,224,224,0,1573980076,0,23,0,16,0,0.24695368111133575,1.0,-14.920599937438965,2.4840245246887207,130.0,0.6053909156471491,2874.63671875,67.03369140625,,data/instances/transfer/real_03.cip
episode,16,928,928,A,,60.0,100,0.08164885640144348,0.5989956855773926,1.8856059312820435,0.6326666666666667,-14.024999999999999,-14.0,-0.025000000000000005,-14.024999999999999,True,15,62.140016,,,,,,,,inf,1e+20,120.0,inf,0.0,23512,16,True,224,224,0,1574355284,0,25,0,16,0,,,,,117.78571428571429,,2826.734375,67.03369140625,timelimit,data/instances/transfer/real_03.cip
mix_16_0,17,929,929,A,,60.0,100,0.30020785331726074,1.0116629600524902,6.70544958114624,0.6326666666666667,,,,,,,,,,,,,,,,,,,,,16,,224,224,0,1574355284,0,25,0,16,0,0.37141942977905273,1.0,-13.61227035522461,2.1682889461517334,163.0,0.550241207703948,2840.4921875,67.03369140625,,data/instances/transfer/real_05.cip
mix_16_0,17,930,930,A,,60.0,100,0.04037214070558548,0.5550659894943237,3.2808592319488525,0.6326666666666667,,,,,,,,,,,,,,,,,,,,,16,,224,224,0,1574355284,0,25,0,16,0,0.08559665828943253,1.0,-13.513975143432617,3.0462844371795654,163.0,0.5989491250365973,2840.49609375,67.03369140625,,data/instances/transfer/real_05.cip
mix_16_0,17,931,931,A,,60.0,100,0.2601691484451294,1.212545394897461,9.136799812316895,0.6326666666666667,,,,,,,,,,,,,,,,,,,,,16,,224,224,0,1574355284,0,25,0,16,0,0.1920282244682312,1.0,-12.962913513183594,3.2931902408599854,163.0,0.6128608174622059,2840.5078125,67.03369140625,,data/instances/transfer/real_05.cip
mix_16_0,17,932,932,A,,60.0,100,0.24346137046813965,1.282141923904419,4.154990196228027,0.6326666666666667,,,,,,,,,,,,,,,,,,,,,14,,224,224,0,1574355284,0,25,0,16,0,0.21225246787071228,1.0,-13.486648559570312,3.8596696853637695,163.0,0.5997136533260345,2840.5078125,67.03369140625,,data/instances/transfer/real_05.cip
mix_16_0,17,933,933,A,,60.0,100,0.06101638078689575,0.49470895528793335,1.0281915664672852,0.6310833333333334,,,,,,,,,,,,,,,,,,,,,16,,224,224,0,1574355284,0,25,0,16,0,0.19596612453460693,1.0,-15.16777229309082,1.9173825979232788,1.0,0.5320399329066277,2840.5078125,67.03369140625,,data/instances/transfer/real_05.cip
mix_16_0,17,934,934,A,,60.0,100,0.11518507450819016,0.7689077258110046,2.7892043590545654,0.6310833333333334,,,,,,,,,,,,,,,,,,,,,16,,224,224,0,1574355284,0,25,0,16,0,0.2023477405309677,1.0,-11.86693000793457,2.914193868637085,1.0,0.5821555554866791,2840.5078125,67.03369140625,,data/instances/transfer/real_05.cip
mix_16_0,17,935,935,A,,60.0,100,0.17007026076316833,1.0384982824325562,7.953404426574707,0.6310833333333334,,,,,,,,,,,,,,,,,,,,,15,,224,224,0,1574355284,0,25,0,16,0,0.16004610061645508,1.0,-12.598814010620117,4.318554401397705,1.0,0.604519609361887,2840.5078125,67.03369140625,,data/instances/transfer/real_05.cip
mix_16_0,17,936,936,A,,60.0,100,0.20070022344589233,0.7793341875076294,15.553906440734863,0.6310833333333334,,,,,,,,,,,,,,,,,,,,,16,,224,224,0,1574355284,0,25,0,16,0,0.34549346566200256,1.0,-13.852913856506348,2.4077227115631104,1.0,0.6098852939903736,2840.5078125,67.03369140625,,data/instances/transfer/real_05.cip
mix_16_0,17,937,937,A,,60.0,100,0.03171565383672714,0.644871711730957,1.9159584045410156,0.6295,,,,,,,,,,,,,,,,,,,,,16,,224,224,0,1574557380,0,26,0,16,0,0.0785127580165863,1.0,-12.516715049743652,3.312035322189331,124.0,0.5263243559747934,2840.51953125,67.03369140625,,data/instances/transfer/real_05.cip
mix_16_0,17,938,938,A,,60.0,100,0.3265477418899536,1.4601682424545288,2.5479607582092285,0.6295,,,,,,,,,,,,,,,,,,,,,14,,224,224,0,1574557380,0,26,0,16,0,0.23813241720199585,1.0,-11.62855052947998,4.445117950439453,124.0,0.5670293178409338,2840.51953125,67.03369140625,,data/instances/transfer/real_05.cip
mix_16_0,17,939,939,A,,60.0,100,0.13569752871990204,0.9659228324890137,1.7489670515060425,0.6295,,,,,,,,,,,,,,,,,,,,,14,,224,224,0,1574557380,0,26,0,16,0,0.15294724702835083,1.0,-12.527963638305664,3.857508420944214,124.0,0.6084550451487303,2840.51953125,67.03369140625,,data/instances/transfer/real_05.cip
mix_16_0,17,940,940,A,,60.0,100,0.16662758588790894,0.7537597417831421,11.582447052001953,0.6295,,,,,,,,,,,,,,,,,,,,,15,,224,224,0,1574557380,0,26,0,16,0,0.3165483772754669,1.0,-14.58646011352539,3.6147937774658203,124.0,0.6050179898738861,2840.51953125,67.03369140625,,data/instances/transfer/real_05.cip
mix_16_0,17,941,941,A,,60.0,100,0.16700169444084167,0.863471508026123,8.684737205505371,0.6279166666666667,,,,,,,,,,,,,,,,,,,,,15,,224,224,0,1574555308,0,27,0,16,0,0.15502573549747467,1.0,-13.62993049621582,3.4284839630126953,1.0,0.5174596235156059,2843.07421875,67.03369140625,,data/instances/transfer/real_05.cip
mix_16_0,17,942,942,A,,60.0,100,0.18934722244739532,0.8513963222503662,2.6116724014282227,0.6279166666666667,,,,,,,,,,,,,,,,,,,,,15,,224,224,0,1574555308,0,27,0,16,0,0.26717808842658997,1.0,-13.161117553710938,3.9515390396118164,1.0,0.5835369527339935,2843.07421875,67.03369140625,,data/instances/transfer/real_05.cip
mix_16_0,17,943,943,A,,60.0,100,0.1707955300807953,0.837186872959137,13.229462623596191,0.6279166666666667,,,,,,,,,,,,,,,,,,,,,16,,224,224,0,1574555308,0,27,0,16,0,0.231291726231575,1.0,-14.604592323303223,1.973111629486084,1.0,0.6095738932490349,2843.07421875,67.03369140625,,data/instances/transfer/real_05.cip
mix_16_0,17,944,944,A,,60.0,100,0.3505070209503174,1.3838210105895996,4.009887218475342,0.6279166666666667,,,,,,,,,,,,,,,,,,,,,14,,224,224,0,1574555308,0,27,0,16,0,0.26174941658973694,1.0,-12.199076652526855,3.8535609245300293,1.0,0.5995525866746902,2843.07421875,67.03369140625,,data/instances/transfer/real_05.cip
mix_16_0,17,945,945,A,,60.0,100,0.16514167189598083,1.0974502563476562,5.546530246734619,0.6263333333333334,,,,,,,,,,,,,,,,,,,,,15,,224,224,0,1574477792,0,28,0,16,0,0.1460372358560562,1.0,-13.87386703491211,4.008274078369141,1.0,0.5125848148018122,2843.07421875,67.03369140625,,data/instances/transfer/real_05.cip
mix_16_0,17,946,946,A,,60.0,100,0.10889514535665512,0.6764791011810303,5.674795627593994,0.6263333333333334,,,,,,,,,,,,,,,,,,,,,16,,224,224,0,1574477792,0,28,0,16,0,0.2687099277973175,1.0,-13.653270721435547,3.119807481765747,1.0,0.5852376129478216,2843.07421875,67.03369140625,,data/instances/transfer/real_05.cip
mix_16_0,17,947,947,A,,60.0,100,0.1869840919971466,0.7315798997879028,3.218183755874634,0.6263333333333334,,,,,,,,,,,,,,,,,,,,,16,,224,224,0,1574477792,0,28,0,16,0,0.40730640292167664,1.0,-13.853067398071289,2.2298519611358643,1.0,0.6048253905028105,2843.07421875,67.03369140625,,data/instances/transfer/real_05.cip
mix_16_0,17,948,948,A,,60.0,100,0.1675795018672943,0.7514221668243408,5.081518650054932,0.6263333333333334,,,,,,,,,,,,,,,,,,,,,16,,224,224,0,1574477792,0,28,0,16,0,0.28160396218299866,1.0,-14.584516525268555,2.2990410327911377,1.0,0.6115383561700583,2843.07421875,67.03369140625,,data/instances/transfer/real_05.cip
mix_16_0,17,949,949,A,,60.0,100,0.24216005206108093,1.069345474243164,7.88950252532959,0.62475,,,,,,,,,,,,,,,,,,,,,13,,224,224,0,1574440584,0,29,0,16,0,0.27943965792655945,1.0,-13.718128204345703,4.878564834594727,82.0,0.4849561117589474,2844.8671875,67.03369140625,,data/instances/transfer/real_05.cip
mix_16_0,17,950,950,A,,60.0,100,0.25982242822647095,1.1487722396850586,6.243679523468018,0.62475,,,,,,,,,,,,,,,,,,,,,13,,224,224,0,1574440584,0,29,0,16,0,0.25037744641304016,1.0,-11.98801040649414,4.424365520477295,82.0,0.5781608000397682,2844.8671875,67.03369140625,,data/instances/transfer/real_05.cip
mix_16_0,17,951,951,A,,60.0,100,0.2900128662586212,1.0004096031188965,3.7178456783294678,0.62475,,,,,,,,,,,,,,,,,,,,,14,,224,224,0,1574440584,0,29,0,16,0,0.3578754961490631,1.0,-11.592353820800781,3.6990132331848145,82.0,0.6126607861369848,2844.98828125,67.03369140625,,data/instances/transfer/real_05.cip
mix_16_0,17,952,952,A,,60.0,100,0.1922113597393036,1.1664648056030273,8.324024200439453,0.62475,,,,,,,,,,,,,,,,,,,,,16,,224,224,0,1574440584,0,29,0,16,0,0.14156676828861237,1.0,-11.540895462036133,2.730440616607666,82.0,0.606473695486784,2844.98828125,67.03369140625,,data/instances/transfer/real_05.cip
mix_16_0,17,953,953,A,,60.0,100,0.36942026019096375,1.7077312469482422,15.197332382202148,0.6231666666666666,,,,,,,,,,,,,,,,,,,,,16,,224,224,0,1574054672,0,30,0,16,0,0.15658821165561676,1.0,-12.046510696411133,2.680042028427124,158.0,0.5093434751033783,2844.98828125,67.03369140625,,data/instances/transfer/real_05.cip
mix_16_0,17,954,954,A,,60.0,100,0.2884185314178467,1.0542373657226562,15.244330406188965,0.6231666666666666,,,,,,,,,,,,,,,,,,,,,16,,224,224,0,1574054672,0,30,0,16,0,0.24527104198932648,1.0,-13.956823348999023,3.283803701400757,158.0,0.5950832571834326,2844.98828125,67.03369140625,,data/instances/transfer/real_05.cip
mix_16_0,17,955,955,A,,60.0,100,0.21839281916618347,0.9355831742286682,2.8937854766845703,0.6231666666666666,,,,,,,,,,,,,,,,,,,,,15,,224,224,0,1574054672,0,30,0,16,0,0.3008047342300415,1.0,-14.058298110961914,4.576197147369385,158.0,0.6025867480784655,2844.98828125,67.03369140625,,data/instances/transfer/real_05.cip
mix_16_0,17,956,956,A,,60.0,100,0.15622010827064514,0.7142396569252014,12.981112480163574,0.6231666666666666,,,,,,,,,,,,,,,,,,,,,15,,224,224,0,1574054672,0,30,0,16,0,0.27458059787750244,1.0,-12.988519668579102,4.604619979858398,158.0,0.6051107626408339,2844.98828125,67.03369140625,,data/instances/transfer/real_05.cip
mix_16_0,17,957,957,A,,60.0,100,0.24513715505599976,1.0120025873184204,7.36700963973999,0.6215833333333334,,,,,,,,,,,,,,,,,,,,,15,,224,224,0,1573675748,0,31,0,16,0,0.2164096087217331,1.0,-12.365588188171387,2.99959397315979,59.0,0.4892169050872326,2844.98828125,67.03369140625,,data/instances/transfer/real_05.cip
mix_16_0,17,958,958,A,,60.0,100,0.3805246651172638,1.1391396522521973,12.431674003601074,0.6215833333333334,,,,,,,,,,,,,,,,,,,,,15,,224,224,0,1573675748,0,31,0,16,0,0.36174026131629944,1.0,-13.023750305175781,3.4045825004577637,59.0,0.5732805300503969,2844.98828125,67.03369140625,,data/instances/transfer/real_05.cip
mix_16_0,17,959,959,A,,60.0,100,0.2175271362066269,1.1626598834991455,5.979973316192627,0.6215833333333334,,,,,,,,,,,,,,,,,,,,,16,,224,224,0,1573675748,0,31,0,16,0,0.19813500344753265,1.0,-12.09687614440918,3.7078566551208496,59.0,0.6106386240571737,2844.98828125,67.03369140625,,data/instances/transfer/real_05.cip
mix_16_0,17,960,960,A,,60.0,100,0.23896291851997375,1.0208029747009277,7.905503273010254,0.6215833333333334,,,,,,,,,,,,,,,,,,,,,15,,224,224,0,1573675748,0,31,0,16,0,0.2657583951950073,1.0,-13.238567352294922,3.6890504360198975,59.0,0.5956042297184467,2844.98828125,67.03369140625,,data/instances/transfer/real_05.cip
mix_16_0,17,961,961,A,,60.0,100,0.1183357834815979,0.7190196514129639,3.123060464859009,0.62,,,,,,,,,,,,,,,,,,,,,16,,224,224,0,1573338284,0,32,0,16,0,0.23503799736499786,1.0,-13.366514205932617,3.1530699729919434,57.0,0.5297646969556808,2844.98828125,67.03369140625,,data/instances/transfer/real_05.cip
mix_16_0,17,962,962,A,,60.0,100,0.18431687355041504,0.9422167539596558,5.095803737640381,0.62,,,,,,,,,,,,,,,,,,,,,13,,224,224,0,1573338284,0,32,0,16,0,0.20971684157848358,1.0,-11.664377212524414,5.606175422668457,57.0,0.5641248840838671,2845.015625,67.03369140625,,data/instances/transfer/real_05.cip
mix_16_0,17,963,963,A,,60.0,100,0.20700526237487793,1.1592261791229248,5.335560321807861,0.62,,,,,,,,,,,,,,,,,,,,,15,,224,224,0,1573338284,0,32,0,16,0,0.1987696886062622,1.0,-11.751466751098633,3.3932435512542725,57.0,0.5962576530873775,2845.015625,67.03369140625,,data/instances/transfer/real_05.cip
mix_16_0,17,964,964,A,,60.0,100,0.13980209827423096,0.8171554803848267,4.598552227020264,0.62,,,,,,,,,,,,,,,,,,,,,15,,224,224,0,1573338284,0,32,0,16,0,0.19526253640651703,1.0,-13.60984992980957,3.4327337741851807,57.0,0.6078547909855843,2845.015625,67.03369140625,,data/instances/transfer/real_05.cip
mix_16_0,17,965,965,A,,60.0,100,0.12643736600875854,0.5484724044799805,8.134238243103027,0.6184166666666666,,,,,,,,,,,,,,,,,,,,,16,,224,224,0,1573716632,0,33,0,16,0,0.4535236656665802,1.0,-14.134010314941406,3.276203155517578,1.0,0.5149756819009781,2845.015625,67.03369140625,,data/instances/transfer/real_05.cip
mix_16_0,17,966,966,A,,60.0,100,0.2582491636276245,1.0229125022888184,8.026729583740234,0.6184166666666666,,,,,,,,,,,,,,,,,,,,,16,,224,224,0,1573716632,0,33,0,16,0,0.27276623249053955,1.0,-14.216434478759766,3.746276378631592,1.0,0.5873035937547684,2845.015625,67.03369140625,,data/instances/transfer/real_05.cip
mix_16_0,17,967,967,A,,60.0,100,0.2265070080757141,1.169206976890564,6.915180206298828,0.6184166666666666,,,,,,,,,,,,,,,,,,,,,14,,224,224,0,1573716632,0,33,0,16,0,0.20441946387290955,1.0,-11.687276840209961,4.360003471374512,1.0,0.595806322991848,2845.015625,67.03369140625,,data/instances/transfer/real_05.cip
mix_16_0,17,968,968,A,,60.0,100,0.23626798391342163,0.7753817439079285,6.433223247528076,0.6184166666666666,,,,,,,,,,,,,,,,,,,,,16,,224,224,0,1573716632,0,33,0,16,0,0.45549196004867554,1.0,-13.485477447509766,3.3107097148895264,1.0,0.6199535168707371,2845.015625,67.03369140625,,data/instances/transfer/real_05.cip
mix_16_0,17,969,969,A,,60.0,100,0.2943264842033386,1.2026755809783936,1.5324842929840088,0.6168333333333333,,,,,,,,,,,,,,,,,,,,,14,,224,224,0,1573971956,0,34,0,16,0,0.283862441778183,1.0,-12.747636795043945,4.426025867462158,99.0,0.5069230142980814,2845.015625,67.03369140625,,data/instances/transfer/real_05.cip
mix_16_0,17,970,970,A,,60.0,100,0.14907622337341309,0.9263641834259033,4.022568702697754,0.6168333333333333,,,,,,,,,,,,,,,,,,,,,15,,224,224,0,1573971956,0,34,0,16,0,0.19364911317825317,1.0,-13.943826675415039,3.4371893405914307,99.0,0.5908805895596743,2845.01953125,67.03369140625,,data/instances/transfer/real_05.cip
mix_16_0,17,971,971,A,,60.0,100,0.07610318064689636,1.0083047151565552,2.4965133666992188,0.6168333333333333,,,,,,,,,,,,,,,,,,,,,14,,224,224,0,1573971956,0,34,0,16,0,0.0896703377366066,1.0,-13.477667808532715,4.141974925994873,99.0,0.6021289713680744,2845.01953125,67.03369140625,,data/instances/transfer/real_05.cip
mix_16_0,17,972,972,A,,60.0,100,0.06493628025054932,0.5666459798812866,1.4657522439956665,0.6168333333333333,,,,,,,,,,,,,,,,,,,,,16,,224,224,0,1573971956,0,34,0,16,0,0.17740152776241302,1.0,-13.854412078857422,3.4433000087738037,99.0,0.6294905412942171,2845.01953125,67.03369140625,,data/instances/transfer/real_05.cip
mix_16_0,17,973,973,A,,60.0,100,0.12328833341598511,1.1727911233901978,4.4852728843688965,0.6152500000000001,,,,,,,,,,,,,,,,,,,,,15,,224,224,0,1574226092,0,35,0,16,0,0.12043052166700363,1.0,-11.330351829528809,4.015313148498535,49.0,0.5153565909713507,2847.57421875,67.03369140625,,data/instances/transfer/real_05.cip
mix_16_0,17,974,974,A,,60.0,100,0.1315702646970749,0.9431853294372559,2.7238659858703613,0.6152500000000001,,,,,,,,,,,,,,,,,,,,,14,,224,224,0,1574226092,0,35,0,16,0,0.17185944318771362,1.0,-13.153011322021484,4.00811243057251,49.0,0.5868310276418924,2847.57421875,67.03369140625,,data/instances/transfer/real_05.cip
mix_16_0,17,975,975,A,,60.0,100,0.14330726861953735,0.7032574415206909,2.6724460124969482,0.6152500000000001,,,,,,,,,,,,,,,,,,,,,15,,224,224,0,1574226092,0,35,0,16,0,0.24778063595294952,1.0,-12.84786605834961,3.5610225200653076,49.0,0.6116339508444071,2847.57421875,67.03369140625,,data/instances/transfer/real_05.cip
mix_16_0,17,976,976,A,,60.0,100,0.04193813353776932,0.7479188442230225,1.0041815042495728,0.6152500000000001,,,,,,,,,,,,,,,,,,,,,16,,224,224,0,1574226092,0,35,0,16,0,0.052698180079460144,1.0,-13.511828422546387,2.6374878883361816,49.0,0.6156250834465027,2847.57421875,67.03369140625,,data/instances/transfer/real_05.cip
mix_16_0,17,977,977,A,,60.0,100,0.13954898715019226,1.2624616622924805,1.5239622592926025,0.6136666666666667,,,,,,,,,,,,,,,,,,,,,15,,224,224,0,1575311420,0,36,0,16,0,0.11786163598299026,1.0,-12.556510925292969,4.435565948486328,1.0,0.5005974750965834,2847.57421875,67.03369140625,,data/instances/transfer/real_05.cip
mix_16_0,17,978,978,A,,60.0,100,0.20361042022705078,1.0399448871612549,6.37520694732666,0.6136666666666667,,,,,,,,,,,,,,,,,,,,,16,,224,224,0,1575311420,0,36,0,16,0,0.2296655923128128,1.0,-13.596368789672852,3.213040351867676,1.0,0.5914929751306772,2847.57421875,67.03369140625,,data/instances/transfer/real_05.cip
mix_16_0,17,979,979,A,,60.0,100,0.25453323125839233,0.9702292084693909,1.7350854873657227,0.6136666666666667,,,,,,,,,,,,,,,,,,,,,16,,224,224,0,1575311420,0,36,0,16,0,0.2892272472381592,1.0,-12.599540710449219,3.873664379119873,1.0,0.6049507819116116,2847.57421875,67.03369140625,,data/instances/transfer/real_05.cip
mix_16_0,17,980,980,A,,60.0,100,0.3130962550640106,0.9459874629974365,6.640428066253662,0.6136666666666667,,,,,,,,,,,,,,,,,,,,,15,,224,224,0,1575311420,0,36,0,16,0,0.42896053194999695,1.0,-13.370397567749023,3.9228079319000244,1.0,0.602428711950779,2847.57421875,67.03369140625,,data/instances/transfer/real_05.cip
episode,17,980,980,A,,60.0,100,0.3130962550640106,0.9459874629974365,6.640428066253662,0.6120833333333333,-13.0188,-13.0,-0.0188,-13.0188,True,14,60.058474,,,,,,,,inf,1e+20,120.0,inf,0.0,16377,15,True,224,224,0,1577221036,0,38,0,16,0,,,,,61.23076923076923,,2847.57421875,67.03369140625,timelimit,data/instances/transfer/real_05.cip
episode,18,980,980,A,,60.0,100,0.3130962550640106,0.9459874629974365,6.640428066253662,0.6120833333333333,0.0,0.0,0.0,0.0,True,1,8.075868,,,,,,,,inf,0.0,8.075868,8.075868,1.0,7944,15,False,224,224,0,1577221036,0,38,0,16,0,,,,,0.0,,2847.57421875,67.03369140625,optimal,data/instances/train/real_06.cip
mix_16_0,19,981,981,A,,60.0,100,0.09643226116895676,0.49440667033195496,6.820107460021973,0.6120833333333333,,,,,,,,,,,,,,,,,,,,,16,,224,224,0,1577221036,0,38,0,16,0,0.19350992143154144,1.0,-14.04975700378418,3.381385326385498,214.0,0.5286375172436237,2848.578125,67.03369140625,,data/instances/train/real_07.cip
mix_16_0,19,982,982,A,,60.0,100,0.2188161313533783,1.1222405433654785,4.301265239715576,0.6120833333333333,,,,,,,,,,,,,,,,,,,,,14,,224,224,0,1577221036,0,38,0,16,0,0.23898683488368988,1.0,-12.219412803649902,4.508541107177734,214.0,0.5761575233191252,2848.578125,67.03369140625,,data/instances/train/real_07.cip
mix_16_0,19,983,983,A,,60.0,100,0.2778150737285614,1.139542818069458,2.486532688140869,0.6120833333333333,,,,,,,,,,,,,,,,,,,,,15,,224,224,0,1577221036,0,38,0,16,0,0.26670607924461365,1.0,-12.971521377563477,4.534935474395752,214.0,0.6091444473713636,2848.578125,67.03369140625,,data/instances/train/real_07.cip
mix_16_0,19,984,984,A,,60.0,100,0.2699093222618103,1.081120252609253,10.198755264282227,0.6120833333333333,,,,,,,,,,,,,,,,,,,,,16,,224,224,0,1577221036,0,38,0,16,0,0.3070254921913147,1.0,-13.127042770385742,2.9899888038635254,214.0,0.6157815605401993,2848.578125,67.03369140625,,data/instances/train/real_07.cip
mix_16_0,19,985,985,A,,60.0,100,0.1718481034040451,0.9081411361694336,2.511861801147461,0.6105,,,,,,,,,,,,,,,,,,,,,15,,224,224,0,1577221036,0,38,0,16,0,0.23837047815322876,1.0,-14.857199668884277,3.660521984100342,1.0,0.525311017408967,2848.578125,67.03369140625,,data/instances/train/real_07.cip
mix_16_0,19,986,986,A,,60.0,100,0.18947599828243256,0.8252484798431396,7.9748053550720215,0.6105,,,,,,,,,,,,,,,,,,,,,16,,224,224,0,1577221036,0,38,0,16,0,0.24470078945159912,1.0,-14.442056655883789,3.271591901779175,1.0,0.5871346276253462,2848.578125,67.03369140625,,data/instances/train/real_07.cip
mix_16_0,19,987,987,A,,60.0,100,0.14025282859802246,0.8492971062660217,5.463847637176514,0.6105,,,,,,,,,,,,,,,,,,,,,14,,224,224,0,1577221036,0,38,0,16,0,0.19916735589504242,1.0,-13.063011169433594,5.032243251800537,1.0,0.5990750081837177,2848.578125,67.03369140625,,data/instances/train/real_07.cip
mix_16_0,19,988,988,A,,60.0,100,0.18491140007972717,0.7263106107711792,2.1923763751983643,0.6105,,,,,,,,,,,,,,,,,,,,,16,,224,224,0,1577221036,0,38,0,16,0,0.3698089122772217,1.0,-13.837785720825195,2.474163055419922,1.0,0.6122010387480259,2848.578125,67.03369140625,,data/instances/train/real_07.cip
mix_16_0,19,989,989,A,,60.0,100,0.15444371104240417,1.0475178956985474,5.73019552230835,0.6089166666666667,,,,,,,,,,,,,,,,,,,,,15,,224,224,0,1579001176,0,39,0,16,0,0.16335679590702057,1.0,-12.505258560180664,3.0685253143310547,255.0,0.5083632729947567,2848.578125,67.03369140625,,data/instances/train/real_07.cip
mix_16_0,19,990,990,A,,60.0,100,0.16739413142204285,0.8203213810920715,10.95058536529541,0.6089166666666667,,,,,,,,,,,,,,,,,,,,,16,,224,224,0,1579001176,0,39,0,16,0,0.2611631751060486,1.0,-14.004850387573242,2.6595380306243896,255.0,0.5946012046188116,2848.578125,67.03369140625,,data/instances/train/real_07.cip
mix_16_0,19,991,991,A,,60.0,100,0.1472318470478058,0.8247251510620117,3.6608004570007324,0.6089166666666667,,,,,,,,,,,,,,,,,,,,,16,,224,224,0,1579001176,0,39,0,16,0,0.19905008375644684,1.0,-14.342131614685059,4.361233234405518,255.0,0.6092905886471272,2848.578125,67.03369140625,,data/instances/train/real_07.cip
mix_16_0,19,992,992,A,,60.0,100,0.290158748626709,1.2416081428527832,11.635519981384277,0.6089166666666667,,,,,,,,,,,,,,,,,,,,,14,,224,224,0,1579001176,0,39,0,16,0,0.2647891342639923,1.0,-12.256295204162598,5.113979816436768,255.0,0.5915756989270449,2848.578125,67.03369140625,,data/instances/train/real_07.cip
mix_16_0,19,993,993,A,,60.0,100,0.1609010100364685,0.9780541062355042,5.93556022644043,0.6073333333333333,,,,,,,,,,,,,,,,,,,,,15,,224,224,0,1579013756,0,40,0,16,0,0.17851966619491577,1.0,-12.995528221130371,3.2490010261535645,283.0,0.534293208271265,2848.578125,67.03369140625,,data/instances/train/real_07.cip
mix_16_0,19,994,994,A,,60.0,100,0.2562292814254761,0.8707066178321838,3.0038421154022217,0.6073333333333333,,,,,,,,,,,,,,,,,,,,,16,,224,224,0,1579013756,0,40,0,16,0,0.37917208671569824,1.0,-12.872804641723633,4.32818603515625,283.0,0.5822006277740002,2848.578125,67.03369140625,,data/instances/train/real_07.cip
mix_16_0,19,995,995,A,,60.0,100,0.16248144209384918,1.147672176361084,3.028963088989258,0.6073333333333333,,,,,,,,,,,,,,,,,,,,,13,,224,224,0,1579013756,0,40,0,16,0,0.17272038757801056,1.0,-12.670242309570312,4.589406967163086,283.0,0.5878456309437752,2848.578125,67.03369140625,,data/instances/train/real_07.cip
mix_16_0,19,996,996,A,,60.0,100,0.1265873908996582,0.6375985145568848,4.7653117179870605,0.6073333333333333,,,,,,,,,,,,,,,,,,,,,16,,224,224,0,1579013756,0,40,0,16,0,0.3269069194793701,1.0,-12.390617370605469,3.8156800270080566,283.0,0.6123898308724165,2848.578125,67.03369140625,,data/instances/train/real_07.cip
mix_16_0,19,997,997,A,,60.0,100,0.17549042403697968,0.9029445648193359,4.098687648773193,0.60575,,,,,,,,,,,,,,,,,,,,,15,,224,224,0,1579341308,0,41,0,16,0,0.21734869480133057,1.0,-13.428985595703125,3.823836088180542,1.0,0.5300497729331255,2848.578125,67.03369140625,,data/instances/train/real_07.cip
mix_16_0,19,998,998,A,,60.0,100,0.3935145437717438,1.3652316331863403,6.128169059753418,0.60575,,,,,,,,,,,,,,,,,,,,,15,,224,224,0,1579341308,0,41,0,16,0,0.3447476625442505,1.0,-11.674161911010742,3.980642080307007,1.0,0.5741665624082088,2848.578125,67.03369140625,,data/instances/train/real_07.cip
mix_16_0,19,999,999,A,,60.0,100,0.10809430480003357,0.6422772407531738,7.696145534515381,0.60575,,,,,,,,,,,,,,,,,,,,,16,,224,224,0,1579341308,0,41,0,16,0,0.21615535020828247,1.0,-13.56175422668457,3.2136728763580322,1.0,0.6057593356817961,2848.578125,67.03369140625,,data/instances/train/real_07.cip
mix_16_0,19,1000,1000,A,,60.0,100,0.1600934863090515,0.8804758787155151,11.552340507507324,0.60575,,,,,,,,,,,,,,,,,,,,,16,,224,224,0,1579341308,0,41,0,16,0,0.18482720851898193,1.0,-11.927947044372559,3.0683743953704834,1.0,0.605756102129817,2848.578125,67.03369140625,,data/instances/train/real_07.cip
mix_16_0,19,1001,1001,A,,60.0,100,0.18104811012744904,0.8895983099937439,9.213339805603027,0.6041666666666667,,,,,,,,,,,,,,,,,,,,,16,,224,224,0,1579509532,0,42,0,16,0,0.24386027455329895,1.0,-13.482605934143066,3.7820191383361816,243.0,0.5259970929473639,2850.56640625,67.03369140625,,data/instances/train/real_07.cip
mix_16_0,19,1002,1002,A,,60.0,100,0.2984003722667694,1.0384762287139893,8.339943885803223,0.6041666666666667,,,,,,,,,,,,,,,,,,,,,16,,224,224,0,1579509532,0,42,0,16,0,0.3281033933162689,1.0,-13.337090492248535,3.811408758163452,243.0,0.5821940805763006,2850.56640625,67.03369140625,,data/instances/train/real_07.cip
mix_16_0,19,1003,1003,A,,60.0,100,0.23699378967285156,1.002126693725586,19.9923038482666,0.6041666666666667,,,,,,,,,,,,,,,,,,,,,16,,224,224,0,1579509532,0,42,0,16,0,0.24754738807678223,1.0,-15.126178741455078,3.5520553588867188,243.0,0.612950885668397,2850.56640625,67.03369140625,,data/instances/train/real_07.cip
mix_16_0,19,1004,1004,A,,60.0,100,0.2085389494895935,0.8740005493164062,9.457518577575684,0.6041666666666667,,,,,,,,,,,,,,,,,,,,,16,,224,224,0,1579509532,0,42,0,16,0,0.24607674777507782,1.0,-13.422000885009766,4.239782810211182,243.0,0.6007964834570885,2850.56640625,67.03369140625,,data/instances/train/real_07.cip
mix_16_0,19,1005,1005,A,,60.0,100,0.08043640106916428,0.5358304977416992,4.546942710876465,0.6025833333333334,,,,,,,,,,,,,,,,,,,,,16,,224,224,0,1579640008,0,43,0,16,0,0.3023562431335449,1.0,-13.94972038269043,3.3110263347625732,138.0,0.525358647108078,2850.56640625,67.03369140625,,data/instances/train/real_07.cip
mix_16_0,19,1006,1006,A,,60.0,100,0.11275804042816162,0.7996025085449219,3.238985538482666,0.6025833333333334,,,,,,,,,,,,,,,,,,,,,15,,224,224,0,1579640008,0,43,0,16,0,0.17795953154563904,1.0,-13.624346733093262,4.410041332244873,138.0,0.5749863386154175,2850.56640625,67.03369140625,,data/instances/train/real_07.cip
mix_16_0,19,1007,1007,A,,60.0,100,0.31328120827674866,0.9190011024475098,16.677444458007812,0.6025833333333334,,,,,,,,,,,,,,,,,,,,,16,,224,224,0,1579640008,0,43,0,16,0,0.3343454897403717,1.0,-13.971351623535156,3.7753913402557373,138.0,0.6125095561146736,2850.56640625,67.03369140625,,data/instances/train/real_07.cip
mix_16_0,19,1008,1008,A,,60.0,100,0.38086962699890137,1.68672776222229,12.35410213470459,0.6025833333333334,,,,,,,,,,,,,,,,,,,,,15,,224,224,0,1579640008,0,43,0,16,0,0.24120357632637024,1.0,-12.206354141235352,3.643967866897583,138.0,0.6086949706077576,2850.56640625,67.03369140625,,data/instances/train/real_07.cip
mix_16_0,19,1009,1009,A,,60.0,100,0.1471899151802063,0.698809027671814,8.509872436523438,0.601,,,,,,,,,,,,,,,,,,,,,16,,224,224,0,1580410760,0,44,0,16,0,0.28485220670700073,1.0,-12.41657543182373,4.067754745483398,1.0,0.5112610775977373,2854.0078125,67.03369140625,,data/instances/train/real_07.cip
mix_16_0,19,1010,1010,A,,60.0,100,0.31862691044807434,0.8325948119163513,8.21570110321045,0.601,,,,,,,,,,,,,,,,,,,,,16,,224,224,0,1580410760,0,44,0,16,0,0.5739468336105347,1.0,-12.441356658935547,4.707818031311035,1.0,0.5801093615591526,2854.0078125,67.03369140625,,data/instances/train/real_07.cip
mix_16_0,19,1011,1011,A,,60.0,100,0.20524704456329346,0.9078745245933533,11.169743537902832,0.601,,,,,,,,,,,,,,,,,,,,,15,,224,224,0,1580410760,0,44,0,16,0,0.18526722490787506,1.0,-14.101675033569336,4.548071384429932,1.0,0.5964568983763456,2854.0078125,67.03369140625,,data/instances/train/real_07.cip
mix_16_0,19,1012,1012,A,,60.0,100,0.268292635679245,0.9174770712852478,19.789724349975586,0.601,,,,,,,,,,,,,,,,,,,,,16,,224,224,0,1580410760,0,44,0,16,0,0.2779941260814667,1.0,-13.702975273132324,3.7938122749328613,1.0,0.6122432183474302,2854.0078125,67.03369140625,,data/instances/train/real_07.cip
mix_16_0,19,1013,1013,A,,60.0,100,0.308328777551651,1.5445148944854736,12.463422775268555,0.5994166666666667,,,,,,,,,,,,,,,,,,,,,14,,224,224,0,1581103508,0,45,0,16,0,0.20741485059261322,1.0,-13.938255310058594,3.9456002712249756,180.0,0.5148583091795444,2854.04296875,67.03369140625,,data/instances/train/real_07.cip
mix_16_0,19,1014,1014,A,,60.0,100,0.12118993699550629,0.6131065487861633,8.687507629394531,0.5994166666666667,,,,,,,,,,,,,,,,,,,,,16,,224,224,0,1581103508,0,45,0,16,0,0.33798179030418396,1.0,-15.015327453613281,2.8811280727386475,180.0,0.5904458444565535,2854.04296875,67.03369140625,,data/instances/train/real_07.cip
mix_16_0,19,1015,1015,A,,60.0,100,0.26861771941185,0.789918065071106,12.500377655029297,0.5994166666666667,,,,,,,,,,,,,,,,,,,,,14,,224,224,0,1581103508,0,45,0,16,0,0.4397619664669037,1.0,-11.53958797454834,4.882260799407959,180.0,0.5996137987822294,2854.04296875,67.03369140625,,data/instances/train/real_07.cip
mix_16_0,19,1016,1016,A,,60.0,100,0.13939152657985687,0.8829518556594849,10.156538009643555,0.5994166666666667,,,,,,,,,,,,,,,,,,,,,16,,224,224,0,1581103508,0,45,0,16,0,0.10533066838979721,1.0,-12.805712699890137,3.3740499019622803,180.0,0.6134136077016592,2854.04296875,67.03369140625,,data/instances/train/real_07.cip
mix_16_0,19,1017,1017,A,,60.0,100,0.35153526067733765,1.274505376815796,15.594303131103516,0.5978333333333333,,,,,,,,,,,,,,,,,,,,,15,,224,224,0,1581939296,0,46,0,16,0,0.23556701838970184,1.0,-12.408882141113281,3.0174179077148438,230.0,0.5164484288543463,2854.04296875,67.03369140625,,data/instances/train/real_07.cip
mix_16_0,19,1018,1018,A,,60.0,100,0.15778134763240814,0.8964076638221741,2.86194109916687,0.5978333333333333,,,,,,,,,,,,,,,,,,,,,16,,224,224,0,1581939296,0,46,0,16,0,0.22031696140766144,1.0,-13.116101264953613,2.9289133548736572,230.0,0.5983452890068293,2854.04296875,67.03369140625,,data/instances/train/real_07.cip
mix_16_0,19,1019,1019,A,,60.0,100,0.2512509822845459,1.1349161863327026,5.448057174682617,0.5978333333333333,,,,,,,,,,,,,,,,,,,,,14,,224,224,0,1581939296,0,46,0,16,0,0.26039043068885803,1.0,-12.49685287475586,4.51450777053833,230.0,0.5975780803710222,2854.04296875,67.03369140625,,data/instances/train/real_07.cip
mix_16_0,19,1020,1020,A,,60.0,100,0.16451625525951385,0.7926280498504639,13.448266983032227,0.5978333333333333,,,,,,,,,,,,,,,,,,,,,15,,224,224,0,1581939296,0,46,0,16,0,0.20647749304771423,1.0,-11.832550048828125,2.9926159381866455,230.0,0.6164557728916407,2854.04296875,67.03369140625,,data/instances/train/real_07.cip
mix_16_0,19,1021,1021,A,,60.0,100,0.12343164533376694,0.8864943385124207,1.872060775756836,0.59625,,,,,,,,,,,,,,,,,,,,,15,,224,224,0,1582574472,0,47,0,16,0,0.1695176213979721,1.0,-13.91221809387207,3.3333678245544434,1.0,0.5156122259795666,2854.06640625,67.03369140625,,data/instances/train/real_07.cip
mix_16_0,19,1022,1022,A,,60.0,100,0.19922788441181183,0.7003442645072937,3.672299385070801,0.59625,,,,,,,,,,,,,,,,,,,,,16,,224,224,0,1582574472,0,47,0,16,0,0.42790231108665466,1.0,-13.88453197479248,2.9114551544189453,1.0,0.5854177642613649,2854.06640625,67.03369140625,,data/instances/train/real_07.cip
mix_16_0,19,1023,1023,A,,60.0,100,0.22704043984413147,0.9516525268554688,2.056337356567383,0.59625,,,,,,,,,,,,,,,,,,,,,16,,224,224,0,1582574472,0,47,0,16,0,0.22792185842990875,1.0,-14.01384162902832,3.802654266357422,1.0,0.6052895840257406,2854.06640625,67.03369140625,,data/instances/train/real_07.cip
mix_16_0,19,1024,1024,A,,60.0,100,0.04753916338086128,0.7239707708358765,4.69578218460083,0.59625,,,,,,,,,,,,,,,,,,,,,16,,224,224,0,1582574472,0,47,0,16,0,0.07494553178548813,1.0,-14.691865921020508,3.732354164123535,1.0,0.6062581017613411,2854.06640625,67.03369140625,,data/instances/train/real_07.cip
mix_16_0,19,1025,1025,A,,60.0,100,0.20026853680610657,1.2402845621109009,8.690159797668457,0.5946666666666667,,,,,,,,,,,,,,,,,,,,,15,,224,224,0,1583299596,0,48,0,16,0,0.17848968505859375,1.0,-13.350326538085938,4.064358234405518,1.0,0.5006419643759727,2854.06640625,67.03369140625,,data/instances/train/real_07.cip
mix_16_0,19,1026,1026,A,,60.0,100,0.08518198132514954,0.9475521445274353,2.4331986904144287,0.5946666666666667,,,,,,,,,,,,,,,,,,,,,16,,224,224,0,1583299596,0,48,0,16,0,0.10267974436283112,1.0,-16.10858154296875,2.257852792739868,1.0,0.5933546703308821,2854.06640625,67.03369140625,,data/instances/train/real_07.cip
mix_16_0,19,1027,1027,A,,60.0,100,0.14732445776462555,0.9368430376052856,5.757722854614258,0.5946666666666667,,,,,,,,,,,,,,,,,,,,,16,,224,224,0,1583299596,0,48,0,16,0,0.14974047243595123,1.0,-13.573904037475586,5.145293712615967,1.0,0.6051722429692745,2854.06640625,67.03369140625,,data/instances/train/real_07.cip
mix_16_0,19,1028,1028,A,,60.0,100,0.3067041039466858,1.1882996559143066,15.122148513793945,0.5946666666666667,,,,,,,,,,,,,,,,,,,,,16,,224,224,0,1583299596,0,48,0,16,0,0.28712406754493713,1.0,-14.261329650878906,3.0487442016601562,1.0,0.6127293575555086,2854.07421875,67.03369140625,,data/instances/train/real_07.cip
mix_16_0,19,1029,1029,A,,60.0,100,0.045392610132694244,0.32219088077545166,0.9765195250511169,0.5930833333333334,,,,,,,,,,,,,,,,,,,,,16,,224,224,0,1584344548,0,49,0,16,0,0.32106882333755493,1.0,-13.21978759765625,4.671328544616699,33.0,0.5216111857444048,2854.07421875,67.03369140625,,data/instances/train/real_07.cip
mix_16_0,19,1030,1030,A,,60.0,100,0.06696216762065887,0.7551151514053345,3.970113515853882,0.5930833333333334,,,,,,,,,,,,,,,,,,,,,15,,224,224,0,1584344548,0,49,0,16,0,0.1098373606801033,1.0,-12.800073623657227,3.106614351272583,33.0,0.576352596282959,2854.07421875,67.03369140625,,data/instances/train/real_07.cip
mix_16_0,19,1031,1031,A,,60.0,100,0.1361430585384369,0.7703462839126587,5.356030464172363,0.5930833333333334,,,,,,,,,,,,,,,,,,,,,15,,224,224,0,1584344548,0,49,0,16,0,0.21767708659172058,1.0,-12.072179794311523,5.115764617919922,33.0,0.5983751155436039,2854.07421875,67.03369140625,,data/instances/train/real_07.cip
mix_16_0,19,1032,1032,A,,60.0,100,0.08927355706691742,0.6424950361251831,5.586817264556885,0.5930833333333334,,,,,,,,,,,,,,,,,,,,,16,,224,224,0,1584344548,0,49,0,16,0,0.16642127931118011,1.0,-13.815145492553711,3.2581238746643066,33.0,0.612644299864769,2854.07421875,67.03369140625,,data/instances/train/real_07.cip
mix_16_0,19,1033,1033,A,,60.0,100,0.09420265257358551,0.7049316167831421,1.6487993001937866,0.5915,,,,,,,,,,,,,,,,,,,,,16,,224,224,0,1584757784,0,50,0,16,0,0.2008325308561325,1.0,-15.349868774414062,2.3845670223236084,131.0,0.5118541810661554,2854.07421875,67.03369140625,,data/instances/train/real_07.cip
mix_16_0,19,1034,1034,A,,60.0,100,0.1324397325515747,0.8689361214637756,3.2391245365142822,0.5915,,,,,,,,,,,,,,,,,,,,,16,,224,224,0,1584757784,0,50,0,16,0,0.18145206570625305,1.0,-13.036487579345703,2.858015298843384,131.0,0.5862739607691765,2854.07421875,67.03369140625,,data/instances/train/real_07.cip
mix_16_0,19,1035,1035,A,,60.0,100,0.34771186113357544,1.4388763904571533,16.522388458251953,0.5915,,,,,,,,,,,,,,,,,,,,,16,,224,224,0,1584757784,0,50,0,16,0,0.23896068334579468,1.0,-12.549504280090332,3.8173298835754395,131.0,0.602237356826663,2854.07421875,67.03369140625,,data/instances/train/real_07.cip
mix_16_0,19,1036,1036,A,,60.0,100,0.11060633510351181,1.0840096473693848,1.3498133420944214,0.5915,,,,,,,,,,,,,,,,,,,,,13,,224,224,0,1584757784,0,50,0,16,0,0.11920166015625,1.0,-12.49458122253418,4.907533168792725,131.0,0.5854850504547358,2854.07421875,67.03369140625,,data/instances/train/real_07.cip
episode,19,1036,1036,A,,60.0,100,0.11060633510351181,1.0840096473693848,1.3498133420944214,0.5899166666666666,-14.0144,-14.0,-0.0144,-14.0144,True,15,62.686672,,,,,,,,inf,1e+20,120.0,inf,0.0,8637,13,True,224,224,0,1585946932,0,52,0,16,0,,,,,122.28571428571429,,2854.07421875,67.03369140625,timelimit,data/instances/train/real_07.cip
validation,20,1036,1036,A,,,,,,,,,,,,,,,1.0,9.102968,inf,0.0,9.102968,1.0,8436.0,,,,,,,,,224,224,0,1585946932,0,52,0,,,,,,,,,,,optimal,data/instances/validation/real_08.cip
mix_16_0,20,1037,1037,A,,60.0,100,0.5058552026748657,1.513420581817627,15.776329040527344,0.5899166666666666,,,,,,,,,,,,,,,,,,,,,16,,224,224,0,1585946932,0,52,0,16,0,0.41797953844070435,1.0,-12.712957382202148,3.7831523418426514,318.0,0.5325800273567438,2862.59765625,67.03369140625,,data/instances/transfer/real_01.cip
mix_16_0,20,1038,1038,A,,60.0,100,0.12265019118785858,0.8740995526313782,2.031681776046753,0.5899166666666666,,,,,,,,,,,,,,,,,,,,,15,,224,224,0,1585946932,0,52,0,16,0,0.18174462020397186,1.0,-14.231243133544922,3.7204596996307373,318.0,0.5841768961399794,2862.59765625,67.03369140625,,data/instances/transfer/real_01.cip
mix_16_0,20,1039,1039,A,,60.0,100,0.12174956500530243,0.7835894823074341,2.8448898792266846,0.5899166666666666,,,,,,,,,,,,,,,,,,,,,14,,224,224,0,1585946932,0,52,0,16,0,0.1961662769317627,1.0,-12.575820922851562,4.914506912231445,318.0,0.6050453074276447,2862.59765625,67.03369140625,,data/instances/transfer/real_01.cip
mix_16_0,20,1040,1040,A,,60.0,100,0.19928738474845886,0.7768269181251526,4.20392370223999,0.5899166666666666,,,,,,,,,,,,,,,,,,,,,16,,224,224,0,1585946932,0,52,0,16,0,0.3706358075141907,1.0,-14.539752960205078,3.287949323654175,318.0,0.6158727053552866,2862.59765625,67.03369140625,,data/instances/transfer/real_01.cip
mix_16_0,20,1041,1041,A,,60.0,100,0.09604203701019287,0.7624791860580444,0.5096309185028076,0.5883333333333334,,,,,,,,,,,,,,,,,,,,,15,,224,224,0,1585946932,0,52,0,16,0,0.15872107446193695,1.0,-12.591840744018555,4.656745910644531,56.0,0.522467290982604,2862.60546875,67.03369140625,,data/instances/transfer/real_01.cip
mix_16_0,20,1042,1042,A,,60.0,100,0.22438740730285645,0.9083948135375977,11.829975128173828,0.5883333333333334,,,,,,,,,,,,,,,,,,,,,15,,224,224,0,1585946932,0,52,0,16,0,0.27476951479911804,1.0,-13.87045955657959,3.2602200508117676,56.0,0.5757298152893782,2862.60546875,67.03369140625,,data/instances/transfer/real_01.cip
mix_16_0,20,1043,1043,A,,60.0,100,0.23371262848377228,0.992618203163147,6.663548946380615,0.5883333333333334,,,,,,,,,,,,,,,,,,,,,16,,224,224,0,1585946932,0,52,0,16,0,0.28620558977127075,1.0,-13.17730712890625,2.5634405612945557,56.0,0.6123920790851116,2862.60546875,67.03369140625,,data/instances/transfer/real_01.cip
mix_16_0,20,1044,1044,A,,60.0,100,0.06668746471405029,0.5923853516578674,4.419568061828613,0.5883333333333334,,,,,,,,,,,,,,,,,,,,,16,,224,224,0,1585946932,0,52,0,16,0,0.14902079105377197,1.0,-15.164257049560547,3.3522307872772217,56.0,0.6182443797588348,2862.60546875,67.03369140625,,data/instances/transfer/real_01.cip
mix_16_0,20,1045,1045,A,,60.0,100,0.19288435578346252,1.0620098114013672,12.291101455688477,0.58675,,,,,,,,,,,,,,,,,,,,,16,,224,224,0,1584980668,0,53,0,16,0,0.20205499231815338,1.0,-13.958087921142578,2.930490255355835,1.0,0.5356100145727396,2862.60546875,67.03369140625,,data/instances/transfer/real_01.cip
mix_16_0,20,1046,1046,A,,60.0,100,0.25891587138175964,1.0800271034240723,4.303723335266113,0.58675,,,,,,,,,,,,,,,,,,,,,16,,224,224,0,1584980668,0,53,0,16,0,0.2879755198955536,1.0,-13.434921264648438,3.4254047870635986,1.0,0.5841403771191835,2862.60546875,67.03369140625,,data/instances/transfer/real_01.cip
mix_16_0,20,1047,1047,A,,60.0,100,0.10372713953256607,0.7888888716697693,4.248124599456787,0.58675,,,,,,,,,,,,,,,,,,,,,16,,224,224,0,1584980668,0,53,0,16,0,0.1721373349428177,1.0,-13.356515884399414,3.6173043251037598,1.0,0.6108914986252785,2862.60546875,67.03369140625,,data/instances/transfer/real_01.cip
mix_16_0,20,1048,1048,A,,60.0,100,0.28723248839378357,1.1835633516311646,11.103803634643555,0.58675,,,,,,,,,,,,,,,,,,,,,14,,224,224,0,1584980668,0,53,0,16,0,0.2974497079849243,1.0,-12.481219291687012,4.851948261260986,1.0,0.6006466094404459,2862.60546875,67.03369140625,,data/instances/transfer/real_01.cip
mix_16_0,20,1049,1049,A,,60.0,100,0.13570083677768707,0.9673596620559692,1.91824471950531,0.5851666666666667,,,,,,,,,,,,,,,,,,,,,16,,224,224,0,1588038128,0,54,0,16,0,0.16381879150867462,1.0,-14.039009094238281,3.5097875595092773,1.0,0.5369794815778732,2862.60546875,67.03369140625,,data/instances/transfer/real_01.cip
mix_16_0,20,1050,1050,A,,60.0,100,0.10869772732257843,0.8059237599372864,1.0805892944335938,0.5851666666666667,,,,,,,,,,,,,,,,,,,,,16,,224,224,0,1588038128,0,54,0,16,0,0.17723844945430756,1.0,-12.68882942199707,3.8772873878479004,1.0,0.5911422241479158,2862.60546875,67.03369140625,,data/instances/transfer/real_01.cip
mix_16_0,20,1051,1051,A,,60.0,100,0.10952647030353546,0.7384316921234131,4.948574542999268,0.5851666666666667,,,,,,,,,,,,,,,,,,,,,16,,224,224,0,1588038128,0,54,0,16,0,0.2243410348892212,1.0,-14.641071319580078,3.877352714538574,1.0,0.6093633901327848,2862.60546875,67.03369140625,,data/instances/transfer/real_01.cip
mix_16_0,20,1052,1052,A,,60.0,100,0.09955165535211563,0.8082305192947388,2.4839813709259033,0.5851666666666667,,,,,,,,,,,,,,,,,,,,,16,,224,224,0,1588038128,0,54,0,16,0,0.15978454053401947,1.0,-12.865819931030273,2.200416326522827,1.0,0.6187336202710867,2862.60546875,67.03369140625,,data/instances/transfer/real_01.cip
mix_16_0,20,1053,1053,A,,60.0,100,0.29811444878578186,1.5421500205993652,7.254052639007568,0.5835833333333333,,,,,,,,,,,,,,,,,,,,,14,,224,224,0,1591240996,0,55,0,16,0,0.2223186492919922,1.0,-10.526412963867188,4.3323283195495605,1.0,0.4751481134444475,2862.60546875,67.03369140625,,data/instances/transfer/real_01.cip
mix_16_0,20,1054,1054,A,,60.0,100,0.1688007414340973,1.0227940082550049,4.592933177947998,0.5835833333333333,,,,,,,,,,,,,,,,,,,,,16,,224,224,0,1591240996,0,55,0,16,0,0.19450776278972626,1.0,-14.652305603027344,2.7160017490386963,1.0,0.5962453130632639,2862.625,67.03369140625,,data/instances/transfer/real_01.cip
mix_16_0,20,1055,1055,A,,60.0,100,0.19743719696998596,1.167000412940979,7.356050968170166,0.5835833333333333,,,,,,,,,,,,,,,,,,,,,16,,224,224,0,1591240996,0,55,0,16,0,0.18878063559532166,1.0,-13.26004695892334,4.101611137390137,1.0,0.6093958057463169,2862.625,67.03369140625,,data/instances/transfer/real_01.cip
mix_16_0,20,1056,1056,A,,60.0,100,0.15622615814208984,0.8775145411491394,4.3409647941589355,0.5835833333333333,,,,,,,,,,,,,,,,,,,,,14,,224,224,0,1591240996,0,55,0,16,0,0.23926813900470734,1.0,-12.960935592651367,4.935568332672119,1.0,0.5965757053345442,2862.625,67.03369140625,,data/instances/transfer/real_01.cip
mix_16_0,20,1057,1057,A,,60.0,100,0.19057267904281616,1.0540335178375244,8.759142875671387,0.5820000000000001,,,,,,,,,,,,,,,,,,,,,16,,224,224,0,1594203372,0,56,0,16,0,0.1923988163471222,1.0,-15.198698997497559,3.2838289737701416,1.0,0.5408939011394978,2862.625,67.03369140625,,data/instances/transfer/real_01.cip
mix_16_0,20,1058,1058,A,,60.0,100,0.08775822818279266,0.6409257054328918,4.910211563110352,0.5820000000000001,,,,,,,,,,,,,,,,,,,,,15,,224,224,0,1594203372,0,56,0,16,0,0.1561945080757141,1.0,-13.376134872436523,4.589141368865967,1.0,0.5804616808891296,2862.625,67.03369140625,,data/instances/transfer/real_01.cip
mix_16_0,20,1059,1059,A,,60.0,100,0.21415983140468597,1.0325030088424683,5.00656795501709,0.5820000000000001,,,,,,,,,,,,,,,,,,,,,16,,224,224,0,1594203372,0,56,0,16,0,0.2266887128353119,1.0,-13.805444717407227,2.8036794662475586,1.0,0.6072077639400959,2862.625,67.03369140625,,data/instances/transfer/real_01.cip
mix_16_0,20,1060,1060,A,,60.0,100,0.07920999825000763,0.6963798999786377,3.113582134246826,0.5820000000000001,,,,,,,,,,,,,,,,,,,,,16,,224,224,0,1594203372,0,56,0,16,0,0.18398647010326385,1.0,-13.68072509765625,3.005540370941162,1.0,0.6146088093519211,2862.625,67.03369140625,,data/instances/transfer/real_01.cip
mix_16_0,20,1061,1061,A,,60.0,100,0.14759545028209686,0.859951376914978,9.526639938354492,0.5804166666666667,,,,,,,,,,,,,,,,,,,,,16,,224,224,0,1597109424,0,57,0,16,0,0.19390134513378143,1.0,-13.683202743530273,3.403041124343872,366.0,0.5132409799844027,2862.625,67.03369140625,,data/instances/transfer/real_01.cip
mix_16_0,20,1062,1062,A,,60.0,100,0.07998102903366089,0.7911809086799622,1.6674916744232178,0.5804166666666667,,,,,,,,,,,,,,,,,,,,,16,,224,224,0,1597109424,0,57,0,16,0,0.1174868792295456,1.0,-12.534512519836426,3.7762722969055176,366.0,0.5966195594519377,2862.625,67.03369140625,,data/instances/transfer/real_01.cip
mix_16_0,20,1063,1063,A,,60.0,100,0.1446443796157837,0.6068170070648193,3.549152374267578,0.5804166666666667,,,,,,,,,,,,,,,,,,,,,16,,224,224,0,1597109424,0,57,0,16,0,0.33981460332870483,1.0,-16.27522087097168,2.7033634185791016,366.0,0.6155936922878027,2862.625,67.03369140625,,data/instances/transfer/real_01.cip
mix_16_0,20,1064,1064,A,,60.0,100,0.08813536167144775,0.5551023483276367,9.901124954223633,0.5804166666666667,,,,,,,,,,,,,,,,,,,,,16,,224,224,0,1597109424,0,57,0,16,0,0.27106910943984985,1.0,-15.082902908325195,3.3877005577087402,366.0,0.6153095718473196,2862.625,67.03369140625,,data/instances/transfer/real_01.cip
mix_16_0,20,1065,1065,A,,60.0,100,0.2795434594154358,1.502551794052124,10.53940200805664,0.5788333333333333,,,,,,,,,,,,,,,,,,,,,13,,224,224,0,1600053120,0,58,0,16,0,0.2140190452337265,1.0,-12.053780555725098,5.187348365783691,131.0,0.4864735696464777,2862.625,67.03369140625,,data/instances/transfer/real_01.cip
mix_16_0,20,1066,1066,A,,60.0,100,0.06044198200106621,0.8155819177627563,1.9822537899017334,0.5788333333333333,,,,,,,,,,,,,,,,,,,,,16,,224,224,0,1600053120,0,58,0,16,0,0.08935423195362091,1.0,-14.41073226928711,2.811706781387329,131.0,0.5860450845211744,2862.625,67.03369140625,,data/instances/transfer/real_01.cip
mix_16_0,20,1067,1067,A,,60.0,100,0.15153367817401886,0.8938918113708496,10.759199142456055,0.5788333333333333,,,,,,,,,,,,,,,,,,,,,16,,224,224,0,1600053120,0,58,0,16,0,0.19689428806304932,1.0,-12.65312385559082,3.6614062786102295,131.0,0.6046942546963692,2862.625,67.03369140625,,data/instances/transfer/real_01.cip
mix_16_0,20,1068,1068,A,,60.0,100,0.2312241792678833,1.0906445980072021,6.059372425079346,0.5788333333333333,,,,,,,,,,,,,,,,,,,,,16,,224,224,0,1600053120,0,58,0,16,0,0.2725321650505066,1.0,-12.72880744934082,4.719058990478516,131.0,0.6056320406496525,2862.625,67.03369140625,,data/instances/transfer/real_01.cip
mix_16_0,20,1069,1069,A,,60.0,100,0.1346128284931183,1.0968927145004272,2.9343690872192383,0.57725,,,,,,,,,,,,,,,,,,,,,14,,224,224,0,1602793864,0,59,0,16,0,0.14616568386554718,1.0,-11.536128997802734,5.240804195404053,286.0,0.501231249421835,2862.6484375,67.03369140625,,data/instances/transfer/real_01.cip
mix_16_0,20,1070,1070,A,,60.0,100,0.04621468111872673,0.9907767176628113,2.6571238040924072,0.57725,,,,,,,,,,,,,,,,,,,,,13,,224,224,0,1602793864,0,59,0,16,0,0.05482165515422821,1.0,-12.918749809265137,5.83021354675293,286.0,0.5710131675004959,2862.6484375,67.03369140625,,data/instances/transfer/real_01.cip
mix_16_0,20,1071,1071,A,,60.0,100,0.16333472728729248,0.8511794209480286,9.243147850036621,0.57725,,,,,,,,,,,,,,,,,,,,,14,,224,224,0,1602793864,0,59,0,16,0,0.24856431782245636,1.0,-13.822725296020508,4.499011039733887,286.0,0.6044432837516069,2862.6484375,67.03369140625,,data/instances/transfer/real_01.cip
mix_16_0,20,1072,1072,A,,60.0,100,0.25740182399749756,1.220929503440857,8.226771354675293,0.57725,,,,,,,,,,,,,,,,,,,,,15,,224,224,0,1602793864,0,59,0,16,0,0.2420455515384674,1.0,-12.002517700195312,4.386099815368652,286.0,0.6062820628285408,2862.6484375,67.03369140625,,data/instances/transfer/real_01.cip
mix_16_0,20,1073,1073,A,,60.0,100,0.45567765831947327,1.5614122152328491,10.72393798828125,0.5756666666666668,,,,,,,,,,,,,,,,,,,,,13,,224,224,0,1605614260,0,60,0,16,0,0.3286525309085846,1.0,-10.538106918334961,4.720299243927002,260.0,0.4814182985574007,2862.6484375,67.03369140625,,data/instances/transfer/real_01.cip
mix_16_0,20,1074,1074,A,,60.0,100,0.4756218194961548,1.5066134929656982,7.7227301597595215,0.5756666666666668,,,,,,,,,,,,,,,,,,,,,14,,224,224,0,1605614260,0,60,0,16,0,0.3346450924873352,1.0,-10.75828742980957,5.358054161071777,260.0,0.5701406002044678,2862.6484375,67.03369140625,,data/instances/transfer/real_01.cip
mix_16_0,20,1075,1075,A,,60.0,100,0.1675831377506256,1.3952946662902832,11.458123207092285,0.5756666666666668,,,,,,,,,,,,,,,,,,,,,16,,224,224,0,1605614260,0,60,0,16,0,0.11539566516876221,1.0,-12.74923324584961,2.5112061500549316,260.0,0.6291113533079624,2862.6484375,67.03369140625,,data/instances/transfer/real_01.cip
mix_16_0,20,1076,1076,A,,60.0,100,0.32680192589759827,1.3108901977539062,14.41957950592041,0.5756666666666668,,,,,,,,,,,,,,,,,,,,,16,,224,224,0,1605614260,0,60,0,16,0,0.27298566699028015,1.0,-12.980374336242676,3.908724069595337,260.0,0.6041591688990593,2862.6484375,67.03369140625,,data/instances/transfer/real_01.cip
mix_16_0,20,1077,1077,A,,60.0,100,0.13469424843788147,0.8334940075874329,10.235221862792969,0.5740833333333334,,,,,,,,,,,,,,,,,,,,,16,,224,224,0,1608485604,0,61,0,16,0,0.18429253995418549,1.0,-15.866803169250488,4.3567214012146,111.0,0.5311234891414642,2862.6484375,67.03369140625,,data/instances/transfer/real_01.cip
mix_16_0,20,1078,1078,A,,60.0,100,0.07382947206497192,0.6492848992347717,2.4611666202545166,0.5740833333333334,,,,,,,,,,,,,,,,,,,,,16,,224,224,0,1608485604,0,61,0,16,0,0.13351482152938843,1.0,-13.850820541381836,2.61598539352417,111.0,0.580237491056323,2862.6484375,67.03369140625,,data/instances/transfer/real_01.cip
mix_16_0,20,1079,1079,A,,60.0,100,0.11748142540454865,1.0526143312454224,7.029229164123535,0.5740833333333334,,,,,,,,,,,,,,,,,,,,,16,,224,224,0,1608485604,0,61,0,16,0,0.11826647818088531,1.0,-14.396291732788086,4.148658752441406,111.0,0.6085014343261719,2862.6484375,67.03369140625,,data/instances/transfer/real_01.cip
mix_16_0,20,1080,1080,A,,60.0,100,0.6128634214401245,1.4506155252456665,31.77248764038086,0.5740833333333334,,,,,,,,,,,,,,,,,,,,,16,,224,224,0,1608485604,0,61,0,16,0,0.37810373306274414,1.0,-13.940694808959961,2.0680289268493652,111.0,0.6071417070925236,2862.6484375,67.03369140625,,data/instances/transfer/real_01.cip
mix_16_0,20,1081,1081,A,,60.0,100,0.09599640965461731,1.4697954654693604,7.888037204742432,0.5725,,,,,,,,,,,,,,,,,,,,,16,,224,224,0,1611098208,0,62,0,16,0,0.03583189472556114,1.0,-15.713289260864258,3.287991523742676,352.0,0.5192044787108898,2862.6484375,67.03369140625,,data/instances/transfer/real_01.cip
mix_16_0,20,1082,1082,A,,60.0,100,0.1214841827750206,1.031893014907837,8.929332733154297,0.5725,,,,,,,,,,,,,,,,,,,,,16,,224,224,0,1611098208,0,62,0,16,0,0.09602779895067215,1.0,-14.690896987915039,4.652989387512207,352.0,0.5829040687531233,2862.6484375,67.03369140625,,data/instances/transfer/real_01.cip
mix_16_0,20,1083,1083,A,,60.0,100,0.21521522104740143,0.873502254486084,12.448494911193848,0.5725,,,,,,,,,,,,,,,,,,,,,16,,224,224,0,1611098208,0,62,0,16,0,0.17913655936717987,1.0,-14.058377265930176,3.0452821254730225,352.0,0.6036838255822659,2862.6484375,67.03369140625,,data/instances/transfer/real_01.cip
mix_16_0,20,1084,1084,A,,60.0,100,0.1467210352420807,0.7718366384506226,12.770410537719727,0.5725,,,,,,,,,,,,,,,,,,,,,16,,224,224,0,1611098208,0,62,0,16,0,0.23386412858963013,1.0,-13.070618629455566,4.047806262969971,352.0,0.618220740929246,2862.6484375,67.03369140625,,data/instances/transfer/real_01.cip
mix_16_0,20,1085,1085,A,,60.0,100,0.14082033932209015,0.7644248008728027,14.77206802368164,0.5709166666666667,,,,,,,,,,,,,,,,,,,,,16,,224,224,0,1613818644,0,63,0,16,0,0.19255469739437103,1.0,-14.686062812805176,3.7630515098571777,231.0,0.5382817797362804,2864.44921875,67.03369140625,,data/instances/transfer/real_01.cip
mix_16_0,20,1086,1086,A,,60.0,100,0.22983233630657196,0.9052677750587463,20.98447036743164,0.5709166666666667,,,,,,,,,,,,,,,,,,,,,16,,224,224,0,1613818644,0,63,0,16,0,0.3349190354347229,1.0,-12.984712600708008,3.485344886779785,231.0,0.5795068237930536,2864.44921875,67.03369140625,,data/instances/transfer/real_01.cip
mix_16_0,20,1087,1087,A,,60.0,100,0.2517785131931305,0.8659535050392151,15.242413520812988,0.5709166666666667,,,,,,,,,,,,,,,,,,,,,15,,224,224,0,1613818644,0,63,0,16,0,0.28209635615348816,1.0,-12.627021789550781,4.747179985046387,231.0,0.6065325513482094,2864.44921875,67.03369140625,,data/instances/transfer/real_01.cip
mix_16_0,20,1088,1088,A,,60.0,100,0.20998267829418182,0.8845593929290771,5.23952579498291,0.5709166666666667,,,,,,,,,,,,,,,,,,,,,16,,224,224,0,1613818644,0,63,0,16,0,0.3357618451118469,1.0,-12.759037017822266,2.961113929748535,231.0,0.6070858407765627,2864.44921875,67.03369140625,,data/instances/transfer/real_01.cip
mix_16_0,20,1089,1089,A,,60.0,100,0.2257441282272339,1.5352461338043213,13.498406410217285,0.5693333333333334,,,,,,,,,,,,,,,,,,,,,13,,224,224,0,1616606256,0,64,0,16,0,0.1591588854789734,1.0,-12.239694595336914,5.528038024902344,93.0,0.5001443587243557,2864.44921875,67.03369140625,,data/instances/transfer/real_01.cip
mix_16_0,20,1090,1090,A,,60.0,100,0.2558475732803345,1.2146399021148682,17.44333267211914,0.5693333333333334,,,,,,,,,,,,,,,,,,,,,15,,224,224,0,1616606256,0,64,0,16,0,0.1851997971534729,1.0,-13.535608291625977,4.033389091491699,93.0,0.5798679534345865,2864.44921875,67.03369140625,,data/instances/transfer/real_01.cip
mix_16_0,20,1091,1091,A,,60.0,100,0.11058657616376877,0.5831974148750305,17.138811111450195,0.5693333333333334,,,,,,,,,,,,,,,,,,,,,16,,224,224,0,1616606256,0,64,0,16,0,0.2677859365940094,1.0,-15.76803207397461,2.578608989715576,93.0,0.6021906360983849,2864.44921875,67.03369140625,,data/instances/transfer/real_01.cip
mix_16_0,20,1092,1092,A,,60.0,100,0.22479408979415894,0.9301273226737976,6.360720157623291,0.5693333333333334,,,,,,,,,,,,,,,,,,,,,16,,224,224,0,1616606256,0,64,0,16,0,0.2891075313091278,1.0,-13.433074951171875,3.7419300079345703,93.0,0.6047499999403954,2864.44921875,67.03369140625,,data/instances/transfer/real_01.cip
mix_16_0,20,1093,1093,A,,60.0,100,0.16885387897491455,0.933601438999176,2.320737600326538,0.56775,,,,,,,,,,,,,,,,,,,,,15,,224,224,0,1619111820,0,65,0,16,0,0.22440287470817566,1.0,-12.017776489257812,4.386188507080078,1.0,0.51316381059587,2865.90625,67.03369140625,,data/instances/transfer/real_01.cip
mix_16_0,20,1094,1094,A,,60.0,100,0.34256139397621155,1.1907109022140503,24.81409454345703,0.56775,,,,,,,,,,,,,,,,,,,,,16,,224,224,0,1619111820,0,65,0,16,0,0.2567041218280792,1.0,-11.938063621520996,3.5071403980255127,1.0,0.5916063636541367,2866.03125,67.03369140625,,data/instances/transfer/real_01.cip
mix_16_0,20,1095,1095,A,,60.0,100,0.1946544200181961,1.1641924381256104,11.043745994567871,0.56775,,,,,,,,,,,,,,,,,,,,,16,,224,224,0,1619111820,0,65,0,16,0,0.13614949584007263,1.0,-13.019340515136719,3.6316823959350586,1.0,0.6032903958112001,2866.03125,67.03369140625,,data/instances/transfer/real_01.cip
mix_16_0,20,1096,1096,A,,60.0,100,0.2892167866230011,1.1212866306304932,17.809505462646484,0.56775,,,,,,,,,,,,,,,,,,,,,16,,224,224,0,1619111820,0,65,0,16,0,0.26211339235305786,1.0,-15.406916618347168,3.0834193229675293,1.0,0.6052998304367065,2866.03125,67.03369140625,,data/instances/transfer/real_01.cip
mix_16_0,20,1097,1097,A,,60.0,100,0.1853463053703308,0.7526947259902954,3.5653176307678223,0.5661666666666667,,,,,,,,,,,,,,,,,,,,,16,,224,224,0,1621494052,0,66,0,16,0,0.31250253319740295,1.0,-12.527459144592285,4.501259803771973,180.0,0.5119012873619795,2868.13671875,67.03369140625,,data/instances/transfer/real_01.cip
mix_16_0,20,1098,1098,A,,60.0,100,0.1814568042755127,0.892000675201416,9.527897834777832,0.5661666666666667,,,,,,,,,,,,,,,,,,,,,15,,224,224,0,1621494052,0,66,0,16,0,0.22013911604881287,1.0,-13.373336791992188,4.550420761108398,180.0,0.5748979039490223,2868.13671875,67.03369140625,,data/instances/transfer/real_01.cip
mix_16_0,20,1099,1099,A,,60.0,100,0.209466353058815,1.0244163274765015,2.99588680267334,0.5661666666666667,,,,,,,,,,,,,,,,,,,,,16,,224,224,0,1621494052,0,66,0,16,0,0.23421980440616608,1.0,-14.576288223266602,3.476231098175049,180.0,0.6173121128231287,2868.13671875,67.03369140625,,data/instances/transfer/real_01.cip
mix_16_0,20,1100,1100,A,,60.0,100,0.05171827971935272,0.4628816246986389,8.517979621887207,0.5661666666666667,,,,,,,,,,,,,,,,,,,,,16,,224,224,0,1621494052,0,66,0,16,0,0.18461887538433075,1.0,-14.866113662719727,3.033726930618286,180.0,0.6091961711645126,2868.13671875,67.03369140625,,data/instances/transfer/real_01.cip
episode,20,1100,1100,A,,60.0,100,0.05171827971935272,0.4628816246986389,8.517979621887207,0.5645833333333334,-16.0263,-16.0,-0.026300000000000004,-16.0263,True,17,62.240275,,,,,,,,inf,0.027739798439730887,120.0,9.363322,0.0,10551,16,True,224,224,0,1626990992,0,68,0,16,0,,,,,149.3125,,2868.13671875,67.03369140625,timelimit,data/instances/transfer/real_01.cip
mix_16_0,21,1101,1101,A,,60.0,100,0.02004983462393284,0.3094712495803833,1.067440390586853,0.5645833333333334,,,,,,,,,,,,,,,,,,,,,16,,224,224,0,1626990992,0,68,0,16,0,0.14619770646095276,1.0,-14.917821884155273,2.194030284881592,132.0,0.5525310654193163,2942.6953125,67.03369140625,,data/instances/transfer/real_03.cip
mix_16_0,21,1102,1102,A,,60.0,100,0.06735790520906448,0.46536535024642944,4.909557342529297,0.5645833333333334,,,,,,,,,,,,,,,,,,,,,16,,224,224,0,1626990992,0,68,0,16,0,0.21870693564414978,1.0,-13.61727523803711,4.484457015991211,132.0,0.5906211975961924,2942.6953125,67.03369140625,,data/instances/transfer/real_03.cip
mix_16_0,21,1103,1103,A,,60.0,100,0.041465818881988525,0.6007171869277954,3.59843373298645,0.5645833333333334,,,,,,,,,,,,,,,,,,,,,15,,224,224,0,1626990992,0,68,0,16,0,0.06841035932302475,1.0,-13.610418319702148,5.315867900848389,132.0,0.6054610218852758,2942.6953125,67.03369140625,,data/instances/transfer/real_03.cip
mix_16_0,21,1104,1104,A,,60.0,100,0.13524320721626282,0.6523656845092773,17.81667137145996,0.5645833333333334,,,,,,,,,,,,,,,,,,,,,16,,224,224,0,1626990992,0,68,0,16,0,0.27172815799713135,1.0,-13.995019912719727,4.803692817687988,132.0,0.6093104742467403,2942.6953125,67.03369140625,,data/instances/transfer/real_03.cip
mix_16_0,21,1105,1105,A,,60.0,100,0.3116307854652405,1.321508765220642,16.405990600585938,0.563,,,,,,,,,,,,,,,,,,,,,16,,224,224,0,1626990992,0,68,0,16,0,0.30009907484054565,1.0,-12.222963333129883,5.427560806274414,1.0,0.5058408714830875,2942.6953125,67.03369140625,,data/instances/transfer/real_03.cip
mix_16_0,21,1106,1106,A,,60.0,100,0.10200493782758713,0.5721162557601929,1.5571967363357544,0.563,,,,,,,,,,,,,,,,,,,,,16,,224,224,0,1626990992,0,68,0,16,0,0.3104093372821808,1.0,-13.34482192993164,3.8604679107666016,1.0,0.5934243183583021,2942.6953125,67.03369140625,,data/instances/transfer/real_03.cip
mix_16_0,21,1107,1107,A,,60.0,100,0.08148261904716492,0.6272673606872559,8.009681701660156,0.563,,,,,,,,,,,,,,,,,,,,,16,,224,224,0,1626990992,0,68,0,16,0,0.19286537170410156,1.0,-13.280364036560059,5.412781715393066,1.0,0.6109345611184835,2942.6953125,67.03369140625,,data/instances/transfer/real_03.cip
mix_16_0,21,1108,1108,A,,60.0,100,0.12546521425247192,0.9162372350692749,9.234952926635742,0.563,,,,,,,,,,,,,,,,,,,,,14,,224,224,0,1626990992,0,68,0,16,0,0.13526815176010132,1.0,-11.917362213134766,6.114665985107422,1.0,0.5916010271757841,2942.6953125,67.03369140625,,data/instances/transfer/real_03.cip
mix_16_0,21,1109,1109,A,,60.0,100,0.061854295432567596,0.60468989610672,2.4448635578155518,0.5614166666666667,,,,,,,,,,,,,,,,,,,,,15,,224,224,0,1631441064,0,69,0,16,0,0.14255166053771973,1.0,-13.521697998046875,5.306910514831543,292.0,0.5286978147923946,2942.6953125,67.03369140625,,data/instances/transfer/real_03.cip
mix_16_0,21,1110,1110,A,,60.0,100,0.077836774289608,0.5451618432998657,3.375918388366699,0.5614166666666667,,,,,,,,,,,,,,,,,,,,,15,,224,224,0,1631441064,0,69,0,16,0,0.26610901951789856,1.0,-13.062929153442383,4.766075611114502,292.0,0.5573648642748594,2942.6953125,67.03369140625,,data/instances/transfer/real_03.cip
mix_16_0,21,1111,1111,A,,60.0,100,0.20217061042785645,0.7458295822143555,13.952773094177246,0.5614166666666667,,,,,,,,,,,,,,,,,,,,,16,,224,224,0,1631441064,0,69,0,16,0,0.3770403563976288,1.0,-12.474181175231934,4.125988483428955,292.0,0.6056120097637177,2942.6953125,67.03369140625,,data/instances/transfer/real_03.cip
mix_16_0,21,1112,1112,A,,60.0,100,0.30468589067459106,0.9007880687713623,24.413480758666992,0.5614166666666667,,,,,,,,,,,,,,,,,,,,,15,,224,224,0,1631441064,0,69,0,16,0,0.4251464605331421,1.0,-13.262874603271484,4.051130294799805,292.0,0.6071561742573977,2942.6953125,67.03369140625,,data/instances/transfer/real_03.cip
mix_16_0,21,1113,1113,A,,60.0,100,0.11773469299077988,0.43970969319343567,13.997179985046387,0.5598333333333334,,,,,,,,,,,,,,,,,,,,,16,,224,224,0,1635255504,0,70,0,16,0,0.45307353138923645,1.0,-13.796401977539062,4.720317840576172,1.0,0.5271181389689445,2942.6953125,67.03369140625,,data/instances/transfer/real_03.cip
mix_16_0,21,1114,1114,A,,60.0,100,0.1128426343202591,0.6359526515007019,13.844831466674805,0.5598333333333334,,,,,,,,,,,,,,,,,,,,,15,,224,224,0,1635255504,0,70,0,16,0,0.1602751612663269,1.0,-12.782028198242188,5.279115200042725,1.0,0.580976901575923,2942.6953125,67.03369140625,,data/instances/transfer/real_03.cip
mix_16_0,21,1115,1115,A,,60.0,100,0.1684926450252533,0.5579107999801636,19.01909065246582,0.5598333333333334,,,,,,,,,,,,,,,,,,,,,16,,224,224,0,1635255504,0,70,0,16,0,0.43896982073783875,1.0,-13.898090362548828,3.578407049179077,1.0,0.6146792452782393,2942.6953125,67.03369140625,,data/instances/transfer/real_03.cip
mix_16_0,21,1116,1116,A,,60.0,100,0.0627797320485115,0.4709779620170593,7.188072681427002,0.5598333333333334,,,,,,,,,,,,,,,,,,,,,16,,224,224,0,1635255504,0,70,0,16,0,0.2501140236854553,1.0,-14.774982452392578,4.453884601593018,1.0,0.6086836718022823,2942.6953125,67.03369140625,,data/instances/transfer/real_03.cip
mix_16_0,21,1117,1117,A,,60.0,100,0.11176624894142151,0.6474789977073669,2.7579774856567383,0.55825,,,,,,,,,,,,,,,,,,,,,16,,224,224,0,1639737668,0,71,0,16,0,0.2640971541404724,1.0,-14.559496879577637,3.3250536918640137,1.0,0.5306993126869202,2942.71875,67.03369140625,,data/instances/transfer/real_03.cip
mix_16_0,21,1118,1118,A,,60.0,100,0.15191136300563812,0.7095612287521362,11.429036140441895,0.55825,,,,,,,,,,,,,,,,,,,,,15,,224,224,0,1639737668,0,71,0,16,0,0.2883428633213043,1.0,-12.725883483886719,4.266786098480225,1.0,0.5835810396820307,2942.71875,67.03369140625,,data/instances/transfer/real_03.cip
mix_16_0,21,1119,1119,A,,60.0,100,0.13394513726234436,0.663993239402771,5.455253601074219,0.55825,,,,,,,,,,,,,,,,,,,,,14,,224,224,0,1639737668,0,71,0,16,0,0.24220915138721466,1.0,-11.61192512512207,4.545652866363525,1.0,0.5914852824062109,2942.71875,67.03369140625,,data/instances/transfer/real_03.cip
mix_16_0,21,1120,1120,A,,60.0,100,0.09647692739963531,0.5462926626205444,8.107843399047852,0.55825,,,,,,,,,,,,,,,,,,,,,16,,224,224,0,1639737668,0,71,0,16,0,0.3323453664779663,1.0,-14.121515274047852,4.595013618469238,1.0,0.6148310359567404,2942.71875,67.03369140625,,data/instances/transfer/real_03.cip
mix_16_0,21,1121,1121,A,,60.0,100,0.012676021084189415,0.38773563504219055,1.818369746208191,0.5566666666666666,,,,,,,,,,,,,,,,,,,,,16,,224,224,0,1644166844,0,72,0,16,0,0.06940028071403503,1.0,-15.45976448059082,3.460667610168457,1.0,0.5314385648816824,2942.71875,67.03369140625,,data/instances/transfer/real_03.cip
mix_16_0,21,1122,1122,A,,60.0,100,0.0685553178191185,0.49073880910873413,3.858656644821167,0.5566666666666666,,,,,,,,,,,,,,,,,,,,,16,,224,224,0,1644166844,0,72,0,16,0,0.24648211896419525,1.0,-16.44839096069336,3.1669280529022217,1.0,0.5871981084346771,2942.71875,67.03369140625,,data/instances/transfer/real_03.cip
mix_16_0,21,1123,1123,A,,60.0,100,0.08049604296684265,0.494437575340271,9.21841812133789,0.5566666666666666,,,,,,,,,,,,,,,,,,,,,15,,224,224,0,1644166844,0,72,0,16,0,0.26134824752807617,1.0,-14.146207809448242,4.851797103881836,1.0,0.6086083874106407,2942.71875,67.03369140625,,data/instances/transfer/real_03.cip
mix_16_0,21,1124,1124,A,,60.0,100,0.03662031516432762,0.45255807042121887,1.7882945537567139,0.5566666666666666,,,,,,,,,,,,,,,,,,,,,16,,224,224,0,1644166844,0,72,0,16,0,0.1467571258544922,1.0,-13.416478157043457,3.9465389251708984,1.0,0.609196875244379,2942.71875,67.03369140625,,data/instances/transfer/real_03.cip
mix_16_0,21,1125,1125,A,,60.0,100,0.14057576656341553,0.6913231611251831,10.483799934387207,0.5550833333333334,,,,,,,,,,,,,,,,,,,,,15,,224,224,0,1645369848,0,73,0,16,0,0.3315877318382263,1.0,-13.09054946899414,4.504403114318848,252.0,0.509420795366168,2942.9765625,67.03369140625,,data/instances/transfer/real_03.cip
mix_16_0,21,1126,1126,A,,60.0,100,0.11469753086566925,0.8253879547119141,3.277350425720215,0.5550833333333334,,,,,,,,,,,,,,,,,,,,,15,,224,224,0,1645369848,0,73,0,16,0,0.2018003910779953,1.0,-12.237760543823242,4.7063517570495605,252.0,0.5863128565251827,2942.9765625,67.03369140625,,data/instances/transfer/real_03.cip
mix_16_0,21,1127,1127,A,,60.0,100,0.13371193408966064,0.6894867420196533,5.200451374053955,0.5550833333333334,,,,,,,,,,,,,,,,,,,,,16,,224,224,0,1645369848,0,73,0,16,0,0.30292990803718567,1.0,-14.443500518798828,4.432539939880371,252.0,0.6068849880248308,2942.9765625,67.03369140625,,data/instances/transfer/real_03.cip
mix_16_0,21,1128,1128,A,,60.0,100,0.13494083285331726,0.7574285268783569,8.01882553100586,0.5550833333333334,,,,,,,,,,,,,,,,,,,,,15,,224,224,0,1645369848,0,73,0,16,0,0.251015305519104,1.0,-13.012531280517578,4.54046106338501,252.0,0.5899263881146908,2942.9765625,67.03369140625,,data/instances/transfer/real_03.cip
mix_16_0,21,1129,1129,A,,60.0,100,0.03560991212725639,0.3230118751525879,2.0178463459014893,0.5535000000000001,,,,,,,,,,,,,,,,,,,,,16,,224,224,0,1646621940,0,74,0,16,0,0.4108555316925049,1.0,-13.609394073486328,4.168097972869873,210.0,0.5170654933899641,2945.15234375,67.03369140625,,data/instances/transfer/real_03.cip
mix_16_0,21,1130,1130,A,,60.0,100,0.124360591173172,0.7313017845153809,6.913481712341309,0.5535000000000001,,,,,,,,,,,,,,,,,,,,,16,,224,224,0,1646621940,0,74,0,16,0,0.2510939836502075,1.0,-13.934612274169922,2.854278802871704,210.0,0.5887315347790718,2945.15234375,67.03369140625,,data/instances/transfer/real_03.cip
mix_16_0,21,1131,1131,A,,60.0,100,0.030457910150289536,0.3079547882080078,5.45068359375,0.5535000000000001,,,,,,,,,,,,,,,,,,,,,16,,224,224,0,1646621940,0,74,0,16,0,0.21802613139152527,1.0,-13.537288665771484,3.983271360397339,210.0,0.6053413264453411,2945.15234375,67.03369140625,,data/instances/transfer/real_03.cip
mix_16_0,21,1132,1132,A,,60.0,100,0.05086761713027954,0.42685168981552124,3.236178398132324,0.5535000000000001,,,,,,,,,,,,,,,,,,,,,15,,224,224,0,1646621940,0,74,0,16,0,0.2481740117073059,1.0,-14.670499801635742,4.1697845458984375,210.0,0.5943550206720829,2945.15234375,67.03369140625,,data/instances/transfer/real_03.cip
mix_16_0,21,1133,1133,A,,60.0,100,0.08655636012554169,0.472362220287323,12.13286304473877,0.5519166666666666,,,,,,,,,,,,,,,,,,,,,15,,224,224,0,1647880212,0,75,0,16,0,0.2870512306690216,1.0,-12.931205749511719,4.981756687164307,90.0,0.5193256698548794,2947.33984375,67.03369140625,,data/instances/transfer/real_03.cip
mix_16_0,21,1134,1134,A,,60.0,100,0.03540436178445816,0.6654937267303467,1.6031320095062256,0.5519166666666666,,,,,,,,,,,,,,,,,,,,,15,,224,224,0,1647880212,0,75,0,16,0,0.07702822983264923,1.0,-12.44485092163086,4.903201580047607,90.0,0.5702672675251961,2947.33984375,67.03369140625,,data/instances/transfer/real_03.cip
mix_16_0,21,1135,1135,A,,60.0,100,0.061354994773864746,0.5064859390258789,2.9405462741851807,0.5519166666666666,,,,,,,,,,,,,,,,,,,,,15,,224,224,0,1647880212,0,75,0,16,0,0.19694067537784576,1.0,-13.334233283996582,5.27505350112915,90.0,0.6010919455438852,2947.33984375,67.03369140625,,data/instances/transfer/real_03.cip
mix_16_0,21,1136,1136,A,,60.0,100,0.08282045274972916,0.6817548871040344,6.810587406158447,0.5519166666666666,,,,,,,,,,,,,,,,,,,,,15,,224,224,0,1647880212,0,75,0,16,0,0.17414458096027374,1.0,-13.60393238067627,4.211178779602051,90.0,0.6064348947256804,2947.33984375,67.03369140625,,data/instances/transfer/real_03.cip
mix_16_0,21,1137,1137,A,,60.0,100,0.10128059983253479,0.6447409391403198,6.523987293243408,0.5503333333333333,,,,,,,,,,,,,,,,,,,,,16,,224,224,0,1649227224,0,76,0,16,0,0.2518726587295532,1.0,-14.18686294555664,4.550591468811035,235.0,0.533998528495431,2949.51953125,67.03369140625,,data/instances/transfer/real_03.cip
mix_16_0,21,1138,1138,A,,60.0,100,0.057559218257665634,0.40882930159568787,0.9609091877937317,0.5503333333333333,,,,,,,,,,,,,,,,,,,,,16,,224,224,0,1649227224,0,76,0,16,0,0.236003577709198,1.0,-14.298538208007812,2.8363945484161377,235.0,0.5795398280024529,2949.51953125,67.03369140625,,data/instances/transfer/real_03.cip
mix_16_0,21,1139,1139,A,,60.0,100,0.1362380087375641,0.6374858617782593,12.312970161437988,0.5503333333333333,,,,,,,,,,,,,,,,,,,,,15,,224,224,0,1649227224,0,76,0,16,0,0.28178101778030396,1.0,-13.902968406677246,4.414224147796631,235.0,0.5915395431220531,2949.51953125,67.03369140625,,data/instances/transfer/real_03.cip
mix_16_0,21,1140,1140,A,,60.0,100,0.06492771208286285,0.47284093499183655,1.2892297506332397,0.5503333333333333,,,,,,,,,,,,,,,,,,,,,15,,224,224,0,1649227224,0,76,0,16,0,0.23574161529541016,1.0,-13.129240036010742,5.422022342681885,235.0,0.613569363951683,2949.51953125,67.03369140625,,data/instances/transfer/real_03.cip
mix_16_0,21,1141,1141,A,,60.0,100,0.03201410546898842,0.4247208833694458,3.005270004272461,0.5487500000000001,,,,,,,,,,,,,,,,,,,,,14,,224,224,0,1650572564,0,77,0,16,0,0.1400355100631714,1.0,-14.098381042480469,5.586904525756836,1.0,0.49845337122678757,2949.51953125,67.03369140625,,data/instances/transfer/real_03.cip
mix_16_0,21,1142,1142,A,,60.0,100,0.12285055965185165,0.56162428855896,15.816083908081055,0.5487500000000001,,,,,,,,,,,,,,,,,,,,,16,,224,224,0,1650572564,0,77,0,16,0,0.31376734375953674,1.0,-14.242116928100586,3.0103561878204346,1.0,0.6005703136324883,2949.51953125,67.03369140625,,data/instances/transfer/real_03.cip
mix_16_0,21,1143,1143,A,,60.0,100,0.07510869204998016,0.5203337669372559,6.304276943206787,0.5487500000000001,,,,,,,,,,,,,,,,,,,,,16,,224,224,0,1650572564,0,77,0,16,0,0.2569544315338135,1.0,-14.667047500610352,2.52663254737854,1.0,0.6059418320655823,2949.51953125,67.03369140625,,data/instances/transfer/real_03.cip
mix_16_0,21,1144,1144,A,,60.0,100,0.048040807247161865,0.3661426901817322,1.667529582977295,0.5487500000000001,,,,,,,,,,,,,,,,,,,,,16,,224,224,0,1650572564,0,77,0,16,0,0.29112592339515686,1.0,-13.533296585083008,3.7941198348999023,1.0,0.6075176168233156,2949.51953125,67.03369140625,,data/instances/transfer/real_03.cip
mix_16_0,21,1145,1145,A,,60.0,100,0.1416749656200409,0.6851229667663574,7.418059825897217,0.5471666666666667,,,,,,,,,,,,,,,,,,,,,16,,224,224,0,1651921044,0,78,0,16,0,0.31800922751426697,1.0,-14.768350601196289,5.109287261962891,128.0,0.5252728704363108,2949.51953125,67.03369140625,,data/instances/transfer/real_03.cip
mix_16_0,21,1146,1146,A,,60.0,100,0.05250418558716774,0.5605961680412292,5.4876627922058105,0.5471666666666667,,,,,,,,,,,,,,,,,,,,,16,,224,224,0,1651921044,0,78,0,16,0,0.151966854929924,1.0,-15.452521324157715,3.7112088203430176,128.0,0.578280495479703,2949.51953125,67.03369140625,,data/instances/transfer/real_03.cip
mix_16_0,21,1147,1147,A,,60.0,100,0.0620458722114563,0.5527914762496948,7.7703962326049805,0.5471666666666667,,,,,,,,,,,,,,,,,,,,,16,,224,224,0,1651921044,0,78,0,16,0,0.1543838530778885,1.0,-14.759566307067871,3.9913666248321533,128.0,0.6046720948070288,2949.51953125,67.03369140625,,data/instances/transfer/real_03.cip
mix_16_0,21,1148,1148,A,,60.0,100,0.08874164521694183,0.5794979333877563,2.703366994857788,0.5471666666666667,,,,,,,,,,,,,,,,,,,,,16,,224,224,0,1651921044,0,78,0,16,0,0.2552262246608734,1.0,-14.690719604492188,4.022876739501953,128.0,0.6054262351244688,2949.51953125,67.03369140625,,data/instances/transfer/real_03.cip
mix_16_0,21,1149,1149,A,,60.0,100,0.15334630012512207,0.8585352301597595,9.474963188171387,0.5455833333333333,,,,,,,,,,,,,,,,,,,,,16,,224,224,0,1653371336,0,79,0,16,0,0.21727178990840912,1.0,-13.36199951171875,3.553557872772217,240.0,0.506022384390235,2950.60546875,67.03369140625,,data/instances/transfer/real_03.cip
mix_16_0,21,1150,1150,A,,60.0,100,0.05082934722304344,0.508046567440033,8.038642883300781,0.5455833333333333,,,,,,,,,,,,,,,,,,,,,16,,224,224,0,1653371336,0,79,0,16,0,0.20714837312698364,1.0,-14.848901748657227,2.797616958618164,240.0,0.5899767857044935,2950.60546875,67.03369140625,,data/instances/transfer/real_03.cip
mix_16_0,21,1151,1151,A,,60.0,100,0.1268235445022583,0.7073050737380981,6.834264755249023,0.5455833333333333,,,,,,,,,,,,,,,,,,,,,15,,224,224,0,1653371336,0,79,0,16,0,0.2374892234802246,1.0,-13.15492057800293,4.829314231872559,240.0,0.6023112051188946,2950.625,67.03369140625,,data/instances/transfer/real_03.cip
mix_16_0,21,1152,1152,A,,60.0,100,0.045253559947013855,0.4101162552833557,4.817362308502197,0.5455833333333333,,,,,,,,,,,,,,,,,,,,,16,,224,224,0,1653371336,0,79,0,16,0,0.2360815703868866,1.0,-16.409404754638672,3.050644874572754,240.0,0.6124256420880556,2950.625,67.03369140625,,data/instances/transfer/real_03.cip
mix_16_0,21,1153,1153,A,,60.0,100,0.1185074895620346,0.6227865219116211,16.598520278930664,0.544,,,,,,,,,,,,,,,,,,,,,16,,224,224,0,1654756292,0,80,0,16,0,0.21538788080215454,1.0,-13.449783325195312,3.8679354190826416,248.0,0.5155244283378124,2950.625,67.03369140625,,data/instances/transfer/real_03.cip
mix_16_0,21,1154,1154,A,,60.0,100,0.05026448145508766,0.6498337984085083,1.5232142210006714,0.544,,,,,,,,,,,,,,,,,,,,,14,,224,224,0,1654756292,0,80,0,16,0,0.11852952837944031,1.0,-12.513418197631836,5.9302077293396,248.0,0.5771116763353348,2950.625,67.03369140625,,data/instances/transfer/real_03.cip
mix_16_0,21,1155,1155,A,,60.0,100,0.08113089203834534,0.8957343697547913,6.533225059509277,0.544,,,,,,,,,,,,,,,,,,,,,16,,224,224,0,1654756292,0,80,0,16,0,0.11008425801992416,1.0,-12.847503662109375,3.487727642059326,248.0,0.6097044553607702,2950.625,67.03369140625,,data/instances/transfer/real_03.cip
mix_16_0,21,1156,1156,A,,60.0,100,0.05087638646364212,0.5711236000061035,6.565847396850586,0.544,,,,,,,,,,,,,,,,,,,,,16,,224,224,0,1654756292,0,80,0,16,0,0.0996476486325264,1.0,-15.802022933959961,3.26524019241333,248.0,0.6160271894186735,2950.625,67.03369140625,,data/instances/transfer/real_03.cip
episode,21,1156,1156,A,,60.0,100,0.05087638646364212,0.5711236000061035,6.565847396850586,0.5424166666666667,-14.007199999999997,-14.0,-0.0072,-14.007199999999997,True,15,62.716096,,,,,,,,inf,1e+20,120.0,inf,0.0,15193,16,True,224,224,0,1657436128,0,82,0,16,0,,,,,130.85714285714286,,2878.81640625,67.03369140625,timelimit,data/instances/transfer/real_03.cip
mix_16_0,22,1157,1157,A,,60.0,100,0.050028420984745026,0.4492017328739166,1.7822893857955933,0.5424166666666667,,,,,,,,,,,,,,,,,,,,,16,,224,224,0,1657436128,0,82,0,16,0,0.13586635887622833,1.0,-14.913810729980469,3.4774580001831055,122.0,0.5702666360884905,2888.59765625,67.03369140625,,data/instances/transfer/real_05.cip
mix_16_0,22,1158,1158,A,,60.0,100,0.04109451547265053,0.4519515335559845,8.34846305847168,0.5424166666666667,,,,,,,,,,,,,,,,,,,,,15,,224,224,0,1657436128,0,82,0,16,0,0.17872950434684753,1.0,-15.020416259765625,4.482761383056641,122.0,0.5766810551285744,2888.59765625,67.03369140625,,data/instances/transfer/real_05.cip
mix_16_0,22,1159,1159,A,,60.0,100,0.03556077927350998,0.39840346574783325,4.710425853729248,0.5424166666666667,,,,,,,,,,,,,,,,,,,,,16,,224,224,0,1657436128,0,82,0,16,0,0.13724711537361145,1.0,-13.689290046691895,3.768397569656372,122.0,0.6146121118217707,2888.59765625,67.03369140625,,data/instances/transfer/real_05.cip
mix_16_0,22,1160,1160,A,,60.0,100,0.05917299911379814,0.4359319806098938,2.948941707611084,0.5424166666666667,,,,,,,,,,,,,,,,,,,,,16,,224,224,0,1657436128,0,82,0,16,0,0.23176416754722595,1.0,-15.758195877075195,3.2291510105133057,122.0,0.6119088474661112,2888.6015625,67.03369140625,,data/instances/transfer/real_05.cip
mix_16_0,22,1161,1161,A,,60.0,100,0.027832364663481712,0.24732738733291626,8.470296859741211,0.5408333333333333,,,,,,,,,,,,,,,,,,,,,16,,224,224,0,1657436128,0,82,0,16,0,0.29444581270217896,1.0,-16.281845092773438,3.0741004943847656,1.0,0.532752113416791,2893.69140625,67.03369140625,,data/instances/transfer/real_05.cip
mix_16_0,22,1162,1162,A,,60.0,100,0.07541853934526443,0.4246262311935425,10.468948364257812,0.5408333333333333,,,,,,,,,,,,,,,,,,,,,15,,224,224,0,1657436128,0,82,0,16,0,0.34862661361694336,1.0,-15.369203567504883,4.308091640472412,1.0,0.5796064548194408,2893.69140625,67.03369140625,,data/instances/transfer/real_05.cip
mix_16_0,22,1163,1163,A,,60.0,100,0.052001532167196274,0.41114023327827454,4.357263088226318,0.5408333333333333,,,,,,,,,,,,,,,,,,,,,16,,224,224,0,1657436128,0,82,0,16,0,0.15925048291683197,1.0,-14.578922271728516,3.7418649196624756,1.0,0.6144548635929823,2893.69140625,67.03369140625,,data/instances/transfer/real_05.cip
mix_16_0,22,1164,1164,A,,60.0,100,0.20812098681926727,0.6892918348312378,22.2893009185791,0.5408333333333333,,,,,,,,,,,,,,,,,,,,,14,,224,224,0,1657436128,0,82,0,16,0,0.3584398031234741,1.0,-12.356049537658691,5.038910388946533,1.0,0.5970940999686718,2893.69140625,67.03369140625,,data/instances/transfer/real_05.cip
mix_16_0,22,1165,1165,A,,60.0,100,0.22362010180950165,0.845456600189209,12.409774780273438,0.53925,,,,,,,,,,,,,,,,,,,,,16,,224,224,0,1655759880,0,83,0,16,0,0.38364073634147644,1.0,-12.60036563873291,3.104071855545044,59.0,0.52445681206882,2893.69140625,67.03369140625,,data/instances/transfer/real_05.cip
mix_16_0,22,1166,1166,A,,60.0,100,0.10283729434013367,0.5723209381103516,6.252238750457764,0.53925,,,,,,,,,,,,,,,,,,,,,15,,224,224,0,1655759880,0,83,0,16,0,0.229067862033844,1.0,-11.962705612182617,4.560614585876465,59.0,0.5874151047319174,2893.69140625,67.03369140625,,data/instances/transfer/real_05.cip
mix_16_0,22,1167,1167,A,,60.0,100,0.14812782406806946,0.6700167655944824,6.204482555389404,0.53925,,,,,,,,,,,,,,,,,,,,,16,,224,224,0,1655759880,0,83,0,16,0,0.36463797092437744,1.0,-13.358968734741211,3.882636308670044,59.0,0.6057039219886065,2893.69140625,67.03369140625,,data/instances/transfer/real_05.cip
mix_16_0,22,1168,1168,A,,60.0,100,0.04672762006521225,0.3309672474861145,1.9114655256271362,0.53925,,,,,,,,,,,,,,,,,,,,,16,,224,224,0,1655759880,0,83,0,16,0,0.41860678791999817,1.0,-15.22256088256836,4.855934143066406,59.0,0.6097234394401312,2893.69140625,67.03369140625,,data/instances/transfer/real_05.cip
mix_16_0,22,1169,1169,A,,60.0,100,0.026066388934850693,0.4646037817001343,0.4821362793445587,0.5376666666666667,,,,,,,,,,,,,,,,,,,,,16,,224,224,0,1654032464,0,84,0,16,0,0.09979670494794846,1.0,-16.115434646606445,3.503746747970581,34.0,0.5294460970908403,2893.69140625,67.03369140625,,data/instances/transfer/real_05.cip
mix_16_0,22,1170,1170,A,,60.0,100,0.06250348687171936,0.4252307713031769,3.031428098678589,0.5376666666666667,,,,,,,,,,,,,,,,,,,,,16,,224,224,0,1654032464,0,84,0,16,0,0.3064420521259308,1.0,-13.761945724487305,4.298506736755371,34.0,0.583951348438859,2893.69140625,67.03369140625,,data/instances/transfer/real_05.cip
mix_16_0,22,1171,1171,A,,60.0,100,0.03021777980029583,0.39697790145874023,1.8906093835830688,0.5376666666666667,,,,,,,,,,,,,,,,,,,,,16,,224,224,0,1654032464,0,84,0,16,0,0.1611214578151703,1.0,-15.324909210205078,3.8656978607177734,34.0,0.6086239535361528,2893.69140625,67.03369140625,,data/instances/transfer/real_05.cip
mix_16_0,22,1172,1172,A,,60.0,100,0.031749457120895386,0.3895266354084015,3.131861686706543,0.5376666666666667,,,,,,,,,,,,,,,,,,,,,15,,224,224,0,1654032464,0,84,0,16,0,0.15509943664073944,1.0,-13.953152656555176,4.331355571746826,34.0,0.6028071530163288,2893.69140625,67.03369140625,,data/instances/transfer/real_05.cip
mix_16_0,22,1173,1173,A,,60.0,100,0.05198236554861069,0.3842102885246277,4.054887294769287,0.5360833333333334,,,,,,,,,,,,,,,,,,,,,16,,224,224,0,1652107292,0,85,0,16,0,0.2694203853607178,1.0,-15.161824226379395,3.6186296939849854,1.0,0.5168211441487074,2893.7109375,67.03369140625,,data/instances/transfer/real_05.cip
mix_16_0,22,1174,1174,A,,60.0,100,0.029295433312654495,0.2787953317165375,5.1797075271606445,0.5360833333333334,,,,,,,,,,,,,,,,,,,,,15,,224,224,0,1652107292,0,85,0,16,0,0.39993104338645935,1.0,-13.705496788024902,5.8345947265625,1.0,0.5831418950110674,2893.7109375,67.03369140625,,data/instances/transfer/real_05.cip
mix_16_0,22,1175,1175,A,,60.0,100,0.0609157457947731,0.33858078718185425,5.493231773376465,0.5360833333333334,,,,,,,,,,,,,,,,,,,,,15,,224,224,0,1652107292,0,85,0,16,0,0.34036919474601746,1.0,-13.939888000488281,5.492088317871094,1.0,0.59842549264431,2893.7109375,67.03369140625,,data/instances/transfer/real_05.cip
mix_16_0,22,1176,1176,A,,60.0,100,0.08381619304418564,0.6000526547431946,7.929429054260254,0.5360833333333334,,,,,,,,,,,,,,,,,,,,,16,,224,224,0,1652107292,0,85,0,16,0,0.21800264716148376,1.0,-14.692660331726074,3.7714743614196777,1.0,0.6168194524943829,2893.7109375,67.03369140625,,data/instances/transfer/real_05.cip
mix_16_0,22,1177,1177,A,,60.0,100,0.03251330554485321,0.28214919567108154,3.199821949005127,0.5345,,,,,,,,,,,,,,,,,,,,,16,,224,224,0,1649342740,0,86,0,16,0,0.2638038396835327,1.0,-15.436508178710938,3.6308226585388184,1.0,0.5278169419616461,2893.7109375,67.03369140625,,data/instances/transfer/real_05.cip
mix_16_0,22,1178,1178,A,,60.0,100,0.037374455481767654,0.4011407494544983,2.7570974826812744,0.5345,,,,,,,,,,,,,,,,,,,,,16,,224,224,0,1649342740,0,86,0,16,0,0.19890733063220978,1.0,-16.160852432250977,3.297210931777954,1.0,0.5906026307493448,2893.7109375,67.03369140625,,data/instances/transfer/real_05.cip
mix_16_0,22,1179,1179,A,,60.0,100,0.05116036534309387,0.3862713873386383,5.27741813659668,0.5345,,,,,,,,,,,,,,,,,,,,,16,,224,224,0,1649342740,0,86,0,16,0,0.20402716100215912,1.0,-14.064153671264648,3.494330406188965,1.0,0.6183548048138618,2893.7109375,67.03369140625,,data/instances/transfer/real_05.cip
mix_16_0,22,1180,1180,A,,60.0,100,0.02032354101538658,0.3388274312019348,0.4375961124897003,0.5345,,,,,,,,,,,,,,,,,,,,,16,,224,224,0,1649342740,0,86,0,16,0,0.1538325697183609,1.0,-13.068984985351562,3.568284034729004,1.0,0.606705816462636,2893.7109375,67.03369140625,,data/instances/transfer/real_05.cip
mix_16_0,22,1181,1181,A,,60.0,100,0.0866185650229454,0.4611428380012512,2.7184340953826904,0.5329166666666667,,,,,,,,,,,,,,,,,,,,,16,,224,224,0,1646767704,0,87,0,16,0,0.3316758871078491,1.0,-12.569382667541504,4.539968490600586,48.0,0.5211672224104404,2893.7109375,67.03369140625,,data/instances/transfer/real_05.cip
mix_16_0,22,1182,1182,A,,60.0,100,0.02760699763894081,0.32953760027885437,8.465298652648926,0.5329166666666667,,,,,,,,,,,,,,,,,,,,,16,,224,224,0,1646767704,0,87,0,16,0,0.30217665433883667,1.0,-15.341176986694336,4.1808624267578125,48.0,0.5872800312936306,2893.7109375,67.03369140625,,data/instances/transfer/real_05.cip
mix_16_0,22,1183,1183,A,,60.0,100,0.05410812795162201,0.40473219752311707,2.846541166305542,0.5329166666666667,,,,,,,,,,,,,,,,,,,,,16,,224,224,0,1646767704,0,87,0,16,0,0.2518210709095001,1.0,-14.167631149291992,4.403255462646484,48.0,0.5856525637209415,2893.7109375,67.03369140625,,data/instances/transfer/real_05.cip
mix_16_0,22,1184,1184,A,,60.0,100,0.08749315142631531,0.49835753440856934,10.073619842529297,0.5329166666666667,,,,,,,,,,,,,,,,,,,,,16,,224,224,0,1646767704,0,87,0,16,0,0.26660019159317017,1.0,-14.62016773223877,3.9213242530822754,48.0,0.5926573295146227,2893.7109375,67.03369140625,,data/instances/transfer/real_05.cip
mix_16_0,22,1185,1185,A,,60.0,100,0.1452275961637497,0.7091914415359497,11.149200439453125,0.5313333333333333,,,,,,,,,,,,,,,,,,,,,16,,224,224,0,1644043832,0,88,0,16,0,0.2839227318763733,1.0,-12.968181610107422,4.090825080871582,58.0,0.5152727160602808,2893.7109375,67.03369140625,,data/instances/transfer/real_05.cip
mix_16_0,22,1186,1186,A,,60.0,100,0.10821343958377838,0.5222607254981995,11.230592727661133,0.5313333333333333,,,,,,,,,,,,,,,,,,,,,16,,224,224,0,1644043832,0,88,0,16,0,0.40236034989356995,1.0,-14.403554916381836,4.747518539428711,58.0,0.5953145306557417,2893.7109375,67.03369140625,,data/instances/transfer/real_05.cip
mix_16_0,22,1187,1187,A,,60.0,100,0.13455817103385925,0.7791361808776855,15.758959770202637,0.5313333333333333,,,,,,,,,,,,,,,,,,,,,15,,224,224,0,1644043832,0,88,0,16,0,0.17663250863552094,1.0,-13.74388599395752,4.583055019378662,58.0,0.6093278490006924,2893.7109375,67.03369140625,,data/instances/transfer/real_05.cip
mix_16_0,22,1188,1188,A,,60.0,100,0.2440153807401657,0.8510194420814514,25.059919357299805,0.5313333333333333,,,,,,,,,,,,,,,,,,,,,16,,224,224,0,1644043832,0,88,0,16,0,0.2377852201461792,1.0,-16.572799682617188,3.464365005493164,58.0,0.6221388131380081,2893.7109375,67.03369140625,,data/instances/transfer/real_05.cip
mix_16_0,22,1189,1189,A,,60.0,100,0.2539937198162079,0.8529279828071594,26.236421585083008,0.5297499999999999,,,,,,,,,,,,,,,,,,,,,16,,224,224,0,1641329368,0,89,0,16,0,0.3024018704891205,1.0,-15.597434997558594,3.4780776500701904,1.0,0.5425211694091558,2893.7109375,67.03369140625,,data/instances/transfer/real_05.cip
mix_16_0,22,1190,1190,A,,60.0,100,0.1277092695236206,0.9351484775543213,11.384039878845215,0.5297499999999999,,,,,,,,,,,,,,,,,,,,,15,,224,224,0,1641329368,0,89,0,16,0,0.12588107585906982,1.0,-13.625813484191895,4.1926751136779785,1.0,0.5721598863601685,2893.7109375,67.03369140625,,data/instances/transfer/real_05.cip
mix_16_0,22,1191,1191,A,,60.0,100,0.09684059023857117,0.4949827194213867,6.554916858673096,0.5297499999999999,,,,,,,,,,,,,,,,,,,,,15,,224,224,0,1641329368,0,89,0,16,0,0.30136728286743164,1.0,-11.674373626708984,4.6096110343933105,1.0,0.6103353146463633,2893.7109375,67.03369140625,,data/instances/transfer/real_05.cip
mix_16_0,22,1192,1192,A,,60.0,100,0.12529778480529785,0.8665003776550293,8.930448532104492,0.5297499999999999,,,,,,,,,,,,,,,,,,,,,15,,224,224,0,1641329368,0,89,0,16,0,0.1578940749168396,1.0,-13.258328437805176,5.689837455749512,1.0,0.6071493960916996,2893.7109375,67.03369140625,,data/instances/transfer/real_05.cip
mix_16_0,22,1193,1193,A,,60.0,100,0.11396095156669617,0.7335262298583984,10.79467487335205,0.5281666666666667,,,,,,,,,,,,,,,,,,,,,16,,224,224,0,1638546112,0,90,0,16,0,0.20702730119228363,1.0,-13.967840194702148,4.090526580810547,1.0,0.5450260285288095,2893.7109375,67.03369140625,,data/instances/transfer/real_05.cip
mix_16_0,22,1194,1194,A,,60.0,100,0.061420805752277374,0.5078629851341248,9.90753173828125,0.5281666666666667,,,,,,,,,,,,,,,,,,,,,16,,224,224,0,1638546112,0,90,0,16,0,0.16620829701423645,1.0,-14.927095413208008,2.915356159210205,1.0,0.5767632350325584,2893.7109375,67.03369140625,,data/instances/transfer/real_05.cip
mix_16_0,22,1195,1195,A,,60.0,100,0.1040034294128418,0.4883591830730438,15.961813926696777,0.5281666666666667,,,,,,,,,,,,,,,,,,,,,16,,224,224,0,1638546112,0,90,0,16,0,0.3214048445224762,1.0,-14.079805374145508,5.155558109283447,1.0,0.612818093970418,2893.73828125,67.03369140625,,data/instances/transfer/real_05.cip
mix_16_0,22,1196,1196,A,,60.0,100,0.07458997517824173,0.4540441036224365,8.258661270141602,0.5281666666666667,,,,,,,,,,,,,,,,,,,,,16,,224,224,0,1638546112,0,90,0,16,0,0.24353939294815063,1.0,-15.750101089477539,3.7066152095794678,1.0,0.5800865031778812,2893.73828125,67.03369140625,,data/instances/transfer/real_05.cip
mix_16_0,22,1197,1197,A,,60.0,100,0.089694544672966,0.5202345848083496,12.043939590454102,0.5265833333333334,,,,,,,,,,,,,,,,,,,,,16,,224,224,0,1635728816,0,91,0,16,0,0.3133728802204132,1.0,-14.436117172241211,3.7075629234313965,1.0,0.5151264984160662,2893.73828125,67.03369140625,,data/instances/transfer/real_05.cip
mix_16_0,22,1198,1198,A,,60.0,100,0.03157152235507965,0.2884211540222168,1.3782601356506348,0.5265833333333334,,,,,,,,,,,,,,,,,,,,,16,,224,224,0,1635728816,0,91,0,16,0,0.31270280480384827,1.0,-13.20930290222168,4.738758563995361,1.0,0.5878924112766981,2893.73828125,67.03369140625,,data/instances/transfer/real_05.cip
mix_16_0,22,1199,1199,A,,60.0,100,0.1396600604057312,0.6036749482154846,17.79941177368164,0.5265833333333334,,,,,,,,,,,,,,,,,,,,,16,,224,224,0,1635728816,0,91,0,16,0,0.31878525018692017,1.0,-12.969228744506836,3.1708474159240723,1.0,0.6099915597587824,2893.73828125,67.03369140625,,data/instances/transfer/real_05.cip
mix_16_0,22,1200,1200,A,,60.0,100,0.026938995346426964,0.4616966247558594,4.033383846282959,0.5265833333333334,,,,,,,,,,,,,,,,,,,,,15,,224,224,0,1635728816,0,91,0,16,0,0.11134703457355499,1.0,-12.706670761108398,4.931446075439453,1.0,0.6029041241854429,2893.73828125,67.03369140625,,data/instances/transfer/real_05.cip
mix_16_0,22,1201,1201,A,,60.0,100,0.0819828137755394,0.5618229508399963,9.293733596801758,0.525,,,,,,,,,,,,,,,,,,,,,16,,224,224,0,1632881160,0,92,0,16,0,0.20227235555648804,1.0,-14.190905570983887,3.5647716522216797,1.0,0.33033658005297184,2893.73828125,67.03369140625,,data/instances/transfer/real_05.cip
mix_16_0,22,1202,1202,A,,60.0,100,0.04753262549638748,0.4159689247608185,2.888094902038574,0.525,,,,,,,,,,,,,,,,,,,,,16,,224,224,0,1632881160,0,92,0,16,0,0.19388610124588013,1.0,-15.607629776000977,2.9960432052612305,1.0,0.30174729600548744,2893.73828125,67.03369140625,,data/instances/transfer/real_05.cip
mix_16_0,22,1203,1203,A,,60.0,100,0.11030992865562439,0.5308117866516113,8.656000137329102,0.525,,,,,,,,,,,,,,,,,,,,,16,,224,224,0,1632881160,0,92,0,16,0,0.3193310499191284,1.0,-14.175714492797852,4.834295749664307,1.0,0.3340140823274851,2893.73828125,67.03369140625,,data/instances/transfer/real_05.cip
mix_16_0,22,1204,1204,A,,60.0,100,0.068995900452137,0.45359325408935547,12.674522399902344,0.525,,,,,,,,,,,,,,,,,,,,,16,,224,224,0,1632881160,0,92,0,16,0,0.30882951617240906,1.0,-15.159381866455078,5.506276607513428,1.0,0.49849863164126873,2893.73828125,67.03369140625,,data/instances/transfer/real_05.cip
episode,22,1204,1204,A,,60.0,100,0.068995900452137,0.45359325408935547,12.674522399902344,0.5234166666666666,-12.006499999999999,-12.0,-0.006500000000000001,-12.006499999999999,True,13,62.167193,,,,,,,,inf,1e+20,120.0,inf,0.0,14459,16,True,224,224,0,1626327364,0,94,0,16,0,,,,,27.333333333333332,,2893.73828125,67.03369140625,timelimit,data/instances/transfer/real_05.cip
mix_16_0,23,1205,1205,A,,60.0,100,0.03126097097992897,0.34636247158050537,4.699199199676514,0.5234166666666666,,,,,,,,,,,,,,,,,,,,,16,,224,224,0,1626327364,0,94,0,16,0,0.14611272513866425,1.0,-13.490381240844727,3.1637139320373535,1.0,0.35370546765625477,2893.7421875,67.03369140625,,data/instances/train/real_06.cip
mix_16_0,23,1206,1206,A,,60.0,100,0.06950029730796814,0.5985825061798096,4.688037395477295,0.5234166666666666,,,,,,,,,,,,,,,,,,,,,15,,224,224,0,1626327364,0,94,0,16,0,0.1883987933397293,1.0,-11.260982513427734,5.267161846160889,1.0,0.3008855041116476,2893.75,67.03369140625,,data/instances/train/real_06.cip
mix_16_0,23,1207,1207,A,,60.0,100,0.07972994446754456,0.5591411590576172,10.773879051208496,0.5234166666666666,,,,,,,,,,,,,,,,,,,,,16,,224,224,0,1626327364,0,94,0,16,0,0.22750923037528992,1.0,-14.87766170501709,3.0070667266845703,1.0,0.31998259015381336,2893.75,67.03369140625,,data/instances/train/real_06.cip
mix_16_0,23,1208,1208,A,,60.0,100,0.09349482506513596,0.43316763639450073,6.326746940612793,0.5234166666666666,,,,,,,,,,,,,,,,,,,,,16,,224,224,0,1626327364,0,94,0,16,0,0.48165416717529297,1.0,-14.739245414733887,4.339107036590576,1.0,0.30445973575115204,2893.75,67.03369140625,,data/instances/train/real_06.cip
mix_16_0,23,1209,1209,A,,60.0,100,0.07504473626613617,0.4571220576763153,3.654280424118042,0.5218333333333334,,,,,,,,,,,,,,,,,,,,,16,,224,224,0,1626327364,0,94,0,16,0,0.19113552570343018,1.0,-13.286711692810059,4.270454406738281,41.0,0.4312598332762718,2893.75,67.03369140625,,data/instances/train/real_06.cip
mix_16_0,23,1210,1210,A,,60.0,100,0.048338305205106735,0.42987146973609924,10.058438301086426,0.5218333333333334,,,,,,,,,,,,,,,,,,,,,16,,224,224,0,1626327364,0,94,0,16,0,0.176059752702713,1.0,-15.30444049835205,3.8351972103118896,41.0,0.5717995520681143,2893.75,67.03369140625,,data/instances/train/real_06.cip
mix_16_0,23,1211,1211,A,,60.0,100,0.10867099463939667,0.5359904766082764,17.166261672973633,0.5218333333333334,,,,,,,,,,,,,,,,,,,,,16,,224,224,0,1626327364,0,94,0,16,0,0.24035130441188812,1.0,-14.682220458984375,3.290067434310913,41.0,0.6041055098176003,2893.75,67.03369140625,,data/instances/train/real_06.cip
mix_16_0,23,1212,1212,A,,60.0,100,0.07744522392749786,0.47608938813209534,7.39736270904541,0.5218333333333334,,,,,,,,,,,,,,,,,,,,,16,,224,224,0,1626327364,0,94,0,16,0,0.3305779993534088,1.0,-14.297172546386719,4.975218772888184,41.0,0.608738835901022,2893.75,67.03369140625,,data/instances/train/real_06.cip
mix_16_0,23,1213,1213,A,,60.0,100,0.07212118059396744,0.627285361289978,8.045134544372559,0.5202500000000001,,,,,,,,,,,,,,,,,,,,,16,,224,224,0,1622788524,0,95,0,16,0,0.17388805747032166,1.0,-12.570476531982422,5.421151161193848,164.0,0.5087118558585644,2893.7578125,67.03369140625,,data/instances/train/real_06.cip
mix_16_0,23,1214,1214,A,,60.0,100,0.16756325960159302,0.6769787669181824,24.260583877563477,0.5202500000000001,,,,,,,,,,,,,,,,,,,,,16,,224,224,0,1622788524,0,95,0,16,0,0.2771509289741516,1.0,-13.200166702270508,4.000158786773682,164.0,0.49260466545820236,2893.7578125,67.03369140625,,data/instances/train/real_06.cip
mix_16_0,23,1215,1215,A,,60.0,100,0.05024322122335434,0.5259847640991211,9.035987854003906,0.5202500000000001,,,,,,,,,,,,,,,,,,,,,16,,224,224,0,1622788524,0,95,0,16,0,0.1466294229030609,1.0,-14.802287101745605,3.964035987854004,164.0,0.6053478568792343,2893.7578125,67.03369140625,,data/instances/train/real_06.cip
mix_16_0,23,1216,1216,A,,60.0,100,0.04120631888508797,0.4437447190284729,3.394226312637329,0.5202500000000001,,,,,,,,,,,,,,,,,,,,,16,,224,224,0,1622788524,0,95,0,16,0,0.1694992631673813,1.0,-15.520038604736328,4.275796413421631,164.0,0.5780304353684187,2893.7578125,67.03369140625,,data/instances/train/real_06.cip
mix_16_0,23,1217,1217,A,,60.0,100,0.036027468740940094,0.4334293603897095,3.357301712036133,0.5186666666666666,,,,,,,,,,,,,,,,,,,,,16,,224,224,0,1618919960,0,96,0,16,0,0.17265473306179047,1.0,-16.095626831054688,4.013273239135742,207.0,0.5298200249671936,2893.7578125,67.03369140625,,data/instances/train/real_06.cip
mix_16_0,23,1218,1218,A,,60.0,100,0.1431387960910797,0.7696784138679504,18.709152221679688,0.5186666666666666,,,,,,,,,,,,,,,,,,,,,16,,224,224,0,1618919960,0,96,0,16,0,0.2153075784444809,1.0,-15.067873001098633,3.9290075302124023,207.0,0.5812955722212791,2893.7578125,67.03369140625,,data/instances/train/real_06.cip
mix_16_0,23,1219,1219,A,,60.0,100,0.1090657189488411,0.7463326454162598,10.434441566467285,0.5186666666666666,,,,,,,,,,,,,,,,,,,,,16,,224,224,0,1618919960,0,96,0,16,0,0.19663338363170624,1.0,-15.180001258850098,4.560904026031494,207.0,0.6071926634758711,2893.7578125,67.03369140625,,data/instances/train/real_06.cip
mix_16_0,23,1220,1220,A,,60.0,100,0.05206436663866043,0.3726804554462433,8.027766227722168,0.5186666666666666,,,,,,,,,,,,,,,,,,,,,16,,224,224,0,1618919960,0,96,0,16,0,0.3022868037223816,1.0,-14.978665351867676,4.647544860839844,207.0,0.5849264934659004,2893.7578125,67.03369140625,,data/instances/train/real_06.cip
mix_16_0,23,1221,1221,A,,60.0,100,0.06853048503398895,0.46720749139785767,4.470911502838135,0.5170833333333333,,,,,,,,,,,,,,,,,,,,,15,,224,224,0,1615095996,0,97,0,16,0,0.24860315024852753,1.0,-12.799989700317383,4.321153163909912,1.0,0.5012708064168692,2893.7578125,67.03369140625,,data/instances/train/real_06.cip
mix_16_0,23,1222,1222,A,,60.0,100,0.1134890466928482,0.7841300964355469,12.680353164672852,0.5170833333333333,,,,,,,,,,,,,,,,,,,,,16,,224,224,0,1615095996,0,97,0,16,0,0.18730929493904114,1.0,-14.475458145141602,5.513596057891846,1.0,0.5826754290610552,2893.7578125,67.03369140625,,data/instances/train/real_06.cip
mix_16_0,23,1223,1223,A,,60.0,100,0.11492261290550232,0.8384010791778564,15.903388023376465,0.5170833333333333,,,,,,,,,,,,,,,,,,,,,16,,224,224,0,1615095996,0,97,0,16,0,0.1031859964132309,1.0,-11.980064392089844,4.662752151489258,1.0,0.6055859681218863,2893.7578125,67.03369140625,,data/instances/train/real_06.cip
mix_16_0,23,1224,1224,A,,60.0,100,0.08683067560195923,0.5485360026359558,11.972436904907227,0.5170833333333333,,,,,,,,,,,,,,,,,,,,,16,,224,224,0,1615095996,0,97,0,16,0,0.22807322442531586,1.0,-14.343122482299805,4.221599102020264,1.0,0.6082082167267799,2893.7578125,67.03369140625,,data/instances/train/real_06.cip
mix_16_0,23,1225,1225,A,,60.0,100,0.036522671580314636,0.3574177026748657,4.050756931304932,0.5155000000000001,,,,,,,,,,,,,,,,,,,,,16,,224,224,0,1610946780,0,98,0,16,0,0.21768061816692352,1.0,-12.784151077270508,3.896328926086426,1.0,0.5088256765156984,2893.7578125,67.03369140625,,data/instances/train/real_06.cip
mix_16_0,23,1226,1226,A,,60.0,100,0.15002745389938354,0.5729573369026184,26.520214080810547,0.5155000000000001,,,,,,,,,,,,,,,,,,,,,16,,224,224,0,1610946780,0,98,0,16,0,0.3726465702056885,1.0,-15.433006286621094,4.914803504943848,1.0,0.5872698351740837,2893.7578125,67.03369140625,,data/instances/train/real_06.cip
mix_16_0,23,1227,1227,A,,60.0,100,0.09016779810190201,0.608522891998291,13.34235668182373,0.5155000000000001,,,,,,,,,,,,,,,,,,,,,16,,224,224,0,1610946780,0,98,0,16,0,0.24147169291973114,1.0,-14.612508773803711,3.9667234420776367,1.0,0.6058019511401653,2893.7578125,67.03369140625,,data/instances/train/real_06.cip
mix_16_0,23,1228,1228,A,,60.0,100,0.09163278341293335,0.4478769600391388,13.313231468200684,0.5155000000000001,,,,,,,,,,,,,,,,,,,,,16,,224,224,0,1610946780,0,98,0,16,0,0.42768460512161255,1.0,-16.292509078979492,3.965761423110962,1.0,0.6120432522147894,2893.7578125,67.03369140625,,data/instances/train/real_06.cip
mix_16_0,23,1229,1229,A,,60.0,100,0.06015683710575104,0.3641197979450226,5.80088472366333,0.5139166666666666,,,,,,,,,,,,,,,,,,,,,16,,224,224,0,1606798708,0,99,0,16,0,0.26184317469596863,1.0,-14.912446022033691,3.8916187286376953,3.0,0.5139560904353857,2893.7578125,67.03369140625,,data/instances/train/real_06.cip
mix_16_0,23,1230,1230,A,,60.0,100,0.15555137395858765,0.9195408821105957,18.547731399536133,0.5139166666666666,,,,,,,,,,,,,,,,,,,,,15,,224,224,0,1606798708,0,99,0,16,0,0.2564569115638733,1.0,-12.235267639160156,5.374912738800049,3.0,0.5757660549134016,2893.7578125,67.03369140625,,data/instances/train/real_06.cip
mix_16_0,23,1231,1231,A,,60.0,100,0.07174284011125565,0.4936634302139282,13.647247314453125,0.5139166666666666,,,,,,,,,,,,,,,,,,,,,16,,224,224,0,1606798708,0,99,0,16,0,0.22924210131168365,1.0,-14.848597526550293,2.7820539474487305,3.0,0.608239620923996,2893.7578125,67.03369140625,,data/instances/train/real_06.cip
mix_16_0,23,1232,1232,A,,60.0,100,0.07352790236473083,0.3729846179485321,8.963312149047852,0.5139166666666666,,,,,,,,,,,,,,,,,,,,,15,,224,224,0,1606798708,0,99,0,16,0,0.44969621300697327,1.0,-11.61551570892334,4.923908710479736,3.0,0.6054186262190342,2893.7578125,67.03369140625,,data/instances/train/real_06.cip
mix_16_0,23,1233,1233,A,,60.0,100,0.08042851835489273,0.5706733465194702,8.815738677978516,0.5123333333333333,,,,,,,,,,,,,,,,,,,,,16,,224,224,0,1605462520,0,100,0,16,0,0.18574999272823334,1.0,-14.507591247558594,4.132051467895508,1.0,0.4871769230812788,2893.7578125,67.03369140625,,data/instances/train/real_06.cip
mix_16_0,23,1234,1234,A,,60.0,100,0.09110530465841293,0.5772044062614441,15.344987869262695,0.5123333333333333,,,,,,,,,,,,,,,,,,,,,16,,224,224,0,1605462520,0,100,0,16,0,0.24559687077999115,1.0,-13.604681015014648,3.384502410888672,1.0,0.5161554869264364,2893.7578125,67.03369140625,,data/instances/train/real_06.cip
mix_16_0,23,1235,1235,A,,60.0,100,0.04216226190328598,0.3914104700088501,6.946625232696533,0.5123333333333333,,,,,,,,,,,,,,,,,,,,,16,,224,224,0,1605462520,0,100,0,16,0,0.23019176721572876,1.0,-15.964585304260254,3.3624186515808105,1.0,0.6059084050357342,2893.7578125,67.03369140625,,data/instances/train/real_06.cip
mix_16_0,23,1236,1236,A,,60.0,100,0.05366842448711395,0.34223443269729614,2.1433815956115723,0.5123333333333333,,,,,,,,,,,,,,,,,,,,,16,,224,224,0,1605462520,0,100,0,16,0,0.4068494141101837,1.0,-16.28122901916504,3.892125368118286,1.0,0.6062355078756809,2893.7578125,67.03369140625,,data/instances/train/real_06.cip
mix_16_0,23,1237,1237,A,,60.0,100,0.037945087999105453,0.4856981635093689,4.137334823608398,0.51075,,,,,,,,,,,,,,,,,,,,,16,,224,224,0,1603897780,0,101,0,16,0,0.09448200464248657,1.0,-12.915172576904297,5.019621849060059,1.0,0.5028202459216118,2893.7578125,67.03369140625,,data/instances/train/real_06.cip
mix_16_0,23,1238,1238,A,,60.0,100,0.15464738011360168,0.662981390953064,20.894229888916016,0.51075,,,,,,,,,,,,,,,,,,,,,16,,224,224,0,1603897780,0,101,0,16,0,0.376773864030838,1.0,-14.883874893188477,4.524814128875732,1.0,0.5903331693261862,2893.7578125,67.03369140625,,data/instances/train/real_06.cip
mix_16_0,23,1239,1239,A,,60.0,100,0.08685863018035889,0.5870935916900635,10.494791030883789,0.51075,,,,,,,,,,,,,,,,,,,,,16,,224,224,0,1603897780,0,101,0,16,0,0.2403286248445511,1.0,-14.431255340576172,4.637458324432373,1.0,0.6096651125699282,2893.7578125,67.03369140625,,data/instances/train/real_06.cip
mix_16_0,23,1240,1240,A,,60.0,100,0.04346400499343872,0.38915562629699707,3.773287057876587,0.51075,,,,,,,,,,,,,,,,,,,,,16,,224,224,0,1603897780,0,101,0,16,0,0.20707005262374878,1.0,-14.148362159729004,4.661498069763184,1.0,0.6097248364239931,2893.7578125,67.03369140625,,data/instances/train/real_06.cip
mix_16_0,23,1241,1241,A,,60.0,100,0.04903794825077057,0.521675705909729,5.847067356109619,0.5091666666666667,,,,,,,,,,,,,,,,,,,,,15,,224,224,0,1602628820,0,102,0,16,0,0.1445404440164566,1.0,-14.41443157196045,4.782866954803467,145.0,0.5140324905514717,2893.7578125,67.03369140625,,data/instances/train/real_06.cip
mix_16_0,23,1242,1242,A,,60.0,100,0.017921358346939087,0.27399808168411255,0.30522793531417847,0.5091666666666667,,,,,,,,,,,,,,,,,,,,,16,,224,224,0,1602628820,0,102,0,16,0,0.18733391165733337,1.0,-16.80002784729004,3.6152384281158447,145.0,0.5894115399569273,2893.7578125,67.03369140625,,data/instances/train/real_06.cip
mix_16_0,23,1243,1243,A,,60.0,100,0.12738966941833496,0.5167770385742188,20.058103561401367,0.5091666666666667,,,,,,,,,,,,,,,,,,,,,16,,224,224,0,1602628820,0,102,0,16,0,0.46984225511550903,1.0,-14.96632194519043,3.9492499828338623,145.0,0.6056711189448833,2893.7578125,67.03369140625,,data/instances/train/real_06.cip
mix_16_0,23,1244,1244,A,,60.0,100,0.047708895057439804,0.3272986114025116,1.5719776153564453,0.5091666666666667,,,,,,,,,,,,,,,,,,,,,16,,224,224,0,1602628820,0,102,0,16,0,0.3973132371902466,1.0,-13.848498344421387,2.7199435234069824,145.0,0.6092063449323177,2893.7578125,67.03369140625,,data/instances/train/real_06.cip
mix_16_0,23,1245,1245,A,,60.0,100,0.050364069640636444,0.3499526083469391,5.412416934967041,0.5075833333333334,,,,,,,,,,,,,,,,,,,,,16,,224,224,0,1601509292,0,103,0,16,0,0.14021754264831543,1.0,-14.897415161132812,3.7296323776245117,225.0,0.5201720651239157,2893.7578125,67.03369140625,,data/instances/train/real_06.cip
mix_16_0,23,1246,1246,A,,60.0,100,0.10983216017484665,0.6060892343521118,11.132118225097656,0.5075833333333334,,,,,,,,,,,,,,,,,,,,,15,,224,224,0,1601509292,0,103,0,16,0,0.32116228342056274,1.0,-14.193431854248047,4.98933744430542,225.0,0.5788014698773623,2893.7578125,67.03369140625,,data/instances/train/real_06.cip
mix_16_0,23,1247,1247,A,,60.0,100,0.07309241592884064,0.5235484838485718,9.394868850708008,0.5075833333333334,,,,,,,,,,,,,,,,,,,,,14,,224,224,0,1601509292,0,103,0,16,0,0.21010558307170868,1.0,-12.659773826599121,5.588954925537109,225.0,0.5949800312519073,2893.7578125,67.03369140625,,data/instances/train/real_06.cip
mix_16_0,23,1248,1248,A,,60.0,100,0.04489854723215103,0.4483649730682373,3.774219274520874,0.5075833333333334,,,,,,,,,,,,,,,,,,,,,16,,224,224,0,1601509292,0,103,0,16,0,0.16998596489429474,1.0,-13.984109878540039,4.7743659019470215,225.0,0.609487995505333,2893.7578125,67.03369140625,,data/instances/train/real_06.cip
mix_16_0,23,1249,1249,A,,60.0,100,0.020797844976186752,0.2550293803215027,1.6194677352905273,0.506,,,,,,,,,,,,,,,,,,,,,16,,224,224,0,1600342352,0,104,0,16,0,0.16279296576976776,1.0,-14.590532302856445,5.06130313873291,18.0,0.529478631913662,2893.7578125,67.03369140625,,data/instances/train/real_06.cip
mix_16_0,23,1250,1250,A,,60.0,100,0.02826034277677536,0.2892746329307556,3.712212562561035,0.506,,,,,,,,,,,,,,,,,,,,,16,,224,224,0,1600342352,0,104,0,16,0,0.16975541412830353,1.0,-15.727745056152344,3.359511375427246,18.0,0.5797970127314329,2893.7578125,67.03369140625,,data/instances/train/real_06.cip
mix_16_0,23,1251,1251,A,,60.0,100,0.09593051671981812,0.6760241985321045,7.7631001472473145,0.506,,,,,,,,,,,,,,,,,,,,,16,,224,224,0,1600342352,0,104,0,16,0,0.2076229602098465,1.0,-14.871393203735352,4.654870510101318,18.0,0.601740051060915,2893.7578125,67.03369140625,,data/instances/train/real_06.cip
mix_16_0,23,1252,1252,A,,60.0,100,0.09152887761592865,0.6249277591705322,4.350289344787598,0.506,,,,,,,,,,,,,,,,,,,,,16,,224,224,0,1600342352,0,104,0,16,0,0.22345468401908875,1.0,-10.979755401611328,4.489799499511719,18.0,0.6018024850636721,2893.7578125,67.03369140625,,data/instances/train/real_06.cip
mix_16_0,23,1253,1253,A,,60.0,100,0.07267406582832336,0.7122230529785156,2.390925884246826,0.5044166666666667,,,,,,,,,,,,,,,,,,,,,16,,224,224,0,1599476672,0,105,0,16,0,0.15029804408550262,1.0,-13.835515975952148,4.309186935424805,107.0,0.508086621761322,2893.7578125,67.03369140625,,data/instances/train/real_06.cip
mix_16_0,23,1254,1254,A,,60.0,100,0.05052785575389862,0.5320786833763123,5.621448993682861,0.5044166666666667,,,,,,,,,,,,,,,,,,,,,16,,224,224,0,1599476672,0,105,0,16,0,0.17542587220668793,1.0,-16.233509063720703,3.3829727172851562,107.0,0.5933584216982126,2893.7578125,67.03369140625,,data/instances/train/real_06.cip
mix_16_0,23,1255,1255,A,,60.0,100,0.17731958627700806,0.6634446978569031,26.558149337768555,0.5044166666666667,,,,,,,,,,,,,,,,,,,,,16,,224,224,0,1599476672,0,105,0,16,0,0.38361793756484985,1.0,-16.828495025634766,3.2270760536193848,107.0,0.5698376875370741,2893.7578125,67.03369140625,,data/instances/train/real_06.cip
mix_16_0,23,1256,1256,A,,60.0,100,0.0711899846792221,0.41817808151245117,1.6834944486618042,0.5044166666666667,,,,,,,,,,,,,,,,,,,,,16,,224,224,0,1599476672,0,105,0,16,0,0.34893089532852173,1.0,-14.784074783325195,3.7630603313446045,107.0,0.6186943594366312,2893.7578125,67.03369140625,,data/instances/train/real_06.cip
mix_16_0,23,1257,1257,A,,60.0,100,0.08550626039505005,0.5239978432655334,3.034308433532715,0.5028333333333334,,,,,,,,,,,,,,,,,,,,,15,,224,224,0,1598758016,0,106,0,16,0,0.18245485424995422,1.0,-13.310821533203125,4.326322078704834,174.0,0.4988971520215273,2893.7578125,67.03369140625,,data/instances/train/real_06.cip
mix_16_0,23,1258,1258,A,,60.0,100,0.1250801831483841,0.5983649492263794,8.693864822387695,0.5028333333333334,,,,,,,,,,,,,,,,,,,,,15,,224,224,0,1598758016,0,106,0,16,0,0.31619641184806824,1.0,-13.115652084350586,5.547928810119629,174.0,0.5875244475901127,2893.7578125,67.03369140625,,data/instances/train/real_06.cip
mix_16_0,23,1259,1259,A,,60.0,100,0.10927285254001617,0.5200008153915405,10.047554969787598,0.5028333333333334,,,,,,,,,,,,,,,,,,,,,15,,224,224,0,1598758016,0,106,0,16,0,0.3334134817123413,1.0,-14.924468040466309,4.714479923248291,174.0,0.6036897283047438,2893.7578125,67.03369140625,,data/instances/train/real_06.cip
mix_16_0,23,1260,1260,A,,60.0,100,0.024639643728733063,0.4329369068145752,2.9235262870788574,0.5028333333333334,,,,,,,,,,,,,,,,,,,,,15,,224,224,0,1598758016,0,106,0,16,0,0.07510501891374588,1.0,-16.58438491821289,4.685983657836914,174.0,0.6003416739404202,2893.7578125,67.03369140625,,data/instances/train/real_06.cip
mix_16_0,23,1261,1261,A,,60.0,100,0.07190125435590744,0.5098763108253479,9.980177879333496,0.50125,,,,,,,,,,,,,,,,,,,,,16,,224,224,0,1597864204,0,107,0,16,0,0.1783829778432846,1.0,-12.672584533691406,5.032129287719727,1.0,0.5227568559348583,2893.7578125,67.03369140625,,data/instances/train/real_06.cip
mix_16_0,23,1262,1262,A,,60.0,100,0.05968634784221649,0.3838546872138977,11.153176307678223,0.50125,,,,,,,,,,,,,,,,,,,,,16,,224,224,0,1597864204,0,107,0,16,0,0.3451904356479645,1.0,-15.433755874633789,4.354366779327393,1.0,0.5877755507826805,2893.7578125,67.03369140625,,data/instances/train/real_06.cip
mix_16_0,23,1263,1263,A,,60.0,100,0.044886961579322815,0.358401358127594,2.3778858184814453,0.50125,,,,,,,,,,,,,,,,,,,,,15,,224,224,0,1597864204,0,107,0,16,0,0.2413143813610077,1.0,-14.341312408447266,4.5257439613342285,1.0,0.600931903347373,2893.78125,67.03369140625,,data/instances/train/real_06.cip
mix_16_0,23,1264,1264,A,,60.0,100,0.049625933170318604,0.40889784693717957,7.872617244720459,0.50125,,,,,,,,,,,,,,,,,,,,,16,,224,224,0,1597864204,0,107,0,16,0,0.28703293204307556,1.0,-15.105302810668945,3.9986608028411865,1.0,0.6142413336783648,2893.78125,67.03369140625,,data/instances/train/real_06.cip
mix_16_0,23,1265,1265,A,,60.0,100,0.07717151939868927,0.46911394596099854,10.856230735778809,0.4996666666666667,,,,,,,,,,,,,,,,,,,,,16,,224,224,0,1596911040,0,108,0,16,0,0.3109162449836731,1.0,-12.8727445602417,3.7079904079437256,1.0,0.5162636302411556,2893.78125,67.03369140625,,data/instances/train/real_06.cip
mix_16_0,23,1266,1266,A,,60.0,100,0.06272845715284348,0.4044753909111023,8.12502384185791,0.4996666666666667,,,,,,,,,,,,,,,,,,,,,16,,224,224,0,1596911040,0,108,0,16,0,0.23997975885868073,1.0,-14.502190589904785,1.8622428178787231,1.0,0.5839368477463722,2893.78125,67.03369140625,,data/instances/train/real_06.cip
mix_16_0,23,1267,1267,A,,60.0,100,0.06397714465856552,0.4808604121208191,3.9768640995025635,0.4996666666666667,,,,,,,,,,,,,,,,,,,,,16,,224,224,0,1596911040,0,108,0,16,0,0.25384774804115295,1.0,-17.626569747924805,2.6297051906585693,1.0,0.6064236834645271,2893.78125,67.03369140625,,data/instances/train/real_06.cip
mix_16_0,23,1268,1268,A,,60.0,100,0.057449519634246826,0.470991313457489,4.191500663757324,0.4996666666666667,,,,,,,,,,,,,,,,,,,,,16,,224,224,0,1596911040,0,108,0,16,0,0.24036267399787903,1.0,-14.286019325256348,5.739068508148193,1.0,0.6117523945868015,2893.78125,67.03369140625,,data/instances/train/real_06.cip
mix_16_0,23,1269,1269,A,,60.0,100,0.05110553652048111,0.48651784658432007,4.3054914474487305,0.4980833333333333,,,,,,,,,,,,,,,,,,,,,15,,224,224,0,1595950732,0,109,0,16,0,0.20124617218971252,1.0,-12.848478317260742,6.096556186676025,125.0,0.5050884671509266,2893.78125,67.03369140625,,data/instances/train/real_06.cip
mix_16_0,23,1270,1270,A,,60.0,100,0.018869571387767792,0.37839582562446594,1.5805968046188354,0.4980833333333333,,,,,,,,,,,,,,,,,,,,,16,,224,224,0,1595950732,0,109,0,16,0,0.09383494406938553,1.0,-15.37264633178711,4.146461486816406,125.0,0.5956983584910631,2893.78125,67.03369140625,,data/instances/train/real_06.cip
mix_16_0,23,1271,1271,A,,60.0,100,0.05338564142584801,0.3793673813343048,5.295623302459717,0.4980833333333333,,,,,,,,,,,,,,,,,,,,,16,,224,224,0,1595950732,0,109,0,16,0,0.3142952024936676,1.0,-14.080413818359375,3.3717148303985596,125.0,0.6042853035032749,2893.78125,67.03369140625,,data/instances/train/real_06.cip
mix_16_0,23,1272,1272,A,,60.0,100,0.03873365372419357,0.4178764224052429,2.490727663040161,0.4980833333333333,,,,,,,,,,,,,,,,,,,,,16,,224,224,0,1595950732,0,109,0,16,0,0.2057490199804306,1.0,-15.430963516235352,3.2472574710845947,125.0,0.6033918038010597,2893.78125,67.03369140625,,data/instances/train/real_06.cip
mix_16_0,23,1273,1273,A,,60.0,100,0.07328370213508606,0.46735280752182007,1.3112244606018066,0.49650000000000005,,,,,,,,,,,,,,,,,,,,,16,,224,224,0,1594624688,0,110,0,16,0,0.2831033766269684,1.0,-14.650440216064453,4.044410228729248,127.0,0.5178262498229742,2893.796875,67.03369140625,,data/instances/train/real_06.cip
mix_16_0,23,1274,1274,A,,60.0,100,0.015529274009168148,0.26608219742774963,5.006715774536133,0.49650000000000005,,,,,,,,,,,,,,,,,,,,,16,,224,224,0,1594624688,0,110,0,16,0,0.15643519163131714,1.0,-14.29382610321045,4.075664043426514,127.0,0.5862650908529758,2893.796875,67.03369140625,,data/instances/train/real_06.cip
mix_16_0,23,1275,1275,A,,60.0,100,0.02313634380698204,0.4874400496482849,3.6762609481811523,0.49650000000000005,,,,,,,,,,,,,,,,,,,,,16,,224,224,0,1594624688,0,110,0,16,0,0.07871923595666885,1.0,-15.538780212402344,2.923764705657959,127.0,0.60595278814435,2893.796875,67.03369140625,,data/instances/train/real_06.cip
mix_16_0,23,1276,1276,A,,60.0,100,0.056072499603033066,0.45137232542037964,3.7774932384490967,0.49650000000000005,,,,,,,,,,,,,,,,,,,,,16,,224,224,0,1594624688,0,110,0,16,0,0.21241143345832825,1.0,-13.357000350952148,3.8140158653259277,127.0,0.6032339818775654,2893.796875,67.03369140625,,data/instances/train/real_06.cip
mix_16_0,23,1277,1277,A,,60.0,100,0.026495222002267838,0.3536122441291809,3.4127111434936523,0.4949166666666668,,,,,,,,,,,,,,,,,,,,,16,,224,224,0,1593233120,0,111,0,16,0,0.1741398721933365,1.0,-16.206188201904297,2.923768997192383,97.0,0.5078447591513395,2893.796875,67.03369140625,,data/instances/train/real_06.cip
mix_16_0,23,1278,1278,A,,60.0,100,0.054163623601198196,0.4583757221698761,1.8668609857559204,0.4949166666666668,,,,,,,,,,,,,,,,,,,,,16,,224,224,0,1593233120,0,111,0,16,0,0.16013070940971375,1.0,-12.923992156982422,3.4254870414733887,97.0,0.5839608814567327,2893.796875,67.03369140625,,data/instances/train/real_06.cip
mix_16_0,23,1279,1279,A,,60.0,100,0.03996399790048599,0.5332916975021362,2.354757308959961,0.4949166666666668,,,,,,,,,,,,,,,,,,,,,16,,224,224,0,1593233120,0,111,0,16,0,0.11630291491746902,1.0,-14.507664680480957,4.506232738494873,97.0,0.6109798029065132,2893.796875,67.03369140625,,data/instances/train/real_06.cip
mix_16_0,23,1280,1280,A,,60.0,100,0.060202449560165405,0.4692518711090088,1.8659976720809937,0.4949166666666668,,,,,,,,,,,,,,,,,,,,,16,,224,224,0,1593233120,0,111,0,16,0,0.24016258120536804,1.0,-13.203807830810547,4.437452793121338,97.0,0.6152657195925713,2893.796875,67.03369140625,,data/instances/train/real_06.cip
episode,23,1280,1280,A,,60.0,100,0.060202449560165405,0.4692518711090088,1.8659976720809937,0.4933333333333334,-19.135999999999996,-19.0,-0.136,-19.135999999999996,True,20,62.92673,,,,,,,,inf,1e+20,120.0,inf,0.0,9012,16,True,224,224,0,1589217244,0,113,0,16,0,,,,,75.78947368421052,,2893.796875,67.03369140625,timelimit,data/instances/train/real_06.cip
validation,24,1280,1280,A,,,,,,,,,,,,,,,1.0,9.190336,inf,0.0,9.190336,1.0,8436.0,,,,,,,,,224,224,0,1589217244,0,113,0,,,,,,,,,,,optimal,data/instances/validation/real_08.cip
mix_16_0,24,1281,1281,A,,60.0,100,0.008465053513646126,0.3005620837211609,0.583392858505249,0.4933333333333334,,,,,,,,,,,,,,,,,,,,,16,,224,224,0,1589217244,0,113,0,16,0,0.08990325033664703,1.0,-15.188179016113281,3.0342845916748047,189.0,0.5509801637381315,2893.90234375,67.03369140625,,data/instances/train/real_07.cip
mix_16_0,24,1282,1282,A,,60.0,100,0.0451895073056221,0.46731334924697876,6.121671676635742,0.4933333333333334,,,,,,,,,,,,,,,,,,,,,16,,224,224,0,1589217244,0,113,0,16,0,0.18279169499874115,1.0,-14.468835830688477,3.7059926986694336,189.0,0.5906089842319489,2893.90234375,67.03369140625,,data/instances/train/real_07.cip
mix_16_0,24,1283,1283,A,,60.0,100,0.01580851525068283,0.42769765853881836,1.0481284856796265,0.4933333333333334,,,,,,,,,,,,,,,,,,,,,16,,224,224,0,1589217244,0,113,0,16,0,0.07251298427581787,1.0,-14.220566749572754,4.59326171875,189.0,0.6122021023184061,2893.91015625,67.03369140625,,data/instances/train/real_07.cip
mix_16_0,24,1284,1284,A,,60.0,100,0.049955062568187714,0.4634498953819275,4.851295471191406,0.4933333333333334,,,,,,,,,,,,,,,,,,,,,16,,224,224,0,1589217244,0,113,0,16,0,0.1791435331106186,1.0,-14.198709487915039,4.831748008728027,189.0,0.6193640641868114,2893.91015625,67.03369140625,,data/instances/train/real_07.cip
mix_16_0,24,1285,1285,A,,60.0,100,0.02032468467950821,0.3661375939846039,0.3685585856437683,0.49175,,,,,,,,,,,,,,,,,,,,,16,,224,224,0,1589217244,0,113,0,16,0,0.1137913167476654,1.0,-13.429560661315918,3.622756242752075,219.0,0.5110938623547554,2893.91015625,67.03369140625,,data/instances/train/real_07.cip
mix_16_0,24,1286,1286,A,,60.0,100,0.03633279353380203,0.3097471594810486,3.4886860847473145,0.49175,,,,,,,,,,,,,,,,,,,,,16,,224,224,0,1589217244,0,113,0,16,0,0.4458785355091095,1.0,-15.360453605651855,4.251100540161133,219.0,0.5894155204296112,2893.91015625,67.03369140625,,data/instances/train/real_07.cip
mix_16_0,24,1287,1287,A,,60.0,100,0.04200306534767151,0.6284977197647095,1.7552149295806885,0.49175,,,,,,,,,,,,,,,,,,,,,15,,224,224,0,1589217244,0,113,0,16,0,0.09790067374706268,1.0,-13.753442764282227,5.7892374992370605,219.0,0.5961435418576002,2893.91796875,67.03369140625,,data/instances/train/real_07.cip
mix_16_0,24,1288,1288,A,,60.0,100,0.08295071870088577,0.5195667743682861,4.427885055541992,0.49175,,,,,,,,,,,,,,,,,,,,,16,,224,224,0,1589217244,0,113,0,16,0,0.27390292286872864,1.0,-13.922185897827148,4.036898612976074,219.0,0.6164450887590647,2893.91796875,67.03369140625,,data/instances/train/real_07.cip
mix_16_0,24,1289,1289,A,,60.0,100,0.06071415916085243,0.5106816291809082,10.523813247680664,0.49016666666666675,,,,,,,,,,,,,,,,,,,,,16,,224,224,0,1590843064,0,114,0,16,0,0.1340153068304062,1.0,-13.85535717010498,3.813279628753662,1.0,0.524058036506176,2893.91796875,67.03369140625,,data/instances/train/real_07.cip
mix_16_0,24,1290,1290,A,,60.0,100,0.03169567137956619,0.5033933520317078,2.3635289669036865,0.49016666666666675,,,,,,,,,,,,,,,,,,,,,16,,224,224,0,1590843064,0,114,0,16,0,0.1243802160024643,1.0,-16.17744255065918,3.8468103408813477,1.0,0.5931409876793623,2893.91796875,67.03369140625,,data/instances/train/real_07.cip
mix_16_0,24,1291,1291,A,,60.0,100,0.0652882307767868,0.40828394889831543,7.689535140991211,0.49016666666666675,,,,,,,,,,,,,,,,,,,,,16,,224,224,0,1590843064,0,114,0,16,0,0.3458147644996643,1.0,-15.838756561279297,4.124948024749756,1.0,0.6110680848360062,2893.91796875,67.03369140625,,data/instances/train/real_07.cip
mix_16_0,24,1292,1292,A,,60.0,100,0.07138866186141968,0.4835857152938843,9.079121589660645,0.49016666666666675,,,,,,,,,,,,,,,,,,,,,16,,224,224,0,1590843064,0,114,0,16,0,0.2721374034881592,1.0,-13.367785453796387,2.7378997802734375,1.0,0.6081019695848227,2893.91796875,67.03369140625,,data/instances/train/real_07.cip
mix_16_0,24,1293,1293,A,,60.0,100,0.08896815031766891,0.4333646297454834,16.577957153320312,0.48858333333333337,,,,,,,,,,,,,,,,,,,,,16,,224,224,0,1592426848,0,115,0,16,0,0.385631799697876,1.0,-14.93426513671875,4.266080856323242,151.0,0.53086450509727,2893.91796875,67.03369140625,,data/instances/train/real_07.cip
mix_16_0,24,1294,1294,A,,60.0,100,0.06781396269798279,0.48850229382514954,7.499205112457275,0.48858333333333337,,,,,,,,,,,,,,,,,,,,,15,,224,224,0,1592426848,0,115,0,16,0,0.25143906474113464,1.0,-14.625471115112305,5.4108052253723145,151.0,0.5835282895714045,2893.921875,67.03369140625,,data/instances/train/real_07.cip
mix_16_0,24,1295,1295,A,,60.0,100,0.07384534180164337,0.4503951668739319,8.066802024841309,0.48858333333333337,,,,,,,,,,,,,,,,,,,,,16,,224,224,0,1592426848,0,115,0,16,0,0.23519223928451538,1.0,-15.919588088989258,3.358501672744751,151.0,0.6056753434240818,2893.921875,67.03369140625,,data/instances/train/real_07.cip
mix_16_0,24,1296,1296,A,,60.0,100,0.035096485167741776,0.6601362824440002,5.5637054443359375,0.48858333333333337,,,,,,,,,,,,,,,,,,,,,14,,224,224,0,1592426848,0,115,0,16,0,0.07823970913887024,1.0,-14.003337860107422,5.578887939453125,151.0,0.6045088972896338,2893.921875,67.03369140625,,data/instances/train/real_07.cip
mix_16_0,24,1297,1297,A,,60.0,100,0.08966168761253357,0.4927232563495636,14.978278160095215,0.487,,,,,,,,,,,,,,,,,,,,,16,,224,224,0,1593922092,0,116,0,16,0,0.29170578718185425,1.0,-15.981263160705566,4.170607089996338,1.0,0.4151455294340849,2893.921875,67.03369140625,,data/instances/train/real_07.cip
mix_16_0,24,1298,1298,A,,60.0,100,0.02312232367694378,0.3824983537197113,3.565945625305176,0.487,,,,,,,,,,,,,,,,,,,,,14,,224,224,0,1593922092,0,116,0,16,0,0.05153271183371544,1.0,-13.957817077636719,7.344547271728516,1.0,0.517007801681757,2893.921875,67.03369140625,,data/instances/train/real_07.cip
mix_16_0,24,1299,1299,A,,60.0,100,0.04163668677210808,0.4488300085067749,2.008629322052002,0.487,,,,,,,,,,,,,,,,,,,,,16,,224,224,0,1593922092,0,116,0,16,0,0.12110263854265213,1.0,-17.00297737121582,3.718986988067627,1.0,0.34906879626214504,2893.921875,67.03369140625,,data/instances/train/real_07.cip
mix_16_0,24,1300,1300,A,,60.0,100,0.060729414224624634,0.4305899739265442,11.52405834197998,0.487,,,,,,,,,,,,,,,,,,,,,16,,224,224,0,1593922092,0,116,0,16,0,0.22665470838546753,1.0,-12.787948608398438,3.4280333518981934,1.0,0.3134118039160967,2893.921875,67.03369140625,,data/instances/train/real_07.cip
mix_16_0,24,1301,1301,A,,60.0,100,0.05204211175441742,0.5381260514259338,5.450128555297852,0.4854166666666667,,,,,,,,,,,,,,,,,,,,,15,,224,224,0,1595475688,0,117,0,16,0,0.15886574983596802,1.0,-13.571660995483398,4.367349624633789,1.0,0.3008916974067688,2893.921875,67.03369140625,,data/instances/train/real_07.cip
mix_16_0,24,1302,1302,A,,60.0,100,0.029940186068415642,0.31861621141433716,3.1295695304870605,0.4854166666666667,,,,,,,,,,,,,,,,,,,,,15,,224,224,0,1595475688,0,117,0,16,0,0.23887798190116882,1.0,-15.018535614013672,6.101147174835205,1.0,0.3401155173778534,2893.921875,67.03369140625,,data/instances/train/real_07.cip
mix_16_0,24,1303,1303,A,,60.0,100,0.021441198885440826,0.28796008229255676,1.0011695623397827,0.4854166666666667,,,,,,,,,,,,,,,,,,,,,16,,224,224,0,1595475688,0,117,0,16,0,0.1780778467655182,1.0,-14.205080032348633,4.245174407958984,1.0,0.35007076151669025,2893.921875,67.03369140625,,data/instances/train/real_07.cip
mix_16_0,24,1304,1304,A,,60.0,100,0.04010233283042908,0.46823930740356445,5.652072906494141,0.4854166666666667,,,,,,,,,,,,,,,,,,,,,15,,224,224,0,1595475688,0,117,0,16,0,0.1577429324388504,1.0,-15.569960594177246,6.1348466873168945,1.0,0.4162188693881035,2893.921875,67.03369140625,,data/instances/train/real_07.cip
mix_16_0,24,1305,1305,A,,60.0,100,0.05659529194235802,0.48233357071876526,6.925842761993408,0.48383333333333334,,,,,,,,,,,,,,,,,,,,,13,,224,224,0,1596982808,0,118,0,16,0,0.13286036252975464,1.0,-12.408590316772461,6.7576704025268555,165.0,0.4173357617110014,2893.921875,67.03369140625,,data/instances/train/real_07.cip
mix_16_0,24,1306,1306,A,,60.0,100,0.055095888674259186,0.42072659730911255,1.9974874258041382,0.48383333333333334,,,,,,,,,,,,,,,,,,,,,15,,224,224,0,1596982808,0,118,0,16,0,0.24721859395503998,1.0,-15.179133415222168,5.2012224197387695,165.0,0.565613329410553,2893.921875,67.03369140625,,data/instances/train/real_07.cip
mix_16_0,24,1307,1307,A,,60.0,100,0.025610879063606262,0.26984184980392456,3.600773811340332,0.48383333333333334,,,,,,,,,,,,,,,,,,,,,16,,224,224,0,1596982808,0,118,0,16,0,0.20623444020748138,1.0,-16.828279495239258,3.379910707473755,165.0,0.607674602419138,2893.921875,67.03369140625,,data/instances/train/real_07.cip
mix_16_0,24,1308,1308,A,,60.0,100,0.12406165897846222,0.5958638191223145,10.240561485290527,0.48383333333333334,,,,,,,,,,,,,,,,,,,,,16,,224,224,0,1596982808,0,118,0,16,0,0.3410618007183075,1.0,-14.414726257324219,3.773881196975708,165.0,0.595277227461338,2893.921875,67.03369140625,,data/instances/train/real_07.cip
mix_16_0,24,1309,1309,A,,60.0,100,0.030687743797898293,0.5495991706848145,1.3620212078094482,0.48224999999999996,,,,,,,,,,,,,,,,,,,,,16,,224,224,0,1598410440,0,119,0,16,0,0.08565816283226013,1.0,-14.093210220336914,4.284244537353516,1.0,0.5356225874274969,2893.921875,67.03369140625,,data/instances/train/real_07.cip
mix_16_0,24,1310,1310,A,,60.0,100,0.018008463084697723,0.4074100852012634,0.8251745104789734,0.48224999999999996,,,,,,,,,,,,,,,,,,,,,15,,224,224,0,1598410440,0,119,0,16,0,0.09282388538122177,1.0,-14.767969131469727,5.427511215209961,1.0,0.5903244726359844,2893.921875,67.03369140625,,data/instances/train/real_07.cip
mix_16_0,24,1311,1311,A,,60.0,100,0.05385461449623108,0.48550084233283997,10.995573043823242,0.48224999999999996,,,,,,,,,,,,,,,,,,,,,16,,224,224,0,1598410440,0,119,0,16,0,0.2408895045518875,1.0,-14.486347198486328,3.025174617767334,1.0,0.6482885777950287,2893.921875,67.03369140625,,data/instances/train/real_07.cip
mix_16_0,24,1312,1312,A,,60.0,100,0.016181711107492447,0.2766394019126892,4.570066452026367,0.48224999999999996,,,,,,,,,,,,,,,,,,,,,16,,224,224,0,1598410440,0,119,0,16,0,0.13923582434654236,1.0,-16.360549926757812,4.515460968017578,1.0,0.4883694276213646,2893.9453125,67.03369140625,,data/instances/train/real_07.cip
mix_16_0,24,1313,1313,A,,60.0,100,0.09680875390768051,0.5089982151985168,3.0950300693511963,0.4806666666666667,,,,,,,,,,,,,,,,,,,,,16,,224,224,0,1599939532,0,120,0,16,0,0.3258540630340576,1.0,-13.733202934265137,4.229856491088867,95.0,0.4216887541115284,2893.9453125,67.03369140625,,data/instances/train/real_07.cip
mix_16_0,24,1314,1314,A,,60.0,100,0.06560914218425751,0.9096713662147522,8.275153160095215,0.4806666666666667,,,,,,,,,,,,,,,,,,,,,16,,224,224,0,1599939532,0,120,0,16,0,0.07110805064439774,1.0,-13.632463455200195,4.3581037521362305,95.0,0.4295712038874626,2893.9453125,67.03369140625,,data/instances/train/real_07.cip
mix_16_0,24,1315,1315,A,,60.0,100,0.15154920518398285,0.742055356502533,9.849466323852539,0.4806666666666667,,,,,,,,,,,,,,,,,,,,,15,,224,224,0,1599939532,0,120,0,16,0,0.28549501299858093,1.0,-12.769174575805664,5.992867469787598,95.0,0.5713672488927841,2893.9453125,67.03369140625,,data/instances/train/real_07.cip
mix_16_0,24,1316,1316,A,,60.0,100,0.06922110170125961,0.6280539035797119,9.501587867736816,0.4806666666666667,,,,,,,,,,,,,,,,,,,,,16,,224,224,0,1599939532,0,120,0,16,0,0.17810890078544617,1.0,-12.353839874267578,4.912132740020752,95.0,0.60428636521101,2893.9453125,67.03369140625,,data/instances/train/real_07.cip
mix_16_0,24,1317,1317,A,,60.0,100,0.07420848309993744,0.44489192962646484,7.2120361328125,0.4790833333333333,,,,,,,,,,,,,,,,,,,,,16,,224,224,0,1601491768,0,121,0,16,0,0.33231785893440247,1.0,-14.784748077392578,3.659883737564087,70.0,0.5076739080250263,2893.9453125,67.03369140625,,data/instances/train/real_07.cip
mix_16_0,24,1318,1318,A,,60.0,100,0.06912490725517273,0.49090269207954407,10.553045272827148,0.4790833333333333,,,,,,,,,,,,,,,,,,,,,16,,224,224,0,1601491768,0,121,0,16,0,0.2490534633398056,1.0,-14.860591888427734,4.8048624992370605,70.0,0.5863889493048191,2893.9453125,67.03369140625,,data/instances/train/real_07.cip
mix_16_0,24,1319,1319,A,,60.0,100,0.0985187292098999,0.5619828701019287,14.250139236450195,0.4790833333333333,,,,,,,,,,,,,,,,,,,,,16,,224,224,0,1601491768,0,121,0,16,0,0.2874717116355896,1.0,-13.544418334960938,3.405442476272583,70.0,0.6083410680294037,2893.9453125,67.03369140625,,data/instances/train/real_07.cip
mix_16_0,24,1320,1320,A,,60.0,100,0.04429672658443451,0.4709233045578003,4.569243431091309,0.4790833333333333,,,,,,,,,,,,,,,,,,,,,15,,224,224,0,1601491768,0,121,0,16,0,0.14126643538475037,1.0,-12.473281860351562,6.147302150726318,70.0,0.5916135404258966,2893.9453125,67.03369140625,,data/instances/train/real_07.cip
mix_16_0,24,1321,1321,A,,60.0,100,0.05974992364645004,0.4314117729663849,8.51624584197998,0.47750000000000004,,,,,,,,,,,,,,,,,,,,,16,,224,224,0,1602852428,0,122,0,16,0,0.20911625027656555,1.0,-11.917350769042969,5.036217212677002,1.0,0.4681801460683346,2893.9453125,67.03369140625,,data/instances/train/real_07.cip
mix_16_0,24,1322,1322,A,,60.0,100,0.029878811910748482,0.3347722589969635,6.181642532348633,0.47750000000000004,,,,,,,,,,,,,,,,,,,,,16,,224,224,0,1602852428,0,122,0,16,0,0.21284842491149902,1.0,-15.994998931884766,3.722721576690674,1.0,0.5877914521843195,2893.9453125,67.03369140625,,data/instances/train/real_07.cip
mix_16_0,24,1323,1323,A,,60.0,100,0.043662138283252716,0.4762991666793823,4.271268844604492,0.47750000000000004,,,,,,,,,,,,,,,,,,,,,16,,224,224,0,1602852428,0,122,0,16,0,0.1377711296081543,1.0,-14.00592041015625,4.139231204986572,1.0,0.6115281749516726,2893.9453125,67.03369140625,,data/instances/train/real_07.cip
mix_16_0,24,1324,1324,A,,60.0,100,0.05052078515291214,0.32690536975860596,13.00330924987793,0.47750000000000004,,,,,,,,,,,,,,,,,,,,,16,,224,224,0,1602852428,0,122,0,16,0,0.23043695092201233,1.0,-17.11648178100586,3.1331517696380615,1.0,0.6150935478508472,2893.9453125,67.03369140625,,data/instances/train/real_07.cip
mix_16_0,24,1325,1325,A,,60.0,100,0.06508596241474152,0.41881829500198364,6.955806732177734,0.47591666666666677,,,,,,,,,,,,,,,,,,,,,16,,224,224,0,1604312052,0,123,0,16,0,0.24241343140602112,1.0,-16.170270919799805,4.984627723693848,1.0,0.5270076803863049,2893.9453125,67.03369140625,,data/instances/train/real_07.cip
mix_16_0,24,1326,1326,A,,60.0,100,0.08412960916757584,0.5816619992256165,3.8468387126922607,0.47591666666666677,,,,,,,,,,,,,,,,,,,,,14,,224,224,0,1604312052,0,123,0,16,0,0.26079607009887695,1.0,-14.311239242553711,6.722621917724609,1.0,0.5815149825066328,2893.9453125,67.03369140625,,data/instances/train/real_07.cip
mix_16_0,24,1327,1327,A,,60.0,100,0.017184196040034294,0.2918238043785095,4.174384593963623,0.47591666666666677,,,,,,,,,,,,,,,,,,,,,16,,224,224,0,1604312052,0,123,0,16,0,0.18986345827579498,1.0,-16.29629898071289,4.590716361999512,1.0,0.6128689590841532,2893.9453125,67.03369140625,,data/instances/train/real_07.cip
mix_16_0,24,1328,1328,A,,60.0,100,0.07826472818851471,0.5585260391235352,9.830944061279297,0.47591666666666677,,,,,,,,,,,,,,,,,,,,,15,,224,224,0,1604312052,0,123,0,16,0,0.17400537431240082,1.0,-14.000517845153809,5.47599983215332,1.0,0.6131669711321592,2893.9453125,67.03369140625,,data/instances/train/real_07.cip
mix_16_0,24,1329,1329,A,,60.0,100,0.14924848079681396,0.572769045829773,22.90870475769043,0.4743333333333334,,,,,,,,,,,,,,,,,,,,,15,,224,224,0,1605914212,0,124,0,16,0,0.37197965383529663,1.0,-13.281059265136719,5.612022399902344,1.0,0.516018521040678,2893.9453125,67.03369140625,,data/instances/train/real_07.cip
mix_16_0,24,1330,1330,A,,60.0,100,0.05213867872953415,0.47652697563171387,5.574882507324219,0.4743333333333334,,,,,,,,,,,,,,,,,,,,,15,,224,224,0,1605914212,0,124,0,16,0,0.16881582140922546,1.0,-15.620389938354492,5.700511932373047,1.0,0.5814845785498619,2893.9453125,67.03369140625,,data/instances/train/real_07.cip
mix_16_0,24,1331,1331,A,,60.0,100,0.04456903785467148,0.622338593006134,8.370501518249512,0.4743333333333334,,,,,,,,,,,,,,,,,,,,,15,,224,224,0,1605914212,0,124,0,16,0,0.10328414291143417,1.0,-15.82694149017334,4.835925579071045,1.0,0.6151941232383251,2893.9453125,67.03369140625,,data/instances/train/real_07.cip
mix_16_0,24,1332,1332,A,,60.0,100,0.0477280430495739,0.4699982702732086,8.059347152709961,0.4743333333333334,,,,,,,,,,,,,,,,,,,,,16,,224,224,0,1605914212,0,124,0,16,0,0.1866876631975174,1.0,-15.841968536376953,4.878669261932373,1.0,0.6164328418672085,2893.9453125,67.03369140625,,data/instances/train/real_07.cip
episode,24,1332,1332,A,,60.0,100,0.0477280430495739,0.4699982702732086,8.059347152709961,0.47275,-13.0113,-13.0,-0.0113,-13.0113,True,14,61.750684,,,,,,,,inf,1e+20,120.0,inf,0.0,13211,16,True,224,224,0,1615057236,0,126,0,16,0,,,,,68.92307692307692,,2893.9453125,67.03369140625,timelimit,data/instances/train/real_07.cip
mix_16_0,25,1333,1333,A,,60.0,100,0.030589420348405838,0.2840169370174408,7.085891246795654,0.47275,,,,,,,,,,,,,,,,,,,,,16,,224,224,0,1615057236,0,126,0,16,0,0.1819261610507965,1.0,-15.003612518310547,4.940675735473633,531.0,0.5450055468827486,2893.9609375,67.03369140625,,data/instances/transfer/real_01.cip
mix_16_0,25,1334,1334,A,,60.0,100,0.03512705862522125,0.5361642241477966,3.481509208679199,0.47275,,,,,,,,,,,,,,,,,,,,,16,,224,224,0,1615057236,0,126,0,16,0,0.09341070055961609,1.0,-13.999335289001465,3.9561731815338135,531.0,0.6050123125314713,2893.9609375,67.03369140625,,data/instances/transfer/real_01.cip
mix_16_0,25,1335,1335,A,,60.0,100,0.08902193605899811,0.4421924650669098,21.779987335205078,0.47275,,,,,,,,,,,,,,,,,,,,,15,,224,224,0,1615057236,0,126,0,16,0,0.39347323775291443,1.0,-15.483406066894531,4.928112030029297,531.0,0.6076218765228987,2893.9609375,67.03369140625,,data/instances/transfer/real_01.cip
mix_16_0,25,1336,1336,A,,60.0,100,0.13818073272705078,0.6269317865371704,21.10347557067871,0.47275,,,,,,,,,,,,,,,,,,,,,15,,224,224,0,1615057236,0,126,0,16,0,0.28755882382392883,1.0,-12.484865188598633,5.180786609649658,531.0,0.608143288642168,2893.9609375,67.03369140625,,data/instances/transfer/real_01.cip
mix_16_0,25,1337,1337,A,,60.0,100,0.03653903305530548,0.3973720371723175,6.264002799987793,0.47116666666666673,,,,,,,,,,,,,,,,,,,,,16,,224,224,0,1615057236,0,126,0,16,0,0.12114866822957993,1.0,-15.250411987304688,3.8851747512817383,1.0,0.5119517091661692,2893.9609375,67.03369140625,,data/instances/transfer/real_01.cip
mix_16_0,25,1338,1338,A,,60.0,100,0.09156443178653717,0.5061797499656677,9.063582420349121,0.47116666666666673,,,,,,,,,,,,,,,,,,,,,16,,224,224,0,1615057236,0,126,0,16,0,0.33174148201942444,1.0,-14.31521224975586,5.176988124847412,1.0,0.5996844414621592,2893.9609375,67.03369140625,,data/instances/transfer/real_01.cip
mix_16_0,25,1339,1339,A,,60.0,100,0.08765989542007446,0.521998941898346,16.028587341308594,0.47116666666666673,,,,,,,,,,,,,,,,,,,,,15,,224,224,0,1615057236,0,126,0,16,0,0.1883748173713684,1.0,-15.061500549316406,6.709263324737549,1.0,0.6170717068016529,2893.9609375,67.03369140625,,data/instances/transfer/real_01.cip
mix_16_0,25,1340,1340,A,,60.0,100,0.03661400452256203,0.3739348351955414,3.695352077484131,0.47116666666666673,,,,,,,,,,,,,,,,,,,,,15,,224,224,0,1615057236,0,126,0,16,0,0.18049579858779907,1.0,-15.0885009765625,5.923837661743164,1.0,0.6199616678059101,2893.9609375,67.03369140625,,data/instances/transfer/real_01.cip
mix_16_0,25,1341,1341,A,,60.0,100,0.017897428944706917,0.3259992003440857,0.6803714632987976,0.46958333333333335,,,,,,,,,,,,,,,,,,,,,16,,224,224,0,1621157592,0,127,0,16,0,0.12122496962547302,1.0,-14.249670028686523,5.0619001388549805,159.0,0.5504802670329809,2893.9609375,67.03369140625,,data/instances/transfer/real_01.cip
mix_16_0,25,1342,1342,A,,60.0,100,0.02911055088043213,0.48434874415397644,3.6029531955718994,0.46958333333333335,,,,,,,,,,,,,,,,,,,,,16,,224,224,0,1621157592,0,127,0,16,0,0.11552948504686356,1.0,-13.969354629516602,4.296065330505371,159.0,0.5935427844524384,2893.9609375,67.03369140625,,data/instances/transfer/real_01.cip
mix_16_0,25,1343,1343,A,,60.0,100,0.09625880420207977,0.6244557499885559,11.808505058288574,0.46958333333333335,,,,,,,,,,,,,,,,,,,,,15,,224,224,0,1621157592,0,127,0,16,0,0.1989520788192749,1.0,-14.343029022216797,7.144313812255859,159.0,0.6007027793675661,2893.9609375,67.03369140625,,data/instances/transfer/real_01.cip
mix_16_0,25,1344,1344,A,,60.0,100,0.008287711068987846,0.26544660329818726,1.1395920515060425,0.46958333333333335,,,,,,,,,,,,,,,,,,,,,16,,224,224,0,1621157592,0,127,0,16,0,0.08283393830060959,1.0,-17.44080352783203,3.4991273880004883,159.0,0.6423142403364182,2893.9609375,67.03369140625,,data/instances/transfer/real_01.cip
mix_16_0,25,1345,1345,A,,60.0,100,0.049350805580616,0.3617181181907654,6.834620952606201,0.46799999999999997,,,,,,,,,,,,,,,,,,,,,15,,224,224,0,1627145040,0,128,0,16,0,0.24301348626613617,1.0,-16.04788589477539,5.175171852111816,1.0,0.5107855461537838,2893.9609375,67.03369140625,,data/instances/transfer/real_01.cip
mix_16_0,25,1346,1346,A,,60.0,100,0.08034583926200867,0.5271164178848267,9.059486389160156,0.46799999999999997,,,,,,,,,,,,,,,,,,,,,14,,224,224,0,1627145040,0,128,0,16,0,0.18346448242664337,1.0,-14.853282928466797,6.6006059646606445,1.0,0.5954122878611088,2893.9609375,67.03369140625,,data/instances/transfer/real_01.cip
mix_16_0,25,1347,1347,A,,60.0,100,0.0550219789147377,0.4701363444328308,8.172555923461914,0.46799999999999997,,,,,,,,,,,,,,,,,,,,,16,,224,224,0,1627145040,0,128,0,16,0,0.20005828142166138,1.0,-14.979022026062012,3.8799197673797607,1.0,0.6138791237026453,2893.9609375,67.03369140625,,data/instances/transfer/real_01.cip
mix_16_0,25,1348,1348,A,,60.0,100,0.04537968710064888,0.39683717489242554,2.046900510787964,0.46799999999999997,,,,,,,,,,,,,,,,,,,,,15,,224,224,0,1627145040,0,128,0,16,0,0.1961745321750641,1.0,-15.136905670166016,5.827859401702881,1.0,0.609592018648982,2893.9609375,67.03369140625,,data/instances/transfer/real_01.cip
mix_16_0,25,1349,1349,A,,60.0,100,0.048263248056173325,0.528077244758606,5.216229438781738,0.4664166666666667,,,,,,,,,,,,,,,,,,,,,16,,224,224,0,1633103280,0,129,0,16,0,0.147188201546669,1.0,-15.889175415039062,4.901514530181885,285.0,0.5420882236212492,2896.6875,67.03369140625,,data/instances/transfer/real_01.cip
mix_16_0,25,1350,1350,A,,60.0,100,0.07433569431304932,0.505934476852417,13.272130966186523,0.4664166666666667,,,,,,,,,,,,,,,,,,,,,16,,224,224,0,1633103280,0,129,0,16,0,0.27686983346939087,1.0,-13.814010620117188,4.641547203063965,285.0,0.5871498584747314,2896.6875,67.03369140625,,data/instances/transfer/real_01.cip
mix_16_0,25,1351,1351,A,,60.0,100,0.022289978340268135,0.3364279866218567,2.0641181468963623,0.4664166666666667,,,,,,,,,,,,,,,,,,,,,15,,224,224,0,1633103280,0,129,0,16,0,0.1218496635556221,1.0,-14.75973892211914,4.953047752380371,285.0,0.5961688309907913,2896.6875,67.03369140625,,data/instances/transfer/real_01.cip
mix_16_0,25,1352,1352,A,,60.0,100,0.04233000427484512,0.41565024852752686,5.127272605895996,0.4664166666666667,,,,,,,,,,,,,,,,,,,,,15,,224,224,0,1633103280,0,129,0,16,0,0.1973949819803238,1.0,-15.269475936889648,5.53823184967041,285.0,0.6110667493194342,2896.6875,67.03369140625,,data/instances/transfer/real_01.cip
mix_16_0,25,1353,1353,A,,60.0,100,0.04654497653245926,0.33289477229118347,7.133983612060547,0.4648333333333333,,,,,,,,,,,,,,,,,,,,,16,,224,224,0,1639206112,0,130,0,16,0,0.2955544888973236,1.0,-14.847160339355469,3.5749635696411133,1.0,0.5301571600139141,2900.92578125,67.03369140625,,data/instances/transfer/real_01.cip
mix_16_0,25,1354,1354,A,,60.0,100,0.052480220794677734,0.5747517347335815,2.2656302452087402,0.4648333333333333,,,,,,,,,,,,,,,,,,,,,15,,224,224,0,1639206112,0,130,0,16,0,0.15557555854320526,1.0,-14.929468154907227,5.569178104400635,1.0,0.5822854470461607,2900.92578125,67.03369140625,,data/instances/transfer/real_01.cip
mix_16_0,25,1355,1355,A,,60.0,100,0.05341864749789238,0.45944684743881226,8.756735801696777,0.4648333333333333,,,,,,,,,,,,,,,,,,,,,16,,224,224,0,1639206112,0,130,0,16,0,0.2465382069349289,1.0,-13.64781379699707,4.734216690063477,1.0,0.6057022009044886,2900.92578125,67.03369140625,,data/instances/transfer/real_01.cip
mix_16_0,25,1356,1356,A,,60.0,100,0.06192252039909363,0.44126826524734497,4.427923202514648,0.4648333333333333,,,,,,,,,,,,,,,,,,,,,16,,224,224,0,1639206112,0,130,0,16,0,0.3450968563556671,1.0,-15.876296043395996,4.0912933349609375,1.0,0.6028790231794119,2900.92578125,67.03369140625,,data/instances/transfer/real_01.cip
mix_16_0,25,1357,1357,A,,60.0,100,0.06421806663274765,0.3881315588951111,6.111268520355225,0.46325000000000005,,,,,,,,,,,,,,,,,,,,,16,,224,224,0,1645298892,0,131,0,16,0,0.3292063772678375,1.0,-15.55412483215332,4.26399040222168,391.0,0.5340716633945704,2905.16796875,67.03369140625,,data/instances/transfer/real_01.cip
mix_16_0,25,1358,1358,A,,60.0,100,0.041066840291023254,0.3403477072715759,8.025372505187988,0.46325000000000005,,,,,,,,,,,,,,,,,,,,,16,,224,224,0,1645298892,0,131,0,16,0,0.20495347678661346,1.0,-17.730304718017578,3.269530773162842,391.0,0.5871494319289923,2905.16796875,67.03369140625,,data/instances/transfer/real_01.cip
mix_16_0,25,1359,1359,A,,60.0,100,0.0695212110877037,0.45884838700294495,12.956088066101074,0.46325000000000005,,,,,,,,,,,,,,,,,,,,,15,,224,224,0,1645298892,0,131,0,16,0,0.24400898814201355,1.0,-14.7214937210083,5.163588047027588,391.0,0.598913662135601,2905.16796875,67.03369140625,,data/instances/transfer/real_01.cip
mix_16_0,25,1360,1360,A,,60.0,100,0.02655712328851223,0.310535728931427,1.7348967790603638,0.46325000000000005,,,,,,,,,,,,,,,,,,,,,16,,224,224,0,1645298892,0,131,0,16,0,0.22433508932590485,1.0,-16.488033294677734,3.409360885620117,391.0,0.6076823174953461,2905.16796875,67.03369140625,,data/instances/transfer/real_01.cip
mix_16_0,25,1361,1361,A,,60.0,100,0.04375936836004257,0.5761353969573975,7.717629909515381,0.46166666666666667,,,,,,,,,,,,,,,,,,,,,15,,224,224,0,1651242676,0,132,0,16,0,0.10962485522031784,1.0,-16.826404571533203,5.899166107177734,1.0,0.5319236740469933,2906.65234375,67.03369140625,,data/instances/transfer/real_01.cip
mix_16_0,25,1362,1362,A,,60.0,100,0.070124551653862,0.46575725078582764,13.848504066467285,0.46166666666666667,,,,,,,,,,,,,,,,,,,,,16,,224,224,0,1651242676,0,132,0,16,0,0.16765472292900085,1.0,-15.059852600097656,2.4669501781463623,1.0,0.5909580308943987,2906.65234375,67.03369140625,,data/instances/transfer/real_01.cip
mix_16_0,25,1363,1363,A,,60.0,100,0.03023793362081051,0.31023651361465454,5.418981075286865,0.46166666666666667,,,,,,,,,,,,,,,,,,,,,16,,224,224,0,1651242676,0,132,0,16,0,0.22165140509605408,1.0,-15.760749816894531,5.591021537780762,1.0,0.6175791602581739,2906.65234375,67.03369140625,,data/instances/transfer/real_01.cip
mix_16_0,25,1364,1364,A,,60.0,100,0.04030444100499153,0.34451478719711304,8.8233642578125,0.46166666666666667,,,,,,,,,,,,,,,,,,,,,16,,224,224,0,1651242676,0,132,0,16,0,0.17592644691467285,1.0,-15.719457626342773,5.250850677490234,1.0,0.6133976224809885,2906.65234375,67.03369140625,,data/instances/transfer/real_01.cip
mix_16_0,25,1365,1365,A,,60.0,100,0.036289069801568985,0.3734853267669678,8.599905014038086,0.4600833333333333,,,,,,,,,,,,,,,,,,,,,16,,224,224,0,1657514964,0,133,0,16,0,0.13144709169864655,1.0,-16.56816864013672,4.332911968231201,436.0,0.5271164625883102,2910.89453125,67.03369140625,,data/instances/transfer/real_01.cip
mix_16_0,25,1366,1366,A,,60.0,100,0.011740753427147865,0.3657139539718628,2.0418577194213867,0.4600833333333333,,,,,,,,,,,,,,,,,,,,,15,,224,224,0,1657514964,0,133,0,16,0,0.05747146159410477,1.0,-14.059419631958008,5.601932048797607,436.0,0.5754204392433167,2910.89453125,67.03369140625,,data/instances/transfer/real_01.cip
mix_16_0,25,1367,1367,A,,60.0,100,0.020591091364622116,0.22489851713180542,4.6027727127075195,0.4600833333333333,,,,,,,,,,,,,,,,,,,,,16,,224,224,0,1657514964,0,133,0,16,0,0.2893720865249634,1.0,-16.48897933959961,3.524872303009033,436.0,0.6229184959083796,2910.89453125,67.03369140625,,data/instances/transfer/real_01.cip
mix_16_0,25,1368,1368,A,,60.0,100,0.023609844967722893,0.29869723320007324,5.0962724685668945,0.4600833333333333,,,,,,,,,,,,,,,,,,,,,16,,224,224,0,1657514964,0,133,0,16,0,0.19621290266513824,1.0,-17.71240234375,4.092131614685059,436.0,0.6048354338854551,2910.89453125,67.03369140625,,data/instances/transfer/real_01.cip
mix_16_0,25,1369,1369,A,,60.0,100,0.04153481125831604,0.48356330394744873,6.645155429840088,0.4585,,,,,,,,,,,,,,,,,,,,,16,,224,224,0,1663765480,0,134,0,16,0,0.13785132765769958,1.0,-16.227760314941406,3.30989933013916,1.0,0.5210967753082514,2914.60546875,67.03369140625,,data/instances/transfer/real_01.cip
mix_16_0,25,1370,1370,A,,60.0,100,0.029513701796531677,0.28388625383377075,3.6412508487701416,0.4585,,,,,,,,,,,,,,,,,,,,,15,,224,224,0,1663765480,0,134,0,16,0,0.24927082657814026,1.0,-16.15435218811035,5.646933555603027,1.0,0.5768150668591261,2914.60546875,67.03369140625,,data/instances/transfer/real_01.cip
mix_16_0,25,1371,1371,A,,60.0,100,0.04497417435050011,0.4729197919368744,1.8753981590270996,0.4585,,,,,,,,,,,,,,,,,,,,,15,,224,224,0,1663765480,0,134,0,16,0,0.13576291501522064,1.0,-15.103408813476562,6.331535816192627,1.0,0.6153241731226444,2914.60546875,67.03369140625,,data/instances/transfer/real_01.cip
mix_16_0,25,1372,1372,A,,60.0,100,0.03194112330675125,0.4023120105266571,8.564805030822754,0.4585,,,,,,,,,,,,,,,,,,,,,16,,224,224,0,1663765480,0,134,0,16,0,0.17568464577198029,1.0,-16.709545135498047,5.10866641998291,1.0,0.6118249390274286,2914.60546875,67.03369140625,,data/instances/transfer/real_01.cip
mix_16_0,25,1373,1373,A,,60.0,100,0.036342550069093704,0.3782927989959717,6.947009086608887,0.45691666666666675,,,,,,,,,,,,,,,,,,,,,15,,224,224,0,1669899900,0,135,0,16,0,0.17077356576919556,1.0,-14.298110961914062,5.361843585968018,1.0,0.5182639937847853,2916.73046875,67.03369140625,,data/instances/transfer/real_01.cip
mix_16_0,25,1374,1374,A,,60.0,100,0.044288940727710724,0.40116316080093384,11.489965438842773,0.45691666666666675,,,,,,,,,,,,,,,,,,,,,16,,224,224,0,1669899900,0,135,0,16,0,0.2083483189344406,1.0,-14.673782348632812,5.011951446533203,1.0,0.6021475754678249,2916.73046875,67.03369140625,,data/instances/transfer/real_01.cip
mix_16_0,25,1375,1375,A,,60.0,100,0.04622627794742584,0.4529183506965637,3.9177937507629395,0.45691666666666675,,,,,,,,,,,,,,,,,,,,,16,,224,224,0,1669899900,0,135,0,16,0,0.20309408009052277,1.0,-16.064306259155273,5.692004203796387,1.0,0.6085420325398445,2916.73046875,67.03369140625,,data/instances/transfer/real_01.cip
mix_16_0,25,1376,1376,A,,60.0,100,0.027472972869873047,0.34619319438934326,1.789837121963501,0.45691666666666675,,,,,,,,,,,,,,,,,,,,,16,,224,224,0,1669899900,0,135,0,16,0,0.19755691289901733,1.0,-16.628345489501953,3.583035469055176,1.0,0.607893705368042,2916.73046875,67.03369140625,,data/instances/transfer/real_01.cip
mix_16_0,25,1377,1377,A,,60.0,100,0.061477530747652054,0.4601144790649414,3.7811665534973145,0.45533333333333337,,,,,,,,,,,,,,,,,,,,,16,,224,224,0,1676220400,0,136,0,16,0,0.24483954906463623,1.0,-16.047725677490234,3.988642454147339,665.0,0.5176736004650593,2918.859375,67.03369140625,,data/instances/transfer/real_01.cip
mix_16_0,25,1378,1378,A,,60.0,100,0.041761625558137894,0.4297155737876892,9.816315650939941,0.45533333333333337,,,,,,,,,,,,,,,,,,,,,16,,224,224,0,1676220400,0,136,0,16,0,0.19302566349506378,1.0,-16.10199737548828,3.8375771045684814,665.0,0.5854708608239889,2918.859375,67.03369140625,,data/instances/transfer/real_01.cip
mix_16_0,25,1379,1379,A,,60.0,100,0.04962164908647537,0.46939927339553833,8.764725685119629,0.45533333333333337,,,,,,,,,,,,,,,,,,,,,16,,224,224,0,1676220400,0,136,0,16,0,0.2038630247116089,1.0,-14.988880157470703,3.707869052886963,665.0,0.6021127384155989,2918.859375,67.03369140625,,data/instances/transfer/real_01.cip
mix_16_0,25,1380,1380,A,,60.0,100,0.01913106068968773,0.31481480598449707,3.556239366531372,0.45533333333333337,,,,,,,,,,,,,,,,,,,,,16,,224,224,0,1676220400,0,136,0,16,0,0.1382337510585785,1.0,-16.669944763183594,2.644822120666504,665.0,0.5984326917678118,2918.859375,67.03369140625,,data/instances/transfer/real_01.cip
mix_16_0,25,1381,1381,A,,60.0,100,0.06320883333683014,0.45561861991882324,12.288116455078125,0.4537500000000001,,,,,,,,,,,,,,,,,,,,,15,,224,224,0,1682531316,0,137,0,16,0,0.26830798387527466,1.0,-13.92496395111084,5.572539806365967,560.0,0.49679589457809925,2923.15625,67.03369140625,,data/instances/transfer/real_01.cip
mix_16_0,25,1382,1382,A,,60.0,100,0.033428601920604706,0.5244796276092529,7.53624153137207,0.4537500000000001,,,,,,,,,,,,,,,,,,,,,15,,224,224,0,1682531316,0,137,0,16,0,0.10296815633773804,1.0,-13.773348808288574,5.162726402282715,560.0,0.5861397217959166,2923.15625,67.03369140625,,data/instances/transfer/real_01.cip
mix_16_0,25,1383,1383,A,,60.0,100,0.021573178470134735,0.37523990869522095,1.4062947034835815,0.4537500000000001,,,,,,,,,,,,,,,,,,,,,16,,224,224,0,1682531316,0,137,0,16,0,0.10510405898094177,1.0,-16.73105239868164,3.944082736968994,560.0,0.6304639670997858,2923.15625,67.03369140625,,data/instances/transfer/real_01.cip
mix_16_0,25,1384,1384,A,,60.0,100,0.040542371571063995,0.4605053663253784,7.604573726654053,0.4537500000000001,,,,,,,,,,,,,,,,,,,,,16,,224,224,0,1682531316,0,137,0,16,0,0.1785399615764618,1.0,-14.145853042602539,4.842897415161133,560.0,0.6039934661239386,2923.15625,67.03369140625,,data/instances/transfer/real_01.cip
mix_16_0,25,1385,1385,A,,60.0,100,2.326019048690796,5.869560241699219,15.83200740814209,0.4521666666666667,,,,,,,,,,,,,,,,,,,,,11,,224,224,0,1690114864,0,140,0,16,0,0.41949358582496643,1.0,-17.232994079589844,3.428331136703491,1.0,0.6382570266723633,2923.15625,67.03369140625,,data/instances/transfer/real_01.cip
mix_16_0,25,1386,1386,A,,60.0,100,0.28607574105262756,5.595460891723633,2.7186973094940186,0.4521666666666667,,,,,,,,,,,,,,,,,,,,,11,,224,224,0,1690114864,0,140,0,16,0,0.05234871432185173,1.0,-17.80655288696289,4.117224216461182,1.0,0.5937478803098202,2923.15625,67.03369140625,,data/instances/transfer/real_01.cip
mix_16_0,25,1387,1387,A,,60.0,100,0.1253291368484497,1.3819767236709595,8.87726879119873,0.4521666666666667,,,,,,,,,,,,,,,,,,,,,15,,224,224,0,1690114864,0,140,0,16,0,0.08499222248792648,1.0,-16.377792358398438,4.7533674240112305,1.0,0.6200320590287447,2923.15625,67.03369140625,,data/instances/transfer/real_01.cip
mix_16_0,25,1388,1388,A,,60.0,100,0.2806527018547058,3.461956262588501,7.0076212882995605,0.4521666666666667,,,,,,,,,,,,,,,,,,,,,13,,224,224,0,1690114864,0,140,0,16,0,0.08235745877027512,1.0,-18.195255279541016,4.326322078704834,1.0,0.6029626429080963,2923.15625,67.03369140625,,data/instances/transfer/real_01.cip
episode,25,1388,1388,A,,60.0,100,0.2806527018547058,3.461956262588501,7.0076212882995605,0.45058333333333334,-13.175299999999996,-13.0,-0.1753,-13.175299999999996,True,14,59.043315,,,,,,,,inf,0.0,59.043315,59.043315,1.0,25810,13,False,224,224,0,1690114864,0,140,0,16,0,,,,,216.71428571428572,,2923.15625,67.03369140625,optimal,data/instances/transfer/real_01.cip
mix_16_0,26,1389,1389,A,,60.0,100,0.15638303756713867,2.519143581390381,4.114434719085693,0.45058333333333334,,,,,,,,,,,,,,,,,,,,,14,,224,224,0,1690114864,0,140,0,16,0,0.057916682213544846,1.0,-14.668604850769043,4.585135459899902,1.0,0.5546855330467224,2980.58984375,67.03369140625,,data/instances/transfer/real_03.cip
mix_16_0,26,1390,1390,A,,60.0,100,0.37477385997772217,7.858604907989502,3.574328660964966,0.45058333333333334,,,,,,,,,,,,,,,,,,,,,9,,224,224,0,1690114864,0,140,0,16,0,0.04806267097592354,1.0,-16.6495361328125,3.890871047973633,1.0,0.5352999437600374,2980.58984375,67.03369140625,,data/instances/transfer/real_03.cip
mix_16_0,26,1391,1391,A,,60.0,100,0.10890485346317291,3.6690311431884766,3.8094146251678467,0.45058333333333334,,,,,,,,,,,,,,,,,,,,,13,,224,224,0,1690114864,0,140,0,16,0,0.028022663667798042,1.0,-17.478717803955078,2.9716150760650635,1.0,0.6076687723398209,2980.58984375,67.03369140625,,data/instances/transfer/real_03.cip
mix_16_0,26,1392,1392,A,,60.0,100,0.6262949109077454,4.7527265548706055,8.092610359191895,0.45058333333333334,,,,,,,,,,,,,,,,,,,,,12,,224,224,0,1690114864,0,140,0,16,0,0.13240250945091248,1.0,-16.352962493896484,4.29993200302124,1.0,0.5560101289302111,2980.58984375,67.03369140625,,data/instances/transfer/real_03.cip
mix_16_0,26,1393,1393,A,,60.0,100,0.11754433810710907,2.4496617317199707,1.7425596714019775,0.44900000000000007,,,,,,,,,,,,,,,,,,,,,14,,224,224,0,1690114864,0,140,0,16,0,0.046522390097379684,1.0,-19.13831329345703,3.730508327484131,26.0,0.5308303385972977,2980.58984375,67.03369140625,,data/instances/transfer/real_03.cip
mix_16_0,26,1394,1394,A,,60.0,100,0.20640280842781067,4.506354808807373,2.5347816944122314,0.44900000000000007,,,,,,,,,,,,,,,,,,,,,12,,224,224,0,1690114864,0,140,0,16,0,0.04494018852710724,1.0,-15.91828727722168,4.668245792388916,26.0,0.5631073787808418,2980.58984375,67.03369140625,,data/instances/transfer/real_03.cip
mix_16_0,26,1395,1395,A,,60.0,100,0.14277568459510803,5.650700569152832,4.590649604797363,0.44900000000000007,,,,,,,,,,,,,,,,,,,,,11,,224,224,0,1690114864,0,140,0,16,0,0.022439919412136078,1.0,-17.219135284423828,3.72688889503479,26.0,0.5915519837290049,2980.58984375,67.03369140625,,data/instances/transfer/real_03.cip
mix_16_0,26,1396,1396,A,,60.0,100,0.3275988698005676,5.676339626312256,5.086240768432617,0.44900000000000007,,,,,,,,,,,,,,,,,,,,,11,,224,224,0,1690114864,0,140,0,16,0,0.05536997318267822,1.0,-15.166572570800781,3.6341657638549805,26.0,0.5843968484550714,2980.58984375,67.03369140625,,data/instances/transfer/real_03.cip
mix_16_0,26,1397,1397,A,,60.0,100,0.4217272400856018,4.588701248168945,5.756513595581055,0.4474166666666667,,,,,,,,,,,,,,,,,,,,,12,,224,224,0,1694335608,0,141,0,16,0,0.08857008069753647,1.0,-14.962387084960938,4.09263277053833,12.0,0.48653580248355865,2980.58984375,67.03369140625,,data/instances/transfer/real_03.cip
mix_16_0,26,1398,1398,A,,60.0,100,0.08992413431406021,1.441819429397583,2.5224859714508057,0.4474166666666667,,,,,,,,,,,,,,,,,,,,,15,,224,224,0,1694335608,0,141,0,16,0,0.05580881983041763,1.0,-15.883628845214844,4.059040546417236,12.0,0.6186499390751123,2980.58984375,67.03369140625,,data/instances/transfer/real_03.cip
mix_16_0,26,1399,1399,A,,60.0,100,0.6137522459030151,5.8163161277771,2.925971031188965,0.4474166666666667,,,,,,,,,,,,,,,,,,,,,11,,224,224,0,1694335608,0,141,0,16,0,0.104652538895607,1.0,-17.24509620666504,4.89295768737793,12.0,0.566955640912056,2980.58984375,67.03369140625,,data/instances/transfer/real_03.cip
mix_16_0,26,1400,1400,A,,60.0,100,0.30873948335647583,5.736093521118164,11.049981117248535,0.4474166666666667,,,,,,,,,,,,,,,,,,,,,11,,224,224,0,1694335608,0,141,0,16,0,0.048937201499938965,1.0,-17.386327743530273,4.468811988830566,12.0,0.5945823509246111,2980.58984375,67.03369140625,,data/instances/transfer/real_03.cip
mix_16_0,26,1401,1401,A,,60.0,100,0.2603897750377655,3.5352988243103027,2.6314339637756348,0.4458333333333333,,,,,,,,,,,,,,,,,,,,,13,,224,224,0,1693789168,0,142,0,16,0,0.07307382673025131,1.0,-16.982086181640625,4.225647449493408,83.0,0.5067366901785135,2980.58984375,67.03369140625,,data/instances/transfer/real_03.cip
mix_16_0,26,1402,1402,A,,60.0,100,0.5670436024665833,5.605550765991211,1.2737925052642822,0.4458333333333333,,,,,,,,,,,,,,,,,,,,,11,,224,224,0,1693789168,0,142,0,16,0,0.10145549476146698,1.0,-16.84941864013672,3.47426176071167,83.0,0.5656145717948675,2980.58984375,67.03369140625,,data/instances/transfer/real_03.cip
mix_16_0,26,1403,1403,A,,60.0,100,0.35844922065734863,4.50792121887207,9.789824485778809,0.4458333333333333,,,,,,,,,,,,,,,,,,,,,12,,224,224,0,1693789168,0,142,0,16,0,0.0711934044957161,1.0,-15.777524948120117,2.852969169616699,83.0,0.5939012635499239,2980.58984375,67.03369140625,,data/instances/transfer/real_03.cip
mix_16_0,26,1404,1404,A,,60.0,100,0.4127073287963867,3.539870023727417,8.884407043457031,0.4458333333333333,,,,,,,,,,,,,,,,,,,,,13,,224,224,0,1693789168,0,142,0,16,0,0.11235079914331436,1.0,-16.22418975830078,4.113088607788086,83.0,0.6082464512437582,2980.58984375,67.03369140625,,data/instances/transfer/real_03.cip
mix_16_0,26,1405,1405,A,,60.0,100,0.2700548768043518,2.5602450370788574,0.9651522040367126,0.44425000000000003,,,,,,,,,,,,,,,,,,,,,14,,224,224,0,1693443744,0,143,0,16,0,0.10148698836565018,1.0,-16.871273040771484,3.006164312362671,1.0,0.5364972874522209,2980.58984375,67.03369140625,,data/instances/transfer/real_03.cip
mix_16_0,26,1406,1406,A,,60.0,100,0.362959623336792,6.692849159240723,2.414970636367798,0.44425000000000003,,,,,,,,,,,,,,,,,,,,,10,,224,224,0,1693443744,0,143,0,16,0,0.05516372621059418,1.0,-18.520090103149414,2.2850325107574463,1.0,0.5555813889950514,2980.58984375,67.03369140625,,data/instances/transfer/real_03.cip
mix_16_0,26,1407,1407,A,,60.0,100,0.1178441196680069,3.5834405422210693,5.022459983825684,0.44425000000000003,,,,,,,,,,,,,,,,,,,,,13,,224,224,0,1693443744,0,143,0,16,0,0.031550370156764984,1.0,-18.01396942138672,2.0502004623413086,1.0,0.5923096407204866,2980.58984375,67.03369140625,,data/instances/transfer/real_03.cip
mix_16_0,26,1408,1408,A,,60.0,100,0.37901341915130615,4.712611198425293,9.66073989868164,0.44425000000000003,,,,,,,,,,,,,,,,,,,,,12,,224,224,0,1693443744,0,143,0,16,0,0.07911866903305054,1.0,-17.965652465820312,3.945493698120117,1.0,0.5781053770333529,2980.58984375,67.03369140625,,data/instances/transfer/real_03.cip
mix_16_0,26,1409,1409,A,,60.0,100,0.3636021614074707,3.4462509155273438,4.128705978393555,0.44266666666666665,,,,,,,,,,,,,,,,,,,,,13,,224,224,0,1693098040,0,144,0,16,0,0.10344803333282471,1.0,-18.122821807861328,3.861982583999634,1.0,0.5113801695406437,2980.58984375,67.03369140625,,data/instances/transfer/real_03.cip
mix_16_0,26,1410,1410,A,,60.0,100,0.09210897982120514,1.4464783668518066,5.257661819458008,0.44266666666666665,,,,,,,,,,,,,,,,,,,,,15,,224,224,0,1693098040,0,144,0,16,0,0.05297195911407471,1.0,-17.15805435180664,4.983689785003662,1.0,0.5930722486227751,2980.58984375,67.03369140625,,data/instances/transfer/real_03.cip
mix_16_0,26,1411,1411,A,,60.0,100,0.618449330329895,5.794075012207031,5.991792678833008,0.44266666666666665,,,,,,,,,,,,,,,,,,,,,11,,224,224,0,1693098040,0,144,0,16,0,0.10463385283946991,1.0,-15.819032669067383,3.3838281631469727,1.0,0.5699294395744801,2980.58984375,67.03369140625,,data/instances/transfer/real_03.cip
mix_16_0,26,1412,1412,A,,60.0,100,0.38274770975112915,4.454573631286621,8.465925216674805,0.44266666666666665,,,,,,,,,,,,,,,,,,,,,12,,224,224,0,1693098040,0,144,0,16,0,0.08008760213851929,1.0,-17.620426177978516,2.9210987091064453,1.0,0.5812630280852318,2980.58984375,67.03369140625,,data/instances/transfer/real_03.cip
mix_16_0,26,1413,1413,A,,60.0,100,0.3182893693447113,2.363821506500244,2.5828192234039307,0.44108333333333327,,,,,,,,,,,,,,,,,,,,,14,,224,224,0,1692750844,0,145,0,16,0,0.1411212831735611,1.0,-17.083887100219727,3.8840832710266113,1.0,0.5095748230814934,2980.58984375,67.03369140625,,data/instances/transfer/real_03.cip
mix_16_0,26,1414,1414,A,,60.0,100,0.08307431638240814,2.575955867767334,5.0029215812683105,0.44108333333333327,,,,,,,,,,,,,,,,,,,,,14,,224,224,0,1692750844,0,145,0,16,0,0.02985413558781147,1.0,-17.61493682861328,2.7151365280151367,1.0,0.5885820128023624,2980.58984375,67.03369140625,,data/instances/transfer/real_03.cip
mix_16_0,26,1415,1415,A,,60.0,100,0.3491247296333313,2.7857460975646973,26.904773712158203,0.44108333333333327,,,,,,,,,,,,,,,,,,,,,14,,224,224,0,1692750844,0,145,0,16,0,0.10261061042547226,1.0,-16.674373626708984,3.208327293395996,1.0,0.6040765848010778,2980.58984375,67.03369140625,,data/instances/transfer/real_03.cip
mix_16_0,26,1416,1416,A,,60.0,100,0.6784986257553101,6.7665791511535645,9.965034484863281,0.44108333333333327,,,,,,,,,,,,,,,,,,,,,10,,224,224,0,1692750844,0,145,0,16,0,0.09874329715967178,1.0,-17.965110778808594,3.675633430480957,1.0,0.563059575855732,2980.58984375,67.03369140625,,data/instances/transfer/real_03.cip
mix_16_0,26,1417,1417,A,,60.0,100,0.4150990843772888,6.439540863037109,3.5330026149749756,0.4395,,,,,,,,,,,,,,,,,,,,,10,,224,224,0,1692360860,0,146,0,16,0,0.06446710228919983,1.0,-16.99098014831543,3.914936065673828,1.0,0.4762416481971741,2980.58984375,67.03369140625,,data/instances/transfer/real_03.cip
mix_16_0,26,1418,1418,A,,60.0,100,0.13681179285049438,2.5380096435546875,7.59402322769165,0.4395,,,,,,,,,,,,,,,,,,,,,14,,224,224,0,1692360860,0,146,0,16,0,0.04060972109436989,1.0,-17.583951950073242,4.104615211486816,1.0,0.6068593859672546,2980.58984375,67.03369140625,,data/instances/transfer/real_03.cip
mix_16_0,26,1419,1419,A,,60.0,100,0.264361172914505,3.644195556640625,12.213998794555664,0.4395,,,,,,,,,,,,,,,,,,,,,13,,224,224,0,1692360860,0,146,0,16,0,0.056290484964847565,1.0,-18.154922485351562,3.131680727005005,1.0,0.5980466473847628,2980.58984375,67.03369140625,,data/instances/transfer/real_03.cip
mix_16_0,26,1420,1420,A,,60.0,100,0.24897679686546326,1.809197187423706,16.913528442382812,0.4395,,,,,,,,,,,,,,,,,,,,,15,,224,224,0,1692360860,0,146,0,16,0,0.10487881302833557,1.0,-17.445682525634766,3.7576375007629395,1.0,0.6156830154359341,2980.58984375,67.03369140625,,data/instances/transfer/real_03.cip
mix_16_0,26,1421,1421,A,,60.0,100,0.18372036516666412,2.2158384323120117,2.028738021850586,0.43791666666666673,,,,,,,,,,,,,,,,,,,,,14,,224,224,0,1691970808,0,147,0,16,0,0.08317531645298004,1.0,-18.281665802001953,3.251152753829956,1.0,0.5197181794792414,2980.58984375,67.03369140625,,data/instances/transfer/real_03.cip
mix_16_0,26,1422,1422,A,,60.0,100,0.08464633673429489,1.4918649196624756,3.2754528522491455,0.43791666666666673,,,,,,,,,,,,,,,,,,,,,15,,224,224,0,1691970808,0,147,0,16,0,0.04391005262732506,1.0,-18.178543090820312,5.062768936157227,1.0,0.5754991564899683,2980.58984375,67.03369140625,,data/instances/transfer/real_03.cip
mix_16_0,26,1423,1423,A,,60.0,100,0.35223588347435,5.895916938781738,12.84536361694336,0.43791666666666673,,,,,,,,,,,,,,,,,,,,,11,,224,224,0,1691970808,0,147,0,16,0,0.05524927377700806,1.0,-17.179052352905273,3.651672840118408,1.0,0.5722070466727018,2980.58984375,67.03369140625,,data/instances/transfer/real_03.cip
mix_16_0,26,1424,1424,A,,60.0,100,0.10558539628982544,1.6165189743041992,8.756867408752441,0.43791666666666673,,,,,,,,,,,,,,,,,,,,,15,,224,224,0,1691970808,0,147,0,16,0,0.05666438117623329,1.0,-19.1932315826416,2.8130571842193604,1.0,0.620885606855154,2980.58984375,67.03369140625,,data/instances/transfer/real_03.cip
mix_16_0,26,1425,1425,A,,60.0,100,0.137628972530365,1.2782095670700073,6.668656349182129,0.43633333333333335,,,,,,,,,,,,,,,,,,,,,15,,224,224,0,1691603296,0,148,0,16,0,0.11476065963506699,1.0,-16.839181900024414,3.2704968452453613,1.0,0.5119945555925369,2980.58984375,67.03369140625,,data/instances/transfer/real_03.cip
mix_16_0,26,1426,1426,A,,60.0,100,0.5451235771179199,3.464049816131592,7.402400493621826,0.43633333333333335,,,,,,,,,,,,,,,,,,,,,13,,224,224,0,1691603296,0,148,0,16,0,0.1582784205675125,1.0,-17.67085838317871,2.765655517578125,1.0,0.5627055652439594,2980.58984375,67.03369140625,,data/instances/transfer/real_03.cip
mix_16_0,26,1427,1427,A,,60.0,100,0.1609841287136078,2.317570686340332,6.9238200187683105,0.43633333333333335,,,,,,,,,,,,,,,,,,,,,14,,224,224,0,1691603296,0,148,0,16,0,0.06766811013221741,1.0,-16.814556121826172,3.520501136779785,1.0,0.6260323114693165,2980.58984375,67.03369140625,,data/instances/transfer/real_03.cip
mix_16_0,26,1428,1428,A,,60.0,100,0.2354653924703598,2.408445119857788,7.221138000488281,0.43633333333333335,,,,,,,,,,,,,,,,,,,,,14,,224,224,0,1691603296,0,148,0,16,0,0.0924660786986351,1.0,-16.687347412109375,4.666567325592041,1.0,0.6013350747525692,2980.58984375,67.03369140625,,data/instances/transfer/real_03.cip
mix_16_0,26,1429,1429,A,,60.0,100,0.014746161177754402,0.33688175678253174,2.896207094192505,0.4347500000000001,,,,,,,,,,,,,,,,,,,,,16,,224,224,0,1691289604,0,149,0,16,0,0.07998587191104889,1.0,-17.248003005981445,3.360948085784912,140.0,0.5188052598387003,2980.58984375,67.03369140625,,data/instances/transfer/real_03.cip
mix_16_0,26,1430,1430,A,,60.0,100,0.17489328980445862,2.300273895263672,2.859426498413086,0.4347500000000001,,,,,,,,,,,,,,,,,,,,,14,,224,224,0,1691289604,0,149,0,16,0,0.06957882642745972,1.0,-18.185199737548828,3.18526291847229,140.0,0.5823844894766808,2980.58984375,67.03369140625,,data/instances/transfer/real_03.cip
mix_16_0,26,1431,1431,A,,60.0,100,0.47563350200653076,5.8158769607543945,11.157293319702148,0.4347500000000001,,,,,,,,,,,,,,,,,,,,,11,,224,224,0,1691289604,0,149,0,16,0,0.08139705657958984,1.0,-18.067073822021484,3.1244847774505615,140.0,0.5735851805657148,2980.58984375,67.03369140625,,data/instances/transfer/real_03.cip
mix_16_0,26,1432,1432,A,,60.0,100,0.23873861134052277,2.6941747665405273,18.066129684448242,0.4347500000000001,,,,,,,,,,,,,,,,,,,,,14,,224,224,0,1691289604,0,149,0,16,0,0.06804362684488297,1.0,-16.20721435546875,3.1062662601470947,140.0,0.6109695080667734,2980.58984375,67.03369140625,,data/instances/transfer/real_03.cip
mix_16_0,26,1433,1433,A,,60.0,100,0.7069333791732788,6.633288383483887,10.02254867553711,0.4331666666666667,,,,,,,,,,,,,,,,,,,,,10,,224,224,0,1690654932,0,150,0,16,0,0.10835672169923782,1.0,-17.333927154541016,2.7987489700317383,1.0,0.4658599831163883,2980.58984375,67.03369140625,,data/instances/transfer/real_03.cip
mix_16_0,26,1434,1434,A,,60.0,100,0.1381026655435562,1.3435609340667725,9.317421913146973,0.4331666666666667,,,,,,,,,,,,,,,,,,,,,15,,224,224,0,1690654932,0,150,0,16,0,0.09991547465324402,1.0,-17.69451141357422,2.852024555206299,1.0,0.5930241048336029,2980.58984375,67.03369140625,,data/instances/transfer/real_03.cip
mix_16_0,26,1435,1435,A,,60.0,100,0.20893365144729614,3.493326425552368,8.531840324401855,0.4331666666666667,,,,,,,,,,,,,,,,,,,,,13,,224,224,0,1690654932,0,150,0,16,0,0.05326545983552933,1.0,-16.513641357421875,2.989999532699585,1.0,0.6034980732947588,2980.58984375,67.03369140625,,data/instances/transfer/real_03.cip
mix_16_0,26,1436,1436,A,,60.0,100,0.2672269642353058,5.533811569213867,6.3924970626831055,0.4331666666666667,,,,,,,,,,,,,,,,,,,,,11,,224,224,0,1690654932,0,150,0,16,0,0.04569791257381439,1.0,-17.239910125732422,3.231388568878174,1.0,0.5820659287273884,2980.58984375,67.03369140625,,data/instances/transfer/real_03.cip
mix_16_0,26,1437,1437,A,,60.0,100,0.19093716144561768,1.3006234169006348,8.828580856323242,0.4315833333333333,,,,,,,,,,,,,,,,,,,,,15,,224,224,0,1690082604,0,151,0,16,0,0.15551088750362396,1.0,-17.733264923095703,4.109046459197998,1.0,0.5315603017807007,2980.58984375,67.03369140625,,data/instances/transfer/real_03.cip
mix_16_0,26,1438,1438,A,,60.0,100,0.41957390308380127,4.550143241882324,9.40215015411377,0.4315833333333333,,,,,,,,,,,,,,,,,,,,,12,,224,224,0,1690082604,0,151,0,16,0,0.09239836037158966,1.0,-17.743148803710938,3.1613566875457764,1.0,0.5645227897912264,2980.58984375,67.03369140625,,data/instances/transfer/real_03.cip
mix_16_0,26,1439,1439,A,,60.0,100,0.2016490250825882,2.4259443283081055,10.258633613586426,0.4315833333333333,,,,,,,,,,,,,,,,,,,,,14,,224,224,0,1690082604,0,151,0,16,0,0.0753338411450386,1.0,-17.397823333740234,3.3215060234069824,1.0,0.609590595588088,2980.58984375,67.03369140625,,data/instances/transfer/real_03.cip
mix_16_0,26,1440,1440,A,,60.0,100,0.09362204372882843,2.4327712059020996,8.463705062866211,0.4315833333333333,,,,,,,,,,,,,,,,,,,,,14,,224,224,0,1690082604,0,151,0,16,0,0.03409779444336891,1.0,-17.634868621826172,3.8119654655456543,1.0,0.5174569915980101,2980.58984375,67.03369140625,,data/instances/transfer/real_03.cip
mix_16_0,26,1441,1441,A,,60.0,100,0.28657153248786926,3.267975091934204,2.449352979660034,0.43000000000000005,,,,,,,,,,,,,,,,,,,,,13,,224,224,0,1689745468,0,152,0,16,0,0.08663879334926605,1.0,-16.298900604248047,3.18186354637146,52.0,0.5075233150273561,2980.58984375,67.03369140625,,data/instances/transfer/real_03.cip
mix_16_0,26,1442,1442,A,,60.0,100,0.257720023393631,2.4434220790863037,11.094077110290527,0.43000000000000005,,,,,,,,,,,,,,,,,,,,,14,,224,224,0,1689745468,0,152,0,16,0,0.0907205119729042,1.0,-15.822486877441406,4.265861511230469,52.0,0.5847845301032066,2980.58984375,67.03369140625,,data/instances/transfer/real_03.cip
mix_16_0,26,1443,1443,A,,60.0,100,0.07272930443286896,0.4261797070503235,13.744590759277344,0.43000000000000005,,,,,,,,,,,,,,,,,,,,,16,,224,224,0,1689745468,0,152,0,16,0,0.24568355083465576,1.0,-17.342641830444336,4.830977916717529,52.0,0.6173356100916862,2980.58984375,67.03369140625,,data/instances/transfer/real_03.cip
mix_16_0,26,1444,1444,A,,60.0,100,0.14569082856178284,4.302639007568359,1.2297838926315308,0.43000000000000005,,,,,,,,,,,,,,,,,,,,,12,,224,224,0,1689745468,0,152,0,16,0,0.032596834003925323,1.0,-17.53550910949707,3.264775037765503,52.0,0.5771676376461983,2980.58984375,67.03369140625,,data/instances/transfer/real_03.cip
episode,26,1444,1444,A,,60.0,100,0.14569082856178284,4.302639007568359,1.2297838926315308,0.42841666666666667,-14.011099999999999,-14.0,-0.011099999999999999,-14.011099999999999,True,15,60.253928,,,,,,,,inf,1e+20,120.0,inf,0.0,13010,12,True,224,224,0,1688428484,0,154,0,16,0,,,,,23.0,,2980.58984375,67.03369140625,timelimit,data/instances/transfer/real_03.cip
mix_16_0,27,1445,1445,A,,60.0,100,0.03278660774230957,0.3780519366264343,6.54399299621582,0.42841666666666667,,,,,,,,,,,,,,,,,,,,,16,,224,224,0,1688428484,0,154,0,16,0,0.09824353456497192,1.0,-15.95654296875,4.629321575164795,113.0,0.5369692593812943,2985.0703125,67.03369140625,,data/instances/transfer/real_05.cip
mix_16_0,27,1446,1446,A,,60.0,100,0.24379070103168488,2.533768653869629,16.398048400878906,0.42841666666666667,,,,,,,,,,,,,,,,,,,,,14,,224,224,0,1688428484,0,154,0,16,0,0.0802442878484726,1.0,-18.71253204345703,3.7068095207214355,113.0,0.5971711222082376,2985.0703125,67.03369140625,,data/instances/transfer/real_05.cip
mix_16_0,27,1447,1447,A,,60.0,100,0.28105026483535767,5.466956615447998,4.7098870277404785,0.42841666666666667,,,,,,,,,,,,,,,,,,,,,11,,224,224,0,1688428484,0,154,0,16,0,0.05087505280971527,1.0,-16.709131240844727,2.668024778366089,113.0,0.5714254956692457,2985.0703125,67.03369140625,,data/instances/transfer/real_05.cip
mix_16_0,27,1448,1448,A,,60.0,100,0.23607081174850464,3.285396099090576,2.220720052719116,0.42841666666666667,,,,,,,,,,,,,,,,,,,,,13,,224,224,0,1688428484,0,154,0,16,0,0.07179836928844452,1.0,-17.288818359375,3.9052908420562744,113.0,0.6004512254148722,2985.0703125,67.03369140625,,data/instances/transfer/real_05.cip
mix_16_0,27,1449,1449,A,,60.0,100,0.26804760098457336,3.352550745010376,7.181472301483154,0.4268333333333333,,,,,,,,,,,,,,,,,,,,,13,,224,224,0,1688428484,0,154,0,16,0,0.07274189591407776,1.0,-16.48267364501953,3.673981189727783,91.0,0.5158617906272411,2985.0703125,67.03369140625,,data/instances/transfer/real_05.cip
mix_16_0,27,1450,1450,A,,60.0,100,0.05092790722846985,0.41952407360076904,10.218778610229492,0.4268333333333333,,,,,,,,,,,,,,,,,,,,,16,,224,224,0,1688428484,0,154,0,16,0,0.1787249743938446,1.0,-15.265645027160645,3.1682093143463135,91.0,0.5888299830257893,2985.0703125,67.03369140625,,data/instances/transfer/real_05.cip
mix_16_0,27,1451,1451,A,,60.0,100,0.019258571788668633,0.1849009394645691,2.328094720840454,0.4268333333333333,,,,,,,,,,,,,,,,,,,,,16,,224,224,0,1688428484,0,154,0,16,0,0.5535822510719299,1.0,-18.14002227783203,4.362089157104492,91.0,0.611805846914649,2985.0703125,67.03369140625,,data/instances/transfer/real_05.cip
mix_16_0,27,1452,1452,A,,60.0,100,0.11018060147762299,1.3801946640014648,10.854582786560059,0.4268333333333333,,,,,,,,,,,,,,,,,,,,,15,,224,224,0,1688428484,0,154,0,16,0,0.07284731417894363,1.0,-18.564151763916016,2.854966402053833,91.0,0.6055619642138481,2985.0703125,67.03369140625,,data/instances/transfer/real_05.cip
mix_16_0,27,1453,1453,A,,60.0,100,0.23052242398262024,2.2545037269592285,4.0954060554504395,0.42525,,,,,,,,,,,,,,,,,,,,,14,,224,224,0,1686236104,0,155,0,16,0,0.09143874049186707,1.0,-17.094043731689453,3.419952630996704,183.0,0.5157182514667511,2985.0703125,67.03369140625,,data/instances/transfer/real_05.cip
mix_16_0,27,1454,1454,A,,60.0,100,0.26595577597618103,4.400404930114746,6.349077224731445,0.42525,,,,,,,,,,,,,,,,,,,,,12,,224,224,0,1686236104,0,155,0,16,0,0.05966566875576973,1.0,-17.775894165039062,2.803372621536255,183.0,0.570529043674469,2985.0703125,67.03369140625,,data/instances/transfer/real_05.cip
mix_16_0,27,1455,1455,A,,60.0,100,0.06821954250335693,1.3410325050354004,3.0025532245635986,0.42525,,,,,,,,,,,,,,,,,,,,,15,,224,224,0,1686236104,0,155,0,16,0,0.04758131504058838,1.0,-17.362720489501953,3.514106035232544,183.0,0.606112303212285,2985.0703125,67.03369140625,,data/instances/transfer/real_05.cip
mix_16_0,27,1456,1456,A,,60.0,100,0.09651405364274979,2.3534462451934814,5.356294631958008,0.42525,,,,,,,,,,,,,,,,,,,,,14,,224,224,0,1686236104,0,155,0,16,0,0.036846622824668884,1.0,-16.43464469909668,2.982787609100342,183.0,0.6039366275072098,2985.0703125,67.03369140625,,data/instances/transfer/real_05.cip
mix_16_0,27,1457,1457,A,,60.0,100,0.06342053413391113,2.309765338897705,3.4389781951904297,0.42366666666666664,,,,,,,,,,,,,,,,,,,,,14,,224,224,0,1684276772,0,156,0,16,0,0.025188148021697998,1.0,-19.13271713256836,4.40554141998291,1.0,0.5267855860292912,2985.0703125,67.03369140625,,data/instances/transfer/real_05.cip
mix_16_0,27,1458,1458,A,,60.0,100,0.40071311593055725,4.2868804931640625,4.659574031829834,0.42366666666666664,,,,,,,,,,,,,,,,,,,,,12,,224,224,0,1684276772,0,156,0,16,0,0.08885635435581207,1.0,-15.891160011291504,3.353165626525879,1.0,0.5591303519904613,2985.0703125,67.03369140625,,data/instances/transfer/real_05.cip
mix_16_0,27,1459,1459,A,,60.0,100,0.22151756286621094,1.3344107866287231,3.704770803451538,0.42366666666666664,,,,,,,,,,,,,,,,,,,,,15,,224,224,0,1684276772,0,156,0,16,0,0.16341769695281982,1.0,-16.33612060546875,4.233082294464111,1.0,0.6233344469219446,2985.0703125,67.03369140625,,data/instances/transfer/real_05.cip
mix_16_0,27,1460,1460,A,,60.0,100,0.37054163217544556,5.580633163452148,8.996673583984375,0.42366666666666664,,,,,,,,,,,,,,,,,,,,,11,,224,224,0,1684276772,0,156,0,16,0,0.06389019638299942,1.0,-19.270353317260742,3.4122726917266846,1.0,0.5819045137614012,2985.0703125,67.03369140625,,data/instances/transfer/real_05.cip
mix_16_0,27,1461,1461,A,,60.0,100,0.17275038361549377,2.296043872833252,1.8790315389633179,0.42208333333333337,,,,,,,,,,,,,,,,,,,,,14,,224,224,0,1682312188,0,157,0,16,0,0.07380653917789459,1.0,-18.516326904296875,2.900374412536621,235.0,0.5129985548555851,2985.0703125,67.03369140625,,data/instances/transfer/real_05.cip
mix_16_0,27,1462,1462,A,,60.0,100,0.1583985984325409,3.257136106491089,7.379446506500244,0.42208333333333337,,,,,,,,,,,,,,,,,,,,,13,,224,224,0,1682312188,0,157,0,16,0,0.0416857972741127,1.0,-18.12066650390625,3.7672393321990967,235.0,0.568023793399334,2985.0703125,67.03369140625,,data/instances/transfer/real_05.cip
mix_16_0,27,1463,1463,A,,60.0,100,0.3972313702106476,3.4672350883483887,4.440449237823486,0.42208333333333337,,,,,,,,,,,,,,,,,,,,,13,,224,224,0,1682312188,0,157,0,16,0,0.10857420414686203,1.0,-16.451309204101562,3.820326805114746,235.0,0.5879427883774042,2985.0703125,67.03369140625,,data/instances/transfer/real_05.cip
mix_16_0,27,1464,1464,A,,60.0,100,0.4151291847229004,5.32138204574585,2.6007986068725586,0.42208333333333337,,,,,,,,,,,,,,,,,,,,,11,,224,224,0,1682312188,0,157,0,16,0,0.07829782366752625,1.0,-16.371137619018555,3.646094560623169,235.0,0.570026483386755,2985.0703125,67.03369140625,,data/instances/transfer/real_05.cip
mix_16_0,27,1465,1465,A,,60.0,100,0.18097682297229767,2.550166606903076,13.166763305664062,0.4205,,,,,,,,,,,,,,,,,,,,,14,,224,224,0,1680359716,0,158,0,16,0,0.055895138531923294,1.0,-17.92844009399414,3.387955665588379,1.0,0.5331163052469492,2985.0703125,67.03369140625,,data/instances/transfer/real_05.cip
mix_16_0,27,1466,1466,A,,60.0,100,0.09882964193820953,1.2867262363433838,3.0000226497650146,0.4205,,,,,,,,,,,,,,,,,,,,,15,,224,224,0,1680359716,0,158,0,16,0,0.07388509809970856,1.0,-17.830856323242188,4.486185073852539,1.0,0.5881717950105667,2985.0703125,67.03369140625,,data/instances/transfer/real_05.cip
mix_16_0,27,1467,1467,A,,60.0,100,0.13688251376152039,3.2983367443084717,5.031361103057861,0.4205,,,,,,,,,,,,,,,,,,,,,13,,224,224,0,1680359716,0,158,0,16,0,0.03861178830265999,1.0,-16.94588851928711,3.900259017944336,1.0,0.5828890595585108,2985.0703125,67.03369140625,,data/instances/transfer/real_05.cip
mix_16_0,27,1468,1468,A,,60.0,100,0.15200531482696533,4.269848823547363,2.2670633792877197,0.4205,,,,,,,,,,,,,,,,,,,,,12,,224,224,0,1680359716,0,158,0,16,0,0.03587307408452034,1.0,-17.807186126708984,3.1515724658966064,1.0,0.5846790559589863,2985.0703125,67.03369140625,,data/instances/transfer/real_05.cip
mix_16_0,27,1469,1469,A,,60.0,100,0.01518274936825037,0.23503953218460083,0.2898387610912323,0.4189166666666667,,,,,,,,,,,,,,,,,,,,,16,,224,224,0,1678526916,0,159,0,16,0,0.2353854477405548,1.0,-17.71881866455078,3.174899101257324,23.0,0.5288545899093151,2985.0703125,67.03369140625,,data/instances/transfer/real_05.cip
mix_16_0,27,1470,1470,A,,60.0,100,0.31521421670913696,3.2470738887786865,3.469817876815796,0.4189166666666667,,,,,,,,,,,,,,,,,,,,,13,,224,224,0,1678526916,0,159,0,16,0,0.09762932360172272,1.0,-17.95768928527832,4.149139404296875,23.0,0.5632221065461636,2985.0703125,67.03369140625,,data/instances/transfer/real_05.cip
mix_16_0,27,1471,1471,A,,60.0,100,0.10060088336467743,1.2666782140731812,3.18640398979187,0.4189166666666667,,,,,,,,,,,,,,,,,,,,,15,,224,224,0,1678526916,0,159,0,16,0,0.08333267271518707,1.0,-17.954891204833984,4.68728494644165,23.0,0.6189161166548729,2985.0703125,67.03369140625,,data/instances/transfer/real_05.cip
mix_16_0,27,1472,1472,A,,60.0,100,0.32475027441978455,3.2965128421783447,9.779839515686035,0.4189166666666667,,,,,,,,,,,,,,,,,,,,,13,,224,224,0,1678526916,0,159,0,16,0,0.09498726576566696,1.0,-16.194751739501953,4.589805603027344,23.0,0.5911471582949162,2985.0703125,67.03369140625,,data/instances/transfer/real_05.cip
mix_16_0,27,1473,1473,A,,60.0,100,0.01696779951453209,0.3815835118293762,4.23862886428833,0.41733333333333344,,,,,,,,,,,,,,,,,,,,,16,,224,224,0,1676694344,0,160,0,16,0,0.02658865973353386,1.0,-16.044519424438477,3.4412033557891846,24.0,0.5169206354767084,2985.0703125,67.03369140625,,data/instances/transfer/real_05.cip
mix_16_0,27,1474,1474,A,,60.0,100,0.23644278943538666,4.348427772521973,6.097137451171875,0.41733333333333344,,,,,,,,,,,,,,,,,,,,,12,,224,224,0,1676694344,0,160,0,16,0,0.05099304020404816,1.0,-16.64229393005371,3.82456374168396,24.0,0.5572093334048986,2985.0703125,67.03369140625,,data/instances/transfer/real_05.cip
mix_16_0,27,1475,1475,A,,60.0,100,0.27567318081855774,3.2956466674804688,7.353307247161865,0.41733333333333344,,,,,,,,,,,,,,,,,,,,,13,,224,224,0,1676694344,0,160,0,16,0,0.07811091840267181,1.0,-17.795352935791016,3.8732597827911377,24.0,0.6094557922333479,2985.0703125,67.03369140625,,data/instances/transfer/real_05.cip
mix_16_0,27,1476,1476,A,,60.0,100,0.5602101683616638,5.3403730392456055,3.598086357116699,0.41733333333333344,,,,,,,,,,,,,,,,,,,,,11,,224,224,0,1676694344,0,160,0,16,0,0.10629141330718994,1.0,-17.001508712768555,2.782769203186035,24.0,0.5661008283495903,2985.0703125,67.03369140625,,data/instances/transfer/real_05.cip
mix_16_0,27,1477,1477,A,,60.0,100,0.3160583972930908,4.291137218475342,5.561622619628906,0.41575000000000006,,,,,,,,,,,,,,,,,,,,,12,,224,224,0,1674877360,0,161,0,16,0,0.07423603534698486,1.0,-17.31159782409668,3.6085076332092285,173.0,0.5026234723627567,2985.0703125,67.03369140625,,data/instances/transfer/real_05.cip
mix_16_0,27,1478,1478,A,,60.0,100,0.18858720362186432,3.432004451751709,8.154264450073242,0.41575000000000006,,,,,,,,,,,,,,,,,,,,,13,,224,224,0,1674877360,0,161,0,16,0,0.04784225672483444,1.0,-17.95817756652832,2.9823241233825684,173.0,0.5826708264648914,2985.0703125,67.03369140625,,data/instances/transfer/real_05.cip
mix_16_0,27,1479,1479,A,,60.0,100,0.3915940821170807,3.4815807342529297,8.90675163269043,0.41575000000000006,,,,,,,,,,,,,,,,,,,,,13,,224,224,0,1674877360,0,161,0,16,0,0.1133790910243988,1.0,-17.59266471862793,4.617866516113281,173.0,0.5901263207197189,2985.0703125,67.03369140625,,data/instances/transfer/real_05.cip
mix_16_0,27,1480,1480,A,,60.0,100,0.03666488081216812,0.3290954530239105,1.543743371963501,0.41575000000000006,,,,,,,,,,,,,,,,,,,,,16,,224,224,0,1674877360,0,161,0,16,0,0.2913479804992676,1.0,-15.280665397644043,3.6642067432403564,173.0,0.6283099818974733,2985.0703125,67.03369140625,,data/instances/transfer/real_05.cip
mix_16_0,27,1481,1481,A,,60.0,100,0.24812372028827667,3.395587921142578,8.66937255859375,0.4141666666666667,,,,,,,,,,,,,,,,,,,,,13,,224,224,0,1673150016,0,162,0,16,0,0.06651578098535538,1.0,-17.58477020263672,3.9120798110961914,52.0,0.5352758597582579,2985.0703125,67.03369140625,,data/instances/transfer/real_05.cip
mix_16_0,27,1482,1482,A,,60.0,100,0.08429110050201416,0.5950570106506348,16.590835571289062,0.4141666666666667,,,,,,,,,,,,,,,,,,,,,16,,224,224,0,1673150016,0,162,0,16,0,0.22226421535015106,1.0,-17.21351432800293,4.671176433563232,52.0,0.5936359614133835,2985.0703125,67.03369140625,,data/instances/transfer/real_05.cip
mix_16_0,27,1483,1483,A,,60.0,100,0.42894691228866577,3.2551417350769043,4.494682312011719,0.4141666666666667,,,,,,,,,,,,,,,,,,,,,13,,224,224,0,1673150016,0,162,0,16,0,0.1335172802209854,1.0,-17.839580535888672,2.937335968017578,52.0,0.5946761835366488,2985.0703125,67.03369140625,,data/instances/transfer/real_05.cip
mix_16_0,27,1484,1484,A,,60.0,100,0.32417789101600647,4.321648597717285,3.8332555294036865,0.4141666666666667,,,,,,,,,,,,,,,,,,,,,12,,224,224,0,1673150016,0,162,0,16,0,0.07488510757684708,1.0,-16.711036682128906,3.8909387588500977,52.0,0.5923310481011868,2985.0703125,67.03369140625,,data/instances/transfer/real_05.cip
mix_16_0,27,1485,1485,A,,60.0,100,0.46446341276168823,4.402405738830566,9.296085357666016,0.4125833333333334,,,,,,,,,,,,,,,,,,,,,12,,224,224,0,1671882940,0,163,0,16,0,0.09957543015480042,1.0,-18.2546443939209,3.965423822402954,66.0,0.5187462344765663,2985.0703125,67.03369140625,,data/instances/transfer/real_05.cip
mix_16_0,27,1486,1486,A,,60.0,100,0.7225518822669983,5.402810573577881,15.804110527038574,0.4125833333333334,,,,,,,,,,,,,,,,,,,,,11,,224,224,0,1671882940,0,163,0,16,0,0.13179565966129303,1.0,-16.943435668945312,3.0065393447875977,66.0,0.5487532168626785,2985.0703125,67.03369140625,,data/instances/transfer/real_05.cip
mix_16_0,27,1487,1487,A,,60.0,100,0.5667456388473511,4.154733657836914,1.193562388420105,0.4125833333333334,,,,,,,,,,,,,,,,,,,,,12,,224,224,0,1671882940,0,163,0,16,0,0.1403936892747879,1.0,-16.9386043548584,3.742871046066284,66.0,0.6013698279857635,2985.07421875,67.03369140625,,data/instances/transfer/real_05.cip
mix_16_0,27,1488,1488,A,,60.0,100,0.41177964210510254,4.221644401550293,7.0932230949401855,0.4125833333333334,,,,,,,,,,,,,,,,,,,,,12,,224,224,0,1671882940,0,163,0,16,0,0.09510265290737152,1.0,-17.18426513671875,3.424760103225708,66.0,0.6000289097428322,2985.07421875,67.03369140625,,data/instances/transfer/real_05.cip
mix_16_0,27,1489,1489,A,,60.0,100,0.09679858386516571,0.8368798494338989,14.880577087402344,0.41100000000000003,,,,,,,,,,,,,,,,,,,,,16,,224,224,0,1670623264,0,164,0,16,0,0.06147795543074608,1.0,-15.247406005859375,4.603784084320068,1.0,0.5242514237761497,2985.07421875,67.03369140625,,data/instances/transfer/real_05.cip
mix_16_0,27,1490,1490,A,,60.0,100,0.21174362301826477,2.2804577350616455,7.023437023162842,0.41100000000000003,,,,,,,,,,,,,,,,,,,,,14,,224,224,0,1670623264,0,164,0,16,0,0.09003005921840668,1.0,-16.06214141845703,3.240926504135132,1.0,0.5745537001639605,2985.07421875,67.03369140625,,data/instances/transfer/real_05.cip
mix_16_0,27,1491,1491,A,,60.0,100,0.3536999225616455,3.3064281940460205,10.896513938903809,0.41100000000000003,,,,,,,,,,,,,,,,,,,,,13,,224,224,0,1670623264,0,164,0,16,0,0.09704895317554474,1.0,-17.765283584594727,3.6824121475219727,1.0,0.5966845471411943,2985.07421875,67.03369140625,,data/instances/transfer/real_05.cip
mix_16_0,27,1492,1492,A,,60.0,100,0.20554181933403015,2.3480703830718994,6.286769866943359,0.41100000000000003,,,,,,,,,,,,,,,,,,,,,14,,224,224,0,1670623264,0,164,0,16,0,0.0832170695066452,1.0,-18.263545989990234,2.7008180618286133,1.0,0.6007763091474771,2985.07421875,67.03369140625,,data/instances/transfer/real_05.cip
mix_16_0,27,1493,1493,A,,60.0,100,0.22524473071098328,3.074892997741699,0.9723821878433228,0.40941666666666665,,,,,,,,,,,,,,,,,,,,,13,,224,224,0,1669354936,0,165,0,16,0,0.07357685267925262,1.0,-18.637866973876953,3.348381280899048,93.0,0.4990593995898962,2985.07421875,67.03369140625,,data/instances/transfer/real_05.cip
mix_16_0,27,1494,1494,A,,60.0,100,0.12725062668323517,1.2172718048095703,1.1795225143432617,0.40941666666666665,,,,,,,,,,,,,,,,,,,,,15,,224,224,0,1669354936,0,165,0,16,0,0.10998370498418808,1.0,-15.792006492614746,4.918941974639893,93.0,0.5901415050029755,2985.07421875,67.03369140625,,data/instances/transfer/real_05.cip
mix_16_0,27,1495,1495,A,,60.0,100,0.28295549750328064,3.215071678161621,0.9651590585708618,0.40941666666666665,,,,,,,,,,,,,,,,,,,,,13,,224,224,0,1669354936,0,165,0,16,0,0.08698336035013199,1.0,-17.740320205688477,2.479045867919922,93.0,0.5974580124020576,2985.07421875,67.03369140625,,data/instances/transfer/real_05.cip
mix_16_0,27,1496,1496,A,,60.0,100,0.16162806749343872,2.3439483642578125,1.410628080368042,0.40941666666666665,,,,,,,,,,,,,,,,,,,,,14,,224,224,0,1669354936,0,165,0,16,0,0.06302034109830856,1.0,-17.66674041748047,3.3437249660491943,93.0,0.6031709052622318,2985.07421875,67.03369140625,,data/instances/transfer/real_05.cip
mix_16_0,27,1497,1497,A,,60.0,100,0.5298503041267395,3.5456771850585938,9.22490119934082,0.4078333333333334,,,,,,,,,,,,,,,,,,,,,13,,224,224,0,1667980576,0,166,0,16,0,0.15002164244651794,1.0,-16.530332565307617,4.738746166229248,1.0,0.5348267257213593,2985.07421875,67.03369140625,,data/instances/transfer/real_05.cip
mix_16_0,27,1498,1498,A,,60.0,100,0.33193737268447876,5.697558403015137,6.908589839935303,0.4078333333333334,,,,,,,,,,,,,,,,,,,,,11,,224,224,0,1667980576,0,166,0,16,0,0.05675608292222023,1.0,-17.154216766357422,3.2976443767547607,1.0,0.5547791421413422,2985.07421875,67.03369140625,,data/instances/transfer/real_05.cip
mix_16_0,27,1499,1499,A,,60.0,100,0.12431953102350235,2.02297306060791,1.3942813873291016,0.4078333333333334,,,,,,,,,,,,,,,,,,,,,14,,224,224,0,1667980576,0,166,0,16,0,0.0631961077451706,1.0,-15.891514778137207,4.2175517082214355,1.0,0.6105032619088888,2985.07421875,67.03369140625,,data/instances/transfer/real_05.cip
mix_16_0,27,1500,1500,A,,60.0,100,0.167843759059906,3.144695520401001,3.3870110511779785,0.4078333333333334,,,,,,,,,,,,,,,,,,,,,14,,224,224,0,1667980576,0,166,0,16,0,0.0468297116458416,1.0,-17.843971252441406,4.194890975952148,1.0,0.5933717470616102,2985.07421875,67.03369140625,,data/instances/transfer/real_05.cip
episode,27,1500,1500,A,,60.0,100,0.167843759059906,3.144695520401001,3.3870110511779785,0.40625,-14.097799999999998,-14.0,-0.09780000000000001,-14.097799999999998,True,15,63.760163,,,,,,,,inf,9.40628792951162e-05,120.0,63.760163,0.0,18461,14,True,224,224,0,1665229252,0,168,0,16,0,,,,,75.5,,2985.07421875,67.03369140625,timelimit,data/instances/transfer/real_05.cip
validation,28,1500,1500,A,,,,,,,,,,,,,,,1.0,8.980678,inf,0.0,8.980678,1.0,8436.0,,,,,,,,,224,224,0,1665229252,0,168,0,,,,,,,,,,,optimal,data/instances/validation/real_08.cip
mix_16_0,28,1501,1501,A,,60.0,100,0.4007851779460907,4.293595314025879,3.999744176864624,0.40625,,,,,,,,,,,,,,,,,,,,,13,,224,224,0,1665229252,0,168,0,16,0,0.09045837819576263,1.0,-16.18372917175293,3.8208398818969727,1.0,0.5310509130358696,2985.57421875,67.03369140625,,data/instances/train/real_06.cip
mix_16_0,28,1502,1502,A,,60.0,100,0.15915316343307495,2.4498820304870605,8.14001178741455,0.40625,,,,,,,,,,,,,,,,,,,,,14,,224,224,0,1665229252,0,168,0,16,0,0.0586320236325264,1.0,-16.233264923095703,3.570697546005249,1.0,0.5795496460050344,2985.57421875,67.03369140625,,data/instances/train/real_06.cip
mix_16_0,28,1503,1503,A,,60.0,100,0.4241562783718109,5.375962734222412,3.2557003498077393,0.40625,,,,,,,,,,,,,,,,,,,,,11,,224,224,0,1665229252,0,168,0,16,0,0.0762137919664383,1.0,-17.834169387817383,3.916378974914551,1.0,0.5798460002988577,2985.57421875,67.03369140625,,data/instances/train/real_06.cip
mix_16_0,28,1504,1504,A,,60.0,100,0.09208887815475464,2.5500242710113525,0.3304068148136139,0.40625,,,,,,,,,,,,,,,,,,,,,14,,224,224,0,1665229252,0,168,0,16,0,0.033701442182064056,1.0,-19.05389976501465,3.9131388664245605,1.0,0.6080500707030296,2985.57421875,67.03369140625,,data/instances/train/real_06.cip
mix_16_0,28,1505,1505,A,,60.0,100,0.13797762989997864,1.0944814682006836,2.2676401138305664,0.4046666666666666,,,,,,,,,,,,,,,,,,,,,16,,224,224,0,1665229252,0,168,0,16,0,0.1358252316713333,1.0,-17.28483772277832,3.888305187225342,1.0,0.5216521769762039,2985.57421875,67.03369140625,,data/instances/train/real_06.cip
mix_16_0,28,1506,1506,A,,60.0,100,0.1840781420469284,2.7449991703033447,8.954547882080078,0.4046666666666666,,,,,,,,,,,,,,,,,,,,,14,,224,224,0,1665229252,0,168,0,16,0,0.058247003704309464,1.0,-18.17572784423828,3.0803446769714355,1.0,0.5807496793568134,2985.57421875,67.03369140625,,data/instances/train/real_06.cip
mix_16_0,28,1507,1507,A,,60.0,100,0.1743362843990326,1.5633037090301514,9.391535758972168,0.4046666666666666,,,,,,,,,,,,,,,,,,,,,16,,224,224,0,1665229252,0,168,0,16,0,0.11812134087085724,1.0,-15.472006797790527,4.081175327301025,1.0,0.5925797652453184,2985.57421875,67.03369140625,,data/instances/train/real_06.cip
mix_16_0,28,1508,1508,A,,60.0,100,0.4218046963214874,2.9413037300109863,4.458827018737793,0.4046666666666666,,,,,,,,,,,,,,,,,,,,,14,,224,224,0,1665229252,0,168,0,16,0,0.12914060056209564,1.0,-16.363788604736328,3.144777536392212,1.0,0.5779478698968887,2985.57421875,67.03369140625,,data/instances/train/real_06.cip
mix_16_0,28,1509,1509,A,,60.0,100,0.32954293489456177,4.002201080322266,10.574191093444824,0.40308333333333335,,,,,,,,,,,,,,,,,,,,,13,,224,224,0,1664341424,0,169,0,16,0,0.04863277077674866,1.0,-15.686017990112305,3.497776746749878,1.0,0.5107398070394993,2985.57421875,67.03369140625,,data/instances/train/real_06.cip
mix_16_0,28,1510,1510,A,,60.0,100,0.1867961585521698,1.7279701232910156,7.354152202606201,0.40308333333333335,,,,,,,,,,,,,,,,,,,,,15,,224,224,0,1664341424,0,169,0,16,0,0.08074129372835159,1.0,-17.985736846923828,3.907945156097412,1.0,0.5867937598377466,2985.57421875,67.03369140625,,data/instances/train/real_06.cip
mix_16_0,28,1511,1511,A,,60.0,100,0.09868039190769196,0.7451716661453247,6.208874702453613,0.40308333333333335,,,,,,,,,,,,,,,,,,,,,16,,224,224,0,1664341424,0,169,0,16,0,0.1529102325439453,1.0,-16.196956634521484,3.472611904144287,1.0,0.6150616835802794,2985.57421875,67.03369140625,,data/instances/train/real_06.cip
mix_16_0,28,1512,1512,A,,60.0,100,0.32094836235046387,5.241266250610352,11.451120376586914,0.40308333333333335,,,,,,,,,,,,,,,,,,,,,12,,224,224,0,1664341424,0,169,0,16,0,0.05441662669181824,1.0,-15.336350440979004,3.7971012592315674,1.0,0.5860170517116785,2985.57421875,67.03369140625,,data/instances/train/real_06.cip
mix_16_0,28,1513,1513,A,,60.0,100,0.206996351480484,3.3666951656341553,9.197920799255371,0.4015000000000001,,,,,,,,,,,,,,,,,,,,,13,,224,224,0,1663458108,0,170,0,16,0,0.053385596722364426,1.0,-16.418716430664062,2.797689914703369,1.0,0.49735057167708874,2985.57421875,67.03369140625,,data/instances/train/real_06.cip
mix_16_0,28,1514,1514,A,,60.0,100,0.328730970621109,4.361789703369141,6.846128940582275,0.4015000000000001,,,,,,,,,,,,,,,,,,,,,13,,224,224,0,1663458108,0,170,0,16,0,0.06910167634487152,1.0,-16.896221160888672,3.5779221057891846,1.0,0.5868252106010914,2985.57421875,67.03369140625,,data/instances/train/real_06.cip
mix_16_0,28,1515,1515,A,,60.0,100,0.058929335325956345,1.9244356155395508,3.0622000694274902,0.4015000000000001,,,,,,,,,,,,,,,,,,,,,15,,224,224,0,1663458108,0,170,0,16,0,0.023830778896808624,1.0,-17.541580200195312,3.7013533115386963,1.0,0.6191060561686754,2985.57421875,67.03369140625,,data/instances/train/real_06.cip
mix_16_0,28,1516,1516,A,,60.0,100,0.2473103404045105,3.122225284576416,7.322037696838379,0.4015000000000001,,,,,,,,,,,,,,,,,,,,,13,,224,224,0,1663458108,0,170,0,16,0,0.06708993762731552,1.0,-14.201559066772461,3.536252737045288,1.0,0.5909663755446672,2985.57421875,67.03369140625,,data/instances/train/real_06.cip
mix_16_0,28,1517,1517,A,,60.0,100,0.21307192742824554,2.0311403274536133,12.272263526916504,0.3999166666666667,,,,,,,,,,,,,,,,,,,,,15,,224,224,0,1662849740,0,171,0,16,0,0.05571766197681427,1.0,-15.228619575500488,4.901638984680176,146.0,0.5174618251621723,2985.57421875,67.03369140625,,data/instances/train/real_06.cip
mix_16_0,28,1518,1518,A,,60.0,100,0.0811898410320282,2.5237040519714355,6.2795891761779785,0.3999166666666667,,,,,,,,,,,,,,,,,,,,,14,,224,224,0,1662849740,0,171,0,16,0,0.02014613151550293,1.0,-14.993730545043945,4.920071601867676,146.0,0.5716746207326651,2985.57421875,67.03369140625,,data/instances/train/real_06.cip
mix_16_0,28,1519,1519,A,,60.0,100,0.5648276805877686,3.075141429901123,2.033975601196289,0.3999166666666667,,,,,,,,,,,,,,,,,,,,,14,,224,224,0,1662849740,0,171,0,16,0,0.15747667849063873,1.0,-15.73939037322998,4.080256462097168,146.0,0.5916774775832891,2985.57421875,67.03369140625,,data/instances/train/real_06.cip
mix_16_0,28,1520,1520,A,,60.0,100,0.057667769491672516,1.2466318607330322,5.337042331695557,0.3999166666666667,,,,,,,,,,,,,,,,,,,,,15,,224,224,0,1662849740,0,171,0,16,0,0.03190872445702553,1.0,-15.621562004089355,3.576958417892456,146.0,0.6018545553088188,2985.57421875,67.03369140625,,data/instances/train/real_06.cip
mix_16_0,28,1521,1521,A,,60.0,100,0.27009499073028564,2.44767689704895,7.950543403625488,0.39833333333333343,,,,,,,,,,,,,,,,,,,,,15,,224,224,0,1662237688,0,172,0,16,0,0.08576196432113647,1.0,-16.627994537353516,3.4043681621551514,1.0,0.5070604123175144,2985.57421875,67.03369140625,,data/instances/train/real_06.cip
mix_16_0,28,1522,1522,A,,60.0,100,0.07933312654495239,1.5203419923782349,2.98051381111145,0.39833333333333343,,,,,,,,,,,,,,,,,,,,,15,,224,224,0,1662237688,0,172,0,16,0,0.04839427024126053,1.0,-16.298328399658203,4.6363525390625,1.0,0.5853827130049467,2985.57421875,67.03369140625,,data/instances/train/real_06.cip
mix_16_0,28,1523,1523,A,,60.0,100,0.20854118466377258,2.3550524711608887,1.1057887077331543,0.39833333333333343,,,,,,,,,,,,,,,,,,,,,14,,224,224,0,1662237688,0,172,0,16,0,0.08186110109090805,1.0,-17.425270080566406,3.895402193069458,1.0,0.5959581714123487,2985.57421875,67.03369140625,,data/instances/train/real_06.cip
mix_16_0,28,1524,1524,A,,60.0,100,0.2955462336540222,2.1308343410491943,1.7059319019317627,0.39833333333333343,,,,,,,,,,,,,,,,,,,,,15,,224,224,0,1662237688,0,172,0,16,0,0.10874809324741364,1.0,-15.642341613769531,3.5621440410614014,1.0,0.6063400395214558,2985.57421875,67.03369140625,,data/instances/train/real_06.cip
mix_16_0,28,1525,1525,A,,60.0,100,0.06934235244989395,0.7609400749206543,3.3234200477600098,0.39675000000000005,,,,,,,,,,,,,,,,,,,,,16,,224,224,0,1661591152,0,173,0,16,0,0.07806935906410217,1.0,-16.102251052856445,3.4215052127838135,51.0,0.5177317094057798,2985.57421875,67.03369140625,,data/instances/train/real_06.cip
mix_16_0,28,1526,1526,A,,60.0,100,0.28507715463638306,2.6100547313690186,4.0938005447387695,0.39675000000000005,,,,,,,,,,,,,,,,,,,,,14,,224,224,0,1661591152,0,173,0,16,0,0.101738341152668,1.0,-17.325759887695312,2.748598337173462,51.0,0.5736479293555021,2985.57421875,67.03369140625,,data/instances/train/real_06.cip
mix_16_0,28,1527,1527,A,,60.0,100,0.15516898036003113,3.308427333831787,1.6037044525146484,0.39675000000000005,,,,,,,,,,,,,,,,,,,,,13,,224,224,0,1661591152,0,173,0,16,0,0.04489433392882347,1.0,-16.369422912597656,4.377614974975586,51.0,0.5884579606354237,2985.57421875,67.03369140625,,data/instances/train/real_06.cip
mix_16_0,28,1528,1528,A,,60.0,100,0.32641690969467163,3.1146717071533203,5.52328634262085,0.39675000000000005,,,,,,,,,,,,,,,,,,,,,14,,224,224,0,1661591152,0,173,0,16,0,0.0914265364408493,1.0,-14.667577743530273,3.678210496902466,51.0,0.5977978110313416,2985.57421875,67.03369140625,,data/instances/train/real_06.cip
mix_16_0,28,1529,1529,A,,60.0,100,0.11249905079603195,2.0315356254577637,2.9299798011779785,0.39516666666666667,,,,,,,,,,,,,,,,,,,,,15,,224,224,0,1661034476,0,174,0,16,0,0.044811513274908066,1.0,-14.552597045898438,4.706150054931641,1.0,0.5053109936416149,2985.57421875,67.03369140625,,data/instances/train/real_06.cip
mix_16_0,28,1530,1530,A,,60.0,100,0.06632120162248611,1.57774817943573,0.9584581255912781,0.39516666666666667,,,,,,,,,,,,,,,,,,,,,15,,224,224,0,1661034476,0,174,0,16,0,0.0372912771999836,1.0,-14.086000442504883,2.9169809818267822,1.0,0.5787942595779896,2985.57421875,67.03369140625,,data/instances/train/real_06.cip
mix_16_0,28,1531,1531,A,,60.0,100,0.43518561124801636,2.6814143657684326,9.775752067565918,0.39516666666666667,,,,,,,,,,,,,,,,,,,,,14,,224,224,0,1661034476,0,174,0,16,0,0.13719448447227478,1.0,-15.652143478393555,3.4697585105895996,1.0,0.596375135704875,2985.57421875,67.03369140625,,data/instances/train/real_06.cip
mix_16_0,28,1532,1532,A,,60.0,100,0.20980185270309448,1.7069323062896729,4.452760219573975,0.39516666666666667,,,,,,,,,,,,,,,,,,,,,15,,224,224,0,1661034476,0,174,0,16,0,0.10520279407501221,1.0,-16.589580535888672,3.547488212585449,1.0,0.5992867592722178,2985.57421875,67.03369140625,,data/instances/train/real_06.cip
mix_16_0,28,1533,1533,A,,60.0,100,0.26610469818115234,2.9984045028686523,2.1574625968933105,0.3935833333333334,,,,,,,,,,,,,,,,,,,,,14,,224,224,0,1660561228,0,175,0,16,0,0.07754217833280563,1.0,-14.96633243560791,4.085150718688965,87.0,0.5102804526686668,2985.57421875,67.03369140625,,data/instances/train/real_06.cip
mix_16_0,28,1534,1534,A,,60.0,100,0.2618412673473358,1.5173091888427734,4.857574462890625,0.3935833333333334,,,,,,,,,,,,,,,,,,,,,16,,224,224,0,1660561228,0,175,0,16,0,0.1856403648853302,1.0,-14.867969512939453,3.216904640197754,87.0,0.5878316946327686,2985.57421875,67.03369140625,,data/instances/train/real_06.cip
mix_16_0,28,1535,1535,A,,60.0,100,0.2317228615283966,2.8223049640655518,7.11265754699707,0.3935833333333334,,,,,,,,,,,,,,,,,,,,,14,,224,224,0,1660561228,0,175,0,16,0,0.07288464158773422,1.0,-16.73889923095703,4.0450639724731445,87.0,0.5907348915934563,2985.57421875,67.03369140625,,data/instances/train/real_06.cip
mix_16_0,28,1536,1536,A,,60.0,100,0.053120411932468414,1.7268996238708496,2.9512455463409424,0.3935833333333334,,,,,,,,,,,,,,,,,,,,,15,,224,224,0,1660561228,0,175,0,16,0,0.02159416675567627,1.0,-16.65313720703125,4.081246376037598,87.0,0.6027500461786985,2985.57421875,67.03369140625,,data/instances/train/real_06.cip
mix_16_0,28,1537,1537,A,,60.0,100,0.29181811213493347,3.7033393383026123,4.461867809295654,0.392,,,,,,,,,,,,,,,,,,,,,13,,224,224,0,1659840252,0,176,0,16,0,0.07465274631977081,1.0,-18.057769775390625,2.3359320163726807,1.0,0.5005612019449472,2985.57421875,67.03369140625,,data/instances/train/real_06.cip
mix_16_0,28,1538,1538,A,,60.0,100,0.17282992601394653,1.6581907272338867,4.696207523345947,0.392,,,,,,,,,,,,,,,,,,,,,15,,224,224,0,1659840252,0,176,0,16,0,0.08230273425579071,1.0,-15.685884475708008,3.9124388694763184,1.0,0.5938404370099306,2985.57421875,67.03369140625,,data/instances/train/real_06.cip
mix_16_0,28,1539,1539,A,,60.0,100,0.35389673709869385,3.2989847660064697,1.678426742553711,0.392,,,,,,,,,,,,,,,,,,,,,13,,224,224,0,1659840252,0,176,0,16,0,0.09478385746479034,1.0,-15.331581115722656,3.828562021255493,1.0,0.5867971442639828,2985.57421875,67.03369140625,,data/instances/train/real_06.cip
mix_16_0,28,1540,1540,A,,60.0,100,0.4169720411300659,3.0300488471984863,1.4612044095993042,0.392,,,,,,,,,,,,,,,,,,,,,14,,224,224,0,1659840252,0,176,0,16,0,0.12087040394544601,1.0,-15.724370956420898,3.8661258220672607,1.0,0.5959744043648243,2985.57421875,67.03369140625,,data/instances/train/real_06.cip
mix_16_0,28,1541,1541,A,,60.0,100,0.4267193675041199,2.5395560264587402,22.934825897216797,0.39041666666666663,,,,,,,,,,,,,,,,,,,,,14,,224,224,0,1659118428,0,177,0,16,0,0.12272127717733383,1.0,-15.453694343566895,4.074488639831543,1.0,0.5239863023161888,2985.57421875,67.03369140625,,data/instances/train/real_06.cip
mix_16_0,28,1542,1542,A,,60.0,100,0.2064579576253891,2.153499126434326,5.746387958526611,0.39041666666666663,,,,,,,,,,,,,,,,,,,,,15,,224,224,0,1659118428,0,177,0,16,0,0.08116619288921356,1.0,-14.688878059387207,3.142446756362915,1.0,0.5787346810102463,2985.57421875,67.03369140625,,data/instances/train/real_06.cip
mix_16_0,28,1543,1543,A,,60.0,100,0.11831122636795044,0.7656127214431763,6.449376106262207,0.39041666666666663,,,,,,,,,,,,,,,,,,,,,16,,224,224,0,1659118428,0,177,0,16,0,0.17034462094306946,1.0,-17.010913848876953,3.8969194889068604,1.0,0.6151645146310329,2985.57421875,67.03369140625,,data/instances/train/real_06.cip
mix_16_0,28,1544,1544,A,,60.0,100,0.7471109628677368,5.017401218414307,9.883674621582031,0.39041666666666663,,,,,,,,,,,,,,,,,,,,,12,,224,224,0,1659118428,0,177,0,16,0,0.12904755771160126,1.0,-15.00567626953125,3.7639267444610596,1.0,0.58790940977633,2985.57421875,67.03369140625,,data/instances/train/real_06.cip
mix_16_0,28,1545,1545,A,,60.0,100,0.11630795150995255,2.97243595123291,2.643376588821411,0.38883333333333336,,,,,,,,,,,,,,,,,,,,,14,,224,224,0,1658401708,0,178,0,16,0,0.03398792818188667,1.0,-14.065632820129395,3.5113489627838135,1.0,0.5009359326213598,2985.57421875,67.03369140625,,data/instances/train/real_06.cip
mix_16_0,28,1546,1546,A,,60.0,100,0.19108372926712036,2.333080530166626,1.2373393774032593,0.38883333333333336,,,,,,,,,,,,,,,,,,,,,15,,224,224,0,1658401708,0,178,0,16,0,0.06888739764690399,1.0,-15.337862968444824,3.9349517822265625,1.0,0.5818714443594217,2985.57421875,67.03369140625,,data/instances/train/real_06.cip
mix_16_0,28,1547,1547,A,,60.0,100,0.24940131604671478,2.8829121589660645,2.502103805541992,0.38883333333333336,,,,,,,,,,,,,,,,,,,,,14,,224,224,0,1658401708,0,178,0,16,0,0.07497034221887589,1.0,-14.893790245056152,3.495823860168457,1.0,0.5990357045084238,2985.57421875,67.03369140625,,data/instances/train/real_06.cip
mix_16_0,28,1548,1548,A,,60.0,100,0.1599148064851761,0.8541815280914307,12.994660377502441,0.38883333333333336,,,,,,,,,,,,,,,,,,,,,16,,224,224,0,1658401708,0,178,0,16,0,0.18169169127941132,1.0,-14.712230682373047,3.927579641342163,1.0,0.6054918635636568,2985.57421875,67.03369140625,,data/instances/train/real_06.cip
mix_16_0,28,1549,1549,A,,60.0,100,0.10739507526159286,1.7170382738113403,3.8476758003234863,0.38725,,,,,,,,,,,,,,,,,,,,,15,,224,224,0,1657605460,0,179,0,16,0,0.04608013480901718,1.0,-14.926763534545898,5.012724876403809,1.0,0.5034659095108509,2985.57421875,67.03369140625,,data/instances/train/real_06.cip
mix_16_0,28,1550,1550,A,,60.0,100,0.2630864083766937,2.4792418479919434,3.107405662536621,0.38725,,,,,,,,,,,,,,,,,,,,,14,,224,224,0,1657605460,0,179,0,16,0,0.10485059767961502,1.0,-15.612811088562012,5.0622477531433105,1.0,0.5935442950576544,2985.57421875,67.03369140625,,data/instances/train/real_06.cip
mix_16_0,28,1551,1551,A,,60.0,100,0.16923615336418152,2.0507657527923584,5.75124454498291,0.38725,,,,,,,,,,,,,,,,,,,,,15,,224,224,0,1657605460,0,179,0,16,0,0.05892555043101311,1.0,-13.234111785888672,4.654332160949707,1.0,0.5986292790621519,2985.57421875,67.03369140625,,data/instances/train/real_06.cip
mix_16_0,28,1552,1552,A,,60.0,100,0.396206259727478,3.174478530883789,15.560673713684082,0.38725,,,,,,,,,,,,,,,,,,,,,14,,224,224,0,1657605460,0,179,0,16,0,0.09156439453363419,1.0,-17.24318504333496,3.867638111114502,1.0,0.5944388993084431,2985.57421875,67.03369140625,,data/instances/train/real_06.cip
mix_16_0,28,1553,1553,A,,60.0,100,0.34451982378959656,1.6477686166763306,15.71649169921875,0.3856666666666667,,,,,,,,,,,,,,,,,,,,,15,,224,224,0,1656806452,0,180,0,16,0,0.15996555984020233,1.0,-15.538372993469238,4.9573211669921875,1.0,0.5052479542791843,2985.57421875,67.03369140625,,data/instances/train/real_06.cip
mix_16_0,28,1554,1554,A,,60.0,100,0.14602141082286835,3.5666146278381348,3.480633497238159,0.3856666666666667,,,,,,,,,,,,,,,,,,,,,14,,224,224,0,1656806452,0,180,0,16,0,0.03125162422657013,1.0,-14.488831520080566,6.534286975860596,1.0,0.5796009488403797,2985.57421875,67.03369140625,,data/instances/train/real_06.cip
mix_16_0,28,1555,1555,A,,60.0,100,0.3683045208454132,3.066840648651123,7.2141194343566895,0.3856666666666667,,,,,,,,,,,,,,,,,,,,,14,,224,224,0,1656806452,0,180,0,16,0,0.08515669405460358,1.0,-12.77322006225586,5.347746849060059,1.0,0.5905386582016945,2985.57421875,67.03369140625,,data/instances/train/real_06.cip
mix_16_0,28,1556,1556,A,,60.0,100,0.47236189246177673,2.890071392059326,9.05686092376709,0.3856666666666667,,,,,,,,,,,,,,,,,,,,,14,,224,224,0,1656806452,0,180,0,16,0,0.1257162243127823,1.0,-15.744645118713379,4.124654769897461,1.0,0.6102400328963995,2985.57421875,67.03369140625,,data/instances/train/real_06.cip
mix_16_0,28,1557,1557,A,,60.0,100,0.3331698775291443,4.31296968460083,1.9325021505355835,0.38408333333333333,,,,,,,,,,,,,,,,,,,,,12,,224,224,0,1656013424,0,181,0,16,0,0.0714636743068695,1.0,-17.62959098815918,3.8429155349731445,1.0,0.4948782045394182,2985.57421875,67.03369140625,,data/instances/train/real_06.cip
mix_16_0,28,1558,1558,A,,60.0,100,0.20922811329364777,4.116340637207031,4.603425025939941,0.38408333333333333,,,,,,,,,,,,,,,,,,,,,12,,224,224,0,1656013424,0,181,0,16,0,0.04763505980372429,1.0,-16.719478607177734,4.304098129272461,1.0,0.5672167148441076,2985.57421875,67.03369140625,,data/instances/train/real_06.cip
mix_16_0,28,1559,1559,A,,60.0,100,0.8058966398239136,3.0894694328308105,4.808377742767334,0.38408333333333333,,,,,,,,,,,,,,,,,,,,,14,,224,224,0,1656013424,0,181,0,16,0,0.21670246124267578,1.0,-14.563081741333008,4.382937431335449,1.0,0.4409634917974472,2985.57421875,67.03369140625,,data/instances/train/real_06.cip
mix_16_0,28,1560,1560,A,,60.0,100,0.13575626909732819,2.7404003143310547,1.9460757970809937,0.38408333333333333,,,,,,,,,,,,,,,,,,,,,14,,224,224,0,1656013424,0,181,0,16,0,0.042341448366642,1.0,-15.512961387634277,5.844061851501465,1.0,0.3346005193889141,2985.57421875,67.03369140625,,data/instances/train/real_06.cip
mix_16_0,28,1561,1561,A,,60.0,100,0.26875293254852295,2.8866262435913086,6.098687648773193,0.38250000000000006,,,,,,,,,,,,,,,,,,,,,14,,224,224,0,1653198064,0,182,0,16,0,0.08247901499271393,1.0,-15.479522705078125,4.833050727844238,1.0,0.4929801728576422,2985.57421875,67.03369140625,,data/instances/train/real_06.cip
mix_16_0,28,1562,1562,A,,60.0,100,0.2634434401988983,3.680941581726074,1.9371989965438843,0.38250000000000006,,,,,,,,,,,,,,,,,,,,,13,,224,224,0,1653198064,0,182,0,16,0,0.0665913000702858,1.0,-15.113876342773438,5.718687057495117,1.0,0.45376182720065117,2985.57421875,67.03369140625,,data/instances/train/real_06.cip
mix_16_0,28,1563,1563,A,,60.0,100,0.14571596682071686,1.878997802734375,4.357632637023926,0.38250000000000006,,,,,,,,,,,,,,,,,,,,,15,,224,224,0,1653198064,0,182,0,16,0,0.060201551765203476,1.0,-15.990192413330078,5.170468330383301,1.0,0.6034546978771687,2985.57421875,67.03369140625,,data/instances/train/real_06.cip
mix_16_0,28,1564,1564,A,,60.0,100,0.19121603667736053,1.6981792449951172,10.42336368560791,0.38250000000000006,,,,,,,,,,,,,,,,,,,,,15,,224,224,0,1653198064,0,182,0,16,0,0.09347544610500336,1.0,-17.258724212646484,4.534433364868164,1.0,0.6013347823172808,2985.57421875,67.03369140625,,data/instances/train/real_06.cip
mix_16_0,28,1565,1565,A,,60.0,100,0.07901899516582489,1.725379467010498,0.9307519197463989,0.3809166666666668,,,,,,,,,,,,,,,,,,,,,15,,224,224,0,1650385028,0,183,0,16,0,0.036866094917058945,1.0,-14.973215103149414,4.602218151092529,1.0,0.5050525777041912,2985.57421875,67.03369140625,,data/instances/train/real_06.cip
mix_16_0,28,1566,1566,A,,60.0,100,0.20660611987113953,2.5488009452819824,4.49013614654541,0.3809166666666668,,,,,,,,,,,,,,,,,,,,,14,,224,224,0,1650385028,0,183,0,16,0,0.0709269642829895,1.0,-15.174629211425781,5.139237403869629,1.0,0.5990883391350508,2985.57421875,67.03369140625,,data/instances/train/real_06.cip
mix_16_0,28,1567,1567,A,,60.0,100,0.2999551594257355,1.3976470232009888,2.3646907806396484,0.3809166666666668,,,,,,,,,,,,,,,,,,,,,15,,224,224,0,1650385028,0,183,0,16,0,0.19189633429050446,1.0,-14.951602935791016,4.554722309112549,1.0,0.5746067948639393,2985.57421875,67.03369140625,,data/instances/train/real_06.cip
mix_16_0,28,1568,1568,A,,60.0,100,0.1625087559223175,2.878215789794922,0.9709598422050476,0.3809166666666668,,,,,,,,,,,,,,,,,,,,,14,,224,224,0,1650385028,0,183,0,16,0,0.04646654427051544,1.0,-15.63211727142334,5.003700256347656,1.0,0.5847840644419193,2985.57421875,67.03369140625,,data/instances/train/real_06.cip
episode,28,1568,1568,A,,60.0,100,0.1625087559223175,2.878215789794922,0.9709598422050476,0.3793333333333334,-17.0635,-17.0,-0.0635,-17.0635,True,18,61.524739,,,,,,,,inf,0.025256865289140763,120.0,12.108041,0.0,8760,14,True,224,224,0,1645030832,0,185,0,16,0,,,,,17.529411764705884,,2985.57421875,67.03369140625,timelimit,data/instances/train/real_06.cip
mix_16_0,29,1569,1569,A,,60.0,100,0.2523994743824005,3.1101574897766113,3.5031650066375732,0.3793333333333334,,,,,,,,,,,,,,,,,,,,,13,,224,224,0,1645030832,0,185,0,16,0,0.06587495654821396,1.0,-14.036914825439453,5.66756010055542,1.0,0.5427119601517916,2985.77734375,67.03369140625,,data/instances/train/real_07.cip
mix_16_0,29,1570,1570,A,,60.0,100,0.1445140689611435,1.3693655729293823,3.0782318115234375,0.3793333333333334,,,,,,,,,,,,,,,,,,,,,15,,224,224,0,1645030832,0,185,0,16,0,0.09790054708719254,1.0,-15.190957069396973,3.2976486682891846,1.0,0.5938089955598116,2985.77734375,67.03369140625,,data/instances/train/real_07.cip
mix_16_0,29,1571,1571,A,,60.0,100,0.1440829336643219,1.557794451713562,5.376692771911621,0.3793333333333334,,,,,,,,,,,,,,,,,,,,,15,,224,224,0,1645030832,0,185,0,16,0,0.08397935330867767,1.0,-16.500038146972656,6.007713317871094,1.0,0.6163520216941833,2985.77734375,67.03369140625,,data/instances/train/real_07.cip
mix_16_0,29,1572,1572,A,,60.0,100,0.67470782995224,6.152963638305664,3.9210708141326904,0.3793333333333334,,,,,,,,,,,,,,,,,,,,,10,,224,224,0,1645030832,0,185,0,16,0,0.09325966984033585,1.0,-12.358673095703125,5.203441619873047,1.0,0.5044167228043079,2985.77734375,67.03369140625,,data/instances/train/real_07.cip
mix_16_0,29,1573,1573,A,,60.0,100,0.6174108982086182,4.584249496459961,4.965077877044678,0.37775000000000003,,,,,,,,,,,,,,,,,,,,,12,,224,224,0,1645030832,0,185,0,16,0,0.11807860434055328,1.0,-15.737977981567383,5.185661315917969,1.0,0.4399866070598364,2985.77734375,67.03369140625,,data/instances/train/real_07.cip
mix_16_0,29,1574,1574,A,,60.0,100,0.49158644676208496,3.5414535999298096,9.858925819396973,0.37775000000000003,,,,,,,,,,,,,,,,,,,,,13,,224,224,0,1645030832,0,185,0,16,0,0.12400801479816437,1.0,-14.964156150817871,4.667994499206543,1.0,0.56847158446908,2985.77734375,67.03369140625,,data/instances/train/real_07.cip
mix_16_0,29,1575,1575,A,,60.0,100,0.5216554403305054,3.3660950660705566,4.310147762298584,0.37775000000000003,,,,,,,,,,,,,,,,,,,,,13,,224,224,0,1645030832,0,185,0,16,0,0.13814108073711395,1.0,-10.842154502868652,5.836515426635742,1.0,0.5935866720974445,2985.77734375,67.03369140625,,data/instances/train/real_07.cip
mix_16_0,29,1576,1576,A,,60.0,100,0.19248811900615692,1.5860025882720947,5.486526966094971,0.37775000000000003,,,,,,,,,,,,,,,,,,,,,15,,224,224,0,1645030832,0,185,0,16,0,0.09620285034179688,1.0,-16.314714431762695,6.22476863861084,1.0,0.6133946683257818,2985.77734375,67.03369140625,,data/instances/train/real_07.cip
mix_16_0,29,1577,1577,A,,60.0,100,0.22044707834720612,2.1254382133483887,7.411636829376221,0.37616666666666676,,,,,,,,,,,,,,,,,,,,,15,,224,224,0,1645499552,0,186,0,16,0,0.07133916765451431,1.0,-12.97767162322998,5.182741165161133,1.0,0.5034456346184015,2985.77734375,67.03369140625,,data/instances/train/real_07.cip
mix_16_0,29,1578,1578,A,,60.0,100,0.5372899770736694,2.1612329483032227,7.072417259216309,0.37616666666666676,,,,,,,,,,,,,,,,,,,,,15,,224,224,0,1645499552,0,186,0,16,0,0.19279886782169342,1.0,-14.423154830932617,6.140105247497559,1.0,0.5954269748181105,2985.77734375,67.03369140625,,data/instances/train/real_07.cip
mix_16_0,29,1579,1579,A,,60.0,100,0.17420051991939545,1.5703892707824707,3.1130664348602295,0.37616666666666676,,,,,,,,,,,,,,,,,,,,,15,,224,224,0,1645499552,0,186,0,16,0,0.06442420929670334,1.0,-15.66269302368164,4.629505157470703,1.0,0.6153858751058578,2985.77734375,67.03369140625,,data/instances/train/real_07.cip
mix_16_0,29,1580,1580,A,,60.0,100,0.1362006664276123,2.6367340087890625,3.473999500274658,0.37616666666666676,,,,,,,,,,,,,,,,,,,,,14,,224,224,0,1645499552,0,186,0,16,0,0.046769287437200546,1.0,-13.414619445800781,3.704439401626587,1.0,0.6048376839607954,2985.77734375,67.03369140625,,data/instances/train/real_07.cip
mix_16_0,29,1581,1581,A,,60.0,100,0.3350052535533905,1.7549011707305908,7.677229404449463,0.3745833333333334,,,,,,,,,,,,,,,,,,,,,15,,224,224,0,1645757012,0,187,0,16,0,0.14724475145339966,1.0,-16.834766387939453,3.7641820907592773,1.0,0.5145428087562323,2985.77734375,67.03369140625,,data/instances/train/real_07.cip
mix_16_0,29,1582,1582,A,,60.0,100,0.43706557154655457,5.206760406494141,5.280951976776123,0.3745833333333334,,,,,,,,,,,,,,,,,,,,,11,,224,224,0,1645757012,0,187,0,16,0,0.07371614873409271,1.0,-15.234472274780273,3.783414840698242,1.0,0.5565971937030554,2985.77734375,67.03369140625,,data/instances/train/real_07.cip
mix_16_0,29,1583,1583,A,,60.0,100,0.5264925956726074,3.3124067783355713,6.032384395599365,0.3745833333333334,,,,,,,,,,,,,,,,,,,,,14,,224,224,0,1645757012,0,187,0,16,0,0.12758755683898926,1.0,-12.800176620483398,5.407362461090088,1.0,0.6089469809085131,2985.77734375,67.03369140625,,data/instances/train/real_07.cip
mix_16_0,29,1584,1584,A,,60.0,100,0.07430316507816315,2.4061973094940186,0.8050380945205688,0.3745833333333334,,,,,,,,,,,,,,,,,,,,,14,,224,224,0,1645757012,0,187,0,16,0,0.028882991522550583,1.0,-15.70242977142334,4.703465461730957,1.0,0.5907360408455133,2985.77734375,67.03369140625,,data/instances/train/real_07.cip
mix_16_0,29,1585,1585,A,,60.0,100,0.22828564047813416,2.9756226539611816,2.2431774139404297,0.373,,,,,,,,,,,,,,,,,,,,,13,,224,224,0,1645970328,0,188,0,16,0,0.06517216563224792,1.0,-15.639589309692383,4.735863208770752,261.0,0.501147635281086,2985.77734375,67.03369140625,,data/instances/train/real_07.cip
mix_16_0,29,1586,1586,A,,60.0,100,0.48956406116485596,2.9422807693481445,6.047834873199463,0.373,,,,,,,,,,,,,,,,,,,,,14,,224,224,0,1645970328,0,188,0,16,0,0.1397118717432022,1.0,-14.253366470336914,2.991503953933716,261.0,0.6055464744567871,2985.77734375,67.03369140625,,data/instances/train/real_07.cip
mix_16_0,29,1587,1587,A,,60.0,100,0.4818471670150757,3.6802003383636475,6.636839389801025,0.373,,,,,,,,,,,,,,,,,,,,,13,,224,224,0,1645970328,0,188,0,16,0,0.11681120842695236,1.0,-16.247486114501953,2.6505842208862305,261.0,0.6854130458086729,2985.77734375,67.03369140625,,data/instances/train/real_07.cip
mix_16_0,29,1588,1588,A,,60.0,100,0.10457490384578705,1.0297528505325317,4.66455078125,0.373,,,,,,,,,,,,,,,,,,,,,16,,224,224,0,1645970328,0,188,0,16,0,0.12301473319530487,1.0,-15.931264877319336,5.4325737953186035,261.0,0.6288637612015009,2985.77734375,67.03369140625,,data/instances/train/real_07.cip
mix_16_0,29,1589,1589,A,,60.0,100,0.5483237504959106,3.3271870613098145,3.6948506832122803,0.37141666666666673,,,,,,,,,,,,,,,,,,,,,14,,224,224,0,1645918160,0,189,0,16,0,0.1441168338060379,1.0,-16.95354652404785,4.75662899017334,1.0,0.5556323081254959,2985.77734375,67.03369140625,,data/instances/train/real_07.cip
mix_16_0,29,1590,1590,A,,60.0,100,0.22922761738300323,2.008875846862793,9.956006050109863,0.37141666666666673,,,,,,,,,,,,,,,,,,,,,14,,224,224,0,1645918160,0,189,0,16,0,0.10199597477912903,1.0,-16.154937744140625,4.815426349639893,1.0,0.6061231512576342,2985.77734375,67.03369140625,,data/instances/train/real_07.cip
mix_16_0,29,1591,1591,A,,60.0,100,0.17227041721343994,1.3535237312316895,3.2515642642974854,0.37141666666666673,,,,,,,,,,,,,,,,,,,,,15,,224,224,0,1645918160,0,189,0,16,0,0.10030634701251984,1.0,-15.2637939453125,5.4347758293151855,1.0,0.6449403446167707,2985.77734375,67.03369140625,,data/instances/train/real_07.cip
mix_16_0,29,1592,1592,A,,60.0,100,0.16018836200237274,3.7734599113464355,3.566401481628418,0.37141666666666673,,,,,,,,,,,,,,,,,,,,,12,,224,224,0,1645918160,0,189,0,16,0,0.03798263147473335,1.0,-14.99018383026123,4.720526695251465,1.0,0.536627946421504,2985.77734375,67.03369140625,,data/instances/train/real_07.cip
mix_16_0,29,1593,1593,A,,60.0,100,0.2028607577085495,3.2533833980560303,6.438874244689941,0.36983333333333335,,,,,,,,,,,,,,,,,,,,,12,,224,224,0,1645726888,0,190,0,16,0,0.04749554768204689,1.0,-14.97421646118164,4.395408630371094,65.0,0.5344278290867805,2985.77734375,67.03369140625,,data/instances/train/real_07.cip
mix_16_0,29,1594,1594,A,,60.0,100,0.7387486100196838,3.1111550331115723,18.76548957824707,0.36983333333333335,,,,,,,,,,,,,,,,,,,,,13,,224,224,0,1645726888,0,190,0,16,0,0.16067512333393097,1.0,-13.509326934814453,5.717409610748291,65.0,0.6253077574074268,2985.77734375,67.03369140625,,data/instances/train/real_07.cip
mix_16_0,29,1595,1595,A,,60.0,100,0.4192028045654297,2.650430917739868,6.8252129554748535,0.36983333333333335,,,,,,,,,,,,,,,,,,,,,14,,224,224,0,1645726888,0,190,0,16,0,0.12443212419748306,1.0,-13.006185531616211,5.16461706161499,65.0,0.654486458748579,2985.77734375,67.03369140625,,data/instances/train/real_07.cip
mix_16_0,29,1596,1596,A,,60.0,100,0.3237844705581665,3.1620960235595703,0.921210527420044,0.36983333333333335,,,,,,,,,,,,,,,,,,,,,13,,224,224,0,1645726888,0,190,0,16,0,0.09071045368909836,1.0,-13.981428146362305,4.874022960662842,65.0,0.5812421422451735,2985.77734375,67.03369140625,,data/instances/train/real_07.cip
mix_16_0,29,1597,1597,A,,60.0,100,0.5103796720504761,2.63450288772583,4.124378204345703,0.36824999999999997,,,,,,,,,,,,,,,,,,,,,14,,224,224,0,1645306716,0,191,0,16,0,0.15712229907512665,1.0,-14.87072467803955,4.986873149871826,209.0,0.544807530939579,2985.77734375,67.03369140625,,data/instances/train/real_07.cip
mix_16_0,29,1598,1598,A,,60.0,100,0.24513526260852814,2.809093475341797,9.009202003479004,0.36824999999999997,,,,,,,,,,,,,,,,,,,,,13,,224,224,0,1645306716,0,191,0,16,0,0.07014508545398712,1.0,-13.710071563720703,4.591019153594971,209.0,0.6155773997306824,2985.77734375,67.03369140625,,data/instances/train/real_07.cip
mix_16_0,29,1599,1599,A,,60.0,100,0.6742632389068604,3.8359525203704834,11.813673973083496,0.36824999999999997,,,,,,,,,,,,,,,,,,,,,13,,224,224,0,1645306716,0,191,0,16,0,0.13201016187667847,1.0,-15.42194938659668,4.899218559265137,209.0,0.5718929599970579,2985.77734375,67.03369140625,,data/instances/train/real_07.cip
mix_16_0,29,1600,1600,A,,60.0,100,0.12300295382738113,2.7764787673950195,4.190028190612793,0.36824999999999997,,,,,,,,,,,,,,,,,,,,,13,,224,224,0,1645306716,0,191,0,16,0,0.03781267628073692,1.0,-15.791703224182129,4.662317276000977,209.0,0.585355507209897,2985.77734375,67.03369140625,,data/instances/train/real_07.cip
mix_16_0,29,1601,1601,A,,60.0,100,0.2050212025642395,2.0528578758239746,1.7644027471542358,0.3666666666666667,,,,,,,,,,,,,,,,,,,,,15,,224,224,0,1644386984,0,192,0,16,0,0.06912863999605179,1.0,-16.623498916625977,5.099400043487549,1.0,0.5733474716544151,2985.77734375,67.03369140625,,data/instances/train/real_07.cip
mix_16_0,29,1602,1602,A,,60.0,100,0.2552628815174103,1.070428729057312,4.84104061126709,0.3666666666666667,,,,,,,,,,,,,,,,,,,,,16,,224,224,0,1644386984,0,192,0,16,0,0.1421722024679184,1.0,-16.926111221313477,3.950946807861328,1.0,0.6438009943813086,2985.77734375,67.03369140625,,data/instances/train/real_07.cip
mix_16_0,29,1603,1603,A,,60.0,100,0.7300687432289124,2.4061367511749268,15.95721435546875,0.3666666666666667,,,,,,,,,,,,,,,,,,,,,15,,224,224,0,1644386984,0,192,0,16,0,0.2059645652770996,1.0,-14.184097290039062,4.91174840927124,1.0,0.6081383544951677,2985.77734375,67.03369140625,,data/instances/train/real_07.cip
mix_16_0,29,1604,1604,A,,60.0,100,0.26899129152297974,3.07810115814209,11.83030891418457,0.3666666666666667,,,,,,,,,,,,,,,,,,,,,13,,224,224,0,1644386984,0,192,0,16,0,0.06373275816440582,1.0,-14.63746452331543,4.215797424316406,1.0,0.5754574425518513,2985.77734375,67.03369140625,,data/instances/train/real_07.cip
mix_16_0,29,1605,1605,A,,60.0,100,0.28366023302078247,1.2808022499084473,13.17210865020752,0.3650833333333333,,,,,,,,,,,,,,,,,,,,,16,,224,224,0,1643214396,0,193,0,16,0,0.12141583114862442,1.0,-14.004709243774414,5.234489917755127,1.0,0.5052739679813385,2985.77734375,67.03369140625,,data/instances/train/real_07.cip
mix_16_0,29,1606,1606,A,,60.0,100,0.23481951653957367,3.038243532180786,0.9965597987174988,0.3650833333333333,,,,,,,,,,,,,,,,,,,,,13,,224,224,0,1643214396,0,193,0,16,0,0.07241977751255035,1.0,-13.789505004882812,4.6782708168029785,1.0,0.5072853174060583,2985.77734375,67.03369140625,,data/instances/train/real_07.cip
mix_16_0,29,1607,1607,A,,60.0,100,0.19239039719104767,2.7370142936706543,4.626740455627441,0.3650833333333333,,,,,,,,,,,,,,,,,,,,,14,,224,224,0,1643214396,0,193,0,16,0,0.05631539970636368,1.0,-15.37615966796875,6.210452079772949,1.0,0.5660668592900038,2985.77734375,67.03369140625,,data/instances/train/real_07.cip
mix_16_0,29,1608,1608,A,,60.0,100,0.3388485312461853,2.6872024536132812,12.419685363769531,0.3650833333333333,,,,,,,,,,,,,,,,,,,,,14,,224,224,0,1643214396,0,193,0,16,0,0.10012583434581757,1.0,-13.743255615234375,4.753975868225098,1.0,0.5989955570548773,2985.77734375,67.03369140625,,data/instances/train/real_07.cip
mix_16_0,29,1609,1609,A,,60.0,100,0.04452962428331375,2.1109397411346436,1.2209486961364746,0.36350000000000005,,,,,,,,,,,,,,,,,,,,,15,,224,224,0,1643843496,0,194,0,16,0,0.014645040035247803,1.0,-16.85293960571289,4.0337653160095215,1.0,0.5082988310605288,2985.77734375,67.03369140625,,data/instances/train/real_07.cip
mix_16_0,29,1610,1610,A,,60.0,100,0.21663077175617218,1.3890156745910645,6.178468704223633,0.36350000000000005,,,,,,,,,,,,,,,,,,,,,15,,224,224,0,1643843496,0,194,0,16,0,0.12395280599594116,1.0,-17.301856994628906,3.656362533569336,1.0,0.46516729332506657,2985.77734375,67.03369140625,,data/instances/train/real_07.cip
mix_16_0,29,1611,1611,A,,60.0,100,0.2660375237464905,2.569079875946045,1.899453043937683,0.36350000000000005,,,,,,,,,,,,,,,,,,,,,14,,224,224,0,1643843496,0,194,0,16,0,0.08421047776937485,1.0,-15.545015335083008,4.869616508483887,1.0,0.5176554601639509,2985.77734375,67.03369140625,,data/instances/train/real_07.cip
mix_16_0,29,1612,1612,A,,60.0,100,0.3306216597557068,3.278979539871216,4.675954341888428,0.36350000000000005,,,,,,,,,,,,,,,,,,,,,13,,224,224,0,1643843496,0,194,0,16,0,0.07787901908159256,1.0,-15.262228965759277,4.77293586730957,1.0,0.585096687078476,2985.77734375,67.03369140625,,data/instances/train/real_07.cip
mix_16_0,29,1613,1613,A,,60.0,100,0.16899144649505615,2.2775156497955322,7.0412373542785645,0.3619166666666668,,,,,,,,,,,,,,,,,,,,,15,,224,224,0,1644456892,0,195,0,16,0,0.031859491020441055,1.0,-15.545190811157227,3.158240795135498,1.0,0.49531632475554943,2985.77734375,67.03369140625,,data/instances/train/real_07.cip
mix_16_0,29,1614,1614,A,,60.0,100,0.29154396057128906,3.122148275375366,7.55959939956665,0.3619166666666668,,,,,,,,,,,,,,,,,,,,,13,,224,224,0,1644456892,0,195,0,16,0,0.06304681301116943,1.0,-15.224767684936523,4.331504821777344,1.0,0.5118348710238934,2985.77734375,67.03369140625,,data/instances/train/real_07.cip
mix_16_0,29,1615,1615,A,,60.0,100,0.1872509866952896,1.0351006984710693,7.391021251678467,0.3619166666666668,,,,,,,,,,,,,,,,,,,,,16,,224,224,0,1644456892,0,195,0,16,0,0.2115032821893692,1.0,-12.912162780761719,6.056654930114746,1.0,0.5989398807287216,2985.77734375,67.03369140625,,data/instances/train/real_07.cip
mix_16_0,29,1616,1616,A,,60.0,100,0.25764209032058716,1.1170052289962769,3.373708486557007,0.3619166666666668,,,,,,,,,,,,,,,,,,,,,16,,224,224,0,1644456892,0,195,0,16,0,0.14767496287822723,1.0,-13.094698905944824,4.01545524597168,1.0,0.6206529345363379,2985.77734375,67.03369140625,,data/instances/train/real_07.cip
mix_16_0,29,1617,1617,A,,60.0,100,0.08922536671161652,2.2198493480682373,1.248671531677246,0.3603333333333334,,,,,,,,,,,,,,,,,,,,,15,,224,224,0,1644952624,0,196,0,16,0,0.03268393129110336,1.0,-17.511634826660156,4.222112655639648,1.0,0.5353015717118979,2985.77734375,67.03369140625,,data/instances/train/real_07.cip
mix_16_0,29,1618,1618,A,,60.0,100,0.1901428997516632,1.3855602741241455,7.717406749725342,0.3603333333333334,,,,,,,,,,,,,,,,,,,,,16,,224,224,0,1644952624,0,196,0,16,0,0.08674147725105286,1.0,-14.274202346801758,4.115502834320068,1.0,0.5677754897624254,2985.77734375,67.03369140625,,data/instances/train/real_07.cip
mix_16_0,29,1619,1619,A,,60.0,100,0.3716241717338562,3.4972548484802246,4.342448711395264,0.3603333333333334,,,,,,,,,,,,,,,,,,,,,13,,224,224,0,1644952624,0,196,0,16,0,0.0915071964263916,1.0,-12.795846939086914,4.950829982757568,1.0,0.5631033778190613,2985.77734375,67.03369140625,,data/instances/train/real_07.cip
mix_16_0,29,1620,1620,A,,60.0,100,0.18727943301200867,0.8968276977539062,5.051545143127441,0.3603333333333334,,,,,,,,,,,,,,,,,,,,,16,,224,224,0,1644952624,0,196,0,16,0,0.27061712741851807,1.0,-15.610564231872559,4.778120040893555,1.0,0.6038577053695917,2985.77734375,67.03369140625,,data/instances/train/real_07.cip
episode,29,1620,1620,A,,60.0,100,0.18727943301200867,0.8968276977539062,5.051545143127441,0.35875,-14.013399999999997,-14.0,-0.013399999999999999,-14.013399999999997,True,15,62.342959,,,,,,,,inf,1e+20,120.0,inf,0.0,10090,16,True,224,224,0,1645939392,0,198,0,16,0,,,,,41.92307692307692,,2985.77734375,67.03369140625,timelimit,data/instances/train/real_07.cip
mix_16_0,30,1621,1621,A,,60.0,100,0.37451717257499695,2.1973187923431396,3.320727586746216,0.35875,,,,,,,,,,,,,,,,,,,,,15,,224,224,0,1645939392,0,198,0,16,0,0.1203971654176712,1.0,-14.459501266479492,2.5768496990203857,505.0,0.5358914043754339,2985.953125,67.03369140625,,data/instances/transfer/real_01.cip
mix_16_0,30,1622,1622,A,,60.0,100,0.3714072108268738,2.5686185359954834,8.215665817260742,0.35875,,,,,,,,,,,,,,,,,,,,,14,,224,224,0,1645939392,0,198,0,16,0,0.11884640902280807,1.0,-16.555164337158203,4.085237979888916,505.0,0.597567917779088,2985.953125,67.03369140625,,data/instances/transfer/real_01.cip
mix_16_0,30,1623,1623,A,,60.0,100,0.3093048632144928,0.9248537421226501,1.944923758506775,0.35875,,,,,,,,,,,,,,,,,,,,,16,,224,224,0,1645939392,0,198,0,16,0,0.33812543749809265,1.0,-15.679658889770508,3.617015838623047,505.0,0.6170700713992119,2985.953125,67.03369140625,,data/instances/transfer/real_01.cip
mix_16_0,30,1624,1624,A,,60.0,100,0.4301142692565918,1.927451729774475,7.576430320739746,0.35875,,,,,,,,,,,,,,,,,,,,,15,,224,224,0,1645939392,0,198,0,16,0,0.16286404430866241,1.0,-12.972759246826172,6.222497463226318,505.0,0.6160025168210268,2985.953125,67.03369140625,,data/instances/transfer/real_01.cip
mix_16_0,30,1625,1625,A,,60.0,100,0.20085099339485168,1.4233676195144653,5.846190929412842,0.35716666666666674,,,,,,,,,,,,,,,,,,,,,15,,224,224,0,1645939392,0,198,0,16,0,0.10626824200153351,1.0,-14.73664665222168,4.164652347564697,1.0,0.5140863377600908,2985.953125,67.03369140625,,data/instances/transfer/real_01.cip
mix_16_0,30,1626,1626,A,,60.0,100,0.340036541223526,2.5671257972717285,2.8428595066070557,0.35716666666666674,,,,,,,,,,,,,,,,,,,,,14,,224,224,0,1645939392,0,198,0,16,0,0.11376016587018967,1.0,-14.430192947387695,5.654379844665527,1.0,0.5847328454256058,2985.953125,67.03369140625,,data/instances/transfer/real_01.cip
mix_16_0,30,1627,1627,A,,60.0,100,0.267318457365036,1.2760355472564697,1.7978242635726929,0.35716666666666674,,,,,,,,,,,,,,,,,,,,,16,,224,224,0,1645939392,0,198,0,16,0,0.22823654115200043,1.0,-16.357162475585938,4.93391227722168,1.0,0.6198048405349255,2985.953125,67.03369140625,,data/instances/transfer/real_01.cip
mix_16_0,30,1628,1628,A,,60.0,100,0.18884621560573578,1.4757200479507446,8.618538856506348,0.35716666666666674,,,,,,,,,,,,,,,,,,,,,15,,224,224,0,1645939392,0,198,0,16,0,0.0989275798201561,1.0,-15.889344215393066,5.060230731964111,1.0,0.6087989807128906,2985.953125,67.03369140625,,data/instances/transfer/real_01.cip
mix_16_0,30,1629,1629,A,,60.0,100,0.30105090141296387,1.8772538900375366,14.384446144104004,0.35558333333333336,,,,,,,,,,,,,,,,,,,,,16,,224,224,0,1651219568,0,199,0,16,0,0.13740824162960052,1.0,-16.567543029785156,4.810118675231934,1.0,0.5076428446918726,2985.953125,67.03369140625,,data/instances/transfer/real_01.cip
mix_16_0,30,1630,1630,A,,60.0,100,0.12336422502994537,1.3206822872161865,0.8365225195884705,0.35558333333333336,,,,,,,,,,,,,,,,,,,,,15,,224,224,0,1651219568,0,199,0,16,0,0.07723092287778854,1.0,-15.72755241394043,3.223717212677002,1.0,0.5773431695997715,2985.953125,67.03369140625,,data/instances/transfer/real_01.cip
mix_16_0,30,1631,1631,A,,60.0,100,0.3826668858528137,2.5670595169067383,3.2047016620635986,0.35558333333333336,,,,,,,,,,,,,,,,,,,,,14,,224,224,0,1651219568,0,199,0,16,0,0.12439369410276413,1.0,-13.929533004760742,3.652092933654785,1.0,0.595512144267559,2985.953125,67.03369140625,,data/instances/transfer/real_01.cip
mix_16_0,30,1632,1632,A,,60.0,100,0.29427480697631836,1.5552096366882324,9.77059268951416,0.35558333333333336,,,,,,,,,,,,,,,,,,,,,16,,224,224,0,1651219568,0,199,0,16,0,0.12118246406316757,1.0,-15.692024230957031,4.693386077880859,1.0,0.63841906003654,2985.953125,67.03369140625,,data/instances/transfer/real_01.cip
mix_16_0,30,1633,1633,A,,60.0,100,0.21307627856731415,1.1754026412963867,15.44758415222168,0.354,,,,,,,,,,,,,,,,,,,,,16,,224,224,0,1656443316,0,200,0,16,0,0.13766181468963623,1.0,-15.206571578979492,3.899916172027588,1.0,0.5173671469092369,2985.953125,67.03369140625,,data/instances/transfer/real_01.cip
mix_16_0,30,1634,1634,A,,60.0,100,0.04407614469528198,1.2855830192565918,0.8495957255363464,0.354,,,,,,,,,,,,,,,,,,,,,15,,224,224,0,1656443316,0,200,0,16,0,0.029381606727838516,1.0,-14.137350082397461,6.322827339172363,1.0,0.5874518509954214,2985.953125,67.03369140625,,data/instances/transfer/real_01.cip
mix_16_0,30,1635,1635,A,,60.0,100,0.37424030900001526,4.22222900390625,11.73969554901123,0.354,,,,,,,,,,,,,,,,,,,,,13,,224,224,0,1656443316,0,200,0,16,0,0.06401344388723373,1.0,-16.229202270507812,3.4522478580474854,1.0,0.6112508215010166,2985.953125,67.03369140625,,data/instances/transfer/real_01.cip
mix_16_0,30,1636,1636,A,,60.0,100,0.3695225119590759,3.5892720222473145,10.86242389678955,0.354,,,,,,,,,,,,,,,,,,,,,13,,224,224,0,1656443316,0,200,0,16,0,0.08251462131738663,1.0,-15.248568534851074,3.011866569519043,1.0,0.6021766550838947,2985.953125,67.03369140625,,data/instances/transfer/real_01.cip
mix_16_0,30,1637,1637,A,,60.0,100,0.49893099069595337,3.232117176055908,6.201162338256836,0.3524166666666667,,,,,,,,,,,,,,,,,,,,,13,,224,224,0,1661777352,0,201,0,16,0,0.13149674236774445,1.0,-15.858768463134766,4.838903427124023,361.0,0.5121770221740007,2985.953125,67.03369140625,,data/instances/transfer/real_01.cip
mix_16_0,30,1638,1638,A,,60.0,100,0.10758885741233826,2.3177363872528076,3.1552066802978516,0.3524166666666667,,,,,,,,,,,,,,,,,,,,,14,,224,224,0,1661777352,0,201,0,16,0,0.03626934066414833,1.0,-15.292722702026367,4.777968406677246,361.0,0.5956517420709133,2985.953125,67.03369140625,,data/instances/transfer/real_01.cip
mix_16_0,30,1639,1639,A,,60.0,100,0.5662809610366821,5.563742637634277,3.106362819671631,0.3524166666666667,,,,,,,,,,,,,,,,,,,,,10,,224,224,0,1661777352,0,201,0,16,0,0.09291943162679672,1.0,-13.904705047607422,4.166302680969238,361.0,0.5559144541621208,2985.953125,67.03369140625,,data/instances/transfer/real_01.cip
mix_16_0,30,1640,1640,A,,60.0,100,0.5101717710494995,2.0603151321411133,22.396272659301758,0.3524166666666667,,,,,,,,,,,,,,,,,,,,,15,,224,224,0,1661777352,0,201,0,16,0,0.16506032645702362,1.0,-15.391805648803711,4.197839260101318,361.0,0.6215215232223272,2985.953125,67.03369140625,,data/instances/transfer/real_01.cip
mix_16_0,30,1641,1641,A,,60.0,100,0.18684253096580505,1.8188384771347046,2.2296364307403564,0.35083333333333333,,,,,,,,,,,,,,,,,,,,,15,,224,224,0,1667075672,0,202,0,16,0,0.08165191113948822,1.0,-16.240293502807617,3.627779006958008,750.0,0.5297814141958952,2985.953125,67.03369140625,,data/instances/transfer/real_01.cip
mix_16_0,30,1642,1642,A,,60.0,100,0.2717978358268738,1.0142250061035156,1.9978338479995728,0.35083333333333333,,,,,,,,,,,,,,,,,,,,,16,,224,224,0,1667075672,0,202,0,16,0,0.3501352369785309,1.0,-17.828243255615234,5.7772698402404785,750.0,0.5891211628913879,2985.953125,67.03369140625,,data/instances/transfer/real_01.cip
mix_16_0,30,1643,1643,A,,60.0,100,0.24344629049301147,2.4226176738739014,5.625186920166016,0.35083333333333333,,,,,,,,,,,,,,,,,,,,,15,,224,224,0,1667075672,0,202,0,16,0,0.06043288856744766,1.0,-14.96767520904541,6.426769733428955,750.0,0.5970048476010561,2985.953125,67.03369140625,,data/instances/transfer/real_01.cip
mix_16_0,30,1644,1644,A,,60.0,100,0.19471623003482819,1.4893031120300293,1.2019157409667969,0.35083333333333333,,,,,,,,,,,,,,,,,,,,,15,,224,224,0,1667075672,0,202,0,16,0,0.11076335608959198,1.0,-12.853302001953125,6.003983020782471,750.0,0.5903333220630884,2985.953125,67.03369140625,,data/instances/transfer/real_01.cip
mix_16_0,30,1645,1645,A,,60.0,100,0.32105231285095215,1.0560882091522217,8.94385814666748,0.34924999999999995,,,,,,,,,,,,,,,,,,,,,16,,224,224,0,1672377300,0,203,0,16,0,0.19753322005271912,1.0,-15.803115844726562,6.274288177490234,1.0,0.5461377762258053,2985.953125,67.03369140625,,data/instances/transfer/real_01.cip
mix_16_0,30,1646,1646,A,,60.0,100,0.15718191862106323,3.6702003479003906,6.463571548461914,0.34924999999999995,,,,,,,,,,,,,,,,,,,,,13,,224,224,0,1672377300,0,203,0,16,0,0.013959686271846294,1.0,-12.911966323852539,3.9157042503356934,1.0,0.5446777250617743,2985.953125,67.03369140625,,data/instances/transfer/real_01.cip
mix_16_0,30,1647,1647,A,,60.0,100,0.18134450912475586,1.697990894317627,1.5313960313796997,0.34924999999999995,,,,,,,,,,,,,,,,,,,,,15,,224,224,0,1672377300,0,203,0,16,0,0.08937975764274597,1.0,-13.279953002929688,4.633628845214844,1.0,0.6195751279592514,2985.953125,67.03369140625,,data/instances/transfer/real_01.cip
mix_16_0,30,1648,1648,A,,60.0,100,0.09113073348999023,0.9210235476493835,1.786478877067566,0.34924999999999995,,,,,,,,,,,,,,,,,,,,,16,,224,224,0,1672377300,0,203,0,16,0,0.11324944347143173,1.0,-14.128395080566406,5.273892402648926,1.0,0.6104178670793772,2985.953125,67.03369140625,,data/instances/transfer/real_01.cip
mix_16_0,30,1649,1649,A,,60.0,100,0.16042479872703552,1.1788642406463623,6.40829610824585,0.3476666666666667,,,,,,,,,,,,,,,,,,,,,16,,224,224,0,1677670800,0,204,0,16,0,0.11561354249715805,1.0,-14.185994148254395,4.1705498695373535,1.0,0.5202926117926836,2985.953125,67.03369140625,,data/instances/transfer/real_01.cip
mix_16_0,30,1650,1650,A,,60.0,100,0.1973755657672882,3.0121469497680664,2.9889631271362305,0.3476666666666667,,,,,,,,,,,,,,,,,,,,,13,,224,224,0,1677670800,0,204,0,16,0,0.05355483666062355,1.0,-16.340633392333984,4.6913909912109375,1.0,0.572880232706666,2985.953125,67.03369140625,,data/instances/transfer/real_01.cip
mix_16_0,30,1651,1651,A,,60.0,100,0.147345632314682,1.7877695560455322,6.3209357261657715,0.3476666666666667,,,,,,,,,,,,,,,,,,,,,15,,224,224,0,1677670800,0,204,0,16,0,0.03781777620315552,1.0,-15.203569412231445,3.7407922744750977,1.0,0.5999502129852772,2985.953125,67.03369140625,,data/instances/transfer/real_01.cip
mix_16_0,30,1652,1652,A,,60.0,100,0.21818691492080688,2.2143020629882812,3.2799642086029053,0.3476666666666667,,,,,,,,,,,,,,,,,,,,,14,,224,224,0,1677670800,0,204,0,16,0,0.08301707357168198,1.0,-14.340574264526367,4.3021697998046875,1.0,0.6022319085896015,2985.953125,67.03369140625,,data/instances/transfer/real_01.cip
mix_16_0,30,1653,1653,A,,60.0,100,0.17816609144210815,3.3806793689727783,1.9578403234481812,0.3460833333333333,,,,,,,,,,,,,,,,,,,,,13,,224,224,0,1683062648,0,205,0,16,0,0.042769383639097214,1.0,-15.226203918457031,4.096667766571045,1.0,0.5052947048097849,2988.99609375,67.03369140625,,data/instances/transfer/real_01.cip
mix_16_0,30,1654,1654,A,,60.0,100,0.027991287410259247,2.5285134315490723,1.4077105522155762,0.3460833333333333,,,,,,,,,,,,,,,,,,,,,15,,224,224,0,1683062648,0,205,0,16,0,0.007624882739037275,1.0,-14.75755500793457,4.648390293121338,1.0,0.5787459872663021,2989.08984375,67.03369140625,,data/instances/transfer/real_01.cip
mix_16_0,30,1655,1655,A,,60.0,100,0.3041613698005676,1.6248247623443604,4.129766464233398,0.3460833333333333,,,,,,,,,,,,,,,,,,,,,15,,224,224,0,1683062648,0,205,0,16,0,0.15475507080554962,1.0,-17.567981719970703,2.7096362113952637,1.0,0.5990421418100595,2989.08984375,67.03369140625,,data/instances/transfer/real_01.cip
mix_16_0,30,1656,1656,A,,60.0,100,0.31696856021881104,2.7130653858184814,2.660222291946411,0.3460833333333333,,,,,,,,,,,,,,,,,,,,,13,,224,224,0,1683062648,0,205,0,16,0,0.08379172533750534,1.0,-14.61529541015625,4.214509963989258,1.0,0.5958127491176128,2989.08984375,67.03369140625,,data/instances/transfer/real_01.cip
mix_16_0,30,1657,1657,A,,60.0,100,0.15479421615600586,1.7414053678512573,2.116158962249756,0.34450000000000003,,,,,,,,,,,,,,,,,,,,,15,,224,224,0,1688504428,0,206,0,16,0,0.07656961679458618,1.0,-14.099149703979492,5.253177165985107,1.0,0.5254786424338818,2991.20703125,67.03369140625,,data/instances/transfer/real_01.cip
mix_16_0,30,1658,1658,A,,60.0,100,0.2326783388853073,3.03369140625,0.6782869100570679,0.34450000000000003,,,,,,,,,,,,,,,,,,,,,13,,224,224,0,1688504428,0,206,0,16,0,0.07002757489681244,1.0,-15.216022491455078,4.2142157554626465,1.0,0.5767126623541117,2991.20703125,67.03369140625,,data/instances/transfer/real_01.cip
mix_16_0,30,1659,1659,A,,60.0,100,0.08747740089893341,1.8512556552886963,2.730203628540039,0.34450000000000003,,,,,,,,,,,,,,,,,,,,,15,,224,224,0,1688504428,0,206,0,16,0,0.036151207983493805,1.0,-14.412680625915527,4.375499248504639,1.0,0.6136418282985687,2991.20703125,67.03369140625,,data/instances/transfer/real_01.cip
mix_16_0,30,1660,1660,A,,60.0,100,0.40584978461265564,2.340425491333008,4.978606224060059,0.34450000000000003,,,,,,,,,,,,,,,,,,,,,15,,224,224,0,1688504428,0,206,0,16,0,0.13406747579574585,1.0,-14.655513763427734,4.093085765838623,1.0,0.5971185881644487,2991.20703125,67.03369140625,,data/instances/transfer/real_01.cip
mix_16_0,30,1661,1661,A,,60.0,100,0.29406771063804626,1.766151785850525,4.484191417694092,0.34291666666666676,,,,,,,,,,,,,,,,,,,,,14,,224,224,0,1693751112,0,207,0,16,0,0.15275156497955322,1.0,-14.463441848754883,3.502385377883911,443.0,0.4941718205809593,2994.875,67.03369140625,,data/instances/transfer/real_01.cip
mix_16_0,30,1662,1662,A,,60.0,100,0.31115084886550903,1.1005961894989014,5.886516094207764,0.34291666666666676,,,,,,,,,,,,,,,,,,,,,16,,224,224,0,1693751112,0,207,0,16,0,0.1924455463886261,1.0,-16.233362197875977,3.6704049110412598,443.0,0.6131072007119656,2994.875,67.03369140625,,data/instances/transfer/real_01.cip
mix_16_0,30,1663,1663,A,,60.0,100,0.09685148298740387,0.8357274532318115,5.882171630859375,0.34291666666666676,,,,,,,,,,,,,,,,,,,,,16,,224,224,0,1693751112,0,207,0,16,0,0.08051034063100815,1.0,-14.386650085449219,3.8415651321411133,443.0,0.6047972440719604,2994.875,67.03369140625,,data/instances/transfer/real_01.cip
mix_16_0,30,1664,1664,A,,60.0,100,0.4340868592262268,2.561659336090088,8.0053129196167,0.34291666666666676,,,,,,,,,,,,,,,,,,,,,14,,224,224,0,1693751112,0,207,0,16,0,0.14217551052570343,1.0,-14.785419464111328,4.0055646896362305,443.0,0.582132251933217,2994.875,67.03369140625,,data/instances/transfer/real_01.cip
mix_16_0,30,1665,1665,A,,60.0,100,0.14758598804473877,0.9845872521400452,3.2974486351013184,0.3413333333333334,,,,,,,,,,,,,,,,,,,,,16,,224,224,0,1699051840,0,208,0,16,0,0.14953206479549408,1.0,-13.850054740905762,6.501017093658447,610.0,0.5120664145797491,2998.546875,67.03369140625,,data/instances/transfer/real_01.cip
mix_16_0,30,1666,1666,A,,60.0,100,0.30105340480804443,2.3230574131011963,2.9808461666107178,0.3413333333333334,,,,,,,,,,,,,,,,,,,,,14,,224,224,0,1699051840,0,208,0,16,0,0.10567043721675873,1.0,-14.223487854003906,3.35986590385437,610.0,0.5746742356568575,2998.546875,67.03369140625,,data/instances/transfer/real_01.cip
mix_16_0,30,1667,1667,A,,60.0,100,0.1696752905845642,1.3585114479064941,10.49178695678711,0.3413333333333334,,,,,,,,,,,,,,,,,,,,,15,,224,224,0,1699051840,0,208,0,16,0,0.07579921931028366,1.0,-14.26034927368164,4.774905681610107,610.0,0.626418337225914,2998.546875,67.03369140625,,data/instances/transfer/real_01.cip
mix_16_0,30,1668,1668,A,,60.0,100,0.1673738658428192,2.4384400844573975,2.2957024574279785,0.3413333333333334,,,,,,,,,,,,,,,,,,,,,14,,224,224,0,1699051840,0,208,0,16,0,0.05690276622772217,1.0,-13.81570816040039,3.8939530849456787,610.0,0.6063783317804337,2998.546875,67.03369140625,,data/instances/transfer/real_01.cip
mix_16_0,30,1669,1669,A,,60.0,100,0.2241285741329193,1.5024175643920898,8.908284187316895,0.3397500000000001,,,,,,,,,,,,,,,,,,,,,15,,224,224,0,1704418868,0,209,0,16,0,0.11527489125728607,1.0,-15.417427062988281,3.5317797660827637,559.0,0.5332452058792114,3000.64453125,67.03369140625,,data/instances/transfer/real_01.cip
mix_16_0,30,1670,1670,A,,60.0,100,0.15266594290733337,1.6639574766159058,5.17596435546875,0.3397500000000001,,,,,,,,,,,,,,,,,,,,,15,,224,224,0,1704418868,0,209,0,16,0,0.06341108679771423,1.0,-15.392889022827148,3.45155930519104,559.0,0.5778611972928047,3000.64453125,67.03369140625,,data/instances/transfer/real_01.cip
mix_16_0,30,1671,1671,A,,60.0,100,0.20871806144714355,1.4340907335281372,8.30712890625,0.3397500000000001,,,,,,,,,,,,,,,,,,,,,15,,224,224,0,1704418868,0,209,0,16,0,0.10437524318695068,1.0,-16.447721481323242,4.9613356590271,559.0,0.6053642723709345,3000.64453125,67.03369140625,,data/instances/transfer/real_01.cip
mix_16_0,30,1672,1672,A,,60.0,100,0.4024544060230255,2.310929775238037,13.057238578796387,0.3397500000000001,,,,,,,,,,,,,,,,,,,,,14,,224,224,0,1704418868,0,209,0,16,0,0.13064871728420258,1.0,-14.139677047729492,4.822774410247803,559.0,0.5980550888925791,3000.64453125,67.03369140625,,data/instances/transfer/real_01.cip
mix_16_0,30,1673,1673,A,,60.0,100,0.40366828441619873,3.2790708541870117,8.979001998901367,0.3381666666666667,,,,,,,,,,,,,,,,,,,,,13,,224,224,0,1705067256,0,210,0,16,0,0.09621801972389221,1.0,-14.476194381713867,4.672894477844238,201.0,0.49093945510685444,3004.83984375,67.03369140625,,data/instances/transfer/real_01.cip
mix_16_0,30,1674,1674,A,,60.0,100,0.18991440534591675,1.0259286165237427,3.229372024536133,0.3381666666666667,,,,,,,,,,,,,,,,,,,,,16,,224,224,0,1705067256,0,210,0,16,0,0.111555315554142,1.0,-15.898985862731934,4.7525434494018555,201.0,0.6173543874174356,3004.83984375,67.03369140625,,data/instances/transfer/real_01.cip
mix_16_0,30,1675,1675,A,,60.0,100,0.3546101450920105,3.188408374786377,2.591639995574951,0.3381666666666667,,,,,,,,,,,,,,,,,,,,,13,,224,224,0,1705067256,0,210,0,16,0,0.08544794470071793,1.0,-15.825339317321777,3.440718412399292,201.0,0.5860173627734184,3004.83984375,67.03369140625,,data/instances/transfer/real_01.cip
mix_16_0,30,1676,1676,A,,60.0,100,0.12725260853767395,1.4371356964111328,7.317721366882324,0.3381666666666667,,,,,,,,,,,,,,,,,,,,,16,,224,224,0,1705067256,0,210,0,16,0,0.076046422123909,1.0,-14.227153778076172,4.577239036560059,201.0,0.6142545752227306,3004.83984375,67.03369140625,,data/instances/transfer/real_01.cip
mix_16_0,30,1677,1677,A,,60.0,100,0.7871084213256836,2.1867752075195312,16.386966705322266,0.33658333333333335,,,,,,,,,,,,,,,,,,,,,15,,224,224,0,1705807016,0,211,0,16,0,0.2353297919034958,1.0,-13.051458358764648,4.552298069000244,1.0,0.5099153127521276,3006.9375,67.03369140625,,data/instances/transfer/real_01.cip
mix_16_0,30,1678,1678,A,,60.0,100,0.6754910945892334,2.1458945274353027,29.547025680541992,0.33658333333333335,,,,,,,,,,,,,,,,,,,,,15,,224,224,0,1705807016,0,211,0,16,0,0.21200284361839294,1.0,-13.786043167114258,4.862633228302002,1.0,0.6000796239823103,3006.9375,67.03369140625,,data/instances/transfer/real_01.cip
mix_16_0,30,1679,1679,A,,60.0,100,0.7573404908180237,2.4499144554138184,6.666520595550537,0.33658333333333335,,,,,,,,,,,,,,,,,,,,,14,,224,224,0,1705807016,0,211,0,16,0,0.2490767389535904,1.0,-13.802520751953125,4.1636271476745605,1.0,0.5986532997339964,3006.9375,67.03369140625,,data/instances/transfer/real_01.cip
mix_16_0,30,1680,1680,A,,60.0,100,0.05525058135390282,0.7659186124801636,4.369620323181152,0.33658333333333335,,,,,,,,,,,,,,,,,,,,,16,,224,224,0,1705807016,0,211,0,16,0,0.06571689993143082,1.0,-14.742188453674316,4.919173717498779,1.0,0.6128987204283476,3006.9375,67.03369140625,,data/instances/transfer/real_01.cip
episode,30,1680,1680,A,,60.0,100,0.05525058135390282,0.7659186124801636,4.369620323181152,0.3350000000000001,-15.026299999999999,-15.0,-0.026299999999999997,-15.026299999999999,True,16,63.016868,,,,,,,,inf,1e+20,120.0,inf,0.0,24254,16,True,224,224,0,1707130780,0,213,0,16,0,,,,,229.13333333333333,,3006.9375,67.03369140625,timelimit,data/instances/transfer/real_01.cip
mix_16_0,31,1681,1681,A,,60.0,100,0.3844169080257416,2.1336209774017334,11.469879150390625,0.3350000000000001,,,,,,,,,,,,,,,,,,,,,15,,224,224,0,1707130780,0,213,0,16,0,0.12731590867042542,1.0,-15.988225936889648,3.9070069789886475,176.0,0.5886607002466917,3006.94921875,67.03369140625,,data/instances/transfer/real_03.cip
mix_16_0,31,1682,1682,A,,60.0,100,0.6022316217422485,2.302184581756592,24.505870819091797,0.3350000000000001,,,,,,,,,,,,,,,,,,,,,15,,224,224,0,1707130780,0,213,0,16,0,0.1648002415895462,1.0,-15.913542747497559,2.5558383464813232,176.0,0.5851215925067663,3006.94921875,67.03369140625,,data/instances/transfer/real_03.cip
mix_16_0,31,1683,1683,A,,60.0,100,0.2512974143028259,2.525722026824951,2.8468635082244873,0.3350000000000001,,,,,,,,,,,,,,,,,,,,,14,,224,224,0,1707130780,0,213,0,16,0,0.07278802245855331,1.0,-15.694196701049805,4.047683238983154,176.0,0.6011149808764458,3006.94921875,67.03369140625,,data/instances/transfer/real_03.cip
mix_16_0,31,1684,1684,A,,60.0,100,0.11982256174087524,2.3236448764801025,1.1606242656707764,0.3350000000000001,,,,,,,,,,,,,,,,,,,,,14,,224,224,0,1707130780,0,213,0,16,0,0.03775007650256157,1.0,-16.265552520751953,4.114306926727295,176.0,0.6015449538826942,3006.94921875,67.03369140625,,data/instances/transfer/real_03.cip
mix_16_0,31,1685,1685,A,,60.0,100,0.11748716980218887,1.6264599561691284,1.6939382553100586,0.3334166666666667,,,,,,,,,,,,,,,,,,,,,15,,224,224,0,1707130780,0,213,0,16,0,0.04802747443318367,1.0,-15.544900894165039,4.739144802093506,44.0,0.5090415589511395,3006.94921875,67.03369140625,,data/instances/transfer/real_03.cip
mix_16_0,31,1686,1686,A,,60.0,100,0.3353886008262634,3.182661533355713,4.310451030731201,0.3334166666666667,,,,,,,,,,,,,,,,,,,,,13,,224,224,0,1707130780,0,213,0,16,0,0.0897141844034195,1.0,-16.155933380126953,3.5256364345550537,44.0,0.5748677924275398,3006.94921875,67.03369140625,,data/instances/transfer/real_03.cip
mix_16_0,31,1687,1687,A,,60.0,100,0.3027982711791992,1.9768062829971313,2.122081995010376,0.3334166666666667,,,,,,,,,,,,,,,,,,,,,15,,224,224,0,1707130780,0,213,0,16,0,0.09812591224908829,1.0,-14.940346717834473,2.8354766368865967,44.0,0.6100633591413498,3006.94921875,67.03369140625,,data/instances/transfer/real_03.cip
mix_16_0,31,1688,1688,A,,60.0,100,0.19737280905246735,2.345712184906006,5.331972599029541,0.3334166666666667,,,,,,,,,,,,,,,,,,,,,14,,224,224,0,1707130780,0,213,0,16,0,0.06796829402446747,1.0,-13.083978652954102,2.3330299854278564,44.0,0.6002854388207197,3006.94921875,67.03369140625,,data/instances/transfer/real_03.cip
mix_16_0,31,1689,1689,A,,60.0,100,0.33723971247673035,3.4287211894989014,3.9622552394866943,0.3318333333333333,,,,,,,,,,,,,,,,,,,,,12,,224,224,0,1705704304,0,214,0,16,0,0.08708090335130692,1.0,-13.228145599365234,4.547924518585205,1.0,0.43892339058220387,3006.94921875,67.03369140625,,data/instances/transfer/real_03.cip
mix_16_0,31,1690,1690,A,,60.0,100,0.2837114930152893,1.3434133529663086,14.942468643188477,0.3318333333333333,,,,,,,,,,,,,,,,,,,,,16,,224,224,0,1705704304,0,214,0,16,0,0.18877673149108887,1.0,-14.051162719726562,4.108526229858398,1.0,0.5968786682933569,3006.94921875,67.03369140625,,data/instances/transfer/real_03.cip
mix_16_0,31,1691,1691,A,,60.0,100,0.18632644414901733,1.840820074081421,10.18945598602295,0.3318333333333333,,,,,,,,,,,,,,,,,,,,,15,,224,224,0,1705704304,0,214,0,16,0,0.052488528192043304,1.0,-15.60207748413086,3.8185606002807617,1.0,0.5994142442941666,3006.94921875,67.03369140625,,data/instances/transfer/real_03.cip
mix_16_0,31,1692,1692,A,,60.0,100,0.09609092772006989,2.7781548500061035,0.7985827922821045,0.3318333333333333,,,,,,,,,,,,,,,,,,,,,13,,224,224,0,1705704304,0,214,0,16,0,0.028509145602583885,1.0,-14.51402473449707,3.940101385116577,1.0,0.5792165603488684,3006.94921875,67.03369140625,,data/instances/transfer/real_03.cip
mix_16_0,31,1693,1693,A,,60.0,100,0.24615466594696045,1.9429644346237183,5.5571818351745605,0.33025000000000004,,,,,,,,,,,,,,,,,,,,,14,,224,224,0,1704170540,0,215,0,16,0,0.12171279639005661,1.0,-13.738227844238281,4.287186622619629,1.0,0.5083695407956839,3006.94921875,67.03369140625,,data/instances/transfer/real_03.cip
mix_16_0,31,1694,1694,A,,60.0,100,0.13668490946292877,1.5396803617477417,10.49389362335205,0.33025000000000004,,,,,,,,,,,,,,,,,,,,,15,,224,224,0,1704170540,0,215,0,16,0,0.06355438381433487,1.0,-15.082294464111328,5.55491304397583,1.0,0.5808397810906172,3006.94921875,67.03369140625,,data/instances/transfer/real_03.cip
mix_16_0,31,1695,1695,A,,60.0,100,0.5230500102043152,2.202336549758911,12.201705932617188,0.33025000000000004,,,,,,,,,,,,,,,,,,,,,14,,224,224,0,1704170540,0,215,0,16,0,0.18245413899421692,1.0,-14.990670204162598,2.969708204269409,1.0,0.5915953200310469,3006.94921875,67.03369140625,,data/instances/transfer/real_03.cip
mix_16_0,31,1696,1696,A,,60.0,100,0.3468920886516571,2.0473098754882812,6.446799278259277,0.33025000000000004,,,,,,,,,,,,,,,,,,,,,15,,224,224,0,1704170540,0,215,0,16,0,0.11272411048412323,1.0,-14.203712463378906,4.521969318389893,1.0,0.6091768443584442,3006.94921875,67.03369140625,,data/instances/transfer/real_03.cip
mix_16_0,31,1697,1697,A,,60.0,100,0.3405275046825409,1.6595306396484375,5.834933280944824,0.32866666666666666,,,,,,,,,,,,,,,,,,,,,15,,224,224,0,1702130324,0,216,0,16,0,0.13697198033332825,1.0,-14.347414016723633,3.5548629760742188,1.0,0.49777644500136375,3006.94921875,67.03369140625,,data/instances/transfer/real_03.cip
mix_16_0,31,1698,1698,A,,60.0,100,0.8382070660591125,3.6050007343292236,2.5031135082244873,0.32866666666666666,,,,,,,,,,,,,,,,,,,,,12,,224,224,0,1702130324,0,216,0,16,0,0.2159685641527176,1.0,-14.715401649475098,4.798732280731201,1.0,0.5549009703099728,3006.94921875,67.03369140625,,data/instances/transfer/real_03.cip
mix_16_0,31,1699,1699,A,,60.0,100,0.5477585792541504,2.8685317039489746,15.101551055908203,0.32866666666666666,,,,,,,,,,,,,,,,,,,,,13,,224,224,0,1702130324,0,216,0,16,0,0.1413523554801941,1.0,-14.909829139709473,4.819932460784912,1.0,0.6048909444361925,3006.94921875,67.03369140625,,data/instances/transfer/real_03.cip
mix_16_0,31,1700,1700,A,,60.0,100,0.6147708892822266,2.331536293029785,23.809032440185547,0.32866666666666666,,,,,,,,,,,,,,,,,,,,,14,,224,224,0,1702130324,0,216,0,16,0,0.11905812472105026,1.0,-14.069090843200684,4.9925312995910645,1.0,0.6038930676877499,3006.94921875,67.03369140625,,data/instances/transfer/real_03.cip
mix_16_0,31,1701,1701,A,,60.0,100,0.35169491171836853,1.967609167098999,14.778450965881348,0.3270833333333333,,,,,,,,,,,,,,,,,,,,,15,,224,224,0,1700948992,0,217,0,16,0,0.11082910001277924,1.0,-15.667451858520508,6.238123416900635,49.0,0.5385343953967094,3006.94921875,67.03369140625,,data/instances/transfer/real_03.cip
mix_16_0,31,1702,1702,A,,60.0,100,0.12672698497772217,1.7864465713500977,0.789989173412323,0.3270833333333333,,,,,,,,,,,,,,,,,,,,,15,,224,224,0,1700948992,0,217,0,16,0,0.04915301501750946,1.0,-15.174821853637695,3.0732147693634033,49.0,0.5936973039060831,3006.94921875,67.03369140625,,data/instances/transfer/real_03.cip
mix_16_0,31,1703,1703,A,,60.0,100,0.0885116308927536,0.5993754267692566,2.114497184753418,0.3270833333333333,,,,,,,,,,,,,,,,,,,,,16,,224,224,0,1700948992,0,217,0,16,0,0.29185155034065247,1.0,-13.81357479095459,4.450866222381592,49.0,0.6014640405774117,3006.94921875,67.03369140625,,data/instances/transfer/real_03.cip
mix_16_0,31,1704,1704,A,,60.0,100,0.5139053463935852,2.2340166568756104,15.047168731689453,0.3270833333333333,,,,,,,,,,,,,,,,,,,,,15,,224,224,0,1700948992,0,217,0,16,0,0.1347568929195404,1.0,-15.97376537322998,4.988363265991211,49.0,0.6002694610506296,3006.94921875,67.03369140625,,data/instances/transfer/real_03.cip
mix_16_0,31,1705,1705,A,,60.0,100,0.274419367313385,2.3537440299987793,10.008072853088379,0.3255,,,,,,,,,,,,,,,,,,,,,15,,224,224,0,1699798636,0,218,0,16,0,0.05479716509580612,1.0,-18.013477325439453,4.474593639373779,1.0,0.5229402650147676,3006.94921875,67.03369140625,,data/instances/transfer/real_03.cip
mix_16_0,31,1706,1706,A,,60.0,100,0.23473691940307617,2.6812102794647217,7.518121719360352,0.3255,,,,,,,,,,,,,,,,,,,,,14,,224,224,0,1699798636,0,218,0,16,0,0.03835195675492287,1.0,-15.364400863647461,3.2201426029205322,1.0,0.5858734622597694,3006.94921875,67.03369140625,,data/instances/transfer/real_03.cip
mix_16_0,31,1707,1707,A,,60.0,100,0.22214652597904205,1.8884239196777344,8.309109687805176,0.3255,,,,,,,,,,,,,,,,,,,,,16,,224,224,0,1699798636,0,218,0,16,0,0.10856443643569946,1.0,-14.375372886657715,3.175121307373047,1.0,0.5645769219845533,3006.94921875,67.03369140625,,data/instances/transfer/real_03.cip
mix_16_0,31,1708,1708,A,,60.0,100,0.3873956799507141,1.8470485210418701,4.451974391937256,0.3255,,,,,,,,,,,,,,,,,,,,,14,,224,224,0,1699798636,0,218,0,16,0,0.19198404252529144,1.0,-16.705364227294922,5.506105422973633,1.0,0.6038745157420635,3006.94921875,67.03369140625,,data/instances/transfer/real_03.cip
mix_16_0,31,1709,1709,A,,60.0,100,0.6162643432617188,2.304813861846924,13.478850364685059,0.32391666666666674,,,,,,,,,,,,,,,,,,,,,14,,224,224,0,1698590188,0,219,0,16,0,0.17102624475955963,1.0,-13.506752014160156,5.219330310821533,1.0,0.5004155617207289,3006.94921875,67.03369140625,,data/instances/transfer/real_03.cip
mix_16_0,31,1710,1710,A,,60.0,100,0.17368683218955994,2.020831346511841,5.289303302764893,0.32391666666666674,,,,,,,,,,,,,,,,,,,,,15,,224,224,0,1698590188,0,219,0,16,0,0.04605289548635483,1.0,-13.599104881286621,4.53084659576416,1.0,0.5805303584784269,3006.94921875,67.03369140625,,data/instances/transfer/real_03.cip
mix_16_0,31,1711,1711,A,,60.0,100,0.39394524693489075,1.9429501295089722,8.471161842346191,0.32391666666666674,,,,,,,,,,,,,,,,,,,,,15,,224,224,0,1698590188,0,219,0,16,0,0.1102680191397667,1.0,-13.790543556213379,3.974886894226074,1.0,0.6066770683974028,3006.94921875,67.03369140625,,data/instances/transfer/real_03.cip
mix_16_0,31,1712,1712,A,,60.0,100,0.2769574522972107,1.6260325908660889,6.1954450607299805,0.32391666666666674,,,,,,,,,,,,,,,,,,,,,15,,224,224,0,1698590188,0,219,0,16,0,0.14288729429244995,1.0,-16.51679039001465,4.301394462585449,1.0,0.6039588171988726,3006.94921875,67.03369140625,,data/instances/transfer/real_03.cip
mix_16_0,31,1713,1713,A,,60.0,100,0.20529413223266602,1.1665165424346924,5.967369556427002,0.32233333333333336,,,,,,,,,,,,,,,,,,,,,16,,224,224,0,1697883992,0,220,0,16,0,0.16937105357646942,1.0,-13.235319137573242,3.792130947113037,1.0,0.5208816695958376,3006.94921875,67.03369140625,,data/instances/transfer/real_03.cip
mix_16_0,31,1714,1714,A,,60.0,100,0.28405049443244934,1.1362156867980957,1.9322043657302856,0.32233333333333336,,,,,,,,,,,,,,,,,,,,,16,,224,224,0,1697883992,0,220,0,16,0,0.2810046672821045,1.0,-16.000669479370117,4.594775199890137,1.0,0.588840190321207,3006.94921875,67.03369140625,,data/instances/transfer/real_03.cip
mix_16_0,31,1715,1715,A,,60.0,100,0.4189079999923706,2.318251848220825,2.9478983879089355,0.32233333333333336,,,,,,,,,,,,,,,,,,,,,14,,224,224,0,1697883992,0,220,0,16,0,0.15083791315555573,1.0,-14.144292831420898,5.913812637329102,1.0,0.5930168442428112,3006.94921875,67.03369140625,,data/instances/transfer/real_03.cip
mix_16_0,31,1716,1716,A,,60.0,100,0.12034785002470016,0.9499045610427856,2.700395345687866,0.32233333333333336,,,,,,,,,,,,,,,,,,,,,16,,224,224,0,1697883992,0,220,0,16,0,0.03843248635530472,1.0,-15.297148704528809,4.1654839515686035,1.0,0.6366528403013945,3006.94921875,67.03369140625,,data/instances/transfer/real_03.cip
mix_16_0,31,1717,1717,A,,60.0,100,0.2136368304491043,3.25982928276062,2.885552406311035,0.3207500000000001,,,,,,,,,,,,,,,,,,,,,13,,224,224,0,1697152040,0,221,0,16,0,0.04486556723713875,1.0,-15.649049758911133,3.742957353591919,1.0,0.4196774307638407,3006.94921875,67.03369140625,,data/instances/transfer/real_03.cip
mix_16_0,31,1718,1718,A,,60.0,100,0.9848470687866211,4.049350738525391,1.570027232170105,0.3207500000000001,,,,,,,,,,,,,,,,,,,,,12,,224,224,0,1697152040,0,221,0,16,0,0.2135486751794815,1.0,-14.287418365478516,3.5658559799194336,1.0,0.5264991167932749,3006.94921875,67.03369140625,,data/instances/transfer/real_03.cip
mix_16_0,31,1719,1719,A,,60.0,100,0.2730949819087982,2.2567601203918457,8.436482429504395,0.3207500000000001,,,,,,,,,,,,,,,,,,,,,14,,224,224,0,1697152040,0,221,0,16,0,0.07960406690835953,1.0,-15.601783752441406,4.572713851928711,1.0,0.5953089520335197,3006.94921875,67.03369140625,,data/instances/transfer/real_03.cip
mix_16_0,31,1720,1720,A,,60.0,100,0.24480944871902466,2.4989795684814453,8.157313346862793,0.3207500000000001,,,,,,,,,,,,,,,,,,,,,14,,224,224,0,1697152040,0,221,0,16,0,0.0644446611404419,1.0,-17.087696075439453,3.6120734214782715,1.0,0.6158874072134495,3006.94921875,67.03369140625,,data/instances/transfer/real_03.cip
mix_16_0,31,1721,1721,A,,60.0,100,0.06021807715296745,1.5601739883422852,0.3448225259780884,0.3191666666666667,,,,,,,,,,,,,,,,,,,,,15,,224,224,0,1695848308,0,222,0,16,0,0.024100901558995247,1.0,-15.824989318847656,4.942068099975586,1.0,0.5271212626248598,3006.94921875,67.03369140625,,data/instances/transfer/real_03.cip
mix_16_0,31,1722,1722,A,,60.0,100,0.9440962672233582,3.4758522510528564,16.21904754638672,0.3191666666666667,,,,,,,,,,,,,,,,,,,,,13,,224,224,0,1695848308,0,222,0,16,0,0.23035387694835663,1.0,-14.775524139404297,2.8207085132598877,1.0,0.5726318713277578,3006.94921875,67.03369140625,,data/instances/transfer/real_03.cip
mix_16_0,31,1723,1723,A,,60.0,100,0.6415674090385437,3.24936580657959,10.327693939208984,0.3191666666666667,,,,,,,,,,,,,,,,,,,,,13,,224,224,0,1695848308,0,222,0,16,0,0.16351069509983063,1.0,-16.234638214111328,2.8462483882904053,1.0,0.6054028905928135,3006.94921875,67.03369140625,,data/instances/transfer/real_03.cip
mix_16_0,31,1724,1724,A,,60.0,100,0.20699256658554077,1.894665241241455,3.940826654434204,0.3191666666666667,,,,,,,,,,,,,,,,,,,,,15,,224,224,0,1695848308,0,222,0,16,0,0.06051908805966377,1.0,-15.81851577758789,4.302091121673584,1.0,0.5511026903986931,3006.94921875,67.03369140625,,data/instances/transfer/real_03.cip
mix_16_0,31,1725,1725,A,,60.0,100,0.18314866721630096,1.1085309982299805,5.954688549041748,0.31758333333333333,,,,,,,,,,,,,,,,,,,,,16,,224,224,0,1694951688,0,223,0,16,0,0.2110992670059204,1.0,-16.596683502197266,3.697209358215332,1.0,0.5291516687721014,3006.94921875,67.03369140625,,data/instances/transfer/real_03.cip
mix_16_0,31,1726,1726,A,,60.0,100,0.4391673505306244,2.5197527408599854,3.191225051879883,0.31758333333333333,,,,,,,,,,,,,,,,,,,,,14,,224,224,0,1694951688,0,223,0,16,0,0.13472184538841248,1.0,-13.105400085449219,4.694491863250732,1.0,0.5591531004756689,3006.94921875,67.03369140625,,data/instances/transfer/real_03.cip
mix_16_0,31,1727,1727,A,,60.0,100,0.4559582471847534,1.3640806674957275,16.607593536376953,0.31758333333333333,,,,,,,,,,,,,,,,,,,,,16,,224,224,0,1694951688,0,223,0,16,0,0.31710195541381836,1.0,-16.408226013183594,2.5497124195098877,1.0,0.613721339032054,3006.94921875,67.03369140625,,data/instances/transfer/real_03.cip
mix_16_0,31,1728,1728,A,,60.0,100,0.22257459163665771,1.6583722829818726,5.350447654724121,0.31758333333333333,,,,,,,,,,,,,,,,,,,,,15,,224,224,0,1694951688,0,223,0,16,0,0.11132383346557617,1.0,-15.451602935791016,3.6198606491088867,1.0,0.599561708047986,3006.94921875,67.03369140625,,data/instances/transfer/real_03.cip
mix_16_0,31,1729,1729,A,,60.0,100,0.2402862310409546,1.2090349197387695,5.580499649047852,0.31600000000000006,,,,,,,,,,,,,,,,,,,,,16,,224,224,0,1694077992,0,224,0,16,0,0.24656367301940918,1.0,-13.503689765930176,5.762476921081543,1.0,0.5111007075756788,3006.94921875,67.03369140625,,data/instances/transfer/real_03.cip
mix_16_0,31,1730,1730,A,,60.0,100,0.11879587918519974,1.0261753797531128,3.285188913345337,0.31600000000000006,,,,,,,,,,,,,,,,,,,,,16,,224,224,0,1694077992,0,224,0,16,0,0.07167457789182663,1.0,-16.358131408691406,4.254097938537598,1.0,0.5947372522205114,3006.94921875,67.03369140625,,data/instances/transfer/real_03.cip
mix_16_0,31,1731,1731,A,,60.0,100,0.6644873023033142,3.3393139839172363,7.324957370758057,0.31600000000000006,,,,,,,,,,,,,,,,,,,,,13,,224,224,0,1694077992,0,224,0,16,0,0.16714555025100708,1.0,-15.109966278076172,3.357027292251587,1.0,0.5727258715778589,3006.94921875,67.03369140625,,data/instances/transfer/real_03.cip
mix_16_0,31,1732,1732,A,,60.0,100,0.8374015092849731,2.9032742977142334,3.320678472518921,0.31600000000000006,,,,,,,,,,,,,,,,,,,,,13,,224,224,0,1694077992,0,224,0,16,0,0.2541484534740448,1.0,-15.001609802246094,3.0432498455047607,1.0,0.5917017739266157,3006.94921875,67.03369140625,,data/instances/transfer/real_03.cip
episode,31,1732,1732,A,,60.0,100,0.8374015092849731,2.9032742977142334,3.320678472518921,0.3144166666666667,-13.0186,-13.0,-0.018600000000000002,-13.0186,True,14,61.175575,,,,,,,,inf,1e+20,120.0,inf,0.0,19521,13,True,224,224,0,1692479216,0,226,0,16,0,,,,,21.46153846153846,,3006.94921875,67.03369140625,timelimit,data/instances/transfer/real_03.cip
mix_16_0,32,1733,1733,A,,60.0,100,0.09490018337965012,1.107475757598877,5.840207099914551,0.3144166666666667,,,,,,,,,,,,,,,,,,,,,16,,224,224,0,1692479216,0,226,0,16,0,0.07222557812929153,1.0,-15.629042625427246,3.272777557373047,1.0,0.5569793805480003,3016.30859375,67.03369140625,,data/instances/transfer/real_05.cip
mix_16_0,32,1734,1734,A,,60.0,100,0.12982520461082458,1.8587512969970703,2.9033360481262207,0.3144166666666667,,,,,,,,,,,,,,,,,,,,,15,,224,224,0,1692479216,0,226,0,16,0,0.0528370700776577,1.0,-15.401861190795898,3.615248203277588,1.0,0.5776028595864773,3016.30859375,67.03369140625,,data/instances/transfer/real_05.cip
mix_16_0,32,1735,1735,A,,60.0,100,0.16204974055290222,1.140307903289795,3.6574320793151855,0.3144166666666667,,,,,,,,,,,,,,,,,,,,,16,,224,224,0,1692479216,0,226,0,16,0,0.10011368244886398,1.0,-14.481367111206055,4.9558186531066895,1.0,0.6181201506406069,3016.30859375,67.03369140625,,data/instances/transfer/real_05.cip
mix_16_0,32,1736,1736,A,,60.0,100,0.3021335303783417,2.375690460205078,1.967726707458496,0.3144166666666667,,,,,,,,,,,,,,,,,,,,,15,,224,224,0,1692479216,0,226,0,16,0,0.09358914196491241,1.0,-15.116338729858398,4.197269439697266,1.0,0.617236714810133,3016.30859375,67.03369140625,,data/instances/transfer/real_05.cip
mix_16_0,32,1737,1737,A,,60.0,100,0.33306705951690674,1.283064842224121,8.898508071899414,0.3128333333333333,,,,,,,,,,,,,,,,,,,,,16,,224,224,0,1692479216,0,226,0,16,0,0.2624262869358063,1.0,-16.234756469726562,4.617424488067627,1.0,0.3299735449254513,3016.30859375,67.03369140625,,data/instances/transfer/real_05.cip
mix_16_0,32,1738,1738,A,,60.0,100,0.3465883135795593,3.096987724304199,1.9851540327072144,0.3128333333333333,,,,,,,,,,,,,,,,,,,,,13,,224,224,0,1692479216,0,226,0,16,0,0.08605934679508209,1.0,-15.006149291992188,4.225902080535889,1.0,0.2999925408512354,3016.30859375,67.03369140625,,data/instances/transfer/real_05.cip
mix_16_0,32,1739,1739,A,,60.0,100,0.20753377676010132,1.0423486232757568,7.1346964836120605,0.3128333333333333,,,,,,,,,,,,,,,,,,,,,16,,224,224,0,1692479216,0,226,0,16,0,0.18226003646850586,1.0,-15.692581176757812,3.6885743141174316,1.0,0.3296027146279812,3016.30859375,67.03369140625,,data/instances/transfer/real_05.cip
mix_16_0,32,1740,1740,A,,60.0,100,0.5887086391448975,2.9324429035186768,11.42233943939209,0.3128333333333333,,,,,,,,,,,,,,,,,,,,,13,,224,224,0,1692479216,0,226,0,16,0,0.1587560623884201,1.0,-14.671910285949707,3.8358047008514404,1.0,0.28715879656374454,3016.30859375,67.03369140625,,data/instances/transfer/real_05.cip
mix_16_0,32,1741,1741,A,,60.0,100,0.33779335021972656,1.6424267292022705,1.5874669551849365,0.31125,,,,,,,,,,,,,,,,,,,,,16,,224,224,0,1691655660,0,227,0,16,0,0.135999396443367,1.0,-16.9305419921875,3.705997943878174,216.0,0.516740819439292,3016.30859375,67.03369140625,,data/instances/transfer/real_05.cip
mix_16_0,32,1742,1742,A,,60.0,100,0.20225012302398682,1.0165202617645264,5.068445682525635,0.31125,,,,,,,,,,,,,,,,,,,,,16,,224,224,0,1691655660,0,227,0,16,0,0.2353750467300415,1.0,-13.162477493286133,3.5799601078033447,216.0,0.4900913257151842,3016.30859375,67.03369140625,,data/instances/transfer/real_05.cip
mix_16_0,32,1743,1743,A,,60.0,100,0.2615245580673218,1.7228485345840454,2.1394729614257812,0.31125,,,,,,,,,,,,,,,,,,,,,15,,224,224,0,1691655660,0,227,0,16,0,0.11756918579339981,1.0,-15.96346664428711,4.234502792358398,216.0,0.5786110386252403,3016.30859375,67.03369140625,,data/instances/transfer/real_05.cip
mix_16_0,32,1744,1744,A,,60.0,100,0.348096638917923,1.8467354774475098,5.403526306152344,0.31125,,,,,,,,,,,,,,,,,,,,,15,,224,224,0,1691655660,0,227,0,16,0,0.12471732497215271,1.0,-15.085535049438477,3.5936636924743652,216.0,0.5954270530492067,3016.30859375,67.03369140625,,data/instances/transfer/real_05.cip
mix_16_0,32,1745,1745,A,,60.0,100,0.3042576313018799,1.4174848794937134,8.829925537109375,0.30966666666666665,,,,,,,,,,,,,,,,,,,,,16,,224,224,0,1690756752,0,228,0,16,0,0.12732121348381042,1.0,-16.179813385009766,2.472639560699463,1.0,0.5230857990682125,3016.30859375,67.03369140625,,data/instances/transfer/real_05.cip
mix_16_0,32,1746,1746,A,,60.0,100,0.20394715666770935,1.025299310684204,3.947777032852173,0.30966666666666665,,,,,,,,,,,,,,,,,,,,,16,,224,224,0,1690756752,0,228,0,16,0,0.21907377243041992,1.0,-14.923810005187988,3.3686294555664062,1.0,0.5906529538333416,3016.30859375,67.03369140625,,data/instances/transfer/real_05.cip
mix_16_0,32,1747,1747,A,,60.0,100,0.5569233894348145,2.6501636505126953,7.748817443847656,0.30966666666666665,,,,,,,,,,,,,,,,,,,,,14,,224,224,0,1690756752,0,228,0,16,0,0.1680895835161209,1.0,-15.050262451171875,3.6310834884643555,1.0,0.5947408191859722,3016.30859375,67.03369140625,,data/instances/transfer/real_05.cip
mix_16_0,32,1748,1748,A,,60.0,100,0.17548754811286926,1.8313446044921875,3.7302818298339844,0.30966666666666665,,,,,,,,,,,,,,,,,,,,,15,,224,224,0,1690756752,0,228,0,16,0,0.07202019542455673,1.0,-15.542985916137695,3.097968578338623,1.0,0.6081797797232866,3016.30859375,67.03369140625,,data/instances/transfer/real_05.cip
mix_16_0,32,1749,1749,A,,60.0,100,0.2260783612728119,2.2647809982299805,7.063138961791992,0.30808333333333326,,,,,,,,,,,,,,,,,,,,,14,,224,224,0,1689826588,0,229,0,16,0,0.07210659235715866,1.0,-15.568960189819336,4.042087078094482,238.0,0.5283026043325663,3016.30859375,67.03369140625,,data/instances/transfer/real_05.cip
mix_16_0,32,1750,1750,A,,60.0,100,0.3945460915565491,2.4986915588378906,4.963186740875244,0.30808333333333326,,,,,,,,,,,,,,,,,,,,,14,,224,224,0,1689826588,0,229,0,16,0,0.12887093424797058,1.0,-14.977011680603027,2.990062952041626,238.0,0.5726446714252234,3016.30859375,67.03369140625,,data/instances/transfer/real_05.cip
mix_16_0,32,1751,1751,A,,60.0,100,0.5675228834152222,2.6291096210479736,5.523786544799805,0.30808333333333326,,,,,,,,,,,,,,,,,,,,,13,,224,224,0,1689826588,0,229,0,16,0,0.17854422330856323,1.0,-14.607824325561523,4.6427321434021,238.0,0.578973788768053,3016.30859375,67.03369140625,,data/instances/transfer/real_05.cip
mix_16_0,32,1752,1752,A,,60.0,100,0.4198933243751526,1.6649426221847534,11.494556427001953,0.30808333333333326,,,,,,,,,,,,,,,,,,,,,15,,224,224,0,1689826588,0,229,0,16,0,0.1774449199438095,1.0,-14.434943199157715,5.068713188171387,238.0,0.6144521404057741,3016.30859375,67.03369140625,,data/instances/transfer/real_05.cip
mix_16_0,32,1753,1753,A,,60.0,100,0.17851874232292175,2.8427562713623047,2.7411715984344482,0.3065,,,,,,,,,,,,,,,,,,,,,13,,224,224,0,1688868104,0,230,0,16,0,0.055599644780159,1.0,-15.419204711914062,6.399660587310791,77.0,0.5162312891334295,3016.30859375,67.03369140625,,data/instances/transfer/real_05.cip
mix_16_0,32,1754,1754,A,,60.0,100,0.48061105608940125,3.162038564682007,14.905372619628906,0.3065,,,,,,,,,,,,,,,,,,,,,13,,224,224,0,1688868104,0,230,0,16,0,0.10419591516256332,1.0,-17.267074584960938,4.897359371185303,77.0,0.5571089554578066,3016.30859375,67.03369140625,,data/instances/transfer/real_05.cip
mix_16_0,32,1755,1755,A,,60.0,100,1.1027966737747192,3.1183009147644043,28.605405807495117,0.3065,,,,,,,,,,,,,,,,,,,,,14,,224,224,0,1688868104,0,230,0,16,0,0.21917860209941864,1.0,-15.288236618041992,4.806234836578369,77.0,0.6031147483736277,3016.30859375,67.03369140625,,data/instances/transfer/real_05.cip
mix_16_0,32,1756,1756,A,,60.0,100,0.23174600303173065,3.120129108428955,2.5095551013946533,0.3065,,,,,,,,,,,,,,,,,,,,,14,,224,224,0,1688868104,0,230,0,16,0,0.05257415026426315,1.0,-15.407474517822266,3.8050472736358643,77.0,0.6157701276242733,3016.30859375,67.03369140625,,data/instances/transfer/real_05.cip
mix_16_0,32,1757,1757,A,,60.0,100,0.19409401714801788,1.7084314823150635,7.030340671539307,0.3049166666666667,,,,,,,,,,,,,,,,,,,,,15,,224,224,0,1687977000,0,231,0,16,0,0.08194103837013245,1.0,-17.04568099975586,4.102700233459473,1.0,0.5126120317727327,3016.30859375,67.03369140625,,data/instances/transfer/real_05.cip
mix_16_0,32,1758,1758,A,,60.0,100,0.4754440486431122,1.5795514583587646,11.9848051071167,0.3049166666666667,,,,,,,,,,,,,,,,,,,,,15,,224,224,0,1687977000,0,231,0,16,0,0.2158137559890747,1.0,-16.55160903930664,4.555321216583252,1.0,0.5833641272038221,3016.30859375,67.03369140625,,data/instances/transfer/real_05.cip
mix_16_0,32,1759,1759,A,,60.0,100,0.20031669735908508,1.0644376277923584,7.754596710205078,0.3049166666666667,,,,,,,,,,,,,,,,,,,,,16,,224,224,0,1687977000,0,231,0,16,0,0.16847996413707733,1.0,-14.603527069091797,5.070077419281006,1.0,0.6008308604359627,3016.30859375,67.03369140625,,data/instances/transfer/real_05.cip
mix_16_0,32,1760,1760,A,,60.0,100,0.39933621883392334,1.724308967590332,18.19645118713379,0.3049166666666667,,,,,,,,,,,,,,,,,,,,,16,,224,224,0,1687977000,0,231,0,16,0,0.16748422384262085,1.0,-13.240351676940918,3.315692186355591,1.0,0.6027571111917496,3016.30859375,67.03369140625,,data/instances/transfer/real_05.cip
mix_16_0,32,1761,1761,A,,60.0,100,0.9731959104537964,2.2473411560058594,27.428186416625977,0.30333333333333345,,,,,,,,,,,,,,,,,,,,,15,,224,224,0,1687050736,0,232,0,16,0,0.2723662257194519,1.0,-12.773311614990234,5.43740177154541,161.0,0.5141138322651386,3016.30859375,67.03369140625,,data/instances/transfer/real_05.cip
mix_16_0,32,1762,1762,A,,60.0,100,0.10639175772666931,2.4678900241851807,3.9520723819732666,0.30333333333333345,,,,,,,,,,,,,,,,,,,,,14,,224,224,0,1687050736,0,232,0,16,0,0.029894812032580376,1.0,-11.661726951599121,3.55495285987854,161.0,0.573796384036541,3016.30859375,67.03369140625,,data/instances/transfer/real_05.cip
mix_16_0,32,1763,1763,A,,60.0,100,0.24167795479297638,1.2395997047424316,13.130558013916016,0.30333333333333345,,,,,,,,,,,,,,,,,,,,,16,,224,224,0,1687050736,0,232,0,16,0,0.12044885009527206,1.0,-14.192117691040039,5.089016914367676,161.0,0.6245424896478653,3016.30859375,67.03369140625,,data/instances/transfer/real_05.cip
mix_16_0,32,1764,1764,A,,60.0,100,0.6707565784454346,2.848402976989746,7.435782432556152,0.30333333333333345,,,,,,,,,,,,,,,,,,,,,13,,224,224,0,1687050736,0,232,0,16,0,0.22672346234321594,1.0,-15.785146713256836,2.737361192703247,161.0,0.5881387759000063,3016.30859375,67.03369140625,,data/instances/transfer/real_05.cip
mix_16_0,32,1765,1765,A,,60.0,100,0.3248118758201599,1.3496850728988647,4.038165092468262,0.3017500000000001,,,,,,,,,,,,,,,,,,,,,16,,224,224,0,1686100688,0,233,0,16,0,0.23997533321380615,1.0,-15.85693359375,4.005758762359619,1.0,0.5353493615984917,3016.30859375,67.03369140625,,data/instances/transfer/real_05.cip
mix_16_0,32,1766,1766,A,,60.0,100,0.44392454624176025,3.8294930458068848,13.589007377624512,0.3017500000000001,,,,,,,,,,,,,,,,,,,,,13,,224,224,0,1686100688,0,233,0,16,0,0.058042559772729874,1.0,-16.718177795410156,4.906434059143066,1.0,0.553305784240365,3016.30859375,67.03369140625,,data/instances/transfer/real_05.cip
mix_16_0,32,1767,1767,A,,60.0,100,0.9982189536094666,2.6981160640716553,39.730777740478516,0.3017500000000001,,,,,,,,,,,,,,,,,,,,,14,,224,224,0,1686100688,0,233,0,16,0,0.2285105288028717,1.0,-16.084716796875,4.183792591094971,1.0,0.6064760517328978,3016.30859375,67.03369140625,,data/instances/transfer/real_05.cip
mix_16_0,32,1768,1768,A,,60.0,100,0.1416141837835312,1.321795105934143,10.446127891540527,0.3017500000000001,,,,,,,,,,,,,,,,,,,,,16,,224,224,0,1686100688,0,233,0,16,0,0.07139728963375092,1.0,-16.465776443481445,4.64899206161499,1.0,0.6139942891895771,3016.30859375,67.03369140625,,data/instances/transfer/real_05.cip
mix_16_0,32,1769,1769,A,,60.0,100,0.12056338787078857,0.6542292833328247,3.714440107345581,0.3001666666666667,,,,,,,,,,,,,,,,,,,,,16,,224,224,0,1685187320,0,234,0,16,0,0.1301088184118271,1.0,-15.891722679138184,4.194371223449707,1.0,0.5293487701565027,3016.30859375,67.03369140625,,data/instances/transfer/real_05.cip
mix_16_0,32,1770,1770,A,,60.0,100,0.10534767061471939,1.510676622390747,1.673650860786438,0.3001666666666667,,,,,,,,,,,,,,,,,,,,,15,,224,224,0,1685187320,0,234,0,16,0,0.05768967419862747,1.0,-13.732278823852539,4.025137901306152,1.0,0.585399167612195,3016.30859375,67.03369140625,,data/instances/transfer/real_05.cip
mix_16_0,32,1771,1771,A,,60.0,100,0.28366127610206604,1.5885679721832275,7.555334568023682,0.3001666666666667,,,,,,,,,,,,,,,,,,,,,15,,224,224,0,1685187320,0,234,0,16,0,0.1405031383037567,1.0,-14.991392135620117,4.057820796966553,1.0,0.5985884256660938,3016.30859375,67.03369140625,,data/instances/transfer/real_05.cip
mix_16_0,32,1772,1772,A,,60.0,100,0.2763528525829315,1.6759605407714844,3.5092568397521973,0.3001666666666667,,,,,,,,,,,,,,,,,,,,,15,,224,224,0,1685187320,0,234,0,16,0,0.1327415555715561,1.0,-14.291141510009766,3.3174431324005127,1.0,0.6093058343976736,3016.30859375,67.03369140625,,data/instances/transfer/real_05.cip
mix_16_0,32,1773,1773,A,,60.0,100,0.41839587688446045,2.002267837524414,8.592304229736328,0.2985833333333334,,,,,,,,,,,,,,,,,,,,,15,,224,224,0,1684411948,0,235,0,16,0,0.1387830376625061,1.0,-14.413924217224121,2.8277111053466797,1.0,0.3261721897870302,3016.30859375,67.03369140625,,data/instances/transfer/real_05.cip
mix_16_0,32,1774,1774,A,,60.0,100,0.3612828850746155,1.7784135341644287,15.333740234375,0.2985833333333334,,,,,,,,,,,,,,,,,,,,,15,,224,224,0,1684411948,0,235,0,16,0,0.13784059882164001,1.0,-13.994965553283691,3.734571933746338,1.0,0.3823607638478279,3016.30859375,67.03369140625,,data/instances/transfer/real_05.cip
mix_16_0,32,1775,1775,A,,60.0,100,0.1984548568725586,1.3045109510421753,3.445099353790283,0.2985833333333334,,,,,,,,,,,,,,,,,,,,,15,,224,224,0,1684411948,0,235,0,16,0,0.13083137571811676,1.0,-14.271217346191406,4.183836460113525,1.0,0.4760398920625448,3016.30859375,67.03369140625,,data/instances/transfer/real_05.cip
mix_16_0,32,1776,1776,A,,60.0,100,0.14266127347946167,2.394624948501587,6.4542107582092285,0.2985833333333334,,,,,,,,,,,,,,,,,,,,,14,,224,224,0,1684411948,0,235,0,16,0,0.04466262087225914,1.0,-15.061559677124023,5.542147159576416,1.0,0.5491642411798239,3016.30859375,67.03369140625,,data/instances/transfer/real_05.cip
mix_16_0,32,1777,1777,A,,60.0,100,0.46143651008605957,1.4699658155441284,28.5377254486084,0.29700000000000004,,,,,,,,,,,,,,,,,,,,,16,,224,224,0,1684213580,0,236,0,16,0,0.16201640665531158,1.0,-15.92518424987793,2.6845409870147705,16.0,0.5274205580353737,3016.30859375,67.03369140625,,data/instances/transfer/real_05.cip
mix_16_0,32,1778,1778,A,,60.0,100,0.5658811330795288,2.376978874206543,20.981985092163086,0.29700000000000004,,,,,,,,,,,,,,,,,,,,,15,,224,224,0,1684213580,0,236,0,16,0,0.11949873715639114,1.0,-14.719572067260742,3.944793939590454,16.0,0.5753445532172918,3016.30859375,67.03369140625,,data/instances/transfer/real_05.cip
mix_16_0,32,1779,1779,A,,60.0,100,0.23414212465286255,1.2879090309143066,4.707574844360352,0.29700000000000004,,,,,,,,,,,,,,,,,,,,,15,,224,224,0,1684213580,0,236,0,16,0,0.13392497599124908,1.0,-14.98013687133789,3.326050043106079,16.0,0.37166303768754005,3016.30859375,67.03369140625,,data/instances/transfer/real_05.cip
mix_16_0,32,1780,1780,A,,60.0,100,1.0477495193481445,3.746471643447876,5.527416706085205,0.29700000000000004,,,,,,,,,,,,,,,,,,,,,13,,224,224,0,1684213580,0,236,0,16,0,0.23857295513153076,1.0,-13.61970043182373,3.1551716327667236,16.0,0.3114170040935278,3016.30859375,67.03369140625,,data/instances/transfer/real_05.cip
episode,32,1780,1780,A,,60.0,100,1.0477495193481445,3.746471643447876,5.527416706085205,0.29541666666666666,-12.013300000000001,-12.0,-0.0133,-12.013300000000001,True,13,60.180619,,,,,,,,inf,1e+20,120.0,inf,0.0,16857,13,True,224,224,0,1684169936,0,238,0,16,0,,,,,59.583333333333336,,3016.30859375,67.03369140625,timelimit,data/instances/transfer/real_05.cip
validation,33,1780,1780,A,,,,,,,,,,,,,,,1.0,9.33488,inf,0.0,9.33488,1.0,8436.0,,,,,,,,,224,224,0,1684169936,0,238,0,,,,,,,,,,,optimal,data/instances/validation/real_08.cip
mix_16_0,33,1781,1781,A,,60.0,100,0.08395346254110336,0.6593557596206665,0.8933559656143188,0.29541666666666666,,,,,,,,,,,,,,,,,,,,,16,,224,224,0,1684169936,0,238,0,16,0,0.09551023691892624,1.0,-15.919389724731445,4.260145664215088,1.0,0.46092417277395725,3016.25390625,67.03369140625,,data/instances/train/real_06.cip
mix_16_0,33,1782,1782,A,,60.0,100,0.29243290424346924,1.3500345945358276,16.491979598999023,0.29541666666666666,,,,,,,,,,,,,,,,,,,,,15,,224,224,0,1684169936,0,238,0,16,0,0.1386997103691101,1.0,-13.082059860229492,4.252811908721924,1.0,0.570696635171771,3016.25390625,67.03369140625,,data/instances/train/real_06.cip
mix_16_0,33,1783,1783,A,,60.0,100,0.28385573625564575,1.1096909046173096,13.221238136291504,0.29541666666666666,,,,,,,,,,,,,,,,,,,,,16,,224,224,0,1684169936,0,238,0,16,0,0.1980402171611786,1.0,-15.02989387512207,2.9870526790618896,1.0,0.5809462498873472,3016.25390625,67.03369140625,,data/instances/train/real_06.cip
mix_16_0,33,1784,1784,A,,60.0,100,0.24243831634521484,0.8861650824546814,11.108220100402832,0.29541666666666666,,,,,,,,,,,,,,,,,,,,,16,,224,224,0,1684169936,0,238,0,16,0,0.31012848019599915,1.0,-15.187053680419922,4.660969257354736,1.0,0.44494883716106415,3016.25390625,67.03369140625,,data/instances/train/real_06.cip
mix_16_0,33,1785,1785,A,,60.0,100,0.13616806268692017,1.4089148044586182,6.192634105682373,0.2938333333333334,,,,,,,,,,,,,,,,,,,,,15,,224,224,0,1684169936,0,238,0,16,0,0.07802901417016983,1.0,-13.59920883178711,5.791286468505859,1.0,0.39971028082072735,3016.25390625,67.03369140625,,data/instances/train/real_06.cip
mix_16_0,33,1786,1786,A,,60.0,100,0.14363445341587067,0.7928562760353088,3.9887659549713135,0.2938333333333334,,,,,,,,,,,,,,,,,,,,,16,,224,224,0,1684169936,0,238,0,16,0,0.19471079111099243,1.0,-13.754132270812988,3.0577585697174072,1.0,0.40542845614254475,3016.25390625,67.03369140625,,data/instances/train/real_06.cip
mix_16_0,33,1787,1787,A,,60.0,100,0.4688226282596588,2.2482409477233887,18.359867095947266,0.2938333333333334,,,,,,,,,,,,,,,,,,,,,14,,224,224,0,1684169936,0,238,0,16,0,0.1533328890800476,1.0,-14.531742095947266,4.9368367195129395,1.0,0.4413960725069046,3016.25390625,67.03369140625,,data/instances/train/real_06.cip
mix_16_0,33,1788,1788,A,,60.0,100,0.10145360231399536,1.6347846984863281,5.053504467010498,0.2938333333333334,,,,,,,,,,,,,,,,,,,,,15,,224,224,0,1684169936,0,238,0,16,0,0.044045764952898026,1.0,-15.719983100891113,3.3141086101531982,1.0,0.4262614604085684,3016.25390625,67.03369140625,,data/instances/train/real_06.cip
mix_16_0,33,1789,1789,A,,60.0,100,0.31341928243637085,2.224411964416504,6.494287014007568,0.29225,,,,,,,,,,,,,,,,,,,,,14,,224,224,0,1681689652,0,239,0,16,0,0.11569703370332718,1.0,-14.410137176513672,4.866038799285889,230.0,0.37966313026845455,3016.25390625,67.03369140625,,data/instances/train/real_06.cip
mix_16_0,33,1790,1790,A,,60.0,100,0.2348439246416092,1.4385778903961182,2.3029391765594482,0.29225,,,,,,,,,,,,,,,,,,,,,15,,224,224,0,1681689652,0,239,0,16,0,0.12903639674186707,1.0,-15.925457000732422,3.110475778579712,230.0,0.37365452386438847,3016.25390625,67.03369140625,,data/instances/train/real_06.cip
mix_16_0,33,1791,1791,A,,60.0,100,0.31928083300590515,1.8268096446990967,5.188625812530518,0.29225,,,,,,,,,,,,,,,,,,,,,15,,224,224,0,1681689652,0,239,0,16,0,0.11619686335325241,1.0,-13.681785583496094,4.195375442504883,230.0,0.34630911983549595,3016.25390625,67.03369140625,,data/instances/train/real_06.cip
mix_16_0,33,1792,1792,A,,60.0,100,0.23390783369541168,3.308082103729248,6.569381237030029,0.29225,,,,,,,,,,,,,,,,,,,,,12,,224,224,0,1681689652,0,239,0,16,0,0.04607464745640755,1.0,-15.083134651184082,4.474490165710449,230.0,0.3453282192349434,3016.25390625,67.03369140625,,data/instances/train/real_06.cip
mix_16_0,33,1793,1793,A,,60.0,100,0.22617581486701965,2.6492702960968018,7.327078819274902,0.29066666666666663,,,,,,,,,,,,,,,,,,,,,14,,224,224,0,1679472264,0,240,0,16,0,0.042571019381284714,1.0,-13.263060569763184,4.436676025390625,1.0,0.3987354841083288,3016.25390625,67.03369140625,,data/instances/train/real_06.cip
mix_16_0,33,1794,1794,A,,60.0,100,0.6446400880813599,1.749040961265564,16.662466049194336,0.29066666666666663,,,,,,,,,,,,,,,,,,,,,15,,224,224,0,1679472264,0,240,0,16,0,0.2517431676387787,1.0,-13.455577850341797,5.376870155334473,1.0,0.5354001447558403,3016.25390625,67.03369140625,,data/instances/train/real_06.cip
mix_16_0,33,1795,1795,A,,60.0,100,0.26684606075286865,0.8861715793609619,22.267000198364258,0.29066666666666663,,,,,,,,,,,,,,,,,,,,,16,,224,224,0,1679472264,0,240,0,16,0,0.17629677057266235,1.0,-15.219023704528809,5.084852695465088,1.0,0.3678077720105648,3016.25390625,67.03369140625,,data/instances/train/real_06.cip
mix_16_0,33,1796,1796,A,,60.0,100,0.19362732768058777,1.373025894165039,3.735922336578369,0.29066666666666663,,,,,,,,,,,,,,,,,,,,,15,,224,224,0,1679472264,0,240,0,16,0,0.12725958228111267,1.0,-14.830904006958008,4.425724506378174,1.0,0.4159191455692053,3016.25390625,67.03369140625,,data/instances/train/real_06.cip
mix_16_0,33,1797,1797,A,,60.0,100,0.6199648380279541,3.1504316329956055,4.949407577514648,0.28908333333333336,,,,,,,,,,,,,,,,,,,,,12,,224,224,0,1677232912,0,241,0,16,0,0.17679692804813385,1.0,-13.753511428833008,4.08557653427124,1.0,0.3350804168730974,3016.25390625,67.03369140625,,data/instances/train/real_06.cip
mix_16_0,33,1798,1798,A,,60.0,100,0.28917717933654785,1.8520417213439941,17.38214874267578,0.28908333333333336,,,,,,,,,,,,,,,,,,,,,15,,224,224,0,1677232912,0,241,0,16,0,0.07314899563789368,1.0,-16.799640655517578,5.50320291519165,1.0,0.42342738807201385,3016.25390625,67.03369140625,,data/instances/train/real_06.cip
mix_16_0,33,1799,1799,A,,60.0,100,0.382615864276886,1.8319083452224731,22.919042587280273,0.28908333333333336,,,,,,,,,,,,,,,,,,,,,15,,224,224,0,1677232912,0,241,0,16,0,0.12005770206451416,1.0,-16.19478988647461,3.9228715896606445,1.0,0.3788534626364708,3016.25390625,67.03369140625,,data/instances/train/real_06.cip
mix_16_0,33,1800,1800,A,,60.0,100,0.15093457698822021,1.4949101209640503,8.269148826599121,0.28908333333333336,,,,,,,,,,,,,,,,,,,,,15,,224,224,0,1677232912,0,241,0,16,0,0.05945105105638504,1.0,-16.385459899902344,4.50273323059082,1.0,0.3488175254315138,3016.25390625,67.03369140625,,data/instances/train/real_06.cip
mix_16_0,33,1801,1801,A,,60.0,100,0.32334959506988525,2.4376325607299805,4.968671798706055,0.2875000000000001,,,,,,,,,,,,,,,,,,,,,14,,224,224,0,1674999572,0,242,0,16,0,0.10113015025854111,1.0,-14.508635520935059,3.5020108222961426,1.0,0.4993295129388571,3016.25390625,67.03369140625,,data/instances/train/real_06.cip
mix_16_0,33,1802,1802,A,,60.0,100,0.1907423883676529,1.4047133922576904,7.572355270385742,0.2875000000000001,,,,,,,,,,,,,,,,,,,,,15,,224,224,0,1674999572,0,242,0,16,0,0.11252371966838837,1.0,-15.878798484802246,4.646688938140869,1.0,0.395343204960227,3016.05078125,67.03369140625,,data/instances/train/real_06.cip
mix_16_0,33,1803,1803,A,,60.0,100,0.6908066272735596,2.6920762062072754,5.768565654754639,0.2875000000000001,,,,,,,,,,,,,,,,,,,,,13,,224,224,0,1674999572,0,242,0,16,0,0.25404149293899536,1.0,-13.963240623474121,4.297245979309082,1.0,0.39229874685406685,3016.05078125,67.03369140625,,data/instances/train/real_06.cip
mix_16_0,33,1804,1804,A,,60.0,100,0.2800464928150177,1.3487622737884521,10.189663887023926,0.2875000000000001,,,,,,,,,,,,,,,,,,,,,16,,224,224,0,1674999572,0,242,0,16,0,0.1972929686307907,1.0,-13.648426055908203,4.7842254638671875,1.0,0.49113290198147297,3016.05078125,67.03369140625,,data/instances/train/real_06.cip
mix_16_0,33,1805,1805,A,,60.0,100,0.24891257286071777,1.827303409576416,14.815146446228027,0.2859166666666667,,,,,,,,,,,,,,,,,,,,,15,,224,224,0,1673086708,0,243,0,16,0,0.07116953283548355,1.0,-13.848271369934082,5.131650447845459,1.0,0.6153718866407871,3015.625,67.03369140625,,data/instances/train/real_06.cip
mix_16_0,33,1806,1806,A,,60.0,100,0.28122958540916443,1.588244080543518,6.96837043762207,0.2859166666666667,,,,,,,,,,,,,,,,,,,,,15,,224,224,0,1673086708,0,243,0,16,0,0.1373642385005951,1.0,-13.653305053710938,3.764329671859741,1.0,0.6190547123551369,3015.625,67.03369140625,,data/instances/train/real_06.cip
mix_16_0,33,1807,1807,A,,60.0,100,0.22466301918029785,1.2440659999847412,5.142361640930176,0.2859166666666667,,,,,,,,,,,,,,,,,,,,,15,,224,224,0,1673086708,0,243,0,16,0,0.15928350389003754,1.0,-13.030858993530273,3.090986728668213,1.0,0.6117616314440966,3015.625,67.03369140625,,data/instances/train/real_06.cip
mix_16_0,33,1808,1808,A,,60.0,100,0.2543979287147522,1.6019566059112549,15.771745681762695,0.2859166666666667,,,,,,,,,,,,,,,,,,,,,15,,224,224,0,1673086708,0,243,0,16,0,0.10690389573574066,1.0,-15.186212539672852,2.893998861312866,1.0,0.6141335722059011,3015.625,67.03369140625,,data/instances/train/real_06.cip
mix_16_0,33,1809,1809,A,,60.0,100,0.3694714307785034,2.0793614387512207,16.77767562866211,0.28433333333333344,,,,,,,,,,,,,,,,,,,,,15,,224,224,0,1671018080,0,244,0,16,0,0.10560973733663559,1.0,-14.509588241577148,4.336361408233643,104.0,0.6501644887030125,3015.625,67.03369140625,,data/instances/train/real_06.cip
mix_16_0,33,1810,1810,A,,60.0,100,0.14098352193832397,0.9815047979354858,9.089539527893066,0.28433333333333344,,,,,,,,,,,,,,,,,,,,,16,,224,224,0,1671018080,0,244,0,16,0,0.14907875657081604,1.0,-15.87005615234375,5.562716960906982,104.0,0.6922656949609518,3015.625,67.03369140625,,data/instances/train/real_06.cip
mix_16_0,33,1811,1811,A,,60.0,100,0.2694814205169678,2.512803554534912,9.568861961364746,0.28433333333333344,,,,,,,,,,,,,,,,,,,,,13,,224,224,0,1671018080,0,244,0,16,0,0.08605857193470001,1.0,-14.08135986328125,3.5951297283172607,104.0,0.5845824982970953,3015.625,67.03369140625,,data/instances/train/real_06.cip
mix_16_0,33,1812,1812,A,,60.0,100,0.29434043169021606,2.228229522705078,4.347893238067627,0.28433333333333344,,,,,,,,,,,,,,,,,,,,,13,,224,224,0,1671018080,0,244,0,16,0,0.12576034665107727,1.0,-13.552754402160645,4.587952613830566,104.0,0.5801237914711237,3015.60546875,67.03369140625,,data/instances/train/real_06.cip
mix_16_0,33,1813,1813,A,,60.0,100,0.2420327067375183,1.1085673570632935,1.26038658618927,0.28275000000000006,,,,,,,,,,,,,,,,,,,,,16,,224,224,0,1669117692,0,245,0,16,0,0.16864196956157684,1.0,-12.71015739440918,3.7795896530151367,129.0,0.4027582574635744,3015.45703125,67.03369140625,,data/instances/train/real_06.cip
mix_16_0,33,1814,1814,A,,60.0,100,0.1076560840010643,0.9772877097129822,2.303215265274048,0.28275000000000006,,,,,,,,,,,,,,,,,,,,,16,,224,224,0,1669117692,0,245,0,16,0,0.12296619266271591,1.0,-14.589908599853516,5.152024269104004,129.0,0.5574104450643063,3015.45703125,67.03369140625,,data/instances/train/real_06.cip
mix_16_0,33,1815,1815,A,,60.0,100,0.2903439700603485,2.01814603805542,3.235746145248413,0.28275000000000006,,,,,,,,,,,,,,,,,,,,,14,,224,224,0,1669117692,0,245,0,16,0,0.12340374290943146,1.0,-15.02772331237793,4.884524345397949,129.0,0.6018053498119116,3015.45703125,67.03369140625,,data/instances/train/real_06.cip
mix_16_0,33,1816,1816,A,,60.0,100,0.4786774814128876,3.1457550525665283,4.009841442108154,0.28275000000000006,,,,,,,,,,,,,,,,,,,,,13,,224,224,0,1669117692,0,245,0,16,0,0.12838369607925415,1.0,-14.387773513793945,4.6119232177734375,129.0,0.511858319863677,3015.45703125,67.03369140625,,data/instances/train/real_06.cip
mix_16_0,33,1817,1817,A,,60.0,100,0.08662676066160202,1.1936801671981812,4.196320533752441,0.2811666666666667,,,,,,,,,,,,,,,,,,,,,16,,224,224,0,1666968756,0,246,0,16,0,0.03246457129716873,1.0,-14.122387886047363,3.8027877807617188,1.0,0.5489931348711252,3015.45703125,67.03369140625,,data/instances/train/real_06.cip
mix_16_0,33,1818,1818,A,,60.0,100,0.22062274813652039,1.5440083742141724,8.5764741897583,0.2811666666666667,,,,,,,,,,,,,,,,,,,,,15,,224,224,0,1666968756,0,246,0,16,0,0.11472289264202118,1.0,-12.38823127746582,3.4457085132598877,1.0,0.6171848233789206,3015.45703125,67.03369140625,,data/instances/train/real_06.cip
mix_16_0,33,1819,1819,A,,60.0,100,0.07725556194782257,1.5216920375823975,0.7724549770355225,0.2811666666666667,,,,,,,,,,,,,,,,,,,,,15,,224,224,0,1666968756,0,246,0,16,0,0.04297990724444389,1.0,-13.758071899414062,4.456098556518555,1.0,0.6629136055707932,3015.45703125,67.03369140625,,data/instances/train/real_06.cip
mix_16_0,33,1820,1820,A,,60.0,100,0.36542534828186035,2.0544567108154297,13.073336601257324,0.2811666666666667,,,,,,,,,,,,,,,,,,,,,14,,224,224,0,1666968756,0,246,0,16,0,0.13881699740886688,1.0,-13.663436889648438,3.8667171001434326,1.0,0.692630909383297,3015.45703125,67.03369140625,,data/instances/train/real_06.cip
mix_16_0,33,1821,1821,A,,60.0,100,0.2721804976463318,1.7213737964630127,5.945898056030273,0.2795833333333334,,,,,,,,,,,,,,,,,,,,,14,,224,224,0,1664870348,0,247,0,16,0,0.12865500152111053,1.0,-11.453963279724121,2.4983482360839844,1.0,0.33213507011532784,3015.45703125,67.03369140625,,data/instances/train/real_06.cip
mix_16_0,33,1822,1822,A,,60.0,100,0.13772088289260864,0.8386870622634888,3.574589967727661,0.2795833333333334,,,,,,,,,,,,,,,,,,,,,16,,224,224,0,1664870348,0,247,0,16,0,0.18795809149742126,1.0,-15.633512496948242,4.7304863929748535,1.0,0.31787246838212013,3015.45703125,67.03369140625,,data/instances/train/real_06.cip
mix_16_0,33,1823,1823,A,,60.0,100,0.29641127586364746,1.9114274978637695,8.188627243041992,0.2795833333333334,,,,,,,,,,,,,,,,,,,,,14,,224,224,0,1664870348,0,247,0,16,0,0.11904973536729813,1.0,-14.153709411621094,4.688647270202637,1.0,0.4451758340001106,3015.45703125,67.03369140625,,data/instances/train/real_06.cip
mix_16_0,33,1824,1824,A,,60.0,100,0.24661052227020264,1.6545658111572266,4.2946600914001465,0.2795833333333334,,,,,,,,,,,,,,,,,,,,,15,,224,224,0,1664870348,0,247,0,16,0,0.10776197910308838,1.0,-15.309141159057617,6.087221145629883,1.0,0.5827062372118235,3015.45703125,67.03369140625,,data/instances/train/real_06.cip
mix_16_0,33,1825,1825,A,,60.0,100,0.034509360790252686,0.759215235710144,1.8838382959365845,0.278,,,,,,,,,,,,,,,,,,,,,16,,224,224,0,1662911612,0,248,0,16,0,0.043816667050123215,1.0,-16.279111862182617,5.073945045471191,1.0,0.4091394226998091,3015.45703125,67.03369140625,,data/instances/train/real_06.cip
mix_16_0,33,1826,1826,A,,60.0,100,0.5912362337112427,2.696383237838745,5.13506555557251,0.278,,,,,,,,,,,,,,,,,,,,,13,,224,224,0,1662911612,0,248,0,16,0,0.19165046513080597,1.0,-13.008871078491211,4.754815578460693,1.0,0.327423132956028,3015.45703125,67.03369140625,,data/instances/train/real_06.cip
mix_16_0,33,1827,1827,A,,60.0,100,0.22548940777778625,1.98837149143219,9.86479663848877,0.278,,,,,,,,,,,,,,,,,,,,,14,,224,224,0,1662911612,0,248,0,16,0,0.08282160758972168,1.0,-14.739616394042969,4.847396373748779,1.0,0.31524054892361164,3015.45703125,67.03369140625,,data/instances/train/real_06.cip
mix_16_0,33,1828,1828,A,,60.0,100,0.08383207768201828,1.1746039390563965,1.2768113613128662,0.278,,,,,,,,,,,,,,,,,,,,,16,,224,224,0,1662911612,0,248,0,16,0,0.0762563943862915,1.0,-15.426050186157227,3.8637797832489014,1.0,0.44985746406018734,3015.45703125,67.03369140625,,data/instances/train/real_06.cip
mix_16_0,33,1829,1829,A,,60.0,100,0.5908762216567993,2.777003765106201,8.67906379699707,0.27641666666666664,,,,,,,,,,,,,,,,,,,,,13,,224,224,0,1660744932,0,249,0,16,0,0.18710976839065552,1.0,-13.500005722045898,3.6274302005767822,7.0,0.3016508724540472,3015.45703125,67.03369140625,,data/instances/train/real_06.cip
mix_16_0,33,1830,1830,A,,60.0,100,0.3190937936306,2.2176003456115723,10.982454299926758,0.27641666666666664,,,,,,,,,,,,,,,,,,,,,14,,224,224,0,1660744932,0,249,0,16,0,0.09382922202348709,1.0,-13.911317825317383,4.9306640625,7.0,0.32031735219061375,3015.45703125,67.03369140625,,data/instances/train/real_06.cip
mix_16_0,33,1831,1831,A,,60.0,100,0.21083873510360718,1.438423752784729,2.839320421218872,0.27641666666666664,,,,,,,,,,,,,,,,,,,,,15,,224,224,0,1660744932,0,249,0,16,0,0.12353051453828812,1.0,-14.699399948120117,3.7735209465026855,7.0,0.3905235603451729,3015.45703125,67.03369140625,,data/instances/train/real_06.cip
mix_16_0,33,1832,1832,A,,60.0,100,0.23338761925697327,0.8343316316604614,17.116649627685547,0.27641666666666664,,,,,,,,,,,,,,,,,,,,,16,,224,224,0,1660744932,0,249,0,16,0,0.34346428513526917,1.0,-15.34109115600586,4.4267144203186035,7.0,0.5496161375194788,3015.45703125,67.03369140625,,data/instances/train/real_06.cip
mix_16_0,33,1833,1833,A,,60.0,100,0.34440383315086365,2.028669834136963,9.644118309020996,0.2748333333333334,,,,,,,,,,,,,,,,,,,,,14,,224,224,0,1658117512,0,250,0,16,0,0.12571516633033752,1.0,-12.626497268676758,2.831536293029785,1.0,0.4058173205703497,3015.45703125,67.03369140625,,data/instances/train/real_06.cip
mix_16_0,33,1834,1834,A,,60.0,100,0.3583695590496063,1.8808155059814453,16.04160499572754,0.2748333333333334,,,,,,,,,,,,,,,,,,,,,15,,224,224,0,1658117512,0,250,0,16,0,0.11343682557344437,1.0,-11.828865051269531,4.805126190185547,1.0,0.5159779526293278,3015.45703125,67.03369140625,,data/instances/train/real_06.cip
mix_16_0,33,1835,1835,A,,60.0,100,0.5578581094741821,2.6177406311035156,8.146673202514648,0.2748333333333334,,,,,,,,,,,,,,,,,,,,,13,,224,224,0,1658117512,0,250,0,16,0,0.1813366711139679,1.0,-13.375344276428223,5.930532932281494,1.0,0.45222884975373745,3015.45703125,67.03369140625,,data/instances/train/real_06.cip
mix_16_0,33,1836,1836,A,,60.0,100,0.1162552759051323,1.6754815578460693,6.803934574127197,0.2748333333333334,,,,,,,,,,,,,,,,,,,,,15,,224,224,0,1658117512,0,250,0,16,0,0.029885308817029,1.0,-13.705291748046875,4.868061542510986,1.0,0.6024714838713408,3015.45703125,67.03369140625,,data/instances/train/real_06.cip
mix_16_0,33,1837,1837,A,,60.0,100,0.09300865978002548,0.9346262216567993,0.7953059077262878,0.27325,,,,,,,,,,,,,,,,,,,,,16,,224,224,0,1655453340,0,251,0,16,0,0.09848787635564804,1.0,-14.701108932495117,3.896273612976074,30.0,0.39059290289878845,3015.45703125,67.03369140625,,data/instances/train/real_06.cip
mix_16_0,33,1838,1838,A,,60.0,100,0.11570623517036438,0.9112578630447388,1.816921591758728,0.27325,,,,,,,,,,,,,,,,,,,,,16,,224,224,0,1655453340,0,251,0,16,0,0.10081346333026886,1.0,-14.746923446655273,5.693588733673096,30.0,0.35536114126443863,3015.45703125,67.03369140625,,data/instances/train/real_06.cip
mix_16_0,33,1839,1839,A,,60.0,100,0.34829139709472656,1.5908920764923096,12.199284553527832,0.27325,,,,,,,,,,,,,,,,,,,,,15,,224,224,0,1655453340,0,251,0,16,0,0.18108603358268738,1.0,-12.75998306274414,4.3191447257995605,30.0,0.31316520273685455,3015.45703125,67.03369140625,,data/instances/train/real_06.cip
mix_16_0,33,1840,1840,A,,60.0,100,0.3337556719779968,1.8863306045532227,12.273884773254395,0.27325,,,,,,,,,,,,,,,,,,,,,15,,224,224,0,1655453340,0,251,0,16,0,0.12453192472457886,1.0,-15.649127960205078,3.5367133617401123,30.0,0.33298226818442345,3015.45703125,67.03369140625,,data/instances/train/real_06.cip
episode,33,1840,1840,A,,60.0,100,0.3337556719779968,1.8863306045532227,12.273884773254395,0.2716666666666666,-16.016699999999997,-16.0,-0.016700000000000003,-16.016699999999997,True,17,60.850142,,,,,,,,inf,0.042736327984839374,120.0,19.57461,0.0,7418,15,True,224,224,0,1650238796,0,253,0,16,0,,,,,34.0,,3015.45703125,67.03369140625,timelimit,data/instances/train/real_06.cip
mix_16_0,34,1841,1841,A,,60.0,100,0.11968168616294861,1.6527683734893799,1.4499024152755737,0.2716666666666666,,,,,,,,,,,,,,,,,,,,,14,,224,224,0,1650238796,0,253,0,16,0,0.06655954569578171,1.0,-11.0018949508667,4.453049182891846,1.0,0.5258077178150415,3015.47265625,67.03369140625,,data/instances/train/real_07.cip
mix_16_0,34,1842,1842,A,,60.0,100,0.14960414171218872,1.4087507724761963,3.194934368133545,0.2716666666666666,,,,,,,,,,,,,,,,,,,,,15,,224,224,0,1650238796,0,253,0,16,0,0.06769474595785141,1.0,-14.0468111038208,3.9012954235076904,1.0,0.6244730278849602,3015.47265625,67.03369140625,,data/instances/train/real_07.cip
mix_16_0,34,1843,1843,A,,60.0,100,0.23910737037658691,1.6918768882751465,2.2453198432922363,0.2716666666666666,,,,,,,,,,,,,,,,,,,,,15,,224,224,0,1650238796,0,253,0,16,0,0.10817111283540726,1.0,-14.640238761901855,3.965322494506836,1.0,0.6459377072751522,3015.47265625,67.03369140625,,data/instances/train/real_07.cip
mix_16_0,34,1844,1844,A,,60.0,100,0.4344717860221863,2.3057496547698975,4.771334648132324,0.2716666666666666,,,,,,,,,,,,,,,,,,,,,14,,224,224,0,1650238796,0,253,0,16,0,0.15516424179077148,1.0,-12.514753341674805,5.51531457901001,1.0,0.6533906757831573,3015.47265625,67.03369140625,,data/instances/train/real_07.cip
mix_16_0,34,1845,1845,A,,60.0,100,0.26970887184143066,2.2820096015930176,6.87717342376709,0.27008333333333334,,,,,,,,,,,,,,,,,,,,,14,,224,224,0,1650238796,0,253,0,16,0,0.08428884297609329,1.0,-11.736270904541016,3.4252209663391113,1.0,0.552258675917983,3015.4609375,67.03369140625,,data/instances/train/real_07.cip
mix_16_0,34,1846,1846,A,,60.0,100,0.2878686189651489,1.914478063583374,5.049482822418213,0.27008333333333334,,,,,,,,,,,,,,,,,,,,,15,,224,224,0,1650238796,0,253,0,16,0,0.10360129922628403,1.0,-13.061281204223633,3.5598373413085938,1.0,0.6086162198334932,3015.4609375,67.03369140625,,data/instances/train/real_07.cip
mix_16_0,34,1847,1847,A,,60.0,100,0.21887308359146118,1.051200270652771,3.3071999549865723,0.27008333333333334,,,,,,,,,,,,,,,,,,,,,16,,224,224,0,1650238796,0,253,0,16,0,0.22379249334335327,1.0,-13.486064910888672,3.7966554164886475,1.0,0.6402750741690397,3015.4609375,67.03369140625,,data/instances/train/real_07.cip
mix_16_0,34,1848,1848,A,,60.0,100,0.2826845645904541,2.00876522064209,2.789409875869751,0.27008333333333334,,,,,,,,,,,,,,,,,,,,,14,,224,224,0,1650238796,0,253,0,16,0,0.1232856810092926,1.0,-14.130691528320312,3.2241294384002686,1.0,0.6183315310627222,3015.4609375,67.03369140625,,data/instances/train/real_07.cip
mix_16_0,34,1849,1849,A,,60.0,100,0.22705945372581482,1.4621559381484985,2.9548792839050293,0.26850000000000007,,,,,,,,,,,,,,,,,,,,,15,,224,224,0,1648681052,0,254,0,16,0,0.10443462431430817,1.0,-11.193249702453613,3.8275551795959473,1.0,0.5311774928122759,3015.4609375,67.03369140625,,data/instances/train/real_07.cip
mix_16_0,34,1850,1850,A,,60.0,100,0.2810470461845398,1.0610878467559814,13.540306091308594,0.26850000000000007,,,,,,,,,,,,,,,,,,,,,16,,224,224,0,1648681052,0,254,0,16,0,0.1585097461938858,1.0,-13.346973419189453,4.9234232902526855,1.0,0.6321581359952688,3015.4609375,67.03369140625,,data/instances/train/real_07.cip
mix_16_0,34,1851,1851,A,,60.0,100,0.17133253812789917,0.8432921171188354,10.57950496673584,0.26850000000000007,,,,,,,,,,,,,,,,,,,,,16,,224,224,0,1648681052,0,254,0,16,0,0.23808805644512177,1.0,-13.414924621582031,5.743172645568848,1.0,0.6322878189384937,3015.4609375,67.03369140625,,data/instances/train/real_07.cip
mix_16_0,34,1852,1852,A,,60.0,100,0.12050335109233856,1.557100772857666,0.6757341623306274,0.26850000000000007,,,,,,,,,,,,,,,,,,,,,15,,224,224,0,1648681052,0,254,0,16,0,0.06474438309669495,1.0,-13.283303260803223,5.193050384521484,1.0,0.6316939909011126,3015.4609375,67.03369140625,,data/instances/train/real_07.cip
mix_16_0,34,1853,1853,A,,60.0,100,0.19096173346042633,1.6491785049438477,7.661258697509766,0.2669166666666668,,,,,,,,,,,,,,,,,,,,,15,,224,224,0,1647122556,0,255,0,16,0,0.08401890844106674,1.0,-15.712095260620117,3.6493899822235107,91.0,0.5549470167607069,3015.4609375,67.03369140625,,data/instances/train/real_07.cip
mix_16_0,34,1854,1854,A,,60.0,100,0.16643975675106049,0.9487249255180359,4.710034370422363,0.2669166666666668,,,,,,,,,,,,,,,,,,,,,16,,224,224,0,1647122556,0,255,0,16,0,0.19248883426189423,1.0,-14.266736030578613,5.908294677734375,91.0,0.6213030368089676,3015.4609375,67.03369140625,,data/instances/train/real_07.cip
mix_16_0,34,1855,1855,A,,60.0,100,0.23643440008163452,2.0463318824768066,6.584043025970459,0.2669166666666668,,,,,,,,,,,,,,,,,,,,,14,,224,224,0,1647122556,0,255,0,16,0,0.091606006026268,1.0,-11.881450653076172,4.773841857910156,91.0,0.5498501267284155,3015.4609375,67.03369140625,,data/instances/train/real_07.cip
mix_16_0,34,1856,1856,A,,60.0,100,0.1343134641647339,1.0370343923568726,2.8274478912353516,0.2669166666666668,,,,,,,,,,,,,,,,,,,,,15,,224,224,0,1647122556,0,255,0,16,0,0.12636533379554749,1.0,-16.346420288085938,4.6542134284973145,91.0,0.626300860196352,3015.4609375,67.03369140625,,data/instances/train/real_07.cip
mix_16_0,34,1857,1857,A,,60.0,100,0.1797412782907486,1.8349512815475464,5.431119441986084,0.2653333333333334,,,,,,,,,,,,,,,,,,,,,15,,224,224,0,1645528716,0,256,0,16,0,0.07810816168785095,1.0,-12.890316009521484,5.306295394897461,95.0,0.5313426274806261,3015.4609375,67.03369140625,,data/instances/train/real_07.cip
mix_16_0,34,1858,1858,A,,60.0,100,0.22437386214733124,1.2293715476989746,4.6589508056640625,0.2653333333333334,,,,,,,,,,,,,,,,,,,,,16,,224,224,0,1645528716,0,256,0,16,0,0.1962420493364334,1.0,-15.63683795928955,4.5434184074401855,95.0,0.5766143072396517,3015.4296875,67.03369140625,,data/instances/train/real_07.cip
mix_16_0,34,1859,1859,A,,60.0,100,0.5371129512786865,2.8052806854248047,14.91348934173584,0.2653333333333334,,,,,,,,,,,,,,,,,,,,,13,,224,224,0,1645528716,0,256,0,16,0,0.15280765295028687,1.0,-12.797006607055664,5.058709144592285,95.0,0.5582210049033165,3015.4296875,67.03369140625,,data/instances/train/real_07.cip
mix_16_0,34,1860,1860,A,,60.0,100,0.11932308226823807,1.4513132572174072,5.612070560455322,0.2653333333333334,,,,,,,,,,,,,,,,,,,,,16,,224,224,0,1645528716,0,256,0,16,0,0.06945014744997025,1.0,-13.38393783569336,4.561916828155518,95.0,0.639425203204155,3015.4296875,67.03369140625,,data/instances/train/real_07.cip
mix_16_0,34,1861,1861,A,,60.0,100,0.12754593789577484,0.7531874775886536,4.740257740020752,0.26375000000000004,,,,,,,,,,,,,,,,,,,,,16,,224,224,0,1643811440,0,257,0,16,0,0.10324884951114655,1.0,-15.87352180480957,3.6656205654144287,1.0,0.558922603726387,3015.4296875,67.03369140625,,data/instances/train/real_07.cip
mix_16_0,34,1862,1862,A,,60.0,100,0.15089848637580872,1.8620717525482178,3.15285325050354,0.26375000000000004,,,,,,,,,,,,,,,,,,,,,15,,224,224,0,1643811440,0,257,0,16,0,0.05960582569241524,1.0,-13.899312973022461,4.375514507293701,1.0,0.5953983031213284,3015.4296875,67.03369140625,,data/instances/train/real_07.cip
mix_16_0,34,1863,1863,A,,60.0,100,0.6436266899108887,2.714082717895508,7.713538646697998,0.26375000000000004,,,,,,,,,,,,,,,,,,,,,14,,224,224,0,1643811440,0,257,0,16,0,0.1841077208518982,1.0,-12.167816162109375,4.931972026824951,1.0,0.6246765665709972,3015.4296875,67.03369140625,,data/instances/train/real_07.cip
mix_16_0,34,1864,1864,A,,60.0,100,0.3128470182418823,1.1887997388839722,17.959726333618164,0.26375000000000004,,,,,,,,,,,,,,,,,,,,,16,,224,224,0,1643811440,0,257,0,16,0,0.2366447150707245,1.0,-13.36899471282959,4.753835201263428,1.0,0.6320147607475519,3015.4296875,67.03369140625,,data/instances/train/real_07.cip
mix_16_0,34,1865,1865,A,,60.0,100,0.23540666699409485,1.7967630624771118,3.5467641353607178,0.26216666666666677,,,,,,,,,,,,,,,,,,,,,15,,224,224,0,1642223140,0,258,0,16,0,0.09422237426042557,1.0,-10.8346529006958,3.881908416748047,1.0,0.531609944999218,3015.4296875,67.03369140625,,data/instances/train/real_07.cip
mix_16_0,34,1866,1866,A,,60.0,100,0.14813649654388428,1.282738208770752,5.31080436706543,0.26216666666666677,,,,,,,,,,,,,,,,,,,,,15,,224,224,0,1642223140,0,258,0,16,0,0.09771433472633362,1.0,-15.394415855407715,4.4903564453125,1.0,0.6046493258327246,3015.4296875,67.03369140625,,data/instances/train/real_07.cip
mix_16_0,34,1867,1867,A,,60.0,100,0.03881571814417839,1.4536526203155518,2.5692899227142334,0.26216666666666677,,,,,,,,,,,,,,,,,,,,,15,,224,224,0,1642223140,0,258,0,16,0,0.01711924746632576,1.0,-14.287181854248047,5.1293134689331055,1.0,0.6184478718787432,3015.4296875,67.03369140625,,data/instances/train/real_07.cip
mix_16_0,34,1868,1868,A,,60.0,100,0.22344571352005005,1.370821237564087,5.388080596923828,0.26216666666666677,,,,,,,,,,,,,,,,,,,,,15,,224,224,0,1642223140,0,258,0,16,0,0.13961106538772583,1.0,-14.280172348022461,4.0120158195495605,1.0,0.6337704006582499,3015.4296875,67.03369140625,,data/instances/train/real_07.cip
mix_16_0,34,1869,1869,A,,60.0,100,0.3887788653373718,1.036780595779419,17.57616424560547,0.2605833333333334,,,,,,,,,,,,,,,,,,,,,16,,224,224,0,1640642144,0,259,0,16,0,0.20475804805755615,1.0,-14.674600601196289,5.151642322540283,1.0,0.5571810193359852,3015.4296875,67.03369140625,,data/instances/train/real_07.cip
mix_16_0,34,1870,1870,A,,60.0,100,0.06451220065355301,0.8597182035446167,0.48054638504981995,0.2605833333333334,,,,,,,,,,,,,,,,,,,,,16,,224,224,0,1640642144,0,259,0,16,0,0.07473251223564148,1.0,-12.793695449829102,4.546153545379639,1.0,0.5927870273590088,3015.4296875,67.03369140625,,data/instances/train/real_07.cip
mix_16_0,34,1871,1871,A,,60.0,100,0.11326645314693451,2.0936949253082275,4.258972644805908,0.2605833333333334,,,,,,,,,,,,,,,,,,,,,14,,224,224,0,1640642144,0,259,0,16,0,0.04564230889081955,1.0,-15.003702163696289,5.160752296447754,1.0,0.6142305564135313,3015.4296875,67.03369140625,,data/instances/train/real_07.cip
mix_16_0,34,1872,1872,A,,60.0,100,0.4728166460990906,2.649076223373413,11.266594886779785,0.2605833333333334,,,,,,,,,,,,,,,,,,,,,13,,224,224,0,1640642144,0,259,0,16,0,0.1425873339176178,1.0,-13.206408500671387,5.082268238067627,1.0,0.6091759447008371,3015.42578125,67.03369140625,,data/instances/train/real_07.cip
mix_16_0,34,1873,1873,A,,60.0,100,0.15495255589485168,1.514374852180481,7.974188327789307,0.259,,,,,,,,,,,,,,,,,,,,,15,,224,224,0,1638823488,0,260,0,16,0,0.05928906053304672,1.0,-13.337850570678711,5.122636795043945,195.0,0.520867396146059,3015.42578125,67.03369140625,,data/instances/train/real_07.cip
mix_16_0,34,1874,1874,A,,60.0,100,0.28538134694099426,1.575583815574646,4.050519943237305,0.259,,,,,,,,,,,,,,,,,,,,,15,,224,224,0,1638823488,0,260,0,16,0,0.13437692821025848,1.0,-12.955292701721191,4.830789566040039,195.0,0.5497130155563354,3015.42578125,67.03369140625,,data/instances/train/real_07.cip
mix_16_0,34,1875,1875,A,,60.0,100,0.1518450826406479,1.5825316905975342,4.269059181213379,0.259,,,,,,,,,,,,,,,,,,,,,15,,224,224,0,1638823488,0,260,0,16,0,0.07145721465349197,1.0,-15.32719612121582,3.728874444961548,195.0,0.34864032082259655,3015.375,67.03369140625,,data/instances/train/real_07.cip
mix_16_0,34,1876,1876,A,,60.0,100,0.18766599893569946,2.048208713531494,4.368218421936035,0.259,,,,,,,,,,,,,,,,,,,,,14,,224,224,0,1638823488,0,260,0,16,0,0.07586555927991867,1.0,-14.919174194335938,4.205878257751465,195.0,0.3088802993297577,3015.375,67.03369140625,,data/instances/train/real_07.cip
mix_16_0,34,1877,1877,A,,60.0,100,0.11615429073572159,0.827436625957489,1.7426732778549194,0.25741666666666674,,,,,,,,,,,,,,,,,,,,,16,,224,224,0,1637042916,0,261,0,16,0,0.1514575034379959,1.0,-14.367387771606445,4.621123313903809,1.0,0.31754644960165024,3015.375,67.03369140625,,data/instances/train/real_07.cip
mix_16_0,34,1878,1878,A,,60.0,100,0.2643255591392517,1.601891040802002,2.676476001739502,0.25741666666666674,,,,,,,,,,,,,,,,,,,,,15,,224,224,0,1637042916,0,261,0,16,0,0.11312470585107803,1.0,-13.49753475189209,5.146835803985596,1.0,0.32550378888845444,3015.375,67.03369140625,,data/instances/train/real_07.cip
mix_16_0,34,1879,1879,A,,60.0,100,0.16253916919231415,1.5455337762832642,3.071225643157959,0.25741666666666674,,,,,,,,,,,,,,,,,,,,,15,,224,224,0,1637042916,0,261,0,16,0,0.0869363322854042,1.0,-14.38956356048584,4.214186191558838,1.0,0.3078233879059553,3015.375,67.03369140625,,data/instances/train/real_07.cip
mix_16_0,34,1880,1880,A,,60.0,100,0.1155969649553299,1.54951810836792,1.0213278532028198,0.25741666666666674,,,,,,,,,,,,,,,,,,,,,15,,224,224,0,1637042916,0,261,0,16,0,0.06250660866498947,1.0,-13.459444046020508,3.7066800594329834,1.0,0.3140779323875904,3015.375,67.03369140625,,data/instances/train/real_07.cip
mix_16_0,34,1881,1881,A,,60.0,100,0.4482947587966919,2.3630263805389404,5.190523624420166,0.25583333333333336,,,,,,,,,,,,,,,,,,,,,14,,224,224,0,1635378560,0,262,0,16,0,0.16373763978481293,1.0,-13.450723648071289,4.3262834548950195,196.0,0.49235375970602036,3015.375,67.03369140625,,data/instances/train/real_07.cip
mix_16_0,34,1882,1882,A,,60.0,100,0.1805616170167923,2.9536852836608887,1.4024107456207275,0.25583333333333336,,,,,,,,,,,,,,,,,,,,,12,,224,224,0,1635378560,0,262,0,16,0,0.05824069306254387,1.0,-12.633501052856445,4.647307872772217,196.0,0.5666373558342457,3015.375,67.03369140625,,data/instances/train/real_07.cip
mix_16_0,34,1883,1883,A,,60.0,100,0.16280841827392578,1.2867076396942139,2.557731866836548,0.25583333333333336,,,,,,,,,,,,,,,,,,,,,15,,224,224,0,1635378560,0,262,0,16,0,0.10417737066745758,1.0,-12.822158813476562,5.261504173278809,196.0,0.5627406574785709,3015.375,67.03369140625,,data/instances/train/real_07.cip
mix_16_0,34,1884,1884,A,,60.0,100,0.28179672360420227,1.4228765964508057,8.421699523925781,0.25583333333333336,,,,,,,,,,,,,,,,,,,,,15,,224,224,0,1635378560,0,262,0,16,0,0.15459589660167694,1.0,-14.170974731445312,3.085871458053589,196.0,0.6383930183947086,3015.375,67.03369140625,,data/instances/train/real_07.cip
mix_16_0,34,1885,1885,A,,60.0,100,0.342978298664093,2.5005574226379395,1.1615633964538574,0.25425,,,,,,,,,,,,,,,,,,,,,13,,224,224,0,1632878952,0,263,0,16,0,0.13220040500164032,1.0,-14.066934585571289,3.093092918395996,1.0,0.5389454625546932,3015.375,67.03369140625,,data/instances/train/real_07.cip
mix_16_0,34,1886,1886,A,,60.0,100,0.24434249103069305,1.2962440252304077,4.996933460235596,0.25425,,,,,,,,,,,,,,,,,,,,,16,,224,224,0,1632878952,0,263,0,16,0,0.20131990313529968,1.0,-11.977767944335938,4.017360210418701,1.0,0.44787296652793884,3015.375,67.03369140625,,data/instances/train/real_07.cip
mix_16_0,34,1887,1887,A,,60.0,100,0.23551857471466064,1.9216618537902832,3.00007700920105,0.25425,,,,,,,,,,,,,,,,,,,,,15,,224,224,0,1632878952,0,263,0,16,0,0.08898989111185074,1.0,-12.329501152038574,3.958796739578247,1.0,0.46529534459114075,3015.375,67.03369140625,,data/instances/train/real_07.cip
mix_16_0,34,1888,1888,A,,60.0,100,0.0862504318356514,2.224485397338867,1.4593433141708374,0.25425,,,,,,,,,,,,,,,,,,,,,13,,224,224,0,1632878952,0,263,0,16,0,0.03324589505791664,1.0,-12.317922592163086,3.959458112716675,1.0,0.5909679308533669,3015.375,67.03369140625,,data/instances/train/real_07.cip
episode,34,1888,1888,A,,60.0,100,0.0862504318356514,2.224485397338867,1.4593433141708374,0.2526666666666667,-12.0069,-12.0,-0.006900000000000001,-12.0069,True,13,61.656522,,,,,,,,inf,1e+20,120.0,inf,0.0,11923,13,True,224,224,0,1627898764,0,265,0,16,0,,,,,48.75,,3015.375,67.03369140625,timelimit,data/instances/train/real_07.cip
mix_16_0,35,1889,1889,A,,60.0,100,0.15404385328292847,2.04719877243042,4.846444129943848,0.2526666666666667,,,,,,,,,,,,,,,,,,,,,15,,224,224,0,1627898764,0,265,0,16,0,0.056647684425115585,1.0,-12.382332801818848,4.113372802734375,83.0,0.5582970306277275,3015.4375,67.03369140625,,data/instances/transfer/real_01.cip
mix_16_0,35,1890,1890,A,,60.0,100,0.2446940839290619,1.34608793258667,7.4741339683532715,0.2526666666666667,,,,,,,,,,,,,,,,,,,,,15,,224,224,0,1627898764,0,265,0,16,0,0.16020770370960236,1.0,-11.375338554382324,5.634444236755371,83.0,0.5875182878226042,3015.4375,67.03369140625,,data/instances/transfer/real_01.cip
mix_16_0,35,1891,1891,A,,60.0,100,0.05072080343961716,0.7195825576782227,1.3135031461715698,0.2526666666666667,,,,,,,,,,,,,,,,,,,,,16,,224,224,0,1627898764,0,265,0,16,0,0.09910544008016586,1.0,-13.778133392333984,6.105580806732178,83.0,0.6097841691225767,3015.4375,67.03369140625,,data/instances/transfer/real_01.cip
mix_16_0,35,1892,1892,A,,60.0,100,0.2506641745567322,0.9598191976547241,7.910423755645752,0.2526666666666667,,,,,,,,,,,,,,,,,,,,,16,,224,224,0,1627898764,0,265,0,16,0,0.29300370812416077,1.0,-12.320371627807617,3.6820437908172607,83.0,0.6074273064732552,3015.4375,67.03369140625,,data/instances/transfer/real_01.cip
mix_16_0,35,1893,1893,A,,60.0,100,0.40886878967285156,1.3781418800354004,5.715812683105469,0.2510833333333333,,,,,,,,,,,,,,,,,,,,,15,,224,224,0,1627898764,0,265,0,16,0,0.24783098697662354,1.0,-14.093730926513672,3.660048484802246,244.0,0.5746311098337173,3015.4375,67.03369140625,,data/instances/transfer/real_01.cip
mix_16_0,35,1894,1894,A,,60.0,100,0.4408875107765198,2.1635262966156006,5.978346347808838,0.2510833333333333,,,,,,,,,,,,,,,,,,,,,14,,224,224,0,1627898764,0,265,0,16,0,0.1838117241859436,1.0,-13.75199031829834,4.149895191192627,244.0,0.5665599815547466,3015.4375,67.03369140625,,data/instances/transfer/real_01.cip
mix_16_0,35,1895,1895,A,,60.0,100,0.48368433117866516,2.3516111373901367,5.526044845581055,0.2510833333333333,,,,,,,,,,,,,,,,,,,,,13,,224,224,0,1627898764,0,265,0,16,0,0.18266457319259644,1.0,-11.902735710144043,4.276788234710693,244.0,0.5855429023504257,3015.4375,67.03369140625,,data/instances/transfer/real_01.cip
mix_16_0,35,1896,1896,A,,60.0,100,0.268153578042984,0.9653096199035645,18.05915069580078,0.2510833333333333,,,,,,,,,,,,,,,,,,,,,16,,224,224,0,1627898764,0,265,0,16,0,0.2866644859313965,1.0,-14.009203910827637,5.088241100311279,244.0,0.6188618168234825,3015.4375,67.03369140625,,data/instances/transfer/real_01.cip
mix_16_0,35,1897,1897,A,,60.0,100,0.09656758606433868,0.9542896747589111,4.58662748336792,0.24950000000000006,,,,,,,,,,,,,,,,,,,,,16,,224,224,0,1629866948,0,266,0,16,0,0.07793796062469482,1.0,-14.329560279846191,4.131994247436523,1.0,0.5247956234961748,3015.4375,67.03369140625,,data/instances/transfer/real_01.cip
mix_16_0,35,1898,1898,A,,60.0,100,0.26742327213287354,1.5009262561798096,8.53895092010498,0.24950000000000006,,,,,,,,,,,,,,,,,,,,,15,,224,224,0,1629866948,0,266,0,16,0,0.13343513011932373,1.0,-15.381339073181152,5.475451946258545,1.0,0.5897540897130966,3015.4375,67.03369140625,,data/instances/transfer/real_01.cip
mix_16_0,35,1899,1899,A,,60.0,100,0.10744214057922363,0.7285053730010986,4.855712413787842,0.24950000000000006,,,,,,,,,,,,,,,,,,,,,16,,224,224,0,1629866948,0,266,0,16,0,0.09235959500074387,1.0,-14.521888732910156,6.479464054107666,1.0,0.6290572583675385,3015.69921875,67.03369140625,,data/instances/transfer/real_01.cip
mix_16_0,35,1900,1900,A,,60.0,100,0.18590867519378662,1.530850887298584,6.800613880157471,0.24950000000000006,,,,,,,,,,,,,,,,,,,,,15,,224,224,0,1629866948,0,266,0,16,0,0.0949467122554779,1.0,-14.781023979187012,4.972421646118164,1.0,0.6132195107638836,3015.69921875,67.03369140625,,data/instances/transfer/real_01.cip
mix_16_0,35,1901,1901,A,,60.0,100,0.17539551854133606,1.2670955657958984,5.645977020263672,0.24791666666666679,,,,,,,,,,,,,,,,,,,,,15,,224,224,0,1631451252,0,267,0,16,0,0.11112366616725922,1.0,-15.094079971313477,5.389052867889404,266.0,0.5464181043207645,3015.69921875,67.03369140625,,data/instances/transfer/real_01.cip
mix_16_0,35,1902,1902,A,,60.0,100,0.19222164154052734,1.9860317707061768,10.417145729064941,0.24791666666666679,,,,,,,,,,,,,,,,,,,,,14,,224,224,0,1631451252,0,267,0,16,0,0.07232733815908432,1.0,-13.630373001098633,4.817098140716553,266.0,0.5758272726088762,3015.69921875,67.03369140625,,data/instances/transfer/real_01.cip
mix_16_0,35,1903,1903,A,,60.0,100,0.4719243347644806,1.978339672088623,15.639440536499023,0.24791666666666679,,,,,,,,,,,,,,,,,,,,,14,,224,224,0,1631451252,0,267,0,16,0,0.14373353123664856,1.0,-14.220745086669922,5.358715057373047,266.0,0.5815246552228928,3015.69921875,67.03369140625,,data/instances/transfer/real_01.cip
mix_16_0,35,1904,1904,A,,60.0,100,0.04241844266653061,1.292510747909546,0.7296102046966553,0.24791666666666679,,,,,,,,,,,,,,,,,,,,,15,,224,224,0,1631451252,0,267,0,16,0,0.027330348268151283,1.0,-11.48472785949707,4.940733432769775,266.0,0.6076992619782686,3015.69921875,67.03369140625,,data/instances/transfer/real_01.cip
mix_16_0,35,1905,1905,A,,60.0,100,0.1326911747455597,0.681083619594574,10.67190933227539,0.2463333333333334,,,,,,,,,,,,,,,,,,,,,16,,224,224,0,1633009528,0,268,0,16,0,0.1170884519815445,1.0,-15.837892532348633,5.526298999786377,1.0,0.5564271546900272,3015.69921875,67.03369140625,,data/instances/transfer/real_01.cip
mix_16_0,35,1906,1906,A,,60.0,100,0.328654944896698,1.0169715881347656,16.73435401916504,0.2463333333333334,,,,,,,,,,,,,,,,,,,,,16,,224,224,0,1633009528,0,268,0,16,0,0.3482130169868469,1.0,-12.962371826171875,5.56498908996582,1.0,0.5718584880232811,3015.69921875,67.03369140625,,data/instances/transfer/real_01.cip
mix_16_0,35,1907,1907,A,,60.0,100,0.5262340307235718,1.437960147857666,25.51883316040039,0.2463333333333334,,,,,,,,,,,,,,,,,,,,,16,,224,224,0,1633009528,0,268,0,16,0,0.4056195020675659,1.0,-12.343191146850586,5.9595842361450195,1.0,0.6048622243106365,3015.69921875,67.03369140625,,data/instances/transfer/real_01.cip
mix_16_0,35,1908,1908,A,,60.0,100,0.2641451954841614,2.0184812545776367,4.601562976837158,0.2463333333333334,,,,,,,,,,,,,,,,,,,,,14,,224,224,0,1633009528,0,268,0,16,0,0.09250833094120026,1.0,-12.009821891784668,6.22986364364624,1.0,0.5970405451953411,3015.69921875,67.03369140625,,data/instances/transfer/real_01.cip
mix_16_0,35,1909,1909,A,,60.0,100,0.2039373219013214,0.9686529636383057,4.304699420928955,0.24475000000000002,,,,,,,,,,,,,,,,,,,,,16,,224,224,0,1634657208,0,269,0,16,0,0.24795038998126984,1.0,-16.32854652404785,5.839564323425293,1.0,0.5228932127356529,3015.69921875,67.03369140625,,data/instances/transfer/real_01.cip
mix_16_0,35,1910,1910,A,,60.0,100,0.3245698809623718,0.9789076447486877,18.293806076049805,0.24475000000000002,,,,,,,,,,,,,,,,,,,,,16,,224,224,0,1634657208,0,269,0,16,0,0.36022648215293884,1.0,-15.447894096374512,5.282406806945801,1.0,0.5867760591208935,3015.69921875,67.03369140625,,data/instances/transfer/real_01.cip
mix_16_0,35,1911,1911,A,,60.0,100,0.1778939664363861,2.7495923042297363,7.3418989181518555,0.24475000000000002,,,,,,,,,,,,,,,,,,,,,13,,224,224,0,1634657208,0,269,0,16,0,0.05391624942421913,1.0,-13.954534530639648,4.618432521820068,1.0,0.5936681032180786,3015.69921875,67.03369140625,,data/instances/transfer/real_01.cip
mix_16_0,35,1912,1912,A,,60.0,100,0.10715191811323166,1.216266393661499,7.249786853790283,0.24475000000000002,,,,,,,,,,,,,,,,,,,,,15,,224,224,0,1634657208,0,269,0,16,0,0.04102356731891632,1.0,-15.172371864318848,5.610522270202637,1.0,0.6311385873705149,3015.69921875,67.03369140625,,data/instances/transfer/real_01.cip
mix_16_0,35,1913,1913,A,,60.0,100,0.15416748821735382,1.2522201538085938,2.18742036819458,0.24316666666666675,,,,,,,,,,,,,,,,,,,,,15,,224,224,0,1636389320,0,270,0,16,0,0.1013607382774353,1.0,-13.049644470214844,5.78599739074707,1.0,0.5041545778512955,3015.69921875,67.03369140625,,data/instances/transfer/real_01.cip
mix_16_0,35,1914,1914,A,,60.0,100,0.20954348146915436,1.8586053848266602,6.16685676574707,0.24316666666666675,,,,,,,,,,,,,,,,,,,,,14,,224,224,0,1636389320,0,270,0,16,0,0.10659655928611755,1.0,-15.705692291259766,4.406434059143066,1.0,0.5743304044008255,3015.69921875,67.03369140625,,data/instances/transfer/real_01.cip
mix_16_0,35,1915,1915,A,,60.0,100,0.26290565729141235,1.6557707786560059,2.068298578262329,0.24316666666666675,,,,,,,,,,,,,,,,,,,,,14,,224,224,0,1636389320,0,270,0,16,0,0.12635071575641632,1.0,-14.041923522949219,4.384805679321289,1.0,0.6070932075381279,3015.69921875,67.03369140625,,data/instances/transfer/real_01.cip
mix_16_0,35,1916,1916,A,,60.0,100,0.16247329115867615,3.064000129699707,3.8471839427948,0.24316666666666675,,,,,,,,,,,,,,,,,,,,,12,,224,224,0,1636389320,0,270,0,16,0,0.037193141877651215,1.0,-14.780152320861816,4.291102409362793,1.0,0.6069615241140127,3015.69921875,67.03369140625,,data/instances/transfer/real_01.cip
mix_16_0,35,1917,1917,A,,60.0,100,0.347456693649292,1.445124864578247,8.74692153930664,0.24158333333333337,,,,,,,,,,,,,,,,,,,,,15,,224,224,0,1637932336,0,271,0,16,0,0.19354894757270813,1.0,-12.580974578857422,4.732572078704834,17.0,0.5296700894832611,3015.69921875,67.03369140625,,data/instances/transfer/real_01.cip
mix_16_0,35,1918,1918,A,,60.0,100,0.15217411518096924,1.050943374633789,11.491486549377441,0.24158333333333337,,,,,,,,,,,,,,,,,,,,,16,,224,224,0,1637932336,0,271,0,16,0,0.07406365126371384,1.0,-14.225735664367676,4.592607021331787,17.0,0.6036618314683437,3015.69921875,67.03369140625,,data/instances/transfer/real_01.cip
mix_16_0,35,1919,1919,A,,60.0,100,0.16240540146827698,1.3226052522659302,9.368685722351074,0.24158333333333337,,,,,,,,,,,,,,,,,,,,,15,,224,224,0,1637932336,0,271,0,16,0,0.08200383931398392,1.0,-13.581731796264648,5.434720993041992,17.0,0.6172864492982626,3015.69921875,67.03369140625,,data/instances/transfer/real_01.cip
mix_16_0,35,1920,1920,A,,60.0,100,0.13469655811786652,0.8360003232955933,4.236469745635986,0.24158333333333337,,,,,,,,,,,,,,,,,,,,,16,,224,224,0,1637932336,0,271,0,16,0,0.19217617809772491,1.0,-12.61586856842041,4.374562740325928,17.0,0.6105562169104815,3015.69921875,67.03369140625,,data/instances/transfer/real_01.cip
mix_16_0,35,1921,1921,A,,60.0,100,0.24984577298164368,1.9996116161346436,8.351354598999023,0.24,,,,,,,,,,,,,,,,,,,,,14,,224,224,0,1639480032,0,272,0,16,0,0.10031375288963318,1.0,-13.481124877929688,4.818789958953857,1.0,0.511144619435072,3015.69921875,67.03369140625,,data/instances/transfer/real_01.cip
mix_16_0,35,1922,1922,A,,60.0,100,0.38136136531829834,2.1250052452087402,12.114062309265137,0.24,,,,,,,,,,,,,,,,,,,,,15,,224,224,0,1639480032,0,272,0,16,0,0.12323333323001862,1.0,-14.131354331970215,5.381030082702637,1.0,0.5950362998992205,3015.69921875,67.03369140625,,data/instances/transfer/real_01.cip
mix_16_0,35,1923,1923,A,,60.0,100,0.18351829051971436,1.8001288175582886,7.630716800689697,0.24,,,,,,,,,,,,,,,,,,,,,15,,224,224,0,1639480032,0,272,0,16,0,0.04901086166501045,1.0,-15.697837829589844,5.404516696929932,1.0,0.5526801757514477,3015.69921875,67.03369140625,,data/instances/transfer/real_01.cip
mix_16_0,35,1924,1924,A,,60.0,100,0.13940897583961487,1.3469668626785278,1.4387900829315186,0.24,,,,,,,,,,,,,,,,,,,,,15,,224,224,0,1639480032,0,272,0,16,0,0.09012813866138458,1.0,-15.210556030273438,4.877378463745117,1.0,0.6062665414065123,3015.69921875,67.03369140625,,data/instances/transfer/real_01.cip
mix_16_0,35,1925,1925,A,,60.0,100,0.2887515425682068,2.6978073120117188,1.9956880807876587,0.23841666666666672,,,,,,,,,,,,,,,,,,,,,13,,224,224,0,1641174588,0,273,0,16,0,0.09781502187252045,1.0,-14.713109970092773,4.284390449523926,601.0,0.5119279641658068,3015.69921875,67.03369140625,,data/instances/transfer/real_01.cip
mix_16_0,35,1926,1926,A,,60.0,100,0.25902068614959717,1.5375934839248657,13.032146453857422,0.23841666666666672,,,,,,,,,,,,,,,,,,,,,15,,224,224,0,1641174588,0,273,0,16,0,0.11065126955509186,1.0,-12.639697074890137,5.0784711837768555,601.0,0.5918231401592493,3015.69921875,67.03369140625,,data/instances/transfer/real_01.cip
mix_16_0,35,1927,1927,A,,60.0,100,0.13590224087238312,2.347886085510254,2.8543601036071777,0.23841666666666672,,,,,,,,,,,,,,,,,,,,,13,,224,224,0,1641174588,0,273,0,16,0,0.04592189937829971,1.0,-11.147333145141602,4.842375755310059,601.0,0.5864944439381361,3015.69921875,67.03369140625,,data/instances/transfer/real_01.cip
mix_16_0,35,1928,1928,A,,60.0,100,0.3310493230819702,2.067610263824463,3.2440152168273926,0.23841666666666672,,,,,,,,,,,,,,,,,,,,,13,,224,224,0,1641174588,0,273,0,16,0,0.1423623114824295,1.0,-10.590974807739258,4.972701549530029,601.0,0.5998127181082964,3015.69921875,67.03369140625,,data/instances/transfer/real_01.cip
mix_16_0,35,1929,1929,A,,60.0,100,0.42284509539604187,1.93711256980896,10.71044635772705,0.23683333333333334,,,,,,,,,,,,,,,,,,,,,14,,224,224,0,1642713420,0,274,0,16,0,0.16996152698993683,1.0,-13.734128952026367,5.431868553161621,277.0,0.5334674380719662,3015.69921875,67.03369140625,,data/instances/transfer/real_01.cip
mix_16_0,35,1930,1930,A,,60.0,100,0.3398871123790741,1.7928667068481445,9.28499698638916,0.23683333333333334,,,,,,,,,,,,,,,,,,,,,15,,224,224,0,1642713420,0,274,0,16,0,0.15485318005084991,1.0,-11.290639877319336,3.5025525093078613,277.0,0.5900755971670151,3015.69921875,67.03369140625,,data/instances/transfer/real_01.cip
mix_16_0,35,1931,1931,A,,60.0,100,0.144272118806839,0.841925859451294,7.240778923034668,0.23683333333333334,,,,,,,,,,,,,,,,,,,,,16,,224,224,0,1642713420,0,274,0,16,0,0.15402807295322418,1.0,-15.634099960327148,5.298419952392578,277.0,0.603843841701746,3015.69921875,67.03369140625,,data/instances/transfer/real_01.cip
mix_16_0,35,1932,1932,A,,60.0,100,0.29849913716316223,1.9840881824493408,7.347370147705078,0.23683333333333334,,,,,,,,,,,,,,,,,,,,,14,,224,224,0,1642713420,0,274,0,16,0,0.1266186535358429,1.0,-14.056283950805664,3.9036738872528076,277.0,0.609081506729126,3015.69921875,67.03369140625,,data/instances/transfer/real_01.cip
mix_16_0,35,1933,1933,A,,60.0,100,0.1406535506248474,0.8619434833526611,6.1862263679504395,0.23524999999999996,,,,,,,,,,,,,,,,,,,,,16,,224,224,0,1644242008,0,275,0,16,0,0.07497824728488922,1.0,-17.361234664916992,4.929701328277588,1.0,0.5473710540682077,3015.69921875,67.03369140625,,data/instances/transfer/real_01.cip
mix_16_0,35,1934,1934,A,,60.0,100,0.22675620019435883,2.1615092754364014,0.8031907677650452,0.23524999999999996,,,,,,,,,,,,,,,,,,,,,13,,224,224,0,1644242008,0,275,0,16,0,0.09096796065568924,1.0,-13.904054641723633,4.7095489501953125,1.0,0.5635589547455311,3015.69921875,67.03369140625,,data/instances/transfer/real_01.cip
mix_16_0,35,1935,1935,A,,60.0,100,0.1251073181629181,0.8002943992614746,8.03244400024414,0.23524999999999996,,,,,,,,,,,,,,,,,,,,,16,,224,224,0,1644242008,0,275,0,16,0,0.16060256958007812,1.0,-14.86077880859375,5.228257179260254,1.0,0.610868576914072,3015.69921875,67.03369140625,,data/instances/transfer/real_01.cip
mix_16_0,35,1936,1936,A,,60.0,100,0.4454619586467743,2.9068527221679688,2.1499531269073486,0.23524999999999996,,,,,,,,,,,,,,,,,,,,,12,,224,224,0,1644242008,0,275,0,16,0,0.14643990993499756,1.0,-14.132688522338867,3.886073112487793,1.0,0.5754569359123707,3015.69921875,67.03369140625,,data/instances/transfer/real_01.cip
mix_16_0,35,1937,1937,A,,60.0,100,0.10762953013181686,0.8586032390594482,5.431825637817383,0.2336666666666667,,,,,,,,,,,,,,,,,,,,,16,,224,224,0,1645829040,0,276,0,16,0,0.07598916441202164,1.0,-12.777969360351562,5.4349236488342285,369.0,0.5237032324075699,3015.69921875,67.03369140625,,data/instances/transfer/real_01.cip
mix_16_0,35,1938,1938,A,,60.0,100,0.05974235013127327,1.434158205986023,0.7630184888839722,0.2336666666666667,,,,,,,,,,,,,,,,,,,,,15,,224,224,0,1645829040,0,276,0,16,0,0.03005445934832096,1.0,-13.978216171264648,3.773092269897461,369.0,0.5707637667655945,3015.69921875,67.03369140625,,data/instances/transfer/real_01.cip
mix_16_0,35,1939,1939,A,,60.0,100,0.054405327886343,0.5563295483589172,4.508812427520752,0.2336666666666667,,,,,,,,,,,,,,,,,,,,,16,,224,224,0,1645829040,0,276,0,16,0,0.11779222637414932,1.0,-12.293542861938477,4.730602741241455,369.0,0.59863474778831,3015.69921875,67.03369140625,,data/instances/transfer/real_01.cip
mix_16_0,35,1940,1940,A,,60.0,100,0.2102460265159607,1.661356806755066,6.4713921546936035,0.2336666666666667,,,,,,,,,,,,,,,,,,,,,15,,224,224,0,1645829040,0,276,0,16,0,0.0880453810095787,1.0,-11.918317794799805,5.074632167816162,369.0,0.6070740129798651,3015.69921875,67.03369140625,,data/instances/transfer/real_01.cip
episode,35,1940,1940,A,,60.0,100,0.2102460265159607,1.661356806755066,6.4713921546936035,0.2320833333333333,-13.027600000000003,-13.0,-0.0276,-13.027600000000003,True,14,61.991487,,,,,,,,inf,1e+20,120.0,inf,0.0,22203,15,True,224,224,0,1652550804,0,278,0,16,0,,,,,143.30769230769232,,3015.69921875,67.03369140625,timelimit,data/instances/transfer/real_01.cip
mix_16_0,36,1941,1941,A,,60.0,100,0.2576730251312256,1.6500107049942017,6.191129684448242,0.2320833333333333,,,,,,,,,,,,,,,,,,,,,14,,224,224,0,1652550804,0,278,0,16,0,0.13828957080841064,1.0,-12.57801342010498,4.478078842163086,1.0,0.5571483690291643,3037.6953125,67.03369140625,,data/instances/transfer/real_03.cip
mix_16_0,36,1942,1942,A,,60.0,100,0.25056448578834534,0.8551649451255798,7.804422378540039,0.2320833333333333,,,,,,,,,,,,,,,,,,,,,16,,224,224,0,1652550804,0,278,0,16,0,0.40403804183006287,1.0,-13.37044906616211,4.77620267868042,1.0,0.5865474380552769,3037.6953125,67.03369140625,,data/instances/transfer/real_03.cip
mix_16_0,36,1943,1943,A,,60.0,100,0.22399276494979858,1.4745721817016602,1.3686531782150269,0.2320833333333333,,,,,,,,,,,,,,,,,,,,,14,,224,224,0,1652550804,0,278,0,16,0,0.14409440755844116,1.0,-13.994268417358398,4.1157379150390625,1.0,0.6073514074087143,3037.6953125,67.03369140625,,data/instances/transfer/real_03.cip
mix_16_0,36,1944,1944,A,,60.0,100,0.13916495442390442,1.0772451162338257,4.4755706787109375,0.2320833333333333,,,,,,,,,,,,,,,,,,,,,15,,224,224,0,1652550804,0,278,0,16,0,0.10410860180854797,1.0,-13.504048347473145,4.918097019195557,1.0,0.6193346753716469,3037.6953125,67.03369140625,,data/instances/transfer/real_03.cip
mix_16_0,36,1945,1945,A,,60.0,100,0.39357641339302063,2.1833906173706055,2.0560641288757324,0.23050000000000004,,,,,,,,,,,,,,,,,,,,,13,,224,224,0,1652550804,0,278,0,16,0,0.1573864370584488,1.0,-12.645465850830078,4.541426181793213,1.0,0.4970341678708792,3037.6953125,67.03369140625,,data/instances/transfer/real_03.cip
mix_16_0,36,1946,1946,A,,60.0,100,0.21961089968681335,1.2647103071212769,4.894188404083252,0.23050000000000004,,,,,,,,,,,,,,,,,,,,,15,,224,224,0,1652550804,0,278,0,16,0,0.150102898478508,1.0,-12.55324935913086,5.378085613250732,1.0,0.593947060406208,3037.6953125,67.03369140625,,data/instances/transfer/real_03.cip
mix_16_0,36,1947,1947,A,,60.0,100,0.1479591429233551,1.5837492942810059,2.159125804901123,0.23050000000000004,,,,,,,,,,,,,,,,,,,,,14,,224,224,0,1652550804,0,278,0,16,0,0.09084027260541916,1.0,-12.244123458862305,5.216740131378174,1.0,0.5909960940480232,3037.6953125,67.03369140625,,data/instances/transfer/real_03.cip
mix_16_0,36,1948,1948,A,,60.0,100,0.1505064070224762,0.8159905672073364,3.801994562149048,0.23050000000000004,,,,,,,,,,,,,,,,,,,,,16,,224,224,0,1652550804,0,278,0,16,0,0.20313693583011627,1.0,-15.410722732543945,4.380127429962158,1.0,0.622445609420538,3037.6953125,67.03369140625,,data/instances/transfer/real_03.cip
mix_16_0,36,1949,1949,A,,60.0,100,0.29232311248779297,1.3913021087646484,4.668144226074219,0.22891666666666677,,,,,,,,,,,,,,,,,,,,,15,,224,224,0,1654016416,0,279,0,16,0,0.1685342788696289,1.0,-14.817079544067383,5.104996681213379,1.0,0.5202475246042013,3037.6953125,67.03369140625,,data/instances/transfer/real_03.cip
mix_16_0,36,1950,1950,A,,60.0,100,0.1889306604862213,1.4704277515411377,7.05251407623291,0.22891666666666677,,,,,,,,,,,,,,,,,,,,,15,,224,224,0,1654016416,0,279,0,16,0,0.10004346072673798,1.0,-12.079312324523926,4.938560485839844,1.0,0.5794771164655685,3037.6953125,67.03369140625,,data/instances/transfer/real_03.cip
mix_16_0,36,1951,1951,A,,60.0,100,0.080023393034935,0.7562503814697266,1.8997797966003418,0.22891666666666677,,,,,,,,,,,,,,,,,,,,,16,,224,224,0,1654016416,0,279,0,16,0,0.13895268738269806,1.0,-14.501901626586914,3.775829792022705,1.0,0.6083729173988104,3037.6953125,67.03369140625,,data/instances/transfer/real_03.cip
mix_16_0,36,1952,1952,A,,60.0,100,0.09366960823535919,0.5648900270462036,6.509493827819824,0.22891666666666677,,,,,,,,,,,,,,,,,,,,,16,,224,224,0,1654016416,0,279,0,16,0,0.09623034298419952,1.0,-15.840545654296875,5.00720739364624,1.0,0.6167514398694038,3037.6953125,67.03369140625,,data/instances/transfer/real_03.cip
mix_16_0,36,1953,1953,A,,60.0,100,0.20761126279830933,1.7270938158035278,7.116756439208984,0.2273333333333334,,,,,,,,,,,,,,,,,,,,,14,,224,224,0,1655508372,0,280,0,16,0,0.0645143911242485,1.0,-13.143386840820312,5.432052135467529,1.0,0.5015060473233461,3037.6953125,67.03369140625,,data/instances/transfer/real_03.cip
mix_16_0,36,1954,1954,A,,60.0,100,0.1422746628522873,1.0170295238494873,9.504949569702148,0.2273333333333334,,,,,,,,,,,,,,,,,,,,,16,,224,224,0,1655508372,0,280,0,16,0,0.07122136652469635,1.0,-15.822334289550781,4.395307540893555,1.0,0.6002986002713442,3037.6953125,67.03369140625,,data/instances/transfer/real_03.cip
mix_16_0,36,1955,1955,A,,60.0,100,0.12308134138584137,0.8448870778083801,6.363966941833496,0.2273333333333334,,,,,,,,,,,,,,,,,,,,,16,,224,224,0,1655508372,0,280,0,16,0,0.19241774082183838,1.0,-14.692272186279297,4.596892356872559,1.0,0.607171855866909,3037.6953125,67.03369140625,,data/instances/transfer/real_03.cip
mix_16_0,36,1956,1956,A,,60.0,100,0.272365540266037,1.6660680770874023,10.663789749145508,0.2273333333333334,,,,,,,,,,,,,,,,,,,,,14,,224,224,0,1655508372,0,280,0,16,0,0.15874236822128296,1.0,-13.54707145690918,4.352659702301025,1.0,0.5979207884520292,3037.6953125,67.03369140625,,data/instances/transfer/real_03.cip
mix_16_0,36,1957,1957,A,,60.0,100,0.31446394324302673,1.39291512966156,10.607710838317871,0.22575000000000012,,,,,,,,,,,,,,,,,,,,,15,,224,224,0,1656894256,0,281,0,16,0,0.14613211154937744,1.0,-12.925350189208984,4.077658176422119,1.0,0.5177775919437408,3037.6953125,67.03369140625,,data/instances/transfer/real_03.cip
mix_16_0,36,1958,1958,A,,60.0,100,0.07723143696784973,2.4451382160186768,4.213161945343018,0.22575000000000012,,,,,,,,,,,,,,,,,,,,,12,,224,224,0,1656894256,0,281,0,16,0,0.019221389666199684,1.0,-12.178841590881348,5.176416873931885,1.0,0.5528629310429096,3037.6953125,67.03369140625,,data/instances/transfer/real_03.cip
mix_16_0,36,1959,1959,A,,60.0,100,0.20091590285301208,1.0265984535217285,14.004708290100098,0.22575000000000012,,,,,,,,,,,,,,,,,,,,,16,,224,224,0,1656894256,0,281,0,16,0,0.10507343709468842,1.0,-12.909162521362305,4.5296173095703125,1.0,0.6368729267269373,3037.6953125,67.03369140625,,data/instances/transfer/real_03.cip
mix_16_0,36,1960,1960,A,,60.0,100,0.42709076404571533,1.2865686416625977,21.232290267944336,0.22575000000000012,,,,,,,,,,,,,,,,,,,,,16,,224,224,0,1656894256,0,281,0,16,0,0.2992183268070221,1.0,-12.589152336120605,5.5059685707092285,1.0,0.6171133704483509,3037.6953125,67.03369140625,,data/instances/transfer/real_03.cip
mix_16_0,36,1961,1961,A,,60.0,100,0.2562514543533325,1.874220371246338,6.570185661315918,0.22416666666666674,,,,,,,,,,,,,,,,,,,,,14,,224,224,0,1658316824,0,282,0,16,0,0.09531717747449875,1.0,-11.711633682250977,5.182615280151367,243.0,0.5100749637931585,3037.6953125,67.03369140625,,data/instances/transfer/real_03.cip
mix_16_0,36,1962,1962,A,,60.0,100,0.24641172587871552,1.5844085216522217,1.9215490818023682,0.22416666666666674,,,,,,,,,,,,,,,,,,,,,14,,224,224,0,1658316824,0,282,0,16,0,0.16230317950248718,1.0,-12.67338752746582,4.804246425628662,243.0,0.5699399001896381,3037.6953125,67.03369140625,,data/instances/transfer/real_03.cip
mix_16_0,36,1963,1963,A,,60.0,100,0.14969921112060547,1.3817685842514038,9.900985717773438,0.22416666666666674,,,,,,,,,,,,,,,,,,,,,15,,224,224,0,1658316824,0,282,0,16,0,0.0770336166024208,1.0,-15.432559967041016,4.446180820465088,243.0,0.6125993002206087,3037.6953125,67.03369140625,,data/instances/transfer/real_03.cip
mix_16_0,36,1964,1964,A,,60.0,100,0.19565345346927643,0.5997024178504944,16.542800903320312,0.22416666666666674,,,,,,,,,,,,,,,,,,,,,16,,224,224,0,1658316824,0,282,0,16,0,0.38038334250450134,1.0,-15.980389595031738,3.3470020294189453,243.0,0.6061311326920986,3037.6953125,67.03369140625,,data/instances/transfer/real_03.cip
mix_16_0,36,1965,1965,A,,60.0,100,0.3773387670516968,1.3704049587249756,15.54483413696289,0.22258333333333336,,,,,,,,,,,,,,,,,,,,,15,,224,224,0,1659807204,0,283,0,16,0,0.21023434400558472,1.0,-13.255165100097656,4.673921585083008,1.0,0.5178710892796516,3037.6953125,67.03369140625,,data/instances/transfer/real_03.cip
mix_16_0,36,1966,1966,A,,60.0,100,0.08903807401657104,2.4006574153900146,6.196202278137207,0.22258333333333336,,,,,,,,,,,,,,,,,,,,,13,,224,224,0,1659807204,0,283,0,16,0,0.021701987832784653,1.0,-12.2914400100708,3.483193874359131,1.0,0.5790128987282515,3037.6953125,67.03369140625,,data/instances/transfer/real_03.cip
mix_16_0,36,1967,1967,A,,60.0,100,0.277380108833313,1.4222934246063232,10.617515563964844,0.22258333333333336,,,,,,,,,,,,,,,,,,,,,15,,224,224,0,1659807204,0,283,0,16,0,0.1415875405073166,1.0,-14.052467346191406,3.8608715534210205,1.0,0.6187659483402967,3037.6953125,67.03369140625,,data/instances/transfer/real_03.cip
mix_16_0,36,1968,1968,A,,60.0,100,0.1449897289276123,0.6464824676513672,5.511590003967285,0.22258333333333336,,,,,,,,,,,,,,,,,,,,,16,,224,224,0,1659807204,0,283,0,16,0,0.2260902225971222,1.0,-12.460470199584961,4.804365158081055,1.0,0.6098204050213099,3037.6953125,67.03369140625,,data/instances/transfer/real_03.cip
mix_16_0,36,1969,1969,A,,60.0,100,0.20039521157741547,1.3068373203277588,2.804699182510376,0.22100000000000009,,,,,,,,,,,,,,,,,,,,,15,,224,224,0,1661149568,0,284,0,16,0,0.13539910316467285,1.0,-13.661469459533691,4.265648365020752,1.0,0.5252148304134607,3037.6953125,67.03369140625,,data/instances/transfer/real_03.cip
mix_16_0,36,1970,1970,A,,60.0,100,0.10766274482011795,0.5854446291923523,11.952956199645996,0.22100000000000009,,,,,,,,,,,,,,,,,,,,,16,,224,224,0,1661149568,0,284,0,16,0,0.33155950903892517,1.0,-13.816356658935547,4.2178263664245605,1.0,0.5767291840165854,3037.6953125,67.03369140625,,data/instances/transfer/real_03.cip
mix_16_0,36,1971,1971,A,,60.0,100,0.19255203008651733,1.8210408687591553,8.045351028442383,0.22100000000000009,,,,,,,,,,,,,,,,,,,,,14,,224,224,0,1661149568,0,284,0,16,0,0.08582209050655365,1.0,-10.65700912475586,4.228940010070801,1.0,0.5877061616629362,3037.6953125,67.03369140625,,data/instances/transfer/real_03.cip
mix_16_0,36,1972,1972,A,,60.0,100,0.10510556399822235,0.4782521724700928,9.996603965759277,0.22100000000000009,,,,,,,,,,,,,,,,,,,,,16,,224,224,0,1661149568,0,284,0,16,0,0.3962991535663605,1.0,-14.992908477783203,3.180331230163574,1.0,0.6067826207727194,3037.6953125,67.03369140625,,data/instances/transfer/real_03.cip
mix_16_0,36,1973,1973,A,,60.0,100,0.06314320862293243,0.5576006770133972,4.887746334075928,0.2194166666666667,,,,,,,,,,,,,,,,,,,,,16,,224,224,0,1662516020,0,285,0,16,0,0.07347100973129272,1.0,-15.030902862548828,4.741935729980469,1.0,0.5567294880747795,3037.6953125,67.03369140625,,data/instances/transfer/real_03.cip
mix_16_0,36,1974,1974,A,,60.0,100,0.1544204205274582,1.0832476615905762,7.404569625854492,0.2194166666666667,,,,,,,,,,,,,,,,,,,,,15,,224,224,0,1662516020,0,285,0,16,0,0.127554789185524,1.0,-14.446874618530273,5.18869161605835,1.0,0.5836942996829748,3037.6953125,67.03369140625,,data/instances/transfer/real_03.cip
mix_16_0,36,1975,1975,A,,60.0,100,0.24019664525985718,2.246310234069824,2.7801334857940674,0.2194166666666667,,,,,,,,,,,,,,,,,,,,,13,,224,224,0,1662516020,0,285,0,16,0,0.09239856153726578,1.0,-14.25425910949707,4.589034080505371,1.0,0.5848751049488783,3037.6953125,67.03369140625,,data/instances/transfer/real_03.cip
mix_16_0,36,1976,1976,A,,60.0,100,0.08165298402309418,1.202264428138733,5.639081954956055,0.2194166666666667,,,,,,,,,,,,,,,,,,,,,15,,224,224,0,1662516020,0,285,0,16,0,0.043521225452423096,1.0,-16.283275604248047,4.041141033172607,1.0,0.6205508131533861,3037.6953125,67.03369140625,,data/instances/transfer/real_03.cip
mix_16_0,36,1977,1977,A,,60.0,100,0.10911894589662552,0.7188093662261963,7.889665603637695,0.21783333333333332,,,,,,,,,,,,,,,,,,,,,16,,224,224,0,1663930280,0,286,0,16,0,0.18331965804100037,1.0,-12.52745246887207,4.27396297454834,1.0,0.5214793402701616,3037.6953125,67.03369140625,,data/instances/transfer/real_03.cip
mix_16_0,36,1978,1978,A,,60.0,100,0.23173655569553375,1.6091357469558716,7.111939430236816,0.21783333333333332,,,,,,,,,,,,,,,,,,,,,14,,224,224,0,1663930280,0,286,0,16,0,0.131964311003685,1.0,-13.427239418029785,4.0185933113098145,1.0,0.5737314838916063,3037.6953125,67.03369140625,,data/instances/transfer/real_03.cip
mix_16_0,36,1979,1979,A,,60.0,100,0.08302406966686249,1.2115135192871094,4.338421821594238,0.21783333333333332,,,,,,,,,,,,,,,,,,,,,15,,224,224,0,1663930280,0,286,0,16,0,0.03256647661328316,1.0,-15.289341926574707,4.607829570770264,1.0,0.6190607193857431,3037.6953125,67.03369140625,,data/instances/transfer/real_03.cip
mix_16_0,36,1980,1980,A,,60.0,100,0.6241522431373596,2.1456692218780518,10.449697494506836,0.21783333333333332,,,,,,,,,,,,,,,,,,,,,14,,224,224,0,1663930280,0,286,0,16,0,0.23397226631641388,1.0,-13.439106941223145,5.328441143035889,1.0,0.5972898472100496,3037.6953125,67.03369140625,,data/instances/transfer/real_03.cip
mix_16_0,36,1981,1981,A,,60.0,100,0.05725030228495598,1.318929672241211,3.611928701400757,0.21625000000000005,,,,,,,,,,,,,,,,,,,,,15,,224,224,0,1665198240,0,287,0,16,0,0.028640517964959145,1.0,-14.980035781860352,5.150613784790039,69.0,0.5046266578137875,3037.6953125,67.03369140625,,data/instances/transfer/real_03.cip
mix_16_0,36,1982,1982,A,,60.0,100,0.37047213315963745,1.926712989807129,14.576298713684082,0.21625000000000005,,,,,,,,,,,,,,,,,,,,,13,,224,224,0,1665198240,0,287,0,16,0,0.17654751241207123,1.0,-13.522808074951172,4.219442367553711,69.0,0.5689409021288157,3037.6953125,67.03369140625,,data/instances/transfer/real_03.cip
mix_16_0,36,1983,1983,A,,60.0,100,0.14233416318893433,1.599063754081726,1.2083669900894165,0.21625000000000005,,,,,,,,,,,,,,,,,,,,,14,,224,224,0,1665198240,0,287,0,16,0,0.08146259188652039,1.0,-14.839808464050293,4.593472480773926,69.0,0.5995667893439531,3037.6953125,67.03369140625,,data/instances/transfer/real_03.cip
mix_16_0,36,1984,1984,A,,60.0,100,0.1757625937461853,0.9763860702514648,7.255049228668213,0.21625000000000005,,,,,,,,,,,,,,,,,,,,,15,,224,224,0,1665198240,0,287,0,16,0,0.13811977207660675,1.0,-12.407960891723633,3.758556842803955,69.0,0.615954564884305,3037.6953125,67.03369140625,,data/instances/transfer/real_03.cip
episode,36,1984,1984,A,,60.0,100,0.1757625937461853,0.9763860702514648,7.255049228668213,0.21466666666666667,-11.0098,-11.0,-0.009800000000000001,-11.0098,True,12,60.465917,,,,,,,,inf,1e+20,120.0,inf,0.0,18588,15,True,224,224,0,1667665976,0,289,0,16,0,,,,,29.181818181818183,,3021.5078125,67.03369140625,timelimit,data/instances/transfer/real_03.cip
mix_16_0,37,1985,1985,A,,60.0,100,0.18468840420246124,1.5591379404067993,11.378986358642578,0.21466666666666667,,,,,,,,,,,,,,,,,,,,,15,,224,224,0,1667665976,0,289,0,16,0,0.06528378278017044,1.0,-11.919578552246094,4.4706525802612305,1.0,0.564455533400178,3026.8671875,67.03369140625,,data/instances/transfer/real_05.cip
mix_16_0,37,1986,1986,A,,60.0,100,0.39644259214401245,1.9780550003051758,19.998916625976562,0.21466666666666667,,,,,,,,,,,,,,,,,,,,,14,,224,224,0,1667665976,0,289,0,16,0,0.15158432722091675,1.0,-11.509244918823242,4.355000972747803,1.0,0.5745176393538713,3026.8671875,67.03369140625,,data/instances/transfer/real_05.cip
mix_16_0,37,1987,1987,A,,60.0,100,0.08961201459169388,0.5984628796577454,2.760550022125244,0.21466666666666667,,,,,,,,,,,,,,,,,,,,,16,,224,224,0,1667665976,0,289,0,16,0,0.19216860830783844,1.0,-13.288595199584961,4.645803928375244,1.0,0.611408419907093,3026.8671875,67.03369140625,,data/instances/transfer/real_05.cip
mix_16_0,37,1988,1988,A,,60.0,100,0.09597223997116089,0.6385282874107361,5.93751335144043,0.21466666666666667,,,,,,,,,,,,,,,,,,,,,16,,224,224,0,1667665976,0,289,0,16,0,0.17978598177433014,1.0,-13.83510684967041,4.640848159790039,1.0,0.6098197717219591,3026.8671875,67.03369140625,,data/instances/transfer/real_05.cip
mix_16_0,37,1989,1989,A,,60.0,100,0.11704610288143158,0.8998311161994934,10.871407508850098,0.2130833333333333,,,,,,,,,,,,,,,,,,,,,16,,224,224,0,1667665976,0,289,0,16,0,0.07862068712711334,1.0,-13.848217010498047,3.0926637649536133,1.0,0.5481948591768742,3026.8671875,67.03369140625,,data/instances/transfer/real_05.cip
mix_16_0,37,1990,1990,A,,60.0,100,0.38963794708251953,2.128190279006958,11.575056076049805,0.2130833333333333,,,,,,,,,,,,,,,,,,,,,14,,224,224,0,1667665976,0,289,0,16,0,0.1279081106185913,1.0,-13.818769454956055,4.954899311065674,1.0,0.5619941893965006,3026.8671875,67.03369140625,,data/instances/transfer/real_05.cip
mix_16_0,37,1991,1991,A,,60.0,100,0.11759234964847565,1.084397315979004,1.4724370241165161,0.2130833333333333,,,,,,,,,,,,,,,,,,,,,15,,224,224,0,1667665976,0,289,0,16,0,0.09978827834129333,1.0,-14.520652770996094,4.315582275390625,1.0,0.6078822687268257,3026.8671875,67.03369140625,,data/instances/transfer/real_05.cip
mix_16_0,37,1992,1992,A,,60.0,100,0.03813571855425835,0.6446294188499451,1.0327893495559692,0.2130833333333333,,,,,,,,,,,,,,,,,,,,,16,,224,224,0,1667665976,0,289,0,16,0,0.06799709051847458,1.0,-13.199803352355957,5.120623588562012,1.0,0.6177766267210245,3026.8671875,67.03369140625,,data/instances/transfer/real_05.cip
mix_16_0,37,1993,1993,A,,60.0,100,0.19980967044830322,1.3058174848556519,12.066401481628418,0.21150000000000002,,,,,,,,,,,,,,,,,,,,,15,,224,224,0,1671218172,0,290,0,16,0,0.1052955687046051,1.0,-11.63328742980957,4.3165693283081055,1.0,0.5078995823860168,3026.8671875,67.03369140625,,data/instances/transfer/real_05.cip
mix_16_0,37,1994,1994,A,,60.0,100,0.14816126227378845,1.3107854127883911,3.8702752590179443,0.21150000000000002,,,,,,,,,,,,,,,,,,,,,15,,224,224,0,1671218172,0,290,0,16,0,0.09009391814470291,1.0,-14.155229568481445,3.911951780319214,1.0,0.5938730388879776,3026.8671875,67.03369140625,,data/instances/transfer/real_05.cip
mix_16_0,37,1995,1995,A,,60.0,100,0.2705649435520172,1.9946999549865723,2.9594130516052246,0.21150000000000002,,,,,,,,,,,,,,,,,,,,,13,,224,224,0,1671218172,0,290,0,16,0,0.12741726636886597,1.0,-15.341346740722656,3.8725903034210205,1.0,0.584362018853426,3026.8671875,67.03369140625,,data/instances/transfer/real_05.cip
mix_16_0,37,1996,1996,A,,60.0,100,0.10922904312610626,0.6353241205215454,7.262384414672852,0.21150000000000002,,,,,,,,,,,,,,,,,,,,,16,,224,224,0,1671218172,0,290,0,16,0,0.29904109239578247,1.0,-13.957443237304688,3.916198968887329,1.0,0.6226151939481497,3026.8671875,67.03369140625,,data/instances/transfer/real_05.cip
mix_16_0,37,1997,1997,A,,60.0,100,0.4077298045158386,2.6845808029174805,13.544164657592773,0.20991666666666675,,,,,,,,,,,,,,,,,,,,,12,,224,224,0,1674621100,0,291,0,16,0,0.12953583896160126,1.0,-14.170629501342773,4.248614311218262,1.0,0.5151697229593992,3026.8671875,67.03369140625,,data/instances/transfer/real_05.cip
mix_16_0,37,1998,1998,A,,60.0,100,0.06467472016811371,0.6175047159194946,4.115044593811035,0.20991666666666675,,,,,,,,,,,,,,,,,,,,,16,,224,224,0,1674621100,0,291,0,16,0,0.12513507902622223,1.0,-16.139842987060547,4.256921291351318,1.0,0.6048951726406813,3026.8671875,67.03369140625,,data/instances/transfer/real_05.cip
mix_16_0,37,1999,1999,A,,60.0,100,0.105072982609272,2.1377551555633545,5.222941875457764,0.20991666666666675,,,,,,,,,,,,,,,,,,,,,13,,224,224,0,1674621100,0,291,0,16,0,0.032923225313425064,1.0,-14.20436954498291,4.862442493438721,1.0,0.5701242033392191,3026.8671875,67.03369140625,,data/instances/transfer/real_05.cip
mix_16_0,37,2000,2000,A,,60.0,100,0.264608234167099,1.2419071197509766,10.192020416259766,0.20991666666666675,,,,,,,,,,,,,,,,,,,,,15,,224,224,0,1674621100,0,291,0,16,0,0.1684512346982956,1.0,-14.145923614501953,3.659695625305176,1.0,0.6009772159159184,3026.8671875,67.03369140625,,data/instances/transfer/real_05.cip
mix_16_0,37,2001,2001,A,,60.0,100,0.09885580837726593,1.265061616897583,6.931499004364014,0.20833333333333337,,,,,,,,,,,,,,,,,,,,,15,,224,224,0,1678042384,0,292,0,16,0,0.05021663010120392,1.0,-14.672741889953613,3.3314311504364014,1.0,0.5335430428385735,3026.8671875,67.03369140625,,data/instances/transfer/real_05.cip
mix_16_0,37,2002,2002,A,,60.0,100,0.1726473569869995,1.416729211807251,10.180448532104492,0.20833333333333337,,,,,,,,,,,,,,,,,,,,,15,,224,224,0,1678042384,0,292,0,16,0,0.08338020741939545,1.0,-15.547937393188477,4.0501298904418945,1.0,0.5840186011046171,3026.8671875,67.03369140625,,data/instances/transfer/real_05.cip
mix_16_0,37,2003,2003,A,,60.0,100,0.12653748691082,1.0884771347045898,6.7100629806518555,0.20833333333333337,,,,,,,,,,,,,,,,,,,,,15,,224,224,0,1678042384,0,292,0,16,0,0.09072519093751907,1.0,-13.311766624450684,4.999844074249268,1.0,0.5942396055907011,3026.8671875,67.03369140625,,data/instances/transfer/real_05.cip
mix_16_0,37,2004,2004,A,,60.0,100,0.21551010012626648,1.2886699438095093,6.727841854095459,0.20833333333333337,,,,,,,,,,,,,,,,,,,,,15,,224,224,0,1678042384,0,292,0,16,0,0.14315901696681976,1.0,-11.739753723144531,4.689308166503906,1.0,0.5972439181059599,3026.8671875,67.03369140625,,data/instances/transfer/real_05.cip
mix_16_0,37,2005,2005,A,,60.0,100,0.22280189394950867,1.4697617292404175,5.424123287200928,0.2067500000000001,,,,,,,,,,,,,,,,,,,,,14,,224,224,0,1679923660,0,293,0,16,0,0.1375381052494049,1.0,-14.582026481628418,4.305178165435791,1.0,0.5180757865309715,3029.54296875,67.03369140625,,data/instances/transfer/real_05.cip
mix_16_0,37,2006,2006,A,,60.0,100,0.2136414349079132,1.3149253129959106,7.4355149269104,0.2067500000000001,,,,,,,,,,,,,,,,,,,,,15,,224,224,0,1679923660,0,293,0,16,0,0.1269685924053192,1.0,-14.949060440063477,3.764991044998169,1.0,0.5880356654524803,3029.54296875,67.03369140625,,data/instances/transfer/real_05.cip
mix_16_0,37,2007,2007,A,,60.0,100,0.32838594913482666,1.799643874168396,8.372969627380371,0.2067500000000001,,,,,,,,,,,,,,,,,,,,,14,,224,224,0,1679923660,0,293,0,16,0,0.15752854943275452,1.0,-13.316246032714844,4.429721355438232,1.0,0.5844459403306246,3029.54296875,67.03369140625,,data/instances/transfer/real_05.cip
mix_16_0,37,2008,2008,A,,60.0,100,0.23141269385814667,1.6900821924209595,4.173605918884277,0.2067500000000001,,,,,,,,,,,,,,,,,,,,,13,,224,224,0,1679923660,0,293,0,16,0,0.1346196085214615,1.0,-13.293977737426758,5.263111114501953,1.0,0.5664714556187391,3029.54296875,67.03369140625,,data/instances/transfer/real_05.cip
mix_16_0,37,2009,2009,A,,60.0,100,0.3161754012107849,2.230703592300415,6.679996967315674,0.20516666666666672,,,,,,,,,,,,,,,,,,,,,13,,224,224,0,1682172304,0,294,0,16,0,0.11408063769340515,1.0,-11.743066787719727,3.882251501083374,1.0,0.49937522411346436,3029.54296875,67.03369140625,,data/instances/transfer/real_05.cip
mix_16_0,37,2010,2010,A,,60.0,100,0.06037680804729462,1.3629260063171387,5.034063339233398,0.20516666666666672,,,,,,,,,,,,,,,,,,,,,14,,224,224,0,1682172304,0,294,0,16,0,0.02780217118561268,1.0,-10.554281234741211,4.949812412261963,1.0,0.5084557998925447,3029.54296875,67.03369140625,,data/instances/transfer/real_05.cip
mix_16_0,37,2011,2011,A,,60.0,100,0.17911922931671143,1.3477296829223633,1.2944813966751099,0.20516666666666672,,,,,,,,,,,,,,,,,,,,,14,,224,224,0,1682172304,0,294,0,16,0,0.1319039762020111,1.0,-15.217768669128418,4.570270538330078,1.0,0.46743908151984215,3029.54296875,67.03369140625,,data/instances/transfer/real_05.cip
mix_16_0,37,2012,2012,A,,60.0,100,0.09116800129413605,1.312164306640625,6.019669532775879,0.20516666666666672,,,,,,,,,,,,,,,,,,,,,15,,224,224,0,1682172304,0,294,0,16,0,0.05309423804283142,1.0,-16.8233642578125,4.476372241973877,1.0,0.5003147386014462,3029.54296875,67.03369140625,,data/instances/transfer/real_05.cip
mix_16_0,37,2013,2013,A,,60.0,100,0.16061756014823914,1.4095804691314697,3.6525392532348633,0.20358333333333334,,,,,,,,,,,,,,,,,,,,,15,,224,224,0,1684421184,0,295,0,16,0,0.09611199051141739,1.0,-14.831388473510742,4.945598125457764,115.0,0.38688265159726143,3029.54296875,67.03369140625,,data/instances/transfer/real_05.cip
mix_16_0,37,2014,2014,A,,60.0,100,0.3016003370285034,1.6807602643966675,10.726346015930176,0.20358333333333334,,,,,,,,,,,,,,,,,,,,,14,,224,224,0,1684421184,0,295,0,16,0,0.12886950373649597,1.0,-12.508460998535156,5.318696022033691,115.0,0.5065064076334238,3029.54296875,67.03369140625,,data/instances/transfer/real_05.cip
mix_16_0,37,2015,2015,A,,60.0,100,0.15964773297309875,1.1263700723648071,2.1259982585906982,0.20358333333333334,,,,,,,,,,,,,,,,,,,,,15,,224,224,0,1684421184,0,295,0,16,0,0.1059151291847229,1.0,-12.81706428527832,5.705722332000732,115.0,0.4817662425339222,3029.54296875,67.03369140625,,data/instances/transfer/real_05.cip
mix_16_0,37,2016,2016,A,,60.0,100,0.027894768863916397,1.2410967350006104,2.2017576694488525,0.20358333333333334,,,,,,,,,,,,,,,,,,,,,14,,224,224,0,1684421184,0,295,0,16,0,0.013481784611940384,1.0,-13.80683708190918,4.316081523895264,115.0,0.520757993683219,3029.54296875,67.03369140625,,data/instances/transfer/real_05.cip
mix_16_0,37,2017,2017,A,,60.0,100,0.07066846638917923,1.5844318866729736,5.8898444175720215,0.20200000000000007,,,,,,,,,,,,,,,,,,,,,14,,224,224,0,1686670320,0,296,0,16,0,0.03615821897983551,1.0,-15.575909614562988,4.0090012550354,1.0,0.5019882544875145,3029.54296875,67.03369140625,,data/instances/transfer/real_05.cip
mix_16_0,37,2018,2018,A,,60.0,100,0.1309845745563507,1.5154911279678345,6.425578594207764,0.20200000000000007,,,,,,,,,,,,,,,,,,,,,14,,224,224,0,1686670320,0,296,0,16,0,0.06645157933235168,1.0,-14.887540817260742,3.998499870300293,1.0,0.5937042962759733,3029.54296875,67.03369140625,,data/instances/transfer/real_05.cip
mix_16_0,37,2019,2019,A,,60.0,100,0.12560762465000153,0.951653242111206,3.515984535217285,0.20200000000000007,,,,,,,,,,,,,,,,,,,,,15,,224,224,0,1686670320,0,296,0,16,0,0.11668794602155685,1.0,-13.851871490478516,3.61983323097229,1.0,0.5956768207252026,3029.54296875,67.03369140625,,data/instances/transfer/real_05.cip
mix_16_0,37,2020,2020,A,,60.0,100,0.14389678835868835,1.9245232343673706,2.916930675506592,0.20200000000000007,,,,,,,,,,,,,,,,,,,,,14,,224,224,0,1686670320,0,296,0,16,0,0.06120380386710167,1.0,-11.28779411315918,4.310295104980469,1.0,0.6071525309234858,3029.54296875,67.03369140625,,data/instances/transfer/real_05.cip
mix_16_0,37,2021,2021,A,,60.0,100,0.2801758944988251,1.4143836498260498,8.63949203491211,0.2004166666666667,,,,,,,,,,,,,,,,,,,,,14,,224,224,0,1688782536,0,297,0,16,0,0.17426835000514984,1.0,-13.014378547668457,4.059689521789551,1.0,0.32452996633946896,3033.97265625,67.03369140625,,data/instances/transfer/real_05.cip
mix_16_0,37,2022,2022,A,,60.0,100,0.11207108199596405,0.8464301824569702,5.7847394943237305,0.2004166666666667,,,,,,,,,,,,,,,,,,,,,15,,224,224,0,1688782536,0,297,0,16,0,0.13316470384597778,1.0,-13.147477149963379,4.246051788330078,1.0,0.4360076319426298,3033.97265625,67.03369140625,,data/instances/transfer/real_05.cip
mix_16_0,37,2023,2023,A,,60.0,100,0.12561091780662537,1.3505525588989258,1.1091548204421997,0.2004166666666667,,,,,,,,,,,,,,,,,,,,,14,,224,224,0,1688782536,0,297,0,16,0,0.08940809220075607,1.0,-14.29794692993164,4.805157661437988,1.0,0.5275863017886877,3033.97265625,67.03369140625,,data/instances/transfer/real_05.cip
mix_16_0,37,2024,2024,A,,60.0,100,0.09586238861083984,0.6032939553260803,4.431508541107178,0.2004166666666667,,,,,,,,,,,,,,,,,,,,,16,,224,224,0,1688782536,0,297,0,16,0,0.2350815087556839,1.0,-14.674968719482422,3.2083356380462646,1.0,0.5586112774908543,3033.97265625,67.03369140625,,data/instances/transfer/real_05.cip
mix_16_0,37,2025,2025,A,,60.0,100,0.11131539195775986,0.9873116612434387,8.836010932922363,0.1988333333333333,,,,,,,,,,,,,,,,,,,,,15,,224,224,0,1690875152,0,298,0,16,0,0.09230661392211914,1.0,-14.20956802368164,4.664863586425781,1.0,0.5287126507610083,3039.125,67.03369140625,,data/instances/transfer/real_05.cip
mix_16_0,37,2026,2026,A,,60.0,100,0.030671611428260803,0.36823421716690063,2.1332433223724365,0.1988333333333333,,,,,,,,,,,,,,,,,,,,,16,,224,224,0,1690875152,0,298,0,16,0,0.1660037636756897,1.0,-15.06042766571045,4.253261566162109,1.0,0.5978615041822195,3039.125,67.03369140625,,data/instances/transfer/real_05.cip
mix_16_0,37,2027,2027,A,,60.0,100,0.2095973789691925,2.137007713317871,2.6215038299560547,0.1988333333333333,,,,,,,,,,,,,,,,,,,,,13,,224,224,0,1690875152,0,298,0,16,0,0.08087031543254852,1.0,-12.458183288574219,4.644258499145508,1.0,0.48499733582139015,3039.125,67.03369140625,,data/instances/transfer/real_05.cip
mix_16_0,37,2028,2028,A,,60.0,100,0.08326239138841629,0.9932219386100769,5.330039978027344,0.1988333333333333,,,,,,,,,,,,,,,,,,,,,15,,224,224,0,1690875152,0,298,0,16,0,0.08024618029594421,1.0,-12.24060344696045,5.166759014129639,1.0,0.5844055749475956,3039.125,67.03369140625,,data/instances/transfer/real_05.cip
mix_16_0,37,2029,2029,A,,60.0,100,0.08740132302045822,1.14809250831604,3.2691380977630615,0.19725000000000004,,,,,,,,,,,,,,,,,,,,,15,,224,224,0,1692969964,0,299,0,16,0,0.055786389857530594,1.0,-14.440810203552246,4.6007513999938965,1.0,0.6283403802663088,3039.125,67.03369140625,,data/instances/transfer/real_05.cip
mix_16_0,37,2030,2030,A,,60.0,100,0.050029195845127106,0.5691916942596436,1.929884672164917,0.19725000000000004,,,,,,,,,,,,,,,,,,,,,16,,224,224,0,1692969964,0,299,0,16,0,0.13857895135879517,1.0,-14.789456367492676,4.708931922912598,1.0,0.6178833544254303,3039.125,67.03369140625,,data/instances/transfer/real_05.cip
mix_16_0,37,2031,2031,A,,60.0,100,0.0861029177904129,0.7710829973220825,4.758969306945801,0.19725000000000004,,,,,,,,,,,,,,,,,,,,,16,,224,224,0,1692969964,0,299,0,16,0,0.1420544981956482,1.0,-16.150087356567383,3.382493257522583,1.0,0.5976136978715658,3039.125,67.03369140625,,data/instances/transfer/real_05.cip
mix_16_0,37,2032,2032,A,,60.0,100,0.21922898292541504,1.1389926671981812,8.697697639465332,0.19725000000000004,,,,,,,,,,,,,,,,,,,,,15,,224,224,0,1692969964,0,299,0,16,0,0.1485622376203537,1.0,-14.010509490966797,5.182560920715332,1.0,0.6005743127316236,3039.125,67.03369140625,,data/instances/transfer/real_05.cip
mix_16_0,37,2033,2033,A,,60.0,100,0.23943808674812317,1.2312266826629639,6.639889240264893,0.19566666666666666,,,,,,,,,,,,,,,,,,,,,15,,224,224,0,1694918636,0,300,0,16,0,0.16478657722473145,1.0,-12.681890487670898,5.393601894378662,1.0,0.5991133749485016,3042.17578125,67.03369140625,,data/instances/transfer/real_05.cip
mix_16_0,37,2034,2034,A,,60.0,100,0.09691622108221054,0.6956862211227417,9.29364013671875,0.19566666666666666,,,,,,,,,,,,,,,,,,,,,16,,224,224,0,1694918636,0,300,0,16,0,0.12640826404094696,1.0,-12.854741096496582,4.669430255889893,1.0,0.4955657534301281,3042.17578125,67.03369140625,,data/instances/transfer/real_05.cip
mix_16_0,37,2035,2035,A,,60.0,100,0.06659010052680969,1.1938321590423584,3.2208547592163086,0.19566666666666666,,,,,,,,,,,,,,,,,,,,,15,,224,224,0,1694918636,0,300,0,16,0,0.03948662057518959,1.0,-14.112503051757812,5.013554096221924,1.0,0.39660142734646797,3042.17578125,67.03369140625,,data/instances/transfer/real_05.cip
mix_16_0,37,2036,2036,A,,60.0,100,0.08894862234592438,0.9225778579711914,2.7213194370269775,0.19566666666666666,,,,,,,,,,,,,,,,,,,,,16,,224,224,0,1694918636,0,300,0,16,0,0.09847582876682281,1.0,-12.630126953125,5.586509704589844,1.0,0.3823806308209896,3042.17578125,67.03369140625,,data/instances/transfer/real_05.cip
episode,37,2036,2036,A,,60.0,100,0.08894862234592438,0.9225778579711914,2.7213194370269775,0.19408333333333327,-13.009899999999998,-13.0,-0.009899999999999999,-13.009899999999998,True,14,61.841288,,,,,,,,inf,1e+20,120.0,inf,0.0,16720,16,True,224,224,0,1698789016,0,302,0,16,0,,,,,9.76923076923077,,3042.17578125,67.03369140625,timelimit,data/instances/transfer/real_05.cip
validation,38,2036,2036,A,,,,,,,,,,,,,,,1.0,9.502305,inf,0.0,9.502305,1.0,8436.0,,,,,,,,,224,224,0,1698789016,0,302,0,,,,,,,,,,,optimal,data/instances/validation/real_08.cip
mix_16_0,38,2037,2037,A,,60.0,100,0.14728547632694244,1.1880959272384644,3.9772825241088867,0.19408333333333327,,,,,,,,,,,,,,,,,,,,,15,,224,224,0,1698789016,0,302,0,16,0,0.10352501273155212,1.0,-12.393655776977539,4.643928050994873,23.0,0.5089362487196922,3042.17578125,67.03369140625,,data/instances/train/real_06.cip
mix_16_0,38,2038,2038,A,,60.0,100,0.14172185957431793,0.6246836185455322,3.597108840942383,0.19408333333333327,,,,,,,,,,,,,,,,,,,,,16,,224,224,0,1698789016,0,302,0,16,0,0.13703489303588867,1.0,-15.655244827270508,3.646822690963745,23.0,0.36751556396484375,3042.17578125,67.03369140625,,data/instances/train/real_06.cip
mix_16_0,38,2039,2039,A,,60.0,100,0.19621774554252625,1.1385177373886108,6.434471607208252,0.19408333333333327,,,,,,,,,,,,,,,,,,,,,15,,224,224,0,1698789016,0,302,0,16,0,0.14342962205410004,1.0,-13.131526947021484,5.212501049041748,23.0,0.3706861808896065,3042.17578125,67.03369140625,,data/instances/train/real_06.cip
mix_16_0,38,2040,2040,A,,60.0,100,0.18731482326984406,0.7928413152694702,5.008266448974609,0.19408333333333327,,,,,,,,,,,,,,,,,,,,,16,,224,224,0,1698789016,0,302,0,16,0,0.3202984929084778,1.0,-12.879636764526367,4.071332931518555,23.0,0.41439527831971645,3042.17578125,67.03369140625,,data/instances/train/real_06.cip
mix_16_0,38,2041,2041,A,,60.0,100,0.07937129586935043,0.9217577576637268,3.1121201515197754,0.1925,,,,,,,,,,,,,,,,,,,,,15,,224,224,0,1698789016,0,302,0,16,0,0.07823503762483597,1.0,-15.857797622680664,3.761911630630493,1.0,0.4744450133293867,3042.17578125,67.03369140625,,data/instances/train/real_06.cip
mix_16_0,38,2042,2042,A,,60.0,100,0.06871448457241058,0.9624693989753723,2.0165421962738037,0.1925,,,,,,,,,,,,,,,,,,,,,15,,224,224,0,1698789016,0,302,0,16,0,0.0671464204788208,1.0,-12.340657234191895,4.198495864868164,1.0,0.45204791240394115,3042.17578125,67.03369140625,,data/instances/train/real_06.cip
mix_16_0,38,2043,2043,A,,60.0,100,0.2647126317024231,2.133652925491333,6.280575752258301,0.1925,,,,,,,,,,,,,,,,,,,,,13,,224,224,0,1698789016,0,302,0,16,0,0.10524903237819672,1.0,-13.815519332885742,5.008120059967041,1.0,0.43998468667268753,3042.17578125,67.03369140625,,data/instances/train/real_06.cip
mix_16_0,38,2044,2044,A,,60.0,100,0.2847405672073364,1.7523248195648193,9.078903198242188,0.1925,,,,,,,,,,,,,,,,,,,,,14,,224,224,0,1698789016,0,302,0,16,0,0.1213671863079071,1.0,-13.619950294494629,4.513792514801025,1.0,0.44277576357126236,3042.17578125,67.03369140625,,data/instances/train/real_06.cip
mix_16_0,38,2045,2045,A,,60.0,100,0.0503041036427021,0.5575170516967773,6.808197975158691,0.19091666666666673,,,,,,,,,,,,,,,,,,,,,16,,224,224,0,1695979144,0,303,0,16,0,0.0569806769490242,1.0,-13.017050743103027,4.945967197418213,1.0,0.5522354226559401,3042.17578125,67.03369140625,,data/instances/train/real_06.cip
mix_16_0,38,2046,2046,A,,60.0,100,0.2825499176979065,1.0696465969085693,19.81696319580078,0.19091666666666673,,,,,,,,,,,,,,,,,,,,,16,,224,224,0,1695979144,0,303,0,16,0,0.22076037526130676,1.0,-11.881296157836914,4.752567291259766,1.0,0.3796468637883663,3042.17578125,67.03369140625,,data/instances/train/real_06.cip
mix_16_0,38,2047,2047,A,,60.0,100,0.22025400400161743,0.8227437734603882,22.94390296936035,0.19091666666666673,,,,,,,,,,,,,,,,,,,,,16,,224,224,0,1695979144,0,303,0,16,0,0.362671434879303,1.0,-13.681619644165039,5.220375061035156,1.0,0.401782238855958,3042.17578125,67.03369140625,,data/instances/train/real_06.cip
mix_16_0,38,2048,2048,A,,60.0,100,0.11728912591934204,1.0389573574066162,2.7958736419677734,0.19091666666666673,,,,,,,,,,,,,,,,,,,,,15,,224,224,0,1695979144,0,303,0,16,0,0.10277892649173737,1.0,-14.869985580444336,4.653232097625732,1.0,0.5507474541664124,3042.17578125,67.03369140625,,data/instances/train/real_06.cip
mix_16_0,38,2049,2049,A,,60.0,100,0.677351713180542,2.783294677734375,14.811701774597168,0.18933333333333335,,,,,,,,,,,,,,,,,,,,,11,,224,224,0,1693135552,0,304,0,16,0,0.2282925695180893,1.0,-12.929009437561035,4.5498552322387695,142.0,0.4287117309868336,3042.17578125,67.03369140625,,data/instances/train/real_06.cip
mix_16_0,38,2050,2050,A,,60.0,100,0.14223122596740723,2.159564733505249,7.551167011260986,0.18933333333333335,,,,,,,,,,,,,,,,,,,,,12,,224,224,0,1693135552,0,304,0,16,0,0.05377735570073128,1.0,-12.49527359008789,4.607223033905029,142.0,0.355571324005723,3042.17578125,67.03369140625,,data/instances/train/real_06.cip
mix_16_0,38,2051,2051,A,,60.0,100,0.11505614221096039,0.6336714029312134,8.409845352172852,0.18933333333333335,,,,,,,,,,,,,,,,,,,,,16,,224,224,0,1693135552,0,304,0,16,0,0.2371031790971756,1.0,-14.456048965454102,4.886850833892822,142.0,0.41814407892525196,3042.17578125,67.03369140625,,data/instances/train/real_06.cip
mix_16_0,38,2052,2052,A,,60.0,100,0.061855532228946686,1.0490031242370605,4.582965850830078,0.18933333333333335,,,,,,,,,,,,,,,,,,,,,15,,224,224,0,1693135552,0,304,0,16,0,0.05077284947037697,1.0,-14.662343978881836,4.229806423187256,142.0,0.3389242719858885,3042.17578125,67.03369140625,,data/instances/train/real_06.cip
mix_16_0,38,2053,2053,A,,60.0,100,0.1947096288204193,1.6504545211791992,5.5575432777404785,0.18775000000000008,,,,,,,,,,,,,,,,,,,,,13,,224,224,0,1690293256,0,305,0,16,0,0.10241471230983734,1.0,-12.040451049804688,5.6744465827941895,121.0,0.3406486362218857,3042.17578125,67.03369140625,,data/instances/train/real_06.cip
mix_16_0,38,2054,2054,A,,60.0,100,0.1554422825574875,0.7708483934402466,15.67827320098877,0.18775000000000008,,,,,,,,,,,,,,,,,,,,,16,,224,224,0,1690293256,0,305,0,16,0,0.25452470779418945,1.0,-12.570854187011719,4.670391082763672,121.0,0.3561442345380783,3042.17578125,67.03369140625,,data/instances/train/real_06.cip
mix_16_0,38,2055,2055,A,,60.0,100,0.13408245146274567,0.9425355792045593,5.90777063369751,0.18775000000000008,,,,,,,,,,,,,,,,,,,,,15,,224,224,0,1690293256,0,305,0,16,0,0.14312046766281128,1.0,-12.518922805786133,4.087933540344238,121.0,0.34812958911061287,3042.17578125,67.03369140625,,data/instances/train/real_06.cip
mix_16_0,38,2056,2056,A,,60.0,100,0.37850624322891235,1.8760493993759155,8.482828140258789,0.18775000000000008,,,,,,,,,,,,,,,,,,,,,14,,224,224,0,1690293256,0,305,0,16,0,0.16890592873096466,1.0,-13.336251258850098,4.728036403656006,121.0,0.32987308129668236,3042.17578125,67.03369140625,,data/instances/train/real_06.cip
mix_16_0,38,2057,2057,A,,60.0,100,0.18472528457641602,1.0731995105743408,10.616929054260254,0.1861666666666667,,,,,,,,,,,,,,,,,,,,,16,,224,224,0,1687287732,0,306,0,16,0,0.10775206983089447,1.0,-12.66932201385498,5.118071556091309,1.0,0.47870562598109245,3042.17578125,67.03369140625,,data/instances/train/real_06.cip
mix_16_0,38,2058,2058,A,,60.0,100,0.28922006487846375,1.2670609951019287,12.003779411315918,0.1861666666666667,,,,,,,,,,,,,,,,,,,,,15,,224,224,0,1687287732,0,306,0,16,0,0.20399460196495056,1.0,-12.566757202148438,5.110946178436279,1.0,0.5696134567260742,3042.17578125,67.03369140625,,data/instances/train/real_06.cip
mix_16_0,38,2059,2059,A,,60.0,100,0.0823768898844719,1.2830195426940918,1.234612226486206,0.1861666666666667,,,,,,,,,,,,,,,,,,,,,14,,224,224,0,1687287732,0,306,0,16,0,0.0639236569404602,1.0,-14.238134384155273,5.2601318359375,1.0,0.6251863967627287,3042.17578125,67.03369140625,,data/instances/train/real_06.cip
mix_16_0,38,2060,2060,A,,60.0,100,0.1094876378774643,1.6501634120941162,6.7826361656188965,0.1861666666666667,,,,,,,,,,,,,,,,,,,,,14,,224,224,0,1687287732,0,306,0,16,0,0.043343979865312576,1.0,-14.038901329040527,4.94852876663208,1.0,0.6588970832526684,3042.17578125,67.03369140625,,data/instances/train/real_06.cip
mix_16_0,38,2061,2061,A,,60.0,100,0.11675861477851868,1.837467908859253,4.523439407348633,0.18458333333333343,,,,,,,,,,,,,,,,,,,,,13,,224,224,0,1687191432,0,307,0,16,0,0.050182994455099106,1.0,-10.976162910461426,3.876736640930176,1.0,0.5311182588338852,3042.17578125,67.03369140625,,data/instances/train/real_06.cip
mix_16_0,38,2062,2062,A,,60.0,100,0.1305069923400879,0.9668575525283813,4.556727409362793,0.18458333333333343,,,,,,,,,,,,,,,,,,,,,15,,224,224,0,1687191432,0,307,0,16,0,0.13303500413894653,1.0,-12.274637222290039,5.568408966064453,1.0,0.6383529398590326,3042.17578125,67.03369140625,,data/instances/train/real_06.cip
mix_16_0,38,2063,2063,A,,60.0,100,0.2125566601753235,1.0745645761489868,9.035470962524414,0.18458333333333343,,,,,,,,,,,,,,,,,,,,,15,,224,224,0,1687191432,0,307,0,16,0,0.15420089662075043,1.0,-11.779895782470703,4.4390082359313965,1.0,0.6543966941535473,3042.17578125,67.03369140625,,data/instances/train/real_06.cip
mix_16_0,38,2064,2064,A,,60.0,100,0.19981369376182556,0.7498006820678711,11.32032299041748,0.18458333333333343,,,,,,,,,,,,,,,,,,,,,16,,224,224,0,1687191432,0,307,0,16,0,0.3467308580875397,1.0,-14.364703178405762,4.382798194885254,1.0,0.6367234960198402,3042.17578125,67.03369140625,,data/instances/train/real_06.cip
mix_16_0,38,2065,2065,A,,60.0,100,0.09573991596698761,1.1655981540679932,2.392106771469116,0.18300000000000005,,,,,,,,,,,,,,,,,,,,,14,,224,224,0,1687149144,0,308,0,16,0,0.07957162708044052,1.0,-14.893254280090332,4.081848621368408,1.0,0.5798144042491913,3042.17578125,67.03369140625,,data/instances/train/real_06.cip
mix_16_0,38,2066,2066,A,,60.0,100,0.06533882766962051,0.6006715893745422,2.870194911956787,0.18300000000000005,,,,,,,,,,,,,,,,,,,,,16,,224,224,0,1687149144,0,308,0,16,0,0.06086317449808121,1.0,-13.35952377319336,4.48189115524292,1.0,0.6065154317766428,3042.17578125,67.03369140625,,data/instances/train/real_06.cip
mix_16_0,38,2067,2067,A,,60.0,100,0.15776392817497253,0.9812483787536621,2.14119029045105,0.18300000000000005,,,,,,,,,,,,,,,,,,,,,15,,224,224,0,1687149144,0,308,0,16,0,0.1524796038866043,1.0,-15.720067977905273,5.236578464508057,1.0,0.5237061567604542,3042.17578125,67.03369140625,,data/instances/train/real_06.cip
mix_16_0,38,2068,2068,A,,60.0,100,0.020657718181610107,0.4427162706851959,1.6672371625900269,0.18300000000000005,,,,,,,,,,,,,,,,,,,,,16,,224,224,0,1687149144,0,308,0,16,0,0.06765604764223099,1.0,-13.659051895141602,4.582586765289307,1.0,0.42639501579105854,3042.17578125,67.03369140625,,data/instances/train/real_06.cip
mix_16_0,38,2069,2069,A,,60.0,100,0.04429415985941887,0.5577813386917114,1.8517663478851318,0.18141666666666667,,,,,,,,,,,,,,,,,,,,,16,,224,224,0,1687157208,0,309,0,16,0,0.060622017830610275,1.0,-13.63714599609375,4.7608442306518555,1.0,0.4106721356511116,3042.17578125,67.03369140625,,data/instances/train/real_06.cip
mix_16_0,38,2070,2070,A,,60.0,100,0.07544867694377899,1.0170953273773193,1.4822386503219604,0.18141666666666667,,,,,,,,,,,,,,,,,,,,,15,,224,224,0,1687157208,0,309,0,16,0,0.06849130243062973,1.0,-17.05056381225586,2.9931907653808594,1.0,0.39254129864275455,3042.17578125,67.03369140625,,data/instances/train/real_06.cip
mix_16_0,38,2071,2071,A,,60.0,100,0.12524168193340302,1.3506925106048584,5.444777011871338,0.18141666666666667,,,,,,,,,,,,,,,,,,,,,14,,224,224,0,1687157208,0,309,0,16,0,0.09705381840467453,1.0,-15.106328010559082,4.330386161804199,1.0,0.35503904335200787,3042.17578125,67.03369140625,,data/instances/train/real_06.cip
mix_16_0,38,2072,2072,A,,60.0,100,0.14868474006652832,0.8753044605255127,10.105764389038086,0.18141666666666667,,,,,,,,,,,,,,,,,,,,,15,,224,224,0,1687157208,0,309,0,16,0,0.12556158006191254,1.0,-13.753446578979492,4.762661457061768,1.0,0.35249542631208897,3042.17578125,67.03369140625,,data/instances/train/real_06.cip
mix_16_0,38,2073,2073,A,,60.0,100,0.06763119995594025,0.6224328279495239,5.506989002227783,0.1798333333333334,,,,,,,,,,,,,,,,,,,,,16,,224,224,0,1687123264,0,310,0,16,0,0.14724576473236084,1.0,-14.876384735107422,3.500128984451294,1.0,0.4134593065828085,3042.17578125,67.03369140625,,data/instances/train/real_06.cip
mix_16_0,38,2074,2074,A,,60.0,100,0.03400273621082306,1.2379059791564941,1.0456726551055908,0.1798333333333334,,,,,,,,,,,,,,,,,,,,,14,,224,224,0,1687123264,0,310,0,16,0,0.01905660890042782,1.0,-13.083039283752441,3.9890952110290527,1.0,0.3245469909161329,3042.17578125,67.03369140625,,data/instances/train/real_06.cip
mix_16_0,38,2075,2075,A,,60.0,100,0.1273031085729599,0.8601461052894592,4.761211395263672,0.1798333333333334,,,,,,,,,,,,,,,,,,,,,15,,224,224,0,1687123264,0,310,0,16,0,0.14177869260311127,1.0,-15.983006477355957,4.462420463562012,1.0,0.4334572087973356,3042.17578125,67.03369140625,,data/instances/train/real_06.cip
mix_16_0,38,2076,2076,A,,60.0,100,0.1179933175444603,1.2711901664733887,10.099488258361816,0.1798333333333334,,,,,,,,,,,,,,,,,,,,,14,,224,224,0,1687123264,0,310,0,16,0,0.05526674538850784,1.0,-14.28834342956543,4.344971179962158,1.0,0.5650868099182844,3042.17578125,67.03369140625,,data/instances/train/real_06.cip
mix_16_0,38,2077,2077,A,,60.0,100,0.027476627379655838,0.4288506507873535,0.4493730366230011,0.17825000000000002,,,,,,,,,,,,,,,,,,,,,16,,224,224,0,1686999948,0,311,0,16,0,0.06531243771314621,1.0,-13.046453475952148,5.413188457489014,1.0,0.5748618841171265,3042.17578125,67.03369140625,,data/instances/train/real_06.cip
mix_16_0,38,2078,2078,A,,60.0,100,0.20435237884521484,1.9328927993774414,3.4952194690704346,0.17825000000000002,,,,,,,,,,,,,,,,,,,,,13,,224,224,0,1686999948,0,311,0,16,0,0.10017534345388412,1.0,-12.442626953125,4.123080730438232,1.0,0.6141889560967684,3042.17578125,67.03369140625,,data/instances/train/real_06.cip
mix_16_0,38,2079,2079,A,,60.0,100,0.12231402844190598,0.8237571716308594,3.080280065536499,0.17825000000000002,,,,,,,,,,,,,,,,,,,,,15,,224,224,0,1686999948,0,311,0,16,0,0.14762766659259796,1.0,-11.9669828414917,4.963535785675049,1.0,0.6296915467828512,3042.17578125,67.03369140625,,data/instances/train/real_06.cip
mix_16_0,38,2080,2080,A,,60.0,100,0.12613454461097717,0.7045596837997437,12.984442710876465,0.17825000000000002,,,,,,,,,,,,,,,,,,,,,16,,224,224,0,1686999948,0,311,0,16,0,0.23369574546813965,1.0,-11.976750373840332,5.376396179199219,1.0,0.6474276073276997,3042.17578125,67.03369140625,,data/instances/train/real_06.cip
mix_16_0,38,2081,2081,A,,60.0,100,0.22156284749507904,1.820552110671997,5.8531599044799805,0.17666666666666664,,,,,,,,,,,,,,,,,,,,,13,,224,224,0,1686918640,0,312,0,16,0,0.10967379063367844,1.0,-12.764738082885742,5.428750514984131,1.0,0.371006129309535,3042.17578125,67.03369140625,,data/instances/train/real_06.cip
mix_16_0,38,2082,2082,A,,60.0,100,0.06416334211826324,1.4214755296707153,0.978010356426239,0.17666666666666664,,,,,,,,,,,,,,,,,,,,,13,,224,224,0,1686918640,0,312,0,16,0,0.03967229649424553,1.0,-12.545135498046875,4.701343536376953,1.0,0.4563937094062567,3042.17578125,67.03369140625,,data/instances/train/real_06.cip
mix_16_0,38,2083,2083,A,,60.0,100,0.09011130034923553,0.766608476638794,5.6529669761657715,0.17666666666666664,,,,,,,,,,,,,,,,,,,,,15,,224,224,0,1686918640,0,312,0,16,0,0.11010761559009552,1.0,-11.758183479309082,4.601585865020752,1.0,0.532576059922576,3042.17578125,67.03369140625,,data/instances/train/real_06.cip
mix_16_0,38,2084,2084,A,,60.0,100,0.1074179857969284,1.2732584476470947,2.3002302646636963,0.17666666666666664,,,,,,,,,,,,,,,,,,,,,14,,224,224,0,1686918640,0,312,0,16,0,0.08520875126123428,1.0,-13.884565353393555,4.103404998779297,1.0,0.40893551893532276,3042.17578125,67.03369140625,,data/instances/train/real_06.cip
mix_16_0,38,2085,2085,A,,60.0,100,0.029088685289025307,0.7921802401542664,1.800716519355774,0.17508333333333337,,,,,,,,,,,,,,,,,,,,,15,,224,224,0,1686793676,0,313,0,16,0,0.03450463339686394,1.0,-15.660082817077637,4.064066410064697,1.0,0.36375668458640575,3042.17578125,67.03369140625,,data/instances/train/real_06.cip
mix_16_0,38,2086,2086,A,,60.0,100,0.10828836262226105,1.3357950448989868,3.711019515991211,0.17508333333333337,,,,,,,,,,,,,,,,,,,,,14,,224,224,0,1686793676,0,313,0,16,0,0.07856421917676926,1.0,-12.30529499053955,5.190536022186279,1.0,0.3903829660266638,3042.17578125,67.03369140625,,data/instances/train/real_06.cip
mix_16_0,38,2087,2087,A,,60.0,100,0.24912461638450623,1.8248565196990967,5.077316761016846,0.17508333333333337,,,,,,,,,,,,,,,,,,,,,13,,224,224,0,1686793676,0,313,0,16,0,0.1371653825044632,1.0,-13.50219440460205,5.522434234619141,1.0,0.3539550844579935,3042.17578125,67.03369140625,,data/instances/train/real_06.cip
mix_16_0,38,2088,2088,A,,60.0,100,0.06748437136411667,1.366166591644287,0.5677321553230286,0.17508333333333337,,,,,,,,,,,,,,,,,,,,,14,,224,224,0,1686793676,0,313,0,16,0,0.047240063548088074,1.0,-11.414454460144043,4.855988502502441,1.0,0.3525231797248125,3042.17578125,67.03369140625,,data/instances/train/real_06.cip
mix_16_0,38,2089,2089,A,,60.0,100,0.16389784216880798,1.552423357963562,2.8560988903045654,0.1735,,,,,,,,,,,,,,,,,,,,,14,,224,224,0,1686464852,0,314,0,16,0,0.09970350563526154,1.0,-12.111370086669922,4.825924873352051,98.0,0.44179585576057434,3042.17578125,67.03369140625,,data/instances/train/real_06.cip
mix_16_0,38,2090,2090,A,,60.0,100,0.07616890966892242,0.5874561071395874,1.718863844871521,0.1735,,,,,,,,,,,,,,,,,,,,,16,,224,224,0,1686464852,0,314,0,16,0,0.1998046338558197,1.0,-12.48222541809082,4.706857204437256,98.0,0.593638714402914,3042.17578125,67.03369140625,,data/instances/train/real_06.cip
mix_16_0,38,2091,2091,A,,60.0,100,0.10118016600608826,1.4504835605621338,3.5093724727630615,0.1735,,,,,,,,,,,,,,,,,,,,,14,,224,224,0,1686464852,0,314,0,16,0,0.06290731579065323,1.0,-14.410863876342773,4.771574974060059,98.0,0.6443694531917572,3042.17578125,67.03369140625,,data/instances/train/real_06.cip
mix_16_0,38,2092,2092,A,,60.0,100,0.0708969458937645,0.576357364654541,8.682626724243164,0.1735,,,,,,,,,,,,,,,,,,,,,16,,224,224,0,1686464852,0,314,0,16,0,0.10166236013174057,1.0,-13.665365219116211,4.926079273223877,98.0,0.6595688685774803,3042.17578125,67.03369140625,,data/instances/train/real_06.cip
mix_16_0,38,2093,2093,A,,60.0,100,0.09130515158176422,0.9319859147071838,1.5767366886138916,0.17191666666666672,,,,,,,,,,,,,,,,,,,,,15,,224,224,0,1686071720,0,315,0,16,0,0.09816844016313553,1.0,-15.535581588745117,4.248136043548584,1.0,0.5561235081404448,3042.17578125,67.03369140625,,data/instances/train/real_06.cip
mix_16_0,38,2094,2094,A,,60.0,100,0.0599251352250576,0.9624927639961243,4.456030368804932,0.17191666666666672,,,,,,,,,,,,,,,,,,,,,15,,224,224,0,1686071720,0,315,0,16,0,0.03743026778101921,1.0,-13.899943351745605,4.117964744567871,1.0,0.6156160607933998,3042.17578125,67.03369140625,,data/instances/train/real_06.cip
mix_16_0,38,2095,2095,A,,60.0,100,0.03528565540909767,0.46681851148605347,3.5020503997802734,0.17191666666666672,,,,,,,,,,,,,,,,,,,,,16,,224,224,0,1686071720,0,315,0,16,0,0.14356012642383575,1.0,-13.091591835021973,4.048028469085693,1.0,0.6419892851263285,3042.17578125,67.03369140625,,data/instances/train/real_06.cip
mix_16_0,38,2096,2096,A,,60.0,100,0.07451628148555756,0.9701690673828125,4.654712677001953,0.17191666666666672,,,,,,,,,,,,,,,,,,,,,15,,224,224,0,1686071720,0,315,0,16,0,0.05550242215394974,1.0,-12.333976745605469,5.916133880615234,1.0,0.6485317796468735,3042.17578125,67.03369140625,,data/instances/train/real_06.cip
mix_16_0,38,2097,2097,A,,60.0,100,0.049635857343673706,1.2077083587646484,0.8199856877326965,0.17033333333333345,,,,,,,,,,,,,,,,,,,,,14,,224,224,0,1685719236,0,316,0,16,0,0.041551623493433,1.0,-12.827709197998047,5.244248867034912,1.0,0.5438488982617855,3042.17578125,67.03369140625,,data/instances/train/real_06.cip
mix_16_0,38,2098,2098,A,,60.0,100,0.16959866881370544,1.0701297521591187,9.3102445602417,0.17033333333333345,,,,,,,,,,,,,,,,,,,,,15,,224,224,0,1685719236,0,316,0,16,0,0.14099189639091492,1.0,-11.790962219238281,4.943658351898193,1.0,0.6224751956760883,3042.17578125,67.03369140625,,data/instances/train/real_06.cip
mix_16_0,38,2099,2099,A,,60.0,100,0.07993131875991821,0.9862752556800842,2.1269965171813965,0.17033333333333345,,,,,,,,,,,,,,,,,,,,,15,,224,224,0,1685719236,0,316,0,16,0,0.07674598693847656,1.0,-14.424188613891602,5.436682224273682,1.0,0.6446433011442423,3042.17578125,67.03369140625,,data/instances/train/real_06.cip
mix_16_0,38,2100,2100,A,,60.0,100,0.03662839159369469,0.4993196129798889,1.2030715942382812,0.17033333333333345,,,,,,,,,,,,,,,,,,,,,16,,224,224,0,1685719236,0,316,0,16,0,0.08006058633327484,1.0,-12.98989486694336,5.254340648651123,1.0,0.6511217020452023,3042.17578125,67.03369140625,,data/instances/train/real_06.cip
mix_16_0,38,2101,2101,A,,60.0,100,0.09781214594841003,1.5225193500518799,5.176843166351318,0.16875000000000007,,,,,,,,,,,,,,,,,,,,,14,,224,224,0,1685254904,0,317,0,16,0,0.055952757596969604,1.0,-12.607216835021973,5.478890419006348,1.0,0.5479310676455498,3042.17578125,67.03369140625,,data/instances/train/real_06.cip
mix_16_0,38,2102,2102,A,,60.0,100,0.22737902402877808,1.3417866230010986,1.1188069581985474,0.16875000000000007,,,,,,,,,,,,,,,,,,,,,14,,224,224,0,1685254904,0,317,0,16,0,0.17638476192951202,1.0,-10.983455657958984,6.383191108703613,1.0,0.6129393707960844,3042.17578125,67.03369140625,,data/instances/train/real_06.cip
mix_16_0,38,2103,2103,A,,60.0,100,0.054123129695653915,1.0209629535675049,2.914572238922119,0.16875000000000007,,,,,,,,,,,,,,,,,,,,,14,,224,224,0,1685254904,0,317,0,16,0,0.0560733936727047,1.0,-15.113179206848145,5.602273941040039,1.0,0.6316437181085348,3042.17578125,67.03369140625,,data/instances/train/real_06.cip
mix_16_0,38,2104,2104,A,,60.0,100,0.15429699420928955,1.6314033269882202,1.0753947496414185,0.16875000000000007,,,,,,,,,,,,,,,,,,,,,13,,224,224,0,1685254904,0,317,0,16,0,0.08099639415740967,1.0,-12.1043701171875,4.33525276184082,1.0,0.6202496830374002,3042.17578125,67.03369140625,,data/instances/train/real_06.cip
episode,38,2104,2104,A,,60.0,100,0.15429699420928955,1.6314033269882202,1.0753947496414185,0.16716666666666669,-19.0188,-19.0,-0.0188,-19.0188,True,20,62.991163,,,,,,,,inf,0.0003856357027198169,120.0,14.958685,0.0,6991,13,True,224,224,0,1684503760,0,319,0,16,0,,,,,23.352941176470587,,3042.17578125,67.03369140625,timelimit,data/instances/train/real_06.cip
mix_16_0,39,2105,2105,A,,60.0,100,0.03554597124457359,1.042492389678955,1.1223868131637573,0.16716666666666669,,,,,,,,,,,,,,,,,,,,,15,,224,224,0,1684503760,0,319,0,16,0,0.029480736702680588,1.0,-10.714441299438477,4.3989577293396,1.0,0.5191167648881674,3042.17578125,67.03369140625,,data/instances/train/real_07.cip
mix_16_0,39,2106,2106,A,,60.0,100,0.09266728162765503,0.7951940298080444,1.9870965480804443,0.16716666666666669,,,,,,,,,,,,,,,,,,,,,15,,224,224,0,1684503760,0,319,0,16,0,0.11574476957321167,1.0,-13.464037895202637,4.546098232269287,1.0,0.6034403163939714,3042.17578125,67.03369140625,,data/instances/train/real_07.cip
mix_16_0,39,2107,2107,A,,60.0,100,0.2751462161540985,1.6926190853118896,7.8032755851745605,0.16716666666666669,,,,,,,,,,,,,,,,,,,,,13,,224,224,0,1684503760,0,319,0,16,0,0.1325039565563202,1.0,-12.043174743652344,6.3780341148376465,1.0,0.6406750418245792,3042.17578125,67.03369140625,,data/instances/train/real_07.cip
mix_16_0,39,2108,2108,A,,60.0,100,0.09443637728691101,0.6939713358879089,1.3132588863372803,0.16716666666666669,,,,,,,,,,,,,,,,,,,,,15,,224,224,0,1684503760,0,319,0,16,0,0.15607374906539917,1.0,-13.518918991088867,4.991541385650635,1.0,0.6327980291098356,3042.17578125,67.03369140625,,data/instances/train/real_07.cip
mix_16_0,39,2109,2109,A,,60.0,100,0.09472525119781494,1.010322093963623,4.3137688636779785,0.16558333333333342,,,,,,,,,,,,,,,,,,,,,15,,224,224,0,1684503760,0,319,0,16,0,0.08018895238637924,1.0,-11.367700576782227,4.353634834289551,1.0,0.5788882691413164,3042.17578125,67.03369140625,,data/instances/train/real_07.cip
mix_16_0,39,2110,2110,A,,60.0,100,0.1785183846950531,1.2416399717330933,9.372344017028809,0.16558333333333342,,,,,,,,,,,,,,,,,,,,,15,,224,224,0,1684503760,0,319,0,16,0,0.11211878806352615,1.0,-14.319063186645508,5.072683334350586,1.0,0.5154610387980938,3042.17578125,67.03369140625,,data/instances/train/real_07.cip
mix_16_0,39,2111,2111,A,,60.0,100,0.07303810119628906,0.6941523551940918,3.9537699222564697,0.16558333333333342,,,,,,,,,,,,,,,,,,,,,16,,224,224,0,1684503760,0,319,0,16,0,0.13564039766788483,1.0,-14.572083473205566,6.348169326782227,1.0,0.5820585526525974,3042.17578125,67.03369140625,,data/instances/train/real_07.cip
mix_16_0,39,2112,2112,A,,60.0,100,0.05514161288738251,0.46213600039482117,6.421409606933594,0.16558333333333342,,,,,,,,,,,,,,,,,,,,,16,,224,224,0,1684503760,0,319,0,16,0,0.25633513927459717,1.0,-13.533246994018555,5.109838485717773,1.0,0.6032482460141182,3042.17578125,67.03369140625,,data/instances/train/real_07.cip
mix_16_0,39,2113,2113,A,,60.0,100,0.10945110023021698,0.7039035558700562,10.05210018157959,0.16400000000000003,,,,,,,,,,,,,,,,,,,,,16,,224,224,0,1686584656,0,320,0,16,0,0.24268417060375214,1.0,-12.31567668914795,4.924686431884766,1.0,0.4850522633641958,3042.17578125,67.03369140625,,data/instances/train/real_07.cip
mix_16_0,39,2114,2114,A,,60.0,100,0.16105510294437408,1.4947640895843506,2.6631979942321777,0.16400000000000003,,,,,,,,,,,,,,,,,,,,,14,,224,224,0,1686584656,0,320,0,16,0,0.09429953992366791,1.0,-12.042734146118164,4.673581600189209,1.0,0.575951000675559,3042.17578125,67.03369140625,,data/instances/train/real_07.cip
mix_16_0,39,2115,2115,A,,60.0,100,0.11018053442239761,1.3617669343948364,0.7957265973091125,0.16400000000000003,,,,,,,,,,,,,,,,,,,,,14,,224,224,0,1686584656,0,320,0,16,0,0.08506937325000763,1.0,-11.187704086303711,5.186975955963135,1.0,0.6312338095158339,3042.17578125,67.03369140625,,data/instances/train/real_07.cip
mix_16_0,39,2116,2116,A,,60.0,100,0.07369807362556458,1.447152853012085,5.265218734741211,0.16400000000000003,,,,,,,,,,,,,,,,,,,,,14,,224,224,0,1686584656,0,320,0,16,0,0.02372349426150322,1.0,-13.734846115112305,4.536441802978516,1.0,0.6102528367191553,3042.17578125,67.03369140625,,data/instances/train/real_07.cip
mix_16_0,39,2117,2117,A,,60.0,100,0.14434218406677246,1.318906307220459,5.7091474533081055,0.16241666666666665,,,,,,,,,,,,,,,,,,,,,14,,224,224,0,1688572456,0,321,0,16,0,0.08160405606031418,1.0,-14.539994239807129,6.072428226470947,1.0,0.46287066861987114,3042.17578125,67.03369140625,,data/instances/train/real_07.cip
mix_16_0,39,2118,2118,A,,60.0,100,0.06763619184494019,0.6054695844650269,5.526290416717529,0.16241666666666665,,,,,,,,,,,,,,,,,,,,,16,,224,224,0,1688572456,0,321,0,16,0,0.14965736865997314,1.0,-12.597256660461426,3.401641607284546,1.0,0.564506059512496,3042.17578125,67.03369140625,,data/instances/train/real_07.cip
mix_16_0,39,2119,2119,A,,60.0,100,0.038544103503227234,0.5639216899871826,2.631427526473999,0.16241666666666665,,,,,,,,,,,,,,,,,,,,,16,,224,224,0,1688572456,0,321,0,16,0,0.07814911007881165,1.0,-13.964475631713867,5.177940845489502,1.0,0.6098611075431108,3042.17578125,67.03369140625,,data/instances/train/real_07.cip
mix_16_0,39,2120,2120,A,,60.0,100,0.11112608015537262,0.6243149042129517,10.477136611938477,0.16241666666666665,,,,,,,,,,,,,,,,,,,,,16,,224,224,0,1688572456,0,321,0,16,0,0.19266986846923828,1.0,-14.59976577758789,4.318411350250244,1.0,0.60461918823421,3042.17578125,67.03369140625,,data/instances/train/real_07.cip
mix_16_0,39,2121,2121,A,,60.0,100,0.20911839604377747,1.2769718170166016,12.514599800109863,0.16083333333333338,,,,,,,,,,,,,,,,,,,,,15,,224,224,0,1690639780,0,322,0,16,0,0.11005744338035583,1.0,-12.238215446472168,5.281984806060791,77.0,0.5569964293390512,3042.17578125,67.03369140625,,data/instances/train/real_07.cip
mix_16_0,39,2122,2122,A,,60.0,100,0.10188910365104675,1.6390262842178345,3.1360020637512207,0.16083333333333338,,,,,,,,,,,,,,,,,,,,,13,,224,224,0,1690639780,0,322,0,16,0,0.05247456952929497,1.0,-12.276252746582031,5.231978416442871,77.0,0.5936965811997652,3042.17578125,67.03369140625,,data/instances/train/real_07.cip
mix_16_0,39,2123,2123,A,,60.0,100,0.05876494571566582,1.080208420753479,2.234259605407715,0.16083333333333338,,,,,,,,,,,,,,,,,,,,,15,,224,224,0,1690639780,0,322,0,16,0,0.046764958649873734,1.0,-15.403276443481445,5.224791526794434,77.0,0.6346430648118258,3042.17578125,67.03369140625,,data/instances/train/real_07.cip
mix_16_0,39,2124,2124,A,,60.0,100,0.1358691155910492,1.0633976459503174,10.584867477416992,0.16083333333333338,,,,,,,,,,,,,,,,,,,,,16,,224,224,0,1690639780,0,322,0,16,0,0.09880856424570084,1.0,-10.691779136657715,4.771044731140137,77.0,0.6181513275951147,3042.17578125,67.03369140625,,data/instances/train/real_07.cip
mix_16_0,39,2125,2125,A,,60.0,100,0.32249438762664795,1.8277812004089355,11.53419017791748,0.15925,,,,,,,,,,,,,,,,,,,,,14,,224,224,0,1692702908,0,323,0,16,0,0.159631609916687,1.0,-12.226282119750977,4.05920934677124,1.0,0.5261725801974535,3042.17578125,67.03369140625,,data/instances/train/real_07.cip
mix_16_0,39,2126,2126,A,,60.0,100,0.026073116809129715,0.9589776396751404,0.6022888422012329,0.15925,,,,,,,,,,,,,,,,,,,,,15,,224,224,0,1692702908,0,323,0,16,0,0.02105514146387577,1.0,-12.878429412841797,3.8986732959747314,1.0,0.6042480934411287,3042.17578125,67.03369140625,,data/instances/train/real_07.cip
mix_16_0,39,2127,2127,A,,60.0,100,0.12670253217220306,1.6222968101501465,4.096708297729492,0.15925,,,,,,,,,,,,,,,,,,,,,13,,224,224,0,1692702908,0,323,0,16,0,0.06211055442690849,1.0,-12.027426719665527,5.567478179931641,1.0,0.5122426673769951,3042.17578125,67.03369140625,,data/instances/train/real_07.cip
mix_16_0,39,2128,2128,A,,60.0,100,0.17451199889183044,1.2870817184448242,9.24208927154541,0.15925,,,,,,,,,,,,,,,,,,,,,14,,224,224,0,1692702908,0,323,0,16,0,0.10914500057697296,1.0,-11.737791061401367,6.215515613555908,1.0,0.6051427070051432,3042.17578125,67.03369140625,,data/instances/train/real_07.cip
mix_16_0,39,2129,2129,A,,60.0,100,0.05704523250460625,0.7962642908096313,5.682854175567627,0.15766666666666662,,,,,,,,,,,,,,,,,,,,,16,,224,224,0,1694798928,0,324,0,16,0,0.08940011262893677,1.0,-12.332479476928711,4.577620029449463,1.0,0.569329496473074,3042.17578125,67.03369140625,,data/instances/train/real_07.cip
mix_16_0,39,2130,2130,A,,60.0,100,0.11203420907258987,1.2539985179901123,1.824292778968811,0.15766666666666662,,,,,,,,,,,,,,,,,,,,,14,,224,224,0,1694798928,0,324,0,16,0,0.08497059345245361,1.0,-13.044610977172852,4.245707988739014,1.0,0.592852808535099,3042.17578125,67.03369140625,,data/instances/train/real_07.cip
mix_16_0,39,2131,2131,A,,60.0,100,0.12570324540138245,1.331648826599121,3.2135403156280518,0.15766666666666662,,,,,,,,,,,,,,,,,,,,,14,,224,224,0,1694798928,0,324,0,16,0,0.09349627047777176,1.0,-13.184982299804688,5.283833980560303,1.0,0.6032799649983644,3042.17578125,67.03369140625,,data/instances/train/real_07.cip
mix_16_0,39,2132,2132,A,,60.0,100,0.08963330835103989,1.017359733581543,6.636416435241699,0.15766666666666662,,,,,,,,,,,,,,,,,,,,,15,,224,224,0,1694798928,0,324,0,16,0,0.07417317479848862,1.0,-12.904607772827148,4.000304698944092,1.0,0.6349971350282431,3042.17578125,67.03369140625,,data/instances/train/real_07.cip
mix_16_0,39,2133,2133,A,,60.0,100,0.06390773504972458,1.3703269958496094,4.761521816253662,0.15608333333333335,,,,,,,,,,,,,,,,,,,,,14,,224,224,0,1696759220,0,325,0,16,0,0.038923002779483795,1.0,-14.971783638000488,4.425220489501953,194.0,0.5543848294764757,3042.17578125,67.03369140625,,data/instances/train/real_07.cip
mix_16_0,39,2134,2134,A,,60.0,100,0.05327367037534714,0.8287680149078369,0.44006872177124023,0.15608333333333335,,,,,,,,,,,,,,,,,,,,,15,,224,224,0,1696759220,0,325,0,16,0,0.0725005641579628,1.0,-12.610061645507812,4.441004276275635,194.0,0.6092885006219149,3042.17578125,67.03369140625,,data/instances/train/real_07.cip
mix_16_0,39,2135,2135,A,,60.0,100,0.05421820655465126,0.7913474440574646,4.480382442474365,0.15608333333333335,,,,,,,,,,,,,,,,,,,,,15,,224,224,0,1696759220,0,325,0,16,0,0.0621601864695549,1.0,-14.004144668579102,5.890163421630859,194.0,0.6189994271844625,3042.17578125,67.03369140625,,data/instances/train/real_07.cip
mix_16_0,39,2136,2136,A,,60.0,100,0.10338596999645233,0.9957133531570435,6.962337493896484,0.15608333333333335,,,,,,,,,,,,,,,,,,,,,14,,224,224,0,1696759220,0,325,0,16,0,0.08146968483924866,1.0,-11.94157886505127,4.600505828857422,194.0,0.6248769611120224,3042.17578125,67.03369140625,,data/instances/train/real_07.cip
mix_16_0,39,2137,2137,A,,60.0,100,0.06203421205282211,0.8226534128189087,1.029491662979126,0.15450000000000008,,,,,,,,,,,,,,,,,,,,,15,,224,224,0,1698329968,0,326,0,16,0,0.07146003097295761,1.0,-12.64513111114502,3.4068009853363037,106.0,0.5578711722046137,3042.17578125,67.03369140625,,data/instances/train/real_07.cip
mix_16_0,39,2138,2138,A,,60.0,100,0.04066609591245651,0.8137307167053223,1.8386955261230469,0.15450000000000008,,,,,,,,,,,,,,,,,,,,,15,,224,224,0,1698329968,0,326,0,16,0,0.0504009835422039,1.0,-13.499410629272461,5.913259983062744,106.0,0.5990077145397663,3042.17578125,67.03369140625,,data/instances/train/real_07.cip
mix_16_0,39,2139,2139,A,,60.0,100,0.12653544545173645,0.7737829685211182,6.953238010406494,0.15450000000000008,,,,,,,,,,,,,,,,,,,,,15,,224,224,0,1698329968,0,326,0,16,0,0.15257392823696136,1.0,-14.120275497436523,4.483722686767578,106.0,0.6416215691715479,3042.17578125,67.03369140625,,data/instances/train/real_07.cip
mix_16_0,39,2140,2140,A,,60.0,100,0.026225175708532333,0.5676383972167969,4.145158290863037,0.15450000000000008,,,,,,,,,,,,,,,,,,,,,16,,224,224,0,1698329968,0,326,0,16,0,0.026654280722141266,1.0,-13.124080657958984,4.800151348114014,106.0,0.5952425319701433,3042.17578125,67.03369140625,,data/instances/train/real_07.cip
mix_16_0,39,2141,2141,A,,60.0,100,0.04109779745340347,0.7587252259254456,3.713905096054077,0.1529166666666667,,,,,,,,,,,,,,,,,,,,,16,,224,224,0,1699780232,0,327,0,16,0,0.04438559338450432,1.0,-12.365473747253418,4.119771957397461,1.0,0.3580025639384985,3042.17578125,67.03369140625,,data/instances/train/real_07.cip
mix_16_0,39,2142,2142,A,,60.0,100,0.09231249988079071,0.9276621341705322,3.15063214302063,0.1529166666666667,,,,,,,,,,,,,,,,,,,,,15,,224,224,0,1699780232,0,327,0,16,0,0.0937119871377945,1.0,-13.652195930480957,4.857676029205322,1.0,0.3295889087021351,3042.17578125,67.03369140625,,data/instances/train/real_07.cip
mix_16_0,39,2143,2143,A,,60.0,100,0.03900158777832985,0.7726025581359863,2.4919345378875732,0.1529166666666667,,,,,,,,,,,,,,,,,,,,,15,,224,224,0,1699780232,0,327,0,16,0,0.04672405123710632,1.0,-13.007259368896484,5.119270324707031,1.0,0.3505736440420151,3042.17578125,67.03369140625,,data/instances/train/real_07.cip
mix_16_0,39,2144,2144,A,,60.0,100,0.03932282701134682,0.48455101251602173,2.907822608947754,0.1529166666666667,,,,,,,,,,,,,,,,,,,,,16,,224,224,0,1699780232,0,327,0,16,0,0.11720603704452515,1.0,-14.36309814453125,4.161790370941162,1.0,0.3946711868047714,3042.17578125,67.03369140625,,data/instances/train/real_07.cip
mix_16_0,39,2145,2145,A,,60.0,100,0.06505389511585236,1.1833597421646118,3.977724552154541,0.15133333333333343,,,,,,,,,,,,,,,,,,,,,13,,224,224,0,1701265732,0,328,0,16,0,0.040827058255672455,1.0,-11.574041366577148,4.499256610870361,1.0,0.5040811840444803,3042.17578125,67.03369140625,,data/instances/train/real_07.cip
mix_16_0,39,2146,2146,A,,60.0,100,0.15958262979984283,1.1926020383834839,4.793037414550781,0.15133333333333343,,,,,,,,,,,,,,,,,,,,,14,,224,224,0,1701265732,0,328,0,16,0,0.11990722268819809,1.0,-12.456181526184082,4.978168964385986,1.0,0.6110713630914688,3042.17578125,67.03369140625,,data/instances/train/real_07.cip
mix_16_0,39,2147,2147,A,,60.0,100,0.07379502058029175,0.5069431662559509,10.796696662902832,0.15133333333333343,,,,,,,,,,,,,,,,,,,,,16,,224,224,0,1701265732,0,328,0,16,0,0.17754080891609192,1.0,-11.939728736877441,4.26789665222168,1.0,0.6495365221053362,3042.17578125,67.03369140625,,data/instances/train/real_07.cip
mix_16_0,39,2148,2148,A,,60.0,100,0.1051691323518753,1.1440863609313965,4.2510809898376465,0.15133333333333343,,,,,,,,,,,,,,,,,,,,,15,,224,224,0,1701265732,0,328,0,16,0,0.07389601320028305,1.0,-13.212185859680176,4.526148796081543,1.0,0.6221216283738613,3042.17578125,67.03369140625,,data/instances/train/real_07.cip
mix_16_0,39,2149,2149,A,,60.0,100,0.0643993616104126,0.5239938497543335,2.127824068069458,0.14975000000000005,,,,,,,,,,,,,,,,,,,,,16,,224,224,0,1702322928,0,329,0,16,0,0.1826813668012619,1.0,-12.514425277709961,5.101175308227539,1.0,0.5283494722098112,3042.17578125,67.03369140625,,data/instances/train/real_07.cip
mix_16_0,39,2150,2150,A,,60.0,100,0.09508893638849258,0.6150755882263184,10.913817405700684,0.14975000000000005,,,,,,,,,,,,,,,,,,,,,16,,224,224,0,1702322928,0,329,0,16,0,0.20652621984481812,1.0,-14.300145149230957,4.892416477203369,1.0,0.608925499022007,3042.17578125,67.03369140625,,data/instances/train/real_07.cip
mix_16_0,39,2151,2151,A,,60.0,100,0.07033434510231018,1.0617976188659668,1.733577847480774,0.14975000000000005,,,,,,,,,,,,,,,,,,,,,14,,224,224,0,1702322928,0,329,0,16,0,0.060819387435913086,1.0,-13.921370506286621,5.120962619781494,1.0,0.6323110368102789,3042.17578125,67.03369140625,,data/instances/train/real_07.cip
mix_16_0,39,2152,2152,A,,60.0,100,0.07894180715084076,0.8458946943283081,2.7247018814086914,0.14975000000000005,,,,,,,,,,,,,,,,,,,,,15,,224,224,0,1702322928,0,329,0,16,0,0.09076932817697525,1.0,-11.186697006225586,4.21415901184082,1.0,0.6501258406788111,3042.17578125,67.03369140625,,data/instances/train/real_07.cip
mix_16_0,39,2153,2153,A,,60.0,100,0.09780998528003693,1.0854060649871826,5.0544753074646,0.14816666666666678,,,,,,,,,,,,,,,,,,,,,15,,224,224,0,1703152780,0,330,0,16,0,0.07622496783733368,1.0,-12.36102294921875,5.038766384124756,1.0,0.49921043403446674,3042.17578125,67.03369140625,,data/instances/train/real_07.cip
mix_16_0,39,2154,2154,A,,60.0,100,0.06326646357774734,1.043302059173584,3.186628580093384,0.14816666666666678,,,,,,,,,,,,,,,,,,,,,14,,224,224,0,1703152780,0,330,0,16,0,0.04817241057753563,1.0,-12.27147388458252,5.111739158630371,1.0,0.45204804837703705,3042.17578125,67.03369140625,,data/instances/train/real_07.cip
mix_16_0,39,2155,2155,A,,60.0,100,0.034068763256073,0.4404190480709076,3.1273274421691895,0.14816666666666678,,,,,,,,,,,,,,,,,,,,,16,,224,224,0,1703152780,0,330,0,16,0,0.17029166221618652,1.0,-14.00295639038086,5.346802711486816,1.0,0.6179155986756086,3042.17578125,67.03369140625,,data/instances/train/real_07.cip
mix_16_0,39,2156,2156,A,,60.0,100,0.08504030108451843,0.5995205640792847,2.615577220916748,0.14816666666666678,,,,,,,,,,,,,,,,,,,,,16,,224,224,0,1703152780,0,330,0,16,0,0.23968416452407837,1.0,-12.06357479095459,5.6656622886657715,1.0,0.6253107357770205,3042.17578125,67.03369140625,,data/instances/train/real_07.cip
episode,39,2156,2156,A,,60.0,100,0.08504030108451843,0.5995205640792847,2.615577220916748,0.1465833333333334,-13.014299999999999,-13.0,-0.0143,-13.014299999999999,True,14,63.483953,,,,,,,,inf,1e+20,120.0,inf,0.0,11417,16,True,224,224,0,1704918420,0,332,0,16,0,,,,,29.76923076923077,,3042.17578125,67.03369140625,timelimit,data/instances/train/real_07.cip
mix_16_0,40,2157,2157,A,,60.0,100,0.014239586889743805,0.34749850630760193,2.4818215370178223,0.1465833333333334,,,,,,,,,,,,,,,,,,,,,16,,224,224,0,1704918420,0,332,0,16,0,0.08939128369092941,1.0,-16.13542938232422,3.9610211849212646,1.0,0.5798959266394377,3047.6171875,67.03369140625,,data/instances/transfer/real_01.cip
mix_16_0,40,2158,2158,A,,60.0,100,0.04785759001970291,0.7782513499259949,0.7418869137763977,0.1465833333333334,,,,,,,,,,,,,,,,,,,,,15,,224,224,0,1704918420,0,332,0,16,0,0.06441807746887207,1.0,-13.141032218933105,4.207583427429199,1.0,0.5818914026021957,3047.6171875,67.03369140625,,data/instances/transfer/real_01.cip
mix_16_0,40,2159,2159,A,,60.0,100,0.012000218033790588,0.4251374900341034,0.8046672344207764,0.1465833333333334,,,,,,,,,,,,,,,,,,,,,16,,224,224,0,1704918420,0,332,0,16,0,0.01803380809724331,1.0,-13.940596580505371,3.1729819774627686,1.0,0.639837546274066,3047.6171875,67.03369140625,,data/instances/transfer/real_01.cip
mix_16_0,40,2160,2160,A,,60.0,100,0.0435129776597023,0.6987113356590271,1.1328800916671753,0.1465833333333334,,,,,,,,,,,,,,,,,,,,,15,,224,224,0,1704918420,0,332,0,16,0,0.055358387529850006,1.0,-11.544412612915039,4.356723785400391,1.0,0.6336547657847404,3047.6171875,67.03369140625,,data/instances/transfer/real_01.cip
mix_16_0,40,2161,2161,A,,60.0,100,0.024192992597818375,0.7565020322799683,0.8207324147224426,0.14500000000000002,,,,,,,,,,,,,,,,,,,,,15,,224,224,0,1704918420,0,332,0,16,0,0.02735261432826519,1.0,-14.030834197998047,5.109334468841553,1.0,0.5398805923759937,3047.6171875,67.03369140625,,data/instances/transfer/real_01.cip
mix_16_0,40,2162,2162,A,,60.0,100,0.17241138219833374,1.6125538349151611,7.273577690124512,0.14500000000000002,,,,,,,,,,,,,,,,,,,,,13,,224,224,0,1704918420,0,332,0,16,0,0.10154113918542862,1.0,-10.290884971618652,4.078544616699219,1.0,0.5766592919826508,3047.6171875,67.03369140625,,data/instances/transfer/real_01.cip
mix_16_0,40,2163,2163,A,,60.0,100,0.15963587164878845,1.234877347946167,2.0970468521118164,0.14500000000000002,,,,,,,,,,,,,,,,,,,,,14,,224,224,0,1704918420,0,332,0,16,0,0.12746405601501465,1.0,-10.547324180603027,3.933756113052368,1.0,0.6101669799536467,3047.6171875,67.03369140625,,data/instances/transfer/real_01.cip
mix_16_0,40,2164,2164,A,,60.0,100,0.09826600551605225,1.111426830291748,5.575965404510498,0.14500000000000002,,,,,,,,,,,,,,,,,,,,,14,,224,224,0,1704918420,0,332,0,16,0,0.09091120213270187,1.0,-14.181953430175781,5.131503582000732,1.0,0.6162050236016512,3047.6171875,67.03369140625,,data/instances/transfer/real_01.cip
mix_16_0,40,2165,2165,A,,60.0,100,0.06807310879230499,0.974974513053894,5.9707255363464355,0.14341666666666675,,,,,,,,,,,,,,,,,,,,,14,,224,224,0,1709828912,0,333,0,16,0,0.0645938590168953,1.0,-14.039974212646484,5.095628261566162,1.0,0.5449715834110975,3047.6171875,67.03369140625,,data/instances/transfer/real_01.cip
mix_16_0,40,2166,2166,A,,60.0,100,0.10366085916757584,0.8435900807380676,2.4301090240478516,0.14341666666666675,,,,,,,,,,,,,,,,,,,,,15,,224,224,0,1709828912,0,333,0,16,0,0.12168770283460617,1.0,-12.575729370117188,5.0884833335876465,1.0,0.5799346175044775,3047.6171875,67.03369140625,,data/instances/transfer/real_01.cip
mix_16_0,40,2167,2167,A,,60.0,100,0.09251603484153748,1.9345333576202393,1.73521888256073,0.14341666666666675,,,,,,,,,,,,,,,,,,,,,11,,224,224,0,1709828912,0,333,0,16,0,0.052972760051488876,1.0,-11.096172332763672,4.248865127563477,1.0,0.5822027679532766,3047.6171875,67.03369140625,,data/instances/transfer/real_01.cip
mix_16_0,40,2168,2168,A,,60.0,100,0.1266990602016449,1.2871661186218262,7.911688804626465,0.14341666666666675,,,,,,,,,,,,,,,,,,,,,13,,224,224,0,1709828912,0,333,0,16,0,0.09080283343791962,1.0,-11.909093856811523,4.988692760467529,1.0,0.6205475609749556,3047.6171875,67.03369140625,,data/instances/transfer/real_01.cip
mix_16_0,40,2169,2169,A,,60.0,100,0.14678137004375458,0.6869934797286987,10.773995399475098,0.14183333333333337,,,,,,,,,,,,,,,,,,,,,16,,224,224,0,1714703280,0,334,0,16,0,0.35322895646095276,1.0,-11.489936828613281,4.561826705932617,1.0,0.5360485762357712,3047.6171875,67.03369140625,,data/instances/transfer/real_01.cip
mix_16_0,40,2170,2170,A,,60.0,100,0.03651260957121849,0.41800910234451294,2.391728162765503,0.14183333333333337,,,,,,,,,,,,,,,,,,,,,16,,224,224,0,1714703280,0,334,0,16,0,0.07160107046365738,1.0,-13.916145324707031,5.707679748535156,1.0,0.6163033898919821,3047.6171875,67.03369140625,,data/instances/transfer/real_01.cip
mix_16_0,40,2171,2171,A,,60.0,100,0.08172450959682465,0.553351879119873,8.068881034851074,0.14183333333333337,,,,,,,,,,,,,,,,,,,,,16,,224,224,0,1714703280,0,334,0,16,0,0.17256870865821838,1.0,-12.963977813720703,3.949160099029541,1.0,0.5731710568070412,3047.6171875,67.03369140625,,data/instances/transfer/real_01.cip
mix_16_0,40,2172,2172,A,,60.0,100,0.08940806984901428,0.9421765804290771,8.420820236206055,0.14183333333333337,,,,,,,,,,,,,,,,,,,,,15,,224,224,0,1714703280,0,334,0,16,0,0.08006051927804947,1.0,-13.055624008178711,4.852168083190918,1.0,0.4216062966734171,3047.6171875,67.03369140625,,data/instances/transfer/real_01.cip
mix_16_0,40,2173,2173,A,,60.0,100,0.08091413974761963,0.8754134178161621,6.986229419708252,0.14024999999999999,,,,,,,,,,,,,,,,,,,,,15,,224,224,0,1719689172,0,335,0,16,0,0.08525937050580978,1.0,-13.32078742980957,4.8063507080078125,1.0,0.5056330617517233,3047.6171875,67.03369140625,,data/instances/transfer/real_01.cip
mix_16_0,40,2174,2174,A,,60.0,100,0.10592350363731384,0.9069782495498657,1.7329437732696533,0.14024999999999999,,,,,,,,,,,,,,,,,,,,,14,,224,224,0,1719689172,0,335,0,16,0,0.12684524059295654,1.0,-13.590616226196289,4.505293369293213,1.0,0.5944074243307114,3047.6171875,67.03369140625,,data/instances/transfer/real_01.cip
mix_16_0,40,2175,2175,A,,60.0,100,0.08119286596775055,1.2605359554290771,1.8331674337387085,0.14024999999999999,,,,,,,,,,,,,,,,,,,,,13,,224,224,0,1719689172,0,335,0,16,0,0.06331823021173477,1.0,-12.839269638061523,5.057016372680664,1.0,0.6286062393337488,3047.6171875,67.03369140625,,data/instances/transfer/real_01.cip
mix_16_0,40,2176,2176,A,,60.0,100,0.13629300892353058,1.0880604982376099,13.998697280883789,0.14024999999999999,,,,,,,,,,,,,,,,,,,,,15,,224,224,0,1719689172,0,335,0,16,0,0.0818638727068901,1.0,-11.700620651245117,4.327630043029785,1.0,0.6397888753563166,3047.6171875,67.03369140625,,data/instances/transfer/real_01.cip
mix_16_0,40,2177,2177,A,,60.0,100,0.09521456807851791,1.0125113725662231,6.996699333190918,0.13866666666666672,,,,,,,,,,,,,,,,,,,,,15,,224,224,0,1724632868,0,336,0,16,0,0.07626380026340485,1.0,-12.871872901916504,4.195068836212158,1.0,0.5528786797076464,3049.4140625,67.03369140625,,data/instances/transfer/real_01.cip
mix_16_0,40,2178,2178,A,,60.0,100,0.08764311671257019,0.8748617768287659,6.614129543304443,0.13866666666666672,,,,,,,,,,,,,,,,,,,,,15,,224,224,0,1724632868,0,336,0,16,0,0.08401384949684143,1.0,-12.556360244750977,4.149136066436768,1.0,0.6226013712584972,3049.4140625,67.03369140625,,data/instances/transfer/real_01.cip
mix_16_0,40,2179,2179,A,,60.0,100,0.2994714677333832,1.4747109413146973,16.462093353271484,0.13866666666666672,,,,,,,,,,,,,,,,,,,,,13,,224,224,0,1724632868,0,336,0,16,0,0.19930152595043182,1.0,-11.073792457580566,3.5959270000457764,1.0,0.5936403144150972,3049.4140625,67.03369140625,,data/instances/transfer/real_01.cip
mix_16_0,40,2180,2180,A,,60.0,100,0.07949912548065186,0.5358688831329346,7.116733074188232,0.13866666666666672,,,,,,,,,,,,,,,,,,,,,16,,224,224,0,1724632868,0,336,0,16,0,0.23501341044902802,1.0,-15.166625022888184,4.0532612800598145,1.0,0.5915050227195024,3049.4140625,67.03369140625,,data/instances/transfer/real_01.cip
mix_16_0,40,2181,2181,A,,60.0,100,0.08427311480045319,1.1424765586853027,0.6095110177993774,0.13708333333333333,,,,,,,,,,,,,,,,,,,,,14,,224,224,0,1729872256,0,337,0,16,0,0.07338473200798035,1.0,-15.812036514282227,5.048556804656982,392.0,0.5586687065660954,3051.55859375,67.03369140625,,data/instances/transfer/real_01.cip
mix_16_0,40,2182,2182,A,,60.0,100,0.07188057899475098,0.5877975821495056,1.816194772720337,0.13708333333333333,,,,,,,,,,,,,,,,,,,,,16,,224,224,0,1729872256,0,337,0,16,0,0.07573846727609634,1.0,-12.713430404663086,4.638918876647949,392.0,0.5210565198212862,3051.55859375,67.03369140625,,data/instances/transfer/real_01.cip
mix_16_0,40,2183,2183,A,,60.0,100,0.08473090827465057,0.7445163726806641,3.1198601722717285,0.13708333333333333,,,,,,,,,,,,,,,,,,,,,15,,224,224,0,1729872256,0,337,0,16,0,0.11666032671928406,1.0,-12.723031044006348,3.9335737228393555,392.0,0.6076055504381657,3051.55859375,67.03369140625,,data/instances/transfer/real_01.cip
mix_16_0,40,2184,2184,A,,60.0,100,0.1351940780878067,1.1435788869857788,4.59340763092041,0.13708333333333333,,,,,,,,,,,,,,,,,,,,,14,,224,224,0,1729872256,0,337,0,16,0,0.12164969742298126,1.0,-12.450761795043945,5.197539806365967,392.0,0.6306324638426304,3051.55859375,67.03369140625,,data/instances/transfer/real_01.cip
mix_16_0,40,2185,2185,A,,60.0,100,0.04661887139081955,0.7174497842788696,1.555763840675354,0.13550000000000006,,,,,,,,,,,,,,,,,,,,,15,,224,224,0,1730950388,0,338,0,16,0,0.056354157626628876,1.0,-13.076805114746094,5.068355083465576,1.0,0.5558465961366892,3055.2890625,67.03369140625,,data/instances/transfer/real_01.cip
mix_16_0,40,2186,2186,A,,60.0,100,0.2188672572374344,1.444916844367981,6.165940761566162,0.13550000000000006,,,,,,,,,,,,,,,,,,,,,13,,224,224,0,1730950388,0,338,0,16,0,0.1630096286535263,1.0,-12.14937686920166,5.079598903656006,1.0,0.5923891738057137,3055.2890625,67.03369140625,,data/instances/transfer/real_01.cip
mix_16_0,40,2187,2187,A,,60.0,100,0.011039449833333492,0.9416898488998413,0.5618735551834106,0.13550000000000006,,,,,,,,,,,,,,,,,,,,,14,,224,224,0,1730950388,0,338,0,16,0,0.011940350756049156,1.0,-14.4986572265625,4.477034091949463,1.0,0.6395147182047367,3055.2890625,67.03369140625,,data/instances/transfer/real_01.cip
mix_16_0,40,2188,2188,A,,60.0,100,0.0705118328332901,0.4923252463340759,11.559197425842285,0.13550000000000006,,,,,,,,,,,,,,,,,,,,,16,,224,224,0,1730950388,0,338,0,16,0,0.2998548150062561,1.0,-15.690086364746094,3.3770217895507812,1.0,0.6468570567667484,3055.2890625,67.03369140625,,data/instances/transfer/real_01.cip
mix_16_0,40,2189,2189,A,,60.0,100,0.06561102718114853,0.7771409153938293,6.5245041847229,0.1339166666666668,,,,,,,,,,,,,,,,,,,,,15,,224,224,0,1731983764,0,339,0,16,0,0.0771608054637909,1.0,-14.8156099319458,4.0416436195373535,1.0,0.5674811936914921,3055.2890625,67.03369140625,,data/instances/transfer/real_01.cip
mix_16_0,40,2190,2190,A,,60.0,100,0.06319333612918854,0.6721406579017639,1.2605632543563843,0.1339166666666668,,,,,,,,,,,,,,,,,,,,,15,,224,224,0,1731983764,0,339,0,16,0,0.09702948480844498,1.0,-13.48906135559082,3.781449317932129,1.0,0.6183748804032803,3055.2890625,67.03369140625,,data/instances/transfer/real_01.cip
mix_16_0,40,2191,2191,A,,60.0,100,0.09899129718542099,0.7497971653938293,8.89000129699707,0.1339166666666668,,,,,,,,,,,,,,,,,,,,,16,,224,224,0,1731983764,0,339,0,16,0,0.17114976048469543,1.0,-12.77549934387207,4.766903877258301,1.0,0.6437655389308929,3055.2890625,67.03369140625,,data/instances/transfer/real_01.cip
mix_16_0,40,2192,2192,A,,60.0,100,0.0918450802564621,0.46116429567337036,13.027840614318848,0.1339166666666668,,,,,,,,,,,,,,,,,,,,,16,,224,224,0,1731983764,0,339,0,16,0,0.250898152589798,1.0,-13.758563995361328,4.4973015785217285,1.0,0.6319601014256477,3055.2890625,67.03369140625,,data/instances/transfer/real_01.cip
mix_16_0,40,2193,2193,A,,60.0,100,0.0916820541024208,1.0389957427978516,3.4941115379333496,0.1323333333333334,,,,,,,,,,,,,,,,,,,,,14,,224,224,0,1733289604,0,340,0,16,0,0.08215852826833725,1.0,-13.23548698425293,5.119433879852295,1.0,0.5495595000684261,3059.6328125,67.03369140625,,data/instances/transfer/real_01.cip
mix_16_0,40,2194,2194,A,,60.0,100,0.07515814900398254,0.8686612844467163,2.929809808731079,0.1323333333333334,,,,,,,,,,,,,,,,,,,,,15,,224,224,0,1733289604,0,340,0,16,0,0.09449446946382523,1.0,-12.116645812988281,5.4916090965271,1.0,0.6110075581818819,3059.6328125,67.03369140625,,data/instances/transfer/real_01.cip
mix_16_0,40,2195,2195,A,,60.0,100,0.14615949988365173,1.0557196140289307,15.759288787841797,0.1323333333333334,,,,,,,,,,,,,,,,,,,,,15,,224,224,0,1733289604,0,340,0,16,0,0.10116663575172424,1.0,-14.966869354248047,4.17854642868042,1.0,0.6360580902546644,3059.6328125,67.03369140625,,data/instances/transfer/real_01.cip
mix_16_0,40,2196,2196,A,,60.0,100,0.09165853261947632,0.8890701532363892,8.286398887634277,0.1323333333333334,,,,,,,,,,,,,,,,,,,,,15,,224,224,0,1733289604,0,340,0,16,0,0.0920378640294075,1.0,-13.512472152709961,4.666080951690674,1.0,0.6264382731169462,3059.6328125,67.03369140625,,data/instances/transfer/real_01.cip
mix_16_0,40,2197,2197,A,,60.0,100,0.12992887198925018,0.5849072933197021,1.7508070468902588,0.13075000000000003,,,,,,,,,,,,,,,,,,,,,15,,224,224,0,1734652884,0,341,0,16,0,0.22986136376857758,1.0,-14.94611930847168,4.509760856628418,483.0,0.3556510880589485,3062.109375,67.03369140625,,data/instances/transfer/real_01.cip
mix_16_0,40,2198,2198,A,,60.0,100,0.08917436748743057,0.5918671488761902,10.412421226501465,0.13075000000000003,,,,,,,,,,,,,,,,,,,,,16,,224,224,0,1734652884,0,341,0,16,0,0.19382363557815552,1.0,-12.69776725769043,3.9132578372955322,483.0,0.45138792134821415,3062.109375,67.03369140625,,data/instances/transfer/real_01.cip
mix_16_0,40,2199,2199,A,,60.0,100,0.08122307807207108,0.4576050043106079,5.525686264038086,0.13075000000000003,,,,,,,,,,,,,,,,,,,,,16,,224,224,0,1734652884,0,341,0,16,0,0.29808422923088074,1.0,-13.039196014404297,4.334510803222656,483.0,0.5009825117886066,3062.109375,67.03369140625,,data/instances/transfer/real_01.cip
mix_16_0,40,2200,2200,A,,60.0,100,0.07912610471248627,1.5159300565719604,3.426900625228882,0.13075000000000003,,,,,,,,,,,,,,,,,,,,,12,,224,224,0,1734652884,0,341,0,16,0,0.05184853821992874,1.0,-12.883026123046875,5.267274856567383,483.0,0.5607818309217691,3062.109375,67.03369140625,,data/instances/transfer/real_01.cip
mix_16_0,40,2201,2201,A,,60.0,100,0.13588863611221313,1.1243488788604736,8.339069366455078,0.12916666666666676,,,,,,,,,,,,,,,,,,,,,14,,224,224,0,1736002060,0,342,0,16,0,0.0828549861907959,1.0,-10.889411926269531,4.887094020843506,1.0,0.312358720228076,3068.640625,67.03369140625,,data/instances/transfer/real_01.cip
mix_16_0,40,2202,2202,A,,60.0,100,0.11456340551376343,0.7492901682853699,2.756378173828125,0.12916666666666676,,,,,,,,,,,,,,,,,,,,,15,,224,224,0,1736002060,0,342,0,16,0,0.14483697712421417,1.0,-13.786569595336914,3.960688829421997,1.0,0.42742209509015083,3068.640625,67.03369140625,,data/instances/transfer/real_01.cip
mix_16_0,40,2203,2203,A,,60.0,100,0.08073481917381287,0.8972218632698059,1.5885761976242065,0.12916666666666676,,,,,,,,,,,,,,,,,,,,,14,,224,224,0,1736002060,0,342,0,16,0,0.10260996967554092,1.0,-12.568777084350586,5.306210517883301,1.0,0.3318941853940487,3068.640625,67.03369140625,,data/instances/transfer/real_01.cip
mix_16_0,40,2204,2204,A,,60.0,100,0.05704620108008385,0.41623401641845703,8.119382858276367,0.12916666666666676,,,,,,,,,,,,,,,,,,,,,16,,224,224,0,1736002060,0,342,0,16,0,0.23186242580413818,1.0,-12.156614303588867,3.7487080097198486,1.0,0.32929519936442375,3068.640625,67.03369140625,,data/instances/transfer/real_01.cip
mix_16_0,40,2205,2205,A,,60.0,100,0.10362256318330765,0.7720271348953247,2.6795966625213623,0.12758333333333338,,,,,,,,,,,,,,,,,,,,,15,,224,224,0,1737411488,0,343,0,16,0,0.14654487371444702,1.0,-13.460799217224121,4.754395961761475,1.0,0.533442884683609,3068.640625,67.03369140625,,data/instances/transfer/real_01.cip
mix_16_0,40,2206,2206,A,,60.0,100,0.11467421054840088,1.0058584213256836,6.56048583984375,0.12758333333333338,,,,,,,,,,,,,,,,,,,,,14,,224,224,0,1737411488,0,343,0,16,0,0.11538714170455933,1.0,-12.051338195800781,4.73539400100708,1.0,0.6044890079647303,3068.640625,67.03369140625,,data/instances/transfer/real_01.cip
mix_16_0,40,2207,2207,A,,60.0,100,0.01601877249777317,0.5426760911941528,1.1989315748214722,0.12758333333333338,,,,,,,,,,,,,,,,,,,,,15,,224,224,0,1737411488,0,343,0,16,0,0.030513331294059753,1.0,-14.125434875488281,4.524127960205078,1.0,0.603089788928628,3068.640625,67.03369140625,,data/instances/transfer/real_01.cip
mix_16_0,40,2208,2208,A,,60.0,100,0.10527554899454117,1.3108830451965332,1.3654221296310425,0.12758333333333338,,,,,,,,,,,,,,,,,,,,,12,,224,224,0,1737411488,0,343,0,16,0,0.08557159453630447,1.0,-10.991849899291992,4.858312129974365,1.0,0.5968820285052061,3068.640625,67.03369140625,,data/instances/transfer/real_01.cip
mix_16_0,40,2209,2209,A,,60.0,100,0.027280688285827637,0.3324703574180603,2.889763832092285,0.126,,,,,,,,,,,,,,,,,,,,,16,,224,224,0,1738807736,0,344,0,16,0,0.09180930256843567,1.0,-13.79293155670166,3.3361098766326904,1.0,0.43789158947765827,3068.640625,67.03369140625,,data/instances/transfer/real_01.cip
mix_16_0,40,2210,2210,A,,60.0,100,0.04884038865566254,0.7774015665054321,1.122124433517456,0.126,,,,,,,,,,,,,,,,,,,,,15,,224,224,0,1738807736,0,344,0,16,0,0.04910823702812195,1.0,-13.626993179321289,4.472570896148682,1.0,0.48021495901048183,3068.640625,67.03369140625,,data/instances/transfer/real_01.cip
mix_16_0,40,2211,2211,A,,60.0,100,0.06421206146478653,0.8278740644454956,1.3611561059951782,0.126,,,,,,,,,,,,,,,,,,,,,15,,224,224,0,1738807736,0,344,0,16,0,0.06908874213695526,1.0,-14.35916519165039,4.113589286804199,1.0,0.3860272243618965,3068.640625,67.03369140625,,data/instances/transfer/real_01.cip
mix_16_0,40,2212,2212,A,,60.0,100,0.14932957291603088,1.1844885349273682,2.2618772983551025,0.126,,,,,,,,,,,,,,,,,,,,,14,,224,224,0,1738807736,0,344,0,16,0,0.10547401010990143,1.0,-12.476310729980469,3.7627639770507812,1.0,0.5153078474104404,3068.640625,67.03369140625,,data/instances/transfer/real_01.cip
episode,40,2212,2212,A,,60.0,100,0.14932957291603088,1.1844885349273682,2.2618772983551025,0.12441666666666673,-14.221800000000002,-14.0,-0.2218,-14.221800000000002,True,15,62.478898,,,,,,,,inf,0.06133333106120759,120.0,58.834561,0.0,24701,14,True,224,224,0,1741414700,0,346,0,16,0,,,,,63.357142857142854,,3068.640625,67.03369140625,timelimit,data/instances/transfer/real_01.cip
mix_16_0,41,2213,2213,A,,60.0,100,0.3505922555923462,1.8846244812011719,5.989404678344727,0.12441666666666673,,,,,,,,,,,,,,,,,,,,,12,,224,224,0,1741414700,0,346,0,16,0,0.17710910737514496,1.0,-11.484319686889648,6.515980243682861,64.0,0.543566083535552,3068.640625,67.03369140625,,data/instances/transfer/real_03.cip
mix_16_0,41,2214,2214,A,,60.0,100,0.1328774094581604,0.8559483885765076,4.095003604888916,0.12441666666666673,,,,,,,,,,,,,,,,,,,,,15,,224,224,0,1741414700,0,346,0,16,0,0.18260495364665985,1.0,-11.352484703063965,6.3996148109436035,64.0,0.5602857582271099,3068.640625,67.03369140625,,data/instances/transfer/real_03.cip
mix_16_0,41,2215,2215,A,,60.0,100,0.21178606152534485,1.4334310293197632,4.902261257171631,0.12441666666666673,,,,,,,,,,,,,,,,,,,,,15,,224,224,0,1741414700,0,346,0,16,0,0.13155300915241241,1.0,-11.646160125732422,6.368587017059326,64.0,0.5972179509699345,3068.640625,67.03369140625,,data/instances/transfer/real_03.cip
mix_16_0,41,2216,2216,A,,60.0,100,0.02832118421792984,0.5450979471206665,1.9285385608673096,0.12441666666666673,,,,,,,,,,,,,,,,,,,,,16,,224,224,0,1741414700,0,346,0,16,0,0.05799717828631401,1.0,-13.563876152038574,5.669851779937744,64.0,0.6371223591268063,3068.640625,67.03369140625,,data/instances/transfer/real_03.cip
mix_16_0,41,2217,2217,A,,60.0,100,0.0348513126373291,1.1238694190979004,0.6075756549835205,0.12283333333333335,,,,,,,,,,,,,,,,,,,,,14,,224,224,0,1741414700,0,346,0,16,0,0.02895805798470974,1.0,-11.78335952758789,4.433039665222168,1.0,0.568254666402936,3068.640625,67.03369140625,,data/instances/transfer/real_03.cip
mix_16_0,41,2218,2218,A,,60.0,100,0.0506875142455101,0.7621914148330688,3.479227066040039,0.12283333333333335,,,,,,,,,,,,,,,,,,,,,15,,224,224,0,1741414700,0,346,0,16,0,0.07092632353305817,1.0,-13.80215835571289,5.202330112457275,1.0,0.6172758657485247,3068.640625,67.03369140625,,data/instances/transfer/real_03.cip
mix_16_0,41,2219,2219,A,,60.0,100,0.04753047227859497,0.648056149482727,0.5908793210983276,0.12283333333333335,,,,,,,,,,,,,,,,,,,,,15,,224,224,0,1741414700,0,346,0,16,0,0.07999593019485474,1.0,-13.744247436523438,3.947375535964966,1.0,0.6271785348653793,3068.640625,67.03369140625,,data/instances/transfer/real_03.cip
mix_16_0,41,2220,2220,A,,60.0,100,0.05127861350774765,1.5373713970184326,1.164283275604248,0.12283333333333335,,,,,,,,,,,,,,,,,,,,,12,,224,224,0,1741414700,0,346,0,16,0,0.03416493907570839,1.0,-11.126978874206543,4.646500110626221,1.0,0.6008726730942726,3068.640625,67.03369140625,,data/instances/transfer/real_03.cip
mix_16_0,41,2221,2221,A,,60.0,100,0.16787317395210266,1.4068851470947266,6.6249260902404785,0.12124999999999997,,,,,,,,,,,,,,,,,,,,,13,,224,224,0,1737767996,0,347,0,16,0,0.11058138310909271,1.0,-11.228188514709473,4.5487871170043945,1.0,0.4472182523459196,3068.640625,67.03369140625,,data/instances/transfer/real_03.cip
mix_16_0,41,2222,2222,A,,60.0,100,0.11930529773235321,1.0260931253433228,7.128141403198242,0.12124999999999997,,,,,,,,,,,,,,,,,,,,,14,,224,224,0,1737767996,0,347,0,16,0,0.09785876423120499,1.0,-14.872106552124023,4.590297698974609,1.0,0.5047270972281694,3068.640625,67.03369140625,,data/instances/transfer/real_03.cip
mix_16_0,41,2223,2223,A,,60.0,100,0.03655049204826355,0.2761787176132202,3.1488840579986572,0.12124999999999997,,,,,,,,,,,,,,,,,,,,,16,,224,224,0,1737767996,0,347,0,16,0,0.35592302680015564,1.0,-14.392860412597656,4.813838958740234,1.0,0.5338085386902094,3068.640625,67.03369140625,,data/instances/transfer/real_03.cip
mix_16_0,41,2224,2224,A,,60.0,100,0.1462913155555725,0.8045481443405151,9.42849063873291,0.12124999999999997,,,,,,,,,,,,,,,,,,,,,15,,224,224,0,1737767996,0,347,0,16,0,0.15293562412261963,1.0,-13.800241470336914,4.6243205070495605,1.0,0.6425708085298538,3068.640625,67.03369140625,,data/instances/transfer/real_03.cip
mix_16_0,41,2225,2225,A,,60.0,100,0.10842778533697128,0.8968772292137146,6.339895725250244,0.1196666666666667,,,,,,,,,,,,,,,,,,,,,14,,224,224,0,1733916992,0,348,0,16,0,0.10405807197093964,1.0,-15.589334487915039,5.178353786468506,1.0,0.5798782091587782,3068.640625,67.03369140625,,data/instances/transfer/real_03.cip
mix_16_0,41,2226,2226,A,,60.0,100,0.27165845036506653,1.1773614883422852,17.480884552001953,0.1196666666666667,,,,,,,,,,,,,,,,,,,,,14,,224,224,0,1733916992,0,348,0,16,0,0.20964720845222473,1.0,-15.116044998168945,4.9262824058532715,1.0,0.6672772597521544,3068.640625,67.03369140625,,data/instances/transfer/real_03.cip
mix_16_0,41,2227,2227,A,,60.0,100,0.02209523506462574,1.7072021961212158,0.8594387173652649,0.1196666666666667,,,,,,,,,,,,,,,,,,,,,12,,224,224,0,1733916992,0,348,0,16,0,0.010688918642699718,1.0,-11.63644790649414,4.512467384338379,1.0,0.6109792962670326,3068.640625,67.03369140625,,data/instances/transfer/real_03.cip
mix_16_0,41,2228,2228,A,,60.0,100,0.05783877521753311,0.6767071485519409,7.173519134521484,0.1196666666666667,,,,,,,,,,,,,,,,,,,,,16,,224,224,0,1733916992,0,348,0,16,0,0.10565666109323502,1.0,-15.279195785522461,4.875003337860107,1.0,0.6708553936332464,3068.640625,67.03369140625,,data/instances/transfer/real_03.cip
mix_16_0,41,2229,2229,A,,60.0,100,0.10884672403335571,0.7592378258705139,9.30207347869873,0.11808333333333332,,,,,,,,,,,,,,,,,,,,,16,,224,224,0,1729729380,0,349,0,16,0,0.13744273781776428,1.0,-13.400922775268555,4.395177364349365,1.0,0.6148700453341007,3068.640625,67.03369140625,,data/instances/transfer/real_03.cip
mix_16_0,41,2230,2230,A,,60.0,100,0.04064231365919113,0.500556230545044,4.130086421966553,0.11808333333333332,,,,,,,,,,,,,,,,,,,,,15,,224,224,0,1729729380,0,349,0,16,0,0.08886134624481201,1.0,-13.887185096740723,5.722600936889648,1.0,0.625328166410327,3068.640625,67.03369140625,,data/instances/transfer/real_03.cip
mix_16_0,41,2231,2231,A,,60.0,100,0.21712349355220795,1.0526859760284424,11.770273208618164,0.11808333333333332,,,,,,,,,,,,,,,,,,,,,15,,224,224,0,1729729380,0,349,0,16,0,0.09773201495409012,1.0,-12.275430679321289,4.459589004516602,1.0,0.6445170603692532,3068.640625,67.03369140625,,data/instances/transfer/real_03.cip
mix_16_0,41,2232,2232,A,,60.0,100,0.04015529528260231,0.8718562722206116,4.6400065422058105,0.11808333333333332,,,,,,,,,,,,,,,,,,,,,15,,224,224,0,1729729380,0,349,0,16,0,0.028285065665841103,1.0,-15.430264472961426,4.535027980804443,1.0,0.6506707314401865,3068.640625,67.03369140625,,data/instances/transfer/real_03.cip
mix_16_0,41,2233,2233,A,,60.0,100,0.16906139254570007,0.727175235748291,17.090003967285156,0.11650000000000005,,,,,,,,,,,,,,,,,,,,,16,,224,224,0,1725497408,0,350,0,16,0,0.16916412115097046,1.0,-11.492284774780273,3.6851789951324463,19.0,0.5258841160684824,3068.640625,67.03369140625,,data/instances/transfer/real_03.cip
mix_16_0,41,2234,2234,A,,60.0,100,0.035953741520643234,0.4612511992454529,3.2140486240386963,0.11650000000000005,,,,,,,,,,,,,,,,,,,,,16,,224,224,0,1725497408,0,350,0,16,0,0.07601458579301834,1.0,-14.240680694580078,5.163560390472412,19.0,0.3769228272140026,3068.640625,67.03369140625,,data/instances/transfer/real_03.cip
mix_16_0,41,2235,2235,A,,60.0,100,0.03232298046350479,0.6394383311271667,3.4973270893096924,0.11650000000000005,,,,,,,,,,,,,,,,,,,,,15,,224,224,0,1725497408,0,350,0,16,0,0.032233815640211105,1.0,-14.957322120666504,4.457849979400635,19.0,0.3365224339067936,3068.640625,67.03369140625,,data/instances/transfer/real_03.cip
mix_16_0,41,2236,2236,A,,60.0,100,0.2671045958995819,2.0063092708587646,8.989418029785156,0.11650000000000005,,,,,,,,,,,,,,,,,,,,,12,,224,224,0,1725497408,0,350,0,16,0,0.11690399795770645,1.0,-12.93466567993164,4.820096969604492,19.0,0.3319260198622942,3068.640625,67.03369140625,,data/instances/transfer/real_03.cip
mix_16_0,41,2237,2237,A,,60.0,100,0.16960589587688446,1.0193519592285156,10.387516021728516,0.11491666666666678,,,,,,,,,,,,,,,,,,,,,15,,224,224,0,1719740864,0,351,0,16,0,0.1394507735967636,1.0,-14.055503845214844,3.7568631172180176,1.0,0.5324864108115435,3068.640625,67.03369140625,,data/instances/transfer/real_03.cip
mix_16_0,41,2238,2238,A,,60.0,100,0.04829566553235054,0.6677900552749634,1.111459493637085,0.11491666666666678,,,,,,,,,,,,,,,,,,,,,15,,224,224,0,1719740864,0,351,0,16,0,0.07680298388004303,1.0,-14.471319198608398,4.45826530456543,1.0,0.5636223834007978,3068.640625,67.03369140625,,data/instances/transfer/real_03.cip
mix_16_0,41,2239,2239,A,,60.0,100,0.028552278876304626,1.050417184829712,2.6651132106781006,0.11491666666666678,,,,,,,,,,,,,,,,,,,,,14,,224,224,0,1719740864,0,351,0,16,0,0.02465161867439747,1.0,-10.537372589111328,4.386094570159912,1.0,0.5099071599543095,3068.640625,67.03369140625,,data/instances/transfer/real_03.cip
mix_16_0,41,2240,2240,A,,60.0,100,0.06852393597364426,0.7844730615615845,4.777015686035156,0.11491666666666678,,,,,,,,,,,,,,,,,,,,,15,,224,224,0,1719740864,0,351,0,16,0,0.05606074258685112,1.0,-12.905080795288086,4.9874958992004395,1.0,0.5213721338659525,3068.640625,67.03369140625,,data/instances/transfer/real_03.cip
mix_16_0,41,2241,2241,A,,60.0,100,0.190135195851326,1.6437331438064575,9.337724685668945,0.1133333333333334,,,,,,,,,,,,,,,,,,,,,12,,224,224,0,1713747392,0,352,0,16,0,0.10880393534898758,1.0,-10.524452209472656,4.536596775054932,1.0,0.48508779890835285,3068.640625,67.03369140625,,data/instances/transfer/real_03.cip
mix_16_0,41,2242,2242,A,,60.0,100,0.06384758651256561,0.4368475079536438,7.8875932693481445,0.1133333333333334,,,,,,,,,,,,,,,,,,,,,16,,224,224,0,1713747392,0,352,0,16,0,0.28569477796554565,1.0,-14.555574417114258,3.904987335205078,1.0,0.5580670684576035,3068.640625,67.03369140625,,data/instances/transfer/real_03.cip
mix_16_0,41,2243,2243,A,,60.0,100,0.0458451583981514,0.6874721050262451,6.654299259185791,0.1133333333333334,,,,,,,,,,,,,,,,,,,,,15,,224,224,0,1713747392,0,352,0,16,0,0.0527830608189106,1.0,-13.946624755859375,4.321150779724121,1.0,0.5326378829777241,3068.640625,67.03369140625,,data/instances/transfer/real_03.cip
mix_16_0,41,2244,2244,A,,60.0,100,0.07733144611120224,0.6002380847930908,4.961891174316406,0.1133333333333334,,,,,,,,,,,,,,,,,,,,,15,,224,224,0,1713747392,0,352,0,16,0,0.14499154686927795,1.0,-14.799915313720703,4.835464954376221,1.0,0.6059452798217535,3068.640625,67.03369140625,,data/instances/transfer/real_03.cip
mix_16_0,41,2245,2245,A,,60.0,100,0.055172376334667206,0.7641802430152893,0.7875819802284241,0.11175000000000002,,,,,,,,,,,,,,,,,,,,,15,,224,224,0,1707687032,0,353,0,16,0,0.061304960399866104,1.0,-11.163034439086914,4.384915351867676,1.0,0.5538485907018185,3068.640625,67.03369140625,,data/instances/transfer/real_03.cip
mix_16_0,41,2246,2246,A,,60.0,100,0.06374154984951019,0.6928423643112183,7.005282402038574,0.11175000000000002,,,,,,,,,,,,,,,,,,,,,15,,224,224,0,1707687032,0,353,0,16,0,0.06948113441467285,1.0,-12.31370735168457,4.808757305145264,1.0,0.6169721186161041,3068.640625,67.03369140625,,data/instances/transfer/real_03.cip
mix_16_0,41,2247,2247,A,,60.0,100,0.09501693397760391,0.6046390533447266,5.627894878387451,0.11175000000000002,,,,,,,,,,,,,,,,,,,,,15,,224,224,0,1707687032,0,353,0,16,0,0.17907045781612396,1.0,-14.226287841796875,5.354344844818115,1.0,0.6147597879171371,3068.640625,67.03369140625,,data/instances/transfer/real_03.cip
mix_16_0,41,2248,2248,A,,60.0,100,0.22075051069259644,0.9070613384246826,4.9968743324279785,0.11175000000000002,,,,,,,,,,,,,,,,,,,,,15,,224,224,0,1707687032,0,353,0,16,0,0.21712400019168854,1.0,-13.309950828552246,4.938174247741699,1.0,0.6399535536766052,3068.640625,67.03369140625,,data/instances/transfer/real_03.cip
mix_16_0,41,2249,2249,A,,60.0,100,0.1170474961400032,0.8291503190994263,8.407988548278809,0.11016666666666675,,,,,,,,,,,,,,,,,,,,,15,,224,224,0,1701643176,0,354,0,16,0,0.12208647280931473,1.0,-10.904081344604492,4.425504684448242,1.0,0.5535628963261843,3068.640625,67.03369140625,,data/instances/transfer/real_03.cip
mix_16_0,41,2250,2250,A,,60.0,100,0.04770908132195473,0.7604905962944031,5.215323448181152,0.11016666666666675,,,,,,,,,,,,,,,,,,,,,15,,224,224,0,1701643176,0,354,0,16,0,0.045989714562892914,1.0,-12.799628257751465,5.703928470611572,1.0,0.6240639965981245,3068.640625,67.03369140625,,data/instances/transfer/real_03.cip
mix_16_0,41,2251,2251,A,,60.0,100,0.11302728950977325,0.775539219379425,12.276280403137207,0.11016666666666675,,,,,,,,,,,,,,,,,,,,,15,,224,224,0,1701643176,0,354,0,16,0,0.13003088533878326,1.0,-13.866100311279297,5.303910732269287,1.0,0.6547175105661154,3068.640625,67.03369140625,,data/instances/transfer/real_03.cip
mix_16_0,41,2252,2252,A,,60.0,100,0.07853354513645172,0.7760562300682068,7.635581970214844,0.11016666666666675,,,,,,,,,,,,,,,,,,,,,15,,224,224,0,1701643176,0,354,0,16,0,0.08279740810394287,1.0,-12.466188430786133,5.201592445373535,1.0,0.6518034655600786,3068.640625,67.03369140625,,data/instances/transfer/real_03.cip
mix_16_0,41,2253,2253,A,,60.0,100,0.01958143152296543,0.335216760635376,1.8908109664916992,0.10858333333333337,,,,,,,,,,,,,,,,,,,,,16,,224,224,0,1695599408,0,355,0,16,0,0.07566045969724655,1.0,-14.243526458740234,4.293116092681885,1.0,0.5034423265606165,3068.640625,67.03369140625,,data/instances/transfer/real_03.cip
mix_16_0,41,2254,2254,A,,60.0,100,0.21328997611999512,1.3351763486862183,4.984542369842529,0.10858333333333337,,,,,,,,,,,,,,,,,,,,,12,,224,224,0,1695599408,0,355,0,16,0,0.16117770969867706,1.0,-8.883094787597656,4.195102691650391,1.0,0.45709551870822906,3068.640625,67.03369140625,,data/instances/transfer/real_03.cip
mix_16_0,41,2255,2255,A,,60.0,100,0.07098837196826935,0.6143231391906738,4.697824478149414,0.10858333333333337,,,,,,,,,,,,,,,,,,,,,15,,224,224,0,1695599408,0,355,0,16,0,0.133426234126091,1.0,-12.95403003692627,5.128747940063477,1.0,0.6267332769930363,3068.640625,67.03369140625,,data/instances/transfer/real_03.cip
mix_16_0,41,2256,2256,A,,60.0,100,0.07845713198184967,0.676419734954834,9.353479385375977,0.10858333333333337,,,,,,,,,,,,,,,,,,,,,16,,224,224,0,1695599408,0,355,0,16,0,0.12013386934995651,1.0,-14.693964958190918,5.296167850494385,1.0,0.6579442229121923,3068.640625,67.03369140625,,data/instances/transfer/real_03.cip
mix_16_0,41,2257,2257,A,,60.0,100,0.025628067553043365,0.5183813571929932,3.335413932800293,0.1070000000000001,,,,,,,,,,,,,,,,,,,,,16,,224,224,0,1689512676,0,356,0,16,0,0.05663113668560982,1.0,-13.634541511535645,4.74892520904541,1.0,0.5719673596322536,3068.640625,67.03369140625,,data/instances/transfer/real_03.cip
mix_16_0,41,2258,2258,A,,60.0,100,0.02554444782435894,0.4924757182598114,1.0813673734664917,0.1070000000000001,,,,,,,,,,,,,,,,,,,,,16,,224,224,0,1689512676,0,356,0,16,0,0.04620470479130745,1.0,-14.072908401489258,4.961953639984131,1.0,0.6390570867806673,3068.640625,67.03369140625,,data/instances/transfer/real_03.cip
mix_16_0,41,2259,2259,A,,60.0,100,0.07440532743930817,0.7385603785514832,5.240225791931152,0.1070000000000001,,,,,,,,,,,,,,,,,,,,,15,,224,224,0,1689512676,0,356,0,16,0,0.07964708656072617,1.0,-13.422172546386719,4.426794528961182,1.0,0.6274702288210392,3068.640625,67.03369140625,,data/instances/transfer/real_03.cip
mix_16_0,41,2260,2260,A,,60.0,100,0.08054034411907196,0.7104174494743347,8.470653533935547,0.1070000000000001,,,,,,,,,,,,,,,,,,,,,15,,224,224,0,1689512676,0,356,0,16,0,0.09166604280471802,1.0,-14.027496337890625,4.810543060302734,1.0,0.6423497144132853,3068.640625,67.03369140625,,data/instances/transfer/real_03.cip
episode,41,2260,2260,A,,60.0,100,0.08054034411907196,0.7104174494743347,8.470653533935547,0.10541666666666671,-12.0128,-12.0,-0.012800000000000002,-12.0128,True,13,62.562145,,,,,,,,inf,1e+20,120.0,inf,0.0,22827,15,True,224,224,0,1677294576,0,358,0,16,0,,,,,7.75,,3068.640625,67.03369140625,timelimit,data/instances/transfer/real_03.cip
validation,42,2260,2260,A,,,,,,,,,,,,,,,1.0,9.978754,inf,0.0,9.978754,1.0,8436.0,,,,,,,,,224,224,0,1677294576,0,358,0,,,,,,,,,,,optimal,data/instances/validation/real_08.cip
mix_16_0,42,2261,2261,A,,60.0,100,0.026103509590029716,0.34210070967674255,3.365217447280884,0.10541666666666671,,,,,,,,,,,,,,,,,,,,,16,,224,224,0,1677294576,0,358,0,16,0,0.07343537360429764,1.0,-13.448781967163086,4.268040657043457,1.0,0.5613258127123117,3072.8125,67.03369140625,,data/instances/transfer/real_05.cip
mix_16_0,42,2262,2262,A,,60.0,100,0.061966221779584885,0.6358164548873901,0.950177788734436,0.10541666666666671,,,,,,,,,,,,,,,,,,,,,15,,224,224,0,1677294576,0,358,0,16,0,0.10163509100675583,1.0,-12.904216766357422,4.600898265838623,1.0,0.629383435472846,3072.8125,67.03369140625,,data/instances/transfer/real_05.cip
mix_16_0,42,2263,2263,A,,60.0,100,0.0848015695810318,0.6200051307678223,9.50202751159668,0.10541666666666671,,,,,,,,,,,,,,,,,,,,,15,,224,224,0,1677294576,0,358,0,16,0,0.11192882806062698,1.0,-13.935426712036133,5.534307956695557,1.0,0.6118401046842337,3072.8125,67.03369140625,,data/instances/transfer/real_05.cip
mix_16_0,42,2264,2264,A,,60.0,100,0.08338268101215363,1.125943660736084,3.0946123600006104,0.10541666666666671,,,,,,,,,,,,,,,,,,,,,13,,224,224,0,1677294576,0,358,0,16,0,0.07171732187271118,1.0,-10.444774627685547,4.338008880615234,1.0,0.624525984749198,3072.8125,67.03369140625,,data/instances/transfer/real_05.cip
mix_16_0,42,2265,2265,A,,60.0,100,0.11443929374217987,0.9141275882720947,5.654342174530029,0.10383333333333333,,,,,,,,,,,,,,,,,,,,,14,,224,224,0,1677294576,0,358,0,16,0,0.1266375631093979,1.0,-12.138212203979492,5.530793190002441,13.0,0.44378904439508915,3072.8125,67.03369140625,,data/instances/transfer/real_05.cip
mix_16_0,42,2266,2266,A,,60.0,100,0.07476277649402618,0.7752100825309753,3.484262466430664,0.10383333333333333,,,,,,,,,,,,,,,,,,,,,15,,224,224,0,1677294576,0,358,0,16,0,0.10335032641887665,1.0,-12.799254417419434,4.815968036651611,13.0,0.5880186557769775,3072.8125,67.03369140625,,data/instances/transfer/real_05.cip
mix_16_0,42,2267,2267,A,,60.0,100,0.05934726446866989,1.101698398590088,0.9381129145622253,0.10383333333333333,,,,,,,,,,,,,,,,,,,,,14,,224,224,0,1677294576,0,358,0,16,0,0.03818662464618683,1.0,-11.89402961730957,4.083965301513672,13.0,0.5894871782511473,3072.8125,67.03369140625,,data/instances/transfer/real_05.cip
mix_16_0,42,2268,2268,A,,60.0,100,0.13001297414302826,0.7034703493118286,13.969037055969238,0.10383333333333333,,,,,,,,,,,,,,,,,,,,,16,,224,224,0,1677294576,0,358,0,16,0,0.1603807806968689,1.0,-13.980069160461426,3.727165460586548,13.0,0.6438146382570267,3072.8125,67.03369140625,,data/instances/transfer/real_05.cip
mix_16_0,42,2269,2269,A,,60.0,100,0.08773423731327057,0.7921593189239502,8.11489200592041,0.10225000000000006,,,,,,,,,,,,,,,,,,,,,15,,224,224,0,1675597804,0,359,0,16,0,0.1010846421122551,1.0,-11.462268829345703,3.169156074523926,1.0,0.5544565618038177,3072.8125,67.03369140625,,data/instances/transfer/real_05.cip
mix_16_0,42,2270,2270,A,,60.0,100,0.012383952736854553,0.3110142648220062,1.3466460704803467,0.10225000000000006,,,,,,,,,,,,,,,,,,,,,16,,224,224,0,1675597804,0,359,0,16,0,0.11884153634309769,1.0,-11.895628929138184,2.3511295318603516,1.0,0.6183073613792658,3072.8125,67.03369140625,,data/instances/transfer/real_05.cip
mix_16_0,42,2271,2271,A,,60.0,100,0.09501700103282928,0.7868001461029053,5.77105712890625,0.10225000000000006,,,,,,,,,,,,,,,,,,,,,15,,224,224,0,1675597804,0,359,0,16,0,0.11725492030382156,1.0,-12.228666305541992,5.33554744720459,1.0,0.6099505946040154,3072.8125,67.03369140625,,data/instances/transfer/real_05.cip
mix_16_0,42,2272,2272,A,,60.0,100,0.24482299387454987,1.7005863189697266,11.945466041564941,0.10225000000000006,,,,,,,,,,,,,,,,,,,,,13,,224,224,0,1675597804,0,359,0,16,0,0.11458861082792282,1.0,-9.818679809570312,4.8507843017578125,1.0,0.6029561888426542,3072.8125,67.03369140625,,data/instances/transfer/real_05.cip
mix_16_0,42,2273,2273,A,,60.0,100,0.0860026478767395,1.0487735271453857,6.709278583526611,0.10066666666666668,,,,,,,,,,,,,,,,,,,,,15,,224,224,0,1673784444,0,360,0,16,0,0.057867638766765594,1.0,-13.371204376220703,5.3295512199401855,1.0,0.5921171829104424,3072.8125,67.03369140625,,data/instances/transfer/real_05.cip
mix_16_0,42,2274,2274,A,,60.0,100,0.09709882736206055,0.742102861404419,6.370052814483643,0.10066666666666668,,,,,,,,,,,,,,,,,,,,,15,,224,224,0,1673784444,0,360,0,16,0,0.14781594276428223,1.0,-11.957632064819336,4.164304733276367,1.0,0.6290655415505171,3072.8125,67.03369140625,,data/instances/transfer/real_05.cip
mix_16_0,42,2275,2275,A,,60.0,100,0.10055577754974365,0.5767974853515625,7.107950687408447,0.10066666666666668,,,,,,,,,,,,,,,,,,,,,16,,224,224,0,1673784444,0,360,0,16,0,0.22495147585868835,1.0,-12.15804672241211,4.499088287353516,1.0,0.6511019915342331,3072.8125,67.03369140625,,data/instances/transfer/real_05.cip
mix_16_0,42,2276,2276,A,,60.0,100,0.18333467841148376,0.9424468278884888,19.67449188232422,0.10066666666666668,,,,,,,,,,,,,,,,,,,,,15,,224,224,0,1673784444,0,360,0,16,0,0.12020480632781982,1.0,-16.567005157470703,3.6561732292175293,1.0,0.6456661634147167,3072.8125,67.03369140625,,data/instances/transfer/real_05.cip
mix_16_0,42,2277,2277,A,,60.0,100,0.08641162514686584,0.8243976831436157,10.040254592895508,0.0990833333333333,,,,,,,,,,,,,,,,,,,,,15,,224,224,0,1671980840,0,361,0,16,0,0.07442685216665268,1.0,-13.339723587036133,5.055419445037842,1.0,0.5242970194667578,3072.8125,67.03369140625,,data/instances/transfer/real_05.cip
mix_16_0,42,2278,2278,A,,60.0,100,0.09240235388278961,0.6390992403030396,9.560896873474121,0.0990833333333333,,,,,,,,,,,,,,,,,,,,,15,,224,224,0,1671980840,0,361,0,16,0,0.18292073905467987,1.0,-13.376214981079102,4.461551189422607,1.0,0.6024544835090637,3072.8125,67.03369140625,,data/instances/transfer/real_05.cip
mix_16_0,42,2279,2279,A,,60.0,100,0.03773904964327812,0.8696408271789551,3.7271296977996826,0.0990833333333333,,,,,,,,,,,,,,,,,,,,,15,,224,224,0,1671980840,0,361,0,16,0,0.041520025581121445,1.0,-14.46527099609375,5.268522262573242,1.0,0.6128929778933525,3072.8125,67.03369140625,,data/instances/transfer/real_05.cip
mix_16_0,42,2280,2280,A,,60.0,100,0.12336936593055725,0.8556222915649414,14.148767471313477,0.0990833333333333,,,,,,,,,,,,,,,,,,,,,16,,224,224,0,1671980840,0,361,0,16,0,0.1297902911901474,1.0,-13.886817932128906,4.619143486022949,1.0,0.6315726134926081,3072.8125,67.03369140625,,data/instances/transfer/real_05.cip
mix_16_0,42,2281,2281,A,,60.0,100,0.14563493430614471,1.1288602352142334,11.682342529296875,0.09750000000000003,,,,,,,,,,,,,,,,,,,,,15,,224,224,0,1675221848,0,362,0,16,0,0.08481137454509735,1.0,-12.282057762145996,5.316544532775879,1.0,0.5514016263186932,3072.8125,67.03369140625,,data/instances/transfer/real_05.cip
mix_16_0,42,2282,2282,A,,60.0,100,0.1122623011469841,0.8660753965377808,12.858733177185059,0.09750000000000003,,,,,,,,,,,,,,,,,,,,,16,,224,224,0,1675221848,0,362,0,16,0,0.10639405995607376,1.0,-15.499347686767578,4.363523960113525,1.0,0.6139537617564201,3072.8125,67.03369140625,,data/instances/transfer/real_05.cip
mix_16_0,42,2283,2283,A,,60.0,100,0.07175076752901077,0.5318603515625,5.376729965209961,0.09750000000000003,,,,,,,,,,,,,,,,,,,,,16,,224,224,0,1675221848,0,362,0,16,0,0.2266610860824585,1.0,-13.690942764282227,4.7622151374816895,1.0,0.6141966357827187,3072.8125,67.03369140625,,data/instances/transfer/real_05.cip
mix_16_0,42,2284,2284,A,,60.0,100,0.14440158009529114,0.46260201930999756,6.836118698120117,0.09750000000000003,,,,,,,,,,,,,,,,,,,,,16,,224,224,0,1675221848,0,362,0,16,0,0.289726585149765,1.0,-13.939802169799805,3.7776551246643066,1.0,0.6384447775781155,3072.8125,67.03369140625,,data/instances/transfer/real_05.cip
mix_16_0,42,2285,2285,A,,60.0,100,0.15654709935188293,0.7034904956817627,18.233989715576172,0.09591666666666676,,,,,,,,,,,,,,,,,,,,,16,,224,224,0,1678463548,0,363,0,16,0,0.23846310377120972,1.0,-15.391149520874023,4.447705268859863,1.0,0.5502015352249146,3072.8125,67.03369140625,,data/instances/transfer/real_05.cip
mix_16_0,42,2286,2286,A,,60.0,100,0.0709509328007698,0.6745339632034302,9.930685043334961,0.09591666666666676,,,,,,,,,,,,,,,,,,,,,16,,224,224,0,1678463548,0,363,0,16,0,0.14709334075450897,1.0,-14.264780044555664,4.264249324798584,1.0,0.6217722576111555,3072.8125,67.03369140625,,data/instances/transfer/real_05.cip
mix_16_0,42,2287,2287,A,,60.0,100,0.04130079224705696,0.6634538173675537,6.639915943145752,0.09591666666666676,,,,,,,,,,,,,,,,,,,,,16,,224,224,0,1678463548,0,363,0,16,0,0.04976872727274895,1.0,-13.275808334350586,4.355969429016113,1.0,0.6078360807150602,3072.8125,67.03369140625,,data/instances/transfer/real_05.cip
mix_16_0,42,2288,2288,A,,60.0,100,0.02162291295826435,0.29830577969551086,0.6715152859687805,0.09591666666666676,,,,,,,,,,,,,,,,,,,,,16,,224,224,0,1678463548,0,363,0,16,0,0.16350708901882172,1.0,-14.151273727416992,4.3969831466674805,1.0,0.6304398160427809,3072.8125,67.03369140625,,data/instances/transfer/real_05.cip
mix_16_0,42,2289,2289,A,,60.0,100,0.10484683513641357,0.7323670387268066,11.401813507080078,0.09433333333333338,,,,,,,,,,,,,,,,,,,,,16,,224,224,0,1681381884,0,364,0,16,0,0.11350563913583755,1.0,-13.758710861206055,4.968935012817383,82.0,0.5165047738701105,3072.8125,67.03369140625,,data/instances/transfer/real_05.cip
mix_16_0,42,2290,2290,A,,60.0,100,0.0618562288582325,0.6079167127609253,4.698350429534912,0.09433333333333338,,,,,,,,,,,,,,,,,,,,,16,,224,224,0,1681381884,0,364,0,16,0,0.1468474119901657,1.0,-11.92831039428711,3.7848451137542725,82.0,0.5781892873346806,3072.8125,67.03369140625,,data/instances/transfer/real_05.cip
mix_16_0,42,2291,2291,A,,60.0,100,0.028556708246469498,0.42366984486579895,3.435575246810913,0.09433333333333338,,,,,,,,,,,,,,,,,,,,,16,,224,224,0,1681381884,0,364,0,16,0,0.14243429899215698,1.0,-11.874122619628906,4.438493251800537,82.0,0.536396611481905,3072.8125,67.03369140625,,data/instances/transfer/real_05.cip
mix_16_0,42,2292,2292,A,,60.0,100,0.04691414535045624,0.37850356101989746,4.245509147644043,0.09433333333333338,,,,,,,,,,,,,,,,,,,,,16,,224,224,0,1681381884,0,364,0,16,0,0.34146425127983093,1.0,-13.7476224899292,3.7972302436828613,82.0,0.5306298639625311,3072.8125,67.03369140625,,data/instances/transfer/real_05.cip
mix_16_0,42,2293,2293,A,,60.0,100,0.028081821277737617,0.46291324496269226,2.4692676067352295,0.09275000000000011,,,,,,,,,,,,,,,,,,,,,16,,224,224,0,1683238472,0,365,0,16,0,0.06899962574243546,1.0,-13.414905548095703,4.421920299530029,1.0,0.5629074908792973,3072.8125,67.03369140625,,data/instances/transfer/real_05.cip
mix_16_0,42,2294,2294,A,,60.0,100,0.05026663839817047,0.5161242485046387,5.73769474029541,0.09275000000000011,,,,,,,,,,,,,,,,,,,,,16,,224,224,0,1683238472,0,365,0,16,0,0.17845392227172852,1.0,-14.423884391784668,4.215756416320801,1.0,0.43189979158341885,3072.8125,67.03369140625,,data/instances/transfer/real_05.cip
mix_16_0,42,2295,2295,A,,60.0,100,0.032249756157398224,0.5173949003219604,4.760919094085693,0.09275000000000011,,,,,,,,,,,,,,,,,,,,,16,,224,224,0,1683238472,0,365,0,16,0,0.06643576920032501,1.0,-13.999656677246094,5.165988445281982,1.0,0.4064956847578287,3072.8125,67.03369140625,,data/instances/transfer/real_05.cip
mix_16_0,42,2296,2296,A,,60.0,100,0.08863899111747742,0.38988834619522095,9.59997272491455,0.09275000000000011,,,,,,,,,,,,,,,,,,,,,16,,224,224,0,1683238472,0,365,0,16,0,0.35077154636383057,1.0,-13.594629287719727,4.846673011779785,1.0,0.4129904620349407,3072.8125,67.03369140625,,data/instances/transfer/real_05.cip
mix_16_0,42,2297,2297,A,,60.0,100,0.048181481659412384,0.3100496232509613,3.978278398513794,0.09116666666666673,,,,,,,,,,,,,,,,,,,,,16,,224,224,0,1684880372,0,366,0,16,0,0.3990684151649475,1.0,-14.319181442260742,4.274898052215576,1.0,0.5673273466527462,3072.8125,67.03369140625,,data/instances/transfer/real_05.cip
mix_16_0,42,2298,2298,A,,60.0,100,0.08419151604175568,0.5744247436523438,8.60766887664795,0.09116666666666673,,,,,,,,,,,,,,,,,,,,,16,,224,224,0,1684880372,0,366,0,16,0,0.06424745172262192,1.0,-12.8532075881958,3.4232394695281982,1.0,0.6316248942166567,3072.8125,67.03369140625,,data/instances/transfer/real_05.cip
mix_16_0,42,2299,2299,A,,60.0,100,0.04580157622694969,0.6462110877037048,7.117745399475098,0.09116666666666673,,,,,,,,,,,,,,,,,,,,,16,,224,224,0,1684880372,0,366,0,16,0,0.06542443484067917,1.0,-13.386457443237305,4.276896953582764,1.0,0.6430607121437788,3072.8125,67.03369140625,,data/instances/transfer/real_05.cip
mix_16_0,42,2300,2300,A,,60.0,100,0.05321585386991501,0.5988288521766663,5.055002689361572,0.09116666666666673,,,,,,,,,,,,,,,,,,,,,16,,224,224,0,1684880372,0,366,0,16,0,0.07514800876379013,1.0,-13.300464630126953,5.593670845031738,1.0,0.5762419383972883,3072.8125,67.03369140625,,data/instances/transfer/real_05.cip
mix_16_0,42,2301,2301,A,,60.0,100,0.030664347112178802,0.5086716413497925,1.7244316339492798,0.08958333333333335,,,,,,,,,,,,,,,,,,,,,16,,224,224,0,1686148540,0,367,0,16,0,0.06192649155855179,1.0,-14.188426971435547,4.622758865356445,1.0,0.48246827349066734,3072.8125,67.03369140625,,data/instances/transfer/real_05.cip
mix_16_0,42,2302,2302,A,,60.0,100,0.027760814875364304,0.4853305518627167,3.76818585395813,0.08958333333333335,,,,,,,,,,,,,,,,,,,,,16,,224,224,0,1686148540,0,367,0,16,0,0.09552288800477982,1.0,-13.962696075439453,4.18594217300415,1.0,0.46789680421352386,3072.8125,67.03369140625,,data/instances/transfer/real_05.cip
mix_16_0,42,2303,2303,A,,60.0,100,0.06383112818002701,0.579613447189331,6.992753982543945,0.08958333333333335,,,,,,,,,,,,,,,,,,,,,16,,224,224,0,1686148540,0,367,0,16,0,0.16019149124622345,1.0,-15.199089050292969,3.8264081478118896,1.0,0.3251289948821068,3072.8125,67.03369140625,,data/instances/transfer/real_05.cip
mix_16_0,42,2304,2304,A,,60.0,100,0.07258205115795135,0.5048249959945679,7.1264848709106445,0.08958333333333335,,,,,,,,,,,,,,,,,,,,,16,,224,224,0,1686148540,0,367,0,16,0,0.17709490656852722,1.0,-13.832127571105957,3.894727945327759,1.0,0.34934366680681705,3072.8125,67.03369140625,,data/instances/transfer/real_05.cip
mix_16_0,42,2305,2305,A,,60.0,100,0.03821997344493866,0.4668053090572357,0.8677756786346436,0.08800000000000008,,,,,,,,,,,,,,,,,,,,,16,,224,224,0,1687415204,0,368,0,16,0,0.14903755486011505,1.0,-15.649225234985352,4.126486778259277,1.0,0.3328061066567898,3072.8125,67.03369140625,,data/instances/transfer/real_05.cip
mix_16_0,42,2306,2306,A,,60.0,100,0.015990855172276497,0.42009004950523376,0.8809085488319397,0.08800000000000008,,,,,,,,,,,,,,,,,,,,,16,,224,224,0,1687415204,0,368,0,16,0,0.05169941857457161,1.0,-13.447988510131836,4.033915042877197,1.0,0.3114260621368885,3072.8125,67.03369140625,,data/instances/transfer/real_05.cip
mix_16_0,42,2307,2307,A,,60.0,100,0.018590619787573814,0.47459304332733154,1.8338322639465332,0.08800000000000008,,,,,,,,,,,,,,,,,,,,,16,,224,224,0,1687415204,0,368,0,16,0,0.05852474644780159,1.0,-13.873738288879395,4.004251003265381,1.0,0.33302892558276653,3072.8125,67.03369140625,,data/instances/transfer/real_05.cip
mix_16_0,42,2308,2308,A,,60.0,100,0.029714319854974747,0.42549970746040344,3.040550470352173,0.08800000000000008,,,,,,,,,,,,,,,,,,,,,16,,224,224,0,1687415204,0,368,0,16,0,0.120264932513237,1.0,-12.113232612609863,3.7257089614868164,1.0,0.4119827579706907,3072.8125,67.03369140625,,data/instances/transfer/real_05.cip
episode,42,2308,2308,A,,60.0,100,0.029714319854974747,0.42549970746040344,3.040550470352173,0.0864166666666667,-12.016399999999997,-12.0,-0.016400000000000005,-12.016399999999997,True,13,61.128909,,,,,,,,inf,1e+20,120.0,inf,0.0,14053,16,True,224,224,0,1689911620,0,370,0,16,0,,,,,8.75,,3072.8125,67.03369140625,timelimit,data/instances/transfer/real_05.cip
mix_16_0,43,2309,2309,A,,60.0,100,0.04852485656738281,0.4092181622982025,7.865029811859131,0.0864166666666667,,,,,,,,,,,,,,,,,,,,,16,,224,224,0,1689911620,0,370,0,16,0,0.22818484902381897,1.0,-14.679738998413086,4.605136871337891,204.0,0.5803610384464264,3072.8125,67.03369140625,,data/instances/train/real_06.cip
mix_16_0,43,2310,2310,A,,60.0,100,0.017619401216506958,0.32561877369880676,1.5084800720214844,0.0864166666666667,,,,,,,,,,,,,,,,,,,,,16,,224,224,0,1689911620,0,370,0,16,0,0.12265144288539886,1.0,-12.194451332092285,4.23293399810791,204.0,0.616000285372138,3072.8125,67.03369140625,,data/instances/train/real_06.cip
mix_16_0,43,2311,2311,A,,60.0,100,0.05365653708577156,0.3873295187950134,5.526829719543457,0.0864166666666667,,,,,,,,,,,,,,,,,,,,,16,,224,224,0,1689911620,0,370,0,16,0,0.21950621902942657,1.0,-13.430462837219238,5.057673454284668,204.0,0.6470428202301264,3072.8125,67.03369140625,,data/instances/train/real_06.cip
mix_16_0,43,2312,2312,A,,60.0,100,0.07788853347301483,0.5410875082015991,9.491854667663574,0.0864166666666667,,,,,,,,,,,,,,,,,,,,,16,,224,224,0,1689911620,0,370,0,16,0,0.170167937874794,1.0,-16.014034271240234,4.820571422576904,204.0,0.6383520942181349,3072.8125,67.03369140625,,data/instances/train/real_06.cip
mix_16_0,43,2313,2313,A,,60.0,100,0.04630480706691742,0.4711487889289856,2.823693037033081,0.08483333333333332,,,,,,,,,,,,,,,,,,,,,16,,224,224,0,1689911620,0,370,0,16,0,0.15786859393119812,1.0,-12.881053924560547,4.339453220367432,1.0,0.5714614056050777,3072.8125,67.03369140625,,data/instances/train/real_06.cip
mix_16_0,43,2314,2314,A,,60.0,100,0.04902582988142967,0.3197876811027527,1.7363640069961548,0.08483333333333332,,,,,,,,,,,,,,,,,,,,,16,,224,224,0,1689911620,0,370,0,16,0,0.43629634380340576,1.0,-13.685175895690918,4.593523025512695,1.0,0.6731716245412827,3072.8125,67.03369140625,,data/instances/train/real_06.cip
mix_16_0,43,2315,2315,A,,60.0,100,0.03766828775405884,0.47621503472328186,4.821056842803955,0.08483333333333332,,,,,,,,,,,,,,,,,,,,,16,,224,224,0,1689911620,0,370,0,16,0,0.0733565241098404,1.0,-13.450424194335938,3.8490517139434814,1.0,0.6541442386806011,3072.8125,67.03369140625,,data/instances/train/real_06.cip
mix_16_0,43,2316,2316,A,,60.0,100,0.10346022248268127,0.5435452461242676,11.165851593017578,0.08483333333333332,,,,,,,,,,,,,,,,,,,,,16,,224,224,0,1689911620,0,370,0,16,0,0.2588040828704834,1.0,-12.058797836303711,3.475346803665161,1.0,0.6297629959881306,3072.8125,67.03369140625,,data/instances/train/real_06.cip
mix_16_0,43,2317,2317,A,,60.0,100,0.10807278752326965,0.575920045375824,14.069584846496582,0.08325000000000005,,,,,,,,,,,,,,,,,,,,,16,,224,224,0,1689213652,0,371,0,16,0,0.32629793882369995,1.0,-13.950570106506348,3.916877031326294,1.0,0.5419490020722151,3072.8125,67.03369140625,,data/instances/train/real_06.cip
mix_16_0,43,2318,2318,A,,60.0,100,0.07527818530797958,0.5053461790084839,8.409503936767578,0.08325000000000005,,,,,,,,,,,,,,,,,,,,,16,,224,224,0,1689213652,0,371,0,16,0,0.22066420316696167,1.0,-13.036619186401367,4.560026168823242,1.0,0.5970736369490623,3072.8125,67.03369140625,,data/instances/train/real_06.cip
mix_16_0,43,2319,2319,A,,60.0,100,0.06654273718595505,0.5251692533493042,8.301936149597168,0.08325000000000005,,,,,,,,,,,,,,,,,,,,,16,,224,224,0,1689213652,0,371,0,16,0,0.10456085950136185,1.0,-14.782554626464844,5.198678016662598,1.0,0.6360522955656052,3072.8125,67.03369140625,,data/instances/train/real_06.cip
mix_16_0,43,2320,2320,A,,60.0,100,0.014318113215267658,0.42761585116386414,3.064225673675537,0.08325000000000005,,,,,,,,,,,,,,,,,,,,,16,,224,224,0,1689213652,0,371,0,16,0,0.02833554893732071,1.0,-14.150052070617676,4.190229892730713,1.0,0.6507506184279919,3072.8125,67.03369140625,,data/instances/train/real_06.cip
mix_16_0,43,2321,2321,A,,60.0,100,0.034400761127471924,0.3437190651893616,3.99918794631958,0.08166666666666667,,,,,,,,,,,,,,,,,,,,,16,,224,224,0,1688108392,0,372,0,16,0,0.19155198335647583,1.0,-14.747758865356445,4.041271686553955,1.0,0.5438133310526609,3072.8125,67.03369140625,,data/instances/train/real_06.cip
mix_16_0,43,2322,2322,A,,60.0,100,0.02641412988305092,0.37699025869369507,0.814791738986969,0.08166666666666667,,,,,,,,,,,,,,,,,,,,,16,,224,224,0,1688108392,0,372,0,16,0,0.1282152533531189,1.0,-14.571807861328125,4.91657829284668,1.0,0.6419308818876743,3072.8125,67.03369140625,,data/instances/train/real_06.cip
mix_16_0,43,2323,2323,A,,60.0,100,0.05100750923156738,0.6375434398651123,7.357632160186768,0.08166666666666667,,,,,,,,,,,,,,,,,,,,,16,,224,224,0,1688108392,0,372,0,16,0,0.055125314742326736,1.0,-12.982807159423828,3.2408530712127686,1.0,0.6396061088889837,3072.8125,67.03369140625,,data/instances/train/real_06.cip
mix_16_0,43,2324,2324,A,,60.0,100,0.02143840678036213,0.5341593027114868,2.4031355381011963,0.08166666666666667,,,,,,,,,,,,,,,,,,,,,16,,224,224,0,1688108392,0,372,0,16,0,0.05839454382658005,1.0,-12.317964553833008,3.9708657264709473,1.0,0.6478235982358456,3072.8125,67.03369140625,,data/instances/train/real_06.cip
mix_16_0,43,2325,2325,A,,60.0,100,0.0805247575044632,0.7374406456947327,4.142390727996826,0.08008333333333328,,,,,,,,,,,,,,,,,,,,,16,,224,224,0,1687003888,0,373,0,16,0,0.14118848741054535,1.0,-12.242105484008789,3.852390766143799,87.0,0.559679115191102,3072.8125,67.03369140625,,data/instances/train/real_06.cip
mix_16_0,43,2326,2326,A,,60.0,100,0.03305622562766075,0.45628178119659424,2.8440160751342773,0.08008333333333328,,,,,,,,,,,,,,,,,,,,,16,,224,224,0,1687003888,0,373,0,16,0,0.10865160077810287,1.0,-12.77908992767334,3.9400086402893066,87.0,0.6110981833189726,3072.8125,67.03369140625,,data/instances/train/real_06.cip
mix_16_0,43,2327,2327,A,,60.0,100,0.02229870669543743,0.32542145252227783,1.0591830015182495,0.08008333333333328,,,,,,,,,,,,,,,,,,,,,16,,224,224,0,1687003888,0,373,0,16,0,0.09171320497989655,1.0,-12.508710861206055,3.217919111251831,87.0,0.6469637025147676,3072.8125,67.03369140625,,data/instances/train/real_06.cip
mix_16_0,43,2328,2328,A,,60.0,100,0.13887491822242737,0.7710105776786804,4.55687141418457,0.08008333333333328,,,,,,,,,,,,,,,,,,,,,16,,224,224,0,1687003888,0,373,0,16,0,0.29465505480766296,1.0,-13.554210662841797,4.364272117614746,87.0,0.6685384027659893,3072.8125,67.03369140625,,data/instances/train/real_06.cip
mix_16_0,43,2329,2329,A,,60.0,100,0.10383595526218414,0.4930148124694824,13.001679420471191,0.07850000000000001,,,,,,,,,,,,,,,,,,,,,16,,224,224,0,1685901480,0,374,0,16,0,0.316659152507782,1.0,-14.180438995361328,3.745347023010254,1.0,0.47187200374901295,3072.8125,67.03369140625,,data/instances/train/real_06.cip
mix_16_0,43,2330,2330,A,,60.0,100,0.035223864018917084,0.4199732542037964,1.8895163536071777,0.07850000000000001,,,,,,,,,,,,,,,,,,,,,16,,224,224,0,1685901480,0,374,0,16,0,0.15602314472198486,1.0,-12.435999870300293,4.776165008544922,1.0,0.3529955632984638,3072.8125,67.03369140625,,data/instances/train/real_06.cip
mix_16_0,43,2331,2331,A,,60.0,100,0.035327114164829254,0.4016403555870056,6.517129421234131,0.07850000000000001,,,,,,,,,,,,,,,,,,,,,16,,224,224,0,1685901480,0,374,0,16,0,0.11772163212299347,1.0,-15.61920166015625,4.660048007965088,1.0,0.5472715403884649,3072.8125,67.03369140625,,data/instances/train/real_06.cip
mix_16_0,43,2332,2332,A,,60.0,100,0.08330415189266205,0.5836116075515747,8.847764015197754,0.07850000000000001,,,,,,,,,,,,,,,,,,,,,16,,224,224,0,1685901480,0,374,0,16,0,0.17824845016002655,1.0,-14.6220064163208,4.065096378326416,1.0,0.4202903378754854,3072.8125,67.03369140625,,data/instances/train/real_06.cip
mix_16_0,43,2333,2333,A,,60.0,100,0.020101245492696762,0.39551347494125366,0.9344052672386169,0.07691666666666674,,,,,,,,,,,,,,,,,,,,,16,,224,224,0,1684357856,0,375,0,16,0,0.09301351010799408,1.0,-16.490568161010742,4.4067912101745605,1.0,0.34686068445444107,3072.8125,67.03369140625,,data/instances/train/real_06.cip
mix_16_0,43,2334,2334,A,,60.0,100,0.0312048327177763,0.367620050907135,2.427792549133301,0.07691666666666674,,,,,,,,,,,,,,,,,,,,,16,,224,224,0,1684357856,0,375,0,16,0,0.21945658326148987,1.0,-13.77415943145752,4.784067630767822,1.0,0.4425925277173519,3072.8125,67.03369140625,,data/instances/train/real_06.cip
mix_16_0,43,2335,2335,A,,60.0,100,0.022010618820786476,0.33679619431495667,1.1014171838760376,0.07691666666666674,,,,,,,,,,,,,,,,,,,,,16,,224,224,0,1684357856,0,375,0,16,0,0.15814007818698883,1.0,-15.887697219848633,4.2147369384765625,1.0,0.6083141155540943,3072.8125,67.03369140625,,data/instances/train/real_06.cip
mix_16_0,43,2336,2336,A,,60.0,100,0.021242739632725716,0.41923728585243225,2.9398021697998047,0.07691666666666674,,,,,,,,,,,,,,,,,,,,,16,,224,224,0,1684357856,0,375,0,16,0,0.08203586935997009,1.0,-14.473915100097656,5.046870708465576,1.0,0.6356498207896948,3072.8125,67.03369140625,,data/instances/train/real_06.cip
mix_16_0,43,2337,2337,A,,60.0,100,0.060727931559085846,0.598934531211853,3.233640432357788,0.07533333333333336,,,,,,,,,,,,,,,,,,,,,16,,224,224,0,1682782504,0,376,0,16,0,0.12633801996707916,1.0,-13.331148147583008,5.054057598114014,1.0,0.5645323414355516,3072.8125,67.03369140625,,data/instances/train/real_06.cip
mix_16_0,43,2338,2338,A,,60.0,100,0.02637505531311035,0.57517409324646,1.851297378540039,0.07533333333333336,,,,,,,,,,,,,,,,,,,,,16,,224,224,0,1682782504,0,376,0,16,0,0.05061397701501846,1.0,-11.815789222717285,5.029986381530762,1.0,0.6239093542098999,3072.8125,67.03369140625,,data/instances/train/real_06.cip
mix_16_0,43,2339,2339,A,,60.0,100,0.015835408121347427,0.27390164136886597,0.6958861351013184,0.07533333333333336,,,,,,,,,,,,,,,,,,,,,16,,224,224,0,1682782504,0,376,0,16,0,0.12260061502456665,1.0,-14.809798240661621,3.036663770675659,1.0,0.6015813648700714,3072.8125,67.03369140625,,data/instances/train/real_06.cip
mix_16_0,43,2340,2340,A,,60.0,100,0.06378453224897385,0.6747771501541138,6.505406379699707,0.07533333333333336,,,,,,,,,,,,,,,,,,,,,16,,224,224,0,1682782504,0,376,0,16,0,0.13558422029018402,1.0,-11.246013641357422,3.8447630405426025,1.0,0.5396804958581924,3072.8125,67.03369140625,,data/instances/train/real_06.cip
mix_16_0,43,2341,2341,A,,60.0,100,0.06333845853805542,0.4379357695579529,5.90471887588501,0.0737500000000001,,,,,,,,,,,,,,,,,,,,,16,,224,224,0,1681209444,0,377,0,16,0,0.24209603667259216,1.0,-14.095052719116211,3.8727190494537354,1.0,0.43481151945888996,3072.8125,67.03369140625,,data/instances/train/real_06.cip
mix_16_0,43,2342,2342,A,,60.0,100,0.010379267856478691,0.3898087441921234,0.23541902005672455,0.0737500000000001,,,,,,,,,,,,,,,,,,,,,16,,224,224,0,1681209444,0,377,0,16,0,0.0434618778526783,1.0,-13.648019790649414,4.0144944190979,1.0,0.48750523291528225,3072.8125,67.03369140625,,data/instances/train/real_06.cip
mix_16_0,43,2343,2343,A,,60.0,100,0.0638812854886055,0.6337839365005493,8.226758003234863,0.0737500000000001,,,,,,,,,,,,,,,,,,,,,16,,224,224,0,1681209444,0,377,0,16,0,0.08681534975767136,1.0,-14.592933654785156,3.675875425338745,1.0,0.4541898127645254,3072.8125,67.03369140625,,data/instances/train/real_06.cip
mix_16_0,43,2344,2344,A,,60.0,100,0.020797455683350563,0.46653294563293457,3.5873024463653564,0.0737500000000001,,,,,,,,,,,,,,,,,,,,,16,,224,224,0,1681209444,0,377,0,16,0,0.05904381349682808,1.0,-14.167384147644043,3.0250813961029053,1.0,0.3032572641968727,3072.8125,67.03369140625,,data/instances/train/real_06.cip
mix_16_0,43,2345,2345,A,,60.0,100,0.06094396486878395,0.3791947364807129,3.3609118461608887,0.07216666666666671,,,,,,,,,,,,,,,,,,,,,16,,224,224,0,1679827972,0,378,0,16,0,0.1301083117723465,1.0,-14.40757942199707,4.5823822021484375,1.0,0.5375491287559271,3072.8125,67.03369140625,,data/instances/train/real_06.cip
mix_16_0,43,2346,2346,A,,60.0,100,0.04963857680559158,0.45031479001045227,2.5853474140167236,0.07216666666666671,,,,,,,,,,,,,,,,,,,,,16,,224,224,0,1679827972,0,378,0,16,0,0.18305516242980957,1.0,-13.693746566772461,4.109278678894043,1.0,0.6081281155347824,3072.8125,67.03369140625,,data/instances/train/real_06.cip
mix_16_0,43,2347,2347,A,,60.0,100,0.05772050842642784,0.49543893337249756,4.274509429931641,0.07216666666666671,,,,,,,,,,,,,,,,,,,,,16,,224,224,0,1679827972,0,378,0,16,0,0.22235852479934692,1.0,-13.933330535888672,4.371799945831299,1.0,0.6318351663649082,3072.8125,67.03369140625,,data/instances/train/real_06.cip
mix_16_0,43,2348,2348,A,,60.0,100,0.032290633767843246,0.500137448310852,0.9398154020309448,0.07216666666666671,,,,,,,,,,,,,,,,,,,,,16,,224,224,0,1679827972,0,378,0,16,0,0.10830317437648773,1.0,-12.761411666870117,4.979761123657227,1.0,0.6399959735572338,3072.8125,67.03369140625,,data/instances/train/real_06.cip
mix_16_0,43,2349,2349,A,,60.0,100,0.06985226273536682,0.4457678496837616,4.003790378570557,0.07058333333333333,,,,,,,,,,,,,,,,,,,,,16,,224,224,0,1677152952,0,379,0,16,0,0.2937580943107605,1.0,-11.829449653625488,2.659623622894287,1.0,0.5409255083650351,3072.8125,67.03369140625,,data/instances/train/real_06.cip
mix_16_0,43,2350,2350,A,,60.0,100,0.054743215441703796,0.5414841175079346,4.172488212585449,0.07058333333333333,,,,,,,,,,,,,,,,,,,,,16,,224,224,0,1677152952,0,379,0,16,0,0.13712532818317413,1.0,-12.383399963378906,3.904635429382324,1.0,0.6249822173267603,3072.8125,67.03369140625,,data/instances/train/real_06.cip
mix_16_0,43,2351,2351,A,,60.0,100,0.036157235503196716,0.5987750291824341,0.9891905188560486,0.07058333333333333,,,,,,,,,,,,,,,,,,,,,16,,224,224,0,1677152952,0,379,0,16,0,0.09260693937540054,1.0,-12.788734436035156,5.191721439361572,1.0,0.641407672315836,3072.8125,67.03369140625,,data/instances/train/real_06.cip
mix_16_0,43,2352,2352,A,,60.0,100,0.031338077038526535,0.34153836965560913,4.030795574188232,0.07058333333333333,,,,,,,,,,,,,,,,,,,,,16,,224,224,0,1677152952,0,379,0,16,0,0.16868183016777039,1.0,-13.125150680541992,4.725250244140625,1.0,0.6452072393149137,3072.8125,67.03369140625,,data/instances/train/real_06.cip
mix_16_0,43,2353,2353,A,,60.0,100,0.04405248165130615,0.5027381181716919,3.097080707550049,0.06900000000000006,,,,,,,,,,,,,,,,,,,,,16,,224,224,0,1674582092,0,380,0,16,0,0.13161636888980865,1.0,-14.06009578704834,4.332151889801025,1.0,0.5107794534415007,3072.8125,67.03369140625,,data/instances/train/real_06.cip
mix_16_0,43,2354,2354,A,,60.0,100,0.02712545171380043,0.3481264114379883,6.2136616706848145,0.06900000000000006,,,,,,,,,,,,,,,,,,,,,16,,224,224,0,1674582092,0,380,0,16,0,0.11478002369403839,1.0,-14.551700592041016,3.581054449081421,1.0,0.574335066601634,3072.8125,67.03369140625,,data/instances/train/real_06.cip
mix_16_0,43,2355,2355,A,,60.0,100,0.05442226305603981,0.444358229637146,1.7374969720840454,0.06900000000000006,,,,,,,,,,,,,,,,,,,,,16,,224,224,0,1674582092,0,380,0,16,0,0.20632517337799072,1.0,-12.156922340393066,4.661903381347656,1.0,0.6508907247334719,3072.8125,67.03369140625,,data/instances/train/real_06.cip
mix_16_0,43,2356,2356,A,,60.0,100,0.07671087980270386,0.5429313778877258,1.3118560314178467,0.06900000000000006,,,,,,,,,,,,,,,,,,,,,16,,224,224,0,1674582092,0,380,0,16,0,0.23259392380714417,1.0,-11.711790084838867,3.782005548477173,1.0,0.643914608284831,3072.8125,67.03369140625,,data/instances/train/real_06.cip
mix_16_0,43,2357,2357,A,,60.0,100,0.05320621281862259,0.369926393032074,5.540900230407715,0.06741666666666668,,,,,,,,,,,,,,,,,,,,,16,,224,224,0,1672282608,0,381,0,16,0,0.24870629608631134,1.0,-13.530765533447266,3.616035223007202,1.0,0.5687477234750986,3072.8125,67.03369140625,,data/instances/train/real_06.cip
mix_16_0,43,2358,2358,A,,60.0,100,0.016386400908231735,0.3731096088886261,0.9482546448707581,0.06741666666666668,,,,,,,,,,,,,,,,,,,,,16,,224,224,0,1672282608,0,381,0,16,0,0.05972506105899811,1.0,-14.313189506530762,4.1093950271606445,1.0,0.6294238679111004,3072.8125,67.03369140625,,data/instances/train/real_06.cip
mix_16_0,43,2359,2359,A,,60.0,100,0.009054410271346569,0.35828059911727905,0.39051494002342224,0.06741666666666668,,,,,,,,,,,,,,,,,,,,,16,,224,224,0,1672282608,0,381,0,16,0,0.029744036495685577,1.0,-13.562746047973633,3.7201173305511475,1.0,0.6579610034823418,3072.8125,67.03369140625,,data/instances/train/real_06.cip
mix_16_0,43,2360,2360,A,,60.0,100,0.030818060040473938,0.47238948941230774,3.7413887977600098,0.06741666666666668,,,,,,,,,,,,,,,,,,,,,16,,224,224,0,1672282608,0,381,0,16,0,0.09974119812250137,1.0,-13.139347076416016,3.8850910663604736,1.0,0.6374540627002716,3072.8125,67.03369140625,,data/instances/train/real_06.cip
mix_16_0,43,2361,2361,A,,60.0,100,0.01391133014112711,0.3520880937576294,1.4329124689102173,0.06583333333333341,,,,,,,,,,,,,,,,,,,,,16,,224,224,0,1669977712,0,382,0,16,0,0.06092849001288414,1.0,-14.221433639526367,4.571770191192627,1.0,0.5655165147036314,3072.8125,67.03369140625,,data/instances/train/real_06.cip
mix_16_0,43,2362,2362,A,,60.0,100,0.060321539640426636,0.48656678199768066,3.8528432846069336,0.06583333333333341,,,,,,,,,,,,,,,,,,,,,16,,224,224,0,1669977712,0,382,0,16,0,0.2541494369506836,1.0,-12.457119941711426,4.239012241363525,1.0,0.6161725986748934,3072.8125,67.03369140625,,data/instances/train/real_06.cip
mix_16_0,43,2363,2363,A,,60.0,100,0.07146170735359192,0.6612950563430786,5.0937676429748535,0.06583333333333341,,,,,,,,,,,,,,,,,,,,,16,,224,224,0,1669977712,0,382,0,16,0,0.18325205147266388,1.0,-13.740966796875,3.6613476276397705,1.0,0.6350853312760592,3072.8125,67.03369140625,,data/instances/train/real_06.cip
mix_16_0,43,2364,2364,A,,60.0,100,0.07200849056243896,0.4976399540901184,3.6325478553771973,0.06583333333333341,,,,,,,,,,,,,,,,,,,,,16,,224,224,0,1669977712,0,382,0,16,0,0.10854905843734741,1.0,-13.304861068725586,3.6403682231903076,1.0,0.6303028985857964,3072.8125,67.03369140625,,data/instances/train/real_06.cip
mix_16_0,43,2365,2365,A,,60.0,100,0.03430921584367752,0.47476446628570557,2.306591749191284,0.06425000000000003,,,,,,,,,,,,,,,,,,,,,16,,224,224,0,1667546312,0,383,0,16,0,0.11451587080955505,1.0,-13.251506805419922,3.582472562789917,1.0,0.4706211071461439,3072.8125,67.03369140625,,data/instances/train/real_06.cip
mix_16_0,43,2366,2366,A,,60.0,100,0.044672951102256775,0.5184241533279419,6.641273498535156,0.06425000000000003,,,,,,,,,,,,,,,,,,,,,16,,224,224,0,1667546312,0,383,0,16,0,0.15065863728523254,1.0,-12.886388778686523,4.534646987915039,1.0,0.6004350930452347,3072.8125,67.03369140625,,data/instances/train/real_06.cip
mix_16_0,43,2367,2367,A,,60.0,100,0.051150187849998474,0.5036326050758362,5.6250410079956055,0.06425000000000003,,,,,,,,,,,,,,,,,,,,,16,,224,224,0,1667546312,0,383,0,16,0,0.19393296539783478,1.0,-15.591043472290039,3.216630458831787,1.0,0.5074054449796677,3072.8125,67.03369140625,,data/instances/train/real_06.cip
mix_16_0,43,2368,2368,A,,60.0,100,0.04971255362033844,0.4489854574203491,2.3367631435394287,0.06425000000000003,,,,,,,,,,,,,,,,,,,,,16,,224,224,0,1667546312,0,383,0,16,0,0.22196334600448608,1.0,-10.78979778289795,3.3188250064849854,1.0,0.3095856346189976,3072.8125,67.03369140625,,data/instances/train/real_06.cip
mix_16_0,43,2369,2369,A,,60.0,100,0.032240185886621475,0.4058734178543091,4.2263665199279785,0.06266666666666665,,,,,,,,,,,,,,,,,,,,,16,,224,224,0,1665101020,0,384,0,16,0,0.09089528769254684,1.0,-14.607972145080566,4.066254138946533,1.0,0.4726721979677677,3072.8125,67.03369140625,,data/instances/train/real_06.cip
mix_16_0,43,2370,2370,A,,60.0,100,0.01769939437508583,0.5297660827636719,1.9208227396011353,0.06266666666666665,,,,,,,,,,,,,,,,,,,,,16,,224,224,0,1665101020,0,384,0,16,0,0.03609972819685936,1.0,-15.3714017868042,4.745659351348877,1.0,0.6030853688716888,3072.8125,67.03369140625,,data/instances/train/real_06.cip
mix_16_0,43,2371,2371,A,,60.0,100,0.049594946205616,0.7240169048309326,2.035759449005127,0.06266666666666665,,,,,,,,,,,,,,,,,,,,,16,,224,224,0,1665101020,0,384,0,16,0,0.07754071801900864,1.0,-14.465349197387695,4.749945640563965,1.0,0.40703641064465046,3072.8125,67.03369140625,,data/instances/train/real_06.cip
mix_16_0,43,2372,2372,A,,60.0,100,0.05982925370335579,0.634194016456604,4.639976978302002,0.06266666666666665,,,,,,,,,,,,,,,,,,,,,16,,224,224,0,1665101020,0,384,0,16,0,0.11068803071975708,1.0,-12.765092849731445,4.445404529571533,1.0,0.3197507243603468,3072.8125,67.03369140625,,data/instances/train/real_06.cip
mix_16_0,43,2373,2373,A,,60.0,100,0.013822171837091446,0.5234541893005371,1.3891249895095825,0.06108333333333338,,,,,,,,,,,,,,,,,,,,,16,,224,224,0,1662654676,0,385,0,16,0,0.028814570978283882,1.0,-12.970819473266602,5.110754013061523,1.0,0.33133241161704063,3072.8125,67.03369140625,,data/instances/train/real_06.cip
mix_16_0,43,2374,2374,A,,60.0,100,0.05995090305805206,0.6101877689361572,4.334457874298096,0.06108333333333338,,,,,,,,,,,,,,,,,,,,,16,,224,224,0,1662654676,0,385,0,16,0,0.12741610407829285,1.0,-11.954780578613281,4.7992987632751465,1.0,0.33120097219944,3072.8125,67.03369140625,,data/instances/train/real_06.cip
mix_16_0,43,2375,2375,A,,60.0,100,0.10137258470058441,0.6877790689468384,5.975666522979736,0.06108333333333338,,,,,,,,,,,,,,,,,,,,,16,,224,224,0,1662654676,0,385,0,16,0,0.1707756072282791,1.0,-12.912835121154785,4.762383937835693,1.0,0.3787639085203409,3072.8125,67.03369140625,,data/instances/train/real_06.cip
mix_16_0,43,2376,2376,A,,60.0,100,0.021875660866498947,0.4190574586391449,1.7652254104614258,0.06108333333333338,,,,,,,,,,,,,,,,,,,,,16,,224,224,0,1662654676,0,385,0,16,0,0.08578711748123169,1.0,-12.729833602905273,4.2749738693237305,1.0,0.31818827241659164,3072.8125,67.03369140625,,data/instances/train/real_06.cip
episode,43,2376,2376,A,,60.0,100,0.021875660866498947,0.4190574586391449,1.7652254104614258,0.0595,-17.0918,-17.0,-0.0918,-17.0918,True,18,60.70528,,,,,,,,inf,0.0003856357027205609,120.0,10.066219,0.0,8746,16,True,224,224,0,1657135500,0,387,0,16,0,,,,,18.0,,3009.13671875,67.03369140625,timelimit,data/instances/train/real_06.cip
mix_16_0,44,2377,2377,A,,60.0,100,0.04060366749763489,0.7651171684265137,0.558223307132721,0.0595,,,,,,,,,,,,,,,,,,,,,16,,224,224,0,1657135500,0,387,0,16,0,0.06755400449037552,1.0,-12.782146453857422,5.04689359664917,1.0,0.38663375563919544,3009.13671875,67.03369140625,,data/instances/train/real_07.cip
mix_16_0,44,2378,2378,A,,60.0,100,0.0609428696334362,0.7081149220466614,7.4409050941467285,0.0595,,,,,,,,,,,,,,,,,,,,,16,,224,224,0,1657135500,0,387,0,16,0,0.09754443168640137,1.0,-10.94770622253418,4.502354145050049,1.0,0.32098180055618286,3009.13671875,67.03369140625,,data/instances/train/real_07.cip
mix_16_0,44,2379,2379,A,,60.0,100,0.06547443568706512,0.8889706134796143,1.773154854774475,0.0595,,,,,,,,,,,,,,,,,,,,,16,,224,224,0,1657135500,0,387,0,16,0,0.0732642263174057,1.0,-14.634034156799316,5.37027645111084,1.0,0.365366842597723,3009.13671875,67.03369140625,,data/instances/train/real_07.cip
mix_16_0,44,2380,2380,A,,60.0,100,0.04452797770500183,0.8006598949432373,3.25331711769104,0.0595,,,,,,,,,,,,,,,,,,,,,16,,224,224,0,1657135500,0,387,0,16,0,0.046076349914073944,1.0,-12.330655097961426,5.345965385437012,1.0,0.3358446005731821,3009.13671875,67.03369140625,,data/instances/train/real_07.cip
mix_16_0,44,2381,2381,A,,60.0,100,0.025157518684864044,0.35072624683380127,2.7104451656341553,0.05791666666666673,,,,,,,,,,,,,,,,,,,,,16,,224,224,0,1657135500,0,387,0,16,0,0.07252787798643112,1.0,-13.821447372436523,4.74544620513916,1.0,0.3974089454859495,3009.13671875,67.03369140625,,data/instances/train/real_07.cip
mix_16_0,44,2382,2382,A,,60.0,100,0.13927192986011505,0.7685517072677612,5.586862087249756,0.05791666666666673,,,,,,,,,,,,,,,,,,,,,16,,224,224,0,1657135500,0,387,0,16,0,0.20597784221172333,1.0,-12.827702522277832,4.641132354736328,1.0,0.46630981005728245,3009.13671875,67.03369140625,,data/instances/train/real_07.cip
mix_16_0,44,2383,2383,A,,60.0,100,0.11237158626317978,1.1292505264282227,5.326396465301514,0.05791666666666673,,,,,,,,,,,,,,,,,,,,,16,,224,224,0,1657135500,0,387,0,16,0,0.1070147380232811,1.0,-12.449872970581055,5.78644323348999,1.0,0.494783328846097,3009.13671875,67.03369140625,,data/instances/train/real_07.cip
mix_16_0,44,2384,2384,A,,60.0,100,0.022955745458602905,0.34624993801116943,1.4222975969314575,0.05791666666666673,,,,,,,,,,,,,,,,,,,,,16,,224,224,0,1657135500,0,387,0,16,0,0.14074420928955078,1.0,-14.60621166229248,4.866012096405029,1.0,0.517692856490612,3009.13671875,67.03369140625,,data/instances/train/real_07.cip
mix_16_0,44,2385,2385,A,,60.0,100,0.024620454758405685,0.7568773627281189,0.892528772354126,0.05633333333333346,,,,,,,,,,,,,,,,,,,,,16,,224,224,0,1655745560,0,388,0,16,0,0.029340749606490135,1.0,-13.83502197265625,5.509624481201172,1.0,0.5498164035379887,3009.13671875,67.03369140625,,data/instances/train/real_07.cip
mix_16_0,44,2386,2386,A,,60.0,100,0.06286605447530746,0.44400379061698914,10.655516624450684,0.05633333333333346,,,,,,,,,,,,,,,,,,,,,16,,224,224,0,1655745560,0,388,0,16,0,0.12390155345201492,1.0,-13.258269309997559,4.456724643707275,1.0,0.6395714618265629,3009.13671875,67.03369140625,,data/instances/train/real_07.cip
mix_16_0,44,2387,2387,A,,60.0,100,0.02979474887251854,0.6098952293395996,0.9358018636703491,0.05633333333333346,,,,,,,,,,,,,,,,,,,,,16,,224,224,0,1655745560,0,388,0,16,0,0.05228056386113167,1.0,-13.101661682128906,4.909337997436523,1.0,0.638217780739069,3009.13671875,67.03369140625,,data/instances/train/real_07.cip
mix_16_0,44,2388,2388,A,,60.0,100,0.017789671197533607,0.7951928377151489,2.224201202392578,0.05633333333333346,,,,,,,,,,,,,,,,,,,,,16,,224,224,0,1655745560,0,388,0,16,0,0.0182383731007576,1.0,-12.808062553405762,5.712582588195801,1.0,0.6531805787235498,3009.13671875,67.03369140625,,data/instances/train/real_07.cip
mix_16_0,44,2389,2389,A,,60.0,100,0.08892989158630371,1.003816843032837,6.230322360992432,0.054750000000000076,,,,,,,,,,,,,,,,,,,,,16,,224,224,0,1654218268,0,389,0,16,0,0.09321856498718262,1.0,-11.609090805053711,5.143662929534912,1.0,0.5679704528301954,3009.13671875,67.03369140625,,data/instances/train/real_07.cip
mix_16_0,44,2390,2390,A,,60.0,100,0.08172774314880371,0.6010786294937134,5.020806789398193,0.054750000000000076,,,,,,,,,,,,,,,,,,,,,16,,224,224,0,1654218268,0,389,0,16,0,0.14758773148059845,1.0,-12.262250900268555,4.038419723510742,1.0,0.6151921823620796,3009.13671875,67.03369140625,,data/instances/train/real_07.cip
mix_16_0,44,2391,2391,A,,60.0,100,0.17463591694831848,0.7504333257675171,3.6876778602600098,0.054750000000000076,,,,,,,,,,,,,,,,,,,,,16,,224,224,0,1654218268,0,389,0,16,0,0.24914392828941345,1.0,-14.020565032958984,5.200762748718262,1.0,0.6435955315828323,3009.13671875,67.03369140625,,data/instances/train/real_07.cip
mix_16_0,44,2392,2392,A,,60.0,100,0.05496445670723915,0.9550250172615051,5.185192584991455,0.054750000000000076,,,,,,,,,,,,,,,,,,,,,16,,224,224,0,1654218268,0,389,0,16,0,0.03618231043219566,1.0,-11.329540252685547,4.694751739501953,1.0,0.6428953222930431,3009.13671875,67.03369140625,,data/instances/train/real_07.cip
mix_16_0,44,2393,2393,A,,60.0,100,0.029847361147403717,0.5467201471328735,4.154941558837891,0.053166666666666695,,,,,,,,,,,,,,,,,,,,,16,,224,224,0,1652848444,0,390,0,16,0,0.05189894884824753,1.0,-13.1393404006958,4.254333019256592,1.0,0.576290650293231,3009.13671875,67.03369140625,,data/instances/train/real_07.cip
mix_16_0,44,2394,2394,A,,60.0,100,0.09801175445318222,0.7360275387763977,8.892751693725586,0.053166666666666695,,,,,,,,,,,,,,,,,,,,,16,,224,224,0,1652848444,0,390,0,16,0,0.1058812364935875,1.0,-12.812435150146484,4.9032416343688965,1.0,0.6453186776489019,3009.13671875,67.03369140625,,data/instances/train/real_07.cip
mix_16_0,44,2395,2395,A,,60.0,100,0.06118086352944374,0.6381519436836243,1.689369559288025,0.053166666666666695,,,,,,,,,,,,,,,,,,,,,16,,224,224,0,1652848444,0,390,0,16,0,0.12245088815689087,1.0,-11.761213302612305,3.544191837310791,1.0,0.5027322601526976,3009.13671875,67.03369140625,,data/instances/train/real_07.cip
mix_16_0,44,2396,2396,A,,60.0,100,0.03812767565250397,0.43905991315841675,5.314144134521484,0.053166666666666695,,,,,,,,,,,,,,,,,,,,,16,,224,224,0,1652848444,0,390,0,16,0,0.16881677508354187,1.0,-16.450437545776367,3.133934736251831,1.0,0.5283796265721321,3009.13671875,67.03369140625,,data/instances/train/real_07.cip
mix_16_0,44,2397,2397,A,,60.0,100,0.09806675463914871,0.6976875066757202,11.667348861694336,0.051583333333333425,,,,,,,,,,,,,,,,,,,,,16,,224,224,0,1651431704,0,391,0,16,0,0.15557387471199036,1.0,-13.762279510498047,4.395502090454102,1.0,0.5695431027561426,3009.13671875,67.03369140625,,data/instances/train/real_07.cip
mix_16_0,44,2398,2398,A,,60.0,100,0.0436970591545105,0.6983002424240112,3.8252289295196533,0.051583333333333425,,,,,,,,,,,,,,,,,,,,,16,,224,224,0,1651431704,0,391,0,16,0,0.0531328059732914,1.0,-12.653314590454102,4.9755120277404785,1.0,0.47914211079478264,3009.13671875,67.03369140625,,data/instances/train/real_07.cip
mix_16_0,44,2399,2399,A,,60.0,100,0.025256365537643433,0.4041334092617035,3.151265859603882,0.051583333333333425,,,,,,,,,,,,,,,,,,,,,16,,224,224,0,1651431704,0,391,0,16,0,0.08969903737306595,1.0,-13.95486068725586,4.030916213989258,1.0,0.41098589077591896,3009.13671875,67.03369140625,,data/instances/train/real_07.cip
mix_16_0,44,2400,2400,A,,60.0,100,0.023843493312597275,0.49906933307647705,2.0871546268463135,0.051583333333333425,,,,,,,,,,,,,,,,,,,,,16,,224,224,0,1651431704,0,391,0,16,0,0.05971727520227432,1.0,-14.332632064819336,3.8761348724365234,1.0,0.42235696874558926,3009.13671875,67.03369140625,,data/instances/train/real_07.cip
episode,44,2400,2400,A,,60.0,100,0.023843493312597275,0.49906933307647705,2.0871546268463135,0.050000000000000044,-6.002599999999999,-6.0,-0.0026000000000000003,-6.002599999999999,True,7,35.595138,,,,,,,,inf,1e+20,120.0,inf,0.0,10289,16,False,224,224,0,1651373124,0,393,0,16,0,,,,,1.0,,2945.19140625,67.03369140625,unknown,data/instances/train/real_07.cip
stage_boundary,45,2400,2400,B,2400,300.0,100,,,,,,,,,,,,,,,,,,,,,,,,,,,,,,,,,,,,,,,,,,,,,
mix_12_4,45,2401,2401,B,,300.0,100,0.09446348994970322,0.5540710687637329,3.227707624435425,0.050000000000000044,,,,,,,,,,,,,,,,,,,,,16,,228,224,4,1651373124,125503936,393,0,12,4,0.11034238338470459,1.0,-15.784279823303223,3.9639124870300293,1.0,0.6939125880599022,3725.99609375,67.03369140625,,data/instances/transfer/real_02.cip
mix_12_4,45,2402,2402,B,,300.0,100,0.08944180607795715,0.5814454555511475,4.095816612243652,0.050000000000000044,,,,,,,,,,,,,,,,,,,,,16,,228,224,4,1651373124,125503936,393,0,12,4,0.08123136311769485,1.0,-14.973297119140625,4.534998416900635,1.0,0.6639156639575958,3725.99609375,67.03369140625,,data/instances/transfer/real_02.cip
mix_12_4,45,2403,2403,B,,300.0,100,0.07544102519750595,0.7277129888534546,5.630214691162109,0.050000000000000044,,,,,,,,,,,,,,,,,,,,,16,,228,224,4,1651373124,125503936,393,0,12,4,0.07736687362194061,1.0,-15.755475044250488,3.9930291175842285,1.0,0.6586482711136341,3725.99609375,67.03369140625,,data/instances/transfer/real_02.cip
mix_12_4,45,2404,2404,B,,300.0,100,0.015108773484826088,0.4414710998535156,1.9662823677062988,0.050000000000000044,,,,,,,,,,,,,,,,,,,,,16,,228,224,4,1651373124,125503936,393,0,12,4,0.0513044111430645,1.0,-14.20402717590332,2.539440870285034,1.0,0.6794801261276007,3725.99609375,67.03369140625,,data/instances/transfer/real_02.cip
mix_12_4,45,2405,2405,B,,300.0,100,0.10442304611206055,0.5832329988479614,5.148211479187012,0.050000000000000044,,,,,,,,,,,,,,,,,,,,,16,,229,224,5,1651373124,156840380,393,0,12,4,0.23110844194889069,1.0,-12.769695281982422,3.4752676486968994,1.0,0.6989716812968254,3744.1484375,67.03369140625,,data/instances/transfer/real_02.cip
mix_12_4,45,2406,2406,B,,300.0,100,0.0654536634683609,0.5549267530441284,6.4498491287231445,0.050000000000000044,,,,,,,,,,,,,,,,,,,,,16,,229,224,5,1651373124,156840380,393,0,12,4,0.16230478882789612,1.0,-14.614673614501953,4.361977577209473,1.0,0.5727844163775444,3744.1484375,67.03369140625,,data/instances/transfer/real_02.cip
mix_12_4,45,2407,2407,B,,300.0,100,0.134764164686203,0.6322001218795776,4.626982688903809,0.050000000000000044,,,,,,,,,,,,,,,,,,,,,16,,229,224,5,1651373124,156840380,393,0,12,4,0.2833012640476227,1.0,-13.3509521484375,3.353625774383545,1.0,0.4803441520780325,3744.1484375,67.03369140625,,data/instances/transfer/real_02.cip
mix_12_4,45,2408,2408,B,,300.0,100,0.029375523328781128,0.4641326367855072,0.8397514820098877,0.050000000000000044,,,,,,,,,,,,,,,,,,,,,16,,229,224,5,1651373124,156840380,393,0,12,4,0.10753030329942703,1.0,-14.122598648071289,3.9980294704437256,1.0,0.507041547447443,3744.1484375,67.03369140625,,data/instances/transfer/real_02.cip
mix_12_4,45,2409,2409,B,,300.0,100,0.05094936862587929,0.9100440740585327,1.581154704093933,0.050000000000000044,,,,,,,,,,,,,,,,,,,,,16,,230,224,6,1651373124,188038820,393,0,12,4,0.06967300176620483,1.0,-11.5416898727417,4.651241302490234,1.0,0.6921615209430456,3748.34375,67.03369140625,,data/instances/transfer/real_02.cip
mix_12_4,45,2410,2410,B,,300.0,100,0.03190804272890091,0.5553861856460571,3.5300655364990234,0.050000000000000044,,,,,,,,,,,,,,,,,,,,,16,,230,224,6,1651373124,188038820,393,0,12,4,0.10120977461338043,1.0,-14.495474815368652,5.109964370727539,1.0,0.4747215360403061,3748.34375,67.03369140625,,data/instances/transfer/real_02.cip
mix_12_4,45,2411,2411,B,,300.0,100,0.025157667696475983,0.44062572717666626,4.374516010284424,0.050000000000000044,,,,,,,,,,,,,,,,,,,,,16,,230,224,6,1651373124,188038820,393,0,12,4,0.11615672707557678,1.0,-15.013774871826172,3.998947858810425,1.0,0.44242439419031143,3748.34375,67.03369140625,,data/instances/transfer/real_02.cip
mix_12_4,45,2412,2412,B,,300.0,100,0.02835911139845848,0.4769793748855591,3.9201157093048096,0.050000000000000044,,,,,,,,,,,,,,,,,,,,,16,,230,224,6,1651373124,188038820,393,0,12,4,0.13390415906906128,1.0,-16.028564453125,3.3138375282287598,1.0,0.4572093542665243,3748.34375,67.03369140625,,data/instances/transfer/real_02.cip
mix_12_4,45,2413,2413,B,,300.0,100,0.04417184367775917,0.4441736042499542,3.239234447479248,0.050000000000000044,,,,,,,,,,,,,,,,,,,,,16,,231,224,7,1651373124,219236992,393,0,12,4,0.17745959758758545,1.0,-14.779109954833984,4.073791027069092,1.0,0.48054954782128334,3773.8515625,67.03369140625,,data/instances/transfer/real_02.cip
mix_12_4,45,2414,2414,B,,300.0,100,0.033192262053489685,0.37645652890205383,2.8718185424804688,0.050000000000000044,,,,,,,,,,,,,,,,,,,,,16,,231,224,7,1651373124,219236992,393,0,12,4,0.17582260072231293,1.0,-13.499055862426758,3.4847044944763184,1.0,0.6313111055642366,3773.8515625,67.03369140625,,data/instances/transfer/real_02.cip
mix_12_4,45,2415,2415,B,,300.0,100,0.04837752878665924,0.5286537408828735,5.603662490844727,0.050000000000000044,,,,,,,,,,,,,,,,,,,,,16,,231,224,7,1651373124,219236992,393,0,12,4,0.09746994078159332,1.0,-13.961163520812988,4.2289719581604,1.0,0.6492243856191635,3773.8515625,67.03369140625,,data/instances/transfer/real_02.cip
mix_12_4,45,2416,2416,B,,300.0,100,0.040598757565021515,0.5047149062156677,1.6562269926071167,0.050000000000000044,,,,,,,,,,,,,,,,,,,,,16,,231,224,7,1651373124,219236992,393,0,12,4,0.11292849481105804,1.0,-13.362129211425781,3.9030303955078125,1.0,0.6694017332047224,3773.8515625,67.03369140625,,data/instances/transfer/real_02.cip
mix_12_4,45,2417,2417,B,,300.0,100,0.026537692174315453,0.3760942220687866,0.8615018129348755,0.050000000000000044,,,,,,,,,,,,,,,,,,,,,16,,232,224,8,1651373124,250434108,393,0,12,4,0.15109007060527802,1.0,-14.603745460510254,3.9750185012817383,1.0,0.6842220705002546,3779.6953125,67.03369140625,,data/instances/transfer/real_02.cip
mix_12_4,45,2418,2418,B,,300.0,100,0.0776338130235672,0.5581492781639099,5.93724250793457,0.050000000000000044,,,,,,,,,,,,,,,,,,,,,16,,232,224,8,1651373124,250434108,393,0,12,4,0.17463938891887665,1.0,-14.412882804870605,4.049177169799805,1.0,0.6783909257501364,3779.6953125,67.03369140625,,data/instances/transfer/real_02.cip
mix_12_4,45,2419,2419,B,,300.0,100,0.054777029901742935,0.41166380047798157,5.8674421310424805,0.050000000000000044,,,,,,,,,,,,,,,,,,,,,16,,232,224,8,1651373124,250434108,393,0,12,4,0.3249077796936035,1.0,-14.447129249572754,3.793099880218506,1.0,0.6500510815531015,3779.6953125,67.03369140625,,data/instances/transfer/real_02.cip
mix_12_4,45,2420,2420,B,,300.0,100,0.048394717276096344,0.4778214693069458,4.112013339996338,0.050000000000000044,,,,,,,,,,,,,,,,,,,,,16,,232,224,8,1651373124,250434108,393,0,12,4,0.15929865837097168,1.0,-13.136796951293945,3.7109971046447754,1.0,0.6609436850994825,3779.6953125,67.03369140625,,data/instances/transfer/real_02.cip
mix_12_4,45,2421,2421,B,,300.0,100,0.06894903630018234,0.6404075622558594,2.4335741996765137,0.050000000000000044,,,,,,,,,,,,,,,,,,,,,16,,233,224,9,1651373124,281916944,393,0,12,4,0.16242672502994537,1.0,-12.865111351013184,4.255066871643066,1.0,0.6743626222014427,3805.2109375,67.03369140625,,data/instances/transfer/real_02.cip
mix_12_4,45,2422,2422,B,,300.0,100,0.01137737836688757,0.40428584814071655,1.0897578001022339,0.050000000000000044,,,,,,,,,,,,,,,,,,,,,16,,233,224,9,1651373124,281916944,393,0,12,4,0.057431530207395554,1.0,-13.937131881713867,3.2572250366210938,1.0,0.66254922747612,3805.2109375,67.03369140625,,data/instances/transfer/real_02.cip
mix_12_4,45,2423,2423,B,,300.0,100,0.029989518225193024,0.5677477717399597,3.210190534591675,0.050000000000000044,,,,,,,,,,,,,,,,,,,,,16,,233,224,9,1651373124,281916944,393,0,12,4,0.08340359479188919,1.0,-11.004960060119629,2.422368049621582,1.0,0.652439484372735,3805.2109375,67.03369140625,,data/instances/transfer/real_02.cip
mix_12_4,45,2424,2424,B,,300.0,100,0.058728355914354324,0.4140446186065674,4.155170440673828,0.050000000000000044,,,,,,,,,,,,,,,,,,,,,16,,233,224,9,1651373124,281916944,393,0,12,4,0.1711195856332779,1.0,-14.625354766845703,4.284371376037598,1.0,0.6492407284677029,3805.2109375,67.03369140625,,data/instances/transfer/real_02.cip
mix_12_4,45,2425,2425,B,,300.0,100,0.04380626231431961,0.5652047395706177,5.680985927581787,0.050000000000000044,,,,,,,,,,,,,,,,,,,,,16,,234,224,10,1651373124,313397424,393,0,12,4,0.12383472174406052,1.0,-13.197940826416016,3.048633575439453,1.0,0.7075153011828661,3822.9921875,67.03369140625,,data/instances/transfer/real_02.cip
mix_12_4,45,2426,2426,B,,300.0,100,0.06179170310497284,0.6812491416931152,2.8575997352600098,0.050000000000000044,,,,,,,,,,,,,,,,,,,,,16,,234,224,10,1651373124,313397424,393,0,12,4,0.09899526089429855,1.0,-13.747196197509766,4.655600547790527,1.0,0.6728142444044352,3822.9921875,67.03369140625,,data/instances/transfer/real_02.cip
mix_12_4,45,2427,2427,B,,300.0,100,0.07380298525094986,0.547236442565918,4.859470844268799,0.050000000000000044,,,,,,,,,,,,,,,,,,,,,16,,234,224,10,1651373124,313397424,393,0,12,4,0.20761194825172424,1.0,-13.08453369140625,3.515894889831543,1.0,0.6571969799697399,3822.9921875,67.03369140625,,data/instances/transfer/real_02.cip
mix_12_4,45,2428,2428,B,,300.0,100,0.022377386689186096,0.4316364824771881,0.48086726665496826,0.050000000000000044,,,,,,,,,,,,,,,,,,,,,16,,234,224,10,1651373124,313397424,393,0,12,4,0.09120558947324753,1.0,-13.2058687210083,4.698750972747803,1.0,0.6561930868774652,3822.9921875,67.03369140625,,data/instances/transfer/real_02.cip
mix_12_4,45,2429,2429,B,,300.0,100,0.02743535116314888,0.5575770139694214,2.753791332244873,0.050000000000000044,,,,,,,,,,,,,,,,,,,,,16,,235,224,11,1651373124,344897900,393,0,12,4,0.06277275830507278,1.0,-11.295957565307617,3.546760082244873,1.0,0.672796068713069,3829.59375,67.03369140625,,data/instances/transfer/real_02.cip
mix_12_4,45,2430,2430,B,,300.0,100,0.035742878913879395,0.7395028471946716,2.7151925563812256,0.050000000000000044,,,,,,,,,,,,,,,,,,,,,16,,235,224,11,1651373124,344897900,393,0,12,4,0.05662044882774353,1.0,-12.513965606689453,4.684642314910889,1.0,0.665558360517025,3829.59375,67.03369140625,,data/instances/transfer/real_02.cip
mix_12_4,45,2431,2431,B,,300.0,100,0.09843380749225616,0.699853241443634,7.613571643829346,0.050000000000000044,,,,,,,,,,,,,,,,,,,,,16,,235,224,11,1651373124,344897900,393,0,12,4,0.1756347119808197,1.0,-14.085478782653809,4.378873825073242,1.0,0.6685316748917103,3829.59375,67.03369140625,,data/instances/transfer/real_02.cip
mix_12_4,45,2432,2432,B,,300.0,100,0.04375682771205902,0.6903467774391174,1.5103939771652222,0.050000000000000044,,,,,,,,,,,,,,,,,,,,,16,,235,224,11,1651373124,344897900,393,0,12,4,0.08024970442056656,1.0,-12.482227325439453,3.8788411617279053,1.0,0.6448146421462297,3829.59375,67.03369140625,,data/instances/transfer/real_02.cip
mix_12_4,45,2433,2433,B,,300.0,100,0.1670013815164566,0.9323112964630127,2.195967197418213,0.050000000000000044,,,,,,,,,,,,,,,,,,,,,16,,236,224,12,1651373124,376696556,393,0,12,4,0.17866486310958862,1.0,-13.621374130249023,5.056552410125732,1.0,0.6738778874278069,3861.7109375,67.03369140625,,data/instances/transfer/real_02.cip
mix_12_4,45,2434,2434,B,,300.0,100,0.18650665879249573,0.8921941518783569,15.619029998779297,0.050000000000000044,,,,,,,,,,,,,,,,,,,,,16,,236,224,12,1651373124,376696556,393,0,12,4,0.20940366387367249,1.0,-12.0474271774292,3.6796107292175293,1.0,0.6581006273627281,3861.7109375,67.03369140625,,data/instances/transfer/real_02.cip
mix_12_4,45,2435,2435,B,,300.0,100,0.030298180878162384,0.8207721710205078,1.8094003200531006,0.050000000000000044,,,,,,,,,,,,,,,,,,,,,16,,236,224,12,1651373124,376696556,393,0,12,4,0.03402267396450043,1.0,-12.137422561645508,4.602421283721924,1.0,0.6703658159822226,3861.7109375,67.03369140625,,data/instances/transfer/real_02.cip
mix_12_4,45,2436,2436,B,,300.0,100,0.06561728566884995,0.55260169506073,5.0109453201293945,0.050000000000000044,,,,,,,,,,,,,,,,,,,,,16,,236,224,12,1651373124,376696556,393,0,12,4,0.16061656177043915,1.0,-12.485535621643066,3.550109624862671,1.0,0.660501167178154,3861.7109375,67.03369140625,,data/instances/transfer/real_02.cip
mix_12_4,45,2437,2437,B,,300.0,100,0.103284552693367,0.6547409296035767,5.419150352478027,0.050000000000000044,,,,,,,,,,,,,,,,,,,,,16,,237,224,13,1651373124,408484916,393,0,12,4,0.20764535665512085,1.0,-13.631705284118652,4.255856037139893,1.0,0.6928794402629137,3874.9140625,67.03369140625,,data/instances/transfer/real_02.cip
mix_12_4,45,2438,2438,B,,300.0,100,0.11383205652236938,0.8353081941604614,7.246132850646973,0.050000000000000044,,,,,,,,,,,,,,,,,,,,,16,,237,224,13,1651373124,408484916,393,0,12,4,0.12882371246814728,1.0,-11.22533130645752,4.056186676025391,1.0,0.6473460923880339,3874.9140625,67.03369140625,,data/instances/transfer/real_02.cip
mix_12_4,45,2439,2439,B,,300.0,100,0.1442544013261795,0.6763849258422852,2.9365172386169434,0.050000000000000044,,,,,,,,,,,,,,,,,,,,,16,,237,224,13,1651373124,408484916,393,0,12,4,0.2618860602378845,1.0,-12.43701171875,3.7694952487945557,1.0,0.6449246667325497,3874.9140625,67.03369140625,,data/instances/transfer/real_02.cip
mix_12_4,45,2440,2440,B,,300.0,100,0.07401526719331741,0.7504780292510986,3.8407318592071533,0.050000000000000044,,,,,,,,,,,,,,,,,,,,,16,,237,224,13,1651373124,408484916,393,0,12,4,0.09605734050273895,1.0,-13.752755165100098,5.158596038818359,1.0,0.6263133715838194,3874.9140625,67.03369140625,,data/instances/transfer/real_02.cip
mix_12_4,45,2441,2441,B,,300.0,100,0.07469063997268677,0.6858615875244141,6.751369953155518,0.050000000000000044,,,,,,,,,,,,,,,,,,,,,16,,238,224,14,1651373124,440294452,393,0,12,4,0.15094709396362305,1.0,-11.942350387573242,2.958505153656006,1.0,0.6832064911723137,3893.0703125,67.03369140625,,data/instances/transfer/real_02.cip
mix_12_4,45,2442,2442,B,,300.0,100,0.016399934887886047,0.575141966342926,0.4095079004764557,0.050000000000000044,,,,,,,,,,,,,,,,,,,,,16,,238,224,14,1651373124,440294452,393,0,12,4,0.0362435020506382,1.0,-11.521207809448242,3.821300506591797,1.0,0.6586397439241409,3893.0703125,67.03369140625,,data/instances/transfer/real_02.cip
mix_12_4,45,2443,2443,B,,300.0,100,0.07271088659763336,0.6527401804924011,1.2138805389404297,0.050000000000000044,,,,,,,,,,,,,,,,,,,,,16,,238,224,14,1651373124,440294452,393,0,12,4,0.13864919543266296,1.0,-12.171908378601074,4.522305011749268,1.0,0.6503642946481705,3893.0703125,67.03369140625,,data/instances/transfer/real_02.cip
mix_12_4,45,2444,2444,B,,300.0,100,0.2944905161857605,1.2131550312042236,11.536413192749023,0.050000000000000044,,,,,,,,,,,,,,,,,,,,,16,,238,224,14,1651373124,440294452,393,0,12,4,0.23474565148353577,1.0,-8.894378662109375,3.0071847438812256,1.0,0.6531787402927876,3893.0703125,67.03369140625,,data/instances/transfer/real_02.cip
mix_12_4,45,2445,2445,B,,300.0,100,0.038386180996894836,0.59483802318573,0.9605091214179993,0.050000000000000044,,,,,,,,,,,,,,,,,,,,,16,,239,224,15,1651373124,472111624,393,0,12,4,0.09943678230047226,1.0,-11.613967895507812,4.349217414855957,1.0,0.6632641181349754,3904.32421875,67.03369140625,,data/instances/transfer/real_02.cip
mix_12_4,45,2446,2446,B,,300.0,100,0.014293495565652847,0.49340078234672546,2.208170175552368,0.050000000000000044,,,,,,,,,,,,,,,,,,,,,16,,239,224,15,1651373124,472111624,393,0,12,4,0.02733774483203888,1.0,-13.895085334777832,4.434264659881592,1.0,0.6602435633540154,3904.32421875,67.03369140625,,data/instances/transfer/real_02.cip
mix_12_4,45,2447,2447,B,,300.0,100,0.050105445086956024,0.48218560218811035,6.9090471267700195,0.050000000000000044,,,,,,,,,,,,,,,,,,,,,16,,239,224,15,1651373124,472111624,393,0,12,4,0.14983348548412323,1.0,-13.459577560424805,4.809082984924316,1.0,0.654541626572609,3904.32421875,67.03369140625,,data/instances/transfer/real_02.cip
mix_12_4,45,2448,2448,B,,300.0,100,0.08164027333259583,0.7864210605621338,5.714235782623291,0.050000000000000044,,,,,,,,,,,,,,,,,,,,,16,,239,224,15,1651373124,472111624,393,0,12,4,0.11638019233942032,1.0,-10.635549545288086,3.792034387588501,1.0,0.6650473084300756,3904.32421875,67.03369140625,,data/instances/transfer/real_02.cip
mix_12_4,45,2449,2449,B,,300.0,100,0.14156478643417358,0.6465188264846802,4.85192346572876,0.050000000000000044,,,,,,,,,,,,,,,,,,,,,16,,240,224,16,1651373124,503909324,393,0,12,4,0.2618045508861542,1.0,-11.535903930664062,2.904177665710449,1.0,0.6507268901914358,3929.83984375,67.03369140625,,data/instances/transfer/real_02.cip
mix_12_4,45,2450,2450,B,,300.0,100,0.09847480803728104,0.5581597089767456,6.388692855834961,0.050000000000000044,,,,,,,,,,,,,,,,,,,,,16,,240,224,16,1651373124,503909324,393,0,12,4,0.18262545764446259,1.0,-12.871657371520996,4.303325176239014,1.0,0.6552484203130007,3929.83984375,67.03369140625,,data/instances/transfer/real_02.cip
mix_12_4,45,2451,2451,B,,300.0,100,0.12305328249931335,0.8093737363815308,11.463528633117676,0.050000000000000044,,,,,,,,,,,,,,,,,,,,,16,,240,224,16,1651373124,503909324,393,0,12,4,0.1717412918806076,1.0,-13.158943176269531,4.867047309875488,1.0,0.6630333159118891,3929.83984375,67.03369140625,,data/instances/transfer/real_02.cip
mix_12_4,45,2452,2452,B,,300.0,100,0.08051566034555435,0.6062430143356323,11.794562339782715,0.050000000000000044,,,,,,,,,,,,,,,,,,,,,16,,240,224,16,1651373124,503909324,393,0,12,4,0.14097273349761963,1.0,-13.664327621459961,3.4035496711730957,1.0,0.6441967785358429,3929.83984375,67.03369140625,,data/instances/transfer/real_02.cip
mix_12_4,45,2453,2453,B,,300.0,100,0.026661526411771774,0.8122325539588928,1.5649406909942627,0.050000000000000044,,,,,,,,,,,,,,,,,,,,,16,,241,224,17,1651373124,535695936,393,0,12,4,0.03593999519944191,1.0,-11.67052936553955,3.2895846366882324,1.0,0.6544160638004541,3929.83984375,67.03369140625,,data/instances/transfer/real_02.cip
mix_12_4,45,2454,2454,B,,300.0,100,0.024160493165254593,0.5562043786048889,2.511272668838501,0.050000000000000044,,,,,,,,,,,,,,,,,,,,,16,,241,224,17,1651373124,535695936,393,0,12,4,0.04906942695379257,1.0,-12.043387413024902,5.382950305938721,1.0,0.6525683421641588,3929.83984375,67.03369140625,,data/instances/transfer/real_02.cip
mix_12_4,45,2455,2455,B,,300.0,100,0.08958637714385986,0.6557199954986572,10.266400337219238,0.050000000000000044,,,,,,,,,,,,,,,,,,,,,16,,241,224,17,1651373124,535695936,393,0,12,4,0.14548397064208984,1.0,-13.201908111572266,4.455090522766113,1.0,0.6633842624723911,3929.83984375,67.03369140625,,data/instances/transfer/real_02.cip
mix_12_4,45,2456,2456,B,,300.0,100,0.1798563450574875,0.9953252077102661,17.683555603027344,0.050000000000000044,,,,,,,,,,,,,,,,,,,,,16,,241,224,17,1651373124,535695936,393,0,12,4,0.16748933494091034,1.0,-12.536469459533691,3.462649345397949,1.0,0.6474887114018202,3929.83984375,67.03369140625,,data/instances/transfer/real_02.cip
mix_12_4,45,2457,2457,B,,300.0,100,0.05052387714385986,0.6817238926887512,6.103470802307129,0.050000000000000044,,,,,,,,,,,,,,,,,,,,,16,,242,224,18,1651373124,567433140,393,0,12,4,0.07889092713594437,1.0,-13.611783981323242,4.897727966308594,1.0,0.6788371559232473,3938.98828125,67.03369140625,,data/instances/transfer/real_02.cip
mix_12_4,45,2458,2458,B,,300.0,100,0.04580254107713699,0.5441055297851562,4.5129523277282715,0.050000000000000044,,,,,,,,,,,,,,,,,,,,,16,,242,224,18,1651373124,567433140,393,0,12,4,0.10423509776592255,1.0,-12.308706283569336,4.471579074859619,1.0,0.650195088237524,3938.98828125,67.03369140625,,data/instances/transfer/real_02.cip
mix_12_4,45,2459,2459,B,,300.0,100,0.06234116479754448,0.706810474395752,6.658644676208496,0.050000000000000044,,,,,,,,,,,,,,,,,,,,,16,,242,224,18,1651373124,567433140,393,0,12,4,0.07834545522928238,1.0,-11.764467239379883,4.294435024261475,1.0,0.6361787356436253,3938.98828125,67.03369140625,,data/instances/transfer/real_02.cip
mix_12_4,45,2460,2460,B,,300.0,100,0.050133928656578064,0.6806528568267822,7.374820232391357,0.050000000000000044,,,,,,,,,,,,,,,,,,,,,16,,242,224,18,1651373124,567433140,393,0,12,4,0.07809135317802429,1.0,-11.426445960998535,3.1107337474823,1.0,0.6410337761044502,3938.98828125,67.03369140625,,data/instances/transfer/real_02.cip
mix_12_4,45,2461,2461,B,,300.0,100,0.0557313933968544,0.5633144378662109,5.0434184074401855,0.050000000000000044,,,,,,,,,,,,,,,,,,,,,16,,243,224,19,1651373124,599148568,393,0,12,4,0.13711179792881012,1.0,-11.83940315246582,4.636232852935791,1.0,0.6648835241794586,3957.14453125,67.03369140625,,data/instances/transfer/real_02.cip
mix_12_4,45,2462,2462,B,,300.0,100,0.05626307427883148,0.4594438076019287,1.8798613548278809,0.050000000000000044,,,,,,,,,,,,,,,,,,,,,16,,243,224,19,1651373124,599148568,393,0,12,4,0.20112812519073486,1.0,-12.087709426879883,3.9854722023010254,1.0,0.694508733227849,3957.14453125,67.03369140625,,data/instances/transfer/real_02.cip
mix_12_4,45,2463,2463,B,,300.0,100,0.058090366423130035,0.39589646458625793,7.091403007507324,0.050000000000000044,,,,,,,,,,,,,,,,,,,,,16,,243,224,19,1651373124,599148568,393,0,12,4,0.2409556359052658,1.0,-12.862576484680176,4.7699995040893555,1.0,0.6089690066874027,3957.14453125,67.03369140625,,data/instances/transfer/real_02.cip
mix_12_4,45,2464,2464,B,,300.0,100,0.06883425265550613,0.5659033060073853,5.723007678985596,0.050000000000000044,,,,,,,,,,,,,,,,,,,,,16,,243,224,19,1651373124,599148568,393,0,12,4,0.1482773721218109,1.0,-12.30306625366211,4.298351287841797,1.0,0.6517855189740658,3957.14453125,67.03369140625,,data/instances/transfer/real_02.cip
mix_12_4,45,2465,2465,B,,300.0,100,0.07041849941015244,0.4265652000904083,8.1280517578125,0.050000000000000044,,,,,,,,,,,,,,,,,,,,,16,,244,224,20,1651373124,630843184,393,0,12,4,0.18579620122909546,1.0,-12.173418045043945,3.770188808441162,1.0,0.6731537841260433,3968.69921875,67.03369140625,,data/instances/transfer/real_02.cip
mix_12_4,45,2466,2466,B,,300.0,100,0.17211219668388367,0.9411160349845886,2.6766645908355713,0.050000000000000044,,,,,,,,,,,,,,,,,,,,,16,,244,224,20,1651373124,630843184,393,0,12,4,0.2385258972644806,1.0,-10.273785591125488,4.240222454071045,1.0,0.666047316044569,3968.69921875,67.03369140625,,data/instances/transfer/real_02.cip
mix_12_4,45,2467,2467,B,,300.0,100,0.06786300241947174,0.5769226551055908,9.054715156555176,0.050000000000000044,,,,,,,,,,,,,,,,,,,,,16,,244,224,20,1651373124,630843184,393,0,12,4,0.19539207220077515,1.0,-11.697423934936523,3.7337217330932617,1.0,0.6680941730737686,3968.69921875,67.03369140625,,data/instances/transfer/real_02.cip
mix_12_4,45,2468,2468,B,,300.0,100,0.06957904994487762,0.7417256832122803,7.335833549499512,0.050000000000000044,,,,,,,,,,,,,,,,,,,,,16,,244,224,20,1651373124,630843184,393,0,12,4,0.11324182152748108,1.0,-14.468021392822266,4.342695236206055,1.0,0.6491094455122948,3968.69921875,67.03369140625,,data/instances/transfer/real_02.cip
mix_12_4,45,2469,2469,B,,300.0,100,0.061589960008859634,0.4497552812099457,6.94611930847168,0.050000000000000044,,,,,,,,,,,,,,,,,,,,,16,,245,224,21,1651373124,662468136,393,0,12,4,0.1972239911556244,1.0,-13.863256454467773,3.882535457611084,1.0,0.6828020755201578,3975.30078125,67.03369140625,,data/instances/transfer/real_02.cip
mix_12_4,45,2470,2470,B,,300.0,100,0.0160056259483099,0.3642718493938446,1.721750259399414,0.050000000000000044,,,,,,,,,,,,,,,,,,,,,16,,245,224,21,1651373124,662468136,393,0,12,4,0.02874121256172657,1.0,-13.808022499084473,4.047632694244385,1.0,0.6472885347902775,3975.30078125,67.03369140625,,data/instances/transfer/real_02.cip
mix_12_4,45,2471,2471,B,,300.0,100,0.0950661450624466,0.6562895178794861,11.269011497497559,0.050000000000000044,,,,,,,,,,,,,,,,,,,,,16,,245,224,21,1651373124,662468136,393,0,12,4,0.1431335210800171,1.0,-12.714113235473633,3.6771483421325684,1.0,0.6480772588402033,3975.30078125,67.03369140625,,data/instances/transfer/real_02.cip
mix_12_4,45,2472,2472,B,,300.0,100,0.07063819468021393,0.8803572654724121,8.078834533691406,0.050000000000000044,,,,,,,,,,,,,,,,,,,,,16,,245,224,21,1651373124,662468136,393,0,12,4,0.07623421400785446,1.0,-12.512578964233398,4.229207515716553,1.0,0.6684951260685921,3975.30078125,67.03369140625,,data/instances/transfer/real_02.cip
mix_12_4,45,2473,2473,B,,300.0,100,0.08079466223716736,0.6622467041015625,10.008720397949219,0.050000000000000044,,,,,,,,,,,,,,,,,,,,,16,,246,224,22,1651373124,694066496,393,0,12,4,0.1303793340921402,1.0,-12.170950889587402,5.215555191040039,1.0,0.6866218242794275,4000.05859375,67.03369140625,,data/instances/transfer/real_02.cip
mix_12_4,45,2474,2474,B,,300.0,100,0.051471635699272156,0.43883609771728516,2.429489850997925,0.050000000000000044,,,,,,,,,,,,,,,,,,,,,16,,246,224,22,1651373124,694066496,393,0,12,4,0.16713112592697144,1.0,-11.676963806152344,4.8578782081604,1.0,0.6665538717061281,4000.05859375,67.03369140625,,data/instances/transfer/real_02.cip
mix_12_4,45,2475,2475,B,,300.0,100,0.14028587937355042,0.6937997341156006,10.579049110412598,0.050000000000000044,,,,,,,,,,,,,,,,,,,,,16,,246,224,22,1651373124,694066496,393,0,12,4,0.2411433309316635,1.0,-10.39624309539795,4.99453067779541,1.0,0.6564894113689661,4000.05859375,67.03369140625,,data/instances/transfer/real_02.cip
mix_12_4,45,2476,2476,B,,300.0,100,0.17657975852489471,0.6583688259124756,21.35513687133789,0.050000000000000044,,,,,,,,,,,,,,,,,,,,,16,,246,224,22,1651373124,694066496,393,0,12,4,0.23384961485862732,1.0,-11.622308731079102,4.967221736907959,1.0,0.6476237345486879,4000.05859375,67.03369140625,,data/instances/transfer/real_02.cip
mix_12_4,45,2477,2477,B,,300.0,100,0.03840843588113785,0.7026737928390503,4.654734134674072,0.050000000000000044,,,,,,,,,,,,,,,,,,,,,16,,247,224,23,1651373124,725654672,393,0,12,4,0.0325276143848896,1.0,-10.213835716247559,3.3536572456359863,1.0,0.6764596570283175,4020.62109375,67.03369140625,,data/instances/transfer/real_02.cip
mix_12_4,45,2478,2478,B,,300.0,100,0.032092683017253876,0.3282945156097412,1.6437218189239502,0.050000000000000044,,,,,,,,,,,,,,,,,,,,,16,,247,224,23,1651373124,725654672,393,0,12,4,0.20897237956523895,1.0,-12.903818130493164,5.095580577850342,1.0,0.6613435409963131,4020.62109375,67.03369140625,,data/instances/transfer/real_02.cip
mix_12_4,45,2479,2479,B,,300.0,100,0.034830473363399506,0.3653110861778259,1.1595077514648438,0.050000000000000044,,,,,,,,,,,,,,,,,,,,,16,,247,224,23,1651373124,725654672,393,0,12,4,0.25136280059814453,1.0,-11.777448654174805,4.525064945220947,1.0,0.6512061059474945,4020.62109375,67.03369140625,,data/instances/transfer/real_02.cip
mix_12_4,45,2480,2480,B,,300.0,100,0.08758918195962906,0.39166203141212463,13.267911911010742,0.050000000000000044,,,,,,,,,,,,,,,,,,,,,16,,247,224,23,1651373124,725654672,393,0,12,4,0.6024925112724304,1.0,-16.682430267333984,5.087184906005859,1.0,0.6606635618954897,4020.62109375,67.03369140625,,data/instances/transfer/real_02.cip
mix_12_4,45,2481,2481,B,,300.0,100,0.06550317257642746,0.50971519947052,8.09891414642334,0.050000000000000044,,,,,,,,,,,,,,,,,,,,,16,,248,224,24,1651373124,757217144,393,0,12,4,0.19285182654857635,1.0,-12.467926025390625,4.841475963592529,1.0,0.6672153323888779,4038.77734375,67.03369140625,,data/instances/transfer/real_02.cip
mix_12_4,45,2482,2482,B,,300.0,100,0.031010789796710014,0.5808145999908447,2.127673387527466,0.050000000000000044,,,,,,,,,,,,,,,,,,,,,16,,248,224,24,1651373124,757217144,393,0,12,4,0.06988096237182617,1.0,-12.758346557617188,5.709676742553711,1.0,0.6812007874250412,4038.77734375,67.03369140625,,data/instances/transfer/real_02.cip
mix_12_4,45,2483,2483,B,,300.0,100,0.020175578072667122,0.4067479372024536,3.6411375999450684,0.050000000000000044,,,,,,,,,,,,,,,,,,,,,16,,248,224,24,1651373124,757217144,393,0,12,4,0.056087426841259,1.0,-13.6922607421875,5.4274444580078125,1.0,0.6525289118289948,4038.77734375,67.03369140625,,data/instances/transfer/real_02.cip
mix_12_4,45,2484,2484,B,,300.0,100,0.06007269024848938,0.6181210875511169,6.768280029296875,0.050000000000000044,,,,,,,,,,,,,,,,,,,,,16,,248,224,24,1651373124,757217144,393,0,12,4,0.12496528774499893,1.0,-11.474002838134766,4.805174350738525,1.0,0.6591066755354404,4038.77734375,67.03369140625,,data/instances/transfer/real_02.cip
mix_12_4,45,2485,2485,B,,300.0,100,0.05989059805870056,0.5413652658462524,6.496801853179932,0.050000000000000044,,,,,,,,,,,,,,,,,,,,,16,,249,224,25,1651373124,788763728,393,0,12,4,0.21264928579330444,1.0,-11.82145881652832,3.5977675914764404,1.0,0.6843920703977346,4056.93359375,67.03369140625,,data/instances/transfer/real_02.cip
mix_12_4,45,2486,2486,B,,300.0,100,0.028954099863767624,0.35307589173316956,3.992872714996338,0.050000000000000044,,,,,,,,,,,,,,,,,,,,,16,,249,224,25,1651373124,788763728,393,0,12,4,0.18712855875492096,1.0,-15.005399703979492,5.087997913360596,1.0,0.6628368236124516,4056.93359375,67.03369140625,,data/instances/transfer/real_02.cip
mix_12_4,45,2487,2487,B,,300.0,100,0.044412434101104736,0.4749019742012024,2.6683545112609863,0.050000000000000044,,,,,,,,,,,,,,,,,,,,,16,,249,224,25,1651373124,788763728,393,0,12,4,0.140553280711174,1.0,-14.302242279052734,3.7457213401794434,1.0,0.6627525743097067,4056.93359375,67.03369140625,,data/instances/transfer/real_02.cip
mix_12_4,45,2488,2488,B,,300.0,100,0.10094179213047028,0.7631292939186096,12.177995681762695,0.050000000000000044,,,,,,,,,,,,,,,,,,,,,16,,249,224,25,1651373124,788763728,393,0,12,4,0.16115470230579376,1.0,-12.125081062316895,4.423900127410889,1.0,0.6716111283749342,4056.93359375,67.03369140625,,data/instances/transfer/real_02.cip
mix_12_4,45,2489,2489,B,,300.0,100,0.04826928675174713,0.4603734314441681,5.469149589538574,0.050000000000000044,,,,,,,,,,,,,,,,,,,,,16,,250,224,26,1651373124,820293964,393,0,12,4,0.11844124644994736,1.0,-12.133793830871582,4.082834720611572,1.0,0.6617141831666231,4061.5078125,67.03369140625,,data/instances/transfer/real_02.cip
mix_12_4,45,2490,2490,B,,300.0,100,0.060221605002880096,0.7406634092330933,5.340739727020264,0.050000000000000044,,,,,,,,,,,,,,,,,,,,,16,,250,224,26,1651373124,820293964,393,0,12,4,0.11774684488773346,1.0,-11.530936241149902,5.123166084289551,1.0,0.6666844487190247,4061.5078125,67.03369140625,,data/instances/transfer/real_02.cip
mix_12_4,45,2491,2491,B,,300.0,100,0.06511665880680084,0.5257993936538696,5.688849449157715,0.050000000000000044,,,,,,,,,,,,,,,,,,,,,16,,250,224,26,1651373124,820293964,393,0,12,4,0.19377154111862183,1.0,-12.309602737426758,5.539876937866211,1.0,0.6593627110123634,4061.5078125,67.03369140625,,data/instances/transfer/real_02.cip
mix_12_4,45,2492,2492,B,,300.0,100,0.10816550999879837,0.6154801249504089,13.7971773147583,0.050000000000000044,,,,,,,,,,,,,,,,,,,,,16,,250,224,26,1651373124,820293964,393,0,12,4,0.20161966979503632,1.0,-11.884857177734375,4.368464469909668,1.0,0.6475875191390514,4061.5078125,67.03369140625,,data/instances/transfer/real_02.cip
episode,45,2492,2492,B,,300.0,100,0.10816550999879837,0.6154801249504089,13.7971773147583,0.050000000000000044,-28.7376,-28.0,-0.7375999999999998,-28.7376,True,29,302.987211,,,,,,,,inf,0.46483729313817745,600.0,118.489869,0.0,74616,16,True,252,224,28,1651373124,883352860,393,0,12,4,,,,,1.0,,3888.609375,67.03369140625,timelimit,data/instances/transfer/real_02.cip
mix_12_4,46,2493,2493,B,,60.0,100,0.061083726584911346,0.6374268531799316,5.024417400360107,0.050000000000000044,,,,,,,,,,,,,,,,,,,,,16,,252,224,28,1651373124,883352860,393,0,12,4,0.13745738565921783,1.0,-11.053655624389648,5.951581001281738,1.0,0.6953828204423189,3900.72265625,67.03369140625,,data/instances/transfer/real_01.cip
mix_12_4,46,2494,2494,B,,60.0,100,0.03367815166711807,0.48205581307411194,2.5164661407470703,0.050000000000000044,,,,,,,,,,,,,,,,,,,,,16,,252,224,28,1651373124,883352860,393,0,12,4,0.12116997689008713,1.0,-13.105738639831543,6.375874996185303,1.0,0.6692204251885414,3900.72265625,67.03369140625,,data/instances/transfer/real_01.cip
mix_12_4,46,2495,2495,B,,60.0,100,0.024080194532871246,0.5662800669670105,2.9558894634246826,0.050000000000000044,,,,,,,,,,,,,,,,,,,,,16,,252,224,28,1651373124,883352860,393,0,12,4,0.06395599246025085,1.0,-11.804105758666992,4.3414130210876465,1.0,0.6584061682224274,3900.72265625,67.03369140625,,data/instances/transfer/real_01.cip
mix_12_4,46,2496,2496,B,,60.0,100,0.04914325475692749,0.46431466937065125,6.152433395385742,0.050000000000000044,,,,,,,,,,,,,,,,,,,,,16,,252,224,28,1651373124,883352860,393,0,12,4,0.14574556052684784,1.0,-12.786041259765625,5.11570405960083,1.0,0.6553194206207991,3900.72265625,67.03369140625,,data/instances/transfer/real_01.cip
mix_12_4,46,2497,2497,B,,60.0,100,0.10330842435359955,0.6041857004165649,4.142211437225342,0.050000000000000044,,,,,,,,,,,,,,,,,,,,,16,,252,224,28,1651373124,883352860,393,0,12,4,0.20622055232524872,1.0,-11.946800231933594,5.749175548553467,1.0,0.6462367456406355,3900.72265625,67.03369140625,,data/instances/transfer/real_01.cip
mix_12_4,46,2498,2498,B,,60.0,100,0.0779457539319992,0.5002098083496094,4.28050422668457,0.050000000000000044,,,,,,,,,,,,,,,,,,,,,16,,252,224,28,1651373124,883352860,393,0,12,4,0.1935458928346634,1.0,-13.195915222167969,5.520400524139404,1.0,0.6593128349632025,3900.72265625,67.03369140625,,data/instances/transfer/real_01.cip
mix_12_4,46,2499,2499,B,,60.0,100,0.029839761555194855,0.47640717029571533,2.975336790084839,0.050000000000000044,,,,,,,,,,,,,,,,,,,,,16,,252,224,28,1651373124,883352860,393,0,12,4,0.10322593152523041,1.0,-12.607833862304688,5.755677223205566,1.0,0.6499009430408478,3900.72265625,67.03369140625,,data/instances/transfer/real_01.cip
mix_12_4,46,2500,2500,B,,60.0,100,0.019927794113755226,0.533801794052124,2.9102251529693604,0.050000000000000044,,,,,,,,,,,,,,,,,,,,,16,,252,224,28,1651373124,883352860,393,0,12,4,0.024937545880675316,1.0,-12.665668487548828,6.5897297859191895,1.0,0.6716028973460197,3900.72265625,67.03369140625,,data/instances/transfer/real_01.cip
mix_12_4,46,2501,2501,B,,60.0,100,0.07080685347318649,0.5601814985275269,5.550257682800293,0.050000000000000044,,,,,,,,,,,,,,,,,,,,,16,,252,224,28,1655306756,883352860,394,0,12,4,0.18877604603767395,1.0,-11.194385528564453,6.064446926116943,436.0,0.6431093513965607,3900.72265625,67.03369140625,,data/instances/transfer/real_01.cip
mix_12_4,46,2502,2502,B,,60.0,100,0.014963360503315926,0.34468841552734375,1.4252216815948486,0.050000000000000044,,,,,,,,,,,,,,,,,,,,,16,,252,224,28,1655306756,883352860,394,0,12,4,0.1176028847694397,1.0,-12.743663787841797,6.438146114349365,436.0,0.6580253653228283,3900.72265625,67.03369140625,,data/instances/transfer/real_01.cip
mix_12_4,46,2503,2503,B,,60.0,100,0.03205965459346771,0.4034402370452881,3.325439453125,0.050000000000000044,,,,,,,,,,,,,,,,,,,,,16,,252,224,28,1655306756,883352860,394,0,12,4,0.13456791639328003,1.0,-11.838750839233398,5.5769524574279785,436.0,0.6540435012429953,3900.72265625,67.03369140625,,data/instances/transfer/real_01.cip
mix_12_4,46,2504,2504,B,,60.0,100,0.04500211030244827,0.41201087832450867,6.850832462310791,0.050000000000000044,,,,,,,,,,,,,,,,,,,,,16,,252,224,28,1655306756,883352860,394,0,12,4,0.23602037131786346,1.0,-13.211570739746094,4.2387003898620605,436.0,0.6617355924099684,3900.72265625,67.03369140625,,data/instances/transfer/real_01.cip
mix_12_4,46,2505,2505,B,,60.0,100,0.039676420390605927,0.651553750038147,1.1556352376937866,0.050000000000000044,,,,,,,,,,,,,,,,,,,,,16,,252,224,28,1659057888,883352860,395,0,12,4,0.07771667838096619,1.0,-12.030670166015625,5.330898761749268,1.0,0.6346877384930849,3900.72265625,67.03369140625,,data/instances/transfer/real_01.cip
mix_12_4,46,2506,2506,B,,60.0,100,0.01917777769267559,0.6467254161834717,2.5633487701416016,0.050000000000000044,,,,,,,,,,,,,,,,,,,,,16,,252,224,28,1659057888,883352860,395,0,12,4,0.032412320375442505,1.0,-12.53072738647461,5.906584739685059,1.0,0.6568897571414709,3900.72265625,67.03369140625,,data/instances/transfer/real_01.cip
mix_12_4,46,2507,2507,B,,60.0,100,0.04452641308307648,0.34279096126556396,5.845508575439453,0.050000000000000044,,,,,,,,,,,,,,,,,,,,,16,,252,224,28,1659057888,883352860,395,0,12,4,0.10598498582839966,1.0,-13.520012855529785,5.17394495010376,1.0,0.6415185332298279,3900.72265625,67.03369140625,,data/instances/transfer/real_01.cip
mix_12_4,46,2508,2508,B,,60.0,100,0.028707895427942276,0.43384745717048645,4.253169059753418,0.050000000000000044,,,,,,,,,,,,,,,,,,,,,16,,252,224,28,1659057888,883352860,395,0,12,4,0.11359696835279465,1.0,-13.424917221069336,5.923023223876953,1.0,0.647423880174756,3900.72265625,67.03369140625,,data/instances/transfer/real_01.cip
mix_12_4,46,2509,2509,B,,60.0,100,0.0487220361828804,0.45848581194877625,5.541107654571533,0.050000000000000044,,,,,,,,,,,,,,,,,,,,,16,,252,224,28,1662821932,883352860,396,0,12,4,0.11664440482854843,1.0,-11.37405014038086,5.578721523284912,1.0,0.6512670125812292,3900.72265625,67.03369140625,,data/instances/transfer/real_01.cip
mix_12_4,46,2510,2510,B,,60.0,100,0.06475278735160828,0.5315670967102051,2.728142499923706,0.050000000000000044,,,,,,,,,,,,,,,,,,,,,16,,252,224,28,1662821932,883352860,396,0,12,4,0.21859121322631836,1.0,-10.530963897705078,4.278693675994873,1.0,0.638923866674304,3900.72265625,67.03369140625,,data/instances/transfer/real_01.cip
mix_12_4,46,2511,2511,B,,60.0,100,0.0053679803386330605,0.27290961146354675,0.30708375573158264,0.050000000000000044,,,,,,,,,,,,,,,,,,,,,16,,252,224,28,1662821932,883352860,396,0,12,4,0.03985372558236122,1.0,-15.193965911865234,4.48461389541626,1.0,0.6365902479737997,3900.72265625,67.03369140625,,data/instances/transfer/real_01.cip
mix_12_4,46,2512,2512,B,,60.0,100,0.025283053517341614,0.4746510982513428,3.083251476287842,0.050000000000000044,,,,,,,,,,,,,,,,,,,,,16,,252,224,28,1662821932,883352860,396,0,12,4,0.09843828529119492,1.0,-13.178400039672852,4.7696614265441895,1.0,0.6463772747665644,3900.72265625,67.03369140625,,data/instances/transfer/real_01.cip
mix_12_4,46,2513,2513,B,,60.0,100,0.06359127908945084,0.6023278832435608,6.47180700302124,0.050000000000000044,,,,,,,,,,,,,,,,,,,,,16,,252,224,28,1666487044,883352860,397,0,12,4,0.18055051565170288,1.0,-11.202825546264648,5.453533172607422,1.0,0.6471065003424883,3900.72265625,67.03369140625,,data/instances/transfer/real_01.cip
mix_12_4,46,2514,2514,B,,60.0,100,0.037555791437625885,0.3906448483467102,2.097872734069824,0.050000000000000044,,,,,,,,,,,,,,,,,,,,,16,,252,224,28,1666487044,883352860,397,0,12,4,0.17017970979213715,1.0,-11.775997161865234,4.951759338378906,1.0,0.6558785550296307,3900.72265625,67.03369140625,,data/instances/transfer/real_01.cip
mix_12_4,46,2515,2515,B,,60.0,100,0.008481922559440136,0.24838471412658691,0.5216242671012878,0.050000000000000044,,,,,,,,,,,,,,,,,,,,,16,,252,224,28,1666487044,883352860,397,0,12,4,0.09645955264568329,1.0,-13.289599418640137,4.647093772888184,1.0,0.6494664717465639,3900.72265625,67.03369140625,,data/instances/transfer/real_01.cip
mix_12_4,46,2516,2516,B,,60.0,100,0.038981080055236816,0.4570139944553375,3.780855417251587,0.050000000000000044,,,,,,,,,,,,,,,,,,,,,16,,252,224,28,1666487044,883352860,397,0,12,4,0.12163372337818146,1.0,-14.182258605957031,5.150885581970215,1.0,0.6101244259625673,3900.72265625,67.03369140625,,data/instances/transfer/real_01.cip
mix_12_4,46,2517,2517,B,,60.0,100,0.05320654809474945,0.48733067512512207,2.808178663253784,0.050000000000000044,,,,,,,,,,,,,,,,,,,,,16,,252,224,28,1670130444,883352860,398,0,12,4,0.2371027022600174,1.0,-11.940393447875977,6.909665107727051,1.0,0.49394104816019535,3900.72265625,67.03369140625,,data/instances/transfer/real_01.cip
mix_12_4,46,2518,2518,B,,60.0,100,0.026129968464374542,0.3358336091041565,1.5664759874343872,0.050000000000000044,,,,,,,,,,,,,,,,,,,,,16,,252,224,28,1670130444,883352860,398,0,12,4,0.12942549586296082,1.0,-12.306573867797852,6.014440059661865,1.0,0.47757686488330364,3900.72265625,67.03369140625,,data/instances/transfer/real_01.cip
mix_12_4,46,2519,2519,B,,60.0,100,0.012257849797606468,0.36595219373703003,1.1521953344345093,0.050000000000000044,,,,,,,,,,,,,,,,,,,,,16,,252,224,28,1670130444,883352860,398,0,12,4,0.06893046200275421,1.0,-12.009105682373047,6.072619438171387,1.0,0.46368141658604145,3900.72265625,67.03369140625,,data/instances/transfer/real_01.cip
mix_12_4,46,2520,2520,B,,60.0,100,0.08582976460456848,0.47432878613471985,5.2140655517578125,0.050000000000000044,,,,,,,,,,,,,,,,,,,,,16,,252,224,28,1670130444,883352860,398,0,12,4,0.1587701141834259,1.0,-9.636980056762695,4.6260857582092285,1.0,0.459502374753356,3900.72265625,67.03369140625,,data/instances/transfer/real_01.cip
mix_12_4,46,2521,2521,B,,60.0,100,0.027375951409339905,0.3649808168411255,3.6976683139801025,0.050000000000000044,,,,,,,,,,,,,,,,,,,,,16,,252,224,28,1673775800,883352860,399,0,12,4,0.11399126052856445,1.0,-15.6809663772583,3.712916851043701,374.0,0.6474350057542324,3900.72265625,67.03369140625,,data/instances/transfer/real_01.cip
mix_12_4,46,2522,2522,B,,60.0,100,0.06936544924974442,0.4697301685810089,7.852657794952393,0.050000000000000044,,,,,,,,,,,,,,,,,,,,,16,,252,224,28,1673775800,883352860,399,0,12,4,0.24047966301441193,1.0,-12.255487442016602,4.579347610473633,374.0,0.6703803166747093,3900.72265625,67.03369140625,,data/instances/transfer/real_01.cip
mix_12_4,46,2523,2523,B,,60.0,100,0.03466274216771126,0.624674916267395,1.917724370956421,0.050000000000000044,,,,,,,,,,,,,,,,,,,,,16,,252,224,28,1673775800,883352860,399,0,12,4,0.07683485746383667,1.0,-11.062789916992188,4.373401165008545,374.0,0.6552476771175861,3900.72265625,67.03369140625,,data/instances/transfer/real_01.cip
mix_12_4,46,2524,2524,B,,60.0,100,0.025660768151283264,0.32962679862976074,5.011274814605713,0.050000000000000044,,,,,,,,,,,,,,,,,,,,,16,,252,224,28,1673775800,883352860,399,0,12,4,0.15462812781333923,1.0,-11.338408470153809,4.638979911804199,374.0,0.6586448512971401,3900.72265625,67.03369140625,,data/instances/transfer/real_01.cip
mix_12_4,46,2525,2525,B,,60.0,100,0.05465500056743622,0.45249083638191223,4.743181228637695,0.050000000000000044,,,,,,,,,,,,,,,,,,,,,16,,252,224,28,1677562200,883352860,400,0,12,4,0.20128516852855682,1.0,-12.318276405334473,5.341822624206543,1.0,0.6335313115268946,3900.72265625,67.03369140625,,data/instances/transfer/real_01.cip
mix_12_4,46,2526,2526,B,,60.0,100,0.03791884332895279,0.7911527156829834,2.5518298149108887,0.050000000000000044,,,,,,,,,,,,,,,,,,,,,16,,252,224,28,1677562200,883352860,400,0,12,4,0.056083276867866516,1.0,-11.98985481262207,4.9091572761535645,1.0,0.6563176456838846,3900.72265625,67.03369140625,,data/instances/transfer/real_01.cip
mix_12_4,46,2527,2527,B,,60.0,100,0.058632493019104004,0.41981974244117737,3.2054359912872314,0.050000000000000044,,,,,,,,,,,,,,,,,,,,,16,,252,224,28,1677562200,883352860,400,0,12,4,0.2912270724773407,1.0,-13.330141067504883,5.976796627044678,1.0,0.6611898466944695,3900.72265625,67.03369140625,,data/instances/transfer/real_01.cip
mix_12_4,46,2528,2528,B,,60.0,100,0.06286025047302246,0.5514116287231445,5.014311790466309,0.050000000000000044,,,,,,,,,,,,,,,,,,,,,16,,252,224,28,1677562200,883352860,400,0,12,4,0.15034055709838867,1.0,-12.475103378295898,4.867814064025879,1.0,0.5611084420233965,3900.72265625,67.03369140625,,data/instances/transfer/real_01.cip
mix_12_4,46,2529,2529,B,,60.0,100,0.028259161859750748,0.4217694401741028,0.9472171068191528,0.050000000000000044,,,,,,,,,,,,,,,,,,,,,16,,252,224,28,1681258796,883352860,401,0,12,4,0.10617928951978683,1.0,-12.417369842529297,5.316242694854736,1.0,0.6305645685642958,3900.72265625,67.03369140625,,data/instances/transfer/real_01.cip
mix_12_4,46,2530,2530,B,,60.0,100,0.03023882769048214,0.2827564477920532,0.7660938501358032,0.050000000000000044,,,,,,,,,,,,,,,,,,,,,16,,252,224,28,1681258796,883352860,401,0,12,4,0.31358325481414795,1.0,-12.821434020996094,5.470766544342041,1.0,0.6678819339722395,3900.72265625,67.03369140625,,data/instances/transfer/real_01.cip
mix_12_4,46,2531,2531,B,,60.0,100,0.07111165672540665,0.5767915844917297,5.5507049560546875,0.050000000000000044,,,,,,,,,,,,,,,,,,,,,16,,252,224,28,1681258796,883352860,401,0,12,4,0.1292237937450409,1.0,-12.867565155029297,5.702469348907471,1.0,0.6581476479768753,3900.72265625,67.03369140625,,data/instances/transfer/real_01.cip
mix_12_4,46,2532,2532,B,,60.0,100,0.017112575471401215,0.43662211298942566,2.073807716369629,0.050000000000000044,,,,,,,,,,,,,,,,,,,,,16,,252,224,28,1681258796,883352860,401,0,12,4,0.039301156997680664,1.0,-12.353019714355469,4.888440132141113,1.0,0.6484228651970625,3900.72265625,67.03369140625,,data/instances/transfer/real_01.cip
mix_12_4,46,2533,2533,B,,60.0,100,0.007509596645832062,0.3142080008983612,0.7736135721206665,0.050000000000000044,,,,,,,,,,,,,,,,,,,,,16,,252,224,28,1685012604,883352860,402,0,12,4,0.04207924008369446,1.0,-12.859912872314453,6.263993263244629,1.0,0.6511937826871872,3900.72265625,67.03369140625,,data/instances/transfer/real_01.cip
mix_12_4,46,2534,2534,B,,60.0,100,0.020563997328281403,0.34726858139038086,2.024674892425537,0.050000000000000044,,,,,,,,,,,,,,,,,,,,,16,,252,224,28,1685012604,883352860,402,0,12,4,0.05285710096359253,1.0,-12.997636795043945,6.206410884857178,1.0,0.6494004111737013,3900.7265625,67.03369140625,,data/instances/transfer/real_01.cip
mix_12_4,46,2535,2535,B,,60.0,100,0.06547733396291733,0.6241306662559509,8.23011589050293,0.050000000000000044,,,,,,,,,,,,,,,,,,,,,16,,252,224,28,1685012604,883352860,402,0,12,4,0.127998486161232,1.0,-11.825760841369629,6.338221073150635,1.0,0.6670457310974598,3900.7265625,67.03369140625,,data/instances/transfer/real_01.cip
mix_12_4,46,2536,2536,B,,60.0,100,0.008024872280657291,0.21673497557640076,0.9469515085220337,0.050000000000000044,,,,,,,,,,,,,,,,,,,,,16,,252,224,28,1685012604,883352860,402,0,12,4,0.12669792771339417,1.0,-14.151119232177734,4.39398717880249,1.0,0.6677236240357161,3900.7265625,67.03369140625,,data/instances/transfer/real_01.cip
mix_12_4,46,2537,2537,B,,60.0,100,0.02232270874083042,0.37063151597976685,1.0852141380310059,0.050000000000000044,,,,,,,,,,,,,,,,,,,,,16,,252,224,28,1688861964,883352860,403,0,12,4,0.10004431754350662,1.0,-13.068144798278809,3.56819748878479,1.0,0.6290579326450825,3900.7265625,67.03369140625,,data/instances/transfer/real_01.cip
mix_12_4,46,2538,2538,B,,60.0,100,0.024014124646782875,0.4476759433746338,3.9411840438842773,0.050000000000000044,,,,,,,,,,,,,,,,,,,,,16,,252,224,28,1688861964,883352860,403,0,12,4,0.0607450008392334,1.0,-13.497827529907227,5.875950813293457,1.0,0.6523064840584993,3900.7265625,67.03369140625,,data/instances/transfer/real_01.cip
mix_12_4,46,2539,2539,B,,60.0,100,0.05712021514773369,0.4740116596221924,8.428692817687988,0.050000000000000044,,,,,,,,,,,,,,,,,,,,,16,,252,224,28,1688861964,883352860,403,0,12,4,0.13896533846855164,1.0,-14.757104873657227,4.444775104522705,1.0,0.648755257949233,3900.7265625,67.03369140625,,data/instances/transfer/real_01.cip
mix_12_4,46,2540,2540,B,,60.0,100,0.017475523054599762,0.45269688963890076,2.811023712158203,0.050000000000000044,,,,,,,,,,,,,,,,,,,,,16,,252,224,28,1688861964,883352860,403,0,12,4,0.06013829633593559,1.0,-13.706504821777344,4.049185752868652,1.0,0.6510211359709501,3900.7265625,67.03369140625,,data/instances/transfer/real_01.cip
mix_12_4,46,2541,2541,B,,60.0,100,0.005998855922371149,0.42826229333877563,0.8931130170822144,0.050000000000000044,,,,,,,,,,,,,,,,,,,,,16,,252,224,28,1692607768,883352860,404,0,12,4,0.013839623890817165,1.0,-11.78161334991455,2.4870944023132324,1.0,0.6577293295413256,3900.7265625,67.03369140625,,data/instances/transfer/real_01.cip
mix_12_4,46,2542,2542,B,,60.0,100,0.09133607894182205,0.6354799270629883,6.055990695953369,0.050000000000000044,,,,,,,,,,,,,,,,,,,,,16,,252,224,28,1692607768,883352860,404,0,12,4,0.19890469312667847,1.0,-12.986039161682129,4.927328109741211,1.0,0.6382811479270458,3900.7265625,67.03369140625,,data/instances/transfer/real_01.cip
mix_12_4,46,2543,2543,B,,60.0,100,0.11560473591089249,0.7292541861534119,11.227664947509766,0.050000000000000044,,,,,,,,,,,,,,,,,,,,,16,,252,224,28,1692607768,883352860,404,0,12,4,0.20403683185577393,1.0,-10.3571138381958,4.004452705383301,1.0,0.6567252539098263,3900.7265625,67.03369140625,,data/instances/transfer/real_01.cip
mix_12_4,46,2544,2544,B,,60.0,100,0.038973912596702576,0.5267751216888428,4.218350410461426,0.050000000000000044,,,,,,,,,,,,,,,,,,,,,16,,252,224,28,1692607768,883352860,404,0,12,4,0.09595800191164017,1.0,-13.14775562286377,5.240592002868652,1.0,0.6696649063378572,3900.7265625,67.03369140625,,data/instances/transfer/real_01.cip
mix_12_4,46,2545,2545,B,,60.0,100,0.07450789213180542,0.5809932351112366,7.23268985748291,0.050000000000000044,,,,,,,,,,,,,,,,,,,,,16,,252,224,28,1696318208,883352860,405,0,12,4,0.19668680429458618,1.0,-11.852386474609375,4.937232971191406,1.0,0.6272952761501074,3900.7265625,67.03369140625,,data/instances/transfer/real_01.cip
mix_12_4,46,2546,2546,B,,60.0,100,0.0936485007405281,0.7087159156799316,4.481398105621338,0.050000000000000044,,,,,,,,,,,,,,,,,,,,,16,,252,224,28,1696318208,883352860,405,0,12,4,0.17047563195228577,1.0,-13.50484848022461,4.4477715492248535,1.0,0.646996483206749,3900.73046875,67.03369140625,,data/instances/transfer/real_01.cip
mix_12_4,46,2547,2547,B,,60.0,100,0.024353234097361565,0.36792808771133423,2.9753434658050537,0.050000000000000044,,,,,,,,,,,,,,,,,,,,,16,,252,224,28,1696318208,883352860,405,0,12,4,0.09088883548974991,1.0,-14.50864028930664,4.266695976257324,1.0,0.6325644720345736,3900.73046875,67.03369140625,,data/instances/transfer/real_01.cip
mix_12_4,46,2548,2548,B,,60.0,100,0.046903807669878006,0.526167094707489,2.654594898223877,0.050000000000000044,,,,,,,,,,,,,,,,,,,,,16,,252,224,28,1696318208,883352860,405,0,12,4,0.14738626778125763,1.0,-11.025818824768066,5.219614505767822,1.0,0.6484525427222252,3900.73046875,67.03369140625,,data/instances/transfer/real_01.cip
episode,46,2548,2548,B,,60.0,100,0.046903807669878006,0.526167094707489,2.654594898223877,0.050000000000000044,-14.023599999999998,-14.0,-0.023599999999999996,-14.023599999999998,True,15,60.309725,,,,,,,,inf,1e+20,120.0,inf,0.0,19135,16,True,252,224,28,1703806380,883352860,407,0,12,4,,,,,58.714285714285715,,3596.97265625,67.03369140625,timelimit,data/instances/transfer/real_01.cip
validation,47,2548,2548,B,,,,,,,,,,,,,,,1.0,9.672573,inf,0.0,9.672573,1.0,8436.0,,,,,,,,,252,224,28,1703806380,883352860,407,0,,,,,,,,,,,optimal,data/instances/validation/real_08.cip
mix_12_4,47,2549,2549,B,,60.0,100,0.030144495889544487,0.35021597146987915,3.6318228244781494,0.050000000000000044,,,,,,,,,,,,,,,,,,,,,16,,252,224,28,1703806380,883352860,407,0,12,4,0.09022314101457596,1.0,-11.120220184326172,5.042018413543701,1.0,0.6757303606718779,3676.953125,67.03369140625,,data/instances/transfer/real_03.cip
mix_12_4,47,2550,2550,B,,60.0,100,0.02877100370824337,0.5100755095481873,3.8304004669189453,0.050000000000000044,,,,,,,,,,,,,,,,,,,,,16,,252,224,28,1703806380,883352860,407,0,12,4,0.06669171154499054,1.0,-12.709405899047852,4.65497350692749,1.0,0.5314253233373165,3676.953125,67.03369140625,,data/instances/transfer/real_03.cip
mix_12_4,47,2551,2551,B,,60.0,100,0.04359190911054611,0.5881550312042236,6.193652153015137,0.050000000000000044,,,,,,,,,,,,,,,,,,,,,16,,252,224,28,1703806380,883352860,407,0,12,4,0.10745814442634583,1.0,-11.245762825012207,5.382349967956543,1.0,0.5327151734381914,3676.953125,67.03369140625,,data/instances/transfer/real_03.cip
mix_12_4,47,2552,2552,B,,60.0,100,0.034002576023340225,0.7344442009925842,1.854014277458191,0.050000000000000044,,,,,,,,,,,,,,,,,,,,,16,,252,224,28,1703806380,883352860,407,0,12,4,0.025970201939344406,1.0,-11.051437377929688,4.808986663818359,1.0,0.6373262275010347,3676.953125,67.03369140625,,data/instances/transfer/real_03.cip
mix_12_4,47,2553,2553,B,,60.0,100,0.06863722205162048,0.7309366464614868,3.1032538414001465,0.050000000000000044,,,,,,,,,,,,,,,,,,,,,16,,252,224,28,1703806380,883352860,407,0,12,4,0.1389779895544052,1.0,-10.112604141235352,4.9376301765441895,1.0,0.6267108153551817,3676.953125,67.03369140625,,data/instances/transfer/real_03.cip
mix_12_4,47,2554,2554,B,,60.0,100,0.0741509348154068,0.5550427436828613,3.172348737716675,0.050000000000000044,,,,,,,,,,,,,,,,,,,,,16,,252,224,28,1703806380,883352860,407,0,12,4,0.17145761847496033,1.0,-12.438249588012695,5.2366838455200195,1.0,0.6504689082503319,3676.953125,67.03369140625,,data/instances/transfer/real_03.cip
mix_12_4,47,2555,2555,B,,60.0,100,0.09668661653995514,0.511027455329895,3.3266706466674805,0.050000000000000044,,,,,,,,,,,,,,,,,,,,,16,,252,224,28,1703806380,883352860,407,0,12,4,0.07921840250492096,1.0,-14.727542877197266,4.768054962158203,1.0,0.6645023915916681,3676.953125,67.03369140625,,data/instances/transfer/real_03.cip
mix_12_4,47,2556,2556,B,,60.0,100,0.0640072375535965,0.5889583230018616,9.480388641357422,0.050000000000000044,,,,,,,,,,,,,,,,,,,,,16,,252,224,28,1703806380,883352860,407,0,12,4,0.10432370007038116,1.0,-12.918575286865234,4.6742753982543945,1.0,0.6480384450405836,3676.953125,67.03369140625,,data/instances/transfer/real_03.cip
mix_12_4,47,2557,2557,B,,60.0,100,0.09730718284845352,0.5403175354003906,10.879069328308105,0.050000000000000044,,,,,,,,,,,,,,,,,,,,,16,,252,224,28,1704367884,883352860,408,0,12,4,0.1984841227531433,1.0,-14.954386711120605,4.688199520111084,22.0,0.650545597076416,3676.953125,67.03369140625,,data/instances/transfer/real_03.cip
mix_12_4,47,2558,2558,B,,60.0,100,0.06703271716833115,0.4332107603549957,9.910429000854492,0.050000000000000044,,,,,,,,,,,,,,,,,,,,,16,,252,224,28,1704367884,883352860,408,0,12,4,0.19490830600261688,1.0,-12.439088821411133,5.1219048500061035,22.0,0.6582724805921316,3676.953125,67.03369140625,,data/instances/transfer/real_03.cip
mix_12_4,47,2559,2559,B,,60.0,100,0.08245503902435303,0.6749324798583984,6.985575199127197,0.050000000000000044,,,,,,,,,,,,,,,,,,,,,16,,252,224,28,1704367884,883352860,408,0,12,4,0.1442202776670456,1.0,-11.289179801940918,3.631558418273926,22.0,0.65844920091331,3676.953125,67.03369140625,,data/instances/transfer/real_03.cip
mix_12_4,47,2560,2560,B,,60.0,100,0.11856213212013245,0.6491851210594177,13.97089958190918,0.050000000000000044,,,,,,,,,,,,,,,,,,,,,16,,252,224,28,1704367884,883352860,408,0,12,4,0.1726914346218109,1.0,-11.780487060546875,5.060162544250488,22.0,0.654312850907445,3676.953125,67.03369140625,,data/instances/transfer/real_03.cip
mix_12_4,47,2561,2561,B,,60.0,100,0.10038729012012482,0.8267679810523987,10.044143676757812,0.050000000000000044,,,,,,,,,,,,,,,,,,,,,16,,252,224,28,1704877600,883352860,409,0,12,4,0.15192018449306488,1.0,-11.594792366027832,4.852581977844238,1.0,0.6464988477528095,3676.953125,67.03369140625,,data/instances/transfer/real_03.cip
mix_12_4,47,2562,2562,B,,60.0,100,0.06777554750442505,0.7013410329818726,6.970578193664551,0.050000000000000044,,,,,,,,,,,,,,,,,,,,,16,,252,224,28,1704877600,883352860,409,0,12,4,0.13279743492603302,1.0,-12.481536865234375,4.517204761505127,1.0,0.6426495257765055,3676.953125,67.03369140625,,data/instances/transfer/real_03.cip
mix_12_4,47,2563,2563,B,,60.0,100,0.03296124190092087,0.5376918315887451,4.680312633514404,0.050000000000000044,,,,,,,,,,,,,,,,,,,,,16,,252,224,28,1704877600,883352860,409,0,12,4,0.05527724325656891,1.0,-10.371740341186523,4.0363287925720215,1.0,0.6407575123012066,3676.953125,67.03369140625,,data/instances/transfer/real_03.cip
mix_12_4,47,2564,2564,B,,60.0,100,0.11915187537670135,0.6161997318267822,13.52766227722168,0.050000000000000044,,,,,,,,,,,,,,,,,,,,,16,,252,224,28,1704877600,883352860,409,0,12,4,0.20522353053092957,1.0,-12.1005220413208,5.932110786437988,1.0,0.6445110607892275,3676.953125,67.03369140625,,data/instances/transfer/real_03.cip
mix_12_4,47,2565,2565,B,,60.0,100,0.0751289427280426,0.7425340414047241,6.752597808837891,0.050000000000000044,,,,,,,,,,,,,,,,,,,,,16,,252,224,28,1701747368,883352860,410,0,12,4,0.07968153804540634,1.0,-11.25162410736084,3.44276762008667,1.0,0.6231740918010473,3676.953125,67.03369140625,,data/instances/transfer/real_03.cip
mix_12_4,47,2566,2566,B,,60.0,100,0.04268180578947067,0.5072667598724365,1.7835137844085693,0.050000000000000044,,,,,,,,,,,,,,,,,,,,,16,,252,224,28,1701747368,883352860,410,0,12,4,0.11060471087694168,1.0,-13.46379566192627,4.73244571685791,1.0,0.6556568704545498,3676.953125,67.03369140625,,data/instances/transfer/real_03.cip
mix_12_4,47,2567,2567,B,,60.0,100,0.08702433109283447,0.4710730314254761,4.832728385925293,0.050000000000000044,,,,,,,,,,,,,,,,,,,,,16,,252,224,28,1701747368,883352860,410,0,12,4,0.28106969594955444,1.0,-11.705366134643555,5.0727362632751465,1.0,0.6480901148170233,3676.953125,67.03369140625,,data/instances/transfer/real_03.cip
mix_12_4,47,2568,2568,B,,60.0,100,0.06051664054393768,0.5825815200805664,7.304317474365234,0.050000000000000044,,,,,,,,,,,,,,,,,,,,,16,,252,224,28,1701747368,883352860,410,0,12,4,0.09270182251930237,1.0,-12.309720039367676,5.347808837890625,1.0,0.6579546239227057,3676.953125,67.03369140625,,data/instances/transfer/real_03.cip
mix_12_4,47,2569,2569,B,,60.0,100,0.013422928750514984,0.31469228863716125,2.497483730316162,0.050000000000000044,,,,,,,,,,,,,,,,,,,,,16,,252,224,28,1699309576,883352860,411,0,12,4,0.0829271599650383,1.0,-14.582271575927734,4.682380676269531,160.0,0.6567351724952459,3676.953125,67.03369140625,,data/instances/transfer/real_03.cip
mix_12_4,47,2570,2570,B,,60.0,100,0.043290913105010986,0.5443102121353149,4.382704734802246,0.050000000000000044,,,,,,,,,,,,,,,,,,,,,16,,252,224,28,1699309576,883352860,411,0,12,4,0.06287816911935806,1.0,-11.686275482177734,5.0136003494262695,160.0,0.6712041087448597,3676.953125,67.03369140625,,data/instances/transfer/real_03.cip
mix_12_4,47,2571,2571,B,,60.0,100,0.024723589420318604,0.4078752398490906,2.4773635864257812,0.050000000000000044,,,,,,,,,,,,,,,,,,,,,16,,252,224,28,1699309576,883352860,411,0,12,4,0.08428731560707092,1.0,-14.355428695678711,4.032202243804932,160.0,0.6517253667116165,3676.953125,67.03369140625,,data/instances/transfer/real_03.cip
mix_12_4,47,2572,2572,B,,60.0,100,0.10774611681699753,0.6752711534500122,3.8590900897979736,0.050000000000000044,,,,,,,,,,,,,,,,,,,,,16,,252,224,28,1699309576,883352860,411,0,12,4,0.24554724991321564,1.0,-13.157913208007812,4.5236101150512695,160.0,0.6529980450868607,3676.953125,67.03369140625,,data/instances/transfer/real_03.cip
mix_12_4,47,2573,2573,B,,60.0,100,0.02402927167713642,0.3186686635017395,3.6463663578033447,0.050000000000000044,,,,,,,,,,,,,,,,,,,,,16,,252,224,28,1696831032,883352860,412,0,12,4,0.07257296144962311,1.0,-13.267030715942383,3.569565773010254,1.0,0.6456751637160778,3675.953125,67.03369140625,,data/instances/transfer/real_03.cip
mix_12_4,47,2574,2574,B,,60.0,100,0.1484801173210144,0.6480579972267151,3.8819100856781006,0.050000000000000044,,,,,,,,,,,,,,,,,,,,,16,,252,224,28,1696831032,883352860,412,0,12,4,0.3650110065937042,1.0,-11.906469345092773,4.941563129425049,1.0,0.6493325158953667,3675.953125,67.03369140625,,data/instances/transfer/real_03.cip
mix_12_4,47,2575,2575,B,,60.0,100,0.05813015252351761,0.7168864011764526,2.561295509338379,0.050000000000000044,,,,,,,,,,,,,,,,,,,,,16,,252,224,28,1696831032,883352860,412,0,12,4,0.0950922816991806,1.0,-11.398662567138672,4.392098903656006,1.0,0.6507038474082947,3675.953125,67.03369140625,,data/instances/transfer/real_03.cip
mix_12_4,47,2576,2576,B,,60.0,100,0.09731721132993698,0.6122958660125732,4.373962879180908,0.050000000000000044,,,,,,,,,,,,,,,,,,,,,16,,252,224,28,1696831032,883352860,412,0,12,4,0.24148830771446228,1.0,-11.414833068847656,5.828045845031738,1.0,0.6456323694437742,3675.953125,67.03369140625,,data/instances/transfer/real_03.cip
mix_12_4,47,2577,2577,B,,60.0,100,0.024320445954799652,0.4282565116882324,1.6497679948806763,0.050000000000000044,,,,,,,,,,,,,,,,,,,,,16,,252,224,28,1693818708,883352860,413,0,12,4,0.09052567183971405,1.0,-13.67077350616455,4.386877059936523,1.0,0.6525514107197523,3675.953125,67.03369140625,,data/instances/transfer/real_03.cip
mix_12_4,47,2578,2578,B,,60.0,100,0.009912787936627865,0.3327327370643616,1.493302822113037,0.050000000000000044,,,,,,,,,,,,,,,,,,,,,16,,252,224,28,1693818708,883352860,413,0,12,4,0.04254262149333954,1.0,-11.55130672454834,4.887468338012695,1.0,0.6643498614430428,3675.953125,67.03369140625,,data/instances/transfer/real_03.cip
mix_12_4,47,2579,2579,B,,60.0,100,0.03722526133060455,0.4934006929397583,4.141420364379883,0.050000000000000044,,,,,,,,,,,,,,,,,,,,,16,,252,224,28,1693818708,883352860,413,0,12,4,0.06794698536396027,1.0,-12.71160888671875,5.305161476135254,1.0,0.6651993114501238,3675.953125,67.03369140625,,data/instances/transfer/real_03.cip
mix_12_4,47,2580,2580,B,,60.0,100,0.041503243148326874,0.5253959894180298,5.669045925140381,0.050000000000000044,,,,,,,,,,,,,,,,,,,,,16,,252,224,28,1693818708,883352860,413,0,12,4,0.06098311394453049,1.0,-13.073328018188477,3.3851544857025146,1.0,0.6556536853313446,3675.953125,67.03369140625,,data/instances/transfer/real_03.cip
mix_12_4,47,2581,2581,B,,60.0,100,0.01718568056821823,0.33771634101867676,0.8646488189697266,0.050000000000000044,,,,,,,,,,,,,,,,,,,,,16,,252,224,28,1691699516,883352860,414,0,12,4,0.09208934009075165,1.0,-14.98932933807373,3.4747166633605957,1.0,0.6445435229688883,3675.953125,67.03369140625,,data/instances/transfer/real_03.cip
mix_12_4,47,2582,2582,B,,60.0,100,0.0496862530708313,0.806397020816803,2.6871275901794434,0.050000000000000044,,,,,,,,,,,,,,,,,,,,,16,,252,224,28,1691699516,883352860,414,0,12,4,0.05497976765036583,1.0,-10.730195999145508,4.4452033042907715,1.0,0.6498187929391861,3675.953125,67.03369140625,,data/instances/transfer/real_03.cip
mix_12_4,47,2583,2583,B,,60.0,100,0.10411709547042847,0.7031625509262085,7.953919410705566,0.050000000000000044,,,,,,,,,,,,,,,,,,,,,16,,252,224,28,1691699516,883352860,414,0,12,4,0.18637678027153015,1.0,-12.11545181274414,4.656550407409668,1.0,0.6484994273632765,3675.953125,67.03369140625,,data/instances/transfer/real_03.cip
mix_12_4,47,2584,2584,B,,60.0,100,0.04052587226033211,0.6068527698516846,4.7088236808776855,0.050000000000000044,,,,,,,,,,,,,,,,,,,,,16,,252,224,28,1691699516,883352860,414,0,12,4,0.07551956176757812,1.0,-12.050442695617676,3.9730818271636963,1.0,0.6455122251063585,3675.953125,67.03369140625,,data/instances/transfer/real_03.cip
mix_12_4,47,2585,2585,B,,60.0,100,0.03317854925990105,0.516598105430603,4.2688212394714355,0.050000000000000044,,,,,,,,,,,,,,,,,,,,,16,,252,224,28,1689327068,883352860,415,0,12,4,0.08250758796930313,1.0,-13.47654914855957,5.052993297576904,1.0,0.6514922231435776,3675.953125,67.03369140625,,data/instances/transfer/real_03.cip
mix_12_4,47,2586,2586,B,,60.0,100,0.029671944677829742,0.6467494368553162,3.216925621032715,0.050000000000000044,,,,,,,,,,,,,,,,,,,,,16,,252,224,28,1689327068,883352860,415,0,12,4,0.04570544511079788,1.0,-11.65203857421875,4.567742824554443,1.0,0.6640028990805149,3675.953125,67.03369140625,,data/instances/transfer/real_03.cip
mix_12_4,47,2587,2587,B,,60.0,100,0.060214582830667496,0.36215314269065857,8.144492149353027,0.050000000000000044,,,,,,,,,,,,,,,,,,,,,16,,252,224,28,1689327068,883352860,415,0,12,4,0.19902171194553375,1.0,-13.432153701782227,4.531162261962891,1.0,0.6603169552981853,3675.953125,67.03369140625,,data/instances/transfer/real_03.cip
mix_12_4,47,2588,2588,B,,60.0,100,0.0255520548671484,0.3744223415851593,3.462252140045166,0.050000000000000044,,,,,,,,,,,,,,,,,,,,,16,,252,224,28,1689327068,883352860,415,0,12,4,0.0965399220585823,1.0,-13.067447662353516,5.176550388336182,1.0,0.6616449803113937,3675.953125,67.03369140625,,data/instances/transfer/real_03.cip
mix_12_4,47,2589,2589,B,,60.0,100,0.048646021634340286,0.6026026010513306,4.895899295806885,0.050000000000000044,,,,,,,,,,,,,,,,,,,,,16,,252,224,28,1687018084,883352860,416,0,12,4,0.08304782211780548,1.0,-12.481237411499023,5.352500915527344,1.0,0.6219036020338535,3675.953125,67.03369140625,,data/instances/transfer/real_03.cip
mix_12_4,47,2590,2590,B,,60.0,100,0.044917359948158264,0.5531569123268127,3.1671526432037354,0.050000000000000044,,,,,,,,,,,,,,,,,,,,,16,,252,224,28,1687018084,883352860,416,0,12,4,0.08916043490171432,1.0,-11.332693099975586,4.6251959800720215,1.0,0.6396354660391808,3675.953125,67.03369140625,,data/instances/transfer/real_03.cip
mix_12_4,47,2591,2591,B,,60.0,100,0.04273739457130432,0.4990593194961548,1.5505447387695312,0.050000000000000044,,,,,,,,,,,,,,,,,,,,,16,,252,224,28,1687018084,883352860,416,0,12,4,0.059275366365909576,1.0,-13.376320838928223,4.94876766204834,1.0,0.6678553801029921,3675.953125,67.03369140625,,data/instances/transfer/real_03.cip
mix_12_4,47,2592,2592,B,,60.0,100,0.0022116582840681076,0.4741707444190979,0.5584135055541992,0.050000000000000044,,,,,,,,,,,,,,,,,,,,,16,,252,224,28,1687018084,883352860,416,0,12,4,0.006684305611997843,1.0,-13.510381698608398,5.730820655822754,1.0,0.6609394159168005,3675.953125,67.03369140625,,data/instances/transfer/real_03.cip
mix_12_4,47,2593,2593,B,,60.0,100,0.03741752356290817,0.6220393776893616,2.663296699523926,0.050000000000000044,,,,,,,,,,,,,,,,,,,,,16,,252,224,28,1685186908,883352860,417,0,12,4,0.08728895336389542,1.0,-12.119400024414062,4.739503860473633,1.0,0.6332415733486414,3675.953125,67.03369140625,,data/instances/transfer/real_03.cip
mix_12_4,47,2594,2594,B,,60.0,100,0.011359961703419685,0.5136919021606445,2.156919002532959,0.050000000000000044,,,,,,,,,,,,,,,,,,,,,16,,252,224,28,1685186908,883352860,417,0,12,4,0.023189909756183624,1.0,-12.951644897460938,5.0116987228393555,1.0,0.6358010824769735,3675.953125,67.03369140625,,data/instances/transfer/real_03.cip
mix_12_4,47,2595,2595,B,,60.0,100,0.07849748432636261,0.7325084209442139,6.369898319244385,0.050000000000000044,,,,,,,,,,,,,,,,,,,,,16,,252,224,28,1685186908,883352860,417,0,12,4,0.12879657745361328,1.0,-12.126115798950195,4.674413204193115,1.0,0.6598040293902159,3675.953125,67.03369140625,,data/instances/transfer/real_03.cip
mix_12_4,47,2596,2596,B,,60.0,100,0.01686772145330906,0.5223797559738159,2.0643558502197266,0.050000000000000044,,,,,,,,,,,,,,,,,,,,,16,,252,224,28,1685186908,883352860,417,0,12,4,0.03884994983673096,1.0,-13.91141128540039,4.880826473236084,1.0,0.675447603687644,3675.953125,67.03369140625,,data/instances/transfer/real_03.cip
mix_12_4,47,2597,2597,B,,60.0,100,0.09883743524551392,0.6469913721084595,15.15000057220459,0.050000000000000044,,,,,,,,,,,,,,,,,,,,,16,,252,224,28,1683213216,883352860,418,0,12,4,0.23508018255233765,1.0,-14.021825790405273,3.929023265838623,1.0,0.6568706873804331,3675.953125,67.03369140625,,data/instances/transfer/real_03.cip
mix_12_4,47,2598,2598,B,,60.0,100,0.037665955722332,0.5817328095436096,2.8724701404571533,0.050000000000000044,,,,,,,,,,,,,,,,,,,,,16,,252,224,28,1683213216,883352860,418,0,12,4,0.09825814515352249,1.0,-13.830133438110352,5.16375732421875,1.0,0.6470130551606417,3675.953125,67.03369140625,,data/instances/transfer/real_03.cip
mix_12_4,47,2599,2599,B,,60.0,100,0.031236976385116577,0.333466112613678,1.858756184577942,0.050000000000000044,,,,,,,,,,,,,,,,,,,,,16,,252,224,28,1683213216,883352860,418,0,12,4,0.22387278079986572,1.0,-13.154648780822754,5.13908576965332,1.0,0.651106147095561,3675.953125,67.03369140625,,data/instances/transfer/real_03.cip
mix_12_4,47,2600,2600,B,,60.0,100,0.07098991423845291,0.5817489624023438,6.712400436401367,0.050000000000000044,,,,,,,,,,,,,,,,,,,,,16,,252,224,28,1683213216,883352860,418,0,12,4,0.17049077153205872,1.0,-11.296005249023438,4.753284454345703,1.0,0.6566131394356489,3675.953125,67.03369140625,,data/instances/transfer/real_03.cip
mix_12_4,47,2601,2601,B,,60.0,100,0.07061529159545898,0.4175150990486145,1.446704626083374,0.050000000000000044,,,,,,,,,,,,,,,,,,,,,16,,252,224,28,1681113524,883352860,419,0,12,4,0.2750663757324219,1.0,-13.58602523803711,4.444170951843262,1.0,0.6442500725388527,3675.953125,67.03369140625,,data/instances/transfer/real_03.cip
mix_12_4,47,2602,2602,B,,60.0,100,0.012096146121621132,0.33958885073661804,0.7580175995826721,0.050000000000000044,,,,,,,,,,,,,,,,,,,,,16,,252,224,28,1681113524,883352860,419,0,12,4,0.0542474240064621,1.0,-12.819507598876953,4.624326705932617,1.0,0.6598266828805208,3675.953125,67.03369140625,,data/instances/transfer/real_03.cip
mix_12_4,47,2603,2603,B,,60.0,100,0.040216680616140366,0.31883931159973145,5.3558149337768555,0.050000000000000044,,,,,,,,,,,,,,,,,,,,,16,,252,224,28,1681113524,883352860,419,0,12,4,0.226045161485672,1.0,-13.703521728515625,3.4621992111206055,1.0,0.6372038256376982,3675.953125,67.03369140625,,data/instances/transfer/real_03.cip
mix_12_4,47,2604,2604,B,,60.0,100,0.02860110253095627,0.3464603126049042,1.1707910299301147,0.050000000000000044,,,,,,,,,,,,,,,,,,,,,16,,252,224,28,1681113524,883352860,419,0,12,4,0.09298752248287201,1.0,-13.223474502563477,4.06793737411499,1.0,0.6485759783536196,3675.953125,67.03369140625,,data/instances/transfer/real_03.cip
episode,47,2604,2604,B,,60.0,100,0.02860110253095627,0.3464603126049042,1.1707910299301147,0.050000000000000044,-14.041700000000002,-14.0,-0.0417,-14.041700000000002,True,15,63.753062,,,,,,,,inf,1e+20,120.0,inf,0.0,17284,16,True,252,224,28,1677197352,883352860,421,0,12,4,,,,,13.857142857142858,,3675.953125,67.03369140625,timelimit,data/instances/transfer/real_03.cip
mix_12_4,48,2605,2605,B,,60.0,100,0.0434291735291481,0.44947123527526855,2.893463611602783,0.050000000000000044,,,,,,,,,,,,,,,,,,,,,16,,252,224,28,1677197352,883352860,421,0,12,4,0.14465199410915375,1.0,-13.32292366027832,4.945094108581543,1.0,0.6847674269229174,3680.2265625,67.03369140625,,data/instances/transfer/real_05.cip
mix_12_4,48,2606,2606,B,,60.0,100,0.030381642282009125,0.4815000593662262,3.442065954208374,0.050000000000000044,,,,,,,,,,,,,,,,,,,,,16,,252,224,28,1677197352,883352860,421,0,12,4,0.07316284626722336,1.0,-13.689599990844727,3.204664468765259,1.0,0.6649226658046246,3680.2265625,67.03369140625,,data/instances/transfer/real_05.cip
mix_12_4,48,2607,2607,B,,60.0,100,0.02476220577955246,0.4908551871776581,2.3628740310668945,0.050000000000000044,,,,,,,,,,,,,,,,,,,,,16,,252,224,28,1677197352,883352860,421,0,12,4,0.08499278128147125,1.0,-13.118511199951172,4.847564220428467,1.0,0.6593226548284292,3680.2265625,67.03369140625,,data/instances/transfer/real_05.cip
mix_12_4,48,2608,2608,B,,60.0,100,0.055961862206459045,0.5447601079940796,4.592588424682617,0.050000000000000044,,,,,,,,,,,,,,,,,,,,,16,,252,224,28,1677197352,883352860,421,0,12,4,0.14998750388622284,1.0,-12.426143646240234,5.558992385864258,1.0,0.6664282809942961,3680.2265625,67.03369140625,,data/instances/transfer/real_05.cip
mix_12_4,48,2609,2609,B,,60.0,100,0.06695282459259033,0.5810962319374084,1.6295359134674072,0.050000000000000044,,,,,,,,,,,,,,,,,,,,,16,,252,224,28,1677197352,883352860,421,0,12,4,0.1907351016998291,1.0,-12.54629898071289,4.23582124710083,1.0,0.631615424528718,3680.2265625,67.03369140625,,data/instances/transfer/real_05.cip
mix_12_4,48,2610,2610,B,,60.0,100,0.02140805497765541,0.3660995066165924,1.708952784538269,0.050000000000000044,,,,,,,,,,,,,,,,,,,,,16,,252,224,28,1677197352,883352860,421,0,12,4,0.09454531222581863,1.0,-13.149818420410156,3.538991689682007,1.0,0.6559392549097538,3680.2265625,67.03369140625,,data/instances/transfer/real_05.cip
mix_12_4,48,2611,2611,B,,60.0,100,0.06256977468729019,0.578525960445404,6.496567726135254,0.050000000000000044,,,,,,,,,,,,,,,,,,,,,16,,252,224,28,1677197352,883352860,421,0,12,4,0.20526674389839172,1.0,-13.158990859985352,4.387097358703613,1.0,0.6482900492846966,3680.2265625,67.03369140625,,data/instances/transfer/real_05.cip
mix_12_4,48,2612,2612,B,,60.0,100,0.04412376508116722,0.5317105650901794,1.2238537073135376,0.050000000000000044,,,,,,,,,,,,,,,,,,,,,16,,252,224,28,1677197352,883352860,421,0,12,4,0.13201138377189636,1.0,-12.645841598510742,4.157269477844238,1.0,0.637551574036479,3680.2265625,67.03369140625,,data/instances/transfer/real_05.cip
mix_12_4,48,2613,2613,B,,60.0,100,0.05727221071720123,0.5657528042793274,1.8185080289840698,0.050000000000000044,,,,,,,,,,,,,,,,,,,,,16,,252,224,28,1680663160,883352860,422,0,12,4,0.16628716886043549,1.0,-13.059569358825684,5.046948432922363,1.0,0.6537858359515667,3680.2265625,67.03369140625,,data/instances/transfer/real_05.cip
mix_12_4,48,2614,2614,B,,60.0,100,0.011511333286762238,0.4465510845184326,0.6156674027442932,0.050000000000000044,,,,,,,,,,,,,,,,,,,,,16,,252,224,28,1680663160,883352860,422,0,12,4,0.03680305555462837,1.0,-12.83200454711914,5.673506259918213,1.0,0.6475622709840536,3680.2265625,67.03369140625,,data/instances/transfer/real_05.cip
mix_12_4,48,2615,2615,B,,60.0,100,0.09970422089099884,0.8958587646484375,8.219526290893555,0.050000000000000044,,,,,,,,,,,,,,,,,,,,,16,,252,224,28,1680663160,883352860,422,0,12,4,0.1207059994339943,1.0,-11.965246200561523,5.4681549072265625,1.0,0.6785568259656429,3680.2265625,67.03369140625,,data/instances/transfer/real_05.cip
mix_12_4,48,2616,2616,B,,60.0,100,0.0645468533039093,0.49675214290618896,5.455317497253418,0.050000000000000044,,,,,,,,,,,,,,,,,,,,,16,,252,224,28,1680663160,883352860,422,0,12,4,0.14811022579669952,1.0,-12.330972671508789,4.8827972412109375,1.0,0.6710162907838821,3680.2265625,67.03369140625,,data/instances/transfer/real_05.cip
mix_12_4,48,2617,2617,B,,60.0,100,0.009477089159190655,0.3572750389575958,0.5429137945175171,0.050000000000000044,,,,,,,,,,,,,,,,,,,,,16,,252,224,28,1679197236,883352860,423,0,12,4,0.0306409765034914,1.0,-12.567607879638672,6.475339889526367,1.0,0.634490042924881,3680.2265625,67.03369140625,,data/instances/transfer/real_05.cip
mix_12_4,48,2618,2618,B,,60.0,100,0.09611642360687256,0.6107555627822876,9.440033912658691,0.050000000000000044,,,,,,,,,,,,,,,,,,,,,16,,252,224,28,1679197236,883352860,423,0,12,4,0.14457009732723236,1.0,-13.310359954833984,4.3125715255737305,1.0,0.6630601976066828,3680.2265625,67.03369140625,,data/instances/transfer/real_05.cip
mix_12_4,48,2619,2619,B,,60.0,100,0.10090126097202301,0.6375556588172913,2.987025737762451,0.050000000000000044,,,,,,,,,,,,,,,,,,,,,16,,252,224,28,1679197236,883352860,423,0,12,4,0.2276630699634552,1.0,-10.546676635742188,3.433605909347534,1.0,0.6506959907710552,3680.2265625,67.03369140625,,data/instances/transfer/real_05.cip
mix_12_4,48,2620,2620,B,,60.0,100,0.03912069648504257,0.5653887987136841,3.8714547157287598,0.050000000000000044,,,,,,,,,,,,,,,,,,,,,16,,252,224,28,1679197236,883352860,423,0,12,4,0.0972941443324089,1.0,-12.747932434082031,4.2220563888549805,1.0,0.6537631042301655,3680.2265625,67.03369140625,,data/instances/transfer/real_05.cip
mix_12_4,48,2621,2621,B,,60.0,100,0.07942460477352142,0.8645190596580505,1.42928946018219,0.050000000000000044,,,,,,,,,,,,,,,,,,,,,16,,252,224,28,1677785364,883352860,424,0,12,4,0.09956390410661697,1.0,-12.296091079711914,5.504835605621338,1.0,0.6460305247455835,3680.2265625,67.03369140625,,data/instances/transfer/real_05.cip
mix_12_4,48,2622,2622,B,,60.0,100,0.06919096410274506,0.5623340010643005,7.258841514587402,0.050000000000000044,,,,,,,,,,,,,,,,,,,,,16,,252,224,28,1677785364,883352860,424,0,12,4,0.18754060566425323,1.0,-14.36697769165039,4.785373687744141,1.0,0.657450633123517,3680.2265625,67.03369140625,,data/instances/transfer/real_05.cip
mix_12_4,48,2623,2623,B,,60.0,100,0.021358918398618698,0.46646255254745483,3.0862643718719482,0.050000000000000044,,,,,,,,,,,,,,,,,,,,,16,,252,224,28,1677785364,883352860,424,0,12,4,0.05882743373513222,1.0,-12.664562225341797,4.173224925994873,1.0,0.6531718652695417,3680.2265625,67.03369140625,,data/instances/transfer/real_05.cip
mix_12_4,48,2624,2624,B,,60.0,100,0.02454276755452156,0.5339754819869995,0.4554123878479004,0.050000000000000044,,,,,,,,,,,,,,,,,,,,,16,,252,224,28,1677785364,883352860,424,0,12,4,0.06919272989034653,1.0,-11.036018371582031,4.274202346801758,1.0,0.6484846509993076,3680.2265625,67.03369140625,,data/instances/transfer/real_05.cip
mix_12_4,48,2625,2625,B,,60.0,100,0.11368182301521301,0.797211766242981,4.667575836181641,0.050000000000000044,,,,,,,,,,,,,,,,,,,,,16,,252,224,28,1676389056,883352860,425,0,12,4,0.19562019407749176,1.0,-12.331718444824219,6.407833576202393,1.0,0.6822639089077711,3680.2265625,67.03369140625,,data/instances/transfer/real_05.cip
mix_12_4,48,2626,2626,B,,60.0,100,0.044567592442035675,0.4611741304397583,5.103821277618408,0.050000000000000044,,,,,,,,,,,,,,,,,,,,,16,,252,224,28,1676389056,883352860,425,0,12,4,0.16049893200397491,1.0,-12.958353042602539,3.3733880519866943,1.0,0.640107125043869,3680.2265625,67.03369140625,,data/instances/transfer/real_05.cip
mix_12_4,48,2627,2627,B,,60.0,100,0.009162142872810364,0.38838982582092285,1.173331618309021,0.050000000000000044,,,,,,,,,,,,,,,,,,,,,16,,252,224,28,1676389056,883352860,425,0,12,4,0.04190245270729065,1.0,-13.927403450012207,4.460325241088867,1.0,0.647284023463726,3680.2265625,67.03369140625,,data/instances/transfer/real_05.cip
mix_12_4,48,2628,2628,B,,60.0,100,0.07418103516101837,0.5496770739555359,3.832362413406372,0.050000000000000044,,,,,,,,,,,,,,,,,,,,,16,,252,224,28,1676389056,883352860,425,0,12,4,0.20908001065254211,1.0,-13.980132102966309,4.525618076324463,1.0,0.6521588675677776,3680.2265625,67.03369140625,,data/instances/transfer/real_05.cip
mix_12_4,48,2629,2629,B,,60.0,100,0.021502219140529633,0.5479981303215027,2.302771806716919,0.050000000000000044,,,,,,,,,,,,,,,,,,,,,16,,252,224,28,1674878216,883352860,426,0,12,4,0.04430020600557327,1.0,-13.166909217834473,4.890894889831543,1.0,0.6576001793146133,3680.2265625,67.03369140625,,data/instances/transfer/real_05.cip
mix_12_4,48,2630,2630,B,,60.0,100,0.04670495539903641,0.6199374794960022,2.812748908996582,0.050000000000000044,,,,,,,,,,,,,,,,,,,,,16,,252,224,28,1674878216,883352860,426,0,12,4,0.08116228133440018,1.0,-12.852004051208496,4.147904872894287,1.0,0.6639712806791067,3680.2265625,67.03369140625,,data/instances/transfer/real_05.cip
mix_12_4,48,2631,2631,B,,60.0,100,0.018271418288350105,0.3745151460170746,1.2794392108917236,0.050000000000000044,,,,,,,,,,,,,,,,,,,,,16,,252,224,28,1674878216,883352860,426,0,12,4,0.08446049690246582,1.0,-13.234950065612793,4.6544671058654785,1.0,0.6528831329196692,3680.2265625,67.03369140625,,data/instances/transfer/real_05.cip
mix_12_4,48,2632,2632,B,,60.0,100,0.09315435588359833,0.9227707386016846,4.903627395629883,0.050000000000000044,,,,,,,,,,,,,,,,,,,,,16,,252,224,28,1674878216,883352860,426,0,12,4,0.11270374804735184,1.0,-11.030458450317383,5.005239963531494,1.0,0.6562852021306753,3680.2265625,67.03369140625,,data/instances/transfer/real_05.cip
mix_12_4,48,2633,2633,B,,60.0,100,0.04475636035203934,0.5195019245147705,1.1503897905349731,0.050000000000000044,,,,,,,,,,,,,,,,,,,,,16,,252,224,28,1673309324,883352860,427,0,12,4,0.1581205278635025,1.0,-12.076058387756348,5.009472846984863,1.0,0.6450696662068367,3680.2265625,67.03369140625,,data/instances/transfer/real_05.cip
mix_12_4,48,2634,2634,B,,60.0,100,0.05131049454212189,0.5933762788772583,2.839228868484497,0.050000000000000044,,,,,,,,,,,,,,,,,,,,,16,,252,224,28,1673309324,883352860,427,0,12,4,0.11409473419189453,1.0,-13.813724517822266,5.438066005706787,1.0,0.6090465430170298,3680.2265625,67.03369140625,,data/instances/transfer/real_05.cip
mix_12_4,48,2635,2635,B,,60.0,100,0.01681264489889145,0.6015657782554626,0.27633532881736755,0.050000000000000044,,,,,,,,,,,,,,,,,,,,,16,,252,224,28,1673309324,883352860,427,0,12,4,0.04040796309709549,1.0,-13.758598327636719,3.4703967571258545,1.0,0.6354688722640276,3680.2265625,67.03369140625,,data/instances/transfer/real_05.cip
mix_12_4,48,2636,2636,B,,60.0,100,0.012482699938118458,0.33880192041397095,1.4627200365066528,0.050000000000000044,,,,,,,,,,,,,,,,,,,,,16,,252,224,28,1673309324,883352860,427,0,12,4,0.09061071276664734,1.0,-14.096220970153809,6.017845153808594,1.0,0.6382383164018393,3680.2265625,67.03369140625,,data/instances/transfer/real_05.cip
mix_12_4,48,2637,2637,B,,60.0,100,0.04434306174516678,0.5998955965042114,4.690760612487793,0.050000000000000044,,,,,,,,,,,,,,,,,,,,,16,,252,224,28,1672105384,883352860,428,0,12,4,0.10137195885181427,1.0,-12.337909698486328,3.366203784942627,1.0,0.6362539827823639,3680.23046875,67.03369140625,,data/instances/transfer/real_05.cip
mix_12_4,48,2638,2638,B,,60.0,100,0.032234013080596924,0.48091626167297363,2.369358777999878,0.050000000000000044,,,,,,,,,,,,,,,,,,,,,16,,252,224,28,1672105384,883352860,428,0,12,4,0.1022549718618393,1.0,-11.75779914855957,4.229025840759277,1.0,0.6436847615987062,3680.23046875,67.03369140625,,data/instances/transfer/real_05.cip
mix_12_4,48,2639,2639,B,,60.0,100,0.09493251889944077,0.6319130659103394,3.419313430786133,0.050000000000000044,,,,,,,,,,,,,,,,,,,,,16,,252,224,28,1672105384,883352860,428,0,12,4,0.21657373011112213,1.0,-12.416973114013672,5.0957441329956055,1.0,0.6535743586719036,3680.23046875,67.03369140625,,data/instances/transfer/real_05.cip
mix_12_4,48,2640,2640,B,,60.0,100,0.030061230063438416,0.477006196975708,3.8886992931365967,0.050000000000000044,,,,,,,,,,,,,,,,,,,,,16,,252,224,28,1672105384,883352860,428,0,12,4,0.10927823185920715,1.0,-12.159904479980469,5.327152729034424,1.0,0.6504929922521114,3680.23046875,67.03369140625,,data/instances/transfer/real_05.cip
mix_12_4,48,2641,2641,B,,60.0,100,0.08891921490430832,0.6211837530136108,1.9263579845428467,0.050000000000000044,,,,,,,,,,,,,,,,,,,,,16,,252,224,28,1670708040,883352860,429,0,12,4,0.1929457187652588,1.0,-11.22337532043457,5.416431903839111,1.0,0.631404310464859,3680.23046875,67.03369140625,,data/instances/transfer/real_05.cip
mix_12_4,48,2642,2642,B,,60.0,100,0.07353165000677109,0.6190468668937683,1.8343181610107422,0.050000000000000044,,,,,,,,,,,,,,,,,,,,,16,,252,224,28,1670708040,883352860,429,0,12,4,0.1951972097158432,1.0,-12.355238914489746,5.002378940582275,1.0,0.6463504917919636,3680.23046875,67.03369140625,,data/instances/transfer/real_05.cip
mix_12_4,48,2643,2643,B,,60.0,100,0.027722986415028572,0.3994981050491333,1.9356825351715088,0.050000000000000044,,,,,,,,,,,,,,,,,,,,,16,,252,224,28,1670708040,883352860,429,0,12,4,0.10267436504364014,1.0,-13.828725814819336,4.338325023651123,1.0,0.6529026832431555,3680.23046875,67.03369140625,,data/instances/transfer/real_05.cip
mix_12_4,48,2644,2644,B,,60.0,100,0.07827391475439072,0.5834503769874573,4.8493242263793945,0.050000000000000044,,,,,,,,,,,,,,,,,,,,,16,,252,224,28,1670708040,883352860,429,0,12,4,0.23856393992900848,1.0,-13.750265121459961,4.094470977783203,1.0,0.6604482717812061,3680.23046875,67.03369140625,,data/instances/transfer/real_05.cip
mix_12_4,48,2645,2645,B,,60.0,100,0.07043956220149994,0.5132875442504883,2.8523523807525635,0.050000000000000044,,,,,,,,,,,,,,,,,,,,,16,,252,224,28,1669344960,883352860,430,0,12,4,0.16312603652477264,1.0,-15.168452262878418,3.4762933254241943,1.0,0.6384195443242788,3680.23046875,67.03369140625,,data/instances/transfer/real_05.cip
mix_12_4,48,2646,2646,B,,60.0,100,0.05883863940834999,0.5629632472991943,4.272481441497803,0.050000000000000044,,,,,,,,,,,,,,,,,,,,,16,,252,224,28,1669344960,883352860,430,0,12,4,0.17216366529464722,1.0,-12.22179126739502,5.205540180206299,1.0,0.6446417327970266,3680.23046875,67.03369140625,,data/instances/transfer/real_05.cip
mix_12_4,48,2647,2647,B,,60.0,100,0.032519832253456116,0.5473241806030273,2.952340841293335,0.050000000000000044,,,,,,,,,,,,,,,,,,,,,16,,252,224,28,1669344960,883352860,430,0,12,4,0.0677400603890419,1.0,-12.36570930480957,5.251064300537109,1.0,0.6499866154044867,3680.23046875,67.03369140625,,data/instances/transfer/real_05.cip
mix_12_4,48,2648,2648,B,,60.0,100,0.00923565961420536,0.4872608780860901,1.4096530675888062,0.050000000000000044,,,,,,,,,,,,,,,,,,,,,16,,252,224,28,1669344960,883352860,430,0,12,4,0.02049223892390728,1.0,-13.935616493225098,4.84433650970459,1.0,0.6535626128315926,3680.23046875,67.03369140625,,data/instances/transfer/real_05.cip
episode,48,2648,2648,B,,60.0,100,0.00923565961420536,0.4872608780860901,1.4096530675888062,0.050000000000000044,-11.0258,-11.0,-0.025799999999999997,-11.0258,True,12,63.33197,,,,,,,,inf,1e+20,120.0,inf,0.0,19850,16,True,252,224,28,1666843124,883352860,432,0,12,4,,,,,1.0,,3680.23046875,67.03369140625,timelimit,data/instances/transfer/real_05.cip
mix_12_4,49,2649,2649,B,,60.0,100,0.01922782137989998,0.4731738269329071,3.255215883255005,0.050000000000000044,,,,,,,,,,,,,,,,,,,,,16,,252,224,28,1666843124,883352860,432,0,12,4,0.07092873007059097,1.0,-13.98089599609375,5.854180812835693,1.0,0.6805644743144512,3680.23046875,67.03369140625,,data/instances/train/real_06.cip
mix_12_4,49,2650,2650,B,,60.0,100,0.033363014459609985,0.5035677552223206,4.538720607757568,0.050000000000000044,,,,,,,,,,,,,,,,,,,,,16,,252,224,28,1666843124,883352860,432,0,12,4,0.09711690247058868,1.0,-13.390238761901855,4.418769359588623,1.0,0.6598492041230202,3680.23046875,67.03369140625,,data/instances/train/real_06.cip
mix_12_4,49,2651,2651,B,,60.0,100,0.02000376582145691,0.5951834917068481,1.3608472347259521,0.050000000000000044,,,,,,,,,,,,,,,,,,,,,16,,252,224,28,1666843124,883352860,432,0,12,4,0.04284114018082619,1.0,-12.798768997192383,4.609228134155273,1.0,0.6699364371597767,3680.23046875,67.03369140625,,data/instances/train/real_06.cip
mix_12_4,49,2652,2652,B,,60.0,100,0.023909807205200195,0.5499826073646545,1.3046175241470337,0.050000000000000044,,,,,,,,,,,,,,,,,,,,,16,,252,224,28,1666843124,883352860,432,0,12,4,0.06441766023635864,1.0,-11.679222106933594,4.602617263793945,1.0,0.6753709986805916,3680.23046875,67.03369140625,,data/instances/train/real_06.cip
mix_12_4,49,2653,2653,B,,60.0,100,0.019408531486988068,0.5847187042236328,2.7465412616729736,0.050000000000000044,,,,,,,,,,,,,,,,,,,,,16,,252,224,28,1666843124,883352860,432,0,12,4,0.03942039981484413,1.0,-12.631237983703613,4.76474142074585,1.0,0.6502991747111082,3679.24609375,67.03369140625,,data/instances/train/real_06.cip
mix_12_4,49,2654,2654,B,,60.0,100,0.050815049558877945,0.46471017599105835,6.277442932128906,0.050000000000000044,,,,,,,,,,,,,,,,,,,,,16,,252,224,28,1666843124,883352860,432,0,12,4,0.23264619708061218,1.0,-13.27718448638916,4.691501140594482,1.0,0.6536299176514149,3679.24609375,67.03369140625,,data/instances/train/real_06.cip
mix_12_4,49,2655,2655,B,,60.0,100,0.09132115542888641,0.7380731105804443,3.711853504180908,0.050000000000000044,,,,,,,,,,,,,,,,,,,,,16,,252,224,28,1666843124,883352860,432,0,12,4,0.18207988142967224,1.0,-12.922743797302246,4.359511852264404,1.0,0.6598537489771843,3679.24609375,67.03369140625,,data/instances/train/real_06.cip
mix_12_4,49,2656,2656,B,,60.0,100,0.032184720039367676,0.37342846393585205,2.905926465988159,0.050000000000000044,,,,,,,,,,,,,,,,,,,,,16,,252,224,28,1666843124,883352860,432,0,12,4,0.176126167178154,1.0,-14.16424560546875,5.978564262390137,1.0,0.660839956253767,3679.24609375,67.03369140625,,data/instances/train/real_06.cip
mix_12_4,49,2657,2657,B,,60.0,100,0.06737495213747025,0.7255622148513794,5.480874538421631,0.050000000000000044,,,,,,,,,,,,,,,,,,,,,16,,252,224,28,1662164116,883352860,433,0,12,4,0.13082633912563324,1.0,-13.791841506958008,6.014678478240967,1.0,0.6486977990716696,3679.24609375,67.03369140625,,data/instances/train/real_06.cip
mix_12_4,49,2658,2658,B,,60.0,100,0.09390181303024292,0.5193336009979248,7.764468193054199,0.050000000000000044,,,,,,,,,,,,,,,,,,,,,16,,252,224,28,1662164116,883352860,433,0,12,4,0.31961673498153687,1.0,-12.861827850341797,4.682185649871826,1.0,0.6530898492783308,3679.24609375,67.03369140625,,data/instances/train/real_06.cip
mix_12_4,49,2659,2659,B,,60.0,100,0.0702105313539505,0.5917043685913086,1.348099708557129,0.050000000000000044,,,,,,,,,,,,,,,,,,,,,16,,252,224,28,1662164116,883352860,433,0,12,4,0.20154906809329987,1.0,-13.119053840637207,4.11598014831543,1.0,0.6589989196509123,3679.24609375,67.03369140625,,data/instances/train/real_06.cip
mix_12_4,49,2660,2660,B,,60.0,100,0.023982129991054535,0.4921610653400421,1.6431379318237305,0.050000000000000044,,,,,,,,,,,,,,,,,,,,,16,,252,224,28,1662164116,883352860,433,0,12,4,0.06414484232664108,1.0,-12.613025665283203,5.467017650604248,1.0,0.6578391995280981,3679.24609375,67.03369140625,,data/instances/train/real_06.cip
mix_12_4,49,2661,2661,B,,60.0,100,0.07697652280330658,0.506739616394043,8.915668487548828,0.050000000000000044,,,,,,,,,,,,,,,,,,,,,16,,252,224,28,1657489680,883352860,434,0,12,4,0.21836481988430023,1.0,-12.898664474487305,4.528228759765625,1.0,0.6420353967696428,3679.24609375,67.03369140625,,data/instances/train/real_06.cip
mix_12_4,49,2662,2662,B,,60.0,100,0.020757092162966728,0.5596421957015991,1.3435031175613403,0.050000000000000044,,,,,,,,,,,,,,,,,,,,,16,,252,224,28,1657489680,883352860,434,0,12,4,0.04238218441605568,1.0,-12.566376686096191,5.208261013031006,1.0,0.6633071806281805,3679.24609375,67.03369140625,,data/instances/train/real_06.cip
mix_12_4,49,2663,2663,B,,60.0,100,0.13964062929153442,0.6650872230529785,5.954066753387451,0.050000000000000044,,,,,,,,,,,,,,,,,,,,,16,,252,224,28,1657489680,883352860,434,0,12,4,0.11684155464172363,1.0,-13.894367218017578,5.249951362609863,1.0,0.6493577994406223,3679.24609375,67.03369140625,,data/instances/train/real_06.cip
mix_12_4,49,2664,2664,B,,60.0,100,0.08142880350351334,0.5029870867729187,5.340419292449951,0.050000000000000044,,,,,,,,,,,,,,,,,,,,,16,,252,224,28,1657489680,883352860,434,0,12,4,0.1899627298116684,1.0,-12.772698402404785,4.563327312469482,1.0,0.661583611741662,3679.24609375,67.03369140625,,data/instances/train/real_06.cip
mix_12_4,49,2665,2665,B,,60.0,100,0.07042583078145981,0.5885109305381775,2.3149161338806152,0.050000000000000044,,,,,,,,,,,,,,,,,,,,,16,,252,224,28,1652913048,883352860,435,0,12,4,0.15537190437316895,1.0,-11.439966201782227,4.802517890930176,1.0,0.6381583400070667,3679.24609375,67.03369140625,,data/instances/train/real_06.cip
mix_12_4,49,2666,2666,B,,60.0,100,0.04172712564468384,0.7484407424926758,4.332352638244629,0.050000000000000044,,,,,,,,,,,,,,,,,,,,,16,,252,224,28,1652913048,883352860,435,0,12,4,0.04912353679537773,1.0,-12.561098098754883,4.9743852615356445,1.0,0.6632587015628815,3679.24609375,67.03369140625,,data/instances/train/real_06.cip
mix_12_4,49,2667,2667,B,,60.0,100,0.06783503293991089,0.6308045387268066,8.189190864562988,0.050000000000000044,,,,,,,,,,,,,,,,,,,,,16,,252,224,28,1652913048,883352860,435,0,12,4,0.07238262891769409,1.0,-13.1696138381958,5.2977681159973145,1.0,0.6493841242045164,3679.24609375,67.03369140625,,data/instances/train/real_06.cip
mix_12_4,49,2668,2668,B,,60.0,100,0.048342522233724594,0.5254697799682617,1.749264121055603,0.050000000000000044,,,,,,,,,,,,,,,,,,,,,16,,252,224,28,1652913048,883352860,435,0,12,4,0.18942511081695557,1.0,-12.828119277954102,4.390456199645996,1.0,0.6459913514554501,3679.24609375,67.03369140625,,data/instances/train/real_06.cip
mix_12_4,49,2669,2669,B,,60.0,100,0.04431217163801193,0.522773265838623,1.5583083629608154,0.050000000000000044,,,,,,,,,,,,,,,,,,,,,16,,252,224,28,1648324240,883352860,436,0,12,4,0.13523979485034943,1.0,-12.964519500732422,4.050047874450684,1.0,0.6386609952896833,3679.24609375,67.03369140625,,data/instances/train/real_06.cip
mix_12_4,49,2670,2670,B,,60.0,100,0.018955392763018608,0.9911507368087769,2.729787826538086,0.050000000000000044,,,,,,,,,,,,,,,,,,,,,16,,252,224,28,1648324240,883352860,436,0,12,4,0.007121580187231302,1.0,-13.524652481079102,4.447119235992432,1.0,0.6515234299004078,3679.24609375,67.03369140625,,data/instances/train/real_06.cip
mix_12_4,49,2671,2671,B,,60.0,100,0.05318988487124443,0.5746661424636841,6.416635513305664,0.050000000000000044,,,,,,,,,,,,,,,,,,,,,16,,252,224,28,1648324240,883352860,436,0,12,4,0.0625172108411789,1.0,-12.305843353271484,5.1671462059021,1.0,0.6665942594408989,3679.24609375,67.03369140625,,data/instances/train/real_06.cip
mix_12_4,49,2672,2672,B,,60.0,100,0.1585606336593628,0.8694766163825989,7.764378547668457,0.050000000000000044,,,,,,,,,,,,,,,,,,,,,16,,252,224,28,1648324240,883352860,436,0,12,4,0.2197822481393814,1.0,-11.030062675476074,3.719099521636963,1.0,0.6594255678355694,3679.24609375,67.03369140625,,data/instances/train/real_06.cip
mix_12_4,49,2673,2673,B,,60.0,100,0.02280116081237793,0.6183703541755676,1.0704649686813354,0.050000000000000044,,,,,,,,,,,,,,,,,,,,,16,,252,224,28,1643706788,883352860,437,0,12,4,0.03798404708504677,1.0,-13.745481491088867,4.620811462402344,1.0,0.6491967123001814,3679.24609375,67.03369140625,,data/instances/train/real_06.cip
mix_12_4,49,2674,2674,B,,60.0,100,0.06198284775018692,0.4962644875049591,3.5017831325531006,0.050000000000000044,,,,,,,,,,,,,,,,,,,,,16,,252,224,28,1643706788,883352860,437,0,12,4,0.21083727478981018,1.0,-13.51807689666748,5.090566635131836,1.0,0.6378097590059042,3679.24609375,67.03369140625,,data/instances/train/real_06.cip
mix_12_4,49,2675,2675,B,,60.0,100,0.06566662341356277,0.7461603879928589,4.873342037200928,0.050000000000000044,,,,,,,,,,,,,,,,,,,,,16,,252,224,28,1643706788,883352860,437,0,12,4,0.10789661109447479,1.0,-14.046524047851562,4.034970283508301,1.0,0.6537326537072659,3679.24609375,67.03369140625,,data/instances/train/real_06.cip
mix_12_4,49,2676,2676,B,,60.0,100,0.006814268883317709,0.34898272156715393,1.6231584548950195,0.050000000000000044,,,,,,,,,,,,,,,,,,,,,16,,252,224,28,1643706788,883352860,437,0,12,4,0.03844394534826279,1.0,-14.578689575195312,4.151971340179443,1.0,0.647235969081521,3679.24609375,67.03369140625,,data/instances/train/real_06.cip
mix_12_4,49,2677,2677,B,,60.0,100,0.131045401096344,0.6670397520065308,3.2304317951202393,0.050000000000000044,,,,,,,,,,,,,,,,,,,,,16,,252,224,28,1641396580,883352860,438,0,12,4,0.18039661645889282,1.0,-13.975717544555664,4.595508575439453,1.0,0.6468933075666428,3679.24609375,67.03369140625,,data/instances/train/real_06.cip
mix_12_4,49,2678,2678,B,,60.0,100,0.018080778419971466,0.5210331082344055,2.8771235942840576,0.050000000000000044,,,,,,,,,,,,,,,,,,,,,16,,252,224,28,1641396580,883352860,438,0,12,4,0.048258114606142044,1.0,-13.342494010925293,3.225186586380005,1.0,0.6529689691960812,3679.24609375,67.03369140625,,data/instances/train/real_06.cip
mix_12_4,49,2679,2679,B,,60.0,100,0.04096289351582527,0.45296138525009155,4.282149314880371,0.050000000000000044,,,,,,,,,,,,,,,,,,,,,16,,252,224,28,1641396580,883352860,438,0,12,4,0.183654323220253,1.0,-13.414312362670898,5.28623104095459,1.0,0.6383837666362524,3679.24609375,67.03369140625,,data/instances/train/real_06.cip
mix_12_4,49,2680,2680,B,,60.0,100,0.038646768778562546,0.5870369076728821,1.0159517526626587,0.050000000000000044,,,,,,,,,,,,,,,,,,,,,16,,252,224,28,1641396580,883352860,438,0,12,4,0.12348496168851852,1.0,-11.610217094421387,4.893791198730469,1.0,0.6423548720777035,3679.24609375,67.03369140625,,data/instances/train/real_06.cip
mix_12_4,49,2681,2681,B,,60.0,100,0.04964738339185715,0.39609408378601074,1.27825927734375,0.050000000000000044,,,,,,,,,,,,,,,,,,,,,16,,252,224,28,1639121092,883352860,439,0,12,4,0.3157603442668915,1.0,-12.925760269165039,5.343331336975098,1.0,0.6277487520128489,3678.24609375,67.03369140625,,data/instances/train/real_06.cip
mix_12_4,49,2682,2682,B,,60.0,100,0.019013557583093643,0.4872448444366455,2.380274534225464,0.050000000000000044,,,,,,,,,,,,,,,,,,,,,16,,252,224,28,1639121092,883352860,439,0,12,4,0.062282007187604904,1.0,-11.509078979492188,5.0263848304748535,1.0,0.6332889031618834,3678.24609375,67.03369140625,,data/instances/train/real_06.cip
mix_12_4,49,2683,2683,B,,60.0,100,0.035098589956760406,0.4298662841320038,2.698854684829712,0.050000000000000044,,,,,,,,,,,,,,,,,,,,,16,,252,224,28,1639121092,883352860,439,0,12,4,0.1455269604921341,1.0,-15.113460540771484,4.200604438781738,1.0,0.6444235946983099,3678.24609375,67.03369140625,,data/instances/train/real_06.cip
mix_12_4,49,2684,2684,B,,60.0,100,0.016514476388692856,0.315565288066864,1.3744370937347412,0.050000000000000044,,,,,,,,,,,,,,,,,,,,,16,,252,224,28,1639121092,883352860,439,0,12,4,0.08065326511859894,1.0,-12.740860939025879,5.065764427185059,1.0,0.6456100139766932,3678.24609375,67.03369140625,,data/instances/train/real_06.cip
mix_12_4,49,2685,2685,B,,60.0,100,0.10665073245763779,0.611693263053894,4.714265823364258,0.050000000000000044,,,,,,,,,,,,,,,,,,,,,16,,252,224,28,1636800192,883352860,440,0,12,4,0.2692517340183258,1.0,-13.24046516418457,3.909390449523926,39.0,0.6381212472915649,3678.24609375,67.03369140625,,data/instances/train/real_06.cip
mix_12_4,49,2686,2686,B,,60.0,100,0.07376918196678162,0.5705491304397583,4.392940998077393,0.050000000000000044,,,,,,,,,,,,,,,,,,,,,16,,252,224,28,1636800192,883352860,440,0,12,4,0.20825156569480896,1.0,-12.4947509765625,4.9607439041137695,39.0,0.6455076057463884,3678.24609375,67.03369140625,,data/instances/train/real_06.cip
mix_12_4,49,2687,2687,B,,60.0,100,0.05619063973426819,0.743834376335144,6.03419828414917,0.050000000000000044,,,,,,,,,,,,,,,,,,,,,16,,252,224,28,1636800192,883352860,440,0,12,4,0.0806884616613388,1.0,-12.277546882629395,5.489275932312012,39.0,0.6475550085306168,3678.24609375,67.03369140625,,data/instances/train/real_06.cip
mix_12_4,49,2688,2688,B,,60.0,100,0.037742480635643005,0.353320837020874,3.6040635108947754,0.050000000000000044,,,,,,,,,,,,,,,,,,,,,16,,252,224,28,1636800192,883352860,440,0,12,4,0.30178871750831604,1.0,-11.665825843811035,5.1285529136657715,39.0,0.6310835611075163,3678.24609375,67.03369140625,,data/instances/train/real_06.cip
mix_12_4,49,2689,2689,B,,60.0,100,0.1045023649930954,0.7986674308776855,9.096940994262695,0.050000000000000044,,,,,,,,,,,,,,,,,,,,,16,,252,224,28,1633769416,883352860,441,0,12,4,0.11052750796079636,1.0,-11.967557907104492,5.2859296798706055,1.0,0.6351198889315128,3678.24609375,67.03369140625,,data/instances/train/real_06.cip
mix_12_4,49,2690,2690,B,,60.0,100,0.07823138684034348,0.8795657753944397,7.492994785308838,0.050000000000000044,,,,,,,,,,,,,,,,,,,,,16,,252,224,28,1633769416,883352860,441,0,12,4,0.07475420832633972,1.0,-12.972713470458984,4.460018634796143,1.0,0.6530917026102543,3677.24609375,67.03369140625,,data/instances/train/real_06.cip
mix_12_4,49,2691,2691,B,,60.0,100,0.0812629833817482,0.7599575519561768,5.556718349456787,0.050000000000000044,,,,,,,,,,,,,,,,,,,,,16,,252,224,28,1633769416,883352860,441,0,12,4,0.13814671337604523,1.0,-12.273890495300293,3.9099740982055664,1.0,0.6492255367338657,3677.25,67.03369140625,,data/instances/train/real_06.cip
mix_12_4,49,2692,2692,B,,60.0,100,0.03646986559033394,0.41241973638534546,1.4163734912872314,0.050000000000000044,,,,,,,,,,,,,,,,,,,,,16,,252,224,28,1633769416,883352860,441,0,12,4,0.12553687393665314,1.0,-13.747698783874512,4.0030999183654785,1.0,0.648119181394577,3677.25,67.03369140625,,data/instances/train/real_06.cip
mix_12_4,49,2693,2693,B,,60.0,100,0.07991430908441544,0.6136375665664673,8.649907112121582,0.050000000000000044,,,,,,,,,,,,,,,,,,,,,16,,252,224,28,1630558648,883352860,442,0,12,4,0.14404240250587463,1.0,-14.962398529052734,4.4538726806640625,1.0,0.6276895832270384,3676.265625,67.03369140625,,data/instances/train/real_06.cip
mix_12_4,49,2694,2694,B,,60.0,100,0.01785658672451973,0.3628794550895691,2.7774112224578857,0.050000000000000044,,,,,,,,,,,,,,,,,,,,,16,,252,224,28,1630558648,883352860,442,0,12,4,0.06538767367601395,1.0,-15.67033863067627,3.928497791290283,1.0,0.6473767757415771,3676.265625,67.03369140625,,data/instances/train/real_06.cip
mix_12_4,49,2695,2695,B,,60.0,100,0.012844043783843517,0.3750854730606079,0.764069139957428,0.050000000000000044,,,,,,,,,,,,,,,,,,,,,16,,252,224,28,1630558648,883352860,442,0,12,4,0.07072220742702484,1.0,-14.653949737548828,3.6743526458740234,1.0,0.6422308627516031,3676.265625,67.03369140625,,data/instances/train/real_06.cip
mix_12_4,49,2696,2696,B,,60.0,100,0.06866541504859924,0.6646689772605896,4.00408935546875,0.050000000000000044,,,,,,,,,,,,,,,,,,,,,16,,252,224,28,1630558648,883352860,442,0,12,4,0.09294933825731277,1.0,-13.15386962890625,4.585268020629883,1.0,0.6525963209569454,3676.265625,67.03369140625,,data/instances/train/real_06.cip
mix_12_4,49,2697,2697,B,,60.0,100,0.015755951404571533,0.4688054621219635,0.29672229290008545,0.050000000000000044,,,,,,,,,,,,,,,,,,,,,16,,252,224,28,1626773724,883352860,443,0,12,4,0.044185563921928406,1.0,-14.071407318115234,4.409191131591797,1.0,0.6465591751039028,3676.265625,67.03369140625,,data/instances/train/real_06.cip
mix_12_4,49,2698,2698,B,,60.0,100,0.01996910199522972,0.5980838537216187,2.880976676940918,0.050000000000000044,,,,,,,,,,,,,,,,,,,,,16,,252,224,28,1626773724,883352860,443,0,12,4,0.02909318171441555,1.0,-13.574546813964844,4.001255035400391,1.0,0.651086563244462,3676.265625,67.03369140625,,data/instances/train/real_06.cip
mix_12_4,49,2699,2699,B,,60.0,100,0.04968385025858879,0.6140978336334229,5.415851593017578,0.050000000000000044,,,,,,,,,,,,,,,,,,,,,16,,252,224,28,1626773724,883352860,443,0,12,4,0.08766952157020569,1.0,-11.501660346984863,3.556572437286377,1.0,0.6486981529742479,3676.265625,67.03369140625,,data/instances/train/real_06.cip
mix_12_4,49,2700,2700,B,,60.0,100,0.020040562376379967,0.6575000882148743,2.4419612884521484,0.050000000000000044,,,,,,,,,,,,,,,,,,,,,16,,252,224,28,1626773724,883352860,443,0,12,4,0.010857643559575081,1.0,-12.314332008361816,4.2187628746032715,1.0,0.6263082828372717,3676.265625,67.03369140625,,data/instances/train/real_06.cip
mix_12_4,49,2701,2701,B,,60.0,100,0.11253495514392853,0.8511537909507751,4.867293357849121,0.050000000000000044,,,,,,,,,,,,,,,,,,,,,16,,252,224,28,1622421856,883352860,444,0,12,4,0.15645137429237366,1.0,-13.396451950073242,4.58097505569458,1.0,0.6294103004038334,3676.265625,67.03369140625,,data/instances/train/real_06.cip
mix_12_4,49,2702,2702,B,,60.0,100,0.10203222930431366,0.74808669090271,4.2297258377075195,0.050000000000000044,,,,,,,,,,,,,,,,,,,,,16,,252,224,28,1622421856,883352860,444,0,12,4,0.1553749144077301,1.0,-13.916154861450195,4.008232593536377,1.0,0.5728456266224384,3676.265625,67.03369140625,,data/instances/train/real_06.cip
mix_12_4,49,2703,2703,B,,60.0,100,0.1457505226135254,0.8196665644645691,6.097049236297607,0.050000000000000044,,,,,,,,,,,,,,,,,,,,,16,,252,224,28,1622421856,883352860,444,0,12,4,0.21954311430454254,1.0,-12.904486656188965,5.4602766036987305,1.0,0.6425142511725426,3676.265625,67.03369140625,,data/instances/train/real_06.cip
mix_12_4,49,2704,2704,B,,60.0,100,0.029431592673063278,0.6981403827667236,2.9322962760925293,0.050000000000000044,,,,,,,,,,,,,,,,,,,,,16,,252,224,28,1622421856,883352860,444,0,12,4,0.04798407107591629,1.0,-13.157367706298828,4.393012523651123,1.0,0.5525377634912729,3676.265625,67.03369140625,,data/instances/train/real_06.cip
mix_12_4,49,2705,2705,B,,60.0,100,0.01794242113828659,0.9465480446815491,2.6687488555908203,0.050000000000000044,,,,,,,,,,,,,,,,,,,,,16,,252,224,28,1618241784,883352860,445,0,12,4,0.019312510266900063,1.0,-13.45048999786377,4.491150379180908,1.0,0.63281025364995,3676.265625,67.03369140625,,data/instances/train/real_06.cip
mix_12_4,49,2706,2706,B,,60.0,100,0.03743204474449158,0.7004914283752441,2.966895818710327,0.050000000000000044,,,,,,,,,,,,,,,,,,,,,16,,252,224,28,1618241784,883352860,445,0,12,4,0.06052016094326973,1.0,-14.038152694702148,3.6315219402313232,1.0,0.6694444566965103,3676.265625,67.03369140625,,data/instances/train/real_06.cip
mix_12_4,49,2707,2707,B,,60.0,100,0.0793931633234024,0.7070862054824829,2.4498069286346436,0.050000000000000044,,,,,,,,,,,,,,,,,,,,,16,,252,224,28,1618241784,883352860,445,0,12,4,0.14744551479816437,1.0,-13.313299179077148,4.852946758270264,1.0,0.6543802004307508,3676.265625,67.03369140625,,data/instances/train/real_06.cip
mix_12_4,49,2708,2708,B,,60.0,100,0.04413373023271561,0.6296600699424744,3.3880369663238525,0.050000000000000044,,,,,,,,,,,,,,,,,,,,,16,,252,224,28,1618241784,883352860,445,0,12,4,0.08742483705282211,1.0,-13.112573623657227,4.307050704956055,1.0,0.6556433197110891,3676.265625,67.03369140625,,data/instances/train/real_06.cip
mix_12_4,49,2709,2709,B,,60.0,100,0.058659628033638,0.8230421543121338,3.279526710510254,0.050000000000000044,,,,,,,,,,,,,,,,,,,,,16,,252,224,28,1613931016,883352860,446,0,12,4,0.07415719330310822,1.0,-12.838947296142578,4.378328800201416,1.0,0.6398636680096388,3676.265625,67.03369140625,,data/instances/train/real_06.cip
mix_12_4,49,2710,2710,B,,60.0,100,0.027735408395528793,0.6231231689453125,3.4059946537017822,0.050000000000000044,,,,,,,,,,,,,,,,,,,,,16,,252,224,28,1613931016,883352860,446,0,12,4,0.015510331839323044,1.0,-13.713948249816895,4.8772053718566895,1.0,0.6404738537967205,3676.265625,67.03369140625,,data/instances/train/real_06.cip
mix_12_4,49,2711,2711,B,,60.0,100,0.025929979979991913,0.39854127168655396,3.171700954437256,0.050000000000000044,,,,,,,,,,,,,,,,,,,,,16,,252,224,28,1613931016,883352860,446,0,12,4,0.08757603168487549,1.0,-15.143678665161133,3.49149751663208,1.0,0.6556854527443647,3676.265625,67.03369140625,,data/instances/train/real_06.cip
mix_12_4,49,2712,2712,B,,60.0,100,0.03910832852125168,0.6506878137588501,2.529134750366211,0.050000000000000044,,,,,,,,,,,,,,,,,,,,,16,,252,224,28,1613931016,883352860,446,0,12,4,0.06378252059221268,1.0,-13.42402172088623,5.075831413269043,1.0,0.6380158830434084,3676.265625,67.03369140625,,data/instances/train/real_06.cip
episode,49,2712,2712,B,,60.0,100,0.03910832852125168,0.6506878137588501,2.529134750366211,0.050000000000000044,-16.0764,-16.0,-0.07640000000000001,-16.0764,True,17,62.436908,,,,,,,,inf,0.0003835779519579977,120.0,10.759039,0.0,10373,16,True,252,224,28,1605191372,883352860,448,0,12,4,,,,,3.375,,3676.265625,67.03369140625,timelimit,data/instances/train/real_06.cip
mix_12_4,50,2713,2713,B,,60.0,100,0.0649612620472908,0.6128689050674438,3.4967198371887207,0.050000000000000044,,,,,,,,,,,,,,,,,,,,,16,,252,224,28,1605191372,883352860,448,0,12,4,0.11188742518424988,1.0,-13.444398880004883,5.810474872589111,1.0,0.6836297959089279,3676.80078125,67.03369140625,,data/instances/train/real_07.cip
mix_12_4,50,2714,2714,B,,60.0,100,0.09024281054735184,0.7414745688438416,2.927218437194824,0.050000000000000044,,,,,,,,,,,,,,,,,,,,,16,,252,224,28,1605191372,883352860,448,0,12,4,0.20112338662147522,1.0,-12.57921028137207,5.0503315925598145,1.0,0.6353933084756136,3676.80078125,67.03369140625,,data/instances/train/real_07.cip
mix_12_4,50,2715,2715,B,,60.0,100,0.11794483661651611,0.8056952357292175,5.625922203063965,0.050000000000000044,,,,,,,,,,,,,,,,,,,,,16,,252,224,28,1605191372,883352860,448,0,12,4,0.18595156073570251,1.0,-11.512027740478516,3.694085121154785,1.0,0.5814215652644634,3676.80078125,67.03369140625,,data/instances/train/real_07.cip
mix_12_4,50,2716,2716,B,,60.0,100,0.012200163677334785,0.6159408092498779,1.0979564189910889,0.050000000000000044,,,,,,,,,,,,,,,,,,,,,16,,252,224,28,1605191372,883352860,448,0,12,4,0.025559337809681892,1.0,-12.282055854797363,4.0279364585876465,1.0,0.6320119276642799,3676.80078125,67.03369140625,,data/instances/train/real_07.cip
mix_12_4,50,2717,2717,B,,60.0,100,0.07992726564407349,0.5901762247085571,4.043211460113525,0.050000000000000044,,,,,,,,,,,,,,,,,,,,,16,,252,224,28,1605191372,883352860,448,0,12,4,0.21588732302188873,1.0,-14.417936325073242,4.4546589851379395,1.0,0.6398631315678358,3676.80078125,67.03369140625,,data/instances/train/real_07.cip
mix_12_4,50,2718,2718,B,,60.0,100,0.12217730283737183,0.7474925518035889,1.979726791381836,0.050000000000000044,,,,,,,,,,,,,,,,,,,,,16,,252,224,28,1605191372,883352860,448,0,12,4,0.22695206105709076,1.0,-12.697624206542969,4.009922504425049,1.0,0.6412027068436146,3676.80078125,67.03369140625,,data/instances/train/real_07.cip
mix_12_4,50,2719,2719,B,,60.0,100,0.03827383369207382,0.5475476980209351,3.816660165786743,0.050000000000000044,,,,,,,,,,,,,,,,,,,,,16,,252,224,28,1605191372,883352860,448,0,12,4,0.06044936180114746,1.0,-13.488576889038086,5.112060546875,1.0,0.6346084885299206,3676.80078125,67.03369140625,,data/instances/train/real_07.cip
mix_12_4,50,2720,2720,B,,60.0,100,0.022716186940670013,0.4310440421104431,1.401092529296875,0.050000000000000044,,,,,,,,,,,,,,,,,,,,,16,,252,224,28,1605191372,883352860,448,0,12,4,0.07399076223373413,1.0,-13.290923118591309,4.803243160247803,1.0,0.6051938217133284,3676.80078125,67.03369140625,,data/instances/train/real_07.cip
mix_12_4,50,2721,2721,B,,60.0,100,0.01898578740656376,0.5182204842567444,0.9236591458320618,0.050000000000000044,,,,,,,,,,,,,,,,,,,,,16,,252,224,28,1604870576,883352860,449,0,12,4,0.0442948043346405,1.0,-11.869831085205078,3.486872911453247,1.0,0.6334307566285133,3676.80078125,67.03369140625,,data/instances/train/real_07.cip
mix_12_4,50,2722,2722,B,,60.0,100,0.04958287999033928,0.6568912267684937,2.241184711456299,0.050000000000000044,,,,,,,,,,,,,,,,,,,,,16,,252,224,28,1604870576,883352860,449,0,12,4,0.06691712141036987,1.0,-12.835010528564453,4.390044689178467,1.0,0.6547565348446369,3676.80078125,67.03369140625,,data/instances/train/real_07.cip
mix_12_4,50,2723,2723,B,,60.0,100,0.04656175896525383,0.7085264325141907,3.897542953491211,0.050000000000000044,,,,,,,,,,,,,,,,,,,,,16,,252,224,28,1604870576,883352860,449,0,12,4,0.06893415749073029,1.0,-15.208442687988281,3.2548601627349854,1.0,0.6576421000063419,3676.80078125,67.03369140625,,data/instances/train/real_07.cip
mix_12_4,50,2724,2724,B,,60.0,100,0.057212382555007935,0.7659428715705872,5.513455390930176,0.050000000000000044,,,,,,,,,,,,,,,,,,,,,16,,252,224,28,1604870576,883352860,449,0,12,4,0.08538364619016647,1.0,-13.333291053771973,4.367524147033691,1.0,0.6489480938762426,3676.80078125,67.03369140625,,data/instances/train/real_07.cip
mix_12_4,50,2725,2725,B,,60.0,100,0.08815782517194748,0.6620928049087524,1.9308667182922363,0.050000000000000044,,,,,,,,,,,,,,,,,,,,,16,,252,224,28,1604283780,883352860,450,0,12,4,0.21770957112312317,1.0,-12.765602111816406,4.283118724822998,1.0,0.6219112034887075,3676.80078125,67.03369140625,,data/instances/train/real_07.cip
mix_12_4,50,2726,2726,B,,60.0,100,0.11716406792402267,0.8097712993621826,2.448237895965576,0.050000000000000044,,,,,,,,,,,,,,,,,,,,,16,,252,224,28,1604283780,883352860,450,0,12,4,0.16748574376106262,1.0,-13.159716606140137,4.120544910430908,1.0,0.6584131792187691,3676.80078125,67.03369140625,,data/instances/train/real_07.cip
mix_12_4,50,2727,2727,B,,60.0,100,0.04379098117351532,0.6294928193092346,5.347586154937744,0.050000000000000044,,,,,,,,,,,,,,,,,,,,,16,,252,224,28,1604283780,883352860,450,0,12,4,0.09180613607168198,1.0,-14.026603698730469,4.230492115020752,1.0,0.6494605056941509,3676.80078125,67.03369140625,,data/instances/train/real_07.cip
mix_12_4,50,2728,2728,B,,60.0,100,0.008792027831077576,0.5972949266433716,0.5576067566871643,0.050000000000000044,,,,,,,,,,,,,,,,,,,,,16,,252,224,28,1604283780,883352860,450,0,12,4,0.02054186910390854,1.0,-13.297979354858398,3.5532093048095703,1.0,0.6325217690318823,3676.80078125,67.03369140625,,data/instances/train/real_07.cip
mix_12_4,50,2729,2729,B,,60.0,100,0.07173828780651093,0.7208042144775391,2.208810806274414,0.050000000000000044,,,,,,,,,,,,,,,,,,,,,16,,252,224,28,1603768016,883352860,451,0,12,4,0.10296231508255005,1.0,-13.05920124053955,3.976003646850586,1.0,0.6477955430746078,3676.80078125,67.03369140625,,data/instances/train/real_07.cip
mix_12_4,50,2730,2730,B,,60.0,100,0.05249657481908798,0.6055198907852173,4.675041675567627,0.050000000000000044,,,,,,,,,,,,,,,,,,,,,16,,252,224,28,1603768016,883352860,451,0,12,4,0.07253052294254303,1.0,-13.115582466125488,3.56430721282959,1.0,0.656096326187253,3676.80078125,67.03369140625,,data/instances/train/real_07.cip
mix_12_4,50,2731,2731,B,,60.0,100,0.01767558977007866,0.38391992449760437,0.4641200304031372,0.050000000000000044,,,,,,,,,,,,,,,,,,,,,16,,252,224,28,1603768016,883352860,451,0,12,4,0.11266764253377914,1.0,-14.026376724243164,4.202975749969482,1.0,0.5042400639504194,3676.80078125,67.03369140625,,data/instances/train/real_07.cip
mix_12_4,50,2732,2732,B,,60.0,100,0.029186701402068138,0.7047736644744873,1.8803356885910034,0.050000000000000044,,,,,,,,,,,,,,,,,,,,,16,,252,224,28,1603768016,883352860,451,0,12,4,0.05172334983944893,1.0,-13.732553482055664,4.536631107330322,1.0,0.6185328755527735,3676.80078125,67.03369140625,,data/instances/train/real_07.cip
mix_12_4,50,2733,2733,B,,60.0,100,0.05884171277284622,0.7788963317871094,3.78598952293396,0.050000000000000044,,,,,,,,,,,,,,,,,,,,,16,,252,224,28,1603351472,883352860,452,0,12,4,0.059212762862443924,1.0,-15.024201393127441,3.6531660556793213,1.0,0.6425470057874918,3676.80078125,67.03369140625,,data/instances/train/real_07.cip
mix_12_4,50,2734,2734,B,,60.0,100,0.033549971878528595,0.5007165670394897,2.6804614067077637,0.050000000000000044,,,,,,,,,,,,,,,,,,,,,16,,252,224,28,1603351472,883352860,452,0,12,4,0.10885012894868851,1.0,-13.433317184448242,4.672502040863037,1.0,0.6460429672151804,3676.80078125,67.03369140625,,data/instances/train/real_07.cip
mix_12_4,50,2735,2735,B,,60.0,100,0.031696073710918427,0.39046287536621094,1.3950583934783936,0.050000000000000044,,,,,,,,,,,,,,,,,,,,,16,,252,224,28,1603351472,883352860,452,0,12,4,0.13200649619102478,1.0,-15.02779769897461,4.069482326507568,1.0,0.6540415491908789,3676.80078125,67.03369140625,,data/instances/train/real_07.cip
mix_12_4,50,2736,2736,B,,60.0,100,0.1141381487250328,0.7539238929748535,9.882039070129395,0.050000000000000044,,,,,,,,,,,,,,,,,,,,,16,,252,224,28,1603351472,883352860,452,0,12,4,0.16170549392700195,1.0,-12.727132797241211,4.578035354614258,1.0,0.6392196957021952,3676.80078125,67.03369140625,,data/instances/train/real_07.cip
mix_12_4,50,2737,2737,B,,60.0,100,0.043260358273983,0.6615530252456665,3.58400821685791,0.050000000000000044,,,,,,,,,,,,,,,,,,,,,16,,252,224,28,1602966708,883352860,453,0,12,4,0.07081713527441025,1.0,-14.477879524230957,4.190509796142578,1.0,0.6442497670650482,3676.80078125,67.03369140625,,data/instances/train/real_07.cip
mix_12_4,50,2738,2738,B,,60.0,100,0.10294441133737564,0.558928906917572,7.414612293243408,0.050000000000000044,,,,,,,,,,,,,,,,,,,,,16,,252,224,28,1602966708,883352860,453,0,12,4,0.22548654675483704,1.0,-14.878089904785156,3.0751125812530518,1.0,0.6284977588802576,3676.80078125,67.03369140625,,data/instances/train/real_07.cip
mix_12_4,50,2739,2739,B,,60.0,100,0.016187218949198723,0.3629184663295746,2.5980000495910645,0.050000000000000044,,,,,,,,,,,,,,,,,,,,,16,,252,224,28,1602966708,883352860,453,0,12,4,0.06937114149332047,1.0,-14.415672302246094,4.185206413269043,1.0,0.6539799943566322,3676.80078125,67.03369140625,,data/instances/train/real_07.cip
mix_12_4,50,2740,2740,B,,60.0,100,0.06115691363811493,0.5625851154327393,0.7725555896759033,0.050000000000000044,,,,,,,,,,,,,,,,,,,,,16,,252,224,28,1602966708,883352860,453,0,12,4,0.1356322467327118,1.0,-14.024301528930664,2.211024284362793,1.0,0.6545164790004492,3676.80078125,67.03369140625,,data/instances/train/real_07.cip
mix_12_4,50,2741,2741,B,,60.0,100,0.09590959548950195,0.8156149387359619,2.229100227355957,0.050000000000000044,,,,,,,,,,,,,,,,,,,,,16,,252,224,28,1602611888,883352860,454,0,12,4,0.14010505378246307,1.0,-13.950552940368652,3.293999433517456,1.0,0.6409079749137163,3676.80078125,67.03369140625,,data/instances/train/real_07.cip
mix_12_4,50,2742,2742,B,,60.0,100,0.04597427323460579,0.5812187790870667,3.2971975803375244,0.050000000000000044,,,,,,,,,,,,,,,,,,,,,16,,252,224,28,1602611888,883352860,454,0,12,4,0.08700070530176163,1.0,-15.44637680053711,3.2411081790924072,1.0,0.6074591092765331,3676.80078125,67.03369140625,,data/instances/train/real_07.cip
mix_12_4,50,2743,2743,B,,60.0,100,0.09553872048854828,0.7428638339042664,9.097034454345703,0.050000000000000044,,,,,,,,,,,,,,,,,,,,,16,,252,224,28,1602611888,883352860,454,0,12,4,0.12694142758846283,1.0,-13.321535110473633,4.27194356918335,1.0,0.6453918907791376,3676.80078125,67.03369140625,,data/instances/train/real_07.cip
mix_12_4,50,2744,2744,B,,60.0,100,0.0398377999663353,0.3426949083805084,2.1822760105133057,0.050000000000000044,,,,,,,,,,,,,,,,,,,,,16,,252,224,28,1602611888,883352860,454,0,12,4,0.19385996460914612,1.0,-14.417007446289062,3.2054526805877686,1.0,0.6473615504801273,3676.80078125,67.03369140625,,data/instances/train/real_07.cip
mix_12_4,50,2745,2745,B,,60.0,100,0.03642076998949051,0.448411762714386,1.655258059501648,0.050000000000000044,,,,,,,,,,,,,,,,,,,,,16,,252,224,28,1602178692,883352860,455,0,12,4,0.09457004815340042,1.0,-14.149206161499023,3.6389636993408203,1.0,0.6183191724121571,3676.80078125,67.03369140625,,data/instances/train/real_07.cip
mix_12_4,50,2746,2746,B,,60.0,100,0.021157898008823395,0.4184058904647827,0.3305493891239166,0.050000000000000044,,,,,,,,,,,,,,,,,,,,,16,,252,224,28,1602178692,883352860,455,0,12,4,0.072111114859581,1.0,-16.047473907470703,3.5493433475494385,1.0,0.5958367977291346,3676.80078125,67.03369140625,,data/instances/train/real_07.cip
mix_12_4,50,2747,2747,B,,60.0,100,0.11742384731769562,0.6444554328918457,12.352685928344727,0.050000000000000044,,,,,,,,,,,,,,,,,,,,,16,,252,224,28,1602178692,883352860,455,0,12,4,0.15340495109558105,1.0,-14.215456008911133,3.5709471702575684,1.0,0.6378934439271688,3676.80078125,67.03369140625,,data/instances/train/real_07.cip
mix_12_4,50,2748,2748,B,,60.0,100,0.0378134623169899,0.6153727173805237,2.580900192260742,0.050000000000000044,,,,,,,,,,,,,,,,,,,,,16,,252,224,28,1602178692,883352860,455,0,12,4,0.10958275198936462,1.0,-14.499350547790527,3.79512095451355,1.0,0.6512111909687519,3676.80078125,67.03369140625,,data/instances/train/real_07.cip
episode,50,2748,2748,B,,60.0,100,0.0378134623169899,0.6153727173805237,2.580900192260742,0.050000000000000044,-9.0033,-9.0,-0.0033000000000000004,-9.0033,True,10,62.019451,,,,,,,,inf,1e+20,120.0,inf,0.0,11439,16,True,252,224,28,1601371080,883352860,457,0,12,4,,,,,1.0,,3676.80078125,67.03369140625,timelimit,data/instances/train/real_07.cip
mix_12_4,51,2749,2749,B,,300.0,100,0.06385454535484314,0.689363956451416,3.2110447883605957,0.050000000000000044,,,,,,,,,,,,,,,,,,,,,16,,252,224,28,1601371080,883352860,457,0,12,4,0.09766709059476852,1.0,-12.637523651123047,4.813739776611328,1.0,0.6867392435669899,4001.79296875,67.03369140625,,data/instances/transfer/real_02.cip
mix_12_4,51,2750,2750,B,,300.0,100,0.06690512597560883,0.8132449984550476,3.9991655349731445,0.050000000000000044,,,,,,,,,,,,,,,,,,,,,16,,252,224,28,1601371080,883352860,457,0,12,4,0.08237416297197342,1.0,-14.185335159301758,4.139376640319824,1.0,0.6727837771177292,4001.79296875,67.03369140625,,data/instances/transfer/real_02.cip
mix_12_4,51,2751,2751,B,,300.0,100,0.016766812652349472,0.5121876001358032,1.02631413936615,0.050000000000000044,,,,,,,,,,,,,,,,,,,,,16,,252,224,28,1601371080,883352860,457,0,12,4,0.05498667433857918,1.0,-14.112016677856445,3.2538347244262695,1.0,0.6624177675694227,4001.79296875,67.03369140625,,data/instances/transfer/real_02.cip
mix_12_4,51,2752,2752,B,,300.0,100,0.08768320083618164,0.6682114601135254,7.722046852111816,0.050000000000000044,,,,,,,,,,,,,,,,,,,,,16,,252,224,28,1601371080,883352860,457,0,12,4,0.2042534202337265,1.0,-15.042814254760742,3.4535317420959473,1.0,0.6511668730527163,4001.79296875,67.03369140625,,data/instances/transfer/real_02.cip
mix_12_4,51,2753,2753,B,,300.0,100,0.017553526908159256,0.37637218832969666,3.0179443359375,0.050000000000000044,,,,,,,,,,,,,,,,,,,,,16,,252,224,28,1601371080,883352860,457,0,12,4,0.05164354294538498,1.0,-13.504440307617188,4.7901458740234375,1101.0,0.6747733391821384,4010.59765625,67.03369140625,,data/instances/transfer/real_02.cip
mix_12_4,51,2754,2754,B,,300.0,100,0.09758260846138,0.5952513217926025,6.773124694824219,0.050000000000000044,,,,,,,,,,,,,,,,,,,,,16,,252,224,28,1601371080,883352860,457,0,12,4,0.15264813601970673,1.0,-14.03701400756836,3.3420777320861816,1101.0,0.654169799759984,4010.59765625,67.03369140625,,data/instances/transfer/real_02.cip
mix_12_4,51,2755,2755,B,,300.0,100,0.040669288486242294,0.49295586347579956,1.518044352531433,0.050000000000000044,,,,,,,,,,,,,,,,,,,,,16,,252,224,28,1601371080,883352860,457,0,12,4,0.16050834953784943,1.0,-13.118967056274414,3.4867565631866455,1101.0,0.6451003476977348,4010.59765625,67.03369140625,,data/instances/transfer/real_02.cip
mix_12_4,51,2756,2756,B,,300.0,100,0.08176267892122269,0.5838741660118103,4.70062780380249,0.050000000000000044,,,,,,,,,,,,,,,,,,,,,16,,252,224,28,1601371080,883352860,457,0,12,4,0.20601406693458557,1.0,-14.27981948852539,5.53062629699707,1101.0,0.6165949702262878,4010.59765625,67.03369140625,,data/instances/transfer/real_02.cip
mix_12_4,51,2757,2757,B,,300.0,100,0.04524783790111542,0.6923182606697083,3.257723331451416,0.050000000000000044,,,,,,,,,,,,,,,,,,,,,16,,253,224,29,1601371080,915196992,457,0,12,4,0.05951397866010666,1.0,-14.780010223388672,3.012619733810425,1.0,0.6771461442112923,4016.6484375,67.03369140625,,data/instances/transfer/real_02.cip
mix_12_4,51,2758,2758,B,,300.0,100,0.030848845839500427,0.8079428672790527,2.5548393726348877,0.050000000000000044,,,,,,,,,,,,,,,,,,,,,16,,253,224,29,1601371080,915196992,457,0,12,4,0.03651494160294533,1.0,-12.2081298828125,3.750558376312256,1.0,0.6439434215426445,4016.6484375,67.03369140625,,data/instances/transfer/real_02.cip
mix_12_4,51,2759,2759,B,,300.0,100,0.022707458585500717,0.742741584777832,1.8388792276382446,0.050000000000000044,,,,,,,,,,,,,,,,,,,,,16,,253,224,29,1601371080,915196992,457,0,12,4,0.030382415279746056,1.0,-14.188516616821289,4.808107852935791,1.0,0.6491996459662914,4016.6484375,67.03369140625,,data/instances/transfer/real_02.cip
mix_12_4,51,2760,2760,B,,300.0,100,0.17179203033447266,0.7882624268531799,14.52304744720459,0.050000000000000044,,,,,,,,,,,,,,,,,,,,,16,,253,224,29,1601371080,915196992,457,0,12,4,0.34590309858322144,1.0,-14.99272632598877,3.611421823501587,1.0,0.6597617901861668,4016.6484375,67.03369140625,,data/instances/transfer/real_02.cip
mix_12_4,51,2761,2761,B,,300.0,100,0.07500557601451874,0.8662809729576111,2.4542181491851807,0.050000000000000044,,,,,,,,,,,,,,,,,,,,,16,,254,224,30,1601371080,947096328,457,0,12,4,0.09076415002346039,1.0,-13.704349517822266,4.755188465118408,1.0,0.6638081111013889,4030.26953125,67.03369140625,,data/instances/transfer/real_02.cip
mix_12_4,51,2762,2762,B,,300.0,100,0.0866837203502655,0.5953709483146667,5.755198955535889,0.050000000000000044,,,,,,,,,,,,,,,,,,,,,16,,254,224,30,1601371080,947096328,457,0,12,4,0.20852228999137878,1.0,-16.841716766357422,4.112140655517578,1.0,0.6655849758535624,4030.26953125,67.03369140625,,data/instances/transfer/real_02.cip
mix_12_4,51,2763,2763,B,,300.0,100,0.10314149409532547,0.7726898193359375,9.337055206298828,0.050000000000000044,,,,,,,,,,,,,,,,,,,,,16,,254,224,30,1601371080,947096328,457,0,12,4,0.06975175440311432,1.0,-14.574932098388672,5.092122554779053,1.0,0.6546097490936518,4030.26953125,67.03369140625,,data/instances/transfer/real_02.cip
mix_12_4,51,2764,2764,B,,300.0,100,0.031692348420619965,0.704725444316864,1.4210628271102905,0.050000000000000044,,,,,,,,,,,,,,,,,,,,,16,,254,224,30,1601371080,947096328,457,0,12,4,0.04120786488056183,1.0,-14.338842391967773,4.362802982330322,1.0,0.6435134205967188,4030.26953125,67.03369140625,,data/instances/transfer/real_02.cip
mix_12_4,51,2765,2765,B,,300.0,100,0.03960597142577171,0.7432469129562378,1.9841830730438232,0.050000000000000044,,,,,,,,,,,,,,,,,,,,,16,,255,224,31,1601371080,978936532,457,0,12,4,0.07211311906576157,1.0,-14.595065116882324,4.863334655761719,1.0,0.666310990229249,4048.7890625,67.03369140625,,data/instances/transfer/real_02.cip
mix_12_4,51,2766,2766,B,,300.0,100,0.09740377962589264,0.7114332914352417,6.385753631591797,0.050000000000000044,,,,,,,,,,,,,,,,,,,,,16,,255,224,31,1601371080,978936532,457,0,12,4,0.14359337091445923,1.0,-15.303474426269531,3.8740222454071045,1.0,0.6459282971918583,4048.7890625,67.03369140625,,data/instances/transfer/real_02.cip
mix_12_4,51,2767,2767,B,,300.0,100,0.24707761406898499,1.1159824132919312,12.866093635559082,0.050000000000000044,,,,,,,,,,,,,,,,,,,,,16,,255,224,31,1601371080,978936532,457,0,12,4,0.21961770951747894,1.0,-13.487430572509766,3.7472567558288574,1.0,0.652163015678525,4048.7890625,67.03369140625,,data/instances/transfer/real_02.cip
mix_12_4,51,2768,2768,B,,300.0,100,0.012129529379308224,0.5130900740623474,0.712083637714386,0.050000000000000044,,,,,,,,,,,,,,,,,,,,,16,,255,224,31,1601371080,978936532,457,0,12,4,0.03195538371801376,1.0,-15.96253776550293,3.258721113204956,1.0,0.641231968998909,4048.7890625,67.03369140625,,data/instances/transfer/real_02.cip
mix_12_4,51,2769,2769,B,,300.0,100,0.06155982241034508,0.7165341377258301,1.7318567037582397,0.050000000000000044,,,,,,,,,,,,,,,,,,,,,16,,256,224,32,1601371080,1010780172,457,0,12,4,0.10849469900131226,1.0,-14.770666122436523,3.3023595809936523,1.0,0.6626836378127337,4067.30859375,67.03369140625,,data/instances/transfer/real_02.cip
mix_12_4,51,2770,2770,B,,300.0,100,0.04556206241250038,0.8098863363265991,3.1506757736206055,0.050000000000000044,,,,,,,,,,,,,,,,,,,,,16,,256,224,32,1601371080,1010780172,457,0,12,4,0.04534677788615227,1.0,-12.849132537841797,2.4846701622009277,1.0,0.6459601148962975,4067.30859375,67.03369140625,,data/instances/transfer/real_02.cip
mix_12_4,51,2771,2771,B,,300.0,100,0.04121427983045578,0.5149683356285095,5.468897342681885,0.050000000000000044,,,,,,,,,,,,,,,,,,,,,16,,256,224,32,1601371080,1010780172,457,0,12,4,0.1209048330783844,1.0,-15.860929489135742,2.8275763988494873,1.0,0.6595911122858524,4067.30859375,67.03369140625,,data/instances/transfer/real_02.cip
mix_12_4,51,2772,2772,B,,300.0,100,0.05374663323163986,0.5297210216522217,7.407925128936768,0.050000000000000044,,,,,,,,,,,,,,,,,,,,,16,,256,224,32,1601371080,1010780172,457,0,12,4,0.14803603291511536,1.0,-15.418510437011719,4.49855375289917,1.0,0.6454597692936659,4067.30859375,67.03369140625,,data/instances/transfer/real_02.cip
mix_12_4,51,2773,2773,B,,300.0,100,0.018202226608991623,0.3075658679008484,1.9027833938598633,0.050000000000000044,,,,,,,,,,,,,,,,,,,,,16,,256,224,32,1601371080,1011171740,458,0,12,4,0.10003333538770676,1.0,-15.740814208984375,4.61803674697876,1.0,0.6663066912442446,4073.90234375,67.03369140625,,data/instances/transfer/real_02.cip
mix_12_4,51,2774,2774,B,,300.0,100,0.08584561944007874,0.7091359496116638,6.661203861236572,0.050000000000000044,,,,,,,,,,,,,,,,,,,,,16,,256,224,32,1601371080,1011171740,458,0,12,4,0.17239294946193695,1.0,-13.362937927246094,4.854852676391602,1.0,0.6521253325045109,4073.90234375,67.03369140625,,data/instances/transfer/real_02.cip
mix_12_4,51,2775,2775,B,,300.0,100,0.04602636396884918,0.5395324230194092,6.360561847686768,0.050000000000000044,,,,,,,,,,,,,,,,,,,,,16,,256,224,32,1601371080,1011171740,458,0,12,4,0.03868892416357994,1.0,-13.521263122558594,3.777392625808716,1.0,0.6486437618732452,4073.90234375,67.03369140625,,data/instances/transfer/real_02.cip
mix_12_4,51,2776,2776,B,,300.0,100,0.07064548134803772,0.6320079565048218,7.161797046661377,0.050000000000000044,,,,,,,,,,,,,,,,,,,,,16,,256,224,32,1601371080,1011171740,458,0,12,4,0.08586804568767548,1.0,-14.041643142700195,4.0501227378845215,1.0,0.6440363265573978,4073.90234375,67.03369140625,,data/instances/transfer/real_02.cip
mix_12_4,51,2777,2777,B,,300.0,100,0.008622933179140091,0.46196436882019043,0.914277195930481,0.050000000000000044,,,,,,,,,,,,,,,,,,,,,16,,256,224,32,1601371080,1011533860,459,0,12,4,0.018636001273989677,1.0,-13.709245681762695,4.473206520080566,1.0,0.6583873983472586,4087.4765625,67.03369140625,,data/instances/transfer/real_02.cip
mix_12_4,51,2778,2778,B,,300.0,100,0.0683603510260582,0.5555019378662109,5.443565845489502,0.050000000000000044,,,,,,,,,,,,,,,,,,,,,16,,256,224,32,1601371080,1011533860,459,0,12,4,0.16586042940616608,1.0,-14.73586654663086,3.773944616317749,1.0,0.6552767567336559,4087.4765625,67.03369140625,,data/instances/transfer/real_02.cip
mix_12_4,51,2779,2779,B,,300.0,100,0.04697924107313156,0.6303865909576416,4.362667083740234,0.050000000000000044,,,,,,,,,,,,,,,,,,,,,16,,256,224,32,1601371080,1011533860,459,0,12,4,0.07618017494678497,1.0,-14.795145988464355,4.561836242675781,1.0,0.6604844275861979,4087.4765625,67.03369140625,,data/instances/transfer/real_02.cip
mix_12_4,51,2780,2780,B,,300.0,100,0.02067282795906067,0.43251973390579224,2.9429056644439697,0.050000000000000044,,,,,,,,,,,,,,,,,,,,,16,,256,224,32,1601371080,1011533860,459,0,12,4,0.07701662182807922,1.0,-16.011993408203125,4.89499568939209,1.0,0.659829393029213,4087.4765625,67.03369140625,,data/instances/transfer/real_02.cip
mix_12_4,51,2781,2781,B,,300.0,100,0.04229864105582237,0.5759565830230713,1.0955004692077637,0.050000000000000044,,,,,,,,,,,,,,,,,,,,,16,,256,224,32,1601371080,1012282676,460,0,12,4,0.1099005863070488,1.0,-14.08184814453125,3.866065502166748,1.0,0.6742468196898699,4094.453125,67.03369140625,,data/instances/transfer/real_02.cip
mix_12_4,51,2782,2782,B,,300.0,100,0.1114998608827591,0.6898360848426819,9.628005981445312,0.050000000000000044,,,,,,,,,,,,,,,,,,,,,16,,256,224,32,1601371080,1012282676,460,0,12,4,0.17635983228683472,1.0,-14.060422897338867,4.952075004577637,1.0,0.6477844305336475,4094.453125,67.03369140625,,data/instances/transfer/real_02.cip
mix_12_4,51,2783,2783,B,,300.0,100,0.057259976863861084,0.5929839611053467,6.269237995147705,0.050000000000000044,,,,,,,,,,,,,,,,,,,,,16,,256,224,32,1601371080,1012282676,460,0,12,4,0.10493435710668564,1.0,-14.077584266662598,3.4941904544830322,1.0,0.6342171505093575,4094.453125,67.03369140625,,data/instances/transfer/real_02.cip
mix_12_4,51,2784,2784,B,,300.0,100,0.02809261530637741,0.5749772787094116,3.851534605026245,0.050000000000000044,,,,,,,,,,,,,,,,,,,,,16,,256,224,32,1601371080,1012282676,460,0,12,4,0.020582731813192368,1.0,-14.92374324798584,4.665823459625244,1.0,0.6475337482988834,4094.453125,67.03369140625,,data/instances/transfer/real_02.cip
mix_12_4,51,2785,2785,B,,300.0,100,0.026110010221600533,0.7124061584472656,2.4347546100616455,0.050000000000000044,,,,,,,,,,,,,,,,,,,,,16,,256,224,32,1601371080,1012801028,461,0,12,4,0.03603368252515793,1.0,-15.521554946899414,4.449507236480713,1.0,0.6662621982395649,4108.41015625,67.03369140625,,data/instances/transfer/real_02.cip
mix_12_4,51,2786,2786,B,,300.0,100,0.029969075694680214,0.5690374970436096,3.6117193698883057,0.050000000000000044,,,,,,,,,,,,,,,,,,,,,16,,256,224,32,1601371080,1012801028,461,0,12,4,0.08810466527938843,1.0,-13.587458610534668,4.911160469055176,1.0,0.6527109611779451,4108.41015625,67.03369140625,,data/instances/transfer/real_02.cip
mix_12_4,51,2787,2787,B,,300.0,100,0.05834211781620979,0.7122272849082947,4.301339626312256,0.050000000000000044,,,,,,,,,,,,,,,,,,,,,16,,256,224,32,1601371080,1012801028,461,0,12,4,0.08775461465120316,1.0,-15.35466194152832,4.696229457855225,1.0,0.6492566373199224,4108.41015625,67.03369140625,,data/instances/transfer/real_02.cip
mix_12_4,51,2788,2788,B,,300.0,100,0.060969822108745575,0.5715129375457764,5.192573547363281,0.050000000000000044,,,,,,,,,,,,,,,,,,,,,16,,256,224,32,1601371080,1012801028,461,0,12,4,0.15120528638362885,1.0,-16.369712829589844,2.7756524085998535,1.0,0.6578354965895414,4108.41015625,67.03369140625,,data/instances/transfer/real_02.cip
mix_12_4,51,2789,2789,B,,300.0,100,0.012652711942791939,0.5953689813613892,1.2860523462295532,0.050000000000000044,,,,,,,,,,,,,,,,,,,,,16,,256,224,32,1601371080,1013318652,462,0,12,4,0.020131466910243034,1.0,-14.826662063598633,3.9387447834014893,1.0,0.6537922490388155,4108.41015625,67.03369140625,,data/instances/transfer/real_02.cip
mix_12_4,51,2790,2790,B,,300.0,100,0.06428562104701996,0.6446764469146729,6.305373191833496,0.050000000000000044,,,,,,,,,,,,,,,,,,,,,16,,256,224,32,1601371080,1013318652,462,0,12,4,0.10570982843637466,1.0,-15.107806205749512,4.134015083312988,1.0,0.6419842131435871,4108.41015625,67.03369140625,,data/instances/transfer/real_02.cip
mix_12_4,51,2791,2791,B,,300.0,100,0.09626324474811554,0.636603057384491,5.054732322692871,0.050000000000000044,,,,,,,,,,,,,,,,,,,,,16,,256,224,32,1601371080,1013318652,462,0,12,4,0.20967821776866913,1.0,-14.355657577514648,3.7168610095977783,1.0,0.6451413314789534,4108.41015625,67.03369140625,,data/instances/transfer/real_02.cip
mix_12_4,51,2792,2792,B,,300.0,100,0.026468252763152122,0.5212380886077881,3.4645512104034424,0.050000000000000044,,,,,,,,,,,,,,,,,,,,,16,,256,224,32,1601371080,1013318652,462,0,12,4,0.06269332021474838,1.0,-15.595877647399902,4.052331924438477,1.0,0.6507104393094778,4108.41015625,67.03369140625,,data/instances/transfer/real_02.cip
mix_12_4,51,2793,2793,B,,300.0,100,0.062464021146297455,0.695706307888031,6.43449592590332,0.050000000000000044,,,,,,,,,,,,,,,,,,,,,16,,256,224,32,1601371080,1013976092,463,0,12,4,0.11621715873479843,1.0,-13.651445388793945,4.520555019378662,1.0,0.6615721806883812,4115.390625,67.03369140625,,data/instances/transfer/real_02.cip
mix_12_4,51,2794,2794,B,,300.0,100,0.1660788357257843,0.7777460813522339,13.231122970581055,0.050000000000000044,,,,,,,,,,,,,,,,,,,,,16,,256,224,32,1601371080,1013976092,463,0,12,4,0.2800002694129944,1.0,-12.063234329223633,3.545058488845825,1.0,0.6402379795908928,4115.390625,67.03369140625,,data/instances/transfer/real_02.cip
mix_12_4,51,2795,2795,B,,300.0,100,0.04480872303247452,0.5957229137420654,1.5846338272094727,0.050000000000000044,,,,,,,,,,,,,,,,,,,,,16,,256,224,32,1601371080,1013976092,463,0,12,4,0.09098019450902939,1.0,-16.058517456054688,3.8656115531921387,1.0,0.6419060528278351,4115.390625,67.03369140625,,data/instances/transfer/real_02.cip
mix_12_4,51,2796,2796,B,,300.0,100,0.0681043341755867,0.7988879680633545,7.752527236938477,0.050000000000000044,,,,,,,,,,,,,,,,,,,,,16,,256,224,32,1601371080,1013976092,463,0,12,4,0.06509803235530853,1.0,-12.747037887573242,3.329498291015625,1.0,0.6265852432698011,4115.390625,67.03369140625,,data/instances/transfer/real_02.cip
mix_12_4,51,2797,2797,B,,300.0,100,0.13750678300857544,0.7162379622459412,8.562618255615234,0.050000000000000044,,,,,,,,,,,,,,,,,,,,,16,,256,224,32,1601371080,1014605676,464,0,12,4,0.15295323729515076,1.0,-14.602630615234375,3.7448172569274902,1.0,0.6500382423400879,4115.390625,67.03369140625,,data/instances/transfer/real_02.cip
mix_12_4,51,2798,2798,B,,300.0,100,0.06310553848743439,0.4887990355491638,7.036010265350342,0.050000000000000044,,,,,,,,,,,,,,,,,,,,,16,,256,224,32,1601371080,1014605676,464,0,12,4,0.17525222897529602,1.0,-15.876287460327148,3.1381149291992188,1.0,0.6230052728205919,4115.390625,67.03369140625,,data/instances/transfer/real_02.cip
mix_12_4,51,2799,2799,B,,300.0,100,0.046516504138708115,0.4497159719467163,5.384101390838623,0.050000000000000044,,,,,,,,,,,,,,,,,,,,,16,,256,224,32,1601371080,1014605676,464,0,12,4,0.13646282255649567,1.0,-17.301437377929688,3.8155040740966797,1.0,0.6434233039617538,4115.390625,67.03369140625,,data/instances/transfer/real_02.cip
mix_12_4,51,2800,2800,B,,300.0,100,0.03742513805627823,0.6788568496704102,1.6042455434799194,0.050000000000000044,,,,,,,,,,,,,,,,,,,,,16,,256,224,32,1601371080,1014605676,464,0,12,4,0.07706207782030106,1.0,-13.590067863464355,3.554952621459961,1.0,0.6434401888400316,4115.390625,67.03369140625,,data/instances/transfer/real_02.cip
mix_12_4,51,2801,2801,B,,300.0,100,0.03291289135813713,0.6624354124069214,3.7863471508026123,0.050000000000000044,,,,,,,,,,,,,,,,,,,,,16,,256,224,32,1601371080,1015227640,465,0,12,4,0.02290649712085724,1.0,-13.411025047302246,5.218618392944336,1.0,0.6542804222553968,4115.390625,67.03369140625,,data/instances/transfer/real_02.cip
mix_12_4,51,2802,2802,B,,300.0,100,0.02976485714316368,0.8435289263725281,0.5242363214492798,0.050000000000000044,,,,,,,,,,,,,,,,,,,,,16,,256,224,32,1601371080,1015227640,465,0,12,4,0.03063732571899891,1.0,-15.14665412902832,2.8640801906585693,1.0,0.6415709257125854,4115.390625,67.03369140625,,data/instances/transfer/real_02.cip
mix_12_4,51,2803,2803,B,,300.0,100,0.05781369283795357,0.5980350375175476,3.274623394012451,0.050000000000000044,,,,,,,,,,,,,,,,,,,,,16,,256,224,32,1601371080,1015227640,465,0,12,4,0.12097246944904327,1.0,-13.548385620117188,4.099895477294922,1.0,0.6238140817731619,4115.390625,67.03369140625,,data/instances/transfer/real_02.cip
mix_12_4,51,2804,2804,B,,300.0,100,0.037530142813920975,0.7250365018844604,2.6020140647888184,0.050000000000000044,,,,,,,,,,,,,,,,,,,,,16,,256,224,32,1601371080,1015227640,465,0,12,4,0.05223759263753891,1.0,-13.55565071105957,3.544116735458374,1.0,0.6500859782099724,4115.390625,67.03369140625,,data/instances/transfer/real_02.cip
mix_12_4,51,2805,2805,B,,300.0,100,0.022940415889024734,0.40601328015327454,2.8424384593963623,0.050000000000000044,,,,,,,,,,,,,,,,,,,,,16,,256,224,32,1601371080,1015570104,466,0,12,4,0.05522659793496132,1.0,-15.728250503540039,3.415546178817749,1.0,0.6605091281235218,4115.390625,67.03369140625,,data/instances/transfer/real_02.cip
mix_12_4,51,2806,2806,B,,300.0,100,0.0905197262763977,0.7280728220939636,6.408391952514648,0.050000000000000044,,,,,,,,,,,,,,,,,,,,,16,,256,224,32,1601371080,1015570104,466,0,12,4,0.09871579706668854,1.0,-14.297438621520996,5.0921101570129395,1.0,0.6501385942101479,4115.390625,67.03369140625,,data/instances/transfer/real_02.cip
mix_12_4,51,2807,2807,B,,300.0,100,0.06977728009223938,0.5415464639663696,6.286534309387207,0.050000000000000044,,,,,,,,,,,,,,,,,,,,,16,,256,224,32,1601371080,1015570104,466,0,12,4,0.17223010957241058,1.0,-15.316015243530273,3.761057138442993,1.0,0.6612754222005606,4115.390625,67.03369140625,,data/instances/transfer/real_02.cip
mix_12_4,51,2808,2808,B,,300.0,100,0.025942794978618622,0.7143065929412842,2.951814651489258,0.050000000000000044,,,,,,,,,,,,,,,,,,,,,16,,256,224,32,1601371080,1015570104,466,0,12,4,0.016795799136161804,1.0,-16.17827606201172,3.941452741622925,1.0,0.6658036764711142,4115.390625,67.03369140625,,data/instances/transfer/real_02.cip
mix_12_4,51,2809,2809,B,,300.0,100,0.046080149710178375,0.6024607419967651,3.044675827026367,0.050000000000000044,,,,,,,,,,,,,,,,,,,,,16,,256,224,32,1601371080,1015929124,467,0,12,4,0.09015998244285583,1.0,-14.34367561340332,4.361652851104736,1.0,0.6710467040538788,4115.390625,67.03369140625,,data/instances/transfer/real_02.cip
mix_12_4,51,2810,2810,B,,300.0,100,0.027780378237366676,0.4176768958568573,0.8722832202911377,0.050000000000000044,,,,,,,,,,,,,,,,,,,,,16,,256,224,32,1601371080,1015929124,467,0,12,4,0.15572026371955872,1.0,-16.07819366455078,4.123443126678467,1.0,0.6507849600166082,4115.390625,67.03369140625,,data/instances/transfer/real_02.cip
mix_12_4,51,2811,2811,B,,300.0,100,0.06204444169998169,0.5758970975875854,1.0496411323547363,0.050000000000000044,,,,,,,,,,,,,,,,,,,,,16,,256,224,32,1601371080,1015929124,467,0,12,4,0.14830493927001953,1.0,-12.711885452270508,4.697741985321045,1.0,0.6473169550299644,4115.390625,67.03369140625,,data/instances/transfer/real_02.cip
mix_12_4,51,2812,2812,B,,300.0,100,0.05772922933101654,0.5189080238342285,2.3058204650878906,0.050000000000000044,,,,,,,,,,,,,,,,,,,,,16,,256,224,32,1601371080,1015929124,467,0,12,4,0.13875682651996613,1.0,-15.553842544555664,5.236342430114746,1.0,0.6252417583018541,4115.390625,67.03369140625,,data/instances/transfer/real_02.cip
mix_12_4,51,2813,2813,B,,300.0,100,0.07814373821020126,0.7867082357406616,9.443761825561523,0.050000000000000044,,,,,,,,,,,,,,,,,,,,,16,,256,224,32,1601371080,1016259304,468,0,12,4,0.05439725145697594,1.0,-15.521818161010742,3.4480791091918945,1.0,0.662936270236969,4115.390625,67.03369140625,,data/instances/transfer/real_02.cip
mix_12_4,51,2814,2814,B,,300.0,100,0.09468233585357666,0.8073571920394897,6.898918628692627,0.050000000000000044,,,,,,,,,,,,,,,,,,,,,16,,256,224,32,1601371080,1016259304,468,0,12,4,0.13190436363220215,1.0,-16.249210357666016,4.106491565704346,1.0,0.6491823419928551,4115.390625,67.03369140625,,data/instances/transfer/real_02.cip
mix_12_4,51,2815,2815,B,,300.0,100,0.032886531203985214,0.5626397132873535,2.1202239990234375,0.050000000000000044,,,,,,,,,,,,,,,,,,,,,16,,256,224,32,1601371080,1016259304,468,0,12,4,0.07851728796958923,1.0,-13.182514190673828,5.4894328117370605,1.0,0.6511975061148405,4115.390625,67.03369140625,,data/instances/transfer/real_02.cip
mix_12_4,51,2816,2816,B,,300.0,100,0.24311202764511108,1.0025370121002197,21.4398250579834,0.050000000000000044,,,,,,,,,,,,,,,,,,,,,16,,256,224,32,1601371080,1016259304,468,0,12,4,0.21063487231731415,1.0,-16.573265075683594,3.6644089221954346,1.0,0.647072184830904,4115.390625,67.03369140625,,data/instances/transfer/real_02.cip
episode,51,2816,2816,B,,300.0,100,0.24311202764511108,1.0025370121002197,21.4398250579834,0.050000000000000044,-18.044300000000003,-18.0,-0.044300000000000006,-18.044300000000003,True,19,300.533597,,,,,,,,inf,1e+20,600.0,inf,0.0,83362,16,True,256,224,32,1601371080,1016355128,470,0,12,4,,,,,65.70588235294117,,3836.734375,67.03369140625,timelimit,data/instances/transfer/real_02.cip
validation,52,2816,2816,B,,,,,,,,,,,,,,,1.0,9.494862,inf,0.0,9.494862,1.0,8436.0,,,,,,,,,256,224,32,1601371080,1016355128,470,0,,,,,,,,,,,optimal,data/instances/validation/real_08.cip
mix_12_4,52,2817,2817,B,,60.0,100,0.0660800039768219,0.7135512828826904,5.781032085418701,0.050000000000000044,,,,,,,,,,,,,,,,,,,,,16,,256,224,32,1601371080,1016355128,470,0,12,4,0.10112282633781433,1.0,-16.576065063476562,3.845550537109375,1.0,0.6847478039562702,3836.734375,67.03369140625,,data/instances/transfer/real_01.cip
mix_12_4,52,2818,2818,B,,60.0,100,0.05940582603216171,0.6688597202301025,2.183969736099243,0.050000000000000044,,,,,,,,,,,,,,,,,,,,,16,,256,224,32,1601371080,1016355128,470,0,12,4,0.09560619294643402,1.0,-14.796746253967285,4.042059898376465,1.0,0.658976225182414,3836.734375,67.03369140625,,data/instances/transfer/real_01.cip
mix_12_4,52,2819,2819,B,,60.0,100,0.018292102962732315,0.44839632511138916,2.5235025882720947,0.050000000000000044,,,,,,,,,,,,,,,,,,,,,16,,256,224,32,1601371080,1016355128,470,0,12,4,0.07114863395690918,1.0,-14.545879364013672,4.697618007659912,1.0,0.6691231224685907,3836.734375,67.03369140625,,data/instances/transfer/real_01.cip
mix_12_4,52,2820,2820,B,,60.0,100,0.08265161514282227,0.6004329919815063,3.3830456733703613,0.050000000000000044,,,,,,,,,,,,,,,,,,,,,16,,256,224,32,1601371080,1016355128,470,0,12,4,0.1468975692987442,1.0,-14.924476623535156,3.979182243347168,1.0,0.6615691818296909,3836.734375,67.03369140625,,data/instances/transfer/real_01.cip
mix_12_4,52,2821,2821,B,,60.0,100,0.02597213163971901,0.6065535545349121,2.5132739543914795,0.050000000000000044,,,,,,,,,,,,,,,,,,,,,16,,256,224,32,1601371080,1016355128,470,0,12,4,0.0585937574505806,1.0,-15.637202262878418,4.383548259735107,1.0,0.6666970402002335,3836.734375,67.03369140625,,data/instances/transfer/real_01.cip
mix_12_4,52,2822,2822,B,,60.0,100,0.05542662367224693,0.6347815990447998,2.425701379776001,0.050000000000000044,,,,,,,,,,,,,,,,,,,,,16,,256,224,32,1601371080,1016355128,470,0,12,4,0.10004723072052002,1.0,-14.668620109558105,3.7735867500305176,1.0,0.6531621925532818,3836.734375,67.03369140625,,data/instances/transfer/real_01.cip
mix_12_4,52,2823,2823,B,,60.0,100,0.05812964588403702,0.8070792555809021,5.476694107055664,0.050000000000000044,,,,,,,,,,,,,,,,,,,,,16,,256,224,32,1601371080,1016355128,470,0,12,4,0.06823233515024185,1.0,-16.213369369506836,2.130925178527832,1.0,0.6146865859627724,3836.734375,67.03369140625,,data/instances/transfer/real_01.cip
mix_12_4,52,2824,2824,B,,60.0,100,0.06944923102855682,0.5923747420310974,2.433593273162842,0.050000000000000044,,,,,,,,,,,,,,,,,,,,,16,,256,224,32,1601371080,1016355128,470,0,12,4,0.14907442033290863,1.0,-14.446186065673828,4.244384765625,1.0,0.6414548996835947,3836.734375,67.03369140625,,data/instances/transfer/real_01.cip
mix_12_4,52,2825,2825,B,,60.0,100,0.018925335258245468,0.5018224716186523,1.9249858856201172,0.050000000000000044,,,,,,,,,,,,,,,,,,,,,16,,256,224,32,1603553444,1016355128,471,0,12,4,0.042906612157821655,1.0,-16.882387161254883,2.982715606689453,1.0,0.6620828229933977,3836.734375,67.03369140625,,data/instances/transfer/real_01.cip
mix_12_4,52,2826,2826,B,,60.0,100,0.03561156243085861,0.806363582611084,2.6649060249328613,0.050000000000000044,,,,,,,,,,,,,,,,,,,,,16,,256,224,32,1603553444,1016355128,471,0,12,4,0.037951137870550156,1.0,-15.378690719604492,2.96616792678833,1.0,0.6498317364603281,3836.734375,67.03369140625,,data/instances/transfer/real_01.cip
mix_12_4,52,2827,2827,B,,60.0,100,0.03236135467886925,0.8960095047950745,3.0084903240203857,0.050000000000000044,,,,,,,,,,,,,,,,,,,,,16,,256,224,32,1603553444,1016355128,471,0,12,4,0.02642824314534664,1.0,-15.935157775878906,4.204189777374268,1.0,0.6616851519793272,3836.734375,67.03369140625,,data/instances/transfer/real_01.cip
mix_12_4,52,2828,2828,B,,60.0,100,0.062428321689367294,0.5226883888244629,7.0095438957214355,0.050000000000000044,,,,,,,,,,,,,,,,,,,,,16,,256,224,32,1603553444,1016355128,471,0,12,4,0.1857425719499588,1.0,-14.34109878540039,4.16559362411499,1.0,0.6559512298554182,3836.734375,67.03369140625,,data/instances/transfer/real_01.cip
mix_12_4,52,2829,2829,B,,60.0,100,0.030019542202353477,0.6706899404525757,2.842228651046753,0.050000000000000044,,,,,,,,,,,,,,,,,,,,,16,,256,224,32,1605341336,1016355128,472,0,12,4,0.0337122343480587,1.0,-14.98505973815918,3.8392577171325684,1.0,0.6017564106732607,3836.734375,67.03369140625,,data/instances/transfer/real_01.cip
mix_12_4,52,2830,2830,B,,60.0,100,0.04085344076156616,0.8765687346458435,2.898620128631592,0.050000000000000044,,,,,,,,,,,,,,,,,,,,,16,,256,224,32,1605341336,1016355128,472,0,12,4,0.039575040340423584,1.0,-13.644834518432617,4.741856098175049,1.0,0.6440603472292423,3836.734375,67.03369140625,,data/instances/transfer/real_01.cip
mix_12_4,52,2831,2831,B,,60.0,100,0.08892090618610382,0.6851334571838379,10.08020305633545,0.050000000000000044,,,,,,,,,,,,,,,,,,,,,16,,256,224,32,1605341336,1016355128,472,0,12,4,0.08692973852157593,1.0,-14.521404266357422,4.331238746643066,1.0,0.664956932887435,3836.734375,67.03369140625,,data/instances/transfer/real_01.cip
mix_12_4,52,2832,2832,B,,60.0,100,0.06900500506162643,0.7679187059402466,5.01329231262207,0.050000000000000044,,,,,,,,,,,,,,,,,,,,,16,,256,224,32,1605341336,1016355128,472,0,12,4,0.04870251938700676,1.0,-14.800241470336914,3.8489115238189697,1.0,0.6538720913231373,3836.734375,67.03369140625,,data/instances/transfer/real_01.cip
mix_12_4,52,2833,2833,B,,60.0,100,0.060502275824546814,0.4914516806602478,2.0141592025756836,0.050000000000000044,,,,,,,,,,,,,,,,,,,,,16,,256,224,32,1607259992,1016355128,473,0,12,4,0.18829968571662903,1.0,-15.497425079345703,3.972921371459961,1.0,0.6351522225886583,3836.734375,67.03369140625,,data/instances/transfer/real_01.cip
mix_12_4,52,2834,2834,B,,60.0,100,0.03209011256694794,0.6875342130661011,4.599996089935303,0.050000000000000044,,,,,,,,,,,,,,,,,,,,,16,,256,224,32,1607259992,1016355128,473,0,12,4,0.0462978258728981,1.0,-15.772420883178711,5.261665344238281,1.0,0.6339294482022524,3836.734375,67.03369140625,,data/instances/transfer/real_01.cip
mix_12_4,52,2835,2835,B,,60.0,100,0.19626538455486298,1.008687973022461,15.262384414672852,0.050000000000000044,,,,,,,,,,,,,,,,,,,,,16,,256,224,32,1607259992,1016355128,473,0,12,4,0.18548840284347534,1.0,-14.53315258026123,4.045296669006348,1.0,0.6519177183508873,3836.734375,67.03369140625,,data/instances/transfer/real_01.cip
mix_12_4,52,2836,2836,B,,60.0,100,0.08238717168569565,0.5229775905609131,7.430080890655518,0.050000000000000044,,,,,,,,,,,,,,,,,,,,,16,,256,224,32,1607259992,1016355128,473,0,12,4,0.08169013261795044,1.0,-15.496708869934082,3.886943817138672,1.0,0.6597359757870436,3836.734375,67.03369140625,,data/instances/transfer/real_01.cip
mix_12_4,52,2837,2837,B,,60.0,100,0.049005184322595596,0.7769887447357178,1.6789885759353638,0.050000000000000044,,,,,,,,,,,,,,,,,,,,,16,,256,224,32,1609184084,1016355128,474,0,12,4,0.07387956976890564,1.0,-12.729031562805176,3.3774850368499756,1.0,0.6563725341111422,3836.734375,67.03369140625,,data/instances/transfer/real_01.cip
mix_12_4,52,2838,2838,B,,60.0,100,0.058839306235313416,1.0482308864593506,5.768696308135986,0.050000000000000044,,,,,,,,,,,,,,,,,,,,,16,,256,224,32,1609184084,1016355128,474,0,12,4,0.02461467869579792,1.0,-13.512639999389648,4.10570764541626,1.0,0.6740282345563173,3836.734375,67.03369140625,,data/instances/transfer/real_01.cip
mix_12_4,52,2839,2839,B,,60.0,100,0.1355418860912323,0.674767792224884,16.55110740661621,0.050000000000000044,,,,,,,,,,,,,,,,,,,,,16,,256,224,32,1609184084,1016355128,474,0,12,4,0.25522175431251526,1.0,-15.661247253417969,3.3327364921569824,1.0,0.6667752619832754,3836.734375,67.03369140625,,data/instances/transfer/real_01.cip
mix_12_4,52,2840,2840,B,,60.0,100,0.06411348283290863,0.5007635951042175,6.467015743255615,0.050000000000000044,,,,,,,,,,,,,,,,,,,,,16,,256,224,32,1609184084,1016355128,474,0,12,4,0.16428722441196442,1.0,-16.317150115966797,4.039312362670898,1.0,0.663562910631299,3836.734375,67.03369140625,,data/instances/transfer/real_01.cip
mix_12_4,52,2841,2841,B,,60.0,100,0.02120756357908249,0.4434722065925598,0.7270763516426086,0.050000000000000044,,,,,,,,,,,,,,,,,,,,,16,,256,224,32,1610970440,1016355128,475,0,12,4,0.04706897959113121,1.0,-14.84293270111084,4.9678120613098145,1.0,0.6428811438381672,3836.734375,67.03369140625,,data/instances/transfer/real_01.cip
mix_12_4,52,2842,2842,B,,60.0,100,0.06902703642845154,0.7097858190536499,5.551871299743652,0.050000000000000044,,,,,,,,,,,,,,,,,,,,,16,,256,224,32,1610970440,1016355128,475,0,12,4,0.0932086780667305,1.0,-15.771928787231445,3.617328405380249,1.0,0.6603506561368704,3836.734375,67.03369140625,,data/instances/transfer/real_01.cip
mix_12_4,52,2843,2843,B,,60.0,100,0.10952309519052505,0.7958626747131348,6.094930648803711,0.050000000000000044,,,,,,,,,,,,,,,,,,,,,16,,256,224,32,1610970440,1016355128,475,0,12,4,0.11999177932739258,1.0,-15.970285415649414,4.122300624847412,1.0,0.6592849008738995,3836.734375,67.03369140625,,data/instances/transfer/real_01.cip
mix_12_4,52,2844,2844,B,,60.0,100,0.021651960909366608,0.7428458333015442,3.5036981105804443,0.050000000000000044,,,,,,,,,,,,,,,,,,,,,16,,256,224,32,1610970440,1016355128,475,0,12,4,0.01385953277349472,1.0,-13.751775741577148,5.720008373260498,1.0,0.6447096131742001,3836.734375,67.03369140625,,data/instances/transfer/real_01.cip
mix_12_4,52,2845,2845,B,,60.0,100,0.020229129120707512,0.736968994140625,1.8416478633880615,0.050000000000000044,,,,,,,,,,,,,,,,,,,,,16,,256,224,32,1615325564,1016355128,476,0,12,4,0.019436398521065712,1.0,-14.233453750610352,4.146820068359375,1.0,0.6628308892250061,3836.734375,67.03369140625,,data/instances/transfer/real_01.cip
mix_12_4,52,2846,2846,B,,60.0,100,0.023509301245212555,0.690035343170166,1.4911669492721558,0.050000000000000044,,,,,,,,,,,,,,,,,,,,,16,,256,224,32,1615325564,1016355128,476,0,12,4,0.028034226968884468,1.0,-16.090341567993164,3.328793525695801,1.0,0.625321114435792,3836.734375,67.03369140625,,data/instances/transfer/real_01.cip
mix_12_4,52,2847,2847,B,,60.0,100,0.07654911279678345,0.6284560561180115,4.66264009475708,0.050000000000000044,,,,,,,,,,,,,,,,,,,,,16,,256,224,32,1615325564,1016355128,476,0,12,4,0.17193299531936646,1.0,-14.592204093933105,4.670293807983398,1.0,0.6300962027162313,3836.734375,67.03369140625,,data/instances/transfer/real_01.cip
mix_12_4,52,2848,2848,B,,60.0,100,0.1522078663110733,0.8173738718032837,11.682838439941406,0.050000000000000044,,,,,,,,,,,,,,,,,,,,,16,,256,224,32,1615325564,1016355128,476,0,12,4,0.1698695868253708,1.0,-13.327604293823242,4.199197292327881,1.0,0.6579271052032709,3836.734375,67.03369140625,,data/instances/transfer/real_01.cip
mix_12_4,52,2849,2849,B,,60.0,100,0.01402529701590538,0.37216174602508545,1.6472539901733398,0.050000000000000044,,,,,,,,,,,,,,,,,,,,,16,,256,224,32,1619824020,1016355128,477,0,12,4,0.023178696632385254,1.0,-15.924759864807129,3.973144292831421,1.0,0.7238473016768694,3836.734375,67.03369140625,,data/instances/transfer/real_01.cip
mix_12_4,52,2850,2850,B,,60.0,100,0.07803326100111008,0.515752911567688,10.028082847595215,0.050000000000000044,,,,,,,,,,,,,,,,,,,,,16,,256,224,32,1619824020,1016355128,477,0,12,4,0.061086505651474,1.0,-14.708699226379395,4.650821685791016,1.0,0.6739387586712837,3836.734375,67.03369140625,,data/instances/transfer/real_01.cip
mix_12_4,52,2851,2851,B,,60.0,100,0.03959912806749344,0.5108870267868042,4.330856800079346,0.050000000000000044,,,,,,,,,,,,,,,,,,,,,16,,256,224,32,1619824020,1016355128,477,0,12,4,0.05413597822189331,1.0,-18.458934783935547,3.4283394813537598,1.0,0.5404653083533049,3836.734375,67.03369140625,,data/instances/transfer/real_01.cip
mix_12_4,52,2852,2852,B,,60.0,100,0.011580429971218109,0.5664210915565491,1.1286230087280273,0.050000000000000044,,,,,,,,,,,,,,,,,,,,,16,,256,224,32,1619824020,1016355128,477,0,12,4,0.02510181814432144,1.0,-13.044593811035156,5.038961887359619,1.0,0.6199025604873896,3836.734375,67.03369140625,,data/instances/transfer/real_01.cip
mix_12_4,52,2853,2853,B,,60.0,100,0.08731354027986526,0.6536591649055481,2.7141642570495605,0.050000000000000044,,,,,,,,,,,,,,,,,,,,,16,,256,224,32,1624394096,1016355128,478,0,12,4,0.12703710794448853,1.0,-13.948233604431152,3.8249967098236084,1.0,0.6835442986339331,3836.734375,67.03369140625,,data/instances/transfer/real_01.cip
mix_12_4,52,2854,2854,B,,60.0,100,0.08894708752632141,0.6830769777297974,12.352368354797363,0.050000000000000044,,,,,,,,,,,,,,,,,,,,,16,,256,224,32,1624394096,1016355128,478,0,12,4,0.09962324798107147,1.0,-16.453739166259766,4.022054672241211,1.0,0.6433863900601864,3836.734375,67.03369140625,,data/instances/transfer/real_01.cip
mix_12_4,52,2855,2855,B,,60.0,100,0.0709061548113823,0.7786368131637573,7.203649997711182,0.050000000000000044,,,,,,,,,,,,,,,,,,,,,16,,256,224,32,1624394096,1016355128,478,0,12,4,0.08894313871860504,1.0,-15.806985855102539,3.7454090118408203,1.0,0.6330431010574102,3836.734375,67.03369140625,,data/instances/transfer/real_01.cip
mix_12_4,52,2856,2856,B,,60.0,100,0.018576882779598236,0.4664513170719147,1.8562871217727661,0.050000000000000044,,,,,,,,,,,,,,,,,,,,,16,,256,224,32,1624394096,1016355128,478,0,12,4,0.041236259043216705,1.0,-15.661300659179688,4.467801094055176,1.0,0.6500859279185534,3836.734375,67.03369140625,,data/instances/transfer/real_01.cip
mix_12_4,52,2857,2857,B,,60.0,100,0.09995047748088837,0.5969310998916626,7.799167156219482,0.050000000000000044,,,,,,,,,,,,,,,,,,,,,16,,256,224,32,1628982976,1016355128,479,0,12,4,0.19727666676044464,1.0,-15.315332412719727,4.744739532470703,1.0,0.659254539757967,3836.734375,67.03369140625,,data/instances/transfer/real_01.cip
mix_12_4,52,2858,2858,B,,60.0,100,0.05740541219711304,0.5484048128128052,8.44268798828125,0.050000000000000044,,,,,,,,,,,,,,,,,,,,,16,,256,224,32,1628982976,1016355128,479,0,12,4,0.09795721620321274,1.0,-16.760313034057617,4.665055274963379,1.0,0.6493947207927704,3836.734375,67.03369140625,,data/instances/transfer/real_01.cip
mix_12_4,52,2859,2859,B,,60.0,100,0.03206101059913635,0.6337963342666626,3.461629629135132,0.050000000000000044,,,,,,,,,,,,,,,,,,,,,16,,256,224,32,1628982976,1016355128,479,0,12,4,0.05855824053287506,1.0,-15.612923622131348,4.939229488372803,1.0,0.6379974503070116,3836.734375,67.03369140625,,data/instances/transfer/real_01.cip
mix_12_4,52,2860,2860,B,,60.0,100,0.1223125010728836,0.6463617086410522,9.767452239990234,0.050000000000000044,,,,,,,,,,,,,,,,,,,,,16,,256,224,32,1628982976,1016355128,479,0,12,4,0.248470738530159,1.0,-13.519890785217285,4.710206508636475,1.0,0.6294847242534161,3836.734375,67.03369140625,,data/instances/transfer/real_01.cip
mix_12_4,52,2861,2861,B,,60.0,100,0.04355330765247345,0.6746591329574585,3.2340939044952393,0.050000000000000044,,,,,,,,,,,,,,,,,,,,,16,,256,224,32,1633615960,1016355128,480,0,12,4,0.07100847363471985,1.0,-14.80224609375,4.839450836181641,1.0,0.68544383905828,3836.734375,67.03369140625,,data/instances/transfer/real_01.cip
mix_12_4,52,2862,2862,B,,60.0,100,0.014481023885309696,0.6910630464553833,0.8586486577987671,0.050000000000000044,,,,,,,,,,,,,,,,,,,,,16,,256,224,32,1633615960,1016355128,480,0,12,4,0.01942366175353527,1.0,-15.860254287719727,2.935941219329834,1.0,0.6553319226950407,3836.734375,67.03369140625,,data/instances/transfer/real_01.cip
mix_12_4,52,2863,2863,B,,60.0,100,0.013510514982044697,0.4613150656223297,1.9358240365982056,0.050000000000000044,,,,,,,,,,,,,,,,,,,,,16,,256,224,32,1633615960,1016355128,480,0,12,4,0.04935590922832489,1.0,-15.942041397094727,3.968965530395508,1.0,0.6457262001931667,3836.734375,67.03369140625,,data/instances/transfer/real_01.cip
mix_12_4,52,2864,2864,B,,60.0,100,0.009711242280900478,0.38675791025161743,0.46958181262016296,0.050000000000000044,,,,,,,,,,,,,,,,,,,,,16,,256,224,32,1633615960,1016355128,480,0,12,4,0.05256078392267227,1.0,-17.66720962524414,3.3322770595550537,1.0,0.6454772166907787,3836.734375,67.03369140625,,data/instances/transfer/real_01.cip
mix_12_4,52,2865,2865,B,,60.0,100,0.030932819470763206,0.4219002425670624,1.1112810373306274,0.050000000000000044,,,,,,,,,,,,,,,,,,,,,16,,256,224,32,1638366928,1016355128,481,0,12,4,0.09305867552757263,1.0,-14.810382843017578,3.9845683574676514,1.0,0.47316909953951836,3836.734375,67.03369140625,,data/instances/transfer/real_01.cip
mix_12_4,52,2866,2866,B,,60.0,100,0.025879736989736557,0.5588850378990173,1.401566743850708,0.050000000000000044,,,,,,,,,,,,,,,,,,,,,16,,256,224,32,1638366928,1016355128,481,0,12,4,0.030977493152022362,1.0,-16.482290267944336,3.400099515914917,1.0,0.49325714260339737,3836.734375,67.03369140625,,data/instances/transfer/real_01.cip
mix_12_4,52,2867,2867,B,,60.0,100,0.08980172872543335,0.8785534501075745,4.068242073059082,0.050000000000000044,,,,,,,,,,,,,,,,,,,,,16,,256,224,32,1638366928,1016355128,481,0,12,4,0.14013467729091644,1.0,-14.774526596069336,4.196491241455078,1.0,0.4820527248084545,3836.734375,67.03369140625,,data/instances/transfer/real_01.cip
mix_12_4,52,2868,2868,B,,60.0,100,0.030105454847216606,0.45717790722846985,2.6859357357025146,0.050000000000000044,,,,,,,,,,,,,,,,,,,,,16,,256,224,32,1638366928,1016355128,481,0,12,4,0.0913480818271637,1.0,-15.175313949584961,3.320849657058716,1.0,0.4741603098809719,3836.734375,67.03369140625,,data/instances/transfer/real_01.cip
episode,52,2868,2868,B,,60.0,100,0.030105454847216606,0.45717790722846985,2.6859357357025146,0.050000000000000044,-13.019999999999998,-13.0,-0.019999999999999997,-13.019999999999998,True,14,63.441738,,,,,,,,inf,1e+20,120.0,inf,0.0,32385,16,True,256,224,32,1647965940,1016355128,483,0,12,4,,,,,1.0,,3836.734375,67.03369140625,timelimit,data/instances/transfer/real_01.cip
mix_12_4,53,2869,2869,B,,60.0,100,0.022844092920422554,0.6549426317214966,0.6003864407539368,0.050000000000000044,,,,,,,,,,,,,,,,,,,,,16,,256,224,32,1647965940,1016355128,483,0,12,4,0.0401662215590477,1.0,-13.59469985961914,4.572319507598877,1.0,0.6574166789650917,3836.82421875,67.03369140625,,data/instances/transfer/real_03.cip
mix_12_4,53,2870,2870,B,,60.0,100,0.07088255882263184,0.734963059425354,5.401287078857422,0.050000000000000044,,,,,,,,,,,,,,,,,,,,,16,,256,224,32,1647965940,1016355128,483,0,12,4,0.08598227798938751,1.0,-14.81570816040039,3.345827341079712,1.0,0.677041795104742,3836.82421875,67.03369140625,,data/instances/transfer/real_03.cip
mix_12_4,53,2871,2871,B,,60.0,100,0.16726112365722656,1.0080127716064453,10.502503395080566,0.050000000000000044,,,,,,,,,,,,,,,,,,,,,16,,256,224,32,1647965940,1016355128,483,0,12,4,0.1360406130552292,1.0,-14.72208309173584,3.9342284202575684,1.0,0.6468188539147377,3836.82421875,67.03369140625,,data/instances/transfer/real_03.cip
mix_12_4,53,2872,2872,B,,60.0,100,0.039273351430892944,0.6418285369873047,4.888789653778076,0.050000000000000044,,,,,,,,,,,,,,,,,,,,,16,,256,224,32,1647965940,1016355128,483,0,12,4,0.051619529724121094,1.0,-16.560222625732422,3.6883320808410645,1.0,0.6434608474373817,3836.82421875,67.03369140625,,data/instances/transfer/real_03.cip
mix_12_4,53,2873,2873,B,,60.0,100,0.08234496414661407,1.1025855541229248,7.978122234344482,0.050000000000000044,,,,,,,,,,,,,,,,,,,,,16,,256,224,32,1647965940,1016355128,483,0,12,4,0.04969782382249832,1.0,-15.403843879699707,4.196407794952393,1.0,0.6890055034309626,3836.82421875,67.03369140625,,data/instances/transfer/real_03.cip
mix_12_4,53,2874,2874,B,,60.0,100,0.1809091567993164,0.7741185426712036,18.12391471862793,0.050000000000000044,,,,,,,,,,,,,,,,,,,,,16,,256,224,32,1647965940,1016355128,483,0,12,4,0.12225840985774994,1.0,-14.60732364654541,4.543551921844482,1.0,0.681560343131423,3836.82421875,67.03369140625,,data/instances/transfer/real_03.cip
mix_12_4,53,2875,2875,B,,60.0,100,0.16069701313972473,0.8186255693435669,5.888638019561768,0.050000000000000044,,,,,,,,,,,,,,,,,,,,,16,,256,224,32,1647965940,1016355128,483,0,12,4,0.22450080513954163,1.0,-12.037019729614258,3.425384044647217,1.0,0.6376026645302773,3836.82421875,67.03369140625,,data/instances/transfer/real_03.cip
mix_12_4,53,2876,2876,B,,60.0,100,0.07358681410551071,0.7956044673919678,5.992837905883789,0.050000000000000044,,,,,,,,,,,,,,,,,,,,,16,,256,224,32,1647965940,1016355128,483,0,12,4,0.1011895090341568,1.0,-13.839033126831055,4.930150985717773,1.0,0.6338735651224852,3836.82421875,67.03369140625,,data/instances/transfer/real_03.cip
mix_12_4,53,2877,2877,B,,60.0,100,0.09563082456588745,0.7836862802505493,10.655638694763184,0.050000000000000044,,,,,,,,,,,,,,,,,,,,,16,,256,224,32,1648717560,1016355128,484,0,12,4,0.10052084177732468,1.0,-12.86578369140625,5.238934516906738,1.0,0.6376146078109741,3836.82421875,67.03369140625,,data/instances/transfer/real_03.cip
mix_12_4,53,2878,2878,B,,60.0,100,0.08457522094249725,0.6957494020462036,9.689533233642578,0.050000000000000044,,,,,,,,,,,,,,,,,,,,,16,,256,224,32,1648717560,1016355128,484,0,12,4,0.07429201155900955,1.0,-14.955307006835938,4.305304050445557,1.0,0.6309121530503035,3836.82421875,67.03369140625,,data/instances/transfer/real_03.cip
mix_12_4,53,2879,2879,B,,60.0,100,0.12251419574022293,0.7364333271980286,11.282394409179688,0.050000000000000044,,,,,,,,,,,,,,,,,,,,,16,,256,224,32,1648717560,1016355128,484,0,12,4,0.1658962368965149,1.0,-16.223541259765625,3.678148031234741,1.0,0.5819872785359621,3836.82421875,67.03369140625,,data/instances/transfer/real_03.cip
mix_12_4,53,2880,2880,B,,60.0,100,0.02674645185470581,0.5902225971221924,2.761615514755249,0.050000000000000044,,,,,,,,,,,,,,,,,,,,,16,,256,224,32,1648717560,1016355128,484,0,12,4,0.04010849446058273,1.0,-15.513984680175781,4.41418981552124,1.0,0.6405825931578875,3836.82421875,67.03369140625,,data/instances/transfer/real_03.cip
mix_12_4,53,2881,2881,B,,60.0,100,0.25378891825675964,0.9283371567726135,22.687440872192383,0.050000000000000044,,,,,,,,,,,,,,,,,,,,,16,,256,224,32,1649339940,1016355128,485,0,12,4,0.29798150062561035,1.0,-17.70219612121582,3.8379669189453125,1.0,0.6415983662009239,3836.82421875,67.03369140625,,data/instances/transfer/real_03.cip
mix_12_4,53,2882,2882,B,,60.0,100,0.20299437642097473,1.0338349342346191,18.422571182250977,0.050000000000000044,,,,,,,,,,,,,,,,,,,,,16,,256,224,32,1649339940,1016355128,485,0,12,4,0.15753166377544403,1.0,-17.376131057739258,4.869470119476318,1.0,0.6398614346981049,3836.82421875,67.03369140625,,data/instances/transfer/real_03.cip
mix_12_4,53,2883,2883,B,,60.0,100,0.38894331455230713,1.3436105251312256,14.54306697845459,0.050000000000000044,,,,,,,,,,,,,,,,,,,,,16,,256,224,32,1649339940,1016355128,485,0,12,4,0.1257624328136444,1.0,-15.137067794799805,4.608363151550293,1.0,0.6489027757197618,3836.82421875,67.03369140625,,data/instances/transfer/real_03.cip
mix_12_4,53,2884,2884,B,,60.0,100,0.0602678582072258,0.7709803581237793,3.457082748413086,0.050000000000000044,,,,,,,,,,,,,,,,,,,,,16,,256,224,32,1649339940,1016355128,485,0,12,4,0.0687982589006424,1.0,-17.88628387451172,3.7226791381835938,1.0,0.642239548265934,3836.82421875,67.03369140625,,data/instances/transfer/real_03.cip
mix_12_4,53,2885,2885,B,,60.0,100,0.1596745252609253,0.8206745386123657,2.9387319087982178,0.050000000000000044,,,,,,,,,,,,,,,,,,,,,16,,256,224,32,1650172380,1016355128,486,0,12,4,0.15475334227085114,1.0,-14.875703811645508,3.605193614959717,1.0,0.6510153040289879,3836.82421875,67.03369140625,,data/instances/transfer/real_03.cip
mix_12_4,53,2886,2886,B,,60.0,100,0.03169610723853111,0.6864537596702576,4.481715679168701,0.050000000000000044,,,,,,,,,,,,,,,,,,,,,16,,256,224,32,1650172380,1016355128,486,0,12,4,0.019859252497553825,1.0,-14.868433952331543,3.9068520069122314,1.0,0.6425760574638844,3836.82421875,67.03369140625,,data/instances/transfer/real_03.cip
mix_12_4,53,2887,2887,B,,60.0,100,0.2056879997253418,0.8347935676574707,18.039947509765625,0.050000000000000044,,,,,,,,,,,,,,,,,,,,,16,,256,224,32,1650172380,1016355128,486,0,12,4,0.2273515909910202,1.0,-14.66435432434082,4.953815937042236,1.0,0.636686684563756,3836.82421875,67.03369140625,,data/instances/transfer/real_03.cip
mix_12_4,53,2888,2888,B,,60.0,100,0.1368967443704605,1.0288748741149902,10.303657531738281,0.050000000000000044,,,,,,,,,,,,,,,,,,,,,16,,256,224,32,1650172380,1016355128,486,0,12,4,0.1033085510134697,1.0,-15.402242660522461,4.5007758140563965,1.0,0.6229857243597507,3836.82421875,67.03369140625,,data/instances/transfer/real_03.cip
mix_12_4,53,2889,2889,B,,60.0,100,0.13125985860824585,0.7664518356323242,4.94971227645874,0.050000000000000044,,,,,,,,,,,,,,,,,,,,,16,,256,224,32,1650910132,1016355128,487,0,12,4,0.21253038942813873,1.0,-13.97308349609375,3.696437358856201,1.0,0.6267501730471849,3836.82421875,67.03369140625,,data/instances/transfer/real_03.cip
mix_12_4,53,2890,2890,B,,60.0,100,0.01731663942337036,0.6083991527557373,0.8218736052513123,0.050000000000000044,,,,,,,,,,,,,,,,,,,,,16,,256,224,32,1650910132,1016355128,487,0,12,4,0.02906552143394947,1.0,-16.911630630493164,4.538031578063965,1.0,0.6492777187377214,3836.82421875,67.03369140625,,data/instances/transfer/real_03.cip
mix_12_4,53,2891,2891,B,,60.0,100,0.10663685202598572,0.6608949899673462,10.734745025634766,0.050000000000000044,,,,,,,,,,,,,,,,,,,,,16,,256,224,32,1650910132,1016355128,487,0,12,4,0.10556310415267944,1.0,-16.869712829589844,4.313663005828857,1.0,0.6517387330532074,3836.82421875,67.03369140625,,data/instances/transfer/real_03.cip
mix_12_4,53,2892,2892,B,,60.0,100,0.1812959611415863,1.1231802701950073,11.470980644226074,0.050000000000000044,,,,,,,,,,,,,,,,,,,,,16,,256,224,32,1650910132,1016355128,487,0,12,4,0.10468089580535889,1.0,-15.973071098327637,4.38116979598999,1.0,0.6544153746217489,3836.82421875,67.03369140625,,data/instances/transfer/real_03.cip
mix_12_4,53,2893,2893,B,,60.0,100,0.06256519258022308,0.7932451367378235,1.3961306810379028,0.050000000000000044,,,,,,,,,,,,,,,,,,,,,16,,256,224,32,1651743204,1016355128,488,0,12,4,0.08028100430965424,1.0,-14.857192993164062,3.9540045261383057,1.0,0.6413541808724403,3836.82421875,67.03369140625,,data/instances/transfer/real_03.cip
mix_12_4,53,2894,2894,B,,60.0,100,0.036659371107816696,0.42249396443367004,1.348868727684021,0.050000000000000044,,,,,,,,,,,,,,,,,,,,,16,,256,224,32,1651743204,1016355128,488,0,12,4,0.08987585455179214,1.0,-15.257661819458008,3.767808437347412,1.0,0.6466518733650446,3836.82421875,67.03369140625,,data/instances/transfer/real_03.cip
mix_12_4,53,2895,2895,B,,60.0,100,0.036522701382637024,0.4991008937358856,4.864634990692139,0.050000000000000044,,,,,,,,,,,,,,,,,,,,,16,,256,224,32,1651743204,1016355128,488,0,12,4,0.117960125207901,1.0,-12.50045394897461,5.5461907386779785,1.0,0.6513795182108879,3836.82421875,67.03369140625,,data/instances/transfer/real_03.cip
mix_12_4,53,2896,2896,B,,60.0,100,0.1370958536863327,1.188687801361084,10.740117073059082,0.050000000000000044,,,,,,,,,,,,,,,,,,,,,16,,256,224,32,1651743204,1016355128,488,0,12,4,0.06953101605176926,1.0,-14.671977996826172,4.033694744110107,1.0,0.6588137280195951,3836.82421875,67.03369140625,,data/instances/transfer/real_03.cip
mix_12_4,53,2897,2897,B,,60.0,100,0.04665152728557587,0.8520956039428711,6.721755504608154,0.050000000000000044,,,,,,,,,,,,,,,,,,,,,16,,256,224,32,1652577028,1016355128,489,0,12,4,0.04962396249175072,1.0,-14.21594524383545,4.476729393005371,1.0,0.6433359272778034,3836.82421875,67.03369140625,,data/instances/transfer/real_03.cip
mix_12_4,53,2898,2898,B,,60.0,100,0.04618120938539505,0.38455790281295776,1.5051480531692505,0.050000000000000044,,,,,,,,,,,,,,,,,,,,,16,,256,224,32,1652577028,1016355128,489,0,12,4,0.2227693647146225,1.0,-15.26666259765625,3.1617259979248047,1.0,0.6605880912393332,3836.82421875,67.03369140625,,data/instances/transfer/real_03.cip
mix_12_4,53,2899,2899,B,,60.0,100,0.12391603738069534,0.6562689542770386,8.120255470275879,0.050000000000000044,,,,,,,,,,,,,,,,,,,,,16,,256,224,32,1652577028,1016355128,489,0,12,4,0.14408919215202332,1.0,-15.771537780761719,3.8552348613739014,1.0,0.6574166677892208,3836.82421875,67.03369140625,,data/instances/transfer/real_03.cip
mix_12_4,53,2900,2900,B,,60.0,100,0.035833939909935,0.5564869046211243,5.024747371673584,0.050000000000000044,,,,,,,,,,,,,,,,,,,,,16,,256,224,32,1652577028,1016355128,489,0,12,4,0.048761460930109024,1.0,-16.744409561157227,4.6670379638671875,1.0,0.6620903853327036,3836.82421875,67.03369140625,,data/instances/transfer/real_03.cip
mix_12_4,53,2901,2901,B,,60.0,100,0.20426926016807556,0.8262004852294922,21.529220581054688,0.050000000000000044,,,,,,,,,,,,,,,,,,,,,16,,256,224,32,1653412120,1016355128,490,0,12,4,0.1363309621810913,1.0,-17.30942726135254,4.426815032958984,1.0,0.6503381170332432,3836.82421875,67.03369140625,,data/instances/transfer/real_03.cip
mix_12_4,53,2902,2902,B,,60.0,100,0.026320600882172585,0.578313410282135,1.9953501224517822,0.050000000000000044,,,,,,,,,,,,,,,,,,,,,16,,256,224,32,1653412120,1016355128,490,0,12,4,0.04553718492388725,1.0,-17.105161666870117,3.7226884365081787,1.0,0.6431891173124313,3836.82421875,67.03369140625,,data/instances/transfer/real_03.cip
mix_12_4,53,2903,2903,B,,60.0,100,0.138128861784935,0.8602875471115112,5.931834697723389,0.050000000000000044,,,,,,,,,,,,,,,,,,,,,16,,256,224,32,1653412120,1016355128,490,0,12,4,0.12310768663883209,1.0,-16.910097122192383,3.6191062927246094,1.0,0.6527752541005611,3836.82421875,67.03369140625,,data/instances/transfer/real_03.cip
mix_12_4,53,2904,2904,B,,60.0,100,0.027700120583176613,1.2400637865066528,2.9825289249420166,0.050000000000000044,,,,,,,,,,,,,,,,,,,,,16,,256,224,32,1653412120,1016355128,490,0,12,4,0.01520058698952198,1.0,-15.859231948852539,3.423501491546631,1.0,0.6554353069514036,3836.82421875,67.03369140625,,data/instances/transfer/real_03.cip
mix_12_4,53,2905,2905,B,,60.0,100,0.042031317949295044,0.7379749417304993,4.166599750518799,0.050000000000000044,,,,,,,,,,,,,,,,,,,,,16,,256,224,32,1653086564,1016355128,491,0,12,4,0.03340798243880272,1.0,-14.70888900756836,4.049754619598389,1.0,0.6544683966785669,3836.82421875,67.03369140625,,data/instances/transfer/real_03.cip
mix_12_4,53,2906,2906,B,,60.0,100,0.07404410094022751,0.739112138748169,8.818427085876465,0.050000000000000044,,,,,,,,,,,,,,,,,,,,,16,,256,224,32,1653086564,1016355128,491,0,12,4,0.08028285205364227,1.0,-14.319294929504395,6.0303053855896,1.0,0.6438198052346706,3836.82421875,67.03369140625,,data/instances/transfer/real_03.cip
mix_12_4,53,2907,2907,B,,60.0,100,0.049463458359241486,0.4415366053581238,3.563434362411499,0.050000000000000044,,,,,,,,,,,,,,,,,,,,,16,,256,224,32,1653086564,1016355128,491,0,12,4,0.18612807989120483,1.0,-15.602959632873535,3.4783477783203125,1.0,0.6454246137291193,3836.82421875,67.03369140625,,data/instances/transfer/real_03.cip
mix_12_4,53,2908,2908,B,,60.0,100,0.03564947471022606,0.5245866179466248,1.8185874223709106,0.050000000000000044,,,,,,,,,,,,,,,,,,,,,16,,256,224,32,1653086564,1016355128,491,0,12,4,0.0985674187541008,1.0,-16.496479034423828,3.9899468421936035,1.0,0.6639435719698668,3836.82421875,67.03369140625,,data/instances/transfer/real_03.cip
mix_12_4,53,2909,2909,B,,60.0,100,0.2378035932779312,0.7863157391548157,19.050844192504883,0.050000000000000044,,,,,,,,,,,,,,,,,,,,,16,,256,224,32,1652610696,1016355128,492,0,12,4,0.22632332146167755,1.0,-15.938979148864746,4.060266494750977,1.0,0.6417245920747519,3836.82421875,67.03369140625,,data/instances/transfer/real_03.cip
mix_12_4,53,2910,2910,B,,60.0,100,0.044840775430202484,0.9170689582824707,4.271867752075195,0.050000000000000044,,,,,,,,,,,,,,,,,,,,,16,,256,224,32,1652610696,1016355128,492,0,12,4,0.025460977107286453,1.0,-15.284655570983887,4.944868087768555,1.0,0.637462155893445,3836.82421875,67.03369140625,,data/instances/transfer/real_03.cip
mix_12_4,53,2911,2911,B,,60.0,100,0.04356188327074051,0.6500650644302368,6.055807590484619,0.050000000000000044,,,,,,,,,,,,,,,,,,,,,16,,256,224,32,1652610696,1016355128,492,0,12,4,0.10121875256299973,1.0,-13.55516529083252,3.9024927616119385,1.0,0.656333202496171,3836.82421875,67.03369140625,,data/instances/transfer/real_03.cip
mix_12_4,53,2912,2912,B,,60.0,100,0.08684432506561279,0.5414886474609375,8.006959915161133,0.050000000000000044,,,,,,,,,,,,,,,,,,,,,16,,256,224,32,1652610696,1016355128,492,0,12,4,0.2140711545944214,1.0,-14.30826187133789,5.012760162353516,1.0,0.6552445981651545,3836.82421875,67.03369140625,,data/instances/transfer/real_03.cip
mix_12_4,53,2913,2913,B,,60.0,100,0.15214252471923828,1.0593581199645996,13.980588912963867,0.050000000000000044,,,,,,,,,,,,,,,,,,,,,16,,256,224,32,1652042056,1016355128,493,0,12,4,0.06908910721540451,1.0,-13.635671615600586,4.056642532348633,1.0,0.6350607015192509,3836.82421875,67.03369140625,,data/instances/transfer/real_03.cip
mix_12_4,53,2914,2914,B,,60.0,100,0.1667267382144928,0.9301998615264893,12.837576866149902,0.050000000000000044,,,,,,,,,,,,,,,,,,,,,16,,256,224,32,1652042056,1016355128,493,0,12,4,0.16090799868106842,1.0,-13.017295837402344,5.194553375244141,1.0,0.6405704859644175,3836.82421875,67.03369140625,,data/instances/transfer/real_03.cip
mix_12_4,53,2915,2915,B,,60.0,100,0.2157157063484192,1.0789308547973633,18.12080955505371,0.050000000000000044,,,,,,,,,,,,,,,,,,,,,16,,256,224,32,1652042056,1016355128,493,0,12,4,0.17958353459835052,1.0,-13.637142181396484,5.081447601318359,1.0,0.6400036513805389,3836.82421875,67.03369140625,,data/instances/transfer/real_03.cip
mix_12_4,53,2916,2916,B,,60.0,100,0.023949239403009415,0.6358586549758911,2.5045032501220703,0.050000000000000044,,,,,,,,,,,,,,,,,,,,,16,,256,224,32,1652042056,1016355128,493,0,12,4,0.02062189392745495,1.0,-15.262103080749512,5.328693389892578,1.0,0.6392049994319677,3836.82421875,67.03369140625,,data/instances/transfer/real_03.cip
episode,53,2916,2916,B,,60.0,100,0.023949239403009415,0.6358586549758911,2.5045032501220703,0.050000000000000044,-12.021799999999999,-12.0,-0.021800000000000003,-12.021799999999999,True,13,60.330734,,,,,,,,inf,1e+20,120.0,inf,0.0,16951,16,True,256,224,32,1650382152,1016355128,495,0,12,4,,,,,1.0,,3836.82421875,67.03369140625,timelimit,data/instances/transfer/real_03.cip
mix_12_4,54,2917,2917,B,,60.0,100,0.08090077340602875,0.6194449067115784,5.1413655281066895,0.050000000000000044,,,,,,,,,,,,,,,,,,,,,16,,256,224,32,1650382152,1016355128,495,0,12,4,0.1893548220396042,1.0,-14.340011596679688,4.689337730407715,1.0,0.6758674364537001,3836.82421875,67.03369140625,,data/instances/transfer/real_05.cip
mix_12_4,54,2918,2918,B,,60.0,100,0.14333845674991608,0.8635867834091187,17.526918411254883,0.050000000000000044,,,,,,,,,,,,,,,,,,,,,16,,256,224,32,1650382152,1016355128,495,0,12,4,0.14864979684352875,1.0,-15.3880615234375,4.98721170425415,1.0,0.6639372482895851,3836.82421875,67.03369140625,,data/instances/transfer/real_05.cip
mix_12_4,54,2919,2919,B,,60.0,100,0.15887002646923065,0.9728304743766785,17.214641571044922,0.050000000000000044,,,,,,,,,,,,,,,,,,,,,16,,256,224,32,1650382152,1016355128,495,0,12,4,0.12342227250337601,1.0,-17.061384201049805,3.7918636798858643,1.0,0.6577123217284679,3836.82421875,67.03369140625,,data/instances/transfer/real_05.cip
mix_12_4,54,2920,2920,B,,60.0,100,0.043304815888404846,0.48354142904281616,7.89983606338501,0.050000000000000044,,,,,,,,,,,,,,,,,,,,,16,,256,224,32,1650382152,1016355128,495,0,12,4,0.13122394680976868,1.0,-17.75859260559082,2.3667242527008057,1.0,0.6608392912894487,3836.82421875,67.03369140625,,data/instances/transfer/real_05.cip
mix_12_4,54,2921,2921,B,,60.0,100,0.14764785766601562,0.7177960276603699,1.9813085794448853,0.050000000000000044,,,,,,,,,,,,,,,,,,,,,16,,256,224,32,1650382152,1016355128,495,0,12,4,0.14453503489494324,1.0,-15.682262420654297,3.13037371635437,1.0,0.6388947758823633,3836.82421875,67.03369140625,,data/instances/transfer/real_05.cip
mix_12_4,54,2922,2922,B,,60.0,100,0.0340271033346653,0.486771821975708,2.0747690200805664,0.050000000000000044,,,,,,,,,,,,,,,,,,,,,16,,256,224,32,1650382152,1016355128,495,0,12,4,0.05378701910376549,1.0,-15.922395706176758,3.4272098541259766,1.0,0.6525550428777933,3836.82421875,67.03369140625,,data/instances/transfer/real_05.cip
mix_12_4,54,2923,2923,B,,60.0,100,0.2207879275083542,0.8846921920776367,16.42617416381836,0.050000000000000044,,,,,,,,,,,,,,,,,,,,,16,,256,224,32,1650382152,1016355128,495,0,12,4,0.18704958260059357,1.0,-13.612884521484375,4.274388790130615,1.0,0.6568327900022268,3836.82421875,67.03369140625,,data/instances/transfer/real_05.cip
mix_12_4,54,2924,2924,B,,60.0,100,0.14417490363121033,0.8193895816802979,17.029443740844727,0.050000000000000044,,,,,,,,,,,,,,,,,,,,,16,,256,224,32,1650382152,1016355128,495,0,12,4,0.15815742313861847,1.0,-16.249378204345703,3.97391414642334,1.0,0.6603944562375546,3836.82421875,67.03369140625,,data/instances/transfer/real_05.cip
mix_12_4,54,2925,2925,B,,60.0,100,0.13153265416622162,0.9564765095710754,10.174687385559082,0.050000000000000044,,,,,,,,,,,,,,,,,,,,,16,,256,224,32,1652325392,1016355128,496,0,12,4,0.1345733255147934,1.0,-12.285242080688477,4.3367414474487305,1.0,0.6357474513351917,3836.82421875,67.03369140625,,data/instances/transfer/real_05.cip
mix_12_4,54,2926,2926,B,,60.0,100,0.10773949325084686,0.7548162341117859,4.5090789794921875,0.050000000000000044,,,,,,,,,,,,,,,,,,,,,16,,256,224,32,1652325392,1016355128,496,0,12,4,0.08283266425132751,1.0,-15.5739107131958,3.011864423751831,1.0,0.6624535750597715,3836.82421875,67.03369140625,,data/instances/transfer/real_05.cip
mix_12_4,54,2927,2927,B,,60.0,100,0.15547993779182434,0.9446909427642822,11.322968482971191,0.050000000000000044,,,,,,,,,,,,,,,,,,,,,16,,256,224,32,1652325392,1016355128,496,0,12,4,0.1041768416762352,1.0,-14.870990753173828,4.706223011016846,1.0,0.6657721027731895,3836.82421875,67.03369140625,,data/instances/transfer/real_05.cip
mix_12_4,54,2928,2928,B,,60.0,100,0.10757073014974594,1.1625046730041504,6.243216037750244,0.050000000000000044,,,,,,,,,,,,,,,,,,,,,16,,256,224,32,1652325392,1016355128,496,0,12,4,0.006079989485442638,1.0,-16.984296798706055,3.8630998134613037,1.0,0.6501463241875172,3836.82421875,67.03369140625,,data/instances/transfer/real_05.cip
mix_12_4,54,2929,2929,B,,60.0,100,0.07582642138004303,0.5913714170455933,10.269134521484375,0.050000000000000044,,,,,,,,,,,,,,,,,,,,,16,,256,224,32,1654358936,1016355128,497,0,12,4,0.21276594698429108,1.0,-15.660612106323242,5.629847049713135,1.0,0.6185533013194799,3836.82421875,67.03369140625,,data/instances/transfer/real_05.cip
mix_12_4,54,2930,2930,B,,60.0,100,0.01973067969083786,0.34947097301483154,1.0894588232040405,0.050000000000000044,,,,,,,,,,,,,,,,,,,,,16,,256,224,32,1654358936,1016355128,497,0,12,4,0.08220574259757996,1.0,-16.052488327026367,4.495625972747803,1.0,0.6542493235319853,3836.82421875,67.03369140625,,data/instances/transfer/real_05.cip
mix_12_4,54,2931,2931,B,,60.0,100,0.16007955372333527,0.9980188012123108,7.478835582733154,0.050000000000000044,,,,,,,,,,,,,,,,,,,,,16,,256,224,32,1654358936,1016355128,497,0,12,4,0.1734893023967743,1.0,-13.510637283325195,5.135709285736084,1.0,0.6638233922421932,3836.82421875,67.03369140625,,data/instances/transfer/real_05.cip
mix_12_4,54,2932,2932,B,,60.0,100,0.08224358409643173,0.7965052127838135,8.885470390319824,0.050000000000000044,,,,,,,,,,,,,,,,,,,,,16,,256,224,32,1654358936,1016355128,497,0,12,4,0.06938406825065613,1.0,-16.944313049316406,3.654569149017334,1.0,0.657632464542985,3836.82421875,67.03369140625,,data/instances/transfer/real_05.cip
mix_12_4,54,2933,2933,B,,60.0,100,0.028459947556257248,0.37131059169769287,1.2245385646820068,0.050000000000000044,,,,,,,,,,,,,,,,,,,,,16,,256,224,32,1656304228,1016355128,498,0,12,4,0.08756896108388901,1.0,-15.143768310546875,4.375236988067627,1.0,0.6295382399111986,3836.82421875,67.03369140625,,data/instances/transfer/real_05.cip
mix_12_4,54,2934,2934,B,,60.0,100,0.08064231276512146,0.6092806458473206,2.0295205116271973,0.050000000000000044,,,,,,,,,,,,,,,,,,,,,16,,256,224,32,1656304228,1016355128,498,0,12,4,0.13942036032676697,1.0,-17.05357551574707,3.761373281478882,1.0,0.6566648818552494,3836.82421875,67.03369140625,,data/instances/transfer/real_05.cip
mix_12_4,54,2935,2935,B,,60.0,100,0.12843595445156097,0.8323459029197693,9.991689682006836,0.050000000000000044,,,,,,,,,,,,,,,,,,,,,16,,256,224,32,1656304228,1016355128,498,0,12,4,0.11156435310840607,1.0,-15.60359001159668,4.34921407699585,1.0,0.6682631075382233,3836.82421875,67.03369140625,,data/instances/transfer/real_05.cip
mix_12_4,54,2936,2936,B,,60.0,100,0.06496328115463257,0.533923864364624,2.427083969116211,0.050000000000000044,,,,,,,,,,,,,,,,,,,,,16,,256,224,32,1656304228,1016355128,498,0,12,4,0.21043677628040314,1.0,-16.24874496459961,2.6417438983917236,1.0,0.6587539184838533,3836.82421875,67.03369140625,,data/instances/transfer/real_05.cip
mix_12_4,54,2937,2937,B,,60.0,100,0.023450104519724846,0.3672406077384949,1.9322785139083862,0.050000000000000044,,,,,,,,,,,,,,,,,,,,,16,,256,224,32,1658132336,1016355128,499,0,12,4,0.03980356827378273,1.0,-16.504066467285156,2.8570077419281006,1.0,0.6668543722480536,3836.82421875,67.03369140625,,data/instances/transfer/real_05.cip
mix_12_4,54,2938,2938,B,,60.0,100,0.04299444705247879,0.4489331543445587,8.24988079071045,0.050000000000000044,,,,,,,,,,,,,,,,,,,,,16,,256,224,32,1658132336,1016355128,499,0,12,4,0.09478794038295746,1.0,-15.718445777893066,3.5943593978881836,1.0,0.6521508097648621,3836.82421875,67.03369140625,,data/instances/transfer/real_05.cip
mix_12_4,54,2939,2939,B,,60.0,100,0.05496669560670853,0.6986173391342163,6.422316551208496,0.050000000000000044,,,,,,,,,,,,,,,,,,,,,16,,256,224,32,1658132336,1016355128,499,0,12,4,0.06296312063932419,1.0,-15.25187873840332,2.988517999649048,1.0,0.6500813346356153,3836.82421875,67.03369140625,,data/instances/transfer/real_05.cip
mix_12_4,54,2940,2940,B,,60.0,100,0.07141705602407455,0.5351603031158447,2.612497091293335,0.050000000000000044,,,,,,,,,,,,,,,,,,,,,16,,256,224,32,1658132336,1016355128,499,0,12,4,0.16483664512634277,1.0,-14.49012565612793,5.106749534606934,1.0,0.6582264043390751,3836.82421875,67.03369140625,,data/instances/transfer/real_05.cip
mix_12_4,54,2941,2941,B,,60.0,100,0.05072156339883804,1.0836255550384521,1.2229762077331543,0.050000000000000044,,,,,,,,,,,,,,,,,,,,,16,,256,224,32,1659968264,1016355128,500,0,12,4,0.03876085951924324,1.0,-14.032587051391602,4.596767902374268,1.0,0.6627169009298086,3836.82421875,67.03369140625,,data/instances/transfer/real_05.cip
mix_12_4,54,2942,2942,B,,60.0,100,0.2415599226951599,0.9818567037582397,26.899293899536133,0.050000000000000044,,,,,,,,,,,,,,,,,,,,,16,,256,224,32,1659968264,1016355128,500,0,12,4,0.1703760176897049,1.0,-17.768295288085938,2.750877857208252,1.0,0.646403232589364,3836.82421875,67.03369140625,,data/instances/transfer/real_05.cip
mix_12_4,54,2943,2943,B,,60.0,100,0.1306377649307251,1.0695266723632812,13.475674629211426,0.050000000000000044,,,,,,,,,,,,,,,,,,,,,16,,256,224,32,1659968264,1016355128,500,0,12,4,0.07581450790166855,1.0,-18.721424102783203,4.250262260437012,1.0,0.6645970232784748,3836.82421875,67.03369140625,,data/instances/transfer/real_05.cip
mix_12_4,54,2944,2944,B,,60.0,100,0.02162768319249153,0.7730932831764221,3.071263074874878,0.050000000000000044,,,,,,,,,,,,,,,,,,,,,16,,256,224,32,1659968264,1016355128,500,0,12,4,0.02359805442392826,1.0,-14.268329620361328,3.7011337280273438,1.0,0.6414297167211771,3836.82421875,67.03369140625,,data/instances/transfer/real_05.cip
mix_12_4,54,2945,2945,B,,60.0,100,0.007766245398670435,0.691651463508606,1.0342906713485718,0.050000000000000044,,,,,,,,,,,,,,,,,,,,,16,,256,224,32,1661894748,1016355128,501,0,12,4,0.009908013977110386,1.0,-15.226269721984863,4.5969157218933105,1.0,0.656233474612236,3836.82421875,67.03369140625,,data/instances/transfer/real_05.cip
mix_12_4,54,2946,2946,B,,60.0,100,0.05112455040216446,1.1370322704315186,3.082961320877075,0.050000000000000044,,,,,,,,,,,,,,,,,,,,,16,,256,224,32,1661894748,1016355128,501,0,12,4,0.03827110677957535,1.0,-15.617709159851074,3.6161420345306396,1.0,0.667812904343009,3836.82421875,67.03369140625,,data/instances/transfer/real_05.cip
mix_12_4,54,2947,2947,B,,60.0,100,0.2104129046201706,1.1731765270233154,20.503000259399414,0.050000000000000044,,,,,,,,,,,,,,,,,,,,,16,,256,224,32,1661894748,1016355128,501,0,12,4,0.1385916769504547,1.0,-16.21319007873535,4.080227851867676,1.0,0.6449010148644447,3836.82421875,67.03369140625,,data/instances/transfer/real_05.cip
mix_12_4,54,2948,2948,B,,60.0,100,0.1490539312362671,0.9905439615249634,14.071285247802734,0.050000000000000044,,,,,,,,,,,,,,,,,,,,,16,,256,224,32,1661894748,1016355128,501,0,12,4,0.13431821763515472,1.0,-16.430721282958984,4.673428058624268,1.0,0.6317177396267653,3836.82421875,67.03369140625,,data/instances/transfer/real_05.cip
mix_12_4,54,2949,2949,B,,60.0,100,0.10568546503782272,0.6951916217803955,5.885670185089111,0.050000000000000044,,,,,,,,,,,,,,,,,,,,,16,,256,224,32,1664004708,1016355128,502,0,12,4,0.20821762084960938,1.0,-15.68510627746582,3.574155569076538,1.0,0.650483513250947,3836.82421875,67.03369140625,,data/instances/transfer/real_05.cip
mix_12_4,54,2950,2950,B,,60.0,100,0.11204226315021515,0.6031066179275513,11.601877212524414,0.050000000000000044,,,,,,,,,,,,,,,,,,,,,16,,256,224,32,1664004708,1016355128,502,0,12,4,0.10664582997560501,1.0,-16.48448944091797,4.306056976318359,1.0,0.6525827832520008,3836.82421875,67.03369140625,,data/instances/transfer/real_05.cip
mix_12_4,54,2951,2951,B,,60.0,100,0.046602897346019745,0.6215391159057617,5.425943851470947,0.050000000000000044,,,,,,,,,,,,,,,,,,,,,16,,256,224,32,1664004708,1016355128,502,0,12,4,0.10854398459196091,1.0,-16.026567459106445,4.396399021148682,1.0,0.6529134549200535,3836.82421875,67.03369140625,,data/instances/transfer/real_05.cip
mix_12_4,54,2952,2952,B,,60.0,100,0.07320499420166016,0.7780917882919312,8.012722969055176,0.050000000000000044,,,,,,,,,,,,,,,,,,,,,16,,256,224,32,1664004708,1016355128,502,0,12,4,0.10154066234827042,1.0,-15.457188606262207,4.241888523101807,1.0,0.6415843144059181,3836.82421875,67.03369140625,,data/instances/transfer/real_05.cip
mix_12_4,54,2953,2953,B,,60.0,100,0.030602479353547096,0.5027884244918823,2.8759257793426514,0.050000000000000044,,,,,,,,,,,,,,,,,,,,,16,,256,224,32,1661834220,1016355128,503,0,12,4,0.09775964915752411,1.0,-17.248825073242188,3.4847612380981445,1.0,0.67681266926229,3836.82421875,67.03369140625,,data/instances/transfer/real_05.cip
mix_12_4,54,2954,2954,B,,60.0,100,0.02934356965124607,0.39063674211502075,1.5474016666412354,0.050000000000000044,,,,,,,,,,,,,,,,,,,,,16,,256,224,32,1661834220,1016355128,503,0,12,4,0.12860772013664246,1.0,-14.854822158813477,5.009049892425537,1.0,0.6503149643540382,3836.82421875,67.03369140625,,data/instances/transfer/real_05.cip
mix_12_4,54,2955,2955,B,,60.0,100,0.04176568612456322,0.6462866067886353,4.637772560119629,0.050000000000000044,,,,,,,,,,,,,,,,,,,,,16,,256,224,32,1661834220,1016355128,503,0,12,4,0.07347089797258377,1.0,-15.413019180297852,4.380054950714111,1.0,0.6522838771343231,3836.82421875,67.03369140625,,data/instances/transfer/real_05.cip
mix_12_4,54,2956,2956,B,,60.0,100,0.08796519786119461,0.49565398693084717,9.007165908813477,0.050000000000000044,,,,,,,,,,,,,,,,,,,,,16,,256,224,32,1661834220,1016355128,503,0,12,4,0.1719258427619934,1.0,-16.8715877532959,3.178037405014038,1.0,0.6371542122215033,3836.82421875,67.03369140625,,data/instances/transfer/real_05.cip
mix_12_4,54,2957,2957,B,,60.0,100,0.02930864877998829,0.5685749053955078,3.6656172275543213,0.050000000000000044,,,,,,,,,,,,,,,,,,,,,16,,256,224,32,1660049712,1016355128,504,0,12,4,0.04116266965866089,1.0,-14.119715690612793,4.343413829803467,1.0,0.4990810342133045,3836.82421875,67.03369140625,,data/instances/transfer/real_05.cip
mix_12_4,54,2958,2958,B,,60.0,100,0.0414898619055748,0.5595696568489075,3.7656970024108887,0.050000000000000044,,,,,,,,,,,,,,,,,,,,,16,,256,224,32,1660049712,1016355128,504,0,12,4,0.0444767102599144,1.0,-18.035930633544922,3.185256004333496,1.0,0.6504154093563557,3836.82421875,67.03369140625,,data/instances/transfer/real_05.cip
mix_12_4,54,2959,2959,B,,60.0,100,0.05055948346853256,0.6548502445220947,7.8782639503479,0.050000000000000044,,,,,,,,,,,,,,,,,,,,,16,,256,224,32,1660049712,1016355128,504,0,12,4,0.06100178509950638,1.0,-16.488388061523438,4.302680969238281,1.0,0.64847731590271,3836.82421875,67.03369140625,,data/instances/transfer/real_05.cip
mix_12_4,54,2960,2960,B,,60.0,100,0.045410215854644775,0.7653778791427612,2.08182954788208,0.050000000000000044,,,,,,,,,,,,,,,,,,,,,16,,256,224,32,1660049712,1016355128,504,0,12,4,0.037836913019418716,1.0,-16.287351608276367,4.1927103996276855,1.0,0.6709823906421661,3836.82421875,67.03369140625,,data/instances/transfer/real_05.cip
episode,54,2960,2960,B,,60.0,100,0.045410215854644775,0.7653778791427612,2.08182954788208,0.050000000000000044,-11.025199999999998,-11.0,-0.0252,-11.025199999999998,True,12,60.163935,,,,,,,,inf,1e+20,120.0,inf,0.0,16908,16,True,256,224,32,1657160148,1016355128,506,0,12,4,,,,,1.0,,3836.82421875,67.03369140625,timelimit,data/instances/transfer/real_05.cip
mix_12_4,55,2961,2961,B,,60.0,100,0.052759796380996704,0.5186504125595093,0.6862944960594177,0.050000000000000044,,,,,,,,,,,,,,,,,,,,,16,,256,224,32,1657160148,1016355128,506,0,12,4,0.09036857634782791,1.0,-17.41773796081543,3.720778465270996,176.0,0.6952380631119013,3836.82421875,67.03369140625,,data/instances/train/real_06.cip
mix_12_4,55,2962,2962,B,,60.0,100,0.0841049775481224,0.7122801542282104,1.1163932085037231,0.050000000000000044,,,,,,,,,,,,,,,,,,,,,16,,256,224,32,1657160148,1016355128,506,0,12,4,0.12744945287704468,1.0,-14.189827919006348,5.413543701171875,176.0,0.6655854769051075,3836.82421875,67.03369140625,,data/instances/train/real_06.cip
mix_12_4,55,2963,2963,B,,60.0,100,0.05357179790735245,0.609535813331604,1.6757577657699585,0.050000000000000044,,,,,,,,,,,,,,,,,,,,,16,,256,224,32,1657160148,1016355128,506,0,12,4,0.09693964570760727,1.0,-17.299373626708984,4.4111409187316895,176.0,0.6734106205403805,3836.82421875,67.03369140625,,data/instances/train/real_06.cip
mix_12_4,55,2964,2964,B,,60.0,100,0.07333550602197647,0.9278565645217896,1.761409044265747,0.050000000000000044,,,,,,,,,,,,,,,,,,,,,16,,256,224,32,1657160148,1016355128,506,0,12,4,0.06594955921173096,1.0,-15.324003219604492,3.864332675933838,176.0,0.66237922757864,3836.82421875,67.03369140625,,data/instances/train/real_06.cip
mix_12_4,55,2965,2965,B,,60.0,100,0.10852785408496857,0.8599660396575928,4.446879863739014,0.050000000000000044,,,,,,,,,,,,,,,,,,,,,16,,256,224,32,1657160148,1016355128,506,0,12,4,0.12763133645057678,1.0,-14.652799606323242,3.6823959350585938,1.0,0.6355975493788719,3836.82421875,67.03369140625,,data/instances/train/real_06.cip
mix_12_4,55,2966,2966,B,,60.0,100,0.03441426903009415,0.6475261449813843,1.7223459482192993,0.050000000000000044,,,,,,,,,,,,,,,,,,,,,16,,256,224,32,1657160148,1016355128,506,0,12,4,0.06581514328718185,1.0,-14.093648910522461,4.688278675079346,1.0,0.6501235645264387,3836.82421875,67.03369140625,,data/instances/train/real_06.cip
mix_12_4,55,2967,2967,B,,60.0,100,0.045718640089035034,0.539686918258667,1.545770525932312,0.050000000000000044,,,,,,,,,,,,,,,,,,,,,16,,256,224,32,1657160148,1016355128,506,0,12,4,0.1410021036863327,1.0,-14.501812934875488,3.849252223968506,1.0,0.6652649138122797,3836.82421875,67.03369140625,,data/instances/train/real_06.cip
mix_12_4,55,2968,2968,B,,60.0,100,0.12657853960990906,0.8367775678634644,2.5560450553894043,0.050000000000000044,,,,,,,,,,,,,,,,,,,,,16,,256,224,32,1657160148,1016355128,506,0,12,4,0.14844593405723572,1.0,-14.362741470336914,4.367527961730957,1.0,0.6502525359392166,3836.82421875,67.03369140625,,data/instances/train/real_06.cip
mix_12_4,55,2969,2969,B,,60.0,100,0.009083332493901253,0.4320381283760071,1.573106050491333,0.050000000000000044,,,,,,,,,,,,,,,,,,,,,16,,256,224,32,1651563348,1016355128,507,0,12,4,0.03891813009977341,1.0,-14.302144050598145,4.006540298461914,1.0,0.6486607529222965,3836.82421875,67.03369140625,,data/instances/train/real_06.cip
mix_12_4,55,2970,2970,B,,60.0,100,0.08927328884601593,0.6203559637069702,3.8420417308807373,0.050000000000000044,,,,,,,,,,,,,,,,,,,,,16,,256,224,32,1651563348,1016355128,507,0,12,4,0.05046256631612778,1.0,-14.513219833374023,3.9465043544769287,1.0,0.6597040798515081,3836.82421875,67.03369140625,,data/instances/train/real_06.cip
mix_12_4,55,2971,2971,B,,60.0,100,0.0987861379981041,0.5337778329849243,3.3737587928771973,0.050000000000000044,,,,,,,,,,,,,,,,,,,,,16,,256,224,32,1651563348,1016355128,507,0,12,4,0.19906583428382874,1.0,-13.315160751342773,4.715901851654053,1.0,0.6595215816050768,3836.82421875,67.03369140625,,data/instances/train/real_06.cip
mix_12_4,55,2972,2972,B,,60.0,100,0.15462365746498108,0.7374237179756165,7.616199016571045,0.050000000000000044,,,,,,,,,,,,,,,,,,,,,16,,256,224,32,1651563348,1016355128,507,0,12,4,0.2137320339679718,1.0,-14.195432662963867,4.953151226043701,1.0,0.6376356147229671,3836.82421875,67.03369140625,,data/instances/train/real_06.cip
mix_12_4,55,2973,2973,B,,60.0,100,0.03386687859892845,0.7878882884979248,1.7384954690933228,0.050000000000000044,,,,,,,,,,,,,,,,,,,,,16,,256,224,32,1645859056,1016355128,508,0,12,4,0.041032422333955765,1.0,-14.87414264678955,5.074623107910156,1.0,0.6226177234202623,3836.82421875,67.03369140625,,data/instances/train/real_06.cip
mix_12_4,55,2974,2974,B,,60.0,100,0.09356741607189178,0.5871828198432922,3.450444459915161,0.050000000000000044,,,,,,,,,,,,,,,,,,,,,16,,256,224,32,1645859056,1016355128,508,0,12,4,0.22955702245235443,1.0,-16.251094818115234,4.171553134918213,1.0,0.6496093142777681,3836.82421875,67.03369140625,,data/instances/train/real_06.cip
mix_12_4,55,2975,2975,B,,60.0,100,0.020856035873293877,0.41669511795043945,2.100083589553833,0.050000000000000044,,,,,,,,,,,,,,,,,,,,,16,,256,224,32,1645859056,1016355128,508,0,12,4,0.04779227823019028,1.0,-16.45772933959961,3.6350975036621094,1.0,0.6495221816003323,3836.82421875,67.03369140625,,data/instances/train/real_06.cip
mix_12_4,55,2976,2976,B,,60.0,100,0.01625138707458973,0.6465826630592346,1.7712076902389526,0.050000000000000044,,,,,,,,,,,,,,,,,,,,,16,,256,224,32,1645859056,1016355128,508,0,12,4,0.025613142177462578,1.0,-15.686908721923828,5.886086940765381,1.0,0.6496910825371742,3836.82421875,67.03369140625,,data/instances/train/real_06.cip
mix_12_4,55,2977,2977,B,,60.0,100,0.16660785675048828,0.7998343706130981,9.694613456726074,0.050000000000000044,,,,,,,,,,,,,,,,,,,,,16,,256,224,32,1640153248,1016355128,509,0,12,4,0.21459633111953735,1.0,-15.1134033203125,5.215803623199463,1.0,0.6265094950795174,3836.82421875,67.03369140625,,data/instances/train/real_06.cip
mix_12_4,55,2978,2978,B,,60.0,100,0.034035854041576385,1.2923884391784668,1.6361761093139648,0.050000000000000044,,,,,,,,,,,,,,,,,,,,,16,,256,224,32,1640153248,1016355128,509,0,12,4,0.02468155324459076,1.0,-14.6710844039917,4.2336225509643555,1.0,0.6419015266001225,3836.82421875,67.03369140625,,data/instances/train/real_06.cip
mix_12_4,55,2979,2979,B,,60.0,100,0.034122489392757416,0.33646222949028015,4.787322998046875,0.050000000000000044,,,,,,,,,,,,,,,,,,,,,16,,256,224,32,1640153248,1016355128,509,0,12,4,0.13272294402122498,1.0,-15.640153884887695,4.354552745819092,1.0,0.655282486230135,3836.82421875,67.03369140625,,data/instances/train/real_06.cip
mix_12_4,55,2980,2980,B,,60.0,100,0.024011671543121338,0.5769151449203491,2.352574348449707,0.050000000000000044,,,,,,,,,,,,,,,,,,,,,16,,256,224,32,1640153248,1016355128,509,0,12,4,0.0491313636302948,1.0,-13.624626159667969,4.77444314956665,1.0,0.6491547804325819,3836.82421875,67.03369140625,,data/instances/train/real_06.cip
mix_12_4,55,2981,2981,B,,60.0,100,0.02829952910542488,0.4927203953266144,4.328883647918701,0.050000000000000044,,,,,,,,,,,,,,,,,,,,,16,,256,224,32,1634338108,1016355128,510,0,12,4,0.11121749877929688,1.0,-17.080244064331055,5.596301555633545,77.0,0.6449194606393576,3836.82421875,67.03369140625,,data/instances/train/real_06.cip
mix_12_4,55,2982,2982,B,,60.0,100,0.10135899484157562,0.9833468198776245,2.883502244949341,0.050000000000000044,,,,,,,,,,,,,,,,,,,,,16,,256,224,32,1634338108,1016355128,510,0,12,4,0.10700710862874985,1.0,-15.784390449523926,4.79240083694458,77.0,0.6564136445522308,3836.82421875,67.03369140625,,data/instances/train/real_06.cip
mix_12_4,55,2983,2983,B,,60.0,100,0.0112760616466403,0.4382253885269165,1.7417418956756592,0.050000000000000044,,,,,,,,,,,,,,,,,,,,,16,,256,224,32,1634338108,1016355128,510,0,12,4,0.035887058824300766,1.0,-15.86665153503418,3.618781328201294,77.0,0.5149835087358952,3836.82421875,67.03369140625,,data/instances/train/real_06.cip
mix_12_4,55,2984,2984,B,,60.0,100,0.07320447266101837,0.5791488289833069,4.604445457458496,0.050000000000000044,,,,,,,,,,,,,,,,,,,,,16,,256,224,32,1634338108,1016355128,510,0,12,4,0.08354611694812775,1.0,-15.807640075683594,4.424234867095947,77.0,0.5083833001554012,3836.82421875,67.03369140625,,data/instances/train/real_06.cip
mix_12_4,55,2985,2985,B,,60.0,100,0.03811172768473625,0.45456475019454956,1.6873748302459717,0.050000000000000044,,,,,,,,,,,,,,,,,,,,,16,,256,224,32,1628275184,1016355128,511,0,12,4,0.08465556055307388,1.0,-16.418630599975586,3.9067766666412354,1.0,0.4626567643135786,3836.82421875,67.03369140625,,data/instances/train/real_06.cip
mix_12_4,55,2986,2986,B,,60.0,100,0.049873098731040955,0.5425928831100464,2.8846540451049805,0.050000000000000044,,,,,,,,,,,,,,,,,,,,,16,,256,224,32,1628275184,1016355128,511,0,12,4,0.08773154020309448,1.0,-15.412994384765625,4.69649076461792,1.0,0.5257720202207565,3836.82421875,67.03369140625,,data/instances/train/real_06.cip
mix_12_4,55,2987,2987,B,,60.0,100,0.033785685896873474,0.5940555334091187,2.795253276824951,0.050000000000000044,,,,,,,,,,,,,,,,,,,,,16,,256,224,32,1628275184,1016355128,511,0,12,4,0.03197438269853592,1.0,-16.42609214782715,4.557839393615723,1.0,0.6412477008998394,3836.82421875,67.03369140625,,data/instances/train/real_06.cip
mix_12_4,55,2988,2988,B,,60.0,100,0.03732582554221153,0.6930043697357178,2.9382922649383545,0.050000000000000044,,,,,,,,,,,,,,,,,,,,,16,,256,224,32,1628275184,1016355128,511,0,12,4,0.06878229230642319,1.0,-15.6320219039917,3.7653071880340576,1.0,0.6443608365952969,3836.82421875,67.03369140625,,data/instances/train/real_06.cip
mix_12_4,55,2989,2989,B,,60.0,100,0.13615025579929352,1.0422472953796387,8.692254066467285,0.050000000000000044,,,,,,,,,,,,,,,,,,,,,16,,256,224,32,1622221204,1016355128,512,0,12,4,0.096156544983387,1.0,-12.83647632598877,4.874098777770996,90.0,0.6389140971004963,3836.82421875,67.03369140625,,data/instances/train/real_06.cip
mix_12_4,55,2990,2990,B,,60.0,100,0.06276987493038177,0.9454439282417297,4.230851650238037,0.050000000000000044,,,,,,,,,,,,,,,,,,,,,16,,256,224,32,1622221204,1016355128,512,0,12,4,0.04300075024366379,1.0,-14.139683723449707,4.044132232666016,90.0,0.6437687519937754,3836.82421875,67.03369140625,,data/instances/train/real_06.cip
mix_12_4,55,2991,2991,B,,60.0,100,0.07228110730648041,0.6321526169776917,7.301809310913086,0.050000000000000044,,,,,,,,,,,,,,,,,,,,,16,,256,224,32,1622221204,1016355128,512,0,12,4,0.02714165300130844,1.0,-17.023527145385742,4.761167526245117,90.0,0.6356958094984293,3836.82421875,67.03369140625,,data/instances/train/real_06.cip
mix_12_4,55,2992,2992,B,,60.0,100,0.08985539525747299,0.602813184261322,11.376002311706543,0.050000000000000044,,,,,,,,,,,,,,,,,,,,,16,,256,224,32,1622221204,1016355128,512,0,12,4,0.1632213592529297,1.0,-16.81061553955078,3.716649055480957,90.0,0.6349809486418962,3836.82421875,67.03369140625,,data/instances/train/real_06.cip
mix_12_4,55,2993,2993,B,,60.0,100,0.052085183560848236,0.5664381980895996,1.0614380836486816,0.050000000000000044,,,,,,,,,,,,,,,,,,,,,16,,256,224,32,1616288924,1016355128,513,0,12,4,0.12816613912582397,1.0,-16.403430938720703,4.7463555335998535,1.0,0.6265723370015621,3836.82421875,67.03369140625,,data/instances/train/real_06.cip
mix_12_4,55,2994,2994,B,,60.0,100,0.0829150378704071,0.8615193367004395,7.7554450035095215,0.050000000000000044,,,,,,,,,,,,,,,,,,,,,16,,256,224,32,1616288924,1016355128,513,0,12,4,0.09893835335969925,1.0,-15.505356788635254,3.0214412212371826,1.0,0.6633959412574768,3836.82421875,67.03369140625,,data/instances/train/real_06.cip
mix_12_4,55,2995,2995,B,,60.0,100,0.07159871608018875,0.4451076090335846,7.194807052612305,0.050000000000000044,,,,,,,,,,,,,,,,,,,,,16,,256,224,32,1616288924,1016355128,513,0,12,4,0.21478968858718872,1.0,-15.397857666015625,4.666339874267578,1.0,0.6561943776905537,3836.82421875,67.03369140625,,data/instances/train/real_06.cip
mix_12_4,55,2996,2996,B,,60.0,100,0.022775541990995407,0.4718390107154846,2.522439956665039,0.050000000000000044,,,,,,,,,,,,,,,,,,,,,16,,256,224,32,1616288924,1016355128,513,0,12,4,0.0514189787209034,1.0,-16.909564971923828,3.7296335697174072,1.0,0.665658500045538,3836.82421875,67.03369140625,,data/instances/train/real_06.cip
mix_12_4,55,2997,2997,B,,60.0,100,0.027449393644928932,0.4308761954307556,0.9781416654586792,0.050000000000000044,,,,,,,,,,,,,,,,,,,,,16,,256,224,32,1609861228,1016355128,514,0,12,4,0.03507820889353752,1.0,-16.878631591796875,3.691826581954956,1.0,0.6562418639659882,3836.82421875,67.03369140625,,data/instances/train/real_06.cip
mix_12_4,55,2998,2998,B,,60.0,100,0.06385871767997742,0.5408986210823059,6.723598003387451,0.050000000000000044,,,,,,,,,,,,,,,,,,,,,16,,256,224,32,1609861228,1016355128,514,0,12,4,0.11771734058856964,1.0,-16.324386596679688,4.357353210449219,1.0,0.643647588789463,3836.82421875,67.03369140625,,data/instances/train/real_06.cip
mix_12_4,55,2999,2999,B,,60.0,100,0.08526399731636047,0.6492745876312256,9.672009468078613,0.050000000000000044,,,,,,,,,,,,,,,,,,,,,16,,256,224,32,1609861228,1016355128,514,0,12,4,0.11871542781591415,1.0,-17.254127502441406,4.289958477020264,1.0,0.6512149553745985,3836.82421875,67.03369140625,,data/instances/train/real_06.cip
mix_12_4,55,3000,3000,B,,60.0,100,0.04216596484184265,0.5342958569526672,4.651408672332764,0.050000000000000044,,,,,,,,,,,,,,,,,,,,,16,,256,224,32,1609861228,1016355128,514,0,12,4,0.10875368118286133,1.0,-14.577937126159668,5.108605861663818,1.0,0.6492668241262436,3836.82421875,67.03369140625,,data/instances/train/real_06.cip
episode,55,3000,3000,B,,60.0,100,0.04216596484184265,0.5342958569526672,4.651408672332764,0.050000000000000044,-10.014800000000001,-10.0,-0.0148,-10.014800000000001,True,11,43.117503,,,,,,,,inf,0.00034278729130671063,120.0,12.237339,0.0,7846,16,False,256,224,32,1599023536,1016355128,516,0,12,4,,,,,35.0,,3836.82421875,67.03369140625,unknown,data/instances/train/real_06.cip
